province,provinceCode,city,link
Acre,AC,Rio Branco,Abrahao Alab
Acre,AC,Rio Branco,Adalberto Aragao
Acre,AC,Rio Branco,Aeroporto Velho
Acre,AC,Rio Branco,Alegria
Acre,AC,Rio Branco,Areal
Acre,AC,Rio Branco,Aviario
Acre,AC,Rio Branco,Bahia
Acre,AC,Rio Branco,Bahia Nova
Acre,AC,Rio Branco,Baixa da Colina
Acre,AC,Rio Branco,Base
Acre,AC,Rio Branco,Bosque
Acre,AC,Rio Branco,Cadeia Nova
Acre,AC,Rio Branco,Cadeia Velha
Acre,AC,Rio Branco,Capoeira
Acre,AC,Rio Branco,Centro
Acre,AC,Rio Branco,Ceramica
Acre,AC,Rio Branco,Chacara Ipe
Acre,AC,Rio Branco,Conquista
Acre,AC,Rio Branco,Corrente
Acre,AC,Rio Branco,Distrito Industrial
Acre,AC,Rio Branco,Esperanca
Acre,AC,Rio Branco,Estacao Experimental
Acre,AC,Rio Branco,Floresta
Acre,AC,Rio Branco,Ipase
Acre,AC,Rio Branco,Ivete Vargas
Acre,AC,Rio Branco,Izaura Parente
Acre,AC,Rio Branco,Jardim de Alah
Acre,AC,Rio Branco,Jardim Europa
Acre,AC,Rio Branco,Jose Augusto
Acre,AC,Rio Branco,Jose Eduardo
Acre,AC,Rio Branco,Manoel Juliao
Acre,AC,Rio Branco,Mascarenhas de Moraes
Acre,AC,Rio Branco,Morada do Sol
Acre,AC,Rio Branco,Nova Estacao
Acre,AC,Rio Branco,Novo Horizonte
Acre,AC,Rio Branco,Palheiral
Acre,AC,Rio Branco,Papouco
Acre,AC,Rio Branco,Placas
Acre,AC,Rio Branco,Placido de Castro
Acre,AC,Rio Branco,Preventorio
Acre,AC,Rio Branco,Primavera
Acre,AC,Rio Branco,Quinze
Acre,AC,Rio Branco,Santa Quiteria
Acre,AC,Rio Branco,Sao Francisco
Acre,AC,Rio Branco,Seis de Agosto
Acre,AC,Rio Branco,Sobral
Acre,AC,Rio Branco,Tancredo Neves
Acre,AC,Rio Branco,Taquari
Acre,AC,Rio Branco,Terminal Cadeia Velha
Acre,AC,Rio Branco,Triangulo
Acre,AC,Rio Branco,Tropical
Acre,AC,Rio Branco,Vila Acre
Acre,AC,Rio Branco,Vila Ivonete
Alagoas,AL,Arapiraca,Alto do Cruzeiro
Alagoas,AL,Arapiraca,Baixa Grande
Alagoas,AL,Arapiraca,Baixao
Alagoas,AL,Arapiraca,Boa Vista
Alagoas,AL,Arapiraca,Brasilia
Alagoas,AL,Arapiraca,Brasiliana
Alagoas,AL,Arapiraca,Cacimbas
Alagoas,AL,Arapiraca,Caititus
Alagoas,AL,Arapiraca,Canafistula
Alagoas,AL,Arapiraca,Capiata
Alagoas,AL,Arapiraca,Cavaco
Alagoas,AL,Arapiraca,Centro
Alagoas,AL,Arapiraca,Eldorado
Alagoas,AL,Arapiraca,Guaribas
Alagoas,AL,Arapiraca,Itapoa
Alagoas,AL,Arapiraca,Jardim Esperanca
Alagoas,AL,Arapiraca,Jardim Tropical
Alagoas,AL,Arapiraca,Manoel Teles
Alagoas,AL,Arapiraca,Nova Esperanca
Alagoas,AL,Arapiraca,Novo Horizonte
Alagoas,AL,Arapiraca,Olho D'agua dos Cazuzinhos
Alagoas,AL,Arapiraca,Ouro Preto
Alagoas,AL,Arapiraca,Planalto
Alagoas,AL,Arapiraca,Poco Frio
Alagoas,AL,Arapiraca,Primavera
Alagoas,AL,Arapiraca,Rosa Cruz
Alagoas,AL,Arapiraca,Santa Esmeralda
Alagoas,AL,Arapiraca,Sao Luiz
Alagoas,AL,Arapiraca,Senador Arnon de Melo
Alagoas,AL,Arapiraca,Senador Teotonio Vilela
Alagoas,AL,Arapiraca,Verdes Campos
Alagoas,AL,Maceio,Alberto Santos Dumont
Alagoas,AL,Maceio,Barro Duro
Alagoas,AL,Maceio,Bebedouro
Alagoas,AL,Maceio,Bela Vista
Alagoas,AL,Maceio,Bom Parto
Alagoas,AL,Maceio,Canaa
Alagoas,AL,Maceio,Centro
Alagoas,AL,Maceio,Cha da Jaqueira
Alagoas,AL,Maceio,Cruz das Almas
Alagoas,AL,Maceio,Farol
Alagoas,AL,Maceio,Feitosa
Alagoas,AL,Maceio,Fernao Velho
Alagoas,AL,Maceio,Floriano Peixoto
Alagoas,AL,Maceio,Gruta de Lourdes
Alagoas,AL,Maceio,Jacarecica
Alagoas,AL,Maceio,Jacintinho
Alagoas,AL,Maceio,Jaragua
Alagoas,AL,Maceio,Jatiuca
Alagoas,AL,Maceio,Levada
Alagoas,AL,Maceio,Mangabeiras
Alagoas,AL,Maceio,Mutange
Alagoas,AL,Maceio,Ouro Preto
Alagoas,AL,Maceio,Pajucara
Alagoas,AL,Maceio,Pinheiro
Alagoas,AL,Maceio,Pitanguinha
Alagoas,AL,Maceio,Poco
Alagoas,AL,Maceio,Ponta da Terra
Alagoas,AL,Maceio,Ponta Grossa
Alagoas,AL,Maceio,Ponta Verde
Alagoas,AL,Maceio,Pontal da Barra
Alagoas,AL,Maceio,Prado
Alagoas,AL,Maceio,Riacho Doce
Alagoas,AL,Maceio,Rio Novo
Alagoas,AL,Maceio,Saude
Alagoas,AL,Maceio,Serraria
Alagoas,AL,Maceio,Tabuleiro dos Martins
Alagoas,AL,Maceio,Trapiche da Barra
Alagoas,AL,Maceio,Vergel do Lago
Alagoas,AL,Palmeira dos Indios,Alto do Cruzeiro
Alagoas,AL,Palmeira dos Indios,Centro
Alagoas,AL,Palmeira dos Indios,Eucaliptos
Alagoas,AL,Palmeira dos Indios,Jardim Brasil
Alagoas,AL,Palmeira dos Indios,Juca Sampaio
Alagoas,AL,Palmeira dos Indios,Palmeira de Fora
Alagoas,AL,Palmeira dos Indios,Paraiso
Alagoas,AL,Palmeira dos Indios,Ribeira
Alagoas,AL,Palmeira dos Indios,Sao Cristovao
Alagoas,AL,Palmeira dos Indios,Sao Franciscos
Alagoas,AL,Palmeira dos Indios,Tenorio Cavalcante
Alagoas,AL,Palmeira dos Indios,Vila Joao XXIII
Alagoas,AL,Palmeira dos Indios,Vila Maria
Alagoas,AL,Palmeira dos Indios,Vila Nova
Amapá,AP,Macapa,Alvorada
Amapá,AP,Macapa,Beirol
Amapá,AP,Macapa,Buritizal
Amapá,AP,Macapa,Central
Amapá,AP,Macapa,Congos
Amapá,AP,Macapa,Jardim Equatorial
Amapá,AP,Macapa,Jardim Felicidade
Amapá,AP,Macapa,Jardim Marco Zero
Amapá,AP,Macapa,Jesus de Nazare
Amapá,AP,Macapa,Laguinho
Amapá,AP,Macapa,Muca
Amapá,AP,Macapa,Nova Esperanca
Amapá,AP,Macapa,Pacoval
Amapá,AP,Macapa,Perpetuo Socorro
Amapá,AP,Macapa,Santa Ines
Amapá,AP,Macapa,Santa Rita
Amapá,AP,Macapa,Sao Lazaro
Amapá,AP,Macapa,Trem
Amazonas,AM,Manaus,Adrianopolis
Amazonas,AM,Manaus,Aleixo
Amazonas,AM,Manaus,Alvorada
Amazonas,AM,Manaus,Aparecida
Amazonas,AM,Manaus,Betania
Amazonas,AM,Manaus,Cachoeirinha
Amazonas,AM,Manaus,Centro
Amazonas,AM,Manaus,Chapada
Amazonas,AM,Manaus,Cidade Nova
Amazonas,AM,Manaus,Colonia Oliveira Machado
Amazonas,AM,Manaus,Compensa
Amazonas,AM,Manaus,Coroado
Amazonas,AM,Manaus,Distrito Industrial
Amazonas,AM,Manaus,Dom Pedro
Amazonas,AM,Manaus,Educandos
Amazonas,AM,Manaus,Flores
Amazonas,AM,Manaus,Gloria
Amazonas,AM,Manaus,Japiim
Amazonas,AM,Manaus,Lirio do Vale
Amazonas,AM,Manaus,Mauazinho
Amazonas,AM,Manaus,Morro da Liberdade
Amazonas,AM,Manaus,Nossa Senhora das Gracas
Amazonas,AM,Manaus,Nova Esperanca
Amazonas,AM,Manaus,Parque 10 de Novembro
Amazonas,AM,Manaus,Paz
Amazonas,AM,Manaus,Petropolis
Amazonas,AM,Manaus,Planalto
Amazonas,AM,Manaus,Ponta Negra
Amazonas,AM,Manaus,Praca 14 de Janeiro
Amazonas,AM,Manaus,Presidente Vargas
Amazonas,AM,Manaus,Raiz
Amazonas,AM,Manaus,Redencao
Amazonas,AM,Manaus,Santa Luzia
Amazonas,AM,Manaus,Santo Agostinho
Amazonas,AM,Manaus,Santo Antonio
Amazonas,AM,Manaus,Sao Francisco
Amazonas,AM,Manaus,Sao Geraldo
Amazonas,AM,Manaus,Sao Jorge
Amazonas,AM,Manaus,Sao Jose Operario
Amazonas,AM,Manaus,Sao Lazaro
Amazonas,AM,Manaus,Sao Raimundo
Amazonas,AM,Manaus,Vila da Prata
Amazonas,AM,Parintins,Centro
Amazonas,AM,Parintins,Djard Vieira
Amazonas,AM,Parintins,Emilio Moreira
Amazonas,AM,Parintins,Jose Esteves
Amazonas,AM,Parintins,Palmares
Amazonas,AM,Parintins,Santa Clara
Amazonas,AM,Parintins,Santa Rita de Cassia
Amazonas,AM,Parintins,Sao Benedito
Amazonas,AM,Parintins,Sao Francisco de Assis
Amazonas,AM,Parintins,Sao Jose
Amazonas,AM,Parintins,Sao Vicente
Bahia,BA,Alagoinhas,Alagoinhas Velha
Bahia,BA,Alagoinhas,Barreiro
Bahia,BA,Alagoinhas,Catu
Bahia,BA,Alagoinhas,Centro
Bahia,BA,Alagoinhas,Dois de Julho
Bahia,BA,Alagoinhas,Jardim Pedro Braga
Bahia,BA,Alagoinhas,Jardim Petrolar
Bahia,BA,Alagoinhas,Juracy Magalhaes
Bahia,BA,Alagoinhas,Kennedy
Bahia,BA,Alagoinhas,Mangalo
Bahia,BA,Alagoinhas,Parque Alagoinhas
Bahia,BA,Alagoinhas,Parque Vitoria
Bahia,BA,Alagoinhas,Santa Isabel
Bahia,BA,Alagoinhas,Santa Terezinha
Bahia,BA,Alagoinhas,Silva Jardim
Bahia,BA,Alagoinhas,Teresopolis
Bahia,BA,Barreiras,Boa Vista
Bahia,BA,Barreiras,Buriti
Bahia,BA,Barreiras,Centro
Bahia,BA,Barreiras,Flamengo
Bahia,BA,Barreiras,Juri
Bahia,BA,Barreiras,Morada Nobre
Bahia,BA,Barreiras,Nova Barreira
Bahia,BA,Barreiras,Novo Horizonte
Bahia,BA,Barreiras,Ouro Branco
Bahia,BA,Barreiras,Parque Santa Lucia
Bahia,BA,Barreiras,Primavera
Bahia,BA,Barreiras,Renato Goncalves
Bahia,BA,Barreiras,Rio Grande
Bahia,BA,Barreiras,Sandra Regina
Bahia,BA,Barreiras,Sao Miguel
Bahia,BA,Barreiras,Sao Pedr0
Bahia,BA,Barreiras,Vila Amorim
Bahia,BA,Barreiras,Vila Brasil
Bahia,BA,Barreiras,Vila Doce
Bahia,BA,Barreiras,Vila Funcionarios
Bahia,BA,Barreiras,Vila Nova
Bahia,BA,Barreiras,Vila Regina
Bahia,BA,Barreiras,Vila Rica
Bahia,BA,Barreiras,Vila Sas
Bahia,BA,Barreiras,Vila Soldados
Bahia,BA,Camacari,Alto da Cruz
Bahia,BA,Camacari,Bairro dos 46
Bahia,BA,Camacari,Bomba
Bahia,BA,Camacari,Camacari de Dentro
Bahia,BA,Camacari,Centro
Bahia,BA,Camacari,Dois de Julho
Bahia,BA,Camacari,Ficam
Bahia,BA,Camacari,Gleba A
Bahia,BA,Camacari,Gleba B
Bahia,BA,Camacari,Gleba C
Bahia,BA,Camacari,Gleba e
Bahia,BA,Camacari,Gravata
Bahia,BA,Camacari,Inocoop
Bahia,BA,Camacari,Lama Preta
Bahia,BA,Camacari,Limoeiro
Bahia,BA,Camacari,Mangueiral
Bahia,BA,Camacari,Novo Horizonte
Bahia,BA,Camacari,Parque Florestal
Bahia,BA,Camacari,Parque Satelite
Bahia,BA,Camacari,Parque Verde
Bahia,BA,Camacari,Phoc I
Bahia,BA,Camacari,Phoc II
Bahia,BA,Camacari,Phoc III
Bahia,BA,Camacari,Piacaveira
Bahia,BA,Camacari,Polo Petroquimico
Bahia,BA,Camacari,Ponto Certo
Bahia,BA,Camacari,Setor Industrial Urbano
Bahia,BA,Camacari,Triangulo
Bahia,BA,Camacari,Vera Cruz
Bahia,BA,Camacari,Verdes Horizontes
Bahia,BA,Candeias,Areia
Bahia,BA,Candeias,Centro
Bahia,BA,Candeias,Malemba
Bahia,BA,Candeias,Nova Brasilia
Bahia,BA,Candeias,Nova Candeias
Bahia,BA,Candeias,Pitanga
Bahia,BA,Candeias,Santo Antonio
Bahia,BA,Candeias,Sarandy
Bahia,BA,Candeias,Triangulo
Bahia,BA,Candeias,Urbis I
Bahia,BA,Candeias,Urbis II
Bahia,BA,Eunapolis,Cajueiro
Bahia,BA,Eunapolis,Centauro Oeste
Bahia,BA,Eunapolis,Centro
Bahia,BA,Eunapolis,Doutor Gusmao
Bahia,BA,Eunapolis,Industrial
Bahia,BA,Eunapolis,Itapua
Bahia,BA,Eunapolis,Juca Rosa
Bahia,BA,Eunapolis,Minas Gerais
Bahia,BA,Eunapolis,Moises Reis
Bahia,BA,Eunapolis,Pequi
Bahia,BA,Eunapolis,Rosa Neto
Bahia,BA,Eunapolis,Santa Isabel
Bahia,BA,Eunapolis,Santa Lucia
Bahia,BA,Eunapolis,Sapucaeira
Bahia,BA,Eunapolis,Trancoso
Bahia,BA,Eunapolis,Urbis I
Bahia,BA,Eunapolis,Vivendas Costa Azul
Bahia,BA,Feira de Santana,Baraunas
Bahia,BA,Feira de Santana,Barro Vermelho
Bahia,BA,Feira de Santana,Brasilia
Bahia,BA,Feira de Santana,Campo do Gado
Bahia,BA,Feira de Santana,Campo Limpo
Bahia,BA,Feira de Santana,Capuchinhos
Bahia,BA,Feira de Santana,Caseb
Bahia,BA,Feira de Santana,Centro
Bahia,BA,Feira de Santana,Centro Industrial Subae
Bahia,BA,Feira de Santana,Chacara Sao Cosme
Bahia,BA,Feira de Santana,Cidade Nova
Bahia,BA,Feira de Santana,Conceicao
Bahia,BA,Feira de Santana,Coronel Jose Pinto
Bahia,BA,Feira de Santana,Dner
Bahia,BA,Feira de Santana,Estacao Nova
Bahia,BA,Feira de Santana,Eucalipto
Bahia,BA,Feira de Santana,Jardim Acacia
Bahia,BA,Feira de Santana,Jardim Cruzeiro
Bahia,BA,Feira de Santana,Kalilandia
Bahia,BA,Feira de Santana,Lagoa Grande
Bahia,BA,Feira de Santana,Mangabeira
Bahia,BA,Feira de Santana,Muchila I
Bahia,BA,Feira de Santana,Olhos D Agua
Bahia,BA,Feira de Santana,Pampalona
Bahia,BA,Feira de Santana,Parque Asa Branca
Bahia,BA,Feira de Santana,Parque Ipe
Bahia,BA,Feira de Santana,Pilao
Bahia,BA,Feira de Santana,Ponto Central
Bahia,BA,Feira de Santana,Presidente Getulio Vargas
Bahia,BA,Feira de Santana,Queimadinha
Bahia,BA,Feira de Santana,Rua Nova
Bahia,BA,Feira de Santana,Santa Monica
Bahia,BA,Feira de Santana,Serraria Brasil
Bahia,BA,Feira de Santana,Sim
Bahia,BA,Feira de Santana,Sitio Novo
Bahia,BA,Feira de Santana,Sobradinho
Bahia,BA,Feira de Santana,Tanque da Nacao
Bahia,BA,Feira de Santana,Tanque do Urubu
Bahia,BA,Feira de Santana,Tomba
Bahia,BA,Feira de Santana,Vila Gabriela
Bahia,BA,Feira de Santana,Vila Subae
Bahia,BA,Ilheus,Baixa Fria
Bahia,BA,Ilheus,Barra
Bahia,BA,Ilheus,Barreira
Bahia,BA,Ilheus,Basilio
Bahia,BA,Ilheus,Boa Vista
Bahia,BA,Ilheus,Centro
Bahia,BA,Ilheus,Cidade Nova
Bahia,BA,Ilheus,Conquista
Bahia,BA,Ilheus,Esperanca
Bahia,BA,Ilheus,Favela
Bahia,BA,Ilheus,Iguape
Bahia,BA,Ilheus,Jardim Atlantico
Bahia,BA,Ilheus,Jardim Savoia
Bahia,BA,Ilheus,Malhado
Bahia,BA,Ilheus,Morada do Pontal
Bahia,BA,Ilheus,Nelson Costa
Bahia,BA,Ilheus,Pontal
Bahia,BA,Ilheus,Princesa Isabel
Bahia,BA,Ilheus,Santo Antonio de Padua
Bahia,BA,Ilheus,Sao Francisco
Bahia,BA,Ilheus,Sao Sebastiao
Bahia,BA,Ilheus,Tapera
Bahia,BA,Ilheus,Teotonio Vilela
Bahia,BA,Ilheus,Urbis
Bahia,BA,Ilheus,Vila Nazare
Bahia,BA,Itabuna,Alto dos Canecos
Bahia,BA,Itabuna,Alto Mirante
Bahia,BA,Itabuna,Antique
Bahia,BA,Itabuna,Banco Raso
Bahia,BA,Itabuna,Caixa D'agua
Bahia,BA,Itabuna,California
Bahia,BA,Itabuna,Castalia
Bahia,BA,Itabuna,Centro
Bahia,BA,Itabuna,Centro Comercial
Bahia,BA,Itabuna,Conceicao
Bahia,BA,Itabuna,Daniel Gomes
Bahia,BA,Itabuna,Duque de Caxias
Bahia,BA,Itabuna,Fatima
Bahia,BA,Itabuna,Fonseca
Bahia,BA,Itabuna,Goes Calmon
Bahia,BA,Itabuna,Jacana
Bahia,BA,Itabuna,Jardim Primavera
Bahia,BA,Itabuna,Jardim Vitoria
Bahia,BA,Itabuna,Joao Soares
Bahia,BA,Itabuna,Lomanto
Bahia,BA,Itabuna,Mangabinha
Bahia,BA,Itabuna,Maria Pinheiro
Bahia,BA,Itabuna,Monte Cristo
Bahia,BA,Itabuna,Nova California
Bahia,BA,Itabuna,Nova Itabuna
Bahia,BA,Itabuna,Novo Fonseca
Bahia,BA,Itabuna,Osvaldo Cruz
Bahia,BA,Itabuna,Paraiso
Bahia,BA,Itabuna,Parque Boa Vista
Bahia,BA,Itabuna,Parque Santa Clara
Bahia,BA,Itabuna,Parque Verde
Bahia,BA,Itabuna,Pedro Geronimo
Bahia,BA,Itabuna,Pomar do Rio
Bahia,BA,Itabuna,Santa Catarina
Bahia,BA,Itabuna,Santa Ines
Bahia,BA,Itabuna,Santo Antonio
Bahia,BA,Itabuna,Sao Caetano
Bahia,BA,Itabuna,Sao Judas Tadeu
Bahia,BA,Itabuna,Sao Pedro
Bahia,BA,Itabuna,Sarinha Alcantara
Bahia,BA,Itabuna,Urbis
Bahia,BA,Itabuna,Vale do Sol
Bahia,BA,Itabuna,Vila Analia
Bahia,BA,Itabuna,Vitoria Loup Soares
Bahia,BA,Itabuna,Zizo
Bahia,BA,Jequie,Alto do Cemiterio
Bahia,BA,Jequie,Amaralina
Bahia,BA,Jequie,Baixa do Bonfim
Bahia,BA,Jequie,Barro Preto
Bahia,BA,Jequie,Caixa D'agua
Bahia,BA,Jequie,Campo do America
Bahia,BA,Jequie,Cansancao
Bahia,BA,Jequie,Centro
Bahia,BA,Jequie,Chacara Alvorada
Bahia,BA,Jequie,Chacara Borda da Mata
Bahia,BA,Jequie,Cidade Nova
Bahia,BA,Jequie,Curral Novo
Bahia,BA,Jequie,Jequiezinho
Bahia,BA,Jequie,Joaquim Romao
Bahia,BA,Jequie,Km-3
Bahia,BA,Jequie,Km-4
Bahia,BA,Jequie,Mandacaru
Bahia,BA,Jequie,Parque da Colina
Bahia,BA,Jequie,Sao Jose
Bahia,BA,Jequie,Sao Luis
Bahia,BA,Juazeiro,Alto da Alianca
Bahia,BA,Juazeiro,Alto da Maravilha
Bahia,BA,Juazeiro,Alto do Alencar
Bahia,BA,Juazeiro,Alto do Cruzeiro
Bahia,BA,Juazeiro,Argemiro
Bahia,BA,Juazeiro,Cajueiro
Bahia,BA,Juazeiro,Castelo Branco
Bahia,BA,Juazeiro,Centenario
Bahia,BA,Juazeiro,Centro
Bahia,BA,Juazeiro,Coreia
Bahia,BA,Juazeiro,Country Club
Bahia,BA,Juazeiro,Dom Jose Rodrigues
Bahia,BA,Juazeiro,Dom Tomaz
Bahia,BA,Juazeiro,Itaberaba
Bahia,BA,Juazeiro,Jardim Novo Encontro
Bahia,BA,Juazeiro,Jardim Sao Paulo
Bahia,BA,Juazeiro,Jardim Vitoria
Bahia,BA,Juazeiro,Joao Paulo II
Bahia,BA,Juazeiro,Joao XXIII
Bahia,BA,Juazeiro,Juazeiro Velho
Bahia,BA,Juazeiro,Lomanto Junior
Bahia,BA,Juazeiro,Malhada da Areia
Bahia,BA,Juazeiro,Maringa
Bahia,BA,Juazeiro,Matatu
Bahia,BA,Juazeiro,Nossa Senhora da Penha
Bahia,BA,Juazeiro,Padre Vicente
Bahia,BA,Juazeiro,Pedra do Lord
Bahia,BA,Juazeiro,Piranga
Bahia,BA,Juazeiro,Piranga II
Bahia,BA,Juazeiro,Quide
Bahia,BA,Juazeiro,Santo Antonio
Bahia,BA,Juazeiro,Sao Geraldo
Bahia,BA,Juazeiro,Tabuleiro
Bahia,BA,Juazeiro,Tancredo Neves
Bahia,BA,Juazeiro,Vila Tiradentes
Bahia,BA,Paulo Afonso,Abel Barbosa
Bahia,BA,Paulo Afonso,Bnh
Bahia,BA,Paulo Afonso,Caminho dos Lagos
Bahia,BA,Paulo Afonso,Centenario
Bahia,BA,Paulo Afonso,Centro
Bahia,BA,Paulo Afonso,Cetenco
Bahia,BA,Paulo Afonso,Chesf
Bahia,BA,Paulo Afonso,Cleriston Andrade
Bahia,BA,Paulo Afonso,General Dutra
Bahia,BA,Paulo Afonso,Jardim Bahia
Bahia,BA,Paulo Afonso,Oliveira Lopes
Bahia,BA,Paulo Afonso,Panorama
Bahia,BA,Paulo Afonso,Perpetuo Socorro
Bahia,BA,Paulo Afonso,Tancredo Neves I
Bahia,BA,Paulo Afonso,Tancredo Neves II
Bahia,BA,Paulo Afonso,Tancredo Neves III
Bahia,BA,Paulo Afonso,Vila Nobre
Bahia,BA,Paulo Afonso,Vila Poty
Bahia,BA,Paulo Afonso,Vila Sao Francisco
Bahia,BA,Salvador,Acupe
Bahia,BA,Salvador,Amaralina
Bahia,BA,Salvador,Armacao
Bahia,BA,Salvador,Arraial do Retiro
Bahia,BA,Salvador,Baixa dos Sapateiros
Bahia,BA,Salvador,Barbalho
Bahia,BA,Salvador,Barra
Bahia,BA,Salvador,Barra Avenida
Bahia,BA,Salvador,Barreiras
Bahia,BA,Salvador,Barris
Bahia,BA,Salvador,Barroquinha
Bahia,BA,Salvador,Boa Viagem
Bahia,BA,Salvador,Boa Vista de Brotas
Bahia,BA,Salvador,Boca do Rio
Bahia,BA,Salvador,Bonfim
Bahia,BA,Salvador,Brotas
Bahia,BA,Salvador,Caixa D'agua
Bahia,BA,Salvador,Calabar
Bahia,BA,Salvador,Calcada
Bahia,BA,Salvador,Caminho das Arvores
Bahia,BA,Salvador,Campinas
Bahia,BA,Salvador,Campo Grande
Bahia,BA,Salvador,Canela
Bahia,BA,Salvador,Capelinha
Bahia,BA,Salvador,Castro Neves
Bahia,BA,Salvador,Centro
Bahia,BA,Salvador,Chame-chame
Bahia,BA,Salvador,Cidade Nova
Bahia,BA,Salvador,Comercio
Bahia,BA,Salvador,Cosme de Farias
Bahia,BA,Salvador,Costa Azul
Bahia,BA,Salvador,Coutos
Bahia,BA,Salvador,Dois de Julho
Bahia,BA,Salvador,Dom Avelar
Bahia,BA,Salvador,Engenho Velho de Brotas
Bahia,BA,Salvador,Engenho Velho de Federacao
Bahia,BA,Salvador,Engomadeira
Bahia,BA,Salvador,Escada
Bahia,BA,Salvador,Fazenda Grande do Retiro
Bahia,BA,Salvador,Federacao
Bahia,BA,Salvador,Garcia
Bahia,BA,Salvador,Graca
Bahia,BA,Salvador,Guarani
Bahia,BA,Salvador,Guilherme Marback
Bahia,BA,Salvador,Iapi
Bahia,BA,Salvador,Iguatemi
Bahia,BA,Salvador,Itacaranha
Bahia,BA,Salvador,Itaigara
Bahia,BA,Salvador,Itapua
Bahia,BA,Salvador,Jaqueira do Carneiro
Bahia,BA,Salvador,Jardim Apipema
Bahia,BA,Salvador,Jardim Cruzeiro
Bahia,BA,Salvador,Jardim Eldorado
Bahia,BA,Salvador,Jardim Santa Monica
Bahia,BA,Salvador,Lapinha
Bahia,BA,Salvador,Largo do Tanque
Bahia,BA,Salvador,Liberdade
Bahia,BA,Salvador,Lobato
Bahia,BA,Salvador,Luis Anselmo
Bahia,BA,Salvador,Macaubas
Bahia,BA,Salvador,Machado
Bahia,BA,Salvador,Marechal Rondon
Bahia,BA,Salvador,Mares
Bahia,BA,Salvador,Massaranduba
Bahia,BA,Salvador,Mata Escura
Bahia,BA,Salvador,Matatu
Bahia,BA,Salvador,Monte Serrat
Bahia,BA,Salvador,Nazare
Bahia,BA,Salvador,Nordeste
Bahia,BA,Salvador,Ondina
Bahia,BA,Salvador,Paripe
Bahia,BA,Salvador,Parque Cruz de Aguiar
Bahia,BA,Salvador,Patamares
Bahia,BA,Salvador,Pau da Lima
Bahia,BA,Salvador,Pau Miudo
Bahia,BA,Salvador,Pelourinho
Bahia,BA,Salvador,Periperi
Bahia,BA,Salvador,Pernambues
Bahia,BA,Salvador,Pero Vaz
Bahia,BA,Salvador,Piata
Bahia,BA,Salvador,Piraja
Bahia,BA,Salvador,Pitangueiras
Bahia,BA,Salvador,Pituacu
Bahia,BA,Salvador,Pituba
Bahia,BA,Salvador,Plataforma
Bahia,BA,Salvador,Praia Grande
Bahia,BA,Salvador,Queimadinho
Bahia,BA,Salvador,Quintas
Bahia,BA,Salvador,Ribeira
Bahia,BA,Salvador,Rio Vermelho
Bahia,BA,Salvador,Roma
Bahia,BA,Salvador,San Martin
Bahia,BA,Salvador,Santa Cruz
Bahia,BA,Salvador,Santo Agostinho
Bahia,BA,Salvador,Santo Antonio
Bahia,BA,Salvador,Sao Caetano
Bahia,BA,Salvador,Sao Cristovao
Bahia,BA,Salvador,Sao Goncalo
Bahia,BA,Salvador,Sao Marcos
Bahia,BA,Salvador,Sao Pedro
Bahia,BA,Salvador,Sao Tome
Bahia,BA,Salvador,Saude
Bahia,BA,Salvador,Sete de Abril
Bahia,BA,Salvador,Stiep
Bahia,BA,Salvador,Sussuarana
Bahia,BA,Salvador,Tancredo Neves
Bahia,BA,Salvador,Tororo
Bahia,BA,Salvador,Uruguai
Bahia,BA,Salvador,Vasco da Gama
Bahia,BA,Salvador,Vila Canaria
Bahia,BA,Salvador,Vila Laura
Bahia,BA,Salvador,Vila Matos
Bahia,BA,Salvador,Vila Rui Barbosa
Bahia,BA,Salvador,Vitoria
Bahia,BA,Santo Antonio de Jesus,Amparo
Bahia,BA,Santo Antonio de Jesus,Andaia
Bahia,BA,Santo Antonio de Jesus,Cajueiro
Bahia,BA,Santo Antonio de Jesus,Centro
Bahia,BA,Santo Antonio de Jesus,Ernesto Melo
Bahia,BA,Santo Antonio de Jesus,Jardim Brasil
Bahia,BA,Santo Antonio de Jesus,Jardim das Arvores
Bahia,BA,Santo Antonio de Jesus,Maria Preta
Bahia,BA,Santo Antonio de Jesus,Nossa Senhora das Gracas
Bahia,BA,Santo Antonio de Jesus,Santa Rita
Bahia,BA,Santo Antonio de Jesus,Santa Terezinha
Bahia,BA,Santo Antonio de Jesus,Sao Benedito
Bahia,BA,Santo Antonio de Jesus,Sao Paulo
Bahia,BA,Santo Antonio de Jesus,Sobradinho
Bahia,BA,Santo Antonio de Jesus,Urbis II
Bahia,BA,Teixeira de Freitas,Alagoas
Bahia,BA,Teixeira de Freitas,Arco Verde
Bahia,BA,Teixeira de Freitas,Bela Vista
Bahia,BA,Teixeira de Freitas,Bela Vista II
Bahia,BA,Teixeira de Freitas,Bom Jesus
Bahia,BA,Teixeira de Freitas,Castelinho
Bahia,BA,Teixeira de Freitas,Centro
Bahia,BA,Teixeira de Freitas,Colina Verde
Bahia,BA,Teixeira de Freitas,Dom Felipe
Bahia,BA,Teixeira de Freitas,Ipiranga
Bahia,BA,Teixeira de Freitas,Jardim Caraipe
Bahia,BA,Teixeira de Freitas,Jardim Eucalipto
Bahia,BA,Teixeira de Freitas,Jardim Europa
Bahia,BA,Teixeira de Freitas,Jardim Liberdade
Bahia,BA,Teixeira de Freitas,Liberdade
Bahia,BA,Teixeira de Freitas,Monte Castelo
Bahia,BA,Teixeira de Freitas,Nova America
Bahia,BA,Teixeira de Freitas,Nova Jerusalem
Bahia,BA,Teixeira de Freitas,Nova Teixeira
Bahia,BA,Teixeira de Freitas,Novo Horizonte
Bahia,BA,Teixeira de Freitas,Recanto do Lago
Bahia,BA,Teixeira de Freitas,Santa Rita
Bahia,BA,Teixeira de Freitas,Santa Rosa de Lima
Bahia,BA,Teixeira de Freitas,Sao Jose
Bahia,BA,Teixeira de Freitas,Sao Lourenco
Bahia,BA,Teixeira de Freitas,Sao Pedro
Bahia,BA,Teixeira de Freitas,Tancredo Neves
Bahia,BA,Teixeira de Freitas,Teixeirinha
Bahia,BA,Teixeira de Freitas,Trevo
Bahia,BA,Teixeira de Freitas,Urbis
Bahia,BA,Teixeira de Freitas,Vila Caraipe
Bahia,BA,Teixeira de Freitas,Vila Feliz
Bahia,BA,Teixeira de Freitas,Vila Vargas
Bahia,BA,Teixeira de Freitas,Vila Verde
Bahia,BA,Teixeira de Freitas,Vista do Sol
Bahia,BA,Teixeira de Freitas,Wilson Brito
Bahia,BA,Vitoria da Conquista,Alegria
Bahia,BA,Vitoria da Conquista,Alto Maron
Bahia,BA,Vitoria da Conquista,Bandeira
Bahia,BA,Vitoria da Conquista,Bela Vista
Bahia,BA,Vitoria da Conquista,Bnh
Bahia,BA,Vitoria da Conquista,Br-116
Bahia,BA,Vitoria da Conquista,Candeias
Bahia,BA,Vitoria da Conquista,Centro
Bahia,BA,Vitoria da Conquista,Conquista
Bahia,BA,Vitoria da Conquista,Cruzeiro
Bahia,BA,Vitoria da Conquista,Escola Normal
Bahia,BA,Vitoria da Conquista,Exposicao
Bahia,BA,Vitoria da Conquista,Feirinha
Bahia,BA,Vitoria da Conquista,Flamengo
Bahia,BA,Vitoria da Conquista,Ibirapuera
Bahia,BA,Vitoria da Conquista,Inocoop
Bahia,BA,Vitoria da Conquista,Iracema
Bahia,BA,Vitoria da Conquista,Jurema
Bahia,BA,Vitoria da Conquista,Kadija
Bahia,BA,Vitoria da Conquista,Olavo
Bahia,BA,Vitoria da Conquista,Patagonia
Bahia,BA,Vitoria da Conquista,Recreio
Bahia,BA,Vitoria da Conquista,Sao Vicente
Bahia,BA,Vitoria da Conquista,Sumare
Bahia,BA,Vitoria da Conquista,Universitario
Bahia,BA,Vitoria da Conquista,Urbis
Bahia,BA,Vitoria da Conquista,Vila Conquista
Bahia,BA,Vitoria da Conquista,Vila Serrana
Ceará,CE,Caucaia,Acude
Ceará,CE,Caucaia,Araturi
Ceará,CE,Caucaia,Arianopolis
Ceará,CE,Caucaia,Camurupim
Ceará,CE,Caucaia,Capoeira
Ceará,CE,Caucaia,Capua
Ceará,CE,Caucaia,Centro
Ceará,CE,Caucaia,Cigana
Ceará,CE,Caucaia,Curicaca
Ceará,CE,Caucaia,Genipabu
Ceará,CE,Caucaia,Grilo
Ceará,CE,Caucaia,Icarai
Ceará,CE,Caucaia,Itambe
Ceará,CE,Caucaia,Marechal Rondon
Ceará,CE,Caucaia,Mestre Antonio
Ceará,CE,Caucaia,Nova Metropole
Ceará,CE,Caucaia,Pabussu
Ceará,CE,Caucaia,Pacheco
Ceará,CE,Caucaia,Padre Romualdo
Ceará,CE,Caucaia,Parque Albano
Ceará,CE,Caucaia,Parque das Nacoes
Ceará,CE,Caucaia,Parque Guadalajara
Ceará,CE,Caucaia,Parque Potira
Ceará,CE,Caucaia,Parque Tabapua
Ceará,CE,Caucaia,Planalto Caucaia
Ceará,CE,Caucaia,Sao Miguel
Ceará,CE,Caucaia,Tabapuazinho
Ceará,CE,Crato,Alto da Penha
Ceará,CE,Crato,Cacimbas
Ceará,CE,Crato,Centro
Ceará,CE,Crato,Cruz
Ceará,CE,Crato,Dom Francisco
Ceará,CE,Crato,Giselia Pinheiro
Ceará,CE,Crato,Independencia
Ceará,CE,Crato,Mirandao
Ceará,CE,Crato,Misericordia
Ceará,CE,Crato,Muriti
Ceará,CE,Crato,Ossian Araripe
Ceará,CE,Crato,Parque Granjeiro
Ceará,CE,Crato,Pimenta
Ceará,CE,Crato,Pinto Madeira
Ceará,CE,Crato,Santa Luzia
Ceará,CE,Crato,Sao Jose
Ceará,CE,Crato,Sao Miguel
Ceará,CE,Crato,Seminario
Ceará,CE,Crato,Sossego
Ceará,CE,Crato,Vila Alta
Ceará,CE,Fortaleza,Alagadico
Ceará,CE,Fortaleza,Alagadico Novo
Ceará,CE,Fortaleza,Aldeota
Ceará,CE,Fortaleza,Alto da Balanca
Ceará,CE,Fortaleza,Alvaro Weyne
Ceará,CE,Fortaleza,Amadeu Furtado
Ceará,CE,Fortaleza,Antonio Bezerra
Ceará,CE,Fortaleza,Barra do Ceara
Ceará,CE,Fortaleza,Bela Vista
Ceará,CE,Fortaleza,Benfica
Ceará,CE,Fortaleza,Bom Futuro
Ceará,CE,Fortaleza,Bom Jardim
Ceará,CE,Fortaleza,Bonsucesso
Ceará,CE,Fortaleza,Cachoeirinha
Ceará,CE,Fortaleza,Cambeba
Ceará,CE,Fortaleza,Castelao
Ceará,CE,Fortaleza,Centro
Ceará,CE,Fortaleza,Cidade dos Funcionarios
Ceará,CE,Fortaleza,Coco
Ceará,CE,Fortaleza,Cristo Redentor
Ceará,CE,Fortaleza,Damas
Ceará,CE,Fortaleza,Democrito Rocha
Ceará,CE,Fortaleza,Dias Macedo
Ceará,CE,Fortaleza,Dionisio Torres
Ceará,CE,Fortaleza,Edson Queiroz
Ceará,CE,Fortaleza,Farias Brito
Ceará,CE,Fortaleza,Fatima
Ceará,CE,Fortaleza,Genibau
Ceará,CE,Fortaleza,Granja Portugal
Ceará,CE,Fortaleza,Henrique Jorge
Ceará,CE,Fortaleza,Itaperi
Ceará,CE,Fortaleza,Jacarecanga
Ceará,CE,Fortaleza,Jangurussu
Ceará,CE,Fortaleza,Jardim America
Ceará,CE,Fortaleza,Joaquim Tavora
Ceará,CE,Fortaleza,Joquei Clube
Ceará,CE,Fortaleza,Jose Bonifacio
Ceará,CE,Fortaleza,Lagoa Redonda
Ceará,CE,Fortaleza,Manuel Satiro
Ceará,CE,Fortaleza,Maraponga
Ceará,CE,Fortaleza,Meireles
Ceará,CE,Fortaleza,Messejana
Ceará,CE,Fortaleza,Mondubim
Ceará,CE,Fortaleza,Monte Castelo
Ceará,CE,Fortaleza,Montese
Ceará,CE,Fortaleza,Moura Brasil
Ceará,CE,Fortaleza,Mucuripe
Ceará,CE,Fortaleza,Papicu
Ceará,CE,Fortaleza,Parangaba
Ceará,CE,Fortaleza,Parque Presidente Vargas
Ceará,CE,Fortaleza,Parque Sao Jose
Ceará,CE,Fortaleza,Passare
Ceará,CE,Fortaleza,Pici
Ceará,CE,Fortaleza,Praia de Iracema
Ceará,CE,Fortaleza,Prefeito Jose Walter
Ceará,CE,Fortaleza,Presidente Tancredo Neves
Ceará,CE,Fortaleza,Rodolfo Teofilo
Ceará,CE,Fortaleza,Serrinha
Ceará,CE,Fortaleza,Tauape
Ceará,CE,Fortaleza,Varjota
Ceará,CE,Fortaleza,Vicente Pinzon
Ceará,CE,Fortaleza,Vila Ellery
Ceará,CE,Fortaleza,Vila Peri
Ceará,CE,Fortaleza,Vila Uniao
Ceará,CE,Fortaleza,Vila Velha
Ceará,CE,Juazeiro do Norte,Aeroporto
Ceará,CE,Juazeiro do Norte,Centro
Ceará,CE,Juazeiro do Norte,Franciscanos
Ceará,CE,Juazeiro do Norte,Juvencio Santana
Ceará,CE,Juazeiro do Norte,Lagoa Seca
Ceará,CE,Juazeiro do Norte,Novo Juazeiro
Ceará,CE,Juazeiro do Norte,Pio XII
Ceará,CE,Juazeiro do Norte,Piraja
Ceará,CE,Juazeiro do Norte,Romeirao
Ceará,CE,Juazeiro do Norte,Salesianos
Ceará,CE,Juazeiro do Norte,Santa Tereza
Ceará,CE,Juazeiro do Norte,Sao Miguel
Ceará,CE,Juazeiro do Norte,Socorro
Ceará,CE,Juazeiro do Norte,Tiradentes
Ceará,CE,Juazeiro do Norte,Triangulo
Ceará,CE,Maracanau,Acaracuzinho
Ceará,CE,Maracanau,Alto Alegre
Ceará,CE,Maracanau,Alto da Bonanca
Ceará,CE,Maracanau,Alto da Mangueira
Ceará,CE,Maracanau,Cagado
Ceará,CE,Maracanau,Centro
Ceará,CE,Maracanau,Coqueiral
Ceará,CE,Maracanau,Distrito Industrial
Ceará,CE,Maracanau,Esplanada Novo Mondubim
Ceará,CE,Maracanau,Industrial
Ceará,CE,Maracanau,Jacanau
Ceará,CE,Maracanau,Jardim Bandeirante
Ceará,CE,Maracanau,Jardim Paraiso
Ceará,CE,Maracanau,Jereissati I
Ceará,CE,Maracanau,Jereissati II
Ceará,CE,Maracanau,Mucuna
Ceará,CE,Maracanau,Novo Maracanau
Ceará,CE,Maracanau,Novo Oriente
Ceará,CE,Maracanau,Pajucara
Ceará,CE,Maracanau,Parque Novo Mondubim
Ceará,CE,Maracanau,Parque Tropical
Ceará,CE,Maracanau,Piratininga
Ceará,CE,Maracanau,Planalto Cidade Nova
Ceará,CE,Maracanau,Santa Maria
Ceará,CE,Maracanau,Siqueira
Ceará,CE,Maracanau,Timbo
Ceará,CE,Sobral,Alto da Brasilia
Ceará,CE,Sobral,Alto da Expectativa
Ceará,CE,Sobral,Alto do Cristo
Ceará,CE,Sobral,Alto Novo
Ceará,CE,Sobral,Centro
Ceará,CE,Sobral,Cidao
Ceará,CE,Sobral,Colina Boa Vista
Ceará,CE,Sobral,Dom Expedito
Ceará,CE,Sobral,Junco
Ceará,CE,Sobral,Mucambinho
Ceará,CE,Sobral,Parque Alvorada
Ceará,CE,Sobral,Pedrinhas
Ceará,CE,Sobral,Sinha Saboia
Ceará,CE,Sobral,Sumare
Ceará,CE,Sobral,Tamarindo
Distrito Federal,DF,Brasilia,Asa Norte
Distrito Federal,DF,Brasilia,Asa Sul
Distrito Federal,DF,Brasilia,Setor Bancario Norte
Distrito Federal,DF,Brasilia,Setor Bancario Sul
Distrito Federal,DF,Brasilia,Setor Comercial Norte
Distrito Federal,DF,Brasilia,Setor Comercial Sul
Distrito Federal,DF,Brasilia,Setor Cultural Norte
Distrito Federal,DF,Brasilia,Setor Cultural Sul
Distrito Federal,DF,Brasilia,Setor de Autarquias Norte
Distrito Federal,DF,Brasilia,Setor de Autarquias Sul
Distrito Federal,DF,Brasilia,Setor de Clubes Esportivos Norte
Distrito Federal,DF,Brasilia,Setor de Clubes Esportivos Sul
Distrito Federal,DF,Brasilia,Setor de Difusao Cultural
Distrito Federal,DF,Brasilia,Setor de Diversoes Sul
Distrito Federal,DF,Brasilia,Setor de Grandes Areas Norte (leste)
Distrito Federal,DF,Brasilia,Setor de Grandes Areas Norte (oeste)
Distrito Federal,DF,Brasilia,Setor de Grandes Areas Sul (leste)
Distrito Federal,DF,Brasilia,Setor de Grandes Areas Sul (oeste)
Distrito Federal,DF,Brasilia,Setor de Radio e Televisao Norte
Distrito Federal,DF,Brasilia,Setor Hipico
Distrito Federal,DF,Brasilia,Setor Hospitalar Local Sul
Distrito Federal,DF,Brasilia,Setor Hoteleiro Norte
Distrito Federal,DF,Brasilia,Setor Hoteleiro Sul
Distrito Federal,DF,Brasilia,Setor Medico Hospitalar Norte
Distrito Federal,DF,Brasilia,Setor Medico Hospitalar Sul
Distrito Federal,DF,Brasilia,Setor Policial
Distrito Federal,DF,Brasilia,Setores Complementares
Distrito Federal,DF,Brasilia,Vila Planalto
Distrito Federal,DF,Brasilia,Zona Civico-administrativa
Distrito Federal,DF,Brazlandia,Setor Norte
Distrito Federal,DF,Brazlandia,Setor Sul
Distrito Federal,DF,Brazlandia,Setor Tradicional
Distrito Federal,DF,Brazlandia,Veredas
Distrito Federal,DF,Brazlandia,Vila Sao Jose
Distrito Federal,DF,Candangolandia,Candangolandia
Distrito Federal,DF,Ceilandia,Ceilandia Centro
Distrito Federal,DF,Ceilandia,Ceilandia Norte
Distrito Federal,DF,Ceilandia,Ceilandia Sul
Distrito Federal,DF,Cruzeiro,Area Octogonal
Distrito Federal,DF,Cruzeiro,Celia Faleiro da Silva
Distrito Federal,DF,Cruzeiro,Centro
Distrito Federal,DF,Cruzeiro,Conjunto Habitacional Cruzeiro
Distrito Federal,DF,Cruzeiro,Cruzeiro Novo
Distrito Federal,DF,Cruzeiro,Cruzeiro Velho
Distrito Federal,DF,Cruzeiro,Dona Arminda Candida de Jesus
Distrito Federal,DF,Cruzeiro,Itagacaba
Distrito Federal,DF,Cruzeiro,Jardim America
Distrito Federal,DF,Cruzeiro,Jardim Europa
Distrito Federal,DF,Cruzeiro,Jardim Imperial
Distrito Federal,DF,Cruzeiro,Jardim Paraiso
Distrito Federal,DF,Cruzeiro,Jardim Primavera
Distrito Federal,DF,Cruzeiro,Jardim Sao Jose
Distrito Federal,DF,Cruzeiro,Lagoa Dourada
Distrito Federal,DF,Cruzeiro,Lagoa Dourada I
Distrito Federal,DF,Cruzeiro,Lagoa Dourada II
Distrito Federal,DF,Cruzeiro,Parque Justina Molica
Distrito Federal,DF,Cruzeiro,Parque Primavera
Distrito Federal,DF,Cruzeiro,Retiro da Mantiqueira
Distrito Federal,DF,Cruzeiro,Santa Luzia
Distrito Federal,DF,Cruzeiro,Setor Sudoeste
Distrito Federal,DF,Cruzeiro,Vila Abigail
Distrito Federal,DF,Cruzeiro,Vila Ana Rosa Novaes
Distrito Federal,DF,Cruzeiro,Vila Angelina
Distrito Federal,DF,Cruzeiro,Vila Avelino Jose Mariano
Distrito Federal,DF,Cruzeiro,Vila Bionde
Distrito Federal,DF,Cruzeiro,Vila Brasil
Distrito Federal,DF,Cruzeiro,Vila Canevari
Distrito Federal,DF,Cruzeiro,Vila Celestina
Distrito Federal,DF,Cruzeiro,Vila Clara
Distrito Federal,DF,Cruzeiro,Vila Conceicao
Distrito Federal,DF,Cruzeiro,Vila Doutor Joao Batista (parte Alta)
Distrito Federal,DF,Cruzeiro,Vila Doutor Joao Batista (parte Baixa)
Distrito Federal,DF,Cruzeiro,Vila Esmeralda
Distrito Federal,DF,Cruzeiro,Vila Expedicionarios Cruzeirenses
Distrito Federal,DF,Cruzeiro,Vila Isabel
Distrito Federal,DF,Cruzeiro,Vila Julia
Distrito Federal,DF,Cruzeiro,Vila Maria
Distrito Federal,DF,Cruzeiro,Vila Maria Antonieta
Distrito Federal,DF,Cruzeiro,Vila Meirelles
Distrito Federal,DF,Cruzeiro,Vila Novaes
Distrito Federal,DF,Cruzeiro,Vila Operaria
Distrito Federal,DF,Cruzeiro,Vila Paulista
Distrito Federal,DF,Cruzeiro,Vila Paulo Romeu
Distrito Federal,DF,Cruzeiro,Vila Pontilhao
Distrito Federal,DF,Cruzeiro,Vila Regina Celia
Distrito Federal,DF,Cruzeiro,Vila Rita Lucrecia Pinto
Distrito Federal,DF,Cruzeiro,Vila Romana
Distrito Federal,DF,Cruzeiro,Vila Santo Antonio
Distrito Federal,DF,Cruzeiro,Vila Sao Crispin
Distrito Federal,DF,Cruzeiro,Vila Sao Judas Tadeu
Distrito Federal,DF,Cruzeiro,Vila Suely
Distrito Federal,DF,Cruzeiro,Vila Virgilio Antunes de Oliveira
Distrito Federal,DF,Cruzeiro,Vila Washington Beleza
Distrito Federal,DF,Cruzeiro,Vilage Nesralla Rubez
Distrito Federal,DF,Cruzeiro,Vista Alegre
Distrito Federal,DF,Gama,Area Alfa
Distrito Federal,DF,Gama,Cidade Nova
Distrito Federal,DF,Gama,Setor Central
Distrito Federal,DF,Gama,Setor Industrial
Distrito Federal,DF,Gama,Setor Leste
Distrito Federal,DF,Gama,Setor Norte
Distrito Federal,DF,Gama,Setor Oeste
Distrito Federal,DF,Gama,Setor Sul
Distrito Federal,DF,Guara,Guara I
Distrito Federal,DF,Guara,Guara II
Distrito Federal,DF,Lago Norte,Setor de Habitacoes Individuais Norte
Distrito Federal,DF,Lago Sul,Setor de Habitacoes Individuais Sul
Distrito Federal,DF,Nucleo Bandeirante,Metropolitana
Distrito Federal,DF,Nucleo Bandeirante,Nucleo Bandeirante
Distrito Federal,DF,Nucleo Bandeirante,Setor de Industria Bernardo Sayao
Distrito Federal,DF,Nucleo Bandeirante,Setor de Mansoes Park Way
Distrito Federal,DF,Nucleo Bandeirante,Setor de Oficinas
Distrito Federal,DF,Paranoa,Paranoa
Distrito Federal,DF,Planaltina,Arapoanga
Distrito Federal,DF,Planaltina,Brasilinha 17 (panorama)
Distrito Federal,DF,Planaltina,Condominio Mestre D'armas
Distrito Federal,DF,Planaltina,Estancia Mestre D'armas
Distrito Federal,DF,Planaltina,Itapua I
Distrito Federal,DF,Planaltina,Itapua II
Distrito Federal,DF,Planaltina,Jardim das Paineiras
Distrito Federal,DF,Planaltina,Jardim Paqueta I
Distrito Federal,DF,Planaltina,Jardim Paqueta II
Distrito Federal,DF,Planaltina,Jardim Roriz
Distrito Federal,DF,Planaltina,Mansoes Itiquira
Distrito Federal,DF,Planaltina,Portal do Amanhecer
Distrito Federal,DF,Planaltina,Setor Administrativo
Distrito Federal,DF,Planaltina,Setor Aeroporto
Distrito Federal,DF,Planaltina,Setor Comercial Central
Distrito Federal,DF,Planaltina,Setor de Educacao
Distrito Federal,DF,Planaltina,Setor de Hoteis e Diversoes
Distrito Federal,DF,Planaltina,Setor Hospitalar
Distrito Federal,DF,Planaltina,Setor Leste
Distrito Federal,DF,Planaltina,Setor Norte
Distrito Federal,DF,Planaltina,Setor Oeste
Distrito Federal,DF,Planaltina,Setor Recreativo e Cultural
Distrito Federal,DF,Planaltina,Setor Residencial Leste
Distrito Federal,DF,Planaltina,Setor Residencial Norte
Distrito Federal,DF,Planaltina,Setor Sul
Distrito Federal,DF,Planaltina,Setor Tradicional
Distrito Federal,DF,Planaltina,Vale do Amanhecer
Distrito Federal,DF,Planaltina,Vila Nossa Senhora de Fatima
Distrito Federal,DF,Planaltina,Vila Vicentina
Distrito Federal,DF,Recanto das Emas,Recanto das Emas
Distrito Federal,DF,Riacho Fundo,Riacho Fundo
Distrito Federal,DF,Riacho Fundo,Riacho Fundo II
Distrito Federal,DF,Samambaia,Samambaia Sul
Distrito Federal,DF,Santa Maria,Camobi
Distrito Federal,DF,Santa Maria,Caturrita
Distrito Federal,DF,Santa Maria,Centro
Distrito Federal,DF,Santa Maria,Cerrito
Distrito Federal,DF,Santa Maria,Chacara das Flores
Distrito Federal,DF,Santa Maria,Cohab Camobi
Distrito Federal,DF,Santa Maria,Cohab Passo da Ferreira
Distrito Federal,DF,Santa Maria,Itarare
Distrito Federal,DF,Santa Maria,Juscelino Kubitschek
Distrito Federal,DF,Santa Maria,Km 3
Distrito Federal,DF,Santa Maria,Medianeira
Distrito Federal,DF,Santa Maria,Nossa Senhora das Dores
Distrito Federal,DF,Santa Maria,Nossa Senhora de Lourdes
Distrito Federal,DF,Santa Maria,Nossa Senhora do Perpetuo Socorro
Distrito Federal,DF,Santa Maria,Nossa Senhora do Rosario
Distrito Federal,DF,Santa Maria,Parque Pinheiro Machado
Distrito Federal,DF,Santa Maria,Passo D'areia
Distrito Federal,DF,Santa Maria,Patronato
Distrito Federal,DF,Santa Maria,Pe de Platano
Distrito Federal,DF,Santa Maria,Presidente Joao Goulart
Distrito Federal,DF,Santa Maria,Salgado Filho
Distrito Federal,DF,Santa Maria,Santa Maria
Distrito Federal,DF,Santa Maria,Sao Jose
Distrito Federal,DF,Santa Maria,Sitio do Gama
Distrito Federal,DF,Santa Maria,Tomazetti
Distrito Federal,DF,Santa Maria,Urlandia
Distrito Federal,DF,Sao Sebastiao,Bela Vista
Distrito Federal,DF,Sao Sebastiao,Centro
Distrito Federal,DF,Sao Sebastiao,Joao Candido
Distrito Federal,DF,Sao Sebastiao,Morro Azul
Distrito Federal,DF,Sao Sebastiao,Residencial do Bosque
Distrito Federal,DF,Sao Sebastiao,Sao Francisco
Distrito Federal,DF,Sao Sebastiao,Setor Residencial Oeste
Distrito Federal,DF,Sao Sebastiao,Setor Tradicional
Distrito Federal,DF,Sao Sebastiao,Vila Nova
Distrito Federal,DF,Sao Sebastiao,Vila Sao Jose
Distrito Federal,DF,Sobradinho,Setor Industrial
Distrito Federal,DF,Sobradinho,Sobradinho
Distrito Federal,DF,Sobradinho,Sobradinho II
Distrito Federal,DF,Taguatinga,Aguas Claras
Distrito Federal,DF,Taguatinga,Setor Industrial
Distrito Federal,DF,Taguatinga,Taguatinga Centro
Distrito Federal,DF,Taguatinga,Taguatinga Norte
Distrito Federal,DF,Taguatinga,Taguatinga Sul
Espírito Santo,ES,Cachoeiro de Itapemirim,Abelardo F Machado
Espírito Santo,ES,Cachoeiro de Itapemirim,Aeroporto
Espírito Santo,ES,Cachoeiro de Itapemirim,Agostinho Simonato
Espírito Santo,ES,Cachoeiro de Itapemirim,Alto Novo Parque
Espírito Santo,ES,Cachoeiro de Itapemirim,Amaral
Espírito Santo,ES,Cachoeiro de Itapemirim,Amarelo
Espírito Santo,ES,Cachoeiro de Itapemirim,Aquidaban
Espírito Santo,ES,Cachoeiro de Itapemirim,Arariguaba
Espírito Santo,ES,Cachoeiro de Itapemirim,Baiminas
Espírito Santo,ES,Cachoeiro de Itapemirim,Basileia
Espírito Santo,ES,Cachoeiro de Itapemirim,Basilio Pimenta
Espírito Santo,ES,Cachoeiro de Itapemirim,Bela Vista
Espírito Santo,ES,Cachoeiro de Itapemirim,Bnh
Espírito Santo,ES,Cachoeiro de Itapemirim,Boa Vista
Espírito Santo,ES,Cachoeiro de Itapemirim,C do Bosque
Espírito Santo,ES,Cachoeiro de Itapemirim,Caicara
Espírito Santo,ES,Cachoeiro de Itapemirim,Coramara
Espírito Santo,ES,Cachoeiro de Itapemirim,Coronel Borges
Espírito Santo,ES,Cachoeiro de Itapemirim,Doutor Luiz Tinoco da Fonseca
Espírito Santo,ES,Cachoeiro de Itapemirim,Ferroviarios
Espírito Santo,ES,Cachoeiro de Itapemirim,Gilberto Machado
Espírito Santo,ES,Cachoeiro de Itapemirim,Guandu
Espírito Santo,ES,Cachoeiro de Itapemirim,Ibc
Espírito Santo,ES,Cachoeiro de Itapemirim,Ibitiquara
Espírito Santo,ES,Cachoeiro de Itapemirim,Ilha da Luz
Espírito Santo,ES,Cachoeiro de Itapemirim,Independencia
Espírito Santo,ES,Cachoeiro de Itapemirim,Jardim America
Espírito Santo,ES,Cachoeiro de Itapemirim,Laranjeiras
Espírito Santo,ES,Cachoeiro de Itapemirim,Maria Ortiz
Espírito Santo,ES,Cachoeiro de Itapemirim,Monte Cristo
Espírito Santo,ES,Cachoeiro de Itapemirim,Nossa Senhora da Penha
Espírito Santo,ES,Cachoeiro de Itapemirim,Nova Brasilia
Espírito Santo,ES,Cachoeiro de Itapemirim,Novo Parque
Espírito Santo,ES,Cachoeiro de Itapemirim,Otton Marins
Espírito Santo,ES,Cachoeiro de Itapemirim,Quilometro 90
Espírito Santo,ES,Cachoeiro de Itapemirim,Recanto
Espírito Santo,ES,Cachoeiro de Itapemirim,Santa Cecilia
Espírito Santo,ES,Cachoeiro de Itapemirim,Santa Helena
Espírito Santo,ES,Cachoeiro de Itapemirim,Santo Antonio
Espírito Santo,ES,Cachoeiro de Itapemirim,Sao Francisco de Assis
Espírito Santo,ES,Cachoeiro de Itapemirim,Sao Luiz Gonzaga
Espírito Santo,ES,Cachoeiro de Itapemirim,Teixeira Leite
Espírito Santo,ES,Cachoeiro de Itapemirim,Trevo
Espírito Santo,ES,Cachoeiro de Itapemirim,Valao
Espírito Santo,ES,Cachoeiro de Itapemirim,Vila Rica
Espírito Santo,ES,Cachoeiro de Itapemirim,Waldir Furtado de Amorim
Espírito Santo,ES,Cachoeiro de Itapemirim,Zumbi
Espírito Santo,ES,Cariacica,Alto Lage
Espírito Santo,ES,Cariacica,Aparecida
Espírito Santo,ES,Cariacica,Bandeirantes
Espírito Santo,ES,Cariacica,Bela Aurora
Espírito Santo,ES,Cariacica,Boa Sorte
Espírito Santo,ES,Cariacica,Campo Grande
Espírito Santo,ES,Cariacica,Cariacica Sede
Espírito Santo,ES,Cariacica,Cruzeiro do Sul
Espírito Santo,ES,Cariacica,Dom Bosco
Espírito Santo,ES,Cariacica,Flexal I
Espírito Santo,ES,Cariacica,Grauna
Espírito Santo,ES,Cariacica,Itangua
Espírito Santo,ES,Cariacica,Itaquari
Espírito Santo,ES,Cariacica,Morro do Meio
Espírito Santo,ES,Cariacica,Mucuri
Espírito Santo,ES,Cariacica,Nova Brasilia
Espírito Santo,ES,Cariacica,Oriente
Espírito Santo,ES,Cariacica,Porto de Santana
Espírito Santo,ES,Cariacica,Porto Velho
Espírito Santo,ES,Cariacica,Retiro Saudoso
Espírito Santo,ES,Cariacica,Rosa da Penha
Espírito Santo,ES,Cariacica,Santa Barbara
Espírito Santo,ES,Cariacica,Santa Fe
Espírito Santo,ES,Cariacica,Santa Luzia
Espírito Santo,ES,Cariacica,Santana
Espírito Santo,ES,Cariacica,Santo Andre
Espírito Santo,ES,Cariacica,Sao Francisco
Espírito Santo,ES,Cariacica,Sao Vicente
Espírito Santo,ES,Cariacica,Sotelandia
Espírito Santo,ES,Cariacica,Sotema
Espírito Santo,ES,Cariacica,Tabajara
Espírito Santo,ES,Cariacica,Tucum
Espírito Santo,ES,Cariacica,Vale Esperanca
Espírito Santo,ES,Cariacica,Vasco da Gama
Espírito Santo,ES,Cariacica,Vera Cruz
Espírito Santo,ES,Cariacica,Vila Capixaba
Espírito Santo,ES,Cariacica,Vila Independencia
Espírito Santo,ES,Cariacica,Vila Merlo
Espírito Santo,ES,Cariacica,Vila Nova
Espírito Santo,ES,Cariacica,Vila Palestina
Espírito Santo,ES,Cariacica,Vista Dourada
Espírito Santo,ES,Colatina,25 de Janeiro
Espírito Santo,ES,Colatina,Acampamento
Espírito Santo,ES,Colatina,Adelia Giuberti
Espírito Santo,ES,Colatina,Aeroporto
Espírito Santo,ES,Colatina,Ayrton Senna
Espírito Santo,ES,Colatina,Boa Vista (cristo Redentor)
Espírito Santo,ES,Colatina,Centro
Espírito Santo,ES,Colatina,Colatina Velha
Espírito Santo,ES,Colatina,Columbia
Espírito Santo,ES,Colatina,Corrego do Ouro
Espírito Santo,ES,Colatina,Esplanada
Espírito Santo,ES,Colatina,Fazenda Vitali
Espírito Santo,ES,Colatina,Francisco Simonassi
Espírito Santo,ES,Colatina,Honorio Fraga
Espírito Santo,ES,Colatina,Jardim Planalto
Espírito Santo,ES,Colatina,Jose de Anchieta
Espírito Santo,ES,Colatina,Lace
Espírito Santo,ES,Colatina,Maria das Gracas
Espírito Santo,ES,Colatina,Maria Ismenia
Espírito Santo,ES,Colatina,Marista
Espírito Santo,ES,Colatina,Moacir Brotas
Espírito Santo,ES,Colatina,Morada do Sol
Espírito Santo,ES,Colatina,Nossa Senhora Aparecida
Espírito Santo,ES,Colatina,Olivio Zanotelli
Espírito Santo,ES,Colatina,Operarios
Espírito Santo,ES,Colatina,Perpetuo Socorro
Espírito Santo,ES,Colatina,Por do Sol
Espírito Santo,ES,Colatina,Raul Giuberti
Espírito Santo,ES,Colatina,Sagrado Coracao de Jesus
Espírito Santo,ES,Colatina,Santa Cecilia
Espírito Santo,ES,Colatina,Santa Helena
Espírito Santo,ES,Colatina,Santa Luzia
Espírito Santo,ES,Colatina,Santa Margarida
Espírito Santo,ES,Colatina,Santa Monica
Espírito Santo,ES,Colatina,Santa Teresinha
Espírito Santo,ES,Colatina,Santo Antonio
Espírito Santo,ES,Colatina,Sao Braz
Espírito Santo,ES,Colatina,Sao Judas Tadeu
Espírito Santo,ES,Colatina,Sao Marcos
Espírito Santo,ES,Colatina,Sao Silvano
Espírito Santo,ES,Colatina,Sao Vicente
Espírito Santo,ES,Colatina,Vila Amelia
Espírito Santo,ES,Colatina,Vila Lenira
Espírito Santo,ES,Colatina,Vila Nova
Espírito Santo,ES,Colatina,Vila Real
Espírito Santo,ES,Colatina,Vista da Serra (tucanos)
Espírito Santo,ES,Guarapari,Adalberto Simao Nader
Espírito Santo,ES,Guarapari,Aeroporto
Espírito Santo,ES,Guarapari,Aldeia da Praia
Espírito Santo,ES,Guarapari,Belo Horizonte
Espírito Santo,ES,Guarapari,Centro
Espírito Santo,ES,Guarapari,Coroado
Espírito Santo,ES,Guarapari,Enseada Azul
Espírito Santo,ES,Guarapari,Independencia
Espírito Santo,ES,Guarapari,Ipiranga
Espírito Santo,ES,Guarapari,Itapebussu
Espírito Santo,ES,Guarapari,Jabarai
Espírito Santo,ES,Guarapari,Jacunem
Espírito Santo,ES,Guarapari,Jardim Boa Vista
Espírito Santo,ES,Guarapari,Jardim Santa Rosa
Espírito Santo,ES,Guarapari,Kubitschek
Espírito Santo,ES,Guarapari,Lagoa Funda
Espírito Santo,ES,Guarapari,Meaipe
Espírito Santo,ES,Guarapari,Morro Atalaia
Espírito Santo,ES,Guarapari,Muquicaba
Espírito Santo,ES,Guarapari,Nossa Senhora da Conceicao
Espírito Santo,ES,Guarapari,Nossa Senhora de Fatima
Espírito Santo,ES,Guarapari,Nova Guarapari
Espírito Santo,ES,Guarapari,Parque da Areia Preta
Espírito Santo,ES,Guarapari,Perocao
Espírito Santo,ES,Guarapari,Portal de Guarapari
Espírito Santo,ES,Guarapari,Praia do Morro
Espírito Santo,ES,Guarapari,Santa Margarida
Espírito Santo,ES,Guarapari,Santa Monica
Espírito Santo,ES,Guarapari,Sao Gabriel
Espírito Santo,ES,Guarapari,Sao Jose
Espírito Santo,ES,Guarapari,Sao Judas Tadeu
Espírito Santo,ES,Guarapari,Setiba
Espírito Santo,ES,Guarapari,Sol Nascente
Espírito Santo,ES,Guarapari,Una
Espírito Santo,ES,Linhares,Araca
Espírito Santo,ES,Linhares,Aviso
Espírito Santo,ES,Linhares,Canivete
Espírito Santo,ES,Linhares,Centro
Espírito Santo,ES,Linhares,Colina
Espírito Santo,ES,Linhares,Interlagos
Espírito Santo,ES,Linhares,Jardim Laguna
Espírito Santo,ES,Linhares,Jose Rodrigues Maciel
Espírito Santo,ES,Linhares,Juparana
Espírito Santo,ES,Linhares,Lagoa do Meio
Espírito Santo,ES,Linhares,Linhares V
Espírito Santo,ES,Linhares,Nossa Senhora da Conceicao
Espírito Santo,ES,Linhares,Nova Esperanca
Espírito Santo,ES,Linhares,Novo Horizonte
Espírito Santo,ES,Linhares,Santa Cruz
Espírito Santo,ES,Linhares,Sao Jose
Espírito Santo,ES,Linhares,Shell
Espírito Santo,ES,Serra,Barcelona
Espírito Santo,ES,Serra,Bicanga
Espírito Santo,ES,Serra,Carapebus I
Espírito Santo,ES,Serra,Carapina
Espírito Santo,ES,Serra,Central Carapina
Espírito Santo,ES,Serra,Chacara Parreiral
Espírito Santo,ES,Serra,Eurico Salles
Espírito Santo,ES,Serra,Flores
Espírito Santo,ES,Serra,Helio Ferraz
Espírito Santo,ES,Serra,Jardim Limoeiro
Espírito Santo,ES,Serra,Jardim Primavera
Espírito Santo,ES,Serra,Jardim Tropical
Espírito Santo,ES,Serra,Jose de Anchieta
Espírito Santo,ES,Serra,Laranjeiras
Espírito Santo,ES,Serra,Mata da Serra
Espírito Santo,ES,Serra,Nossa Senhora de Fatima
Espírito Santo,ES,Serra,Novo Horizonte
Espírito Santo,ES,Serra,Porto Canoa
Espírito Santo,ES,Serra,Sao Diogo
Espírito Santo,ES,Serra,Sao Geraldo
Espírito Santo,ES,Serra,Taquaras I
Espírito Santo,ES,Vila Velha,Alvorada
Espírito Santo,ES,Vila Velha,Aribiri
Espírito Santo,ES,Vila Velha,Atalaia
Espírito Santo,ES,Vila Velha,Barra do Jucu
Espírito Santo,ES,Vila Velha,Centro
Espírito Santo,ES,Vila Velha,Cobilandia
Espírito Santo,ES,Vila Velha,Cristovao Colombo
Espírito Santo,ES,Vila Velha,Divino Espirito Santo
Espírito Santo,ES,Vila Velha,Garoto
Espírito Santo,ES,Vila Velha,Gloria
Espírito Santo,ES,Vila Velha,Guaranhuns
Espírito Santo,ES,Vila Velha,Ibes
Espírito Santo,ES,Vila Velha,Ilha da Conceicao
Espírito Santo,ES,Vila Velha,Ilha das Flores
Espírito Santo,ES,Vila Velha,Ilha dos Aires
Espírito Santo,ES,Vila Velha,Ilha dos Bentos
Espírito Santo,ES,Vila Velha,Ipessa
Espírito Santo,ES,Vila Velha,Itaparica
Espírito Santo,ES,Vila Velha,Itapoa
Espírito Santo,ES,Vila Velha,Jaburuna
Espírito Santo,ES,Vila Velha,Jardim Asteca
Espírito Santo,ES,Vila Velha,Jardim Colorado
Espírito Santo,ES,Vila Velha,Jardim Marilandia
Espírito Santo,ES,Vila Velha,Nossa Senhora da Penha
Espírito Santo,ES,Vila Velha,Novo Mexico
Espírito Santo,ES,Vila Velha,Parque das Gaivotas
Espírito Santo,ES,Vila Velha,Paul
Espírito Santo,ES,Vila Velha,Planalto
Espírito Santo,ES,Vila Velha,Praia da Costa
Espírito Santo,ES,Vila Velha,Praia de Itaparica
Espírito Santo,ES,Vila Velha,Praia de Itapoa
Espírito Santo,ES,Vila Velha,Rio Marinho
Espírito Santo,ES,Vila Velha,Santa Clara
Espírito Santo,ES,Vila Velha,Santa Ines
Espírito Santo,ES,Vila Velha,Sao Torquato
Espírito Santo,ES,Vila Velha,Sao Vicente
Espírito Santo,ES,Vila Velha,Soteco
Espírito Santo,ES,Vila Velha,Vale Encantado
Espírito Santo,ES,Vila Velha,Vila Batista
Espírito Santo,ES,Vila Velha,Vila Garrido
Espírito Santo,ES,Vila Velha,Vila Nova
Espírito Santo,ES,Vitoria,Andorinha
Espírito Santo,ES,Vitoria,Antonio Honorio
Espírito Santo,ES,Vitoria,Bairro da Penha
Espírito Santo,ES,Vitoria,Barro Vermelho
Espírito Santo,ES,Vitoria,Bento Ferreira
Espírito Santo,ES,Vitoria,Bonfim
Espírito Santo,ES,Vitoria,Caratoira
Espírito Santo,ES,Vitoria,Centro
Espírito Santo,ES,Vitoria,Engenharia
Espírito Santo,ES,Vitoria,Enseada Praia Sua
Espírito Santo,ES,Vitoria,Estrelinha
Espírito Santo,ES,Vitoria,Forte Sao Joao
Espírito Santo,ES,Vitoria,Fradinhos
Espírito Santo,ES,Vitoria,Goiabeiras
Espírito Santo,ES,Vitoria,Grande Vitoria
Espírito Santo,ES,Vitoria,Horto
Espírito Santo,ES,Vitoria,Ilha Bela
Espírito Santo,ES,Vitoria,Ilha das Caieiras
Espírito Santo,ES,Vitoria,Ilha de Monte Belo
Espírito Santo,ES,Vitoria,Ilha de Santa Maria
Espírito Santo,ES,Vitoria,Ilha do Frade
Espírito Santo,ES,Vitoria,Ilha do Principe
Espírito Santo,ES,Vitoria,Inhangueta
Espírito Santo,ES,Vitoria,Itarare
Espírito Santo,ES,Vitoria,Jabour
Espírito Santo,ES,Vitoria,Jardim Camburi
Espírito Santo,ES,Vitoria,Jardim da Penha
Espírito Santo,ES,Vitoria,Jesus Nazareth
Espírito Santo,ES,Vitoria,Joana D'arc
Espírito Santo,ES,Vitoria,Jucutuquara
Espírito Santo,ES,Vitoria,Lourdes
Espírito Santo,ES,Vitoria,Maria Ortiz
Espírito Santo,ES,Vitoria,Maruipe
Espírito Santo,ES,Vitoria,Mata da Praia
Espírito Santo,ES,Vitoria,Morada Camburi
Espírito Santo,ES,Vitoria,Morro do Quadro
Espírito Santo,ES,Vitoria,Nazareth
Espírito Santo,ES,Vitoria,Nossa Senhora da Consolacao
Espírito Santo,ES,Vitoria,Parque Moscoso
Espírito Santo,ES,Vitoria,Pontal Camburi
Espírito Santo,ES,Vitoria,Praia de Santa Helena
Espírito Santo,ES,Vitoria,Praia do Canto
Espírito Santo,ES,Vitoria,Praia do Sua
Espírito Santo,ES,Vitoria,Republica
Espírito Santo,ES,Vitoria,Romao
Espírito Santo,ES,Vitoria,Santa Cecilia
Espírito Santo,ES,Vitoria,Santa Lucia
Espírito Santo,ES,Vitoria,Santa Luiza
Espírito Santo,ES,Vitoria,Santa Marta
Espírito Santo,ES,Vitoria,Santa Tereza
Espírito Santo,ES,Vitoria,Santo Antonio
Espírito Santo,ES,Vitoria,Santos Dumont
Espírito Santo,ES,Vitoria,Sao Cristovao
Espírito Santo,ES,Vitoria,Sao Pedro
Espírito Santo,ES,Vitoria,Seguranca do Lar
Espírito Santo,ES,Vitoria,Solon Borges
Espírito Santo,ES,Vitoria,Tabuazeiro
Espírito Santo,ES,Vitoria,Vila Maria
Espírito Santo,ES,Vitoria,Vila Rubim
Goiás,GO,Anapolis,Alvorada
Goiás,GO,Anapolis,Anapolis City
Goiás,GO,Anapolis,Andracel Center
Goiás,GO,Anapolis,Bandeiras
Goiás,GO,Anapolis,Batista
Goiás,GO,Anapolis,Boa Vista
Goiás,GO,Anapolis,Bom Sucesso
Goiás,GO,Anapolis,Calixtolandia
Goiás,GO,Anapolis,Campos Elisios
Goiás,GO,Anapolis,Chacaras Americanas
Goiás,GO,Anapolis,Chacaras Vale das Antas
Goiás,GO,Anapolis,Cidade Jardim
Goiás,GO,Anapolis,Cidade Universitaria
Goiás,GO,Anapolis,Conjunto Mirage
Goiás,GO,Anapolis,Conjunto Raul Balduino
Goiás,GO,Anapolis,Conjunto Villa Verde
Goiás,GO,Anapolis,Dom Pedro II
Goiás,GO,Anapolis,Frei Eustaquio
Goiás,GO,Anapolis,Itamaraty
Goiás,GO,Anapolis,Jardim Alexandrina
Goiás,GO,Anapolis,Jardim Alvorada
Goiás,GO,Anapolis,Jardim America
Goiás,GO,Anapolis,Jardim Arco Verde
Goiás,GO,Anapolis,Jardim Bandeirante
Goiás,GO,Anapolis,Jardim Bela Vista
Goiás,GO,Anapolis,Jardim Bom Clima
Goiás,GO,Anapolis,Jardim Calixto
Goiás,GO,Anapolis,Jardim das Americas
Goiás,GO,Anapolis,Jardim das Oliveiras
Goiás,GO,Anapolis,Jardim Eldorado
Goiás,GO,Anapolis,Jardim Europa
Goiás,GO,Anapolis,Jardim Goiano
Goiás,GO,Anapolis,Jardim Goncalves
Goiás,GO,Anapolis,Jardim Ibirapuera
Goiás,GO,Anapolis,Jardim Nacoes Unidas
Goiás,GO,Anapolis,Jardim Petropolis
Goiás,GO,Anapolis,Jardim Planalto
Goiás,GO,Anapolis,Jardim Santana
Goiás,GO,Anapolis,Jardim Suico
Goiás,GO,Anapolis,Jardim Tesouro
Goiás,GO,Anapolis,Jk
Goiás,GO,Anapolis,Joquei Club
Goiás,GO,Anapolis,Jundiai
Goiás,GO,Anapolis,Lapa
Goiás,GO,Anapolis,Lourdes
Goiás,GO,Anapolis,Maracana
Goiás,GO,Anapolis,Nossa Senhora Aparecida
Goiás,GO,Anapolis,Paraiso Ss
Goiás,GO,Anapolis,Parque Brasilia
Goiás,GO,Anapolis,Parque Calixtopolis
Goiás,GO,Anapolis,Parque Iracema
Goiás,GO,Anapolis,Parque Residencial Ander
Goiás,GO,Anapolis,Parque Sao Joao
Goiás,GO,Anapolis,Polocentro
Goiás,GO,Anapolis,Prive Lirios dos Campos
Goiás,GO,Anapolis,Recanto do Sol
Goiás,GO,Anapolis,Santo Andre
Goiás,GO,Anapolis,Santo Antonio
Goiás,GO,Anapolis,Sao Carlos
Goiás,GO,Anapolis,Sao Joao
Goiás,GO,Anapolis,Sao Jose
Goiás,GO,Anapolis,Sao Lourenco
Goiás,GO,Anapolis,Setor Central
Goiás,GO,Anapolis,Setor Industrial Aeroporto
Goiás,GO,Anapolis,Setor Nova Capital
Goiás,GO,Anapolis,Setor Tropical
Goiás,GO,Anapolis,Sitios de Recreio Americano do Brasil
Goiás,GO,Anapolis,Vila Brasil
Goiás,GO,Anapolis,Vila Calixto Abrao
Goiás,GO,Anapolis,Vila Fabril
Goiás,GO,Anapolis,Vila Formosa
Goiás,GO,Anapolis,Vila Goias
Goiás,GO,Anapolis,Vila Gois
Goiás,GO,Anapolis,Vila Goncalves
Goiás,GO,Anapolis,Vila Industrial
Goiás,GO,Anapolis,Vila Jaiara
Goiás,GO,Anapolis,Vila Jussara
Goiás,GO,Anapolis,Vila Maracananzinho
Goiás,GO,Anapolis,Vila Mariana
Goiás,GO,Anapolis,Vila Miguel Jorge
Goiás,GO,Anapolis,Vila Norte
Goiás,GO,Anapolis,Vila Nossa Senhora D Abadia
Goiás,GO,Anapolis,Vila Popular Munir Calixto
Goiás,GO,Anapolis,Vila Rica
Goiás,GO,Anapolis,Vila Santa Helena
Goiás,GO,Anapolis,Vila Santa Isabel
Goiás,GO,Anapolis,Vila Santa Maria
Goiás,GO,Anapolis,Vila Santa Maria de Nazareth
Goiás,GO,Anapolis,Vila Santa Rosa
Goiás,GO,Anapolis,Vila Santana
Goiás,GO,Anapolis,Vila Sao Joao
Goiás,GO,Anapolis,Vila Sao Joaquim
Goiás,GO,Anapolis,Vila Sao Jorge
Goiás,GO,Anapolis,Vila Sao Jose
Goiás,GO,Anapolis,Vila Sul
Goiás,GO,Anapolis,Vila Vera Cruz
Goiás,GO,Anapolis,Village Jardim Anapolis
Goiás,GO,Aparecida de Goiania,Cidade Vera Cruz
Goiás,GO,Aparecida de Goiania,Conjunto Liberdade
Goiás,GO,Aparecida de Goiania,Expansur
Goiás,GO,Aparecida de Goiania,Jardim Cecilia
Goiás,GO,Aparecida de Goiania,Jardim Colorado
Goiás,GO,Aparecida de Goiania,Jardim Cristal
Goiás,GO,Aparecida de Goiania,Jardim dos Buritis
Goiás,GO,Aparecida de Goiania,Jardim Santo Antonio
Goiás,GO,Aparecida de Goiania,Nossa Senhora de Lourdes
Goiás,GO,Aparecida de Goiania,Papillon Park
Goiás,GO,Aparecida de Goiania,Parque Atalaia
Goiás,GO,Aparecida de Goiania,Parque das Nacoes
Goiás,GO,Aparecida de Goiania,Parque Floresta
Goiás,GO,Aparecida de Goiania,Parque Ibirapuera
Goiás,GO,Aparecida de Goiania,Parque Industrial Santo Antonio
Goiás,GO,Aparecida de Goiania,Parque Itamarati
Goiás,GO,Aparecida de Goiania,Parque Karaja
Goiás,GO,Aparecida de Goiania,Parque Madre Germana
Goiás,GO,Aparecida de Goiania,Parque Montreal
Goiás,GO,Aparecida de Goiania,Rosa dos Ventos
Goiás,GO,Aparecida de Goiania,Setor Araguaia
Goiás,GO,Aparecida de Goiania,Setor Central
Goiás,GO,Aparecida de Goiania,Setor Santo Andre
Goiás,GO,Aparecida de Goiania,Sitios Santa Luzia
Goiás,GO,Aparecida de Goiania,Vale do Sol
Goiás,GO,Aparecida de Goiania,Vera Cruz
Goiás,GO,Aparecida de Goiania,Verde Vale
Goiás,GO,Aparecida de Goiania,Vila Adelia
Goiás,GO,Aparecida de Goiania,Vila Alzira
Goiás,GO,Aparecida de Goiania,Vila Brasilia
Goiás,GO,Aparecida de Goiania,Vila Delfiori
Goiás,GO,Aparecida de Goiania,Vila Maria
Goiás,GO,Aparecida de Goiania,Vila Mariana
Goiás,GO,Aparecida de Goiania,Vila Real
Goiás,GO,Aparecida de Goiania,Vila Romana
Goiás,GO,Aparecida de Goiania,Vila Santa Cecilia
Goiás,GO,Aparecida de Goiania,Vila Santos Dumont
Goiás,GO,Aparecida de Goiania,Vila Sao Joaquim
Goiás,GO,Aparecida de Goiania,Vila Sao Manoel
Goiás,GO,Aparecida de Goiania,Vila Sao Tomaz
Goiás,GO,Aparecida de Goiania,Vila Souza
Goiás,GO,Aparecida de Goiania,Vila Sul
Goiás,GO,Catalao,Castelo Branco
Goiás,GO,Catalao,Loteamento
Goiás,GO,Catalao,Loteamento Bairro das Americas
Goiás,GO,Catalao,Loteamento Bela Vista I
Goiás,GO,Catalao,Loteamento Boa Sorte
Goiás,GO,Catalao,Loteamento Brasiliense
Goiás,GO,Catalao,Loteamento Ipanema
Goiás,GO,Catalao,Loteamento Jardim Catalao
Goiás,GO,Catalao,Loteamento Jardim Paraiso
Goiás,GO,Catalao,Loteamento Jardim Paulista
Goiás,GO,Catalao,Loteamento Jk
Goiás,GO,Catalao,Loteamento Leao
Goiás,GO,Catalao,Loteamento Marcone
Goiás,GO,Catalao,Loteamento Parque das Mangueiras
Goiás,GO,Catalao,Loteamento Pontal Norte
Goiás,GO,Catalao,Loteamento Santa Cruz
Goiás,GO,Catalao,Loteamento Santa Helena II
Goiás,GO,Catalao,Loteamento Santa Terezinha
Goiás,GO,Catalao,Loteamento Sao Lucas
Goiás,GO,Catalao,Loteamento Tres Cruzes
Goiás,GO,Catalao,Loteamento Vale do Sol
Goiás,GO,Catalao,Loteamento Vila Chaud
Goiás,GO,Catalao,Loteamento Vila Cruzeiro I
Goiás,GO,Catalao,Mae de Deus
Goiás,GO,Catalao,Nossa Senhora de Fatima
Goiás,GO,Catalao,Pio Gomes
Goiás,GO,Catalao,Santo Antonio
Goiás,GO,Catalao,Sao Francisco
Goiás,GO,Catalao,Sao Joao
Goiás,GO,Catalao,Sao Jose
Goiás,GO,Catalao,Setor Aeroporto
Goiás,GO,Catalao,Setor Central
Goiás,GO,Catalao,Setor Universitario
Goiás,GO,Catalao,Vila Dona Erondina
Goiás,GO,Catalao,Vila Liberdade
Goiás,GO,Catalao,Vila Margon
Goiás,GO,Catalao,Vila Maria
Goiás,GO,Catalao,Vila Uniao
Goiás,GO,Goiania,Aeroviario
Goiás,GO,Goiania,Alto da Gloria
Goiás,GO,Goiania,Anhanguera
Goiás,GO,Goiania,Capuava
Goiás,GO,Goiania,Chacaras Botafogo
Goiás,GO,Goiania,Cidade Jardim
Goiás,GO,Goiania,Condominio Santa Rita
Goiás,GO,Goiania,Conjunto Aruana I
Goiás,GO,Goiania,Conjunto Aruana II
Goiás,GO,Goiania,Conjunto Aruana III
Goiás,GO,Goiania,Conjunto Cachoeira Dourada
Goiás,GO,Goiania,Conjunto Caicara
Goiás,GO,Goiania,Conjunto Fabiana
Goiás,GO,Goiania,Conjunto Itatiaia
Goiás,GO,Goiania,Conjunto Morada Nova
Goiás,GO,Goiania,Conjunto Padre Pelagio
Goiás,GO,Goiania,Conjunto Romildo F Amaral
Goiás,GO,Goiania,Conjunto Vera Cruz
Goiás,GO,Goiania,Elisios Campos
Goiás,GO,Goiania,Esplanada do Anicuns
Goiás,GO,Goiania,Faicalville
Goiás,GO,Goiania,Garavelo Residencial Norte
Goiás,GO,Goiania,Goia I
Goiás,GO,Goiania,Goia II
Goiás,GO,Goiania,Granja Cruzeiro do Sul
Goiás,GO,Goiania,Industrial Mooca
Goiás,GO,Goiania,Ipiranga
Goiás,GO,Goiania,Jardim Ana Lucia
Goiás,GO,Goiania,Jardim Atlantico
Goiás,GO,Goiania,Jardim Balneario Meia Ponte
Goiás,GO,Goiania,Jardim Bela Vista
Goiás,GO,Goiania,Jardim Botanico
Goiás,GO,Goiania,Jardim California
Goiás,GO,Goiania,Jardim da Luz
Goiás,GO,Goiania,Jardim das Esmeraldas
Goiás,GO,Goiania,Jardim Diamantina
Goiás,GO,Goiania,Jardim Europa
Goiás,GO,Goiania,Jardim Goias
Goiás,GO,Goiania,Jardim Guanabara
Goiás,GO,Goiania,Jardim Leblon
Goiás,GO,Goiania,Jardim Mariliza
Goiás,GO,Goiania,Jardim Nova Esperanca
Goiás,GO,Goiania,Jardim Novo Mundo
Goiás,GO,Goiania,Jardim Petropolis
Goiás,GO,Goiania,Jardim Planalto
Goiás,GO,Goiania,Jardim Pompeia
Goiás,GO,Goiania,Jardim Presidente
Goiás,GO,Goiania,Jardim Santa Barbara
Goiás,GO,Goiania,Jardim Sao Judas Tadeu
Goiás,GO,Goiania,Jardim Vila Boa
Goiás,GO,Goiania,Jardim Vitoria
Goiás,GO,Goiania,Mansoes Goianas
Goiás,GO,Goiania,Parque Acalanto
Goiás,GO,Goiania,Parque Amazonia
Goiás,GO,Goiania,Parque Anhanguera
Goiás,GO,Goiania,Parque das Amendoeiras
Goiás,GO,Goiania,Parque das Andorinhas
Goiás,GO,Goiania,Parque das Laranjeiras
Goiás,GO,Goiania,Parque Industrial
Goiás,GO,Goiania,Parque Industrial Joao Braz
Goiás,GO,Goiania,Parque Industrial Paulista
Goiás,GO,Goiania,Parque Oeste Industrial
Goiás,GO,Goiania,Parque Santa Rita
Goiás,GO,Goiania,Parque Tremendao
Goiás,GO,Goiania,Rodoviario
Goiás,GO,Goiania,Santa Genoveva
Goiás,GO,Goiania,Santo Antonio
Goiás,GO,Goiania,Santo Hilario
Goiás,GO,Goiania,Sao Francisco
Goiás,GO,Goiania,Setor Aeroporto
Goiás,GO,Goiania,Setor Bueno
Goiás,GO,Goiania,Setor Campinas
Goiás,GO,Goiania,Setor Central
Goiás,GO,Goiania,Setor Centro Oeste
Goiás,GO,Goiania,Setor Coimbra
Goiás,GO,Goiania,Setor Crimeia Leste
Goiás,GO,Goiania,Setor Crimeia Oeste
Goiás,GO,Goiania,Setor dos Funcionarios
Goiás,GO,Goiania,Setor Gentil Meireles
Goiás,GO,Goiania,Setor Jao
Goiás,GO,Goiania,Setor Leste Universitario
Goiás,GO,Goiania,Setor Leste Vila Nova
Goiás,GO,Goiania,Setor Marechal Rondon
Goiás,GO,Goiania,Setor Marista
Goiás,GO,Goiania,Setor Negrao de Lima
Goiás,GO,Goiania,Setor Oeste
Goiás,GO,Goiania,Setor Pedro Ludovico
Goiás,GO,Goiania,Setor Progresso
Goiás,GO,Goiania,Setor Santos Dumont
Goiás,GO,Goiania,Setor Sul
Goiás,GO,Goiania,Setor Tancredo Neves
Goiás,GO,Goiania,Setor Ulisses Guimaraes
Goiás,GO,Goiania,Setor Urias Magalhaes
Goiás,GO,Goiania,Sitio de Recreio Mansoes Bernardo Sayao
Goiás,GO,Goiania,Sitio de Recreio Morada do Sol
Goiás,GO,Goiania,Sitio de Recreio Panorama
Goiás,GO,Goiania,Sitios Ipe
Goiás,GO,Goiania,Vila Adelia
Goiás,GO,Goiania,Vila Agua Branca
Goiás,GO,Goiania,Vila Aguiar
Goiás,GO,Goiania,Vila Alpes
Goiás,GO,Goiania,Vila Alto da Gloria
Goiás,GO,Goiania,Vila Alvorada
Goiás,GO,Goiania,Vila Americano do Brasil
Goiás,GO,Goiania,Vila Anchieta
Goiás,GO,Goiania,Vila Aurora
Goiás,GO,Goiania,Vila Aurora Oeste
Goiás,GO,Goiania,Vila Bandeirantes
Goiás,GO,Goiania,Vila Bela
Goiás,GO,Goiania,Vila Boa Sorte
Goiás,GO,Goiania,Vila Canaa
Goiás,GO,Goiania,Vila Clemente
Goiás,GO,Goiania,Vila Colemar Natal e Silva
Goiás,GO,Goiania,Vila Concordia
Goiás,GO,Goiania,Vila Coronel Cosme
Goiás,GO,Goiania,Vila Cristina
Goiás,GO,Goiania,Vila Finsocial
Goiás,GO,Goiania,Vila Froes
Goiás,GO,Goiania,Vila Isaura
Goiás,GO,Goiania,Vila Joao Vaz
Goiás,GO,Goiania,Vila Lucy
Goiás,GO,Goiania,Vila Maria Jose
Goiás,GO,Goiania,Vila Maria Luiza
Goiás,GO,Goiania,Vila Maria Rosa
Goiás,GO,Goiania,Vila Matilde
Goiás,GO,Goiania,Vila Maua
Goiás,GO,Goiania,Vila Mooca
Goiás,GO,Goiania,Vila Morais
Goiás,GO,Goiania,Vila Novo Horizonte
Goiás,GO,Goiania,Vila Paraiso
Goiás,GO,Goiania,Vila Pedroso
Goiás,GO,Goiania,Vila Redencao
Goiás,GO,Goiania,Vila Regina
Goiás,GO,Goiania,Vila Romana
Goiás,GO,Goiania,Vila Rosa
Goiás,GO,Goiania,Vila Santa Helena
Goiás,GO,Goiania,Vila Santa Rita
Goiás,GO,Goiania,Vila Santa Tereza
Goiás,GO,Goiania,Vila Santana
Goiás,GO,Goiania,Vila Santo Afonso
Goiás,GO,Goiania,Vila Sao Francisco
Goiás,GO,Goiania,Vila Sao Paulo
Goiás,GO,Goiania,Vila Yate
Goiás,GO,Itumbiara,Alto da Boa Vista
Goiás,GO,Itumbiara,Conjunto Habitacional Dona Norma Gibaldi
Goiás,GO,Itumbiara,Jardim America
Goiás,GO,Itumbiara,Jardim Leonora
Goiás,GO,Itumbiara,Jardim Liberdade
Goiás,GO,Itumbiara,Setor Afonso Pena
Goiás,GO,Itumbiara,Setor Anhanguera
Goiás,GO,Itumbiara,Setor Bela Vista
Goiás,GO,Itumbiara,Setor Brasilia
Goiás,GO,Itumbiara,Setor Buritys
Goiás,GO,Itumbiara,Setor Central
Goiás,GO,Itumbiara,Setor Comercial
Goiás,GO,Itumbiara,Setor Dona Marolina
Goiás,GO,Itumbiara,Setor Luz
Goiás,GO,Itumbiara,Setor Norte
Goiás,GO,Itumbiara,Setor Nossa Senhora da Saude
Goiás,GO,Itumbiara,Setor Nova Aurora
Goiás,GO,Itumbiara,Setor Novo Horizonte
Goiás,GO,Itumbiara,Setor Paranaiba
Goiás,GO,Itumbiara,Setor Planalto
Goiás,GO,Itumbiara,Setor Rodoviario
Goiás,GO,Itumbiara,Setor Santa Ines
Goiás,GO,Itumbiara,Setor Santa Rita
Goiás,GO,Itumbiara,Setor Santos Dumont
Goiás,GO,Itumbiara,Setor Sao Joao
Goiás,GO,Itumbiara,Setor Sao Sebastiao
Goiás,GO,Itumbiara,Setor Social
Goiás,GO,Itumbiara,Setor Trindade
Goiás,GO,Itumbiara,Vila de Furnas
Goiás,GO,Itumbiara,Vila Vitoria
Goiás,GO,Itumbiara,Village Imperial
Goiás,GO,Jatai,Bela Vista
Goiás,GO,Jatai,Centro
Goiás,GO,Jatai,Conjunto Rio Claro (i Etapa)
Goiás,GO,Jatai,Conjunto Rio Claro (ii Etapa)
Goiás,GO,Jatai,Conjunto Rio Claro (iii Etapa)
Goiás,GO,Jatai,Divino Espirito Santo
Goiás,GO,Jatai,Dom Abel
Goiás,GO,Jatai,Jardim da Liberdade
Goiás,GO,Jatai,Jose Estevam
Goiás,GO,Jatai,Popular
Goiás,GO,Jatai,Samuel Grahan
Goiás,GO,Jatai,Santa Lucia
Goiás,GO,Jatai,Santa Terezinha
Goiás,GO,Jatai,Santo Antonio
Goiás,GO,Jatai,Serra Azul
Goiás,GO,Jatai,Setor Aeroporto
Goiás,GO,Jatai,Setor Alto das Rosas
Goiás,GO,Jatai,Setor Antena
Goiás,GO,Jatai,Setor Brasilia
Goiás,GO,Jatai,Setor Colinas
Goiás,GO,Jatai,Setor Epaminondas II
Goiás,GO,Jatai,Setor Estrela Dalva
Goiás,GO,Jatai,Setor Fabriny
Goiás,GO,Jatai,Setor Francisco Antonio
Goiás,GO,Jatai,Setor Geda
Goiás,GO,Jatai,Setor Granjeiro
Goiás,GO,Jatai,Setor Hermosa
Goiás,GO,Jatai,Setor Industrial
Goiás,GO,Jatai,Setor Iracema
Goiás,GO,Jatai,Setor Jacutinga
Goiás,GO,Jatai,Setor Jose Bento
Goiás,GO,Jatai,Setor Oeste
Goiás,GO,Jatai,Setor Planalto
Goiás,GO,Jatai,Sodre
Goiás,GO,Jatai,St Epaminondas I
Goiás,GO,Jatai,Vila Campo Neutro
Goiás,GO,Jatai,Vila das Palmeiras
Goiás,GO,Jatai,Vila Fatima
Goiás,GO,Jatai,Vila Frei Domingos
Goiás,GO,Jatai,Vila Jardim America
Goiás,GO,Jatai,Vila Jardim Maximiano Peres
Goiás,GO,Jatai,Vila Jardim Paraiso
Goiás,GO,Jatai,Vila Jardim Rio Claro
Goiás,GO,Jatai,Vila Luiza
Goiás,GO,Jatai,Vila Olavo
Goiás,GO,Jatai,Vila Paraiso I
Goiás,GO,Jatai,Vila Paraiso II
Goiás,GO,Jatai,Vila Progresso
Goiás,GO,Jatai,Vila Santa Maria
Goiás,GO,Jatai,Vila Sao Pedro
Goiás,GO,Jatai,Vila Sofia
Goiás,GO,Jatai,Vila Tres Marias
Goiás,GO,Planaltina,Arapoanga
Goiás,GO,Planaltina,Brasilinha 17 (panorama)
Goiás,GO,Planaltina,Condominio Mestre D'armas
Goiás,GO,Planaltina,Estancia Mestre D'armas
Goiás,GO,Planaltina,Itapua I
Goiás,GO,Planaltina,Itapua II
Goiás,GO,Planaltina,Jardim das Paineiras
Goiás,GO,Planaltina,Jardim Paqueta I
Goiás,GO,Planaltina,Jardim Paqueta II
Goiás,GO,Planaltina,Jardim Roriz
Goiás,GO,Planaltina,Mansoes Itiquira
Goiás,GO,Planaltina,Portal do Amanhecer
Goiás,GO,Planaltina,Setor Administrativo
Goiás,GO,Planaltina,Setor Aeroporto
Goiás,GO,Planaltina,Setor Comercial Central
Goiás,GO,Planaltina,Setor de Educacao
Goiás,GO,Planaltina,Setor de Hoteis e Diversoes
Goiás,GO,Planaltina,Setor Hospitalar
Goiás,GO,Planaltina,Setor Leste
Goiás,GO,Planaltina,Setor Norte
Goiás,GO,Planaltina,Setor Oeste
Goiás,GO,Planaltina,Setor Recreativo e Cultural
Goiás,GO,Planaltina,Setor Residencial Leste
Goiás,GO,Planaltina,Setor Residencial Norte
Goiás,GO,Planaltina,Setor Sul
Goiás,GO,Planaltina,Setor Tradicional
Goiás,GO,Planaltina,Vale do Amanhecer
Goiás,GO,Planaltina,Vila Nossa Senhora de Fatima
Goiás,GO,Planaltina,Vila Vicentina
Goiás,GO,Rio Verde,Anhanguera
Goiás,GO,Rio Verde,Cesar Bastos
Goiás,GO,Rio Verde,Conjunto Morada do Sol
Goiás,GO,Rio Verde,Conjunto Vila Verde
Goiás,GO,Rio Verde,Eldorado
Goiás,GO,Rio Verde,Jardim Adriana
Goiás,GO,Rio Verde,Jardim America
Goiás,GO,Rio Verde,Jardim Bela Vista
Goiás,GO,Rio Verde,Jardim Brasilia
Goiás,GO,Rio Verde,Jardim das Margaridas
Goiás,GO,Rio Verde,Jardim Eleonora
Goiás,GO,Rio Verde,Jardim Goias
Goiás,GO,Rio Verde,Jardim Marconal
Goiás,GO,Rio Verde,Jardim Neves
Goiás,GO,Rio Verde,Jardim Presidente
Goiás,GO,Rio Verde,Liberdade
Goiás,GO,Rio Verde,Lourdes
Goiás,GO,Rio Verde,Martins
Goiás,GO,Rio Verde,Paraguacu
Goiás,GO,Rio Verde,Parque Bandeirante
Goiás,GO,Rio Verde,Parque Betel
Goiás,GO,Rio Verde,Parque Bougainville
Goiás,GO,Rio Verde,Parque dos Buritis
Goiás,GO,Rio Verde,Parque Laranjeiras
Goiás,GO,Rio Verde,Parque Solar do Agreste
Goiás,GO,Rio Verde,Popular
Goiás,GO,Rio Verde,Presidente Nasser
Goiás,GO,Rio Verde,Santo Agostinho
Goiás,GO,Rio Verde,Santo Antonio de Lisboa
Goiás,GO,Rio Verde,Sao Joao
Goiás,GO,Rio Verde,Sao Joaquim
Goiás,GO,Rio Verde,Setor Alvorada
Goiás,GO,Rio Verde,Setor Central
Goiás,GO,Rio Verde,Setor Dona Gercina
Goiás,GO,Rio Verde,Setor Industrial
Goiás,GO,Rio Verde,Setor Morada do Sol
Goiás,GO,Rio Verde,Setor Oeste
Goiás,GO,Rio Verde,Setor Pausanes
Goiás,GO,Rio Verde,Setor Santa Luzia
Goiás,GO,Rio Verde,Setor Universitario
Goiás,GO,Rio Verde,Solar Campestre
Goiás,GO,Rio Verde,Vila Amalia
Goiás,GO,Rio Verde,Vila Andre Luiz
Goiás,GO,Rio Verde,Vila Baylao
Goiás,GO,Rio Verde,Vila Borges
Goiás,GO,Rio Verde,Vila Carolina
Goiás,GO,Rio Verde,Vila Dinara
Goiás,GO,Rio Verde,Vila Dona Auta
Goiás,GO,Rio Verde,Vila Gomes
Goiás,GO,Rio Verde,Vila Ma
Goiás,GO,Rio Verde,Vila Maria
Goiás,GO,Rio Verde,Vila Meneses
Goiás,GO,Rio Verde,Vila Modelo
Goiás,GO,Rio Verde,Vila Morais
Goiás,GO,Rio Verde,Vila Olinda
Goiás,GO,Rio Verde,Vila Promissao
Goiás,GO,Rio Verde,Vila Renovacao
Goiás,GO,Rio Verde,Vila Rosalina
Goiás,GO,Rio Verde,Vila Santa Cruz
Goiás,GO,Rio Verde,Vila Santo Andre
Goiás,GO,Rio Verde,Vila Santo Antonio
Goiás,GO,Rio Verde,Vila Serpro
Maranhão,MA,Caxias,Aeroporto Velho
Maranhão,MA,Caxias,Alto da Cruz
Maranhão,MA,Caxias,Baixinha
Maranhão,MA,Caxias,Caldeiroes Piraja
Maranhão,MA,Caxias,Campo de Belem
Maranhão,MA,Caxias,Cangalheiro
Maranhão,MA,Caxias,Castelo Branco
Maranhão,MA,Caxias,Centro
Maranhão,MA,Caxias,Conjunto Helio Queiroz
Maranhão,MA,Caxias,Ipem
Maranhão,MA,Caxias,Itapecuruzinho
Maranhão,MA,Caxias,Joao Viana
Maranhão,MA,Caxias,Matadouro Novo
Maranhão,MA,Caxias,Matadouro Velho
Maranhão,MA,Caxias,Morro do Alecrim
Maranhão,MA,Caxias,Mutirao
Maranhão,MA,Caxias,Nova Caxias
Maranhão,MA,Caxias,O Tres
Maranhão,MA,Caxias,Pai Geraldo
Maranhão,MA,Caxias,Pe da Ladeira
Maranhão,MA,Caxias,Piquizeiro
Maranhão,MA,Caxias,Ponte
Maranhão,MA,Caxias,Refinaria
Maranhão,MA,Caxias,Salobo
Maranhão,MA,Caxias,Sao Francisco
Maranhão,MA,Caxias,Seriema
Maranhão,MA,Caxias,Teso Duro
Maranhão,MA,Caxias,Trizidela
Maranhão,MA,Caxias,Vila Lobao
Maranhão,MA,Caxias,Volta Redonda
Maranhão,MA,Imperatriz,Bacuri
Maranhão,MA,Imperatriz,Beira Rio
Maranhão,MA,Imperatriz,Boca da Mata
Maranhão,MA,Imperatriz,Bom Sucesso
Maranhão,MA,Imperatriz,Caema
Maranhão,MA,Imperatriz,Centro
Maranhão,MA,Imperatriz,Conjunto Nova Vitoria I
Maranhão,MA,Imperatriz,Conjunto Vitoria
Maranhão,MA,Imperatriz,Entroncamento
Maranhão,MA,Imperatriz,Imigrantes
Maranhão,MA,Imperatriz,Jardim Imperatriz
Maranhão,MA,Imperatriz,Jardim Oriental
Maranhão,MA,Imperatriz,Jardim Sao Luis
Maranhão,MA,Imperatriz,Jucara
Maranhão,MA,Imperatriz,Maranhao Novo
Maranhão,MA,Imperatriz,Mercadinho
Maranhão,MA,Imperatriz,Morada do Sol
Maranhão,MA,Imperatriz,Nova Imperatriz
Maranhão,MA,Imperatriz,Parque Anhanguera
Maranhão,MA,Imperatriz,Parque do Buriti
Maranhão,MA,Imperatriz,Parque Planalto
Maranhão,MA,Imperatriz,Parque Santa Lucia
Maranhão,MA,Imperatriz,Parque Sao Jose
Maranhão,MA,Imperatriz,Residencial Cinco Estrelas
Maranhão,MA,Imperatriz,Rodoviarias
Maranhão,MA,Imperatriz,Santa Ines
Maranhão,MA,Imperatriz,Santa Luzia
Maranhão,MA,Imperatriz,Santa Rita
Maranhão,MA,Imperatriz,Sao Jose do Egito
Maranhão,MA,Imperatriz,Super Quadra 602
Maranhão,MA,Imperatriz,Tres Poderes
Maranhão,MA,Imperatriz,Uniao
Maranhão,MA,Imperatriz,Vila Albertina
Maranhão,MA,Imperatriz,Vila Carajas
Maranhão,MA,Imperatriz,Vila Lobao
Maranhão,MA,Imperatriz,Vila Nova
Maranhão,MA,Imperatriz,Vila Redencao
Maranhão,MA,Imperatriz,Vila Redencao I
Maranhão,MA,Sao Luis,Alemanha
Maranhão,MA,Sao Luis,Anil
Maranhão,MA,Sao Luis,Anjo da Guarda
Maranhão,MA,Sao Luis,Apeadouro
Maranhão,MA,Sao Luis,Apicum
Maranhão,MA,Sao Luis,Areinha
Maranhão,MA,Sao Luis,Aurora
Maranhão,MA,Sao Luis,Baixinha
Maranhão,MA,Sao Luis,Bares
Maranhão,MA,Sao Luis,Barreto
Maranhão,MA,Sao Luis,Belira
Maranhão,MA,Sao Luis,Bequimao
Maranhão,MA,Sao Luis,Boa Vista
Maranhão,MA,Sao Luis,Camboa
Maranhão,MA,Sao Luis,Cantinho do Ceu
Maranhão,MA,Sao Luis,Caratatiua
Maranhão,MA,Sao Luis,Centro
Maranhão,MA,Sao Luis,Codozinho
Maranhão,MA,Sao Luis,Cohab Anil IV
Maranhão,MA,Sao Luis,Coreia
Maranhão,MA,Sao Luis,Coroadinho
Maranhão,MA,Sao Luis,Cruzeiro do Anil
Maranhão,MA,Sao Luis,Cutim
Maranhão,MA,Sao Luis,Desterro
Maranhão,MA,Sao Luis,Diamante
Maranhão,MA,Sao Luis,Fabril
Maranhão,MA,Sao Luis,Fatima
Maranhão,MA,Sao Luis,Fe Em Deus
Maranhão,MA,Sao Luis,Filipinho
Maranhão,MA,Sao Luis,Floresta
Maranhão,MA,Sao Luis,Fonte do Bispo
Maranhão,MA,Sao Luis,Forquilha
Maranhão,MA,Sao Luis,Goiabal
Maranhão,MA,Sao Luis,Ingaura
Maranhão,MA,Sao Luis,Itaqui
Maranhão,MA,Sao Luis,Jardim Alvorada
Maranhão,MA,Sao Luis,Jardim Renascenca
Maranhão,MA,Sao Luis,Jardim Sao Francisco
Maranhão,MA,Sao Luis,Joao de Deus
Maranhão,MA,Sao Luis,Joao Paulo
Maranhão,MA,Sao Luis,Jordoa
Maranhão,MA,Sao Luis,Liberdade
Maranhão,MA,Sao Luis,Lira
Maranhão,MA,Sao Luis,Macauba
Maranhão,MA,Sao Luis,Madre Deus
Maranhão,MA,Sao Luis,Monte Castelo
Maranhão,MA,Sao Luis,Nova Sa Viana
Maranhão,MA,Sao Luis,Olho D Agua
Maranhão,MA,Sao Luis,Outeiro da Cruz
Maranhão,MA,Sao Luis,Pao de Acucar
Maranhão,MA,Sao Luis,Parque Amazonas
Maranhão,MA,Sao Luis,Parque Atlantico
Maranhão,MA,Sao Luis,Parque Jaguarema
Maranhão,MA,Sao Luis,Ponta do Farol
Maranhão,MA,Sao Luis,Recanto Vinhais
Maranhão,MA,Sao Luis,Retiro Natal
Maranhão,MA,Sao Luis,Ribeira
Maranhão,MA,Sao Luis,Sa Viana
Maranhão,MA,Sao Luis,Sacavem
Maranhão,MA,Sao Luis,Santa Cruz
Maranhão,MA,Sao Luis,Santo Antonio
Maranhão,MA,Sao Luis,Sao Bernardo
Maranhão,MA,Sao Luis,Sao Francisco
Maranhão,MA,Sao Luis,Sao Raimundo
Maranhão,MA,Sao Luis,Sitio do Meio
Maranhão,MA,Sao Luis,Sitio Leal
Maranhão,MA,Sao Luis,Tibiri
Maranhão,MA,Sao Luis,Tibirizinho
Maranhão,MA,Sao Luis,Tirirical
Maranhão,MA,Sao Luis,Tunel do Sacavem
Maranhão,MA,Sao Luis,Turu
Maranhão,MA,Sao Luis,Vila Bessa
Maranhão,MA,Sao Luis,Vila Ivar Saldanha
Maranhão,MA,Sao Luis,Vila Nova
Maranhão,MA,Sao Luis,Vila Palmeira
Maranhão,MA,Sao Luis,Vila Passos
Maranhão,MA,Sao Luis,Vila Vicente Fialho
Maranhão,MA,Timon,Arraial
Maranhão,MA,Timon,Bandeirante X
Maranhão,MA,Timon,Bela Vista
Maranhão,MA,Timon,Belarmina
Maranhão,MA,Timon,Boa Esperanca
Maranhão,MA,Timon,Boa Vista
Maranhão,MA,Timon,Centro
Maranhão,MA,Timon,Flores I
Maranhão,MA,Timon,Flores II
Maranhão,MA,Timon,Formosa
Maranhão,MA,Timon,Loteamento Boa Vista
Maranhão,MA,Timon,Mangueira
Maranhão,MA,Timon,Matadouro
Maranhão,MA,Timon,Mutirao
Maranhão,MA,Timon,Novo Horizonte
Maranhão,MA,Timon,Novo Parque Uniao
Maranhão,MA,Timon,Parque Alvorada
Maranhão,MA,Timon,Parque Piaui
Maranhão,MA,Timon,Parque Uniao
Maranhão,MA,Timon,Pedro Patricio
Maranhão,MA,Timon,Picarreira
Maranhão,MA,Timon,Santo Antonio
Maranhão,MA,Timon,Sao Benedito
Maranhão,MA,Timon,Sao Francisco
Maranhão,MA,Timon,Sao Marcos
Maranhão,MA,Timon,Sete Estrelas
Maranhão,MA,Timon,Sucessao
Maranhão,MA,Timon,Uirapuru
Maranhão,MA,Timon,Vila Angelica
Maranhão,MA,Timon,Vila Bandeirante
Maranhão,MA,Timon,Vila Bandeirante II
Maranhão,MA,Timon,Vila do Bec
Maranhão,MA,Timon,Vila Mariana
Maranhão,MA,Timon,Vila Monteiro
Mato Grosso,MT,Cuiaba,Araes
Mato Grosso,MT,Cuiaba,Areao
Mato Grosso,MT,Cuiaba,Bandeirantes
Mato Grosso,MT,Cuiaba,Boa Esperanca
Mato Grosso,MT,Cuiaba,Bosque da Saude
Mato Grosso,MT,Cuiaba,Carumbe
Mato Grosso,MT,Cuiaba,Centro
Mato Grosso,MT,Cuiaba,Chacara dos Pinheiros
Mato Grosso,MT,Cuiaba,Cidade Alta
Mato Grosso,MT,Cuiaba,Cidade Verde
Mato Grosso,MT,Cuiaba,Coophamil
Mato Grosso,MT,Cuiaba,Coophema
Mato Grosso,MT,Cuiaba,Coxipo da Ponte
Mato Grosso,MT,Cuiaba,Dom Aquino
Mato Grosso,MT,Cuiaba,Duque de Caxias
Mato Grosso,MT,Cuiaba,Goiabeira
Mato Grosso,MT,Cuiaba,Grande Terceiro
Mato Grosso,MT,Cuiaba,Horto Florestal
Mato Grosso,MT,Cuiaba,Jardim California
Mato Grosso,MT,Cuiaba,Jardim Cuiaba
Mato Grosso,MT,Cuiaba,Jardim das Americas
Mato Grosso,MT,Cuiaba,Jardim das Palmeiras
Mato Grosso,MT,Cuiaba,Jardim Europa
Mato Grosso,MT,Cuiaba,Jardim Mariana
Mato Grosso,MT,Cuiaba,Jardim Paulista
Mato Grosso,MT,Cuiaba,Jardim Petropolis
Mato Grosso,MT,Cuiaba,Jardim Shangri-la
Mato Grosso,MT,Cuiaba,Jardim Tropical
Mato Grosso,MT,Cuiaba,Lixeira
Mato Grosso,MT,Cuiaba,Nucleo Habitacional Cpa
Mato Grosso,MT,Cuiaba,Parque Ohara
Mato Grosso,MT,Cuiaba,Planalto
Mato Grosso,MT,Cuiaba,Pocao
Mato Grosso,MT,Cuiaba,Porto
Mato Grosso,MT,Cuiaba,Quilombo
Mato Grosso,MT,Cuiaba,Ribeirao do Lipa
Mato Grosso,MT,Cuiaba,Santa Cruz
Mato Grosso,MT,Cuiaba,Santa Izabel
Mato Grosso,MT,Cuiaba,Santa Rosa
Mato Grosso,MT,Cuiaba,Sao Goncalo
Mato Grosso,MT,Cuiaba,Senhor dos Passos
Mato Grosso,MT,Cuiaba,Vila Militar
Mato Grosso,MT,Rondonopolis,Centro
Mato Grosso,MT,Rondonopolis,Cidade Alta
Mato Grosso,MT,Rondonopolis,Cidade Salmen
Mato Grosso,MT,Rondonopolis,Cohab Rio Vermelho
Mato Grosso,MT,Rondonopolis,Colina Verde
Mato Grosso,MT,Rondonopolis,Conjunto Sao Jose
Mato Grosso,MT,Rondonopolis,Coophalis
Mato Grosso,MT,Rondonopolis,Jardim Assuncao
Mato Grosso,MT,Rondonopolis,Jardim Atlantico
Mato Grosso,MT,Rondonopolis,Jardim Belo Horizonte
Mato Grosso,MT,Rondonopolis,Jardim Brasilia
Mato Grosso,MT,Rondonopolis,Jardim Iguassu
Mato Grosso,MT,Rondonopolis,Jardim Luz da Yara
Mato Grosso,MT,Rondonopolis,Jardim Mato Grosso
Mato Grosso,MT,Rondonopolis,Jardim Monte Libano
Mato Grosso,MT,Rondonopolis,Jardim Oliveira
Mato Grosso,MT,Rondonopolis,Jardim Participacao
Mato Grosso,MT,Rondonopolis,Jardim Paulista
Mato Grosso,MT,Rondonopolis,Jardim Pindorama
Mato Grosso,MT,Rondonopolis,Jardim Pioneiros
Mato Grosso,MT,Rondonopolis,Jardim Primavera
Mato Grosso,MT,Rondonopolis,Jardim Rivera
Mato Grosso,MT,Rondonopolis,Jardim Santa Clara
Mato Grosso,MT,Rondonopolis,Jardim Serra Dourada
Mato Grosso,MT,Rondonopolis,Jardim Sumare
Mato Grosso,MT,Rondonopolis,Jardim Tropical
Mato Grosso,MT,Rondonopolis,Jardim Vera Cruz
Mato Grosso,MT,Rondonopolis,Joao de Barro
Mato Grosso,MT,Rondonopolis,La Salle
Mato Grosso,MT,Rondonopolis,Parque Real
Mato Grosso,MT,Rondonopolis,Parque Residencial Sagrada Familia
Mato Grosso,MT,Rondonopolis,Santa Cruz
Mato Grosso,MT,Rondonopolis,Vila Adriana
Mato Grosso,MT,Rondonopolis,Vila Aurora
Mato Grosso,MT,Rondonopolis,Vila Birigui
Mato Grosso,MT,Rondonopolis,Vila Boa Esperanca
Mato Grosso,MT,Rondonopolis,Vila Cardoso
Mato Grosso,MT,Rondonopolis,Vila Ipiranga
Mato Grosso,MT,Rondonopolis,Vila Iracy
Mato Grosso,MT,Rondonopolis,Vila Itamarati
Mato Grosso,MT,Rondonopolis,Vila Mariana
Mato Grosso,MT,Rondonopolis,Vila Nossa Senhora do Amparo
Mato Grosso,MT,Rondonopolis,Vila Olga Maria
Mato Grosso,MT,Rondonopolis,Vila Operaria
Mato Grosso,MT,Rondonopolis,Vila Planalto
Mato Grosso,MT,Varzea Grande,Agua Limpa
Mato Grosso,MT,Varzea Grande,Agua Vermelha
Mato Grosso,MT,Varzea Grande,Centro
Mato Grosso,MT,Varzea Grande,Cristo Rei
Mato Grosso,MT,Varzea Grande,Jardim Aeroporto
Mato Grosso,MT,Varzea Grande,Jardim Eldorado
Mato Grosso,MT,Varzea Grande,Jardim Imperador
Mato Grosso,MT,Varzea Grande,Jardim Marajoara
Mato Grosso,MT,Varzea Grande,Jardim Maringa
Mato Grosso,MT,Varzea Grande,Jardim Paula I
Mato Grosso,MT,Varzea Grande,Jardim Paula II
Mato Grosso,MT,Varzea Grande,Nossa Senhora da Guia
Mato Grosso,MT,Varzea Grande,Nova Varzea Grande
Mato Grosso,MT,Varzea Grande,Parque do Lago
Mato Grosso,MT,Varzea Grande,Ponte Nova
Mato Grosso,MT,Varzea Grande,Sao Goncalo
Mato Grosso,MT,Varzea Grande,Vila do Ipase
Mato Grosso,MT,Varzea Grande,Vila Pirineu
Mato Grosso do Sul,MS,Campo Grande,Amambai
Mato Grosso do Sul,MS,Campo Grande,Base Aerea
Mato Grosso do Sul,MS,Campo Grande,Cabreuva
Mato Grosso do Sul,MS,Campo Grande,Caicara
Mato Grosso do Sul,MS,Campo Grande,Centro
Mato Grosso do Sul,MS,Campo Grande,Chacara das Mansoes
Mato Grosso do Sul,MS,Campo Grande,Cidade Jardim
Mato Grosso do Sul,MS,Campo Grande,Cohafama
Mato Grosso do Sul,MS,Campo Grande,Conjunto Jose Abrao
Mato Grosso do Sul,MS,Campo Grande,Conjunto Residencial Estrela do Sul
Mato Grosso do Sul,MS,Campo Grande,Conjunto Residencial Mata do Jacinto
Mato Grosso do Sul,MS,Campo Grande,Conjunto Residencial Octavio Pecora
Mato Grosso do Sul,MS,Campo Grande,Conjunto Residencial Recanto dos Rouxinois
Mato Grosso do Sul,MS,Campo Grande,Coophafe
Mato Grosso do Sul,MS,Campo Grande,Coophamat
Mato Grosso do Sul,MS,Campo Grande,Coopharadio
Mato Grosso do Sul,MS,Campo Grande,Coophasul
Mato Grosso do Sul,MS,Campo Grande,Coophatrabalho
Mato Grosso do Sul,MS,Campo Grande,Coophavila II
Mato Grosso do Sul,MS,Campo Grande,Coronel Antonino
Mato Grosso do Sul,MS,Campo Grande,Guanandi
Mato Grosso do Sul,MS,Campo Grande,Itanhanga Park
Mato Grosso do Sul,MS,Campo Grande,Jardim Aero Rancho
Mato Grosso do Sul,MS,Campo Grande,Jardim Aeroporto
Mato Grosso do Sul,MS,Campo Grande,Jardim Alto Sao Francisco
Mato Grosso do Sul,MS,Campo Grande,Jardim Anache
Mato Grosso do Sul,MS,Campo Grande,Jardim Autonomista
Mato Grosso do Sul,MS,Campo Grande,Jardim Auxiliadora
Mato Grosso do Sul,MS,Campo Grande,Jardim Batistao
Mato Grosso do Sul,MS,Campo Grande,Jardim Bela Vista
Mato Grosso do Sul,MS,Campo Grande,Jardim Campo Alto
Mato Grosso do Sul,MS,Campo Grande,Jardim Campo Nobre
Mato Grosso do Sul,MS,Campo Grande,Jardim Centenario
Mato Grosso do Sul,MS,Campo Grande,Jardim Centro-oeste
Mato Grosso do Sul,MS,Campo Grande,Jardim Colibri
Mato Grosso do Sul,MS,Campo Grande,Jardim Columbia
Mato Grosso do Sul,MS,Campo Grande,Jardim das Cerejeiras
Mato Grosso do Sul,MS,Campo Grande,Jardim das Macaubas
Mato Grosso do Sul,MS,Campo Grande,Jardim Ima
Mato Grosso do Sul,MS,Campo Grande,Jardim Inapolis
Mato Grosso do Sul,MS,Campo Grande,Jardim Itamaraca
Mato Grosso do Sul,MS,Campo Grande,Jardim Itatiaia
Mato Grosso do Sul,MS,Campo Grande,Jardim Jacy
Mato Grosso do Sul,MS,Campo Grande,Jardim Joquei Club
Mato Grosso do Sul,MS,Campo Grande,Jardim Leblon
Mato Grosso do Sul,MS,Campo Grande,Jardim Los Angeles
Mato Grosso do Sul,MS,Campo Grande,Jardim Moema
Mato Grosso do Sul,MS,Campo Grande,Jardim Monte Alegre
Mato Grosso do Sul,MS,Campo Grande,Jardim Monte Libano
Mato Grosso do Sul,MS,Campo Grande,Jardim Montevideo
Mato Grosso do Sul,MS,Campo Grande,Jardim Monumento
Mato Grosso do Sul,MS,Campo Grande,Jardim Morenao
Mato Grosso do Sul,MS,Campo Grande,Jardim Nhanha
Mato Grosso do Sul,MS,Campo Grande,Jardim Noroeste
Mato Grosso do Sul,MS,Campo Grande,Jardim Nossa Senhora do Perpetuo Socorro
Mato Grosso do Sul,MS,Campo Grande,Jardim Panama
Mato Grosso do Sul,MS,Campo Grande,Jardim Parati
Mato Grosso do Sul,MS,Campo Grande,Jardim Paulista
Mato Grosso do Sul,MS,Campo Grande,Jardim Petropolis
Mato Grosso do Sul,MS,Campo Grande,Jardim Presidente
Mato Grosso do Sul,MS,Campo Grande,Jardim Samambaia
Mato Grosso do Sul,MS,Campo Grande,Jardim Santa Emilia
Mato Grosso do Sul,MS,Campo Grande,Jardim Santa Felicidade
Mato Grosso do Sul,MS,Campo Grande,Jardim Sao Bento
Mato Grosso do Sul,MS,Campo Grande,Jardim Sao Conrado
Mato Grosso do Sul,MS,Campo Grande,Jardim Sao Lourenco
Mato Grosso do Sul,MS,Campo Grande,Jardim Sayonara
Mato Grosso do Sul,MS,Campo Grande,Jardim Seminario
Mato Grosso do Sul,MS,Campo Grande,Jardim Sumatra
Mato Grosso do Sul,MS,Campo Grande,Jardim Taruma
Mato Grosso do Sul,MS,Campo Grande,Jardim Tijuca
Mato Grosso do Sul,MS,Campo Grande,Jardim Tv Morena
Mato Grosso do Sul,MS,Campo Grande,Jardim Veraneio
Mato Grosso do Sul,MS,Campo Grande,Lagoa Dourada
Mato Grosso do Sul,MS,Campo Grande,Lar do Trabalhador
Mato Grosso do Sul,MS,Campo Grande,Monte Carlo
Mato Grosso do Sul,MS,Campo Grande,Monte Castelo
Mato Grosso do Sul,MS,Campo Grande,Morada do Sol
Mato Grosso do Sul,MS,Campo Grande,Morada Verde
Mato Grosso do Sul,MS,Campo Grande,Nova Lima
Mato Grosso do Sul,MS,Campo Grande,Nucleo Habitacional Buriti
Mato Grosso do Sul,MS,Campo Grande,Nucleo Habitacional Universitarias
Mato Grosso do Sul,MS,Campo Grande,Nucleo Industrial
Mato Grosso do Sul,MS,Campo Grande,Panorama
Mato Grosso do Sul,MS,Campo Grande,Parque Atlantico
Mato Grosso do Sul,MS,Campo Grande,Parque do Lageado
Mato Grosso do Sul,MS,Campo Grande,Parque dos Laranjais
Mato Grosso do Sul,MS,Campo Grande,Parque dos Novos Estados
Mato Grosso do Sul,MS,Campo Grande,Parque Residencial Iracy Coelho Neto
Mato Grosso do Sul,MS,Campo Grande,Parque Residencial Maria A Pedrossian
Mato Grosso do Sul,MS,Campo Grande,Parque Residencial Uniao
Mato Grosso do Sul,MS,Campo Grande,Parque Rita Vieira
Mato Grosso do Sul,MS,Campo Grande,Portal Caioba
Mato Grosso do Sul,MS,Campo Grande,Recanto das Paineiras
Mato Grosso do Sul,MS,Campo Grande,Residencial Ana Maria do Couto
Mato Grosso do Sul,MS,Campo Grande,Santa Fe
Mato Grosso do Sul,MS,Campo Grande,Santo Antonio
Mato Grosso do Sul,MS,Campo Grande,Sao Francisco
Mato Grosso do Sul,MS,Campo Grande,Sao Jorge da Lagoa
Mato Grosso do Sul,MS,Campo Grande,Tiradentes
Mato Grosso do Sul,MS,Campo Grande,Universitario
Mato Grosso do Sul,MS,Campo Grande,Vila Aimore
Mato Grosso do Sul,MS,Campo Grande,Vila Alba
Mato Grosso do Sul,MS,Campo Grande,Vila Albuquerque
Mato Grosso do Sul,MS,Campo Grande,Vila Almeida
Mato Grosso do Sul,MS,Campo Grande,Vila Anahy
Mato Grosso do Sul,MS,Campo Grande,Vila Antonio Vendas
Mato Grosso do Sul,MS,Campo Grande,Vila Bandeirantes
Mato Grosso do Sul,MS,Campo Grande,Vila Belo Horizonte
Mato Grosso do Sul,MS,Campo Grande,Vila Carlota
Mato Grosso do Sul,MS,Campo Grande,Vila Carvalho
Mato Grosso do Sul,MS,Campo Grande,Vila Danubio Azul
Mato Grosso do Sul,MS,Campo Grande,Vila do Polones
Mato Grosso do Sul,MS,Campo Grande,Vila Duque de Caxias
Mato Grosso do Sul,MS,Campo Grande,Vila Eliane
Mato Grosso do Sul,MS,Campo Grande,Vila Entroncamento
Mato Grosso do Sul,MS,Campo Grande,Vila Gloria
Mato Grosso do Sul,MS,Campo Grande,Vila Gomes
Mato Grosso do Sul,MS,Campo Grande,Vila Ieda
Mato Grosso do Sul,MS,Campo Grande,Vila Ipiranga
Mato Grosso do Sul,MS,Campo Grande,Vila Manoel da Costa Lima
Mato Grosso do Sul,MS,Campo Grande,Vila Manoel Secco Tome
Mato Grosso do Sul,MS,Campo Grande,Vila Marcos Roberto
Mato Grosso do Sul,MS,Campo Grande,Vila Margarida
Mato Grosso do Sul,MS,Campo Grande,Vila Marli
Mato Grosso do Sul,MS,Campo Grande,Vila Moreninha II
Mato Grosso do Sul,MS,Campo Grande,Vila Moreninha III
Mato Grosso do Sul,MS,Campo Grande,Vila Morumbi
Mato Grosso do Sul,MS,Campo Grande,Vila Nascente
Mato Grosso do Sul,MS,Campo Grande,Vila Nasser
Mato Grosso do Sul,MS,Campo Grande,Vila Neusa
Mato Grosso do Sul,MS,Campo Grande,Vila Nossa Senhora das Gracas
Mato Grosso do Sul,MS,Campo Grande,Vila Nova Campo Grande
Mato Grosso do Sul,MS,Campo Grande,Vila Olinda
Mato Grosso do Sul,MS,Campo Grande,Vila Palmira
Mato Grosso do Sul,MS,Campo Grande,Vila Piratininga
Mato Grosso do Sul,MS,Campo Grande,Vila Planalto
Mato Grosso do Sul,MS,Campo Grande,Vila Popular
Mato Grosso do Sul,MS,Campo Grande,Vila Progresso
Mato Grosso do Sul,MS,Campo Grande,Vila Rica
Mato Grosso do Sul,MS,Campo Grande,Vila Rosa Pires
Mato Grosso do Sul,MS,Campo Grande,Vila Santa Doroteia
Mato Grosso do Sul,MS,Campo Grande,Vila Santo Amaro
Mato Grosso do Sul,MS,Campo Grande,Vila Santo Eugenio
Mato Grosso do Sul,MS,Campo Grande,Vila Serradinho
Mato Grosso do Sul,MS,Campo Grande,Vila Silvia Regina
Mato Grosso do Sul,MS,Campo Grande,Vila Sobrinho
Mato Grosso do Sul,MS,Campo Grande,Vila Taquarussu
Mato Grosso do Sul,MS,Campo Grande,Vila Taveiropolis
Mato Grosso do Sul,MS,Campo Grande,Vila Vilas Boas
Mato Grosso do Sul,MS,Campo Grande,Vivendas do Bosque
Mato Grosso do Sul,MS,Corumba,Aeroporto
Mato Grosso do Sul,MS,Corumba,Centro
Mato Grosso do Sul,MS,Corumba,Cristo Redentor
Mato Grosso do Sul,MS,Corumba,Dom Bosco
Mato Grosso do Sul,MS,Corumba,Guaicurus
Mato Grosso do Sul,MS,Corumba,Maria Leite
Mato Grosso do Sul,MS,Corumba,N Corumba
Mato Grosso do Sul,MS,Corumba,Popular Nova
Mato Grosso do Sul,MS,Corumba,Popular Velha
Mato Grosso do Sul,MS,Corumba,Vila Guarani
Mato Grosso do Sul,MS,Corumba,Vila Mamona
Mato Grosso do Sul,MS,Dourados,Alto das Paineiras
Mato Grosso do Sul,MS,Dourados,Alto do Indaia
Mato Grosso do Sul,MS,Dourados,Campo Dourado
Mato Grosso do Sul,MS,Dourados,Centro
Mato Grosso do Sul,MS,Dourados,Chacara California
Mato Grosso do Sul,MS,Dourados,Cohafaba II Plano
Mato Grosso do Sul,MS,Dourados,Cohafaba III Plano
Mato Grosso do Sul,MS,Dourados,Conjunto Habitacional Terra Roxa
Mato Grosso do Sul,MS,Dourados,Coohab
Mato Grosso do Sul,MS,Dourados,Jardim Agua Boa
Mato Grosso do Sul,MS,Dourados,Jardim Alhambra
Mato Grosso do Sul,MS,Dourados,Jardim America
Mato Grosso do Sul,MS,Dourados,Jardim Ayde
Mato Grosso do Sul,MS,Dourados,Jardim Caramuru
Mato Grosso do Sul,MS,Dourados,Jardim Central
Mato Grosso do Sul,MS,Dourados,Jardim Climax
Mato Grosso do Sul,MS,Dourados,Jardim dos Estados
Mato Grosso do Sul,MS,Dourados,Jardim Florida
Mato Grosso do Sul,MS,Dourados,Jardim Guanabara
Mato Grosso do Sul,MS,Dourados,Jardim Independencia
Mato Grosso do Sul,MS,Dourados,Jardim Itaipu
Mato Grosso do Sul,MS,Dourados,Jardim Italia
Mato Grosso do Sul,MS,Dourados,Jardim Joquei Clube
Mato Grosso do Sul,MS,Dourados,Jardim Maracana
Mato Grosso do Sul,MS,Dourados,Jardim Marcia
Mato Grosso do Sul,MS,Dourados,Jardim Maringa
Mato Grosso do Sul,MS,Dourados,Jardim Monte Libano
Mato Grosso do Sul,MS,Dourados,Jardim Paulista
Mato Grosso do Sul,MS,Dourados,Jardim Rasslem
Mato Grosso do Sul,MS,Dourados,Jardim Santa Herminia
Mato Grosso do Sul,MS,Dourados,Jardim Santa Maria
Mato Grosso do Sul,MS,Dourados,Jardim Sao Pedro
Mato Grosso do Sul,MS,Dourados,Jardim Tropical
Mato Grosso do Sul,MS,Dourados,Jardim Universitario
Mato Grosso do Sul,MS,Dourados,Parque Alvorada
Mato Grosso do Sul,MS,Dourados,Parque das Nacoes
Mato Grosso do Sul,MS,Dourados,Parque das Nacoes II
Mato Grosso do Sul,MS,Dourados,Parque Nova Dourados
Mato Grosso do Sul,MS,Dourados,Parque Residencial Pelicano
Mato Grosso do Sul,MS,Dourados,Portal de Dourados
Mato Grosso do Sul,MS,Dourados,Ra
Mato Grosso do Sul,MS,Dourados,Vila Alba
Mato Grosso do Sul,MS,Dourados,Vila Aurora
Mato Grosso do Sul,MS,Dourados,Vila Cachoeirinha
Mato Grosso do Sul,MS,Dourados,Vila Cuiaba
Mato Grosso do Sul,MS,Dourados,Vila Esperanca
Mato Grosso do Sul,MS,Dourados,Vila Industrial
Mato Grosso do Sul,MS,Dourados,Vila Nova Esperanca
Mato Grosso do Sul,MS,Dourados,Vila Planalto
Mato Grosso do Sul,MS,Dourados,Vila Progresso
Mato Grosso do Sul,MS,Dourados,Vila Rosa
Mato Grosso do Sul,MS,Dourados,Vila Santa Catarina
Mato Grosso do Sul,MS,Dourados,Vila Santo Andre
Mato Grosso do Sul,MS,Dourados,Vila Sao Francisco
Mato Grosso do Sul,MS,Dourados,Vila Sao Luiz
Mato Grosso do Sul,MS,Dourados,Vila Ubiratan
Mato Grosso do Sul,MS,Tres Lagoas,Alto da Boa Vista
Mato Grosso do Sul,MS,Tres Lagoas,Carioca
Mato Grosso do Sul,MS,Tres Lagoas,Centro
Mato Grosso do Sul,MS,Tres Lagoas,Interlagos
Mato Grosso do Sul,MS,Tres Lagoas,Jardim Alvorada
Mato Grosso do Sul,MS,Tres Lagoas,Jardim Angelica
Mato Grosso do Sul,MS,Tres Lagoas,Jardim Brasilia
Mato Grosso do Sul,MS,Tres Lagoas,Jardim Cangalha
Mato Grosso do Sul,MS,Tres Lagoas,Jardim das Acacias
Mato Grosso do Sul,MS,Tres Lagoas,Jardim das Oliveiras
Mato Grosso do Sul,MS,Tres Lagoas,Jardim das Paineiras
Mato Grosso do Sul,MS,Tres Lagoas,Jardim Dourados
Mato Grosso do Sul,MS,Tres Lagoas,Jardim Flamboyant
Mato Grosso do Sul,MS,Tres Lagoas,Jardim Mocambique
Mato Grosso do Sul,MS,Tres Lagoas,Jardim Nova Ipanema
Mato Grosso do Sul,MS,Tres Lagoas,Jardim Novo Aeroporto
Mato Grosso do Sul,MS,Tres Lagoas,Jardim Paranapunga
Mato Grosso do Sul,MS,Tres Lagoas,Jardim Planalto
Mato Grosso do Sul,MS,Tres Lagoas,Jardim Primavera
Mato Grosso do Sul,MS,Tres Lagoas,Jardim Primaveril
Mato Grosso do Sul,MS,Tres Lagoas,Jardim Progresso
Mato Grosso do Sul,MS,Tres Lagoas,Nossa Senhora das Gracas
Mato Grosso do Sul,MS,Tres Lagoas,Parque Residencial Jamel Ville II
Mato Grosso do Sul,MS,Tres Lagoas,Parque Residencial Quinta da Lagoa
Mato Grosso do Sul,MS,Tres Lagoas,Parque Sao Carlos
Mato Grosso do Sul,MS,Tres Lagoas,Santa Luzia
Mato Grosso do Sul,MS,Tres Lagoas,Santos Dumont
Mato Grosso do Sul,MS,Tres Lagoas,Sao Jorge
Mato Grosso do Sul,MS,Tres Lagoas,Vila dos Ferroviarios
Mato Grosso do Sul,MS,Tres Lagoas,Vila Guanabara
Mato Grosso do Sul,MS,Tres Lagoas,Vila Piloto
Mato Grosso do Sul,MS,Tres Lagoas,Vila Sao Joao
Mato Grosso do Sul,MS,Tres Lagoas,Vila Terezinha
Minas Gerais,MG,Araguari,Aeroporto
Minas Gerais,MG,Araguari,Amorim
Minas Gerais,MG,Araguari,Beatriz
Minas Gerais,MG,Araguari,Bosque
Minas Gerais,MG,Araguari,Brasilia
Minas Gerais,MG,Araguari,Centro
Minas Gerais,MG,Araguari,Conjunto Amparo
Minas Gerais,MG,Araguari,Conjunto Maua
Minas Gerais,MG,Araguari,Conjunto Ouro Verde
Minas Gerais,MG,Araguari,Distrito Industrial
Minas Gerais,MG,Araguari,Eduardo Moreira (aeroporto)
Minas Gerais,MG,Araguari,Goias
Minas Gerais,MG,Araguari,Goias (parte Alta)
Minas Gerais,MG,Araguari,Idelmino
Minas Gerais,MG,Araguari,Independencia
Minas Gerais,MG,Araguari,Industrial
Minas Gerais,MG,Araguari,Jardim das Hortencias
Minas Gerais,MG,Araguari,Jardim das Rosas
Minas Gerais,MG,Araguari,Jardim de Fatima
Minas Gerais,MG,Araguari,Jardim Ipanema
Minas Gerais,MG,Araguari,Jardim Panorama
Minas Gerais,MG,Araguari,Jardim Regina
Minas Gerais,MG,Araguari,Joao Calixto
Minas Gerais,MG,Araguari,Joquei Clube
Minas Gerais,MG,Araguari,Maria Eugenia
Minas Gerais,MG,Araguari,Miranda
Minas Gerais,MG,Araguari,Morada de Fatima
Minas Gerais,MG,Araguari,Nossa Senhora da Penha
Minas Gerais,MG,Araguari,Novo Horizonte
Minas Gerais,MG,Araguari,Oliveira
Minas Gerais,MG,Araguari,Paineiras
Minas Gerais,MG,Araguari,Palmeiras do Imperio
Minas Gerais,MG,Araguari,Paraiso
Minas Gerais,MG,Araguari,Residencial Madri
Minas Gerais,MG,Araguari,Santa Helena
Minas Gerais,MG,Araguari,Santiago
Minas Gerais,MG,Araguari,Santo Antonio
Minas Gerais,MG,Araguari,Sao Joao
Minas Gerais,MG,Araguari,Sao Judas Tadeu
Minas Gerais,MG,Araguari,Sao Luiz
Minas Gerais,MG,Araguari,Sao Sebastiao
Minas Gerais,MG,Araguari,Sewa
Minas Gerais,MG,Araguari,Sibipuruna
Minas Gerais,MG,Araguari,Vieno
Minas Gerais,MG,Araxa,Abolicao
Minas Gerais,MG,Araxa,Ademar Rodrigues Vale
Minas Gerais,MG,Araxa,Alvorada
Minas Gerais,MG,Araxa,Amazonas
Minas Gerais,MG,Araxa,Ana Antonia
Minas Gerais,MG,Araxa,Ana Pinto de Almeida
Minas Gerais,MG,Araxa,Arasol
Minas Gerais,MG,Araxa,Area I (cbmm)
Minas Gerais,MG,Araxa,Area III
Minas Gerais,MG,Araxa,Armando Santos
Minas Gerais,MG,Araxa,Barreiro
Minas Gerais,MG,Araxa,Bom Jesus
Minas Gerais,MG,Araxa,Caetitu
Minas Gerais,MG,Araxa,Centro
Minas Gerais,MG,Araxa,Conjunto Habitacional Bela Vista
Minas Gerais,MG,Araxa,Conjunto Habitacional Boa Vista
Minas Gerais,MG,Araxa,Conjunto Habitacional Pao de Acucar
Minas Gerais,MG,Araxa,Domingos Zema
Minas Gerais,MG,Araxa,Dona Beja
Minas Gerais,MG,Araxa,Francisco Duarte
Minas Gerais,MG,Araxa,Jardim Residencial Bela Vista
Minas Gerais,MG,Araxa,Jose Ferreira Guimaraes (mangueira Ii)
Minas Gerais,MG,Araxa,Leblon
Minas Gerais,MG,Araxa,Mangueira I
Minas Gerais,MG,Araxa,Mansoes
Minas Gerais,MG,Araxa,Morada do Sol
Minas Gerais,MG,Araxa,Novo Santo Antonio
Minas Gerais,MG,Araxa,Novo Sao Geraldo
Minas Gerais,MG,Araxa,Odilon Jose Carneiro
Minas Gerais,MG,Araxa,Orozino Teixeira
Minas Gerais,MG,Araxa,Parque das Flores
Minas Gerais,MG,Araxa,Parque dos Ipes
Minas Gerais,MG,Araxa,Recanto do Ipe
Minas Gerais,MG,Araxa,Salomao Drumond
Minas Gerais,MG,Araxa,Santa Rita
Minas Gerais,MG,Araxa,Santo Antonio
Minas Gerais,MG,Araxa,Sao Cristovao
Minas Gerais,MG,Araxa,Sao Domingos
Minas Gerais,MG,Araxa,Sao Francisco
Minas Gerais,MG,Araxa,Sao Geraldo
Minas Gerais,MG,Araxa,Sao Pedro Pezzute
Minas Gerais,MG,Araxa,Serra Morena
Minas Gerais,MG,Araxa,Tiradentes
Minas Gerais,MG,Araxa,Urciano Lemos
Minas Gerais,MG,Araxa,Vila Andrea
Minas Gerais,MG,Araxa,Vila Estancia
Minas Gerais,MG,Araxa,Vila Fertiza
Minas Gerais,MG,Araxa,Vila Guimaraes
Minas Gerais,MG,Araxa,Vila Jardim
Minas Gerais,MG,Araxa,Vila Joao Ribeiro
Minas Gerais,MG,Araxa,Vila Lamartine (area Ii)
Minas Gerais,MG,Araxa,Vila Padre Alaor
Minas Gerais,MG,Araxa,Vila Santa Luzia
Minas Gerais,MG,Araxa,Vila Santa Terezinha
Minas Gerais,MG,Araxa,Vila Sao Pedro
Minas Gerais,MG,Araxa,Vila Silveria
Minas Gerais,MG,Barbacena,Andarai
Minas Gerais,MG,Barbacena,Belvedere
Minas Gerais,MG,Barbacena,Boa Morte
Minas Gerais,MG,Barbacena,Boa Vista
Minas Gerais,MG,Barbacena,Bom Pastor
Minas Gerais,MG,Barbacena,Caicaras
Minas Gerais,MG,Barbacena,Caminho Novo
Minas Gerais,MG,Barbacena,Campo
Minas Gerais,MG,Barbacena,Carmo
Minas Gerais,MG,Barbacena,Centro
Minas Gerais,MG,Barbacena,Chacaras das Andorinhas
Minas Gerais,MG,Barbacena,Colonia Rodrigo Silva
Minas Gerais,MG,Barbacena,Diniz
Minas Gerais,MG,Barbacena,Diniz II
Minas Gerais,MG,Barbacena,Funcionarios
Minas Gerais,MG,Barbacena,Grogoto
Minas Gerais,MG,Barbacena,Guarani
Minas Gerais,MG,Barbacena,Ibiapaba
Minas Gerais,MG,Barbacena,Ipanema
Minas Gerais,MG,Barbacena,Jardim
Minas Gerais,MG,Barbacena,Jardim das Alterosas
Minas Gerais,MG,Barbacena,Joao Paulo II
Minas Gerais,MG,Barbacena,Mansoes
Minas Gerais,MG,Barbacena,Monsenhor Mario Quintao
Minas Gerais,MG,Barbacena,Monte Mario
Minas Gerais,MG,Barbacena,Nossa Senhora Aparecida
Minas Gerais,MG,Barbacena,Nova Suica
Minas Gerais,MG,Barbacena,Novo Horizonte
Minas Gerais,MG,Barbacena,Padre Cunha
Minas Gerais,MG,Barbacena,Panorama
Minas Gerais,MG,Barbacena,Passarinhos
Minas Gerais,MG,Barbacena,Pontilhao
Minas Gerais,MG,Barbacena,Santa Cecilia
Minas Gerais,MG,Barbacena,Santa Efigenia
Minas Gerais,MG,Barbacena,Santa Luzia
Minas Gerais,MG,Barbacena,Santa Tereza I
Minas Gerais,MG,Barbacena,Santa Tereza II (geraldo Xavier)
Minas Gerais,MG,Barbacena,Santo Antonio
Minas Gerais,MG,Barbacena,Sao Francisco
Minas Gerais,MG,Barbacena,Sao Geraldo
Minas Gerais,MG,Barbacena,Sao Jose
Minas Gerais,MG,Barbacena,Sao Pedro
Minas Gerais,MG,Barbacena,Sao Sebastiao
Minas Gerais,MG,Barbacena,Sao Vicente de Paula
Minas Gerais,MG,Barbacena,Tijuca
Minas Gerais,MG,Barbacena,Vilela
Minas Gerais,MG,Belo Horizonte,Aarao Reis
Minas Gerais,MG,Belo Horizonte,Alipio de Melo
Minas Gerais,MG,Belo Horizonte,Alto dos Pinheiros
Minas Gerais,MG,Belo Horizonte,Alvaro Camargos
Minas Gerais,MG,Belo Horizonte,Ana Lucia (venda Nova)
Minas Gerais,MG,Belo Horizonte,Anchieta
Minas Gerais,MG,Belo Horizonte,Aparecida
Minas Gerais,MG,Belo Horizonte,Bandeirantes (pampulha)
Minas Gerais,MG,Belo Horizonte,Barreiro
Minas Gerais,MG,Belo Horizonte,Barreiro de Cima
Minas Gerais,MG,Belo Horizonte,Barro Preto
Minas Gerais,MG,Belo Horizonte,Barroca
Minas Gerais,MG,Belo Horizonte,Belvedere
Minas Gerais,MG,Belo Horizonte,Betania
Minas Gerais,MG,Belo Horizonte,Boa Vista
Minas Gerais,MG,Belo Horizonte,Bonfim
Minas Gerais,MG,Belo Horizonte,Bonsucesso
Minas Gerais,MG,Belo Horizonte,Cabana
Minas Gerais,MG,Belo Horizonte,Cachoeirinha
Minas Gerais,MG,Belo Horizonte,Caicara
Minas Gerais,MG,Belo Horizonte,Calafate
Minas Gerais,MG,Belo Horizonte,California
Minas Gerais,MG,Belo Horizonte,Camargos
Minas Gerais,MG,Belo Horizonte,Campo Alegre
Minas Gerais,MG,Belo Horizonte,Candelaria
Minas Gerais,MG,Belo Horizonte,Carlos Prates
Minas Gerais,MG,Belo Horizonte,Carmo
Minas Gerais,MG,Belo Horizonte,Casa Branca
Minas Gerais,MG,Belo Horizonte,Castelo
Minas Gerais,MG,Belo Horizonte,Centro
Minas Gerais,MG,Belo Horizonte,Ceu Azul
Minas Gerais,MG,Belo Horizonte,Cidade Jardim
Minas Gerais,MG,Belo Horizonte,Cidade Nova
Minas Gerais,MG,Belo Horizonte,Concordia
Minas Gerais,MG,Belo Horizonte,Conjunto Atila de Paiva
Minas Gerais,MG,Belo Horizonte,Conjunto Betania
Minas Gerais,MG,Belo Horizonte,Conjunto Colar
Minas Gerais,MG,Belo Horizonte,Conjunto Lagoa
Minas Gerais,MG,Belo Horizonte,Coqueiros
Minas Gerais,MG,Belo Horizonte,Coracao de Jesus
Minas Gerais,MG,Belo Horizonte,Cristo Redentor
Minas Gerais,MG,Belo Horizonte,Cruzeiro
Minas Gerais,MG,Belo Horizonte,Dom Bosco
Minas Gerais,MG,Belo Horizonte,Dom Cabral
Minas Gerais,MG,Belo Horizonte,Dona Clara
Minas Gerais,MG,Belo Horizonte,Esplanada
Minas Gerais,MG,Belo Horizonte,Estoril
Minas Gerais,MG,Belo Horizonte,Estrela Dalva
Minas Gerais,MG,Belo Horizonte,Europa
Minas Gerais,MG,Belo Horizonte,Eymard
Minas Gerais,MG,Belo Horizonte,Fernao Dias
Minas Gerais,MG,Belo Horizonte,Floramar
Minas Gerais,MG,Belo Horizonte,Floresta
Minas Gerais,MG,Belo Horizonte,Frei Eustaquio
Minas Gerais,MG,Belo Horizonte,Funcionarios
Minas Gerais,MG,Belo Horizonte,Gameleira
Minas Gerais,MG,Belo Horizonte,Glalija
Minas Gerais,MG,Belo Horizonte,Goiania
Minas Gerais,MG,Belo Horizonte,Graca
Minas Gerais,MG,Belo Horizonte,Grajau
Minas Gerais,MG,Belo Horizonte,Guarani
Minas Gerais,MG,Belo Horizonte,Gutierrez
Minas Gerais,MG,Belo Horizonte,Horto
Minas Gerais,MG,Belo Horizonte,Indians
Minas Gerais,MG,Belo Horizonte,Industrias
Minas Gerais,MG,Belo Horizonte,Ipanema
Minas Gerais,MG,Belo Horizonte,Itamarati
Minas Gerais,MG,Belo Horizonte,Itapoa
Minas Gerais,MG,Belo Horizonte,Itatiaia
Minas Gerais,MG,Belo Horizonte,Jacqueline
Minas Gerais,MG,Belo Horizonte,Jaragua
Minas Gerais,MG,Belo Horizonte,Jardim Alvorada
Minas Gerais,MG,Belo Horizonte,Jardim America
Minas Gerais,MG,Belo Horizonte,Jardim Atlantico
Minas Gerais,MG,Belo Horizonte,Jardim Belmonte
Minas Gerais,MG,Belo Horizonte,Jardim Inconfidencia
Minas Gerais,MG,Belo Horizonte,Jardim Montanhes
Minas Gerais,MG,Belo Horizonte,Jardim Paqueta
Minas Gerais,MG,Belo Horizonte,Jardim Roma
Minas Gerais,MG,Belo Horizonte,Joao Pinheiro
Minas Gerais,MG,Belo Horizonte,Lagoinha
Minas Gerais,MG,Belo Horizonte,Laranjeiras
Minas Gerais,MG,Belo Horizonte,Leblon (venda Nova)
Minas Gerais,MG,Belo Horizonte,Liberdade
Minas Gerais,MG,Belo Horizonte,Lindeia
Minas Gerais,MG,Belo Horizonte,Lourdes
Minas Gerais,MG,Belo Horizonte,Luxemburgo
Minas Gerais,MG,Belo Horizonte,Madre Gertrudes
Minas Gerais,MG,Belo Horizonte,Mangabeiras
Minas Gerais,MG,Belo Horizonte,Mangueiras
Minas Gerais,MG,Belo Horizonte,Mantiqueira
Minas Gerais,MG,Belo Horizonte,Marajo
Minas Gerais,MG,Belo Horizonte,Milionarios
Minas Gerais,MG,Belo Horizonte,Minaslandia (primeiro de Maio)
Minas Gerais,MG,Belo Horizonte,Monsenhor Messias
Minas Gerais,MG,Belo Horizonte,Monte Azul
Minas Gerais,MG,Belo Horizonte,Nazare
Minas Gerais,MG,Belo Horizonte,Nossa Senhora da Gloria
Minas Gerais,MG,Belo Horizonte,Nova Cachoeirinha
Minas Gerais,MG,Belo Horizonte,Nova Cintra
Minas Gerais,MG,Belo Horizonte,Nova Gameleira
Minas Gerais,MG,Belo Horizonte,Nova Granada
Minas Gerais,MG,Belo Horizonte,Nova Suica
Minas Gerais,MG,Belo Horizonte,Nova Vista
Minas Gerais,MG,Belo Horizonte,Novo Itamarati
Minas Gerais,MG,Belo Horizonte,Olhos D'agua
Minas Gerais,MG,Belo Horizonte,Ouro Preto
Minas Gerais,MG,Belo Horizonte,Padre Eustaquio
Minas Gerais,MG,Belo Horizonte,Palmares
Minas Gerais,MG,Belo Horizonte,Palmeiras
Minas Gerais,MG,Belo Horizonte,Pampulha
Minas Gerais,MG,Belo Horizonte,Paraiso
Minas Gerais,MG,Belo Horizonte,Parque Copacabana
Minas Gerais,MG,Belo Horizonte,Parque Leblon
Minas Gerais,MG,Belo Horizonte,Parque Pedro II
Minas Gerais,MG,Belo Horizonte,Parque Riachuelo
Minas Gerais,MG,Belo Horizonte,Parque Sao Joao Batista
Minas Gerais,MG,Belo Horizonte,Paulo VI
Minas Gerais,MG,Belo Horizonte,Pedro II
Minas Gerais,MG,Belo Horizonte,Pindorama
Minas Gerais,MG,Belo Horizonte,Piraja
Minas Gerais,MG,Belo Horizonte,Piratininga
Minas Gerais,MG,Belo Horizonte,Piratininga (venda Nova)
Minas Gerais,MG,Belo Horizonte,Planalto
Minas Gerais,MG,Belo Horizonte,Pompeia
Minas Gerais,MG,Belo Horizonte,Prado
Minas Gerais,MG,Belo Horizonte,Primavera
Minas Gerais,MG,Belo Horizonte,Primeiro de Maio
Minas Gerais,MG,Belo Horizonte,Regina
Minas Gerais,MG,Belo Horizonte,Renascenca
Minas Gerais,MG,Belo Horizonte,Ribeiro de Abreu
Minas Gerais,MG,Belo Horizonte,Sagrada Familia
Minas Gerais,MG,Belo Horizonte,Salgado Filho
Minas Gerais,MG,Belo Horizonte,Santa Amelia
Minas Gerais,MG,Belo Horizonte,Santa Branca
Minas Gerais,MG,Belo Horizonte,Santa Cruz
Minas Gerais,MG,Belo Horizonte,Santa Cruz (barreiro)
Minas Gerais,MG,Belo Horizonte,Santa Efigenia
Minas Gerais,MG,Belo Horizonte,Santa Helena (barreiro)
Minas Gerais,MG,Belo Horizonte,Santa Isabel
Minas Gerais,MG,Belo Horizonte,Santa Lucia
Minas Gerais,MG,Belo Horizonte,Santa Maria
Minas Gerais,MG,Belo Horizonte,Santa Monica
Minas Gerais,MG,Belo Horizonte,Santa Teresa
Minas Gerais,MG,Belo Horizonte,Santo Andre
Minas Gerais,MG,Belo Horizonte,Santo Antonio
Minas Gerais,MG,Belo Horizonte,Sao Bento
Minas Gerais,MG,Belo Horizonte,Sao Bernardo
Minas Gerais,MG,Belo Horizonte,Sao Cristovao
Minas Gerais,MG,Belo Horizonte,Sao Francisco
Minas Gerais,MG,Belo Horizonte,Sao Gabriel
Minas Gerais,MG,Belo Horizonte,Sao Geraldo
Minas Gerais,MG,Belo Horizonte,Sao Joao Batista (venda Nova)
Minas Gerais,MG,Belo Horizonte,Sao Jose
Minas Gerais,MG,Belo Horizonte,Sao Jose (pampulha)
Minas Gerais,MG,Belo Horizonte,Sao Lucas
Minas Gerais,MG,Belo Horizonte,Sao Luiz (pampulha)
Minas Gerais,MG,Belo Horizonte,Sao Marcos
Minas Gerais,MG,Belo Horizonte,Sao Paulo
Minas Gerais,MG,Belo Horizonte,Sao Pedro (venda Nova)
Minas Gerais,MG,Belo Horizonte,Sao Salvador
Minas Gerais,MG,Belo Horizonte,Sao Sebastiao (ressaca)
Minas Gerais,MG,Belo Horizonte,Saudade
Minas Gerais,MG,Belo Horizonte,Senhor Bom Jesus
Minas Gerais,MG,Belo Horizonte,Serra
Minas Gerais,MG,Belo Horizonte,Serrano
Minas Gerais,MG,Belo Horizonte,Silveira
Minas Gerais,MG,Belo Horizonte,Sion
Minas Gerais,MG,Belo Horizonte,Teixeira Dias
Minas Gerais,MG,Belo Horizonte,Tirol
Minas Gerais,MG,Belo Horizonte,Trevo
Minas Gerais,MG,Belo Horizonte,Tupi
Minas Gerais,MG,Belo Horizonte,Uniao
Minas Gerais,MG,Belo Horizonte,Universitario
Minas Gerais,MG,Belo Horizonte,Urucuia
Minas Gerais,MG,Belo Horizonte,Venda Nova
Minas Gerais,MG,Belo Horizonte,Vera Cruz
Minas Gerais,MG,Belo Horizonte,Vila Amaral
Minas Gerais,MG,Belo Horizonte,Vila Cloris
Minas Gerais,MG,Belo Horizonte,Vila Ermelinda
Minas Gerais,MG,Belo Horizonte,Vila Magnesita
Minas Gerais,MG,Belo Horizonte,Vila Maravilhas
Minas Gerais,MG,Belo Horizonte,Vila Paris
Minas Gerais,MG,Belo Horizonte,Vila Patrocinio
Minas Gerais,MG,Belo Horizonte,Vila Santa Branca (venda Nova)
Minas Gerais,MG,Belo Horizonte,Vila Santana do Cafezal
Minas Gerais,MG,Belo Horizonte,Vila Sao Tomas
Minas Gerais,MG,Belo Horizonte,Vila Suzana
Minas Gerais,MG,Belo Horizonte,Vila Virginia
Minas Gerais,MG,Belo Horizonte,Visconde do Rio Branco
Minas Gerais,MG,Belo Horizonte,Vista Alegre
Minas Gerais,MG,Betim,Alvorada
Minas Gerais,MG,Betim,Amazonas
Minas Gerais,MG,Betim,Amoras
Minas Gerais,MG,Betim,Angola
Minas Gerais,MG,Betim,Betim Industrial
Minas Gerais,MG,Betim,Bom Repouso
Minas Gerais,MG,Betim,Bom Retiro
Minas Gerais,MG,Betim,Brasileia
Minas Gerais,MG,Betim,Cachoeira
Minas Gerais,MG,Betim,Centro
Minas Gerais,MG,Betim,Chacaras
Minas Gerais,MG,Betim,Cidade Verde
Minas Gerais,MG,Betim,Conjunto Olimpia Bueno Franco
Minas Gerais,MG,Betim,Dom Bosco
Minas Gerais,MG,Betim,Espirito Santo
Minas Gerais,MG,Betim,Filadelfia
Minas Gerais,MG,Betim,Granja Sao Joao
Minas Gerais,MG,Betim,Guanabara
Minas Gerais,MG,Betim,Guaruja
Minas Gerais,MG,Betim,Imbirucu
Minas Gerais,MG,Betim,Industrial Sao Pedro
Minas Gerais,MG,Betim,Inga
Minas Gerais,MG,Betim,Jardim Alterosa
Minas Gerais,MG,Betim,Jardim Brasilia
Minas Gerais,MG,Betim,Jardim Casa Branca
Minas Gerais,MG,Betim,Jardim Cidade
Minas Gerais,MG,Betim,Jardim Petropolis
Minas Gerais,MG,Betim,Jardim Piemont
Minas Gerais,MG,Betim,Jardim Teresopolis
Minas Gerais,MG,Betim,Laranjeiras
Minas Gerais,MG,Betim,Marajoara
Minas Gerais,MG,Betim,Morais
Minas Gerais,MG,Betim,Niteroi
Minas Gerais,MG,Betim,Nossa Senhora das Gracas
Minas Gerais,MG,Betim,Nossa Senhora de Fatima
Minas Gerais,MG,Betim,Nossa Senhora do Carmo
Minas Gerais,MG,Betim,Nova Baden
Minas Gerais,MG,Betim,Novo Guaruja
Minas Gerais,MG,Betim,Novo Horizonte
Minas Gerais,MG,Betim,Parque das Industrias
Minas Gerais,MG,Betim,Paulo Camilo
Minas Gerais,MG,Betim,Pedreira
Minas Gerais,MG,Betim,Ptb
Minas Gerais,MG,Betim,Riviera
Minas Gerais,MG,Betim,Salome
Minas Gerais,MG,Betim,Santa Cruz
Minas Gerais,MG,Betim,Santa Fe
Minas Gerais,MG,Betim,Santa Ines
Minas Gerais,MG,Betim,Santa Lucia
Minas Gerais,MG,Betim,Sao Cristovao
Minas Gerais,MG,Betim,Sidon
Minas Gerais,MG,Betim,Vila Amaral
Minas Gerais,MG,Betim,Vila Inconfidencia
Minas Gerais,MG,Betim,Vila Monte Libano
Minas Gerais,MG,Betim,Vila Recreio
Minas Gerais,MG,Betim,Vila Tangara
Minas Gerais,MG,Betim,Vila Triangulo
Minas Gerais,MG,Betim,Vila Universal
Minas Gerais,MG,Caratinga,Boa Esperanca
Minas Gerais,MG,Caratinga,Centro
Minas Gerais,MG,Caratinga,Conjunto Habitacional Sao Jose
Minas Gerais,MG,Caratinga,Esplanada
Minas Gerais,MG,Caratinga,Graca
Minas Gerais,MG,Caratinga,Itauna
Minas Gerais,MG,Caratinga,Limoeiro
Minas Gerais,MG,Caratinga,Nossa Senhora Aparecida
Minas Gerais,MG,Caratinga,Rodoviarios
Minas Gerais,MG,Caratinga,Salatiel
Minas Gerais,MG,Caratinga,Santa Cruz
Minas Gerais,MG,Caratinga,Santa Zita
Minas Gerais,MG,Caratinga,Santo Antonio
Minas Gerais,MG,Caratinga,Zacarias
Minas Gerais,MG,Cataguases,Ana Carrara
Minas Gerais,MG,Cataguases,Antonio Justino
Minas Gerais,MG,Cataguases,Beira Rio
Minas Gerais,MG,Cataguases,Bela Vista
Minas Gerais,MG,Cataguases,Bom Pastor
Minas Gerais,MG,Cataguases,Centenario
Minas Gerais,MG,Cataguases,Centro
Minas Gerais,MG,Cataguases,Chacara Bom Sucesso
Minas Gerais,MG,Cataguases,Chacaras Palmeiras
Minas Gerais,MG,Cataguases,Colinas
Minas Gerais,MG,Cataguases,Dico Leite
Minas Gerais,MG,Cataguases,Esperanca
Minas Gerais,MG,Cataguases,Faber Resende
Minas Gerais,MG,Cataguases,Fatima
Minas Gerais,MG,Cataguases,Granjaria
Minas Gerais,MG,Cataguases,Guanabara
Minas Gerais,MG,Cataguases,Haidee
Minas Gerais,MG,Cataguases,Hermenegildo Marote
Minas Gerais,MG,Cataguases,Horto Florestal
Minas Gerais,MG,Cataguases,Ibraim Mendonca
Minas Gerais,MG,Cataguases,Ime Farage
Minas Gerais,MG,Cataguases,Independencia
Minas Gerais,MG,Cataguases,Iracema
Minas Gerais,MG,Cataguases,Izabel Cristina Mauad
Minas Gerais,MG,Cataguases,Izabel Tavares
Minas Gerais,MG,Cataguases,Jardim
Minas Gerais,MG,Cataguases,Jardim Bandeirantes I
Minas Gerais,MG,Cataguases,Jardim Bandeirantes II
Minas Gerais,MG,Cataguases,Jardim Santa Cristina
Minas Gerais,MG,Cataguases,Joao Riguete
Minas Gerais,MG,Cataguases,Jose Gabriel de Passos
Minas Gerais,MG,Cataguases,Leonardo
Minas Gerais,MG,Cataguases,Menezes
Minas Gerais,MG,Cataguases,Miguel Rocha
Minas Gerais,MG,Cataguases,Morada da Serra
Minas Gerais,MG,Cataguases,Pampulha
Minas Gerais,MG,Cataguases,Paraiso
Minas Gerais,MG,Cataguases,Popular
Minas Gerais,MG,Cataguases,Pouso Alegre
Minas Gerais,MG,Cataguases,Primavera
Minas Gerais,MG,Cataguases,Santa Clara
Minas Gerais,MG,Cataguases,Sao Diniz
Minas Gerais,MG,Cataguases,Sao Pedro
Minas Gerais,MG,Cataguases,Sao Sebastiao
Minas Gerais,MG,Cataguases,Sol Nascente
Minas Gerais,MG,Cataguases,Taquara Preta
Minas Gerais,MG,Cataguases,Thome
Minas Gerais,MG,Cataguases,Vila Domingos Lopes
Minas Gerais,MG,Cataguases,Vila Minalda
Minas Gerais,MG,Cataguases,Vila Reis
Minas Gerais,MG,Cataguases,Vila Rezende
Minas Gerais,MG,Cataguases,Vila Sao Jose
Minas Gerais,MG,Cataguases,Vila Tereza
Minas Gerais,MG,Contagem,Agua Branca
Minas Gerais,MG,Contagem,Alvorada
Minas Gerais,MG,Contagem,Amazonas
Minas Gerais,MG,Contagem,Arcadia
Minas Gerais,MG,Contagem,Bandeirantes
Minas Gerais,MG,Contagem,Beatriz
Minas Gerais,MG,Contagem,Bela Vista
Minas Gerais,MG,Contagem,Bernardo Monteiro
Minas Gerais,MG,Contagem,Betania
Minas Gerais,MG,Contagem,Bom Jesus
Minas Gerais,MG,Contagem,Caiapos
Minas Gerais,MG,Contagem,Camilo Alves
Minas Gerais,MG,Contagem,Carajas
Minas Gerais,MG,Contagem,Centro
Minas Gerais,MG,Contagem,Chacaras California
Minas Gerais,MG,Contagem,Cidade Industrial
Minas Gerais,MG,Contagem,Cinco
Minas Gerais,MG,Contagem,Duque de Caxias
Minas Gerais,MG,Contagem,Eldorado
Minas Gerais,MG,Contagem,Flamengo
Minas Gerais,MG,Contagem,Fonte Grande
Minas Gerais,MG,Contagem,Gloria
Minas Gerais,MG,Contagem,Granja Vista Alegre
Minas Gerais,MG,Contagem,Guanabara
Minas Gerais,MG,Contagem,Icaivera
Minas Gerais,MG,Contagem,Inconfidentes
Minas Gerais,MG,Contagem,Industrial
Minas Gerais,MG,Contagem,Industrial Itau
Minas Gerais,MG,Contagem,Industrial Sao Luiz
Minas Gerais,MG,Contagem,Jardim Alvorada
Minas Gerais,MG,Contagem,Jardim Balneario
Minas Gerais,MG,Contagem,Jardim Bandeirantes
Minas Gerais,MG,Contagem,Jardim California
Minas Gerais,MG,Contagem,Jardim das Oliveiras
Minas Gerais,MG,Contagem,Jardim do Lago
Minas Gerais,MG,Contagem,Jardim Industrial
Minas Gerais,MG,Contagem,Jardim Laguna
Minas Gerais,MG,Contagem,Jardim Marrocos
Minas Gerais,MG,Contagem,Jardim Riacho das Pedras
Minas Gerais,MG,Contagem,Jardim Vera Cruz
Minas Gerais,MG,Contagem,Jk
Minas Gerais,MG,Contagem,Kennedy
Minas Gerais,MG,Contagem,Linda Vista
Minas Gerais,MG,Contagem,Monsenhor Horta
Minas Gerais,MG,Contagem,Monte Castelo
Minas Gerais,MG,Contagem,Morada Nova
Minas Gerais,MG,Contagem,Nacional
Minas Gerais,MG,Contagem,Nossa Senhora de Fatima
Minas Gerais,MG,Contagem,Nossa Senhora do Carmo
Minas Gerais,MG,Contagem,Novo Boa Vista
Minas Gerais,MG,Contagem,Novo Eldorado
Minas Gerais,MG,Contagem,Novo Progresso
Minas Gerais,MG,Contagem,Novo Riacho
Minas Gerais,MG,Contagem,Olinda
Minas Gerais,MG,Contagem,Parque Maracana
Minas Gerais,MG,Contagem,Parque Recreio
Minas Gerais,MG,Contagem,Parque Sao Joao
Minas Gerais,MG,Contagem,Parque Turistas
Minas Gerais,MG,Contagem,Pedra Azul
Minas Gerais,MG,Contagem,Petrolandia
Minas Gerais,MG,Contagem,Praia
Minas Gerais,MG,Contagem,Ressaca
Minas Gerais,MG,Contagem,Retiro
Minas Gerais,MG,Contagem,Riacho das Pedras
Minas Gerais,MG,Contagem,Santa Cruz Industrial
Minas Gerais,MG,Contagem,Santa Edwiges
Minas Gerais,MG,Contagem,Santa Luzia
Minas Gerais,MG,Contagem,Santa Maria
Minas Gerais,MG,Contagem,Santa Terezinha
Minas Gerais,MG,Contagem,Santo Antonio
Minas Gerais,MG,Contagem,Sao Caetano
Minas Gerais,MG,Contagem,Sao Goncalo
Minas Gerais,MG,Contagem,Sao Gotardo
Minas Gerais,MG,Contagem,Sao Joaquim
Minas Gerais,MG,Contagem,Sao Sebastiao
Minas Gerais,MG,Contagem,Solar do Madeira
Minas Gerais,MG,Contagem,Tijuco
Minas Gerais,MG,Contagem,Tres Barras
Minas Gerais,MG,Contagem,Tupa
Minas Gerais,MG,Contagem,Vila Belem
Minas Gerais,MG,Contagem,Vila Darci Vargas
Minas Gerais,MG,Contagem,Vila Magdalena
Minas Gerais,MG,Contagem,Vila Panama
Minas Gerais,MG,Contagem,Vila Paris
Minas Gerais,MG,Contagem,Vila Perola
Minas Gerais,MG,Contagem,Vila Santa Luzia
Minas Gerais,MG,Contagem,Vila Sao Jose
Minas Gerais,MG,Contagem,Vila Sao Paulo
Minas Gerais,MG,Contagem,Xangri-la
Minas Gerais,MG,Coronel Fabriciano,Alipinho
Minas Gerais,MG,Coronel Fabriciano,Amaro Lanari
Minas Gerais,MG,Coronel Fabriciano,Aparecida do Norte
Minas Gerais,MG,Coronel Fabriciano,Belvedere
Minas Gerais,MG,Coronel Fabriciano,Bom Jesus
Minas Gerais,MG,Coronel Fabriciano,Caladinho
Minas Gerais,MG,Coronel Fabriciano,Centro
Minas Gerais,MG,Coronel Fabriciano,Chacaras Caladinho
Minas Gerais,MG,Coronel Fabriciano,Corrego Alto
Minas Gerais,MG,Coronel Fabriciano,Floresta
Minas Gerais,MG,Coronel Fabriciano,Gavea
Minas Gerais,MG,Coronel Fabriciano,Giovanini
Minas Gerais,MG,Coronel Fabriciano,Jardim Alpino
Minas Gerais,MG,Coronel Fabriciano,Julia Kubitschek
Minas Gerais,MG,Coronel Fabriciano,Mangueiras II
Minas Gerais,MG,Coronel Fabriciano,Manoel Domingos
Minas Gerais,MG,Coronel Fabriciano,Manoel Maia (apara Foice)
Minas Gerais,MG,Coronel Fabriciano,Melo Viana
Minas Gerais,MG,Coronel Fabriciano,Morada do Vale B
Minas Gerais,MG,Coronel Fabriciano,Nossa Senhora da Penha (centro)
Minas Gerais,MG,Coronel Fabriciano,Nossa Senhora do Carmo
Minas Gerais,MG,Coronel Fabriciano,Nova Tijuca
Minas Gerais,MG,Coronel Fabriciano,Olaria
Minas Gerais,MG,Coronel Fabriciano,Pedra Linda
Minas Gerais,MG,Coronel Fabriciano,Pomar
Minas Gerais,MG,Coronel Fabriciano,Potira (caladao/contente)
Minas Gerais,MG,Coronel Fabriciano,Professores
Minas Gerais,MG,Coronel Fabriciano,Recanto Verde
Minas Gerais,MG,Coronel Fabriciano,Santa Cruz
Minas Gerais,MG,Coronel Fabriciano,Santa Helena
Minas Gerais,MG,Coronel Fabriciano,Santa Inez
Minas Gerais,MG,Coronel Fabriciano,Santa Luzia
Minas Gerais,MG,Coronel Fabriciano,Santa Rita
Minas Gerais,MG,Coronel Fabriciano,Santa Terezinha
Minas Gerais,MG,Coronel Fabriciano,Santo Antonio
Minas Gerais,MG,Coronel Fabriciano,Santo Eloi
Minas Gerais,MG,Coronel Fabriciano,Sao Domingos
Minas Gerais,MG,Coronel Fabriciano,Sao Geraldo
Minas Gerais,MG,Coronel Fabriciano,Sao Vicente
Minas Gerais,MG,Coronel Fabriciano,Silvio Pereira
Minas Gerais,MG,Coronel Fabriciano,Surinan
Minas Gerais,MG,Coronel Fabriciano,Todos Os Santos
Minas Gerais,MG,Coronel Fabriciano,Tranquilao
Minas Gerais,MG,Coronel Fabriciano,Universitario
Minas Gerais,MG,Divinopolis,Aeroporto
Minas Gerais,MG,Divinopolis,Alterosa
Minas Gerais,MG,Divinopolis,Alvorada
Minas Gerais,MG,Divinopolis,Anchieta
Minas Gerais,MG,Divinopolis,Bela Vista
Minas Gerais,MG,Divinopolis,Belvedere
Minas Gerais,MG,Divinopolis,Bom Pastor
Minas Gerais,MG,Divinopolis,Catalao
Minas Gerais,MG,Divinopolis,Chacaras Bom Retiro
Minas Gerais,MG,Divinopolis,Chanadour
Minas Gerais,MG,Divinopolis,Cidade Jardim
Minas Gerais,MG,Divinopolis,Costa Azul
Minas Gerais,MG,Divinopolis,Distrito Industrial Coronel Jovelino Rabelo
Minas Gerais,MG,Divinopolis,Dona Rosa
Minas Gerais,MG,Divinopolis,Eldorado
Minas Gerais,MG,Divinopolis,Exposicao
Minas Gerais,MG,Divinopolis,Floramar
Minas Gerais,MG,Divinopolis,Floresta
Minas Gerais,MG,Divinopolis,Geraldo Pereira
Minas Gerais,MG,Divinopolis,Grajau
Minas Gerais,MG,Divinopolis,Icarai
Minas Gerais,MG,Divinopolis,Ipanema
Minas Gerais,MG,Divinopolis,Ipiranga
Minas Gerais,MG,Divinopolis,Itacolomi
Minas Gerais,MG,Divinopolis,Jardim Candelaria
Minas Gerais,MG,Divinopolis,Jardim Candides
Minas Gerais,MG,Divinopolis,Jardim Copacabana
Minas Gerais,MG,Divinopolis,Jardim das Acacias
Minas Gerais,MG,Divinopolis,Jardinopolis
Minas Gerais,MG,Divinopolis,Joao Antonio Goncalves
Minas Gerais,MG,Divinopolis,Joao Paulo II
Minas Gerais,MG,Divinopolis,Juscelino Kubitschek
Minas Gerais,MG,Divinopolis,Juza Fonseca
Minas Gerais,MG,Divinopolis,Levindo Paula Pereira
Minas Gerais,MG,Divinopolis,Mar e Terra
Minas Gerais,MG,Divinopolis,Marajo
Minas Gerais,MG,Divinopolis,Maria Pecanha
Minas Gerais,MG,Divinopolis,Morumbi
Minas Gerais,MG,Divinopolis,Nossa Senhora da Conceicao
Minas Gerais,MG,Divinopolis,Nossa Senhora das Gracas
Minas Gerais,MG,Divinopolis,Nossa Senhora de Lourdes
Minas Gerais,MG,Divinopolis,Nova Fortaleza
Minas Gerais,MG,Divinopolis,Nova Holanda
Minas Gerais,MG,Divinopolis,Nova Suica
Minas Gerais,MG,Divinopolis,Oliveiras
Minas Gerais,MG,Divinopolis,Padre Herculano Yanes
Minas Gerais,MG,Divinopolis,Parque Jardim Capitao Silva
Minas Gerais,MG,Divinopolis,Planalto
Minas Gerais,MG,Divinopolis,Quinta das Palmeiras
Minas Gerais,MG,Divinopolis,Realengo
Minas Gerais,MG,Divinopolis,Residencial Castelo
Minas Gerais,MG,Divinopolis,Residencial Morumbi
Minas Gerais,MG,Divinopolis,Santa Luzia
Minas Gerais,MG,Divinopolis,Santa Rosa
Minas Gerais,MG,Divinopolis,Santa Tereza
Minas Gerais,MG,Divinopolis,Santo Andre
Minas Gerais,MG,Divinopolis,Santo Antonio
Minas Gerais,MG,Divinopolis,Santos Dumont
Minas Gerais,MG,Divinopolis,Sao Caetano
Minas Gerais,MG,Divinopolis,Sao Jose
Minas Gerais,MG,Divinopolis,Sao Miguel
Minas Gerais,MG,Divinopolis,Sao Simao
Minas Gerais,MG,Divinopolis,Serra Verde
Minas Gerais,MG,Divinopolis,Terra Azul
Minas Gerais,MG,Divinopolis,Tiete
Minas Gerais,MG,Divinopolis,Vale do Sol
Minas Gerais,MG,Divinopolis,Vila Belo Horizonte
Minas Gerais,MG,Divinopolis,Vivendas da Exposicao
Minas Gerais,MG,Governador Valadares,Altinopolis
Minas Gerais,MG,Governador Valadares,Azteca
Minas Gerais,MG,Governador Valadares,Carapina
Minas Gerais,MG,Governador Valadares,Centro
Minas Gerais,MG,Governador Valadares,Distrito Industrial
Minas Gerais,MG,Governador Valadares,Esperanca
Minas Gerais,MG,Governador Valadares,Esplanada
Minas Gerais,MG,Governador Valadares,Gra-duquesa
Minas Gerais,MG,Governador Valadares,Ilha dos Araujos
Minas Gerais,MG,Governador Valadares,Jardim Atalaia
Minas Gerais,MG,Governador Valadares,Jardim do Trevo
Minas Gerais,MG,Governador Valadares,Jardim Ipe
Minas Gerais,MG,Governador Valadares,Jardim Perola
Minas Gerais,MG,Governador Valadares,Kennedy
Minas Gerais,MG,Governador Valadares,Lourdes
Minas Gerais,MG,Governador Valadares,Mae de Deus
Minas Gerais,MG,Governador Valadares,Maria Eugenia
Minas Gerais,MG,Governador Valadares,Morada do Acampamento
Minas Gerais,MG,Governador Valadares,Morada do Vale
Minas Gerais,MG,Governador Valadares,Nossa Senhora das Gracas
Minas Gerais,MG,Governador Valadares,Nova Vila Bretas
Minas Gerais,MG,Governador Valadares,Parque Ibituruna
Minas Gerais,MG,Governador Valadares,Planalto
Minas Gerais,MG,Governador Valadares,Sagrada Familia
Minas Gerais,MG,Governador Valadares,Santa Efigenia
Minas Gerais,MG,Governador Valadares,Santa Helena
Minas Gerais,MG,Governador Valadares,Santa Rita
Minas Gerais,MG,Governador Valadares,Santa Terezinha
Minas Gerais,MG,Governador Valadares,Santo Antonio
Minas Gerais,MG,Governador Valadares,Sao Cristovao
Minas Gerais,MG,Governador Valadares,Sao Geraldo
Minas Gerais,MG,Governador Valadares,Sao Jose
Minas Gerais,MG,Governador Valadares,Sao Luiz
Minas Gerais,MG,Governador Valadares,Sao Paulo
Minas Gerais,MG,Governador Valadares,Sao Pedro
Minas Gerais,MG,Governador Valadares,Sao Raimundo
Minas Gerais,MG,Governador Valadares,Vera Cruz
Minas Gerais,MG,Governador Valadares,Vila Bretas
Minas Gerais,MG,Governador Valadares,Vila do Sol
Minas Gerais,MG,Governador Valadares,Vila dos Montes
Minas Gerais,MG,Governador Valadares,Vila Isa
Minas Gerais,MG,Governador Valadares,Vila Mariana
Minas Gerais,MG,Governador Valadares,Vila Rica
Minas Gerais,MG,Ipatinga,Aguas
Minas Gerais,MG,Ipatinga,Barra Alegre
Minas Gerais,MG,Ipatinga,Bela Vista
Minas Gerais,MG,Ipatinga,Bethania
Minas Gerais,MG,Ipatinga,Bom Jardim
Minas Gerais,MG,Ipatinga,Bom Retiro
Minas Gerais,MG,Ipatinga,Canaa
Minas Gerais,MG,Ipatinga,Caravelas
Minas Gerais,MG,Ipatinga,Cariru
Minas Gerais,MG,Ipatinga,Castelo
Minas Gerais,MG,Ipatinga,Centro
Minas Gerais,MG,Ipatinga,Chacaras Oliveira
Minas Gerais,MG,Ipatinga,Cidade Nobre
Minas Gerais,MG,Ipatinga,Corrego Novo
Minas Gerais,MG,Ipatinga,Esperanca
Minas Gerais,MG,Ipatinga,Granjas Vagalume
Minas Gerais,MG,Ipatinga,Imbaubas
Minas Gerais,MG,Ipatinga,Jardim Panorama
Minas Gerais,MG,Ipatinga,Limoeiro
Minas Gerais,MG,Ipatinga,Novo Cruzeiro
Minas Gerais,MG,Ipatinga,Veneza
Minas Gerais,MG,Ipatinga,Vila Celeste
Minas Gerais,MG,Ipatinga,Vila Ipanema
Minas Gerais,MG,Itabira,Agua Fresca
Minas Gerais,MG,Itabira,Alto Pereira
Minas Gerais,MG,Itabira,Amazonas
Minas Gerais,MG,Itabira,Bela Vista
Minas Gerais,MG,Itabira,Campestre I
Minas Gerais,MG,Itabira,Campestre II
Minas Gerais,MG,Itabira,Centro
Minas Gerais,MG,Itabira,Clovis Alvim I
Minas Gerais,MG,Itabira,Clovis Alvim II
Minas Gerais,MG,Itabira,Colina da Praia
Minas Gerais,MG,Itabira,Doze de Marco
Minas Gerais,MG,Itabira,Eldorado
Minas Gerais,MG,Itabira,Esplanada da Estacao
Minas Gerais,MG,Itabira,Gabiroba (1a Secao)
Minas Gerais,MG,Itabira,Gianette
Minas Gerais,MG,Itabira,Hamilton
Minas Gerais,MG,Itabira,Joao XXIII
Minas Gerais,MG,Itabira,Juca Rosa
Minas Gerais,MG,Itabira,Machado
Minas Gerais,MG,Itabira,Major Lage de Baixo
Minas Gerais,MG,Itabira,Major Lage de Cima
Minas Gerais,MG,Itabira,Nossa Senhora das Oliveiras
Minas Gerais,MG,Itabira,Novo Amazonas
Minas Gerais,MG,Itabira,Panorama
Minas Gerais,MG,Itabira,Para
Minas Gerais,MG,Itabira,Penha
Minas Gerais,MG,Itabira,Praia
Minas Gerais,MG,Itabira,Quatorze de Fevereiro
Minas Gerais,MG,Itabira,Santa Ruth
Minas Gerais,MG,Itabira,Santa Tereza (cvrd)
Minas Gerais,MG,Itabira,Santo Antonio
Minas Gerais,MG,Itabira,Sao Pedro
Minas Gerais,MG,Itabira,Valenca
Minas Gerais,MG,Itabira,Vila Amelia
Minas Gerais,MG,Itabira,Vila Bethania
Minas Gerais,MG,Itabira,Vila Conceicao de Baixo
Minas Gerais,MG,Itabira,Vila Conceicao de Cima
Minas Gerais,MG,Itabira,Vila Nacoes Unidas
Minas Gerais,MG,Itabira,Vila Piedade
Minas Gerais,MG,Itabira,Vila Santa Izabel
Minas Gerais,MG,Itabira,Vila Sao Geraldo
Minas Gerais,MG,Itabira,Vila Sao Joaquim
Minas Gerais,MG,Itabira,Vila Senhora de Fatima
Minas Gerais,MG,Itajuba,Acude
Minas Gerais,MG,Itajuba,Acude (jd Colina)
Minas Gerais,MG,Itajuba,Agua Preta
Minas Gerais,MG,Itajuba,Anhumas
Minas Gerais,MG,Itajuba,Avenida
Minas Gerais,MG,Itajuba,Boa Vista
Minas Gerais,MG,Itajuba,Cantina
Minas Gerais,MG,Itajuba,Centro
Minas Gerais,MG,Itajuba,Cruzeiro
Minas Gerais,MG,Itajuba,Distrito Industrial
Minas Gerais,MG,Itajuba,Estiva
Minas Gerais,MG,Itajuba,Imbel
Minas Gerais,MG,Itajuba,Medicina
Minas Gerais,MG,Itajuba,Morro Chic
Minas Gerais,MG,Itajuba,Morro Grande
Minas Gerais,MG,Itajuba,Nacoes
Minas Gerais,MG,Itajuba,Nossa Senhora de Fatima
Minas Gerais,MG,Itajuba,Oriente
Minas Gerais,MG,Itajuba,Piedade
Minas Gerais,MG,Itajuba,Pinheirinho
Minas Gerais,MG,Itajuba,Porto Velho
Minas Gerais,MG,Itajuba,Rebourgeon
Minas Gerais,MG,Itajuba,Santa Luzia
Minas Gerais,MG,Itajuba,Santa Rosa
Minas Gerais,MG,Itajuba,Santo Antonio
Minas Gerais,MG,Itajuba,Santos Dumont
Minas Gerais,MG,Itajuba,Sao Sebastiao
Minas Gerais,MG,Itajuba,Sao Vicente
Minas Gerais,MG,Itajuba,Varginha
Minas Gerais,MG,Itajuba,Vila Isabel
Minas Gerais,MG,Itajuba,Vila Poddis
Minas Gerais,MG,Itajuba,Vila Rubens
Minas Gerais,MG,Itauna,Aeroporto
Minas Gerais,MG,Itauna,Alaita
Minas Gerais,MG,Itauna,Antunes
Minas Gerais,MG,Itauna,Belvedere
Minas Gerais,MG,Itauna,Centro
Minas Gerais,MG,Itauna,Cerqueira Lima
Minas Gerais,MG,Itauna,Chacara do Quitao
Minas Gerais,MG,Itauna,Cidade Leonane
Minas Gerais,MG,Itauna,Cidade Nova
Minas Gerais,MG,Itauna,Conjunto Habitacional Jardim Marinho
Minas Gerais,MG,Itauna,Conjunto Habitacional Vitor Goncalves
Minas Gerais,MG,Itauna,Eldorado
Minas Gerais,MG,Itauna,Garcias
Minas Gerais,MG,Itauna,Gracas
Minas Gerais,MG,Itauna,Irmaos Auler
Minas Gerais,MG,Itauna,Itaunense
Minas Gerais,MG,Itauna,Itaunense II
Minas Gerais,MG,Itauna,Joao Paulo II
Minas Gerais,MG,Itauna,Lourdes
Minas Gerais,MG,Itauna,Morada Nova
Minas Gerais,MG,Itauna,Morro do Engenho
Minas Gerais,MG,Itauna,Nogueira Machado
Minas Gerais,MG,Itauna,Nogueirinha
Minas Gerais,MG,Itauna,Novo Horizonte
Minas Gerais,MG,Itauna,Padre Eustaquio
Minas Gerais,MG,Itauna,Parque Jardim Santanense (santanense)
Minas Gerais,MG,Itauna,Piedade
Minas Gerais,MG,Itauna,Residencial Morro do Sol
Minas Gerais,MG,Itauna,Residencial Santanense
Minas Gerais,MG,Itauna,Santa Monica
Minas Gerais,MG,Itauna,Santanense
Minas Gerais,MG,Itauna,Sao Geraldo
Minas Gerais,MG,Itauna,Universitario
Minas Gerais,MG,Itauna,Varzea da Olaria
Minas Gerais,MG,Itauna,Vila Nazare
Minas Gerais,MG,Itauna,Vila Tavares
Minas Gerais,MG,Itauna,Vila Vilaca
Minas Gerais,MG,Ituiutaba,Alcides Junqueira
Minas Gerais,MG,Ituiutaba,Alvorada
Minas Gerais,MG,Ituiutaba,Boa Esperanca
Minas Gerais,MG,Ituiutaba,Boa Vista
Minas Gerais,MG,Ituiutaba,Brasil
Minas Gerais,MG,Ituiutaba,Camargo
Minas Gerais,MG,Ituiutaba,Carvalho
Minas Gerais,MG,Ituiutaba,Central
Minas Gerais,MG,Ituiutaba,Centro
Minas Gerais,MG,Ituiutaba,Cristina
Minas Gerais,MG,Ituiutaba,Distrito Industrial
Minas Gerais,MG,Ituiutaba,Elandia
Minas Gerais,MG,Ituiutaba,Eldorado
Minas Gerais,MG,Ituiutaba,Gardenia
Minas Gerais,MG,Ituiutaba,Guimaraes
Minas Gerais,MG,Ituiutaba,Helio
Minas Gerais,MG,Ituiutaba,Independencia
Minas Gerais,MG,Ituiutaba,Ipiranga
Minas Gerais,MG,Ituiutaba,Jardim do Rosario
Minas Gerais,MG,Ituiutaba,Jardim Jamila
Minas Gerais,MG,Ituiutaba,Jeronimo Mendonca
Minas Gerais,MG,Ituiutaba,Lagoa Azul I
Minas Gerais,MG,Ituiutaba,Lagoa Azul II
Minas Gerais,MG,Ituiutaba,Maria Vilela
Minas Gerais,MG,Ituiutaba,Marta Helena
Minas Gerais,MG,Ituiutaba,Mirim
Minas Gerais,MG,Ituiutaba,Natal
Minas Gerais,MG,Ituiutaba,Nossa Senhora Aparecida
Minas Gerais,MG,Ituiutaba,Novo Horizonte
Minas Gerais,MG,Ituiutaba,Novo Mundo
Minas Gerais,MG,Ituiutaba,Novo Tempo II
Minas Gerais,MG,Ituiutaba,Paranaiba
Minas Gerais,MG,Ituiutaba,Pirapitinga
Minas Gerais,MG,Ituiutaba,Platina
Minas Gerais,MG,Ituiutaba,Progresso
Minas Gerais,MG,Ituiutaba,Santa Edwiges
Minas Gerais,MG,Ituiutaba,Santa Maria
Minas Gerais,MG,Ituiutaba,Santo Antonio
Minas Gerais,MG,Ituiutaba,Sao Jose
Minas Gerais,MG,Ituiutaba,Satelite Andradina
Minas Gerais,MG,Ituiutaba,Setor Norte
Minas Gerais,MG,Ituiutaba,Setor Norte Industrial
Minas Gerais,MG,Ituiutaba,Setor Sul
Minas Gerais,MG,Ituiutaba,Sol Nascente
Minas Gerais,MG,Ituiutaba,Tiradentes
Minas Gerais,MG,Ituiutaba,Tupa
Minas Gerais,MG,Ituiutaba,Universitario
Minas Gerais,MG,Joao Monlevade,Aclimacao
Minas Gerais,MG,Joao Monlevade,Alvorada
Minas Gerais,MG,Joao Monlevade,Areia Preta
Minas Gerais,MG,Joao Monlevade,Bau
Minas Gerais,MG,Joao Monlevade,Belmonte
Minas Gerais,MG,Joao Monlevade,Boa Vista
Minas Gerais,MG,Joao Monlevade,Campos Elisios
Minas Gerais,MG,Joao Monlevade,Carneirinhos
Minas Gerais,MG,Joao Monlevade,Centro
Minas Gerais,MG,Joao Monlevade,Centro Industrial
Minas Gerais,MG,Joao Monlevade,Cidade Nova
Minas Gerais,MG,Joao Monlevade,Cruzeiro Celeste
Minas Gerais,MG,Joao Monlevade,Ernestina Graciana
Minas Gerais,MG,Joao Monlevade,Feixos
Minas Gerais,MG,Joao Monlevade,Industrial
Minas Gerais,MG,Joao Monlevade,Ipiranga
Minas Gerais,MG,Joao Monlevade,Jacui
Minas Gerais,MG,Joao Monlevade,Jose Alencar
Minas Gerais,MG,Joao Monlevade,Jose Eloi
Minas Gerais,MG,Joao Monlevade,Laranjeiras
Minas Gerais,MG,Joao Monlevade,Loanda
Minas Gerais,MG,Joao Monlevade,Lourdes
Minas Gerais,MG,Joao Monlevade,Lucilia
Minas Gerais,MG,Joao Monlevade,Mangabeiras
Minas Gerais,MG,Joao Monlevade,Metalurgico
Minas Gerais,MG,Joao Monlevade,Nossa Senhora da Conceicao
Minas Gerais,MG,Joao Monlevade,Nova Aclimacao
Minas Gerais,MG,Joao Monlevade,Nova Esperanca
Minas Gerais,MG,Joao Monlevade,Novo Cruzeiro
Minas Gerais,MG,Joao Monlevade,Novo Horizonte
Minas Gerais,MG,Joao Monlevade,Paineiras
Minas Gerais,MG,Joao Monlevade,Palmares
Minas Gerais,MG,Joao Monlevade,Parque Recreio Paraiso
Minas Gerais,MG,Joao Monlevade,Petropolis
Minas Gerais,MG,Joao Monlevade,Republica
Minas Gerais,MG,Joao Monlevade,Rosario
Minas Gerais,MG,Joao Monlevade,Santa Barbara
Minas Gerais,MG,Joao Monlevade,Santa Cruz
Minas Gerais,MG,Joao Monlevade,Santo Hipolito
Minas Gerais,MG,Joao Monlevade,Sao Benedito
Minas Gerais,MG,Joao Monlevade,Sao Geraldo
Minas Gerais,MG,Joao Monlevade,Sao Joao
Minas Gerais,MG,Joao Monlevade,Sao Jorge
Minas Gerais,MG,Joao Monlevade,Satelite
Minas Gerais,MG,Joao Monlevade,Serra
Minas Gerais,MG,Joao Monlevade,Sion
Minas Gerais,MG,Joao Monlevade,Sitio Recreio do Bau
Minas Gerais,MG,Joao Monlevade,Tanquinho
Minas Gerais,MG,Joao Monlevade,Teresopolis
Minas Gerais,MG,Joao Monlevade,Vale do Sol
Minas Gerais,MG,Joao Monlevade,Vera Cruz
Minas Gerais,MG,Joao Monlevade,Vila Tanque
Minas Gerais,MG,Juiz de Fora,Aeroporto
Minas Gerais,MG,Juiz de Fora,Aracy
Minas Gerais,MG,Juiz de Fora,Bairu
Minas Gerais,MG,Juiz de Fora,Bandeirantes
Minas Gerais,MG,Juiz de Fora,Barbosa Lage
Minas Gerais,MG,Juiz de Fora,Benfica
Minas Gerais,MG,Juiz de Fora,Boa Vista
Minas Gerais,MG,Juiz de Fora,Bom Clima
Minas Gerais,MG,Juiz de Fora,Bom Pastor
Minas Gerais,MG,Juiz de Fora,Bonfim
Minas Gerais,MG,Juiz de Fora,Bonsucesso
Minas Gerais,MG,Juiz de Fora,Borboleta
Minas Gerais,MG,Juiz de Fora,Bosque do Imperador
Minas Gerais,MG,Juiz de Fora,Carlos Chagas
Minas Gerais,MG,Juiz de Fora,Cascatinha
Minas Gerais,MG,Juiz de Fora,Centenario
Minas Gerais,MG,Juiz de Fora,Centro
Minas Gerais,MG,Juiz de Fora,Ceramica
Minas Gerais,MG,Juiz de Fora,Chales do Imperador
Minas Gerais,MG,Juiz de Fora,Cidade do Sol
Minas Gerais,MG,Juiz de Fora,Cidade Jardim
Minas Gerais,MG,Juiz de Fora,Costa Carvalho
Minas Gerais,MG,Juiz de Fora,Cruzeiro do Sul
Minas Gerais,MG,Juiz de Fora,Democrata
Minas Gerais,MG,Juiz de Fora,Distrito Industrial
Minas Gerais,MG,Juiz de Fora,Dom Bosco
Minas Gerais,MG,Juiz de Fora,Eldorado
Minas Gerais,MG,Juiz de Fora,Esplanada
Minas Gerais,MG,Juiz de Fora,Fabrica
Minas Gerais,MG,Juiz de Fora,Floresta
Minas Gerais,MG,Juiz de Fora,Francisco Bernardino
Minas Gerais,MG,Juiz de Fora,Grajau
Minas Gerais,MG,Juiz de Fora,Grama
Minas Gerais,MG,Juiz de Fora,Granbery
Minas Gerais,MG,Juiz de Fora,Industrial
Minas Gerais,MG,Juiz de Fora,Ipiranga
Minas Gerais,MG,Juiz de Fora,Ipiranguinha
Minas Gerais,MG,Juiz de Fora,Jardim de Ala
Minas Gerais,MG,Juiz de Fora,Jardim do Sol
Minas Gerais,MG,Juiz de Fora,Jardim Esperanca
Minas Gerais,MG,Juiz de Fora,Jardim Europa
Minas Gerais,MG,Juiz de Fora,Jardim Gloria
Minas Gerais,MG,Juiz de Fora,Jardim L Ermitage
Minas Gerais,MG,Juiz de Fora,Jardim Natal
Minas Gerais,MG,Juiz de Fora,Jk
Minas Gerais,MG,Juiz de Fora,Joquei Clube
Minas Gerais,MG,Juiz de Fora,Ladeira
Minas Gerais,MG,Juiz de Fora,Linhares
Minas Gerais,MG,Juiz de Fora,Lourdes
Minas Gerais,MG,Juiz de Fora,Manoel Honorio
Minas Gerais,MG,Juiz de Fora,Mansoes do Bom Pastor
Minas Gerais,MG,Juiz de Fora,Mariano Procopio
Minas Gerais,MG,Juiz de Fora,Marumbi
Minas Gerais,MG,Juiz de Fora,Milho Branco
Minas Gerais,MG,Juiz de Fora,Monte Castelo
Minas Gerais,MG,Juiz de Fora,Morro da Gloria
Minas Gerais,MG,Juiz de Fora,Mundo Novo
Minas Gerais,MG,Juiz de Fora,Nossa Senhora Aparecida
Minas Gerais,MG,Juiz de Fora,Nossa Senhora das Gracas
Minas Gerais,MG,Juiz de Fora,Nossa Senhora de Fatima
Minas Gerais,MG,Juiz de Fora,Nova California
Minas Gerais,MG,Juiz de Fora,Nova Era
Minas Gerais,MG,Juiz de Fora,Novo Horizonte
Minas Gerais,MG,Juiz de Fora,Paineiras
Minas Gerais,MG,Juiz de Fora,Parque Alto
Minas Gerais,MG,Juiz de Fora,Parque das Palmeiras
Minas Gerais,MG,Juiz de Fora,Parque Guadalajara
Minas Gerais,MG,Juiz de Fora,Parque Guarani
Minas Gerais,MG,Juiz de Fora,Parque Guarua
Minas Gerais,MG,Juiz de Fora,Parque Independencia
Minas Gerais,MG,Juiz de Fora,Parque Jardim da Serra
Minas Gerais,MG,Juiz de Fora,Passos
Minas Gerais,MG,Juiz de Fora,Poco Rico
Minas Gerais,MG,Juiz de Fora,Progresso
Minas Gerais,MG,Juiz de Fora,Residencia
Minas Gerais,MG,Juiz de Fora,Retiro
Minas Gerais,MG,Juiz de Fora,Santa Candida
Minas Gerais,MG,Juiz de Fora,Santa Catarina
Minas Gerais,MG,Juiz de Fora,Santa Cecilia
Minas Gerais,MG,Juiz de Fora,Santa Cruz
Minas Gerais,MG,Juiz de Fora,Santa Efigenia
Minas Gerais,MG,Juiz de Fora,Santa Helena
Minas Gerais,MG,Juiz de Fora,Santa Luzia
Minas Gerais,MG,Juiz de Fora,Santa Rita de Cassia
Minas Gerais,MG,Juiz de Fora,Santa Teresa
Minas Gerais,MG,Juiz de Fora,Santa Terezinha
Minas Gerais,MG,Juiz de Fora,Santo Antonio
Minas Gerais,MG,Juiz de Fora,Santos Anjos
Minas Gerais,MG,Juiz de Fora,Santos Dumont
Minas Gerais,MG,Juiz de Fora,Sao Benedito
Minas Gerais,MG,Juiz de Fora,Sao Bernardo
Minas Gerais,MG,Juiz de Fora,Sao Dimas
Minas Gerais,MG,Juiz de Fora,Sao Geraldo
Minas Gerais,MG,Juiz de Fora,Sao Judas Tadeu
Minas Gerais,MG,Juiz de Fora,Sao Mateus
Minas Gerais,MG,Juiz de Fora,Sao Pedro
Minas Gerais,MG,Juiz de Fora,Sao Sebastiao
Minas Gerais,MG,Juiz de Fora,Sao Tarcisio
Minas Gerais,MG,Juiz de Fora,Teixeiras
Minas Gerais,MG,Juiz de Fora,Tiguera
Minas Gerais,MG,Juiz de Fora,Vale do Ipe
Minas Gerais,MG,Juiz de Fora,Vila Alpina
Minas Gerais,MG,Juiz de Fora,Vila Furtado de Menezes
Minas Gerais,MG,Juiz de Fora,Vila Ideal
Minas Gerais,MG,Juiz de Fora,Vila Olavo Costa
Minas Gerais,MG,Juiz de Fora,Vila Ozanan
Minas Gerais,MG,Juiz de Fora,Vina Del Mar
Minas Gerais,MG,Juiz de Fora,Vitorino Braga
Minas Gerais,MG,Montes Claros,Alcides Rabelo
Minas Gerais,MG,Montes Claros,Alterosas
Minas Gerais,MG,Montes Claros,Alto Floresta
Minas Gerais,MG,Montes Claros,Augusta Mota
Minas Gerais,MG,Montes Claros,Canelas II
Minas Gerais,MG,Montes Claros,Chacara Recanto dos Aracas
Minas Gerais,MG,Montes Claros,Conjunto Chiquinho Guimaraes
Minas Gerais,MG,Montes Claros,Conjunto Ciro dos Anjos
Minas Gerais,MG,Montes Claros,Conjunto Cristo Rei
Minas Gerais,MG,Montes Claros,Conjunto Doutor Jose Carlos Vale de Lima
Minas Gerais,MG,Montes Claros,Conjunto Jose Correia Machado
Minas Gerais,MG,Montes Claros,Conjunto Morada do Parque
Minas Gerais,MG,Montes Claros,Conjunto Residencial Jk
Minas Gerais,MG,Montes Claros,Distrito Industrial
Minas Gerais,MG,Montes Claros,Dona Gregoria
Minas Gerais,MG,Montes Claros,Esplanada
Minas Gerais,MG,Montes Claros,Francisco Peres I
Minas Gerais,MG,Montes Claros,Guaruja
Minas Gerais,MG,Montes Claros,Ibituruna
Minas Gerais,MG,Montes Claros,Inconfidentes
Minas Gerais,MG,Montes Claros,Independencia
Minas Gerais,MG,Montes Claros,Interlagos
Minas Gerais,MG,Montes Claros,Jaragua
Minas Gerais,MG,Montes Claros,Jardim Morada do Sol
Minas Gerais,MG,Montes Claros,Jardim Primavera
Minas Gerais,MG,Montes Claros,Jardim Sao Geraldo
Minas Gerais,MG,Montes Claros,Loteamento dos Mangues
Minas Gerais,MG,Montes Claros,Major Prates
Minas Gerais,MG,Montes Claros,Maracana
Minas Gerais,MG,Montes Claros,Monte Carmelo
Minas Gerais,MG,Montes Claros,Nossa Senhora das Gracas
Minas Gerais,MG,Montes Claros,Nova America
Minas Gerais,MG,Montes Claros,Planalto
Minas Gerais,MG,Montes Claros,Santo Inacio
Minas Gerais,MG,Montes Claros,Sao Geraldo
Minas Gerais,MG,Montes Claros,Sao Judas Tadeu
Minas Gerais,MG,Montes Claros,Vargem Grande II
Minas Gerais,MG,Montes Claros,Vera Cruz
Minas Gerais,MG,Montes Claros,Vila Campos
Minas Gerais,MG,Montes Claros,Vila Greice
Minas Gerais,MG,Montes Claros,Vila Ipiranga
Minas Gerais,MG,Montes Claros,Vila Maria Candida
Minas Gerais,MG,Montes Claros,Vila Sion
Minas Gerais,MG,Montes Claros,Vila Telma
Minas Gerais,MG,Montes Claros,Vila Tupan
Minas Gerais,MG,Montes Claros,Village do Lago
Minas Gerais,MG,Para de Minas,Belvedere
Minas Gerais,MG,Para de Minas,Centro
Minas Gerais,MG,Para de Minas,Coracao de Jesus
Minas Gerais,MG,Para de Minas,Distrito Industrial II
Minas Gerais,MG,Para de Minas,Dom Bosco
Minas Gerais,MG,Para de Minas,Grao Para
Minas Gerais,MG,Para de Minas,Independencia
Minas Gerais,MG,Para de Minas,Jardim Beatriz
Minas Gerais,MG,Para de Minas,Jardim Castelo Branco
Minas Gerais,MG,Para de Minas,Jardim das Piteiras (secao I)
Minas Gerais,MG,Para de Minas,Jardim Serra Dourada
Minas Gerais,MG,Para de Minas,Jardim Serra Verde
Minas Gerais,MG,Para de Minas,Jk
Minas Gerais,MG,Para de Minas,Nossa Senhora das Gracas
Minas Gerais,MG,Para de Minas,Nossa Senhora de Fatima
Minas Gerais,MG,Para de Minas,Nossa Senhora de Lourdes
Minas Gerais,MG,Para de Minas,Novo Horizonte
Minas Gerais,MG,Para de Minas,Padre Liberio
Minas Gerais,MG,Para de Minas,Papa Joao Paulo II
Minas Gerais,MG,Para de Minas,Providencia
Minas Gerais,MG,Para de Minas,Recanto da Lagoa
Minas Gerais,MG,Para de Minas,Redentor
Minas Gerais,MG,Para de Minas,Residencial Dona Tunica
Minas Gerais,MG,Para de Minas,Santo Antonio
Minas Gerais,MG,Para de Minas,Santos Dumont
Minas Gerais,MG,Para de Minas,Sao Cristovao
Minas Gerais,MG,Para de Minas,Sao Francisco
Minas Gerais,MG,Para de Minas,Sao Jose
Minas Gerais,MG,Para de Minas,Sao Luiz
Minas Gerais,MG,Para de Minas,Sao Pedro
Minas Gerais,MG,Para de Minas,Senador Valadares
Minas Gerais,MG,Para de Minas,Vila Benvinda
Minas Gerais,MG,Para de Minas,Vila Ferreira
Minas Gerais,MG,Para de Minas,Vila Lara
Minas Gerais,MG,Para de Minas,Vila Maria
Minas Gerais,MG,Para de Minas,Vila Raquel
Minas Gerais,MG,Para de Minas,Vila Sinho
Minas Gerais,MG,Passos,Aguas
Minas Gerais,MG,Passos,Belo Horizonte
Minas Gerais,MG,Passos,Candeias
Minas Gerais,MG,Passos,Canjeranus
Minas Gerais,MG,Passos,Carmelo
Minas Gerais,MG,Passos,Centro
Minas Gerais,MG,Passos,Cohab I
Minas Gerais,MG,Passos,Cohab II
Minas Gerais,MG,Passos,Cohab IV
Minas Gerais,MG,Passos,Coimbras
Minas Gerais,MG,Passos,Distrito Industrial
Minas Gerais,MG,Passos,Exposicao
Minas Gerais,MG,Passos,Jardim Aclimacao
Minas Gerais,MG,Passos,Jardim Bela Vista
Minas Gerais,MG,Passos,Jardim Belo Horizonte
Minas Gerais,MG,Passos,Jardim California
Minas Gerais,MG,Passos,Jardim Centenario
Minas Gerais,MG,Passos,Jardim Colegio de Passos
Minas Gerais,MG,Passos,Jardim das Estrelas
Minas Gerais,MG,Passos,Jardim Embratel
Minas Gerais,MG,Passos,Jardim Europa
Minas Gerais,MG,Passos,Jardim Harmonia
Minas Gerais,MG,Passos,Jardim Italia
Minas Gerais,MG,Passos,Jardim Panorama
Minas Gerais,MG,Passos,Jardim Planalto
Minas Gerais,MG,Passos,Jardim Polivalente
Minas Gerais,MG,Passos,Jardim Primavera
Minas Gerais,MG,Passos,Jardim Primavera II
Minas Gerais,MG,Passos,Jardim Santa Luzia
Minas Gerais,MG,Passos,Jardim Satelite
Minas Gerais,MG,Passos,Jardim Vila Rica
Minas Gerais,MG,Passos,Maria Augusta
Minas Gerais,MG,Passos,Monsenhor Joao Pedro
Minas Gerais,MG,Passos,Monsenhor Messias
Minas Gerais,MG,Passos,Nossa Senhora Aparecida
Minas Gerais,MG,Passos,Nossa Senhora das Gracas
Minas Gerais,MG,Passos,Nossa Senhora de Fatima
Minas Gerais,MG,Passos,Nossa Senhora de Lourdes
Minas Gerais,MG,Passos,Novo Horizonte
Minas Gerais,MG,Passos,Novo Mundo II
Minas Gerais,MG,Passos,Novo Mundo III
Minas Gerais,MG,Passos,Parque Casarao
Minas Gerais,MG,Passos,Parque da Fazenda
Minas Gerais,MG,Passos,Parque Estacao
Minas Gerais,MG,Passos,Parque Residencial Eldorado
Minas Gerais,MG,Passos,Parque Sao Joao
Minas Gerais,MG,Passos,Penha
Minas Gerais,MG,Passos,Penha II
Minas Gerais,MG,Passos,Recanto da Teka
Minas Gerais,MG,Passos,Santa Casa
Minas Gerais,MG,Passos,Santa Maria Goretti
Minas Gerais,MG,Passos,Santa Terezinha
Minas Gerais,MG,Passos,Sao Benedito
Minas Gerais,MG,Passos,Sao Francisco
Minas Gerais,MG,Passos,Serra das Brisas
Minas Gerais,MG,Passos,Serra Verde
Minas Gerais,MG,Passos,Umuarama
Minas Gerais,MG,Passos,Umuarama II
Minas Gerais,MG,Passos,Vila Sao Jose
Minas Gerais,MG,Passos,Washington Noronha
Minas Gerais,MG,Patos de Minas,Alto da Colina
Minas Gerais,MG,Patos de Minas,Antonio Caixeta
Minas Gerais,MG,Patos de Minas,Aquarius
Minas Gerais,MG,Patos de Minas,Bela Vista
Minas Gerais,MG,Patos de Minas,Boa Vista
Minas Gerais,MG,Patos de Minas,Brasil
Minas Gerais,MG,Patos de Minas,Caramuru
Minas Gerais,MG,Patos de Minas,Centro
Minas Gerais,MG,Patos de Minas,Cerrado
Minas Gerais,MG,Patos de Minas,Cidade Jardim
Minas Gerais,MG,Patos de Minas,Cidade Nova
Minas Gerais,MG,Patos de Minas,Conego Getulio
Minas Gerais,MG,Patos de Minas,Cristo Redentor
Minas Gerais,MG,Patos de Minas,Distrito Industrial I
Minas Gerais,MG,Patos de Minas,Eldorado
Minas Gerais,MG,Patos de Minas,Guanabara
Minas Gerais,MG,Patos de Minas,Ipanema
Minas Gerais,MG,Patos de Minas,Jardim America
Minas Gerais,MG,Patos de Minas,Jardim Andradas
Minas Gerais,MG,Patos de Minas,Jardim Centro
Minas Gerais,MG,Patos de Minas,Jardim Ceu Azul
Minas Gerais,MG,Patos de Minas,Jardim Esperanca
Minas Gerais,MG,Patos de Minas,Jardim Floresta
Minas Gerais,MG,Patos de Minas,Jardim Paraiso
Minas Gerais,MG,Patos de Minas,Jardim Paulistano
Minas Gerais,MG,Patos de Minas,Jardim Recanto
Minas Gerais,MG,Patos de Minas,Lagoa Grande
Minas Gerais,MG,Patos de Minas,Lagoinha
Minas Gerais,MG,Patos de Minas,Nossa Senhora Aparecida
Minas Gerais,MG,Patos de Minas,Nossa Senhora das Gracas
Minas Gerais,MG,Patos de Minas,Nova Floresta
Minas Gerais,MG,Patos de Minas,Novo Horizonte
Minas Gerais,MG,Patos de Minas,Padre Eustaquio
Minas Gerais,MG,Patos de Minas,Rosario
Minas Gerais,MG,Patos de Minas,Santa Terezinha
Minas Gerais,MG,Patos de Minas,Santo Antonio
Minas Gerais,MG,Patos de Minas,Sebastiao Amorim
Minas Gerais,MG,Patos de Minas,Sobradinho
Minas Gerais,MG,Patos de Minas,Valparaiso
Minas Gerais,MG,Patos de Minas,Varzea
Minas Gerais,MG,Patos de Minas,Vila Garcia
Minas Gerais,MG,Patos de Minas,Vila Operaria
Minas Gerais,MG,Patos de Minas,Vila Rosa
Minas Gerais,MG,Patos de Minas,Vila Santa Luzia
Minas Gerais,MG,Pocos de Caldas,Aparecida
Minas Gerais,MG,Pocos de Caldas,Bem Bastos
Minas Gerais,MG,Pocos de Caldas,Boa Esperanca
Minas Gerais,MG,Pocos de Caldas,Campo da Mogiana
Minas Gerais,MG,Pocos de Caldas,Campo do Retirinho
Minas Gerais,MG,Pocos de Caldas,Centro
Minas Gerais,MG,Pocos de Caldas,Chacara Alvorada
Minas Gerais,MG,Pocos de Caldas,Chacara dos Cravos
Minas Gerais,MG,Pocos de Caldas,Chacara Pocos de Caldas
Minas Gerais,MG,Pocos de Caldas,Chacara Santa Barbara
Minas Gerais,MG,Pocos de Caldas,Condominio Morada das Flores
Minas Gerais,MG,Pocos de Caldas,Conjunto Habitacional Pedro Afonso Junqueira
Minas Gerais,MG,Pocos de Caldas,Country Club
Minas Gerais,MG,Pocos de Caldas,Cristiano Ozorio
Minas Gerais,MG,Pocos de Caldas,Dom Bosco
Minas Gerais,MG,Pocos de Caldas,Estancia Pocos de Caldas
Minas Gerais,MG,Pocos de Caldas,Estancia Sao Jose (1a Gleba)
Minas Gerais,MG,Pocos de Caldas,Fazenda Baeta
Minas Gerais,MG,Pocos de Caldas,Funcionarios
Minas Gerais,MG,Pocos de Caldas,Jardim Aeroporto
Minas Gerais,MG,Pocos de Caldas,Jardim Bandeirante
Minas Gerais,MG,Pocos de Caldas,Jardim Bela Vista
Minas Gerais,MG,Pocos de Caldas,Jardim Campos Elisios (1a Gleba)
Minas Gerais,MG,Pocos de Caldas,Jardim Cascatinha
Minas Gerais,MG,Pocos de Caldas,Jardim Del Rey
Minas Gerais,MG,Pocos de Caldas,Jardim Del Rey (1a Gleba)
Minas Gerais,MG,Pocos de Caldas,Jardim do Contorno
Minas Gerais,MG,Pocos de Caldas,Jardim do Ginasio
Minas Gerais,MG,Pocos de Caldas,Jardim dos Estados
Minas Gerais,MG,Pocos de Caldas,Jardim Filipino
Minas Gerais,MG,Pocos de Caldas,Jardim Gama Cruz
Minas Gerais,MG,Pocos de Caldas,Jardim Kennedy I
Minas Gerais,MG,Pocos de Caldas,Jardim Monte Almo
Minas Gerais,MG,Pocos de Caldas,Jardim Nova Aparecida
Minas Gerais,MG,Pocos de Caldas,Jardim Novo Mundo
Minas Gerais,MG,Pocos de Caldas,Jardim Novo Mundo (1 Gleba)
Minas Gerais,MG,Pocos de Caldas,Jardim Paraiso
Minas Gerais,MG,Pocos de Caldas,Jardim Planalto
Minas Gerais,MG,Pocos de Caldas,Jardim Planalto 11
Minas Gerais,MG,Pocos de Caldas,Jardim Quisisana
Minas Gerais,MG,Pocos de Caldas,Jardim Regina
Minas Gerais,MG,Pocos de Caldas,Jardim Santa Augusta
Minas Gerais,MG,Pocos de Caldas,Jardim Santa Helena
Minas Gerais,MG,Pocos de Caldas,Jardim Santa Lucia
Minas Gerais,MG,Pocos de Caldas,Jardim Santa Margarida
Minas Gerais,MG,Pocos de Caldas,Jardim Santa Rita
Minas Gerais,MG,Pocos de Caldas,Jardim Sao Geraldo
Minas Gerais,MG,Pocos de Caldas,Jardim Sao Jorge
Minas Gerais,MG,Pocos de Caldas,Jardim Sao Paulo
Minas Gerais,MG,Pocos de Caldas,Jardim Vitoria
Minas Gerais,MG,Pocos de Caldas,Jardim Vitoria (1a Gleba)
Minas Gerais,MG,Pocos de Caldas,Joao Pinheiro
Minas Gerais,MG,Pocos de Caldas,Marcal Santos
Minas Gerais,MG,Pocos de Caldas,Maria Imaculada
Minas Gerais,MG,Pocos de Caldas,Morada dos Passaros
Minas Gerais,MG,Pocos de Caldas,Nossa Senhora da Saude
Minas Gerais,MG,Pocos de Caldas,Parque das Nacoes
Minas Gerais,MG,Pocos de Caldas,Parque Primavera (1a Gleba)
Minas Gerais,MG,Pocos de Caldas,Parque Sao Sebastiao
Minas Gerais,MG,Pocos de Caldas,Parque Sao Sebastiao II
Minas Gerais,MG,Pocos de Caldas,Parque Vivaldi Leite Ribeiro
Minas Gerais,MG,Pocos de Caldas,Santa Angela
Minas Gerais,MG,Pocos de Caldas,Santa Angela (1a Gleba)
Minas Gerais,MG,Pocos de Caldas,Santa Angela (2a Gleba)
Minas Gerais,MG,Pocos de Caldas,Santa Augusta (1a Gleba)
Minas Gerais,MG,Pocos de Caldas,Santa Emilia
Minas Gerais,MG,Pocos de Caldas,Santa Lucia
Minas Gerais,MG,Pocos de Caldas,Santa Maria
Minas Gerais,MG,Pocos de Caldas,Santa Rosalia I e II
Minas Gerais,MG,Pocos de Caldas,Santana do Pedregal
Minas Gerais,MG,Pocos de Caldas,Santo Andre
Minas Gerais,MG,Pocos de Caldas,Sao Benedito
Minas Gerais,MG,Pocos de Caldas,Sao Conrado
Minas Gerais,MG,Pocos de Caldas,Sao Domingos
Minas Gerais,MG,Pocos de Caldas,Sao Joao
Minas Gerais,MG,Pocos de Caldas,Sao Jose
Minas Gerais,MG,Pocos de Caldas,Vale das Antas
Minas Gerais,MG,Pocos de Caldas,Vila Ana Pereira
Minas Gerais,MG,Pocos de Caldas,Vila Bela
Minas Gerais,MG,Pocos de Caldas,Vila Cruz
Minas Gerais,MG,Pocos de Caldas,Vila Flora
Minas Gerais,MG,Pocos de Caldas,Vila Guapore
Minas Gerais,MG,Pocos de Caldas,Vila Iguatimara e Fatima
Minas Gerais,MG,Pocos de Caldas,Vila Lider
Minas Gerais,MG,Pocos de Caldas,Vila Menezes
Minas Gerais,MG,Pocos de Caldas,Vila Miglioranzi
Minas Gerais,MG,Pocos de Caldas,Vila Nossa Senhora de Fatima
Minas Gerais,MG,Pocos de Caldas,Vila Nova
Minas Gerais,MG,Pocos de Caldas,Vila Rabelo
Minas Gerais,MG,Pocos de Caldas,Vila Radio
Minas Gerais,MG,Pocos de Caldas,Vila Rica
Minas Gerais,MG,Ponte Nova,Alto da Boa Vista
Minas Gerais,MG,Ponte Nova,Bom Pastor
Minas Gerais,MG,Ponte Nova,Centro
Minas Gerais,MG,Ponte Nova,Ceramica
Minas Gerais,MG,Ponte Nova,Copacabana
Minas Gerais,MG,Ponte Nova,Esplanada
Minas Gerais,MG,Ponte Nova,Fatima
Minas Gerais,MG,Ponte Nova,Guarapiranga
Minas Gerais,MG,Ponte Nova,Ipanema
Minas Gerais,MG,Ponte Nova,Jardim
Minas Gerais,MG,Ponte Nova,Nossa Senhora Auxiliadora
Minas Gerais,MG,Ponte Nova,Nova Almeida
Minas Gerais,MG,Ponte Nova,Novo Horizonte
Minas Gerais,MG,Ponte Nova,Palmeiras
Minas Gerais,MG,Ponte Nova,Paraiso
Minas Gerais,MG,Ponte Nova,Progresso
Minas Gerais,MG,Ponte Nova,Rasa
Minas Gerais,MG,Ponte Nova,Sagrado Coracao de Jesus
Minas Gerais,MG,Ponte Nova,Santa Teresa
Minas Gerais,MG,Ponte Nova,Santo Antonio I
Minas Gerais,MG,Ponte Nova,Santo Antonio II
Minas Gerais,MG,Ponte Nova,Sao Geraldo
Minas Gerais,MG,Ponte Nova,Sao Judas Tadeu
Minas Gerais,MG,Ponte Nova,Sao Pedro
Minas Gerais,MG,Ponte Nova,Sumare
Minas Gerais,MG,Ponte Nova,Triangulo
Minas Gerais,MG,Ponte Nova,Triangulo Novo
Minas Gerais,MG,Ponte Nova,Vale Verde
Minas Gerais,MG,Ponte Nova,Vila Alvarenga
Minas Gerais,MG,Ponte Nova,Vila Oliveira
Minas Gerais,MG,Ribeirao das Neves,Areias (justinopolis)
Minas Gerais,MG,Ribeirao das Neves,Atalaia (justinopolis)
Minas Gerais,MG,Ribeirao das Neves,Botafogo (justinopolis)
Minas Gerais,MG,Ribeirao das Neves,Centro (justinopolis)
Minas Gerais,MG,Ribeirao das Neves,Cerejeira (justinopolis)
Minas Gerais,MG,Ribeirao das Neves,Ceu Anil (justinopolis)
Minas Gerais,MG,Ribeirao das Neves,Condominio Vale do Ouro
Minas Gerais,MG,Ribeirao das Neves,Conjunto Henrique Sapori
Minas Gerais,MG,Ribeirao das Neves,Conjunto Nova Pampulha (justinopolis)
Minas Gerais,MG,Ribeirao das Neves,Eliane (justinopolis)
Minas Gerais,MG,Ribeirao das Neves,Elizabeth (justinopolis)
Minas Gerais,MG,Ribeirao das Neves,Esperanca (justinopolis)
Minas Gerais,MG,Ribeirao das Neves,Felixlandia (justinopolis)
Minas Gerais,MG,Ribeirao das Neves,Flamengo (justinopolis)
Minas Gerais,MG,Ribeirao das Neves,Florenca
Minas Gerais,MG,Ribeirao das Neves,Fortaleza (justinopolis)
Minas Gerais,MG,Ribeirao das Neves,Granjas Primavera (justinopolis)
Minas Gerais,MG,Ribeirao das Neves,Havai (justinopolis)
Minas Gerais,MG,Ribeirao das Neves,Jardim Alvorada (justinopolis)
Minas Gerais,MG,Ribeirao das Neves,Jardim de Ala (justinopolis)
Minas Gerais,MG,Ribeirao das Neves,Katia (justinopolis)
Minas Gerais,MG,Ribeirao das Neves,Landi (justinopolis)
Minas Gerais,MG,Ribeirao das Neves,Luar da Pampulha (justinopolis)
Minas Gerais,MG,Ribeirao das Neves,Maracana I (justinopolis)
Minas Gerais,MG,Ribeirao das Neves,Maracana II (justinopolis)
Minas Gerais,MG,Ribeirao das Neves,Maria Helena (justinopolis)
Minas Gerais,MG,Ribeirao das Neves,Menezes (justinopolis)
Minas Gerais,MG,Ribeirao das Neves,Papine (justinopolis)
Minas Gerais,MG,Ribeirao das Neves,Paraiso das Piabas (justinopolis)
Minas Gerais,MG,Ribeirao das Neves,Pedra Branca (justinopolis)
Minas Gerais,MG,Ribeirao das Neves,Penha (justinopolis)
Minas Gerais,MG,Ribeirao das Neves,Piedade (justinopolis)
Minas Gerais,MG,Ribeirao das Neves,Rosimeire (justinopolis)
Minas Gerais,MG,Ribeirao das Neves,San Genaro
Minas Gerais,MG,Ribeirao das Neves,Santa Fe (justinopolis)
Minas Gerais,MG,Ribeirao das Neves,Santa Izabel (justinopolis)
Minas Gerais,MG,Ribeirao das Neves,Santa Margarida (justinopolis)
Minas Gerais,MG,Ribeirao das Neves,Santana (justinopolis)
Minas Gerais,MG,Ribeirao das Neves,Sao Januario (justinopolis)
Minas Gerais,MG,Ribeirao das Neves,Sao Joao de Deus (justinopolis)
Minas Gerais,MG,Ribeirao das Neves,Sao Jose (justinopolis )
Minas Gerais,MG,Ribeirao das Neves,Sao Miguel Arcanjo (justinopolis)
Minas Gerais,MG,Ribeirao das Neves,Savassi
Minas Gerais,MG,Ribeirao das Neves,Senhora Aparecida (justinopolis)
Minas Gerais,MG,Ribeirao das Neves,Sonia (justinopolis)
Minas Gerais,MG,Ribeirao das Neves,Suely (justinopolis)
Minas Gerais,MG,Ribeirao das Neves,Tancredo Neves (justinopolis)
Minas Gerais,MG,Ribeirao das Neves,Tony (justinopolis)
Minas Gerais,MG,Ribeirao das Neves,Tropical (justinopolis)
Minas Gerais,MG,Ribeirao das Neves,Urca (justinopolis)
Minas Gerais,MG,Ribeirao das Neves,Vale da Prata
Minas Gerais,MG,Ribeirao das Neves,Vale das Acacias
Minas Gerais,MG,Ribeirao das Neves,Vera Lucia (justinopolis)
Minas Gerais,MG,Ribeirao das Neves,Vila Delma (justinopolis)
Minas Gerais,MG,Ribeirao das Neves,Vila Real (justinopolis)
Minas Gerais,MG,Sabara,Adelmolandia
Minas Gerais,MG,Sabara,Agua Ferrea
Minas Gerais,MG,Sabara,Alto do Cabral
Minas Gerais,MG,Sabara,Alvorada
Minas Gerais,MG,Sabara,Ana Lucia
Minas Gerais,MG,Sabara,Arraial Velho
Minas Gerais,MG,Sabara,Caieira
Minas Gerais,MG,Sabara,Centro
Minas Gerais,MG,Sabara,Conjunto Morada da Serra
Minas Gerais,MG,Sabara,Corrego da Ilha
Minas Gerais,MG,Sabara,Esplanada
Minas Gerais,MG,Sabara,Fogo Apagou
Minas Gerais,MG,Sabara,Itacolomi
Minas Gerais,MG,Sabara,Morro da Cruz
Minas Gerais,MG,Sabara,Nacoes Unidas
Minas Gerais,MG,Sabara,Nossa Senhora da Conceicao
Minas Gerais,MG,Sabara,Nossa Senhora de Fatima
Minas Gerais,MG,Sabara,Nossa Senhora do O
Minas Gerais,MG,Sabara,Novo Alvorada
Minas Gerais,MG,Sabara,Novo Santa Ines
Minas Gerais,MG,Sabara,Paciencia
Minas Gerais,MG,Sabara,Padre Chiquinho
Minas Gerais,MG,Sabara,Praia dos Bandeirantes
Minas Gerais,MG,Sabara,Rio Negro
Minas Gerais,MG,Sabara,Roca Grande
Minas Gerais,MG,Sabara,Rosario
Minas Gerais,MG,Sabara,Santana
Minas Gerais,MG,Sabara,Santo Antonio (roca Grande)
Minas Gerais,MG,Sabara,Sao Jose
Minas Gerais,MG,Sabara,Siderurgica
Minas Gerais,MG,Sabara,Terra Santa
Minas Gerais,MG,Sabara,Valparaiso
Minas Gerais,MG,Sabara,Vila Bom Retiro
Minas Gerais,MG,Sabara,Vila Campinas
Minas Gerais,MG,Sabara,Vila Domingos Francisco
Minas Gerais,MG,Sabara,Vila Esperanca
Minas Gerais,MG,Sabara,Vila Eugenio Rossi
Minas Gerais,MG,Sabara,Vila Francisco de Moura
Minas Gerais,MG,Sabara,Vila Marzagao
Minas Gerais,MG,Sabara,Vila Michel
Minas Gerais,MG,Sabara,Vila Nova Vista
Minas Gerais,MG,Sabara,Vila Rica
Minas Gerais,MG,Sabara,Vila Santa Cruz
Minas Gerais,MG,Sabara,Vila Santa Rita
Minas Gerais,MG,Sabara,Vila Santo Antonio de Padua
Minas Gerais,MG,Sabara,Vila Sao Sebastiao
Minas Gerais,MG,Santa Luzia,Asteca (sao Benedito)
Minas Gerais,MG,Santa Luzia,Barreiro do Amaral
Minas Gerais,MG,Santa Luzia,Bela Vista
Minas Gerais,MG,Santa Luzia,Boa Esperanca
Minas Gerais,MG,Santa Luzia,Bom Jesus
Minas Gerais,MG,Santa Luzia,Camelos
Minas Gerais,MG,Santa Luzia,Capitao Eduardo
Minas Gerais,MG,Santa Luzia,Centro
Minas Gerais,MG,Santa Luzia,Conjunto Cristina (sao Benedito)
Minas Gerais,MG,Santa Luzia,Conjunto Palmital (sao Benedito)
Minas Gerais,MG,Santa Luzia,Duquesa I (sao Benedito)
Minas Gerais,MG,Santa Luzia,Duquesa II (sao Benedito)
Minas Gerais,MG,Santa Luzia,Esplanada
Minas Gerais,MG,Santa Luzia,Frimisa
Minas Gerais,MG,Santa Luzia,Industrial Americano
Minas Gerais,MG,Santa Luzia,Kennedy
Minas Gerais,MG,Santa Luzia,Londrina (sao Benedito)
Minas Gerais,MG,Santa Luzia,Morada do Rio
Minas Gerais,MG,Santa Luzia,Moreira
Minas Gerais,MG,Santa Luzia,Nossa Senhora das Gracas
Minas Gerais,MG,Santa Luzia,Nossa Senhora do Carmo
Minas Gerais,MG,Santa Luzia,Nova Esperanca
Minas Gerais,MG,Santa Luzia,Pousada Del Rey (sao Benedito)
Minas Gerais,MG,Santa Luzia,Santa Matilde
Minas Gerais,MG,Santa Luzia,Santa Rita
Minas Gerais,MG,Santa Luzia,Sao Benedito
Minas Gerais,MG,Santa Luzia,Sao Cosme de Baixo (sao Benedito)
Minas Gerais,MG,Santa Luzia,Sao Cosme de Cima (sao Benedito)
Minas Gerais,MG,Santa Luzia,Sao Geraldo
Minas Gerais,MG,Santa Luzia,Sao Joao Batista
Minas Gerais,MG,Santa Luzia,Vila Beatriz (sao Benedito)
Minas Gerais,MG,Santa Luzia,Vila Iris
Minas Gerais,MG,Santa Luzia,Vila Olga
Minas Gerais,MG,Sao Joao Del Rei,Agua Geral (tejuco)
Minas Gerais,MG,Sao Joao Del Rei,Aguas Ferreas (tejuco)
Minas Gerais,MG,Sao Joao Del Rei,Alto das Merces
Minas Gerais,MG,Sao Joao Del Rei,Alto do Maquine (colonia do Marcal)
Minas Gerais,MG,Sao Joao Del Rei,Araca
Minas Gerais,MG,Sao Joao Del Rei,Barro Preto
Minas Gerais,MG,Sao Joao Del Rei,Bela Vista
Minas Gerais,MG,Sao Joao Del Rei,Bom Pastor
Minas Gerais,MG,Sao Joao Del Rei,Bonfim
Minas Gerais,MG,Sao Joao Del Rei,Caicaras
Minas Gerais,MG,Sao Joao Del Rei,Centro
Minas Gerais,MG,Sao Joao Del Rei,Cohab
Minas Gerais,MG,Sao Joao Del Rei,Colonia do Marcal
Minas Gerais,MG,Sao Joao Del Rei,Dom Bosco
Minas Gerais,MG,Sao Joao Del Rei,Fabricas
Minas Gerais,MG,Sao Joao Del Rei,Guarda-mor
Minas Gerais,MG,Sao Joao Del Rei,Inocoop (matozinhos)
Minas Gerais,MG,Sao Joao Del Rei,Jardim Paulo Campos
Minas Gerais,MG,Sao Joao Del Rei,Matozinhos
Minas Gerais,MG,Sao Joao Del Rei,Nascente do Sol (colonia do Marcal)
Minas Gerais,MG,Sao Joao Del Rei,Parque Sao Joao Del Rey (colonia do Marcal)
Minas Gerais,MG,Sao Joao Del Rei,Pio XII
Minas Gerais,MG,Sao Joao Del Rei,Recreio das Alterosas (colonia do Marcal)
Minas Gerais,MG,Sao Joao Del Rei,Residencial Lenheiro
Minas Gerais,MG,Sao Joao Del Rei,Residencial Sao Jose Operario (tejuco)
Minas Gerais,MG,Sao Joao Del Rei,Rio Acima
Minas Gerais,MG,Sao Joao Del Rei,Sao Caetano
Minas Gerais,MG,Sao Joao Del Rei,Sao Geraldo
Minas Gerais,MG,Sao Joao Del Rei,Sao Jose Operario
Minas Gerais,MG,Sao Joao Del Rei,Sao Judas Tadeu
Minas Gerais,MG,Sao Joao Del Rei,Segredo
Minas Gerais,MG,Sao Joao Del Rei,Senhor dos Montes
Minas Gerais,MG,Sao Joao Del Rei,Tejuco
Minas Gerais,MG,Sao Joao Del Rei,Varzea do Faria (bonfim)
Minas Gerais,MG,Sao Joao Del Rei,Vila Brasil
Minas Gerais,MG,Sao Joao Del Rei,Vila do Carmo (colonia do Marcal)
Minas Gerais,MG,Sao Joao Del Rei,Vila Joao Lombard (fabricas)
Minas Gerais,MG,Sao Joao Del Rei,Vila Marchetti
Minas Gerais,MG,Sao Joao Del Rei,Vila Maria (bonfim)
Minas Gerais,MG,Sao Joao Del Rei,Vila Nossa Senhora de Fatima
Minas Gerais,MG,Sao Joao Del Rei,Vila Santa Terezinha
Minas Gerais,MG,Sao Joao Del Rei,Vila Santo Antonio (matozinhos)
Minas Gerais,MG,Sao Joao Del Rei,Vila Sao Bento
Minas Gerais,MG,Sao Joao Del Rei,Vila Sao Paulo (fabricas)
Minas Gerais,MG,Sao Joao Del Rei,Vila Sao Vicente (colonia do Marcal)
Minas Gerais,MG,Sete Lagoas,Alvorada
Minas Gerais,MG,Sete Lagoas,Belo Vale
Minas Gerais,MG,Sete Lagoas,Boa Vista
Minas Gerais,MG,Sete Lagoas,Bom Jardim
Minas Gerais,MG,Sete Lagoas,Braz Filizola
Minas Gerais,MG,Sete Lagoas,Brejinho
Minas Gerais,MG,Sete Lagoas,Campo de Aviacao
Minas Gerais,MG,Sete Lagoas,Canaan
Minas Gerais,MG,Sete Lagoas,Catarina
Minas Gerais,MG,Sete Lagoas,Cedro e Cachoeira
Minas Gerais,MG,Sete Lagoas,Centro
Minas Gerais,MG,Sete Lagoas,Chacara do Paiva
Minas Gerais,MG,Sete Lagoas,Cidade Nova
Minas Gerais,MG,Sete Lagoas,Conjunto Habitacional Bernardo Valadares Vasconcelos
Minas Gerais,MG,Sete Lagoas,Eldorado
Minas Gerais,MG,Sete Lagoas,Esmeraldas 2
Minas Gerais,MG,Sete Lagoas,Esperanca
Minas Gerais,MG,Sete Lagoas,Henrique Nery
Minas Gerais,MG,Sete Lagoas,Interlagos 2
Minas Gerais,MG,Sete Lagoas,Jardim Arizona
Minas Gerais,MG,Sete Lagoas,Jardim Cambui
Minas Gerais,MG,Sete Lagoas,Jardim Universitario
Minas Gerais,MG,Sete Lagoas,Jk
Minas Gerais,MG,Sete Lagoas,Luxemburgo
Minas Gerais,MG,Sete Lagoas,Mangabeiras
Minas Gerais,MG,Sete Lagoas,Manoa
Minas Gerais,MG,Sete Lagoas,Morro do Claro
Minas Gerais,MG,Sete Lagoas,New York
Minas Gerais,MG,Sete Lagoas,Nossa Senhora das Gracas
Minas Gerais,MG,Sete Lagoas,Nossa Senhora do Carmo 2
Minas Gerais,MG,Sete Lagoas,Nossa Senhora do Carmo I
Minas Gerais,MG,Sete Lagoas,Nova Cidade
Minas Gerais,MG,Sete Lagoas,Orozimbo Macedo
Minas Gerais,MG,Sete Lagoas,Padre Teodoro
Minas Gerais,MG,Sete Lagoas,Panorama
Minas Gerais,MG,Sete Lagoas,Papavento
Minas Gerais,MG,Sete Lagoas,Piedade
Minas Gerais,MG,Sete Lagoas,Planalto
Minas Gerais,MG,Sete Lagoas,Progresso
Minas Gerais,MG,Sete Lagoas,Recanto da Serra
Minas Gerais,MG,Sete Lagoas,Santa Cruz
Minas Gerais,MG,Sete Lagoas,Santa Helena
Minas Gerais,MG,Sete Lagoas,Santa Luzia
Minas Gerais,MG,Sete Lagoas,Santa Marcelina
Minas Gerais,MG,Sete Lagoas,Santa Maria
Minas Gerais,MG,Sete Lagoas,Santa Rita de Cassia
Minas Gerais,MG,Sete Lagoas,Sao Cristovao
Minas Gerais,MG,Sete Lagoas,Sao Dimas
Minas Gerais,MG,Sete Lagoas,Sao Francisco de Assis
Minas Gerais,MG,Sete Lagoas,Sao Geraldo
Minas Gerais,MG,Sete Lagoas,Sao Joao
Minas Gerais,MG,Sete Lagoas,Sao Jorge
Minas Gerais,MG,Sete Lagoas,Sao Pedro
Minas Gerais,MG,Sete Lagoas,Sao Vicente
Minas Gerais,MG,Sete Lagoas,Titamar
Minas Gerais,MG,Sete Lagoas,Universitario
Minas Gerais,MG,Sete Lagoas,Vila Ipe
Minas Gerais,MG,Teofilo Otoni,Altino Barbosa
Minas Gerais,MG,Teofilo Otoni,Barreiros
Minas Gerais,MG,Teofilo Otoni,Bela Vista
Minas Gerais,MG,Teofilo Otoni,Castro Pires
Minas Gerais,MG,Teofilo Otoni,Centro
Minas Gerais,MG,Teofilo Otoni,Cidade Alta
Minas Gerais,MG,Teofilo Otoni,Concordia
Minas Gerais,MG,Teofilo Otoni,Doutor Laerte Laender
Minas Gerais,MG,Teofilo Otoni,Esperanca
Minas Gerais,MG,Teofilo Otoni,Fatima
Minas Gerais,MG,Teofilo Otoni,Filadelfia
Minas Gerais,MG,Teofilo Otoni,Frei Dimas
Minas Gerais,MG,Teofilo Otoni,Grao Para
Minas Gerais,MG,Teofilo Otoni,Ipiranga
Minas Gerais,MG,Teofilo Otoni,Jardim das Acacias
Minas Gerais,MG,Teofilo Otoni,Jardim Iracema
Minas Gerais,MG,Teofilo Otoni,Jardim Sao Paulo
Minas Gerais,MG,Teofilo Otoni,Joaquim Pedrosa
Minas Gerais,MG,Teofilo Otoni,Lourival Soares da Costa
Minas Gerais,MG,Teofilo Otoni,Manoel Pimenta
Minas Gerais,MG,Teofilo Otoni,Marajoara
Minas Gerais,MG,Teofilo Otoni,Matinha
Minas Gerais,MG,Teofilo Otoni,Minas Novas
Minas Gerais,MG,Teofilo Otoni,Mucuri
Minas Gerais,MG,Teofilo Otoni,Novo Horizonte
Minas Gerais,MG,Teofilo Otoni,Palmeiras
Minas Gerais,MG,Teofilo Otoni,Pampulhinha
Minas Gerais,MG,Teofilo Otoni,Sao Cristovao
Minas Gerais,MG,Teofilo Otoni,Sao Diogo
Minas Gerais,MG,Teofilo Otoni,Sao Francisco
Minas Gerais,MG,Teofilo Otoni,Sao Jacinto
Minas Gerais,MG,Teofilo Otoni,Sao Joao
Minas Gerais,MG,Teofilo Otoni,Solidariedade
Minas Gerais,MG,Teofilo Otoni,Tabajaras
Minas Gerais,MG,Teofilo Otoni,Teofilo Rocha
Minas Gerais,MG,Timoteo,Alegre
Minas Gerais,MG,Timoteo,Alvorada
Minas Gerais,MG,Timoteo,Ana Malaquias
Minas Gerais,MG,Timoteo,Ana Moura
Minas Gerais,MG,Timoteo,Ana Rita
Minas Gerais,MG,Timoteo,Bela Vista
Minas Gerais,MG,Timoteo,Bromelias
Minas Gerais,MG,Timoteo,Cachoeira do Vale
Minas Gerais,MG,Timoteo,Centro
Minas Gerais,MG,Timoteo,Centro Sul
Minas Gerais,MG,Timoteo,Corrego do Cacador
Minas Gerais,MG,Timoteo,Cruzeirinho
Minas Gerais,MG,Timoteo,Eldorado
Minas Gerais,MG,Timoteo,Funcionarios
Minas Gerais,MG,Timoteo,Garapa
Minas Gerais,MG,Timoteo,Joao XIII
Minas Gerais,MG,Timoteo,John Kennedy
Minas Gerais,MG,Timoteo,Limoeiro
Minas Gerais,MG,Timoteo,Macuco
Minas Gerais,MG,Timoteo,Nossa Senhora das Gracas
Minas Gerais,MG,Timoteo,Novo Horizonte
Minas Gerais,MG,Timoteo,Novo Industrial
Minas Gerais,MG,Timoteo,Novo Tempo
Minas Gerais,MG,Timoteo,Olaria
Minas Gerais,MG,Timoteo,Petropolis
Minas Gerais,MG,Timoteo,Primavera
Minas Gerais,MG,Timoteo,Quitandinha
Minas Gerais,MG,Timoteo,Recanto
Minas Gerais,MG,Timoteo,Residencial Colina
Minas Gerais,MG,Timoteo,Santa Cecilia
Minas Gerais,MG,Timoteo,Santa Maria
Minas Gerais,MG,Timoteo,Santa Rita (cachoeira do Vale)
Minas Gerais,MG,Timoteo,Santa Terezinha
Minas Gerais,MG,Timoteo,Sao Cristovao
Minas Gerais,MG,Timoteo,Sao Jose
Minas Gerais,MG,Timoteo,Serenata
Minas Gerais,MG,Timoteo,Timirim
Minas Gerais,MG,Timoteo,Timotinho
Minas Gerais,MG,Timoteo,Vale Verde
Minas Gerais,MG,Timoteo,Vila dos Tecnicos
Minas Gerais,MG,Uberaba,Amoroso Costa
Minas Gerais,MG,Uberaba,Boa Vista
Minas Gerais,MG,Uberaba,Bom Retiro
Minas Gerais,MG,Uberaba,Centro
Minas Gerais,MG,Uberaba,Cohab Boa Vista
Minas Gerais,MG,Uberaba,Conjunto Alfredo Freire
Minas Gerais,MG,Uberaba,Conjunto Calixto Cecilio
Minas Gerais,MG,Uberaba,Conjunto Cassio Rezende
Minas Gerais,MG,Uberaba,Conjunto Costa Telles I
Minas Gerais,MG,Uberaba,Conjunto Costa Telles II
Minas Gerais,MG,Uberaba,Conjunto Frei Eugenio
Minas Gerais,MG,Uberaba,Conjunto Guanabara
Minas Gerais,MG,Uberaba,Conjunto Morada do Sol
Minas Gerais,MG,Uberaba,Conjunto Pontal
Minas Gerais,MG,Uberaba,Conjunto Sete Colinas
Minas Gerais,MG,Uberaba,Conjunto Treze de Maio
Minas Gerais,MG,Uberaba,Conjunto Umuarama
Minas Gerais,MG,Uberaba,Distrito Industrial
Minas Gerais,MG,Uberaba,Estados Unidos
Minas Gerais,MG,Uberaba,Fabricio
Minas Gerais,MG,Uberaba,Jardim Alexandre Campos
Minas Gerais,MG,Uberaba,Jardim America
Minas Gerais,MG,Uberaba,Jardim Bela Vista
Minas Gerais,MG,Uberaba,Jardim Induberaba
Minas Gerais,MG,Uberaba,Jardim Uberaba
Minas Gerais,MG,Uberaba,Jockey Park
Minas Gerais,MG,Uberaba,Leblon
Minas Gerais,MG,Uberaba,Loteamento Deolinda Freire
Minas Gerais,MG,Uberaba,Lourdes
Minas Gerais,MG,Uberaba,Merces
Minas Gerais,MG,Uberaba,Morada das Fontes
Minas Gerais,MG,Uberaba,Nossa Senhora da Abadia
Minas Gerais,MG,Uberaba,Novo Horizonte
Minas Gerais,MG,Uberaba,Nucleo Habitacional Silverio Cartafina
Minas Gerais,MG,Uberaba,Nucleo Residencial Tutunas
Minas Gerais,MG,Uberaba,Olinda
Minas Gerais,MG,Uberaba,Parque das Americas
Minas Gerais,MG,Uberaba,Parque das Gameleiras
Minas Gerais,MG,Uberaba,Parque Exposicao
Minas Gerais,MG,Uberaba,Parque Sao Geraldo
Minas Gerais,MG,Uberaba,Quinta Boa Esperanca
Minas Gerais,MG,Uberaba,Recanto das Torres
Minas Gerais,MG,Uberaba,Recanto do Sol
Minas Gerais,MG,Uberaba,Recreio dos Bandeirantes
Minas Gerais,MG,Uberaba,Santa Maria
Minas Gerais,MG,Uberaba,Santa Marta
Minas Gerais,MG,Uberaba,Sao Benedito
Minas Gerais,MG,Uberaba,Sao Sebastiao
Minas Gerais,MG,Uberaba,Vila Arquelau
Minas Gerais,MG,Uberaba,Vila Boa Vista
Minas Gerais,MG,Uberaba,Vila Celeste
Minas Gerais,MG,Uberaba,Vila Craide
Minas Gerais,MG,Uberaba,Vila Frei Eugenio
Minas Gerais,MG,Uberaba,Vila Maria Helena
Minas Gerais,MG,Uberaba,Vila Militar
Minas Gerais,MG,Uberaba,Vila Nossa Senhora Aparecida
Minas Gerais,MG,Uberaba,Vila Olimpica
Minas Gerais,MG,Uberaba,Vila Sao Cristovao
Minas Gerais,MG,Uberaba,Vila Sao Jose
Minas Gerais,MG,Uberaba,Vila Sao Vicente
Minas Gerais,MG,Uberlandia,Altamira
Minas Gerais,MG,Uberlandia,Ana Angelica
Minas Gerais,MG,Uberlandia,Aparecida
Minas Gerais,MG,Uberlandia,Belo Horizonte
Minas Gerais,MG,Uberlandia,Bom Jesus
Minas Gerais,MG,Uberlandia,Brasil
Minas Gerais,MG,Uberlandia,Buritis
Minas Gerais,MG,Uberlandia,Cazeca
Minas Gerais,MG,Uberlandia,Centro
Minas Gerais,MG,Uberlandia,Chaves
Minas Gerais,MG,Uberlandia,City Uberlandia
Minas Gerais,MG,Uberlandia,Conjunto Bandeirantes
Minas Gerais,MG,Uberlandia,Conjunto Segismundo Pereira
Minas Gerais,MG,Uberlandia,Copacabana
Minas Gerais,MG,Uberlandia,Daniel Fonseca
Minas Gerais,MG,Uberlandia,Erlan
Minas Gerais,MG,Uberlandia,Gavea
Minas Gerais,MG,Uberlandia,General Osorio
Minas Gerais,MG,Uberlandia,Itapema Sul
Minas Gerais,MG,Uberlandia,Jardim das Acacias
Minas Gerais,MG,Uberlandia,Jardim Finotti
Minas Gerais,MG,Uberlandia,Jardim Indaia
Minas Gerais,MG,Uberlandia,Jardim Karaiba
Minas Gerais,MG,Uberlandia,Jardim Ozanan
Minas Gerais,MG,Uberlandia,Jardim Patricia
Minas Gerais,MG,Uberlandia,Lagoinha
Minas Gerais,MG,Uberlandia,Leao XIII
Minas Gerais,MG,Uberlandia,Lidice
Minas Gerais,MG,Uberlandia,Lourdes
Minas Gerais,MG,Uberlandia,Luizote de Freitas
Minas Gerais,MG,Uberlandia,Maracana
Minas Gerais,MG,Uberlandia,Marta Helena
Minas Gerais,MG,Uberlandia,Martins
Minas Gerais,MG,Uberlandia,Morada da Colina
Minas Gerais,MG,Uberlandia,Nosso Recanto
Minas Gerais,MG,Uberlandia,Pampulha
Minas Gerais,MG,Uberlandia,Parque Granada
Minas Gerais,MG,Uberlandia,Parque Sao Jorge I
Minas Gerais,MG,Uberlandia,Parque Sao Jorge II
Minas Gerais,MG,Uberlandia,Patrimonio
Minas Gerais,MG,Uberlandia,Progresso
Minas Gerais,MG,Uberlandia,Residencial Carajas
Minas Gerais,MG,Uberlandia,Residencial Gramado
Minas Gerais,MG,Uberlandia,Residencial Viviane
Minas Gerais,MG,Uberlandia,Rezende
Minas Gerais,MG,Uberlandia,Rezende Junqueira
Minas Gerais,MG,Uberlandia,Santa Luzia
Minas Gerais,MG,Uberlandia,Santa Maria
Minas Gerais,MG,Uberlandia,Santa Monica
Minas Gerais,MG,Uberlandia,Santos Dumont
Minas Gerais,MG,Uberlandia,Tabajaras
Minas Gerais,MG,Uberlandia,Thomas Rezende
Minas Gerais,MG,Uberlandia,Tibery
Minas Gerais,MG,Uberlandia,Tocantins
Minas Gerais,MG,Uberlandia,Vila Correia
Minas Gerais,MG,Uberlandia,Vila Oswaldo
Minas Gerais,MG,Uberlandia,Vila Povoa
Minas Gerais,MG,Uberlandia,Vila Saraiva
Minas Gerais,MG,Uberlandia,Virgilato Pereira
Minas Gerais,MG,Uberlandia,Xangri-la
Minas Gerais,MG,Varginha,Bela Vista
Minas Gerais,MG,Varginha,Bom Pastor
Minas Gerais,MG,Varginha,Campos Eliseos
Minas Gerais,MG,Varginha,Centro
Minas Gerais,MG,Varginha,Conjunto Habitacional Centenario
Minas Gerais,MG,Varginha,Conjunto Minas Gerais
Minas Gerais,MG,Varginha,Fausto Ribeiro
Minas Gerais,MG,Varginha,Industrial Jk
Minas Gerais,MG,Varginha,Industrial Reinaldo Foresti
Minas Gerais,MG,Varginha,Jardim Andere
Minas Gerais,MG,Varginha,Jardim Canaan
Minas Gerais,MG,Varginha,Jardim Corcetti I
Minas Gerais,MG,Varginha,Jardim das Oliveiras
Minas Gerais,MG,Varginha,Jardim dos Passaros
Minas Gerais,MG,Varginha,Jardim Europa
Minas Gerais,MG,Varginha,Jardim Mont Serrat
Minas Gerais,MG,Varginha,Jardim Morada do Sol
Minas Gerais,MG,Varginha,Jardim Orlandia
Minas Gerais,MG,Varginha,Jardim Panorama
Minas Gerais,MG,Varginha,Jardim Petropolis
Minas Gerais,MG,Varginha,Jardim Vale dos Ipes
Minas Gerais,MG,Varginha,Jardim Zinoca
Minas Gerais,MG,Varginha,Nossa Senhora de Lourdes
Minas Gerais,MG,Varginha,Novo Horizonte
Minas Gerais,MG,Varginha,Parque Boa Vista
Minas Gerais,MG,Varginha,Parque Catanduvas
Minas Gerais,MG,Varginha,Parque das Americas
Minas Gerais,MG,Varginha,Parque Ileana
Minas Gerais,MG,Varginha,Parque Mariela
Minas Gerais,MG,Varginha,Parque Ozanam
Minas Gerais,MG,Varginha,Parque Retiro
Minas Gerais,MG,Varginha,Parque Rinaldo
Minas Gerais,MG,Varginha,Parque Sao Jose
Minas Gerais,MG,Varginha,Parque Urupes
Minas Gerais,MG,Varginha,Pinheiros
Minas Gerais,MG,Varginha,Rezende
Minas Gerais,MG,Varginha,Santa Luiza
Minas Gerais,MG,Varginha,Santa Maria
Minas Gerais,MG,Varginha,Santana
Minas Gerais,MG,Varginha,Sao Jose
Minas Gerais,MG,Varginha,Tres Bicas
Minas Gerais,MG,Varginha,Vargem
Minas Gerais,MG,Varginha,Vila Adelaide
Minas Gerais,MG,Varginha,Vila Andere I
Minas Gerais,MG,Varginha,Vila Andere II
Minas Gerais,MG,Varginha,Vila Barcelona
Minas Gerais,MG,Varginha,Vila Belmiro
Minas Gerais,MG,Varginha,Vila Bueno
Minas Gerais,MG,Varginha,Vila Dona Josefina
Minas Gerais,MG,Varginha,Vila Flamengo
Minas Gerais,MG,Varginha,Vila Floresta
Minas Gerais,MG,Varginha,Vila Ipiranga
Minas Gerais,MG,Varginha,Vila Isabel
Minas Gerais,MG,Varginha,Vila Limborco
Minas Gerais,MG,Varginha,Vila Maristela
Minas Gerais,MG,Varginha,Vila Martins
Minas Gerais,MG,Varginha,Vila Monte Castelo
Minas Gerais,MG,Varginha,Vila Morais
Minas Gerais,MG,Varginha,Vila Murad
Minas Gerais,MG,Varginha,Vila Nogueira
Minas Gerais,MG,Varginha,Vila Nossa Senhora dos Anjos
Minas Gerais,MG,Varginha,Vila Paiva
Minas Gerais,MG,Varginha,Vila Pinto
Minas Gerais,MG,Varginha,Vila Registanea
Minas Gerais,MG,Varginha,Vila Santa Cruz
Minas Gerais,MG,Varginha,Vila Sao Geraldo
Minas Gerais,MG,Varginha,Vila Veronica
Paraná,PR,Almirante Tamandare,Jardim Alvorada
Paraná,PR,Almirante Tamandare,Jardim Amazonas
Paraná,PR,Almirante Tamandare,Jardim Anita Garibaldi
Paraná,PR,Almirante Tamandare,Jardim Apucarana
Paraná,PR,Almirante Tamandare,Jardim Arco Iris
Paraná,PR,Almirante Tamandare,Jardim Areias
Paraná,PR,Almirante Tamandare,Jardim Bela Vista
Paraná,PR,Almirante Tamandare,Jardim Benfica
Paraná,PR,Almirante Tamandare,Jardim Buenos Aires
Paraná,PR,Almirante Tamandare,Jardim Campo Verde
Paraná,PR,Almirante Tamandare,Jardim Campos Elisios
Paraná,PR,Almirante Tamandare,Jardim Casa Blanca
Paraná,PR,Almirante Tamandare,Jardim Cintia Mara
Paraná,PR,Almirante Tamandare,Jardim Colonial
Paraná,PR,Almirante Tamandare,Jardim Cristiane
Paraná,PR,Almirante Tamandare,Jardim das Oliveiras
Paraná,PR,Almirante Tamandare,Jardim do Norte
Paraná,PR,Almirante Tamandare,Jardim do Rocio
Paraná,PR,Almirante Tamandare,Jardim Dona Belizaria
Paraná,PR,Almirante Tamandare,Jardim Dona Luiza
Paraná,PR,Almirante Tamandare,Jardim Dona Wanda
Paraná,PR,Almirante Tamandare,Jardim Dourados
Paraná,PR,Almirante Tamandare,Jardim Dragao Verde
Paraná,PR,Almirante Tamandare,Jardim Formosa
Paraná,PR,Almirante Tamandare,Jardim Gerhusa
Paraná,PR,Almirante Tamandare,Jardim Giannini
Paraná,PR,Almirante Tamandare,Jardim Gineste
Paraná,PR,Almirante Tamandare,Jardim Gramados
Paraná,PR,Almirante Tamandare,Jardim Ipanema
Paraná,PR,Almirante Tamandare,Jardim Ipe
Paraná,PR,Almirante Tamandare,Jardim Iracema
Paraná,PR,Almirante Tamandare,Jardim Itamarati
Paraná,PR,Almirante Tamandare,Jardim Joao Paulo II
Paraná,PR,Almirante Tamandare,Jardim Josiane
Paraná,PR,Almirante Tamandare,Jardim Kokot
Paraná,PR,Almirante Tamandare,Jardim Marambaia
Paraná,PR,Almirante Tamandare,Jardim Marize
Paraná,PR,Almirante Tamandare,Jardim Marrocos
Paraná,PR,Almirante Tamandare,Jardim Mirage
Paraná,PR,Almirante Tamandare,Jardim Monte Santo
Paraná,PR,Almirante Tamandare,Jardim Monterrey
Paraná,PR,Almirante Tamandare,Jardim Napolis
Paraná,PR,Almirante Tamandare,Jardim Natal
Paraná,PR,Almirante Tamandare,Jardim Nossa Senhora de Fatima
Paraná,PR,Almirante Tamandare,Jardim Nossa Senhora do Pilar
Paraná,PR,Almirante Tamandare,Jardim Novo Horizonte da Cachoeira
Paraná,PR,Almirante Tamandare,Jardim Paraiso
Paraná,PR,Almirante Tamandare,Jardim Paris
Paraná,PR,Almirante Tamandare,Jardim Patricia
Paraná,PR,Almirante Tamandare,Jardim Planalto
Paraná,PR,Almirante Tamandare,Jardim Primavera
Paraná,PR,Almirante Tamandare,Jardim Rafaela
Paraná,PR,Almirante Tamandare,Jardim Roma
Paraná,PR,Almirante Tamandare,Jardim Rosana
Paraná,PR,Almirante Tamandare,Jardim Santa Fe
Paraná,PR,Almirante Tamandare,Jardim Santa Maria
Paraná,PR,Almirante Tamandare,Jardim Santa Rita de Cassia
Paraná,PR,Almirante Tamandare,Jardim Santo Antonio
Paraná,PR,Almirante Tamandare,Jardim Sao Carlos
Paraná,PR,Almirante Tamandare,Jardim Sao Domingos
Paraná,PR,Almirante Tamandare,Jardim Sao Francisco
Paraná,PR,Almirante Tamandare,Jardim Sao Jose
Paraná,PR,Almirante Tamandare,Jardim Silvana
Paraná,PR,Almirante Tamandare,Jardim Taiza
Paraná,PR,Almirante Tamandare,Jardim Tamboara
Paraná,PR,Almirante Tamandare,Jardim Tatiana
Paraná,PR,Almirante Tamandare,Jardim Valenca
Paraná,PR,Almirante Tamandare,Jardim Valma
Paraná,PR,Almirante Tamandare,Jardim Vitoria
Paraná,PR,Almirante Tamandare,Loteamento Montparnasse
Paraná,PR,Almirante Tamandare,Loteamento Recanto dos Papagaios
Paraná,PR,Almirante Tamandare,Parque Sao Jorge
Paraná,PR,Almirante Tamandare,Parque Timbu
Paraná,PR,Almirante Tamandare,Parque Uracap
Paraná,PR,Almirante Tamandare,Planta Almirante
Paraná,PR,Almirante Tamandare,Planta Maria Clara
Paraná,PR,Almirante Tamandare,Planta Mosacal
Paraná,PR,Almirante Tamandare,Planta Nossa Senhora de Lourdes
Paraná,PR,Almirante Tamandare,Planta Schultz
Paraná,PR,Almirante Tamandare,Planta Vila Rica
Paraná,PR,Almirante Tamandare,Vila Ajambi
Paraná,PR,Almirante Tamandare,Vila Alto Pinheiros
Paraná,PR,Almirante Tamandare,Vila Bela Vista
Paraná,PR,Almirante Tamandare,Vila Cachoeira
Paraná,PR,Almirante Tamandare,Vila Columbia
Paraná,PR,Almirante Tamandare,Vila Dolores
Paraná,PR,Almirante Tamandare,Vila Emerentina
Paraná,PR,Almirante Tamandare,Vila Feliz
Paraná,PR,Almirante Tamandare,Vila Formosa
Paraná,PR,Almirante Tamandare,Vila Graziela
Paraná,PR,Almirante Tamandare,Vila Grecia
Paraná,PR,Almirante Tamandare,Vila Guilhermina
Paraná,PR,Almirante Tamandare,Vila Joly
Paraná,PR,Almirante Tamandare,Vila Marta
Paraná,PR,Almirante Tamandare,Vila Otilia
Paraná,PR,Almirante Tamandare,Vila Primor
Paraná,PR,Almirante Tamandare,Vila Prosdocimo
Paraná,PR,Almirante Tamandare,Vila Rachel
Paraná,PR,Almirante Tamandare,Vila Santa Edwiges
Paraná,PR,Almirante Tamandare,Vila Santa Terezinha
Paraná,PR,Almirante Tamandare,Vila Sao Bernardo
Paraná,PR,Almirante Tamandare,Vila Sao Pedro
Paraná,PR,Almirante Tamandare,Vila Tangua
Paraná,PR,Almirante Tamandare,Vila Tefe
Paraná,PR,Apucarana,Barra Funda
Paraná,PR,Apucarana,Centro
Paraná,PR,Apucarana,Jardim Aclimacao
Paraná,PR,Apucarana,Jardim Adriane
Paraná,PR,Apucarana,Jardim Aeroporto
Paraná,PR,Apucarana,Jardim Albino Biacchi
Paraná,PR,Apucarana,Jardim Alvorada
Paraná,PR,Apucarana,Jardim America
Paraná,PR,Apucarana,Jardim Ana Maria
Paraná,PR,Apucarana,Jardim Apucarana
Paraná,PR,Apucarana,Jardim Bela Vista
Paraná,PR,Apucarana,Jardim Bom Jesus da Lapa
Paraná,PR,Apucarana,Jardim Celmira
Paraná,PR,Apucarana,Jardim Cidade Alta
Paraná,PR,Apucarana,Jardim da Amizade
Paraná,PR,Apucarana,Jardim das Flores 1
Paraná,PR,Apucarana,Jardim das Flores 3
Paraná,PR,Apucarana,Jardim Diamantina
Paraná,PR,Apucarana,Jardim Eldorado
Paraná,PR,Apucarana,Jardim Eliane
Paraná,PR,Apucarana,Jardim Esperanca
Paraná,PR,Apucarana,Jardim Europa
Paraná,PR,Apucarana,Jardim Figueira
Paraná,PR,Apucarana,Jardim Flamingos
Paraná,PR,Apucarana,Jardim Governador Lupion
Paraná,PR,Apucarana,Jardim Guanabara
Paraná,PR,Apucarana,Jardim Guaruja
Paraná,PR,Apucarana,Jardim Higienopolis
Paraná,PR,Apucarana,Jardim Iguatemi
Paraná,PR,Apucarana,Jardim Independencia
Paraná,PR,Apucarana,Jardim Kiri
Paraná,PR,Apucarana,Jardim Laranjeiras
Paraná,PR,Apucarana,Jardim Maraba
Paraná,PR,Apucarana,Jardim Menegazzo
Paraná,PR,Apucarana,Jardim Moncoes
Paraná,PR,Apucarana,Jardim Morada do Sol
Paraná,PR,Apucarana,Jardim Morumbi
Paraná,PR,Apucarana,Jardim Nossa Senhora de Lourdes
Paraná,PR,Apucarana,Jardim Nova America
Paraná,PR,Apucarana,Jardim Ouro Verde
Paraná,PR,Apucarana,Jardim Paraiso
Paraná,PR,Apucarana,Jardim Paulista
Paraná,PR,Apucarana,Jardim Ponta Grossa
Paraná,PR,Apucarana,Jardim Presidente Kennedy
Paraná,PR,Apucarana,Jardim Recanto dos Palmares
Paraná,PR,Apucarana,Jardim Sao Jose
Paraná,PR,Apucarana,Jardim Sao Pedro
Paraná,PR,Apucarana,Jardim Taroba
Paraná,PR,Apucarana,Jardim Tibagi
Paraná,PR,Apucarana,Jardim Trabalhista
Paraná,PR,Apucarana,Jardim Vale do Sol
Paraná,PR,Apucarana,Jardim Yamato
Paraná,PR,Apucarana,Loteamento Belvedere
Paraná,PR,Apucarana,Loteamento Biguacu
Paraná,PR,Apucarana,Loteamento Central
Paraná,PR,Apucarana,Loteamento Domicio Scaramello
Paraná,PR,Apucarana,Loteamento Fortaleza
Paraná,PR,Apucarana,Loteamento Santa Candida
Paraná,PR,Apucarana,Loteamento Santa Maria
Paraná,PR,Apucarana,Loteamento Santo Antonio
Paraná,PR,Apucarana,Loteamento Sao Geraldo
Paraná,PR,Apucarana,Loteamento Sao Joao
Paraná,PR,Apucarana,Loteamento Sao Sebastiao
Paraná,PR,Apucarana,Mutirao Projeto Boia Fria
Paraná,PR,Apucarana,Nucleo Bandeirantes
Paraná,PR,Apucarana,Nucleo Habitacional Adriano Correia
Paraná,PR,Apucarana,Nucleo Habitacional Afonso Alves de Camargo
Paraná,PR,Apucarana,Nucleo Habitacional Castelo Branco
Paraná,PR,Apucarana,Nucleo Habitacional da Fraternidade
Paraná,PR,Apucarana,Nucleo Habitacional Dom Romeu Alberti
Paraná,PR,Apucarana,Nucleo Habitacional Heitor S Pinheiro
Paraná,PR,Apucarana,Nucleo Habitacional Joao Goulart
Paraná,PR,Apucarana,Nucleo Habitacional Jose Mercadante
Paraná,PR,Apucarana,Nucleo Habitacional Marcos Freire
Paraná,PR,Apucarana,Nucleo Habitacional Michel Soni
Paraná,PR,Apucarana,Nucleo Habitacional Papa Joao Paulo I
Paraná,PR,Apucarana,Nucleo Habitacional Parigot de Souza
Paraná,PR,Apucarana,Nucleo Habitacional Tancredo Neves
Paraná,PR,Apucarana,Nucleo Habitacional Vale Verde
Paraná,PR,Apucarana,Nucleo Popular
Paraná,PR,Apucarana,Parque Bela Vista
Paraná,PR,Apucarana,Parque da Raposa
Paraná,PR,Apucarana,Parque de Exposicoes
Paraná,PR,Apucarana,Parque Industrial Zona Norte
Paraná,PR,Apucarana,Parque Residencial Milani
Paraná,PR,Apucarana,Parque Sao Jorge
Paraná,PR,Apucarana,Recanto das Araras
Paraná,PR,Apucarana,Recanto Estoril
Paraná,PR,Apucarana,Recanto Mundo Novo
Paraná,PR,Apucarana,Residencial Jaboti
Paraná,PR,Apucarana,Vila Agari
Paraná,PR,Apucarana,Vila Amin Maia
Paraná,PR,Apucarana,Vila Apucaraninha
Paraná,PR,Apucarana,Vila Boa Vista
Paraná,PR,Apucarana,Vila Brasil
Paraná,PR,Apucarana,Vila Bruna
Paraná,PR,Apucarana,Vila Cassala
Paraná,PR,Apucarana,Vila Cinco Irmaos
Paraná,PR,Apucarana,Vila Clementina
Paraná,PR,Apucarana,Vila Country Club
Paraná,PR,Apucarana,Vila das Lebres
Paraná,PR,Apucarana,Vila do Colegio
Paraná,PR,Apucarana,Vila Eulalia
Paraná,PR,Apucarana,Vila Feliz
Paraná,PR,Apucarana,Vila Flamboyant
Paraná,PR,Apucarana,Vila Formosa
Paraná,PR,Apucarana,Vila Franko
Paraná,PR,Apucarana,Vila Isabel
Paraná,PR,Apucarana,Vila Ivone
Paraná,PR,Apucarana,Vila Maria Eliza
Paraná,PR,Apucarana,Vila Marigilda
Paraná,PR,Apucarana,Vila Martins
Paraná,PR,Apucarana,Vila Monte Castelo
Paraná,PR,Apucarana,Vila Narciso
Paraná,PR,Apucarana,Vila Nossa Senhora da Aparecida
Paraná,PR,Apucarana,Vila Nossa Senhora da Conceicao
Paraná,PR,Apucarana,Vila Nova
Paraná,PR,Apucarana,Vila Nova Cidade
Paraná,PR,Apucarana,Vila Operaria 1
Paraná,PR,Apucarana,Vila Operaria 2
Paraná,PR,Apucarana,Vila Operaria Stabile
Paraná,PR,Apucarana,Vila Orizze
Paraná,PR,Apucarana,Vila Pirilli
Paraná,PR,Apucarana,Vila Regina
Paraná,PR,Apucarana,Vila Residencial Malibu
Paraná,PR,Apucarana,Vila Salete
Paraná,PR,Apucarana,Vila Santa Adelia
Paraná,PR,Apucarana,Vila Santa Catarina
Paraná,PR,Apucarana,Vila Santa Helena
Paraná,PR,Apucarana,Vila Santa Luzia
Paraná,PR,Apucarana,Vila Santa Rosa
Paraná,PR,Apucarana,Vila Santa Terezinha
Paraná,PR,Apucarana,Vila Santo Antonio
Paraná,PR,Apucarana,Vila Sao Carlos
Paraná,PR,Apucarana,Vila Sao Francisco
Paraná,PR,Apucarana,Vila Sao Jeronimo
Paraná,PR,Apucarana,Vila Sao Jorge
Paraná,PR,Apucarana,Vila Sao Jose
Paraná,PR,Apucarana,Vila Sao Jose Bassa
Paraná,PR,Apucarana,Vila Sao Luiz
Paraná,PR,Apucarana,Vila Sao Paulo
Paraná,PR,Apucarana,Vila Shangri-la
Paraná,PR,Apucarana,Vila Social
Paraná,PR,Apucarana,Vila Suzana
Paraná,PR,Apucarana,Vila Swain
Paraná,PR,Apucarana,Vila Urizzi
Paraná,PR,Apucarana,Vila Vera Cruz
Paraná,PR,Apucarana,Vila Vitoria
Paraná,PR,Apucarana,Vila Vitoria Regia
Paraná,PR,Arapongas,Aricanduva
Paraná,PR,Arapongas,Casa da Familia (baron)
Paraná,PR,Arapongas,Casa Familia Arapongas I
Paraná,PR,Arapongas,Casa Familia Arapongas II
Paraná,PR,Arapongas,Centro
Paraná,PR,Arapongas,Conjunto Aguias
Paraná,PR,Arapongas,Conjunto Centauro
Paraná,PR,Arapongas,Conjunto Del Condor
Paraná,PR,Arapongas,Conjunto Flamingos
Paraná,PR,Arapongas,Conjunto Flamingos III
Paraná,PR,Arapongas,Conjunto Jose Bretas Cupertino
Paraná,PR,Arapongas,Conjunto Novo Centauro
Paraná,PR,Arapongas,Conjunto Padre Bernardo Merckel
Paraná,PR,Arapongas,Conjunto Padre Chico
Paraná,PR,Arapongas,Conjunto Palmares
Paraná,PR,Arapongas,Conjunto Tropical
Paraná,PR,Arapongas,Conjunto Ulisses Guimaraes
Paraná,PR,Arapongas,Gleba Arapongas
Paraná,PR,Arapongas,Jardim Aeroporto
Paraná,PR,Arapongas,Jardim Asturias
Paraná,PR,Arapongas,Jardim Bandeirantes
Paraná,PR,Arapongas,Jardim Baroneza
Paraná,PR,Arapongas,Jardim Boa Vista
Paraná,PR,Arapongas,Jardim Bononi
Paraná,PR,Arapongas,Jardim Caravelle
Paraná,PR,Arapongas,Jardim Columbia I
Paraná,PR,Arapongas,Jardim Columbia III
Paraná,PR,Arapongas,Jardim Columbia IV
Paraná,PR,Arapongas,Jardim Coroados
Paraná,PR,Arapongas,Jardim Cultura
Paraná,PR,Arapongas,Jardim do Cafe
Paraná,PR,Arapongas,Jardim do Carmo
Paraná,PR,Arapongas,Jardim do Sol
Paraná,PR,Arapongas,Jardim dos Passaros
Paraná,PR,Arapongas,Jardim Eldorado
Paraná,PR,Arapongas,Jardim Europa
Paraná,PR,Arapongas,Jardim Imperial
Paraná,PR,Arapongas,Jardim Imperio
Paraná,PR,Arapongas,Jardim Liberdade
Paraná,PR,Arapongas,Jardim Lorena
Paraná,PR,Arapongas,Jardim Monte Carlo
Paraná,PR,Arapongas,Jardim Morumbi
Paraná,PR,Arapongas,Jardim Nova Baroneza
Paraná,PR,Arapongas,Jardim Panorama
Paraná,PR,Arapongas,Jardim Paulista
Paraná,PR,Arapongas,Jardim Petropolis
Paraná,PR,Arapongas,Jardim Portal das Flores
Paraná,PR,Arapongas,Jardim Primavera
Paraná,PR,Arapongas,Jardim Santo Antonio
Paraná,PR,Arapongas,Jardim Sao Cristovao
Paraná,PR,Arapongas,Jardim Sao Rafael
Paraná,PR,Arapongas,Jardim Universitario
Paraná,PR,Arapongas,Parque Industrial
Paraná,PR,Arapongas,Parque Industrial I
Paraná,PR,Arapongas,Parque Industrial II
Paraná,PR,Arapongas,Parque Industrial III
Paraná,PR,Arapongas,Parque Industrial IV
Paraná,PR,Arapongas,Parque Industrial V
Paraná,PR,Arapongas,Parque Siomara
Paraná,PR,Arapongas,Parque Veneza
Paraná,PR,Arapongas,Vila Alvorada
Paraná,PR,Arapongas,Vila Aparecida
Paraná,PR,Arapongas,Vila Araponguinha
Paraná,PR,Arapongas,Vila Aymore
Paraná,PR,Arapongas,Vila Bernardes
Paraná,PR,Arapongas,Vila Brasil
Paraná,PR,Arapongas,Vila Cascata
Paraná,PR,Arapongas,Vila Castelo
Paraná,PR,Arapongas,Vila Conceicao
Paraná,PR,Arapongas,Vila Dalva
Paraná,PR,Arapongas,Vila Edio
Paraná,PR,Arapongas,Vila Estrela
Paraná,PR,Arapongas,Vila Evereste
Paraná,PR,Arapongas,Vila Fortunato
Paraná,PR,Arapongas,Vila Gaucha
Paraná,PR,Arapongas,Vila Iguacu
Paraná,PR,Arapongas,Vila Industrial
Paraná,PR,Arapongas,Vila Lugrandi
Paraná,PR,Arapongas,Vila Natal
Paraná,PR,Arapongas,Vila Nova
Paraná,PR,Arapongas,Vila Passos
Paraná,PR,Arapongas,Vila Paulo
Paraná,PR,Arapongas,Vila Rugna
Paraná,PR,Arapongas,Vila Sampaio
Paraná,PR,Arapongas,Vila Sao Joao
Paraná,PR,Arapongas,Vila Sao Jose
Paraná,PR,Arapongas,Vila Sao Lazaro
Paraná,PR,Arapongas,Vila Sao Vicente
Paraná,PR,Arapongas,Vila Triangulo
Paraná,PR,Arapongas,Vila Trinta e Tres
Paraná,PR,Arapongas,Vila Vicentini
Paraná,PR,Arapongas,Vila Zanin
Paraná,PR,Araucaria,Barigui
Paraná,PR,Araucaria,Boqueirao
Paraná,PR,Araucaria,Cachoeira
Paraná,PR,Araucaria,Campina da Barra
Paraná,PR,Araucaria,Capela Velha
Paraná,PR,Araucaria,Centro
Paraná,PR,Araucaria,Chapada
Paraná,PR,Araucaria,Costeira
Paraná,PR,Araucaria,Estacao
Paraná,PR,Araucaria,Fazenda Velha
Paraná,PR,Araucaria,Iguacu
Paraná,PR,Araucaria,Porto das Laranjeiras
Paraná,PR,Araucaria,Sabia
Paraná,PR,Araucaria,Sao Miguel
Paraná,PR,Araucaria,Thomaz Coelho
Paraná,PR,Araucaria,Tindiquera
Paraná,PR,Araucaria,Vila Nova
Paraná,PR,Cambe,Centro
Paraná,PR,Cambe,Chacara Cambe Londrina
Paraná,PR,Cambe,Chacara Manela
Paraná,PR,Cambe,Conjunto Habitacional Collor de Melo
Paraná,PR,Cambe,Conjunto Habitacional Cristal
Paraná,PR,Cambe,Conjunto Habitacional Waldomiro M Gomes
Paraná,PR,Cambe,Conjunto Residencial Roberto Conceicao
Paraná,PR,Cambe,Jardim Alvorada
Paraná,PR,Cambe,Jardim Ana Eliza
Paraná,PR,Cambe,Jardim Boa Vista
Paraná,PR,Cambe,Jardim Dona Catarina
Paraná,PR,Cambe,Jardim Florida
Paraná,PR,Cambe,Jardim Josiane
Paraná,PR,Cambe,Jardim Morada do Sol
Paraná,PR,Cambe,Jardim Planalto Verde
Paraná,PR,Cambe,Jardim Riviera
Paraná,PR,Cambe,Jardim Santa Adelaide
Paraná,PR,Cambe,Jardim Santa Izabel
Paraná,PR,Cambe,Jardim Santana
Paraná,PR,Cambe,Jardim Santo Amaro
Paraná,PR,Cambe,Jardim Santo Antonio
Paraná,PR,Cambe,Jardim Sao Jose
Paraná,PR,Cambe,Jardim Sao Paulo
Paraná,PR,Cambe,Jardim Silvino
Paraná,PR,Cambe,Jardim Taroba
Paraná,PR,Cambe,Jardim Tupi
Paraná,PR,Cambe,Jardim Uniao
Paraná,PR,Cambe,Jardim Vila Rica
Paraná,PR,Cambe,Novo Bandeirantes
Paraná,PR,Cambe,Parque Maracana
Paraná,PR,Cambe,Parque Residencial Ana Rosa
Paraná,PR,Cambe,Parque Residencial Cambe
Paraná,PR,Cambe,Parque Residencial Manela
Paraná,PR,Cambe,Planta Sao Francisco
Paraná,PR,Cambe,Vila Atalaia
Paraná,PR,Cambe,Vila Guarani
Paraná,PR,Cambe,Vila Mesquita
Paraná,PR,Cambe,Vila Prata
Paraná,PR,Cambe,Vila Salome
Paraná,PR,Campo Largo,Bom Jesus
Paraná,PR,Campo Largo,Botiatuva
Paraná,PR,Campo Largo,Centro
Paraná,PR,Campo Largo,Conjunto Aguas Claras
Paraná,PR,Campo Largo,Conjunto Doutor Abranches Guimaraes
Paraná,PR,Campo Largo,Conjunto Joaquim Celestino Ferreira
Paraná,PR,Campo Largo,Ferraria
Paraná,PR,Campo Largo,Itaqui
Paraná,PR,Campo Largo,Jardim Bela Vista
Paraná,PR,Campo Largo,Jardim Boa Vista
Paraná,PR,Campo Largo,Jardim Busmayer
Paraná,PR,Campo Largo,Jardim Carmela
Paraná,PR,Campo Largo,Jardim Climax
Paraná,PR,Campo Largo,Jardim das Acacias
Paraná,PR,Campo Largo,Jardim das Americas
Paraná,PR,Campo Largo,Jardim Emilia
Paraná,PR,Campo Largo,Jardim Esmeralda
Paraná,PR,Campo Largo,Jardim Florestal
Paraná,PR,Campo Largo,Jardim Guairaca
Paraná,PR,Campo Largo,Jardim Itaqui
Paraná,PR,Campo Largo,Jardim Keli Cristina
Paraná,PR,Campo Largo,Jardim Lise
Paraná,PR,Campo Largo,Jardim Lorenzetti
Paraná,PR,Campo Largo,Jardim Nossa Senhora do Perpetuo Socorro
Paraná,PR,Campo Largo,Jardim Padre Jose de Anchieta
Paraná,PR,Campo Largo,Jardim Paraiso Mineral
Paraná,PR,Campo Largo,Jardim Rivabem
Paraná,PR,Campo Largo,Jardim Rondinha
Paraná,PR,Campo Largo,Jardim Santa Luzia
Paraná,PR,Campo Largo,Jardim Santa Nely
Paraná,PR,Campo Largo,Jardim Sao Vicente
Paraná,PR,Campo Largo,Jardim Social
Paraná,PR,Campo Largo,Jardim Tres Rios
Paraná,PR,Campo Largo,Loteamento Chulik
Paraná,PR,Campo Largo,Loteamento Divaldo Vaz da Silva
Paraná,PR,Campo Largo,Loteamento Itaboa
Paraná,PR,Campo Largo,Loteamento Jose Luiz Rivabem
Paraná,PR,Campo Largo,Loteamento Mina Clara Huber
Paraná,PR,Campo Largo,Loteamento Nelson Lopes
Paraná,PR,Campo Largo,Loteamento Ouro Verde I
Paraná,PR,Campo Largo,Loteamento Ouro Verde II
Paraná,PR,Campo Largo,Loteamento Santa Rita
Paraná,PR,Campo Largo,Loteamento Sao Geronimo
Paraná,PR,Campo Largo,Loteamento Sao Jose
Paraná,PR,Campo Largo,Loteamento Yara
Paraná,PR,Campo Largo,Loteameto Cavalin
Paraná,PR,Campo Largo,Loteameto Miranda
Paraná,PR,Campo Largo,Moradias Bom Jesus
Paraná,PR,Campo Largo,Parque Bom Jesus
Paraná,PR,Campo Largo,Planta Cyro Marques
Paraná,PR,Campo Largo,Planta Vila Gloria
Paraná,PR,Campo Largo,Rondinha
Paraná,PR,Campo Largo,Vila Bancaria
Paraná,PR,Campo Largo,Vila Campesi
Paraná,PR,Campo Largo,Vila Cilka
Paraná,PR,Campo Largo,Vila David Antonio
Paraná,PR,Campo Largo,Vila de Lurdes
Paraná,PR,Campo Largo,Vila Dea
Paraná,PR,Campo Largo,Vila Dom Pedro
Paraná,PR,Campo Largo,Vila Dom Pedro II
Paraná,PR,Campo Largo,Vila Dona Fina
Paraná,PR,Campo Largo,Vila Elizabeth
Paraná,PR,Campo Largo,Vila Ferrari
Paraná,PR,Campo Largo,Vila Ferrari II
Paraná,PR,Campo Largo,Vila Gilcy
Paraná,PR,Campo Largo,Vila Guarany I
Paraná,PR,Campo Largo,Vila Itaqui
Paraná,PR,Campo Largo,Vila Kuster
Paraná,PR,Campo Largo,Vila Mariano Torres
Paraná,PR,Campo Largo,Vila Nossa Senhora do Carmo
Paraná,PR,Campo Largo,Vila Nova
Paraná,PR,Campo Largo,Vila Operaria
Paraná,PR,Campo Largo,Vila Otto
Paraná,PR,Campo Largo,Vila Pompeia
Paraná,PR,Campo Largo,Vila Rivabem
Paraná,PR,Campo Largo,Vila Rondinha
Paraná,PR,Campo Largo,Vila Santa Terezinha
Paraná,PR,Campo Largo,Vila Santo Antonio
Paraná,PR,Campo Largo,Vila Solene
Paraná,PR,Campo Largo,Vila Torres I
Paraná,PR,Campo Largo,Vila Torres II
Paraná,PR,Campo Largo,Vila Vista Alegre
Paraná,PR,Campo Mourao,Centro
Paraná,PR,Campo Mourao,Conjunto Habitacional Mendes
Paraná,PR,Campo Mourao,Conjunto Habitacional Milton Luiz Pereira
Paraná,PR,Campo Mourao,Conjunto Habitacional Parigot de Souza
Paraná,PR,Campo Mourao,Conjunto Residencial Athilhas
Paraná,PR,Campo Mourao,Conjunto Residencial Ilha Bela
Paraná,PR,Campo Mourao,Conjunto Residencial Novo Mundo
Paraná,PR,Campo Mourao,Distrito Industrial I
Paraná,PR,Campo Mourao,Jardim Aeroporto
Paraná,PR,Campo Mourao,Jardim Alvorada
Paraná,PR,Campo Mourao,Jardim Ana Eliza
Paraná,PR,Campo Mourao,Jardim Araucaria
Paraná,PR,Campo Mourao,Jardim Bandeirantes
Paraná,PR,Campo Mourao,Jardim Capricornio
Paraná,PR,Campo Mourao,Jardim Cidade Nova
Paraná,PR,Campo Mourao,Jardim Conrado
Paraná,PR,Campo Mourao,Jardim Constantino
Paraná,PR,Campo Mourao,Jardim Copacabana
Paraná,PR,Campo Mourao,Jardim Corinthias
Paraná,PR,Campo Mourao,Jardim Country Club
Paraná,PR,Campo Mourao,Jardim Esperanca
Paraná,PR,Campo Mourao,Jardim Fernando
Paraná,PR,Campo Mourao,Jardim Florida
Paraná,PR,Campo Mourao,Jardim Francisco Ferreira Albuquerque
Paraná,PR,Campo Mourao,Jardim Gutierres
Paraná,PR,Campo Mourao,Jardim Ione
Paraná,PR,Campo Mourao,Jardim Izabel
Paraná,PR,Campo Mourao,Jardim Joana D'arc
Paraná,PR,Campo Mourao,Jardim Lar Parana
Paraná,PR,Campo Mourao,Jardim Laura
Paraná,PR,Campo Mourao,Jardim Lopes
Paraná,PR,Campo Mourao,Jardim Maia
Paraná,PR,Campo Mourao,Jardim Modelo
Paraná,PR,Campo Mourao,Jardim Nossa Senhora Aparecida
Paraná,PR,Campo Mourao,Jardim P Campo
Paraná,PR,Campo Mourao,Jardim Paulino
Paraná,PR,Campo Mourao,Jardim Paulista
Paraná,PR,Campo Mourao,Jardim Pio XII
Paraná,PR,Campo Mourao,Jardim Santa Cruz
Paraná,PR,Campo Mourao,Jardim Santa Nilce I
Paraná,PR,Campo Mourao,Jardim Santa Nilce II
Paraná,PR,Campo Mourao,Jardim Sao Sebastiao
Paraná,PR,Campo Mourao,Jardim Silvana
Paraná,PR,Campo Mourao,Jardim Tres Marias
Paraná,PR,Campo Mourao,Jardim Tropical I
Paraná,PR,Campo Mourao,Jardim Tropical II
Paraná,PR,Campo Mourao,Jardim Urupes
Paraná,PR,Campo Mourao,Jardim Vitoria
Paraná,PR,Campo Mourao,Parque Industrial II
Paraná,PR,Campo Mourao,Vila Candida
Paraná,PR,Campo Mourao,Vila Rio Grande
Paraná,PR,Campo Mourao,Vila Teixeira
Paraná,PR,Cascavel,14 de Novembro
Paraná,PR,Cascavel,Alto Alegre
Paraná,PR,Cascavel,Brasilia
Paraná,PR,Cascavel,Brasmadeira
Paraná,PR,Cascavel,Canada
Paraná,PR,Cascavel,Cancelli
Paraná,PR,Cascavel,Cascavel Velho
Paraná,PR,Cascavel,Cataratas
Paraná,PR,Cascavel,Centro
Paraná,PR,Cascavel,Ciro Nardi
Paraná,PR,Cascavel,Claudete
Paraná,PR,Cascavel,Coqueiral
Paraná,PR,Cascavel,Country
Paraná,PR,Cascavel,Esmeralda
Paraná,PR,Cascavel,Floresta
Paraná,PR,Cascavel,Gramado
Paraná,PR,Cascavel,Guaruja
Paraná,PR,Cascavel,Independencia
Paraná,PR,Cascavel,Interlagos
Paraná,PR,Cascavel,Maria Luiza
Paraná,PR,Cascavel,Morumbi
Paraná,PR,Cascavel,Nova Cidade
Paraná,PR,Cascavel,Pacaembu
Paraná,PR,Cascavel,Parque Sao Paulo
Paraná,PR,Cascavel,Parque Verde
Paraná,PR,Cascavel,Periolo
Paraná,PR,Cascavel,Pioneiros Catarinenses
Paraná,PR,Cascavel,Presidente
Paraná,PR,Cascavel,Recanto Tropical
Paraná,PR,Cascavel,Regiao do Lago
Paraná,PR,Cascavel,Regiao do Lago 1
Paraná,PR,Cascavel,Regiao do Lago 2
Paraná,PR,Cascavel,Regiao do Lago 3
Paraná,PR,Cascavel,Santa Cruz
Paraná,PR,Cascavel,Santa Felicidade
Paraná,PR,Cascavel,Santo Onofre
Paraná,PR,Cascavel,Santos Dumont
Paraná,PR,Cascavel,Sao Cristovao
Paraná,PR,Cascavel,Universitario
Paraná,PR,Cascavel,Vila Tolentino
Paraná,PR,Castro,Agua Suja
Paraná,PR,Castro,Bom Sucesso
Paraná,PR,Castro,Cantagalo
Paraná,PR,Castro,Castroville
Paraná,PR,Castro,Centro
Paraná,PR,Castro,Invernada do Matadouro
Paraná,PR,Castro,Jardim Bela Vista
Paraná,PR,Castro,Jardim Colonial
Paraná,PR,Castro,Jardim das Araucarias
Paraná,PR,Castro,Jardim das Araucarias II
Paraná,PR,Castro,Jardim das Nacoes
Paraná,PR,Castro,Jardim Dona Helena
Paraná,PR,Castro,Jardim dos Bancarios
Paraná,PR,Castro,Jardim Samambaia
Paraná,PR,Castro,Jardim Sao Francisco
Paraná,PR,Castro,Jardim Social Arapongas
Paraná,PR,Castro,Jardim Social Primavera
Paraná,PR,Castro,Jardim Termas Riviera
Paraná,PR,Castro,Morada do Sol
Paraná,PR,Castro,Nucleo Habitacional Padre Piva
Paraná,PR,Castro,Vila do Rosario
Paraná,PR,Castro,Vila Farias
Paraná,PR,Castro,Vila Frei Mathias
Paraná,PR,Castro,Vila Rio Branco
Paraná,PR,Castro,Vila Santa Cruz
Paraná,PR,Colombo,Centro
Paraná,PR,Colombo,Jardim Abigail
Paraná,PR,Colombo,Jardim Adriana
Paraná,PR,Colombo,Jardim Alvorada
Paraná,PR,Colombo,Jardim Amazonas
Paraná,PR,Colombo,Jardim Ana Rosa
Paraná,PR,Colombo,Jardim Ana Rosa II
Paraná,PR,Colombo,Jardim Anai
Paraná,PR,Colombo,Jardim Araguaia
Paraná,PR,Colombo,Jardim Arapongas
Paraná,PR,Colombo,Jardim Aurora
Paraná,PR,Colombo,Jardim Bandeirantes
Paraná,PR,Colombo,Jardim Baviera
Paraná,PR,Colombo,Jardim Bela Vista
Paraná,PR,Colombo,Jardim Brasilia
Paraná,PR,Colombo,Jardim California
Paraná,PR,Colombo,Jardim Campo Alto
Paraná,PR,Colombo,Jardim Central
Paraná,PR,Colombo,Jardim Cesar Augusto
Paraná,PR,Colombo,Jardim Columbia
Paraná,PR,Colombo,Jardim Cristina
Paraná,PR,Colombo,Jardim Cristina II
Paraná,PR,Colombo,Jardim Cristina III
Paraná,PR,Colombo,Jardim Cruzeiro
Paraná,PR,Colombo,Jardim Curitiba
Paraná,PR,Colombo,Jardim das Flores
Paraná,PR,Colombo,Jardim das Gracas
Paraná,PR,Colombo,Jardim das Oliveiras
Paraná,PR,Colombo,Jardim das Perdizes
Paraná,PR,Colombo,Jardim das Violetas
Paraná,PR,Colombo,Jardim Esmeralda
Paraná,PR,Colombo,Jardim Esperanca
Paraná,PR,Colombo,Jardim Esplanada
Paraná,PR,Colombo,Jardim Georgina
Paraná,PR,Colombo,Jardim Guadalajara
Paraná,PR,Colombo,Jardim Guaira
Paraná,PR,Colombo,Jardim Guanabara
Paraná,PR,Colombo,Jardim Guaraituba
Paraná,PR,Colombo,Jardim Guaruja
Paraná,PR,Colombo,Jardim Guilhermina
Paraná,PR,Colombo,Jardim Iracema
Paraná,PR,Colombo,Jardim Italia
Paraná,PR,Colombo,Jardim Itambe
Paraná,PR,Colombo,Jardim Ivair
Paraná,PR,Colombo,Jardim Jalisco
Paraná,PR,Colombo,Jardim Joao Paulo II
Paraná,PR,Colombo,Jardim Loanda
Paraná,PR,Colombo,Jardim Magnopolis
Paraná,PR,Colombo,Jardim Marambaia
Paraná,PR,Colombo,Jardim Maria Jose
Paraná,PR,Colombo,Jardim Maria Matutina
Paraná,PR,Colombo,Jardim Mediterraneo
Paraná,PR,Colombo,Jardim Milena
Paraná,PR,Colombo,Jardim Moinho Velho
Paraná,PR,Colombo,Jardim Monte Libano
Paraná,PR,Colombo,Jardim Monte Tabor
Paraná,PR,Colombo,Jardim Monza
Paraná,PR,Colombo,Jardim Nossa Senhora da Penha
Paraná,PR,Colombo,Jardim Nossa Senhora de Fatima
Paraná,PR,Colombo,Jardim Osasco
Paraná,PR,Colombo,Jardim Ouro Verde
Paraná,PR,Colombo,Jardim Palmares
Paraná,PR,Colombo,Jardim Palmital
Paraná,PR,Colombo,Jardim Quitandinha
Paraná,PR,Colombo,Jardim Rio Verde
Paraná,PR,Colombo,Jardim Samambaia
Paraná,PR,Colombo,Jardim Santa Angelina
Paraná,PR,Colombo,Jardim Santa Candida
Paraná,PR,Colombo,Jardim Santa Cruz
Paraná,PR,Colombo,Jardim Santa Fe
Paraná,PR,Colombo,Jardim Santa Helena
Paraná,PR,Colombo,Jardim Sao Gabriel
Paraná,PR,Colombo,Jardim Sao Jose
Paraná,PR,Colombo,Jardim Sao Marcos
Paraná,PR,Colombo,Jardim Sao Sebastiao
Paraná,PR,Colombo,Jardim Solimoes
Paraná,PR,Colombo,Jardim Uirapuru
Paraná,PR,Colombo,Jardim Videira
Paraná,PR,Colombo,Jardim Viviane
Paraná,PR,Colombo,Parque do Embu
Paraná,PR,Colombo,Parque Monte Castelo
Paraná,PR,Colombo,Parque Residencial Santa Terezinha
Paraná,PR,Colombo,Parque Sao Domingos
Paraná,PR,Colombo,Planta Bom Jesus
Paraná,PR,Colombo,Planta Boros
Paraná,PR,Colombo,Planta Cristovao Colombo
Paraná,PR,Colombo,Planta Gregorio Nadolni
Paraná,PR,Colombo,Planta Maracana
Paraná,PR,Colombo,Planta Santa Tereza
Paraná,PR,Colombo,Planta Santa Ursula
Paraná,PR,Colombo,Planta Santo Agostinho
Paraná,PR,Colombo,Planta Teixeira de Lara
Paraná,PR,Colombo,Planta Vila Nova
Paraná,PR,Colombo,Roca Grande
Paraná,PR,Colombo,Vila Alto da Cruz
Paraná,PR,Colombo,Vila Alto da Cruz II
Paraná,PR,Colombo,Vila Alto da Cruz III
Paraná,PR,Colombo,Vila Carrano Junior
Paraná,PR,Colombo,Vila Cordeiro
Paraná,PR,Colombo,Vila Esperanceta
Paraná,PR,Colombo,Vila Gorski
Paraná,PR,Colombo,Vila Guaraci
Paraná,PR,Colombo,Vila Guarani
Paraná,PR,Colombo,Vila Luiz Baron
Paraná,PR,Colombo,Vila Marcelina
Paraná,PR,Colombo,Vila Miracema
Paraná,PR,Colombo,Vila Petropolis
Paraná,PR,Colombo,Vila Rosemari Galvao
Paraná,PR,Colombo,Vila Santa Clara
Paraná,PR,Colombo,Vila Santa Helena
Paraná,PR,Colombo,Vila Santa Maria
Paraná,PR,Colombo,Vila Sao Gabriel
Paraná,PR,Colombo,Vila Sao Jose
Paraná,PR,Colombo,Vila Sao Lucas
Paraná,PR,Colombo,Vila Sao Paulo
Paraná,PR,Colombo,Vila Sao Pedro
Paraná,PR,Colombo,Vila Vale das Flores
Paraná,PR,Colombo,Vila Vale Verde
Paraná,PR,Colombo,Vila Yara
Paraná,PR,Colombo,Walfrido do Rosario
Paraná,PR,Curitiba,Abranches
Paraná,PR,Curitiba,Agua Verde
Paraná,PR,Curitiba,Ahu
Paraná,PR,Curitiba,Alto Boqueirao
Paraná,PR,Curitiba,Alto da Gloria
Paraná,PR,Curitiba,Alto da Rua XV
Paraná,PR,Curitiba,Atuba
Paraná,PR,Curitiba,Bacacheri
Paraná,PR,Curitiba,Bairro Alto
Paraná,PR,Curitiba,Barreirinha
Paraná,PR,Curitiba,Batel
Paraná,PR,Curitiba,Bigorrilho
Paraná,PR,Curitiba,Boa Vista
Paraná,PR,Curitiba,Bom Retiro
Paraná,PR,Curitiba,Boqueirao
Paraná,PR,Curitiba,Butiatuvinha
Paraná,PR,Curitiba,Cabral
Paraná,PR,Curitiba,Cachoeira
Paraná,PR,Curitiba,Cajuru
Paraná,PR,Curitiba,Campina do Siqueira
Paraná,PR,Curitiba,Campo Comprido
Paraná,PR,Curitiba,Campo de Santana
Paraná,PR,Curitiba,Capao da Imbuia
Paraná,PR,Curitiba,Capao Raso
Paraná,PR,Curitiba,Cascatinha
Paraná,PR,Curitiba,Centro
Paraná,PR,Curitiba,Centro Civico
Paraná,PR,Curitiba,Cidade Industrial
Paraná,PR,Curitiba,Cristo Rei
Paraná,PR,Curitiba,Fanny
Paraná,PR,Curitiba,Fazendinha
Paraná,PR,Curitiba,Guabirotuba
Paraná,PR,Curitiba,Guaira
Paraná,PR,Curitiba,Hauer
Paraná,PR,Curitiba,Hugo Lange
Paraná,PR,Curitiba,Jardim Botanico
Paraná,PR,Curitiba,Jardim das Americas
Paraná,PR,Curitiba,Jardim Social
Paraná,PR,Curitiba,Juveve
Paraná,PR,Curitiba,Lindoia
Paraná,PR,Curitiba,Merces
Paraná,PR,Curitiba,Mossungue
Paraná,PR,Curitiba,Novo Mundo
Paraná,PR,Curitiba,Orleans
Paraná,PR,Curitiba,Parolin
Paraná,PR,Curitiba,Pilarzinho
Paraná,PR,Curitiba,Pinheirinho
Paraná,PR,Curitiba,Portao
Paraná,PR,Curitiba,Prado Velho
Paraná,PR,Curitiba,Reboucas
Paraná,PR,Curitiba,Santa Candida
Paraná,PR,Curitiba,Santa Felicidade
Paraná,PR,Curitiba,Santa Quiteria
Paraná,PR,Curitiba,Santo Inacio
Paraná,PR,Curitiba,Sao Braz
Paraná,PR,Curitiba,Sao Francisco
Paraná,PR,Curitiba,Sao Joao
Paraná,PR,Curitiba,Sao Lourenco
Paraná,PR,Curitiba,Seminario
Paraná,PR,Curitiba,Sitio Cercado
Paraná,PR,Curitiba,Taboao
Paraná,PR,Curitiba,Taruma
Paraná,PR,Curitiba,Tatuquara
Paraná,PR,Curitiba,Tingui
Paraná,PR,Curitiba,Uberaba
Paraná,PR,Curitiba,Umbara
Paraná,PR,Curitiba,Vila Izabel
Paraná,PR,Curitiba,Vista Alegre
Paraná,PR,Curitiba,Xaxim
Paraná,PR,Foz do Iguacu,Alto Sao Francisco
Paraná,PR,Foz do Iguacu,Beverly Falls Park
Paraná,PR,Foz do Iguacu,Centro
Paraná,PR,Foz do Iguacu,Cohapar III
Paraná,PR,Foz do Iguacu,Conjunto A
Paraná,PR,Foz do Iguacu,Conjunto B
Paraná,PR,Foz do Iguacu,Conjunto C
Paraná,PR,Foz do Iguacu,Conjunto Libra
Paraná,PR,Foz do Iguacu,Conjunto Residencial Apora
Paraná,PR,Foz do Iguacu,Cr 1
Paraná,PR,Foz do Iguacu,Jardim Acaray
Paraná,PR,Foz do Iguacu,Jardim Alice II
Paraná,PR,Foz do Iguacu,Jardim Amazonas
Paraná,PR,Foz do Iguacu,Jardim America
Paraná,PR,Foz do Iguacu,Jardim Ana Cristina
Paraná,PR,Foz do Iguacu,Jardim Boa Vista
Paraná,PR,Foz do Iguacu,Jardim Central
Paraná,PR,Foz do Iguacu,Jardim Claudia
Paraná,PR,Foz do Iguacu,Jardim Comercial das Bandeiras
Paraná,PR,Foz do Iguacu,Jardim Copacabana
Paraná,PR,Foz do Iguacu,Jardim Copacabana II
Paraná,PR,Foz do Iguacu,Jardim Cristina
Paraná,PR,Foz do Iguacu,Jardim Curitibano
Paraná,PR,Foz do Iguacu,Jardim das Bandeiras
Paraná,PR,Foz do Iguacu,Jardim das Laranjeiras
Paraná,PR,Foz do Iguacu,Jardim das Nacoes
Paraná,PR,Foz do Iguacu,Jardim Duarte
Paraná,PR,Foz do Iguacu,Jardim Eldorado
Paraná,PR,Foz do Iguacu,Jardim Esmeralda
Paraná,PR,Foz do Iguacu,Jardim Festugato
Paraná,PR,Foz do Iguacu,Jardim Guarapuava
Paraná,PR,Foz do Iguacu,Jardim Guarapuava I
Paraná,PR,Foz do Iguacu,Jardim Guarapuava II
Paraná,PR,Foz do Iguacu,Jardim Iguacu
Paraná,PR,Foz do Iguacu,Jardim Itaipu
Paraná,PR,Foz do Iguacu,Jardim Jupira
Paraná,PR,Foz do Iguacu,Jardim Karla
Paraná,PR,Foz do Iguacu,Jardim Lancaster
Paraná,PR,Foz do Iguacu,Jardim Lancaster I
Paraná,PR,Foz do Iguacu,Jardim Lancaster II
Paraná,PR,Foz do Iguacu,Jardim Manaus
Paraná,PR,Foz do Iguacu,Jardim Naipi
Paraná,PR,Foz do Iguacu,Jardim Panorama
Paraná,PR,Foz do Iguacu,Jardim Panorama II
Paraná,PR,Foz do Iguacu,Jardim Parana
Paraná,PR,Foz do Iguacu,Jardim Petropolis
Paraná,PR,Foz do Iguacu,Jardim Polo Centro
Paraná,PR,Foz do Iguacu,Jardim Porto Belo
Paraná,PR,Foz do Iguacu,Jardim Santa Rosa
Paraná,PR,Foz do Iguacu,Jardim Sao Miguel
Paraná,PR,Foz do Iguacu,Jardim Sao Paulo I
Paraná,PR,Foz do Iguacu,Jardim Sao Paulo II
Paraná,PR,Foz do Iguacu,Jardim Social I
Paraná,PR,Foz do Iguacu,Jardim Taroba
Paraná,PR,Foz do Iguacu,Lago dos Cisnes
Paraná,PR,Foz do Iguacu,Loteamento Campos do Iguacu
Paraná,PR,Foz do Iguacu,Loteamento Joao Paulo II
Paraná,PR,Foz do Iguacu,Loteamento Paraguacu
Paraná,PR,Foz do Iguacu,Mutirao
Paraná,PR,Foz do Iguacu,Parque Morumbi
Paraná,PR,Foz do Iguacu,Parque Morumbi I
Paraná,PR,Foz do Iguacu,Parque Morumbi IV
Paraná,PR,Foz do Iguacu,Parque Residencial Santa Rita
Paraná,PR,Foz do Iguacu,Portal da Foz
Paraná,PR,Foz do Iguacu,Vila Bom Jesus
Paraná,PR,Foz do Iguacu,Vila Borges
Paraná,PR,Foz do Iguacu,Vila Brasilia
Paraná,PR,Foz do Iguacu,Vila Itajuba
Paraná,PR,Foz do Iguacu,Vila Maracana
Paraná,PR,Foz do Iguacu,Vila Matilde
Paraná,PR,Foz do Iguacu,Vila Militar
Paraná,PR,Foz do Iguacu,Vila Paraguaia
Paraná,PR,Foz do Iguacu,Vila Perola
Paraná,PR,Foz do Iguacu,Vila Portes
Paraná,PR,Foz do Iguacu,Vila Remigio
Paraná,PR,Foz do Iguacu,Vila Yolanda
Paraná,PR,Francisco Beltrao,Alvorada
Paraná,PR,Francisco Beltrao,Cango
Paraná,PR,Francisco Beltrao,Centro
Paraná,PR,Francisco Beltrao,Cristo Rei
Paraná,PR,Francisco Beltrao,Guanabara
Paraná,PR,Francisco Beltrao,Industrial
Paraná,PR,Francisco Beltrao,Jardim Antonio de Paiva Cantelmo
Paraná,PR,Francisco Beltrao,Jardim Floresta
Paraná,PR,Francisco Beltrao,Jardim Novo Mundo
Paraná,PR,Francisco Beltrao,Jardim Santa Fe
Paraná,PR,Francisco Beltrao,Loteamento Bordignon
Paraná,PR,Francisco Beltrao,Luther King
Paraná,PR,Francisco Beltrao,Maniguacu
Paraná,PR,Francisco Beltrao,Marrecas
Paraná,PR,Francisco Beltrao,Nossa Senhora Aparecida
Paraná,PR,Francisco Beltrao,Padre Eurico
Paraná,PR,Francisco Beltrao,Pinheirinho
Paraná,PR,Francisco Beltrao,Presidente Kennedy
Paraná,PR,Francisco Beltrao,Sadia
Paraná,PR,Francisco Beltrao,Sao Cristovao
Paraná,PR,Francisco Beltrao,Sao Miguel
Paraná,PR,Francisco Beltrao,Seminario
Paraná,PR,Francisco Beltrao,Vila Maria Delani
Paraná,PR,Francisco Beltrao,Vila Nova
Paraná,PR,Guarapuava,Alto Cascavel
Paraná,PR,Guarapuava,Alto da XV
Paraná,PR,Guarapuava,Batel
Paraná,PR,Guarapuava,Bonsucesso
Paraná,PR,Guarapuava,Boqueirao
Paraná,PR,Guarapuava,Cascavel
Paraná,PR,Guarapuava,Centro
Paraná,PR,Guarapuava,Conradinho
Paraná,PR,Guarapuava,Estados
Paraná,PR,Guarapuava,Industrial
Paraná,PR,Guarapuava,Jardim das Americas
Paraná,PR,Guarapuava,Morro Alto
Paraná,PR,Guarapuava,Primavera
Paraná,PR,Guarapuava,Santa Cruz
Paraná,PR,Guarapuava,Santana
Paraná,PR,Guarapuava,Sao Cristovao
Paraná,PR,Guarapuava,Trianon
Paraná,PR,Guarapuava,Vila Bela
Paraná,PR,Guarapuava,Vila Carli
Paraná,PR,Laranjeiras do Sul,Agua Verde
Paraná,PR,Laranjeiras do Sul,Centro
Paraná,PR,Laranjeiras do Sul,Cristo Rei
Paraná,PR,Laranjeiras do Sul,Getulio Vargas
Paraná,PR,Laranjeiras do Sul,Sao Francisco
Paraná,PR,Laranjeiras do Sul,Vila Industrial
Paraná,PR,Londrina,Adriana 1
Paraná,PR,Londrina,Adriana 2
Paraná,PR,Londrina,Aeroporto
Paraná,PR,Londrina,Agari
Paraná,PR,Londrina,Alah
Paraná,PR,Londrina,Albatroz
Paraná,PR,Londrina,Alberto J Zortea
Paraná,PR,Londrina,Alcantara
Paraná,PR,Londrina,Alpes
Paraná,PR,Londrina,Alpes II
Paraná,PR,Londrina,Alpes III
Paraná,PR,Londrina,Alphaville
Paraná,PR,Londrina,Amaro
Paraná,PR,Londrina,Andes
Paraná,PR,Londrina,Andrade
Paraná,PR,Londrina,Antares
Paraná,PR,Londrina,Aparecida
Paraná,PR,Londrina,Aquilles Sthengel
Paraná,PR,Londrina,Aragarca
Paraná,PR,Londrina,Araucarias
Paraná,PR,Londrina,Araxa
Paraná,PR,Londrina,Armindo Guazzi
Paraná,PR,Londrina,Arpoador
Paraná,PR,Londrina,Assis
Paraná,PR,Londrina,Aurea
Paraná,PR,Londrina,Baldan
Paraná,PR,Londrina,Bancarios
Paraná,PR,Londrina,Bandeirantes
Paraná,PR,Londrina,Barbeta
Paraná,PR,Londrina,Bela Suica
Paraná,PR,Londrina,Boa Vista
Paraná,PR,Londrina,Brasil
Paraná,PR,Londrina,Brasilia
Paraná,PR,Londrina,Cacique
Paraná,PR,Londrina,Cafezal 1
Paraná,PR,Londrina,Caicaras
Paraná,PR,Londrina,California
Paraná,PR,Londrina,Cambara
Paraná,PR,Londrina,Cambezinho
Paraná,PR,Londrina,Campo Belo
Paraná,PR,Londrina,Canaa
Paraná,PR,Londrina,Canada
Paraná,PR,Londrina,Canziani
Paraná,PR,Londrina,Caravelle
Paraná,PR,Londrina,Carlota
Paraná,PR,Londrina,Carnascialli
Paraná,PR,Londrina,Casarin
Paraná,PR,Londrina,Casoni
Paraná,PR,Londrina,Castelo
Paraná,PR,Londrina,Centro
Paraná,PR,Londrina,Champagnat
Paraná,PR,Londrina,Charrua
Paraná,PR,Londrina,Cidadela
Paraná,PR,Londrina,Cilo 2
Paraná,PR,Londrina,Claudia
Paraná,PR,Londrina,Colina Verde
Paraná,PR,Londrina,Colina Verde Leste
Paraná,PR,Londrina,Coliseu
Paraná,PR,Londrina,Colonial
Paraná,PR,Londrina,Columbia
Paraná,PR,Londrina,Conceicao
Paraná,PR,Londrina,Conjunto Cafe
Paraná,PR,Londrina,Conjunto Ernani Moura Lima 2
Paraná,PR,Londrina,Conjunto Guilherme Braga de Abreu Pires
Paraná,PR,Londrina,Conjunto Habitacional Bronzzetti
Paraná,PR,Londrina,Conjunto Habitacional Jesualdo Garcia Pessoa
Paraná,PR,Londrina,Conjunto Habitacional Jose Giordano
Paraná,PR,Londrina,Conjunto Habitacional Maria Cecilia Serrano de Oliveira
Paraná,PR,Londrina,Conjunto Habitacional Saltinho
Paraná,PR,Londrina,Conjunto Habitacional Violim
Paraná,PR,Londrina,Conjunto Oscavo Gomes Santos
Paraná,PR,Londrina,Conjunto Residencial Doutor Alberto Joao Zortea
Paraná,PR,Londrina,Conjunto Santa Rita 6
Paraná,PR,Londrina,Country Club
Paraná,PR,Londrina,Cristal
Paraná,PR,Londrina,Damasco
Paraná,PR,Londrina,Del Rey
Paraná,PR,Londrina,Dom Pedro
Paraná,PR,Londrina,Dom Pedro II
Paraná,PR,Londrina,Eldorado
Paraná,PR,Londrina,Eliza
Paraná,PR,Londrina,Ernani de Moura Lima
Paraná,PR,Londrina,Esperanca
Paraná,PR,Londrina,Estados
Paraná,PR,Londrina,Europa
Paraná,PR,Londrina,Flores
Paraná,PR,Londrina,Fortaleza
Paraná,PR,Londrina,Franciscato
Paraná,PR,Londrina,Franciscato II
Paraná,PR,Londrina,Fugman
Paraná,PR,Londrina,Gaion
Paraná,PR,Londrina,Gayon
Paraná,PR,Londrina,Giovani Lunardelli
Paraná,PR,Londrina,Guanabara
Paraná,PR,Londrina,Hedy
Paraná,PR,Londrina,Heimtal
Paraná,PR,Londrina,Helena
Paraná,PR,Londrina,Higienopolis
Paraná,PR,Londrina,Hipica
Paraná,PR,Londrina,Ideal
Paraná,PR,Londrina,Igapo
Paraná,PR,Londrina,Iguacu
Paraná,PR,Londrina,Ilha Bela
Paraná,PR,Londrina,Indianopolis
Paraná,PR,Londrina,Industrial
Paraná,PR,Londrina,Industrias
Paraná,PR,Londrina,Industrias Leves
Paraná,PR,Londrina,Indusville
Paraná,PR,Londrina,Interlagos
Paraná,PR,Londrina,Ipanema
Paraná,PR,Londrina,Ipiranga
Paraná,PR,Londrina,Itapoa
Paraná,PR,Londrina,Jacomo Violin
Paraná,PR,Londrina,Jamaica
Paraná,PR,Londrina,Jardim Acapulco
Paraná,PR,Londrina,Jardim Alvorada
Paraná,PR,Londrina,Jardim Bandeirantes
Paraná,PR,Londrina,Jardim das Americas
Paraná,PR,Londrina,Jardim do Lago
Paraná,PR,Londrina,Jardim Graziela
Paraná,PR,Londrina,Jardim Guararapes
Paraná,PR,Londrina,Jardim Itaipu
Paraná,PR,Londrina,Jardim Itatiaia 1
Paraná,PR,Londrina,Jardim Itatiaia 2
Paraná,PR,Londrina,Jardim Montreal
Paraná,PR,Londrina,Jardim Novo Sabara
Paraná,PR,Londrina,Jardim Pacaembu
Paraná,PR,Londrina,Jardim Palmares
Paraná,PR,Londrina,Jardim Perobal
Paraná,PR,Londrina,Jardim Rosicler
Paraná,PR,Londrina,Jardim Santo Andre
Paraná,PR,Londrina,Jardim Santo Antonio
Paraná,PR,Londrina,Jardim Sao Francisco de Assis
Paraná,PR,Londrina,Jardim Sao Paulo
Paraná,PR,Londrina,Jardim Tatiani
Paraná,PR,Londrina,Jardim Tokio
Paraná,PR,Londrina,Jatoba
Paraná,PR,Londrina,Jerumenha
Paraná,PR,Londrina,Joao Paz
Paraná,PR,Londrina,Judith
Paraná,PR,Londrina,Kase
Paraná,PR,Londrina,Kennedy
Paraná,PR,Londrina,Lago Igapo
Paraná,PR,Londrina,Lago Parque
Paraná,PR,Londrina,Lagoa Dourada
Paraná,PR,Londrina,Larsen
Paraná,PR,Londrina,Leonor
Paraná,PR,Londrina,Leste Oeste
Paraná,PR,Londrina,Lilian
Paraná,PR,Londrina,Lima Azevedo
Paraná,PR,Londrina,Lindoia
Paraná,PR,Londrina,Lolata
Paraná,PR,Londrina,Londrilar
Paraná,PR,Londrina,Londrina
Paraná,PR,Londrina,Los Angeles
Paraná,PR,Londrina,Luiz de Sa
Paraná,PR,Londrina,Lupercio Luppi
Paraná,PR,Londrina,Maira
Paraná,PR,Londrina,Maraba
Paraná,PR,Londrina,Maringa
Paraná,PR,Londrina,Marizia
Paraná,PR,Londrina,Marumbi
Paraná,PR,Londrina,Matarazzo
Paraná,PR,Londrina,Melleiro
Paraná,PR,Londrina,Messianico
Paraná,PR,Londrina,Meton
Paraná,PR,Londrina,Milton Gavetti
Paraná,PR,Londrina,Moncoes
Paraná,PR,Londrina,Monte Belo
Paraná,PR,Londrina,Monte Carlo
Paraná,PR,Londrina,Morumbi
Paraná,PR,Londrina,Newton Guimaraes
Paraná,PR,Londrina,Nikko
Paraná,PR,Londrina,Nobrega
Paraná,PR,Londrina,Nossa Senhora de Lourdes
Paraná,PR,Londrina,Nossa Senhora do Desterro
Paraná,PR,Londrina,Nova
Paraná,PR,Londrina,Nova Conquista
Paraná,PR,Londrina,Nova Londres
Paraná,PR,Londrina,Nova Olinda
Paraná,PR,Londrina,Novo Amparo
Paraná,PR,Londrina,Novo Antares
Paraná,PR,Londrina,Novo Mundo
Paraná,PR,Londrina,Oguido
Paraná,PR,Londrina,Ok
Paraná,PR,Londrina,Operaria
Paraná,PR,Londrina,Ouro Branco
Paraná,PR,Londrina,Ouro Verde
Paraná,PR,Londrina,Palermo
Paraná,PR,Londrina,Panorama
Paraná,PR,Londrina,Pantaneiro
Paraná,PR,Londrina,Paraiso
Paraná,PR,Londrina,Parigot de Souza 2
Paraná,PR,Londrina,Parque das Colinas
Paraná,PR,Londrina,Parque Residencial Joao Piza
Paraná,PR,Londrina,Paulista
Paraná,PR,Londrina,Penterich
Paraná,PR,Londrina,Petropolis
Paraná,PR,Londrina,Pinheiros
Paraná,PR,Londrina,Portal de Versalhes 1
Paraná,PR,Londrina,Portal de Versalhes 2
Paraná,PR,Londrina,Portal de Versalhes 3
Paraná,PR,Londrina,Portuguesa
Paraná,PR,Londrina,Progresso
Paraná,PR,Londrina,Quebec
Paraná,PR,Londrina,Real
Paraná,PR,Londrina,Recreio
Paraná,PR,Londrina,Rica
Paraná,PR,Londrina,Ricardo
Paraná,PR,Londrina,Rodocentro
Paraná,PR,Londrina,Roseira
Paraná,PR,Londrina,Roveri
Paraná,PR,Londrina,Sabara I
Paraná,PR,Londrina,San Conrado
Paraná,PR,Londrina,San Fernando
Paraná,PR,Londrina,San Izidro
Paraná,PR,Londrina,San Remo
Paraná,PR,Londrina,Santa Joana
Paraná,PR,Londrina,Santa Monica
Paraná,PR,Londrina,Santa Rita 1
Paraná,PR,Londrina,Santiago
Paraná,PR,Londrina,Santo Antonio
Paraná,PR,Londrina,Santos Dumont
Paraná,PR,Londrina,Sao Cristovao
Paraná,PR,Londrina,Sao Jorge
Paraná,PR,Londrina,Sao Lourenco
Paraná,PR,Londrina,Sao Pedro
Paraná,PR,Londrina,Sao Vicente
Paraná,PR,Londrina,Semiramis Barros Braga
Paraná,PR,Londrina,Shangri-la
Paraná,PR,Londrina,Siam
Paraná,PR,Londrina,Sol
Paraná,PR,Londrina,Tamandare
Paraná,PR,Londrina,Taroba
Paraná,PR,Londrina,Terra de Santana (i e Ii)
Paraná,PR,Londrina,Tiete
Paraná,PR,Londrina,Tomy
Paraná,PR,Londrina,Universitario
Paraná,PR,Londrina,Vale Verde
Paraná,PR,Londrina,Vania
Paraná,PR,Londrina,Veraliz
Paraná,PR,Londrina,Vila Galvao
Paraná,PR,Londrina,Vila Goes
Paraná,PR,Londrina,Vila Matsunaga
Paraná,PR,Londrina,Vila Monteiro
Paraná,PR,Londrina,Vila Nalin
Paraná,PR,Londrina,Vila Sao Caetano
Paraná,PR,Londrina,Vila Shima Bokuro
Paraná,PR,Londrina,Vila Simoes
Paraná,PR,Londrina,Vila Zanetti
Paraná,PR,Londrina,Vila Ziober
Paraná,PR,Londrina,Vitoria
Paraná,PR,Londrina,Vitoria Regia
Paraná,PR,Londrina,Vivi Xavier
Paraná,PR,Londrina,Waldemar Hauer
Paraná,PR,Londrina,Yara
Paraná,PR,Londrina,Zelina
Paraná,PR,Maringa,Chacara Assai
Paraná,PR,Maringa,Chacara Paulista
Paraná,PR,Maringa,Chacaras Morangueira
Paraná,PR,Maringa,Conjunto Habitacional Hermann Moraes Barros
Paraná,PR,Maringa,Conjunto Habitacional Inocente Vila Nova Junior
Paraná,PR,Maringa,Conjunto Habitacional Karina
Paraná,PR,Maringa,Conjunto Habitacional Lea Leal
Paraná,PR,Maringa,Conjunto Residencial Branca Vieira
Paraná,PR,Maringa,Conjunto Residencial Cidade Alta
Paraná,PR,Maringa,Conjunto Residencial Itamaraty
Paraná,PR,Maringa,Conjunto Residencial Ney Braga
Paraná,PR,Maringa,Conjunto Residencial Paulino Carlos Filho
Paraná,PR,Maringa,Conjunto Residencial Planalto
Paraná,PR,Maringa,Copacabana Residencial
Paraná,PR,Maringa,Ebenezer
Paraná,PR,Maringa,Jardim Acema
Paraná,PR,Maringa,Jardim Aclimacao
Paraná,PR,Maringa,Jardim Alamar
Paraná,PR,Maringa,Jardim Alvorada
Paraná,PR,Maringa,Jardim America
Paraná,PR,Maringa,Jardim Betty
Paraná,PR,Maringa,Jardim Campos Eliseos
Paraná,PR,Maringa,Jardim Canada
Paraná,PR,Maringa,Jardim Castor
Paraná,PR,Maringa,Jardim Cerro Azul
Paraná,PR,Maringa,Jardim da Gloria
Paraná,PR,Maringa,Jardim das Nacoes
Paraná,PR,Maringa,Jardim Guapore
Paraná,PR,Maringa,Jardim Internorte
Paraná,PR,Maringa,Jardim Ipiranga
Paraná,PR,Maringa,Jardim Kosmos
Paraná,PR,Maringa,Jardim Laodiceia
Paraná,PR,Maringa,Jardim Liberdade
Paraná,PR,Maringa,Jardim Los Angeles
Paraná,PR,Maringa,Jardim Mandacaru
Paraná,PR,Maringa,Jardim Maravilha
Paraná,PR,Maringa,Jardim Monte Carlo
Paraná,PR,Maringa,Jardim Novo Horizonte
Paraná,PR,Maringa,Jardim Oasis
Paraná,PR,Maringa,Jardim Ouro Cola
Paraná,PR,Maringa,Jardim San Remo
Paraná,PR,Maringa,Jardim Santa Rita
Paraná,PR,Maringa,Jardim Sao Francisco
Paraná,PR,Maringa,Jardim Sao Jorge
Paraná,PR,Maringa,Jardim Sao Silvestre
Paraná,PR,Maringa,Jardim Social
Paraná,PR,Maringa,Jardim Tabaete
Paraná,PR,Maringa,Jardim Tropical
Paraná,PR,Maringa,Jardim Tupinamba
Paraná,PR,Maringa,Jardim Universitario
Paraná,PR,Maringa,Jardim Universo
Paraná,PR,Maringa,Jardim Vila Rica
Paraná,PR,Maringa,Jardim Vitoria
Paraná,PR,Maringa,Parque Avenida
Paraná,PR,Maringa,Parque das Bandeiras
Paraná,PR,Maringa,Parque das Grevileas
Paraná,PR,Maringa,Parque das Laranjeiras
Paraná,PR,Maringa,Parque Hortencia
Paraná,PR,Maringa,Parque Industrial Bandeirantes
Paraná,PR,Maringa,Parque Industrial I e II
Paraná,PR,Maringa,Parque Itaipu
Paraná,PR,Maringa,Parque Palmeiras
Paraná,PR,Maringa,Parque Residencial Aeroporto
Paraná,PR,Maringa,Parque Residencial Aeroporto (2a Parte)
Paraná,PR,Maringa,Parque Residencial Aeroporto (3a Parte)
Paraná,PR,Maringa,Parque Residencial Cidade Nova
Paraná,PR,Maringa,Parque Residencial Patricia
Paraná,PR,Maringa,Parque Residencial Quebec
Paraná,PR,Maringa,Parque Residencial Rio Branco
Paraná,PR,Maringa,Vila Bosque
Paraná,PR,Maringa,Vila Cafelandia
Paraná,PR,Maringa,Vila Cleopatra
Paraná,PR,Maringa,Vila Emilia
Paraná,PR,Maringa,Vila Esperanca
Paraná,PR,Maringa,Vila Ipiranga
Paraná,PR,Maringa,Vila Marumby
Paraná,PR,Maringa,Vila Morangueira
Paraná,PR,Maringa,Vila Nova
Paraná,PR,Maringa,Vila Operaria
Paraná,PR,Maringa,Vila Progresso
Paraná,PR,Maringa,Vila Regina
Paraná,PR,Maringa,Vila Ruth
Paraná,PR,Maringa,Vila Santa Izabel
Paraná,PR,Maringa,Vila Santo Antonio
Paraná,PR,Maringa,Vila Vardelina
Paraná,PR,Maringa,Zona 01
Paraná,PR,Maringa,Zona 02
Paraná,PR,Maringa,Zona 03
Paraná,PR,Maringa,Zona 04
Paraná,PR,Maringa,Zona 05
Paraná,PR,Maringa,Zona 06
Paraná,PR,Maringa,Zona 07
Paraná,PR,Maringa,Zona 08
Paraná,PR,Maringa,Zona 09
Paraná,PR,Maringa,Zona 10
Paraná,PR,Maringa,Zona Central
Paraná,PR,Paranagua,Aeroporto
Paraná,PR,Paranagua,Alboitt
Paraná,PR,Paranagua,Alto Sao Sebastiao
Paraná,PR,Paranagua,Alvorada
Paraná,PR,Paranagua,Bockmann
Paraná,PR,Paranagua,Campo Grande
Paraná,PR,Paranagua,Centro Historico
Paraná,PR,Paranagua,Conjunto Nilson Neves
Paraná,PR,Paranagua,Conjunto Residencial Prefeito Cominese
Paraná,PR,Paranagua,Correia Velho
Paraná,PR,Paranagua,Costeira
Paraná,PR,Paranagua,Cruzeiro
Paraná,PR,Paranagua,Divineia
Paraná,PR,Paranagua,Dom Pedro II
Paraná,PR,Paranagua,Eldorado
Paraná,PR,Paranagua,Emboguacu
Paraná,PR,Paranagua,Estradinha
Paraná,PR,Paranagua,Industrial
Paraná,PR,Paranagua,Itibere
Paraná,PR,Paranagua,Jardim America
Paraná,PR,Paranagua,Jardim Araca
Paraná,PR,Paranagua,Jardim Guadalupe
Paraná,PR,Paranagua,Jardim Guaraituba
Paraná,PR,Paranagua,Jardim Paranagua
Paraná,PR,Paranagua,Jardim Samambaia
Paraná,PR,Paranagua,Joao Gualberto
Paraná,PR,Paranagua,Leblon
Paraná,PR,Paranagua,Oceania
Paraná,PR,Paranagua,Padre Jackson
Paraná,PR,Paranagua,Palmital
Paraná,PR,Paranagua,Parque Agari
Paraná,PR,Paranagua,Parque Sao Joao
Paraná,PR,Paranagua,Ponta do Caju
Paraná,PR,Paranagua,Porto dos Padres
Paraná,PR,Paranagua,Raia
Paraná,PR,Paranagua,Rocio
Paraná,PR,Paranagua,Santos Dumont
Paraná,PR,Paranagua,Sao Vicente
Paraná,PR,Paranagua,Serraria do Rocha
Paraná,PR,Paranagua,Tuiuti
Paraná,PR,Paranagua,Vale do Sol
Paraná,PR,Paranagua,Vila dos Comerciarios
Paraná,PR,Paranagua,Vila Garcia
Paraná,PR,Paranagua,Vila Guarani
Paraná,PR,Paranagua,Vila Paranagua
Paraná,PR,Paranagua,Vila Rute
Paraná,PR,Paranagua,Vinte e Nove de Julho
Paraná,PR,Paranavai,Centro
Paraná,PR,Paranavai,Conjunto Dona Josefa
Paraná,PR,Paranavai,Jardim Aeroporto
Paraná,PR,Paranavai,Jardim Alvorada
Paraná,PR,Paranavai,Jardim Alvorada do Sul
Paraná,PR,Paranavai,Jardim Alvorada do Sul I
Paraná,PR,Paranavai,Jardim America
Paraná,PR,Paranavai,Jardim Andre Luiz
Paraná,PR,Paranavai,Jardim Asa Branca
Paraná,PR,Paranavai,Jardim Avare
Paraná,PR,Paranavai,Jardim Belo Horizonte
Paraná,PR,Paranavai,Jardim Campo Belo
Paraná,PR,Paranavai,Jardim Campo Grande
Paraná,PR,Paranavai,Jardim Canada
Paraná,PR,Paranavai,Jardim Curitiba
Paraná,PR,Paranavai,Jardim do Sol
Paraná,PR,Paranavai,Jardim Estrela
Paraná,PR,Paranavai,Jardim Farropilha
Paraná,PR,Paranavai,Jardim Guanabara
Paraná,PR,Paranavai,Jardim Ibirapuera
Paraná,PR,Paranavai,Jardim Iguacu
Paraná,PR,Paranavai,Jardim Ipe
Paraná,PR,Paranavai,Jardim Maravilha
Paraná,PR,Paranavai,Jardim Marcela
Paraná,PR,Paranavai,Jardim Maringa
Paraná,PR,Paranavai,Jardim Moncoes
Paraná,PR,Paranavai,Jardim Nakamura
Paraná,PR,Paranavai,Jardim Nossa Senhora de Fatima
Paraná,PR,Paranavai,Jardim Novo Horizonte
Paraná,PR,Paranavai,Jardim Ouro Branco
Paraná,PR,Paranavai,Jardim Panorama
Paraná,PR,Paranavai,Jardim Paraiso
Paraná,PR,Paranavai,Jardim Paranavai
Paraná,PR,Paranavai,Jardim Paulista
Paraná,PR,Paranavai,Jardim Progresso
Paraná,PR,Paranavai,Jardim Prudente
Paraná,PR,Paranavai,Jardim Santa Cecilia
Paraná,PR,Paranavai,Jardim Santa Eugenia
Paraná,PR,Paranavai,Jardim Santos Dumont
Paraná,PR,Paranavai,Jardim Sao Cristovao
Paraná,PR,Paranavai,Jardim Sao Joao
Paraná,PR,Paranavai,Jardim Sao Jorge
Paraná,PR,Paranavai,Jardim Sao Luiz
Paraná,PR,Paranavai,Jardim Satelite
Paraná,PR,Paranavai,Jardim Simara
Paraná,PR,Paranavai,Jardim Vania
Paraná,PR,Paranavai,Jardim Vera Cruz
Paraná,PR,Paranavai,Jardim Videira
Paraná,PR,Paranavai,Parque Morumbi
Paraná,PR,Paranavai,Vila Alta
Paraná,PR,Paranavai,Vila Argus
Paraná,PR,Paranavai,Vila City
Paraná,PR,Paranavai,Vila Operaria
Paraná,PR,Paranavai,Vila Prudencio
Paraná,PR,Paranavai,Vila Sao Vicente
Paraná,PR,Paranavai,Vila Yara
Paraná,PR,Pato Branco,Aeroporto
Paraná,PR,Pato Branco,Alvorada
Paraná,PR,Pato Branco,Amadori
Paraná,PR,Pato Branco,Anchieta
Paraná,PR,Pato Branco,Baixada
Paraná,PR,Pato Branco,Bancarios
Paraná,PR,Pato Branco,Bela Vista
Paraná,PR,Pato Branco,Bonatto
Paraná,PR,Pato Branco,Bortot
Paraná,PR,Pato Branco,Brasilia
Paraná,PR,Pato Branco,Centro
Paraná,PR,Pato Branco,Chaparral
Paraná,PR,Pato Branco,Cristo Rei
Paraná,PR,Pato Branco,Fraron
Paraná,PR,Pato Branco,Fundabem
Paraná,PR,Pato Branco,Industrial
Paraná,PR,Pato Branco,Jardim America
Paraná,PR,Pato Branco,Jardim Primavera
Paraná,PR,Pato Branco,La Salle
Paraná,PR,Pato Branco,Menino Deus
Paraná,PR,Pato Branco,Morro da Cruz
Paraná,PR,Pato Branco,Novo Horizonte
Paraná,PR,Pato Branco,Pagnoncelli
Paraná,PR,Pato Branco,Parzianello
Paraná,PR,Pato Branco,Pinheirinho
Paraná,PR,Pato Branco,Pinheiros
Paraná,PR,Pato Branco,Planalto
Paraná,PR,Pato Branco,Sambugaro
Paraná,PR,Pato Branco,Santa Terezinha
Paraná,PR,Pato Branco,Santo Antonio
Paraná,PR,Pato Branco,Sao Cristovao
Paraná,PR,Pato Branco,Sao Roque
Paraná,PR,Pato Branco,Sao Vicente
Paraná,PR,Pato Branco,Sudoeste
Paraná,PR,Pato Branco,Trevo da Guarany
Paraná,PR,Pato Branco,Trevo Patinhos
Paraná,PR,Pato Branco,Vila Esperanca
Paraná,PR,Pato Branco,Vila Isabel
Paraná,PR,Pato Branco,Vila Verde
Paraná,PR,Pinhais,Capoeira Grande
Paraná,PR,Pinhais,Chacara Paulivinas
Paraná,PR,Pinhais,Chacaras Atuba
Paraná,PR,Pinhais,Conjunto Moradias Perdizes
Paraná,PR,Pinhais,Conjunto Residencial Aquila
Paraná,PR,Pinhais,Conjunto Residencial Graciosa
Paraná,PR,Pinhais,Conjunto Residencial Inocoop
Paraná,PR,Pinhais,Guilherme Weiss
Paraná,PR,Pinhais,Jardim Alto Taruma
Paraná,PR,Pinhais,Jardim Atuba I
Paraná,PR,Pinhais,Jardim Atuba II
Paraná,PR,Pinhais,Jardim Boa Esperanca
Paraná,PR,Pinhais,Jardim Boa Vista
Paraná,PR,Pinhais,Jardim Claudia
Paraná,PR,Pinhais,Jardim Dona Carmem
Paraná,PR,Pinhais,Jardim Dona Joaquina I
Paraná,PR,Pinhais,Jardim Dona Joaquina II
Paraná,PR,Pinhais,Jardim Fenix
Paraná,PR,Pinhais,Jardim Guairaca
Paraná,PR,Pinhais,Jardim Hipodromo
Paraná,PR,Pinhais,Jardim Luzitano
Paraná,PR,Pinhais,Jardim Marumby
Paraná,PR,Pinhais,Jardim Nossa Senhora do Sion
Paraná,PR,Pinhais,Jardim Parana
Paraná,PR,Pinhais,Jardim Pedro Demeterco
Paraná,PR,Pinhais,Jardim Pinhais
Paraná,PR,Pinhais,Jardim Pio XII
Paraná,PR,Pinhais,Jardim Triangulo
Paraná,PR,Pinhais,Nucleo Colonial de Pinhais
Paraná,PR,Pinhais,Planta Bairro Weisopolis
Paraná,PR,Pinhais,Planta Bernardo Luz
Paraná,PR,Pinhais,Planta Claudio Mehl
Paraná,PR,Pinhais,Planta Estancia Pinhais
Paraná,PR,Pinhais,Planta Jacob Mehl
Paraná,PR,Pinhais,Planta Karla
Paraná,PR,Pinhais,Planta Lazaro P Bayer
Paraná,PR,Pinhais,Planta Nucleo Colonial de Pinhais
Paraná,PR,Pinhais,Planta Portal da Serra
Paraná,PR,Pinhais,Planta Portland
Paraná,PR,Pinhais,Planta Ubirajara
Paraná,PR,Pinhais,Planta Walde Rosi Galvao
Paraná,PR,Pinhais,Planta Weissopolis
Paraná,PR,Pinhais,Prive Bois de Boulogne
Paraná,PR,Pinhais,Vale da Boa Esperanca
Paraná,PR,Pinhais,Vila Amelia
Paraná,PR,Pinhais,Vila Carolina
Paraná,PR,Pinhais,Vila Emiliano Perneta
Paraná,PR,Pinhais,Vila Esplanada
Paraná,PR,Pinhais,Vila Indiacui
Paraná,PR,Pinhais,Vila Irene Margarida
Paraná,PR,Pinhais,Vila Maria Antonieta
Paraná,PR,Pinhais,Vila Palmital
Paraná,PR,Pinhais,Vila Progresso
Paraná,PR,Pinhais,Vila Sao Pedro
Paraná,PR,Pinhais,Vila Taruma
Paraná,PR,Pinhais,Vila Tebas
Paraná,PR,Pinhais,Vila Varginha
Paraná,PR,Pinhais,Vl Dona Guiomar
Paraná,PR,Piraquara,Centro
Paraná,PR,Piraquara,Chacara Aguas Claras
Paraná,PR,Piraquara,Guarituba
Paraná,PR,Piraquara,Holandez
Paraná,PR,Piraquara,Jardim Bela Vista
Paraná,PR,Piraquara,Jardim Bom Jesus dos Passos
Paraná,PR,Piraquara,Jardim Diguimabri
Paraná,PR,Piraquara,Jardim dos Estados 1
Paraná,PR,Piraquara,Jardim dos Estados 2
Paraná,PR,Piraquara,Jardim dos Estados 3
Paraná,PR,Piraquara,Jardim Esmeralda
Paraná,PR,Piraquara,Jardim Primavera
Paraná,PR,Piraquara,Jardim Santa Monica
Paraná,PR,Piraquara,Jardim Tropical
Paraná,PR,Piraquara,Jardim Veneza
Paraná,PR,Piraquara,Planta Aracatuba
Paraná,PR,Piraquara,Planta Cruzeiro
Paraná,PR,Piraquara,Planta Meireles
Paraná,PR,Piraquara,Planta Meireles Souza
Paraná,PR,Piraquara,Planta O Recanto
Paraná,PR,Piraquara,Planta Sao Tiago
Paraná,PR,Piraquara,Planta York
Paraná,PR,Piraquara,Recreio da Serra
Paraná,PR,Piraquara,Vila Dalila
Paraná,PR,Piraquara,Vila Franca
Paraná,PR,Piraquara,Vila Fuck
Paraná,PR,Piraquara,Vila Ipanema
Paraná,PR,Piraquara,Vila Izabel
Paraná,PR,Piraquara,Vila Juliana
Paraná,PR,Piraquara,Vila Marumbi
Paraná,PR,Piraquara,Vila Militar I
Paraná,PR,Piraquara,Vila Rosa
Paraná,PR,Piraquara,Vila Sao Cristovao
Paraná,PR,Piraquara,Vila Sao Remo I
Paraná,PR,Piraquara,Vila Susi
Paraná,PR,Piraquara,Vila Vicente Macedo
Paraná,PR,Ponta Grossa,Boa Vista
Paraná,PR,Ponta Grossa,Cara-cara
Paraná,PR,Ponta Grossa,Centro
Paraná,PR,Ponta Grossa,Chapada
Paraná,PR,Ponta Grossa,Colonia Dona Luiza
Paraná,PR,Ponta Grossa,Contorno
Paraná,PR,Ponta Grossa,Estrela
Paraná,PR,Ponta Grossa,Jardim Carvalho
Paraná,PR,Ponta Grossa,Neves
Paraná,PR,Ponta Grossa,Nova Russia
Paraná,PR,Ponta Grossa,Oficinas
Paraná,PR,Ponta Grossa,Olarias
Paraná,PR,Ponta Grossa,Orfas
Paraná,PR,Ponta Grossa,Ronda
Paraná,PR,Ponta Grossa,Uvaranas
Paraná,PR,Sao Jose dos Pinhais,Afonso Pena
Paraná,PR,Sao Jose dos Pinhais,Aguas Belas
Paraná,PR,Sao Jose dos Pinhais,Aristocrata
Paraná,PR,Sao Jose dos Pinhais,Bom Jesus
Paraná,PR,Sao Jose dos Pinhais,Boneca do Iguacu
Paraná,PR,Sao Jose dos Pinhais,Braga
Paraná,PR,Sao Jose dos Pinhais,Campina
Paraná,PR,Sao Jose dos Pinhais,Carioca
Paraná,PR,Sao Jose dos Pinhais,Centro
Paraná,PR,Sao Jose dos Pinhais,Cidade Jardim
Paraná,PR,Sao Jose dos Pinhais,Colonia Rio Grande
Paraná,PR,Sao Jose dos Pinhais,Costeira
Paraná,PR,Sao Jose dos Pinhais,Cruzeiro
Paraná,PR,Sao Jose dos Pinhais,Dalvy
Paraná,PR,Sao Jose dos Pinhais,Guatupe
Paraná,PR,Sao Jose dos Pinhais,Ipe
Paraná,PR,Sao Jose dos Pinhais,Miringuava
Paraná,PR,Sao Jose dos Pinhais,Ouro Fino
Paraná,PR,Sao Jose dos Pinhais,Rio Pequeno
Paraná,PR,Sao Jose dos Pinhais,Roseira
Paraná,PR,Sao Jose dos Pinhais,Sao Cristovao
Paraná,PR,Sao Jose dos Pinhais,Sao Domingos
Paraná,PR,Sao Jose dos Pinhais,Sao Pedro
Paraná,PR,Sao Jose dos Pinhais,Sao Sebastiao
Paraná,PR,Sao Jose dos Pinhais,Silveira da Motta
Paraná,PR,Sao Jose dos Pinhais,Tres Marias
Paraná,PR,Sao Jose dos Pinhais,Zaniolo
Paraná,PR,Sarandi,Boa Vista
Paraná,PR,Sarandi,Centro
Paraná,PR,Sarandi,Conjunto Casa da Familia
Paraná,PR,Sarandi,Conjunto Floresta
Paraná,PR,Sarandi,Jaqueline
Paraná,PR,Sarandi,Jardim Ana Eliza
Paraná,PR,Sarandi,Jardim Belem
Paraná,PR,Sarandi,Jardim Castelo
Paraná,PR,Sarandi,Jardim Cometa
Paraná,PR,Sarandi,Jardim Cruzeiro
Paraná,PR,Sarandi,Jardim Dom Bosco
Paraná,PR,Sarandi,Jardim Escala
Paraná,PR,Sarandi,Jardim Esperanca (i Parte)
Paraná,PR,Sarandi,Jardim Esperanca (iii Parte)
Paraná,PR,Sarandi,Jardim Esperanca (iv Parte)
Paraná,PR,Sarandi,Jardim Esplanada
Paraná,PR,Sarandi,Jardim Europa
Paraná,PR,Sarandi,Jardim Gralha Azul
Paraná,PR,Sarandi,Jardim Higienopolis
Paraná,PR,Sarandi,Jardim Ibirapuera
Paraná,PR,Sarandi,Jardim Imperial
Paraná,PR,Sarandi,Jardim Independencia (i Parte)
Paraná,PR,Sarandi,Jardim Independencia (ii Parte)
Paraná,PR,Sarandi,Jardim Independencia (iii Parte)
Paraná,PR,Sarandi,Jardim Itamaraty
Paraná,PR,Sarandi,Jardim Jaqueline
Paraná,PR,Sarandi,Jardim Mercurio
Paraná,PR,Sarandi,Jardim Nova Independencia (i Parte)
Paraná,PR,Sarandi,Jardim Nova Paulista
Paraná,PR,Sarandi,Jardim Novo Mundo
Paraná,PR,Sarandi,Jardim Ouro Preto
Paraná,PR,Sarandi,Jardim Panorama
Paraná,PR,Sarandi,Jardim Parque
Paraná,PR,Sarandi,Jardim Perimetral
Paraná,PR,Sarandi,Jardim Primaverao
Paraná,PR,Sarandi,Jardim Universal
Paraná,PR,Sarandi,Jardim Verao
Paraná,PR,Sarandi,Novo Panorama
Paraná,PR,Sarandi,Parque Alvamar
Paraná,PR,Sarandi,Parque Alvamar II
Paraná,PR,Sarandi,Parque Industrial I
Paraná,PR,Sarandi,Parque Industrial II
Paraná,PR,Sarandi,Parque Pioneiros
Paraná,PR,Sarandi,Parque Sao Pedro
Paraná,PR,Sarandi,Primavera
Paraná,PR,Sarandi,Santa Tereza
Paraná,PR,Sarandi,Triangulo
Paraná,PR,Telemaco Borba,Alto das Oliveiras
Paraná,PR,Telemaco Borba,Area 01
Paraná,PR,Telemaco Borba,Area 02
Paraná,PR,Telemaco Borba,Area 03
Paraná,PR,Telemaco Borba,Area 04
Paraná,PR,Telemaco Borba,Area 06
Paraná,PR,Telemaco Borba,Area 07
Paraná,PR,Telemaco Borba,Area 08
Paraná,PR,Telemaco Borba,Area 10
Paraná,PR,Telemaco Borba,Bela Vista do Paraiso
Paraná,PR,Telemaco Borba,Centro
Paraná,PR,Telemaco Borba,Fazenda Limeira
Paraná,PR,Telemaco Borba,Jardim Adriane
Paraná,PR,Telemaco Borba,Jardim Alegre
Paraná,PR,Telemaco Borba,Jardim Bom Jesus
Paraná,PR,Telemaco Borba,Jardim Bonavila
Paraná,PR,Telemaco Borba,Jardim Brasilia
Paraná,PR,Telemaco Borba,Jardim Margarida
Paraná,PR,Telemaco Borba,Jardim Sao Silvestre
Paraná,PR,Telemaco Borba,Jardim Uniao
Paraná,PR,Telemaco Borba,Macopa
Paraná,PR,Telemaco Borba,Nossa Senhora de Fatima
Paraná,PR,Telemaco Borba,Nossa Senhora do Perpetuo Socorro
Paraná,PR,Telemaco Borba,Nucleo Bandeirantes
Paraná,PR,Telemaco Borba,Socomim
Paraná,PR,Telemaco Borba,Vila Ana Mari
Paraná,PR,Telemaco Borba,Vila Arcina
Paraná,PR,Telemaco Borba,Vila Cristina
Paraná,PR,Telemaco Borba,Vila Esperanca
Paraná,PR,Telemaco Borba,Vila Gomes
Paraná,PR,Telemaco Borba,Vila Monte Belo
Paraná,PR,Telemaco Borba,Vila Ozorio
Paraná,PR,Telemaco Borba,Vila Rosa
Paraná,PR,Telemaco Borba,Vila Santa Rita
Paraná,PR,Telemaco Borba,Vila Sao Francisco de Assis
Paraná,PR,Telemaco Borba,Vila Sao Jose
Paraná,PR,Telemaco Borba,Vila Sao Vicente de Paula
Paraná,PR,Telemaco Borba,Vila Siqueira
Paraná,PR,Toledo,Boa Esperanca
Paraná,PR,Toledo,Centro
Paraná,PR,Toledo,Centro Industrial Meinolfo H Heiss
Paraná,PR,Toledo,Cesar Park
Paraná,PR,Toledo,Conjunto Barao do Rio Brbanco II
Paraná,PR,Toledo,Conjunto Cohapar
Paraná,PR,Toledo,Conjunto Habitacional Britania
Paraná,PR,Toledo,Conjunto Habitacional Sao Francisco
Paraná,PR,Toledo,Conjunto Residencial Parizzotto
Paraná,PR,Toledo,Conjunto Residencial Rossani
Paraná,PR,Toledo,Conjunto Residencial Tocantins
Paraná,PR,Toledo,Coopagro
Paraná,PR,Toledo,Fogotti
Paraná,PR,Toledo,Independencia
Paraná,PR,Toledo,Jardim Alta Floresta
Paraná,PR,Toledo,Jardim Alto Alegre
Paraná,PR,Toledo,Jardim America
Paraná,PR,Toledo,Jardim Anapolis
Paraná,PR,Toledo,Jardim Arinela Grahl
Paraná,PR,Toledo,Jardim Bandeirantes
Paraná,PR,Toledo,Jardim Bela Vista
Paraná,PR,Toledo,Jardim Bressan
Paraná,PR,Toledo,Jardim Canaa
Paraná,PR,Toledo,Jardim Carelli
Paraná,PR,Toledo,Jardim Cassandra
Paraná,PR,Toledo,Jardim Concordia
Paraná,PR,Toledo,Jardim Europa
Paraná,PR,Toledo,Jardim Filadelpia
Paraná,PR,Toledo,Jardim La Salle
Paraná,PR,Toledo,Jardim Laranjeiras
Paraná,PR,Toledo,Jardim Maria do Carmo
Paraná,PR,Toledo,Jardim Maschio
Paraná,PR,Toledo,Jardim Modelo
Paraná,PR,Toledo,Jardim Panambi
Paraná,PR,Toledo,Jardim Parana
Paraná,PR,Toledo,Jardim Parigot
Paraná,PR,Toledo,Jardim Parque Verde
Paraná,PR,Toledo,Jardim Pasqualli
Paraná,PR,Toledo,Jardim Paulista
Paraná,PR,Toledo,Jardim Piccinin
Paraná,PR,Toledo,Jardim Planalto
Paraná,PR,Toledo,Jardim Porto Alegre
Paraná,PR,Toledo,Jardim Recanto
Paraná,PR,Toledo,Jardim Santa Maria
Paraná,PR,Toledo,Jardim Social
Paraná,PR,Toledo,Jardim Taioba
Paraná,PR,Toledo,Maracana
Paraná,PR,Toledo,Monaco
Paraná,PR,Toledo,Pacaembu
Paraná,PR,Toledo,Panorama
Paraná,PR,Toledo,Parque Residencial Gisela
Paraná,PR,Toledo,Parque Residencial Pancera
Paraná,PR,Toledo,Passarini IV
Paraná,PR,Toledo,Residencial Santa Clara
Paraná,PR,Toledo,Sachini
Paraná,PR,Toledo,Vila Becker
Paraná,PR,Toledo,Vila Bom Jesus
Paraná,PR,Toledo,Vila Brasil
Paraná,PR,Toledo,Vila Industrial
Paraná,PR,Toledo,Walter Fontana
Paraná,PR,Umuarama,Conjunto Residencial Corrego Longe
Paraná,PR,Umuarama,Conjunto Residencial Guarani I
Paraná,PR,Umuarama,Conjunto Residencial Guarani III
Paraná,PR,Umuarama,Conjunto Residencial Independencia
Paraná,PR,Umuarama,Conjunto Residencial Ouro Branco
Paraná,PR,Umuarama,Conjunto Residencial Ouro Preto
Paraná,PR,Umuarama,Conjunto Residencial Patrimonio Umuarama
Paraná,PR,Umuarama,Conjunto Residencial Vinte e Oito de Outubro
Paraná,PR,Umuarama,Conjunto Residencial Vinte e Seis de Junho
Paraná,PR,Umuarama,Jardim Alto da Boa Vista
Paraná,PR,Umuarama,Jardim Alvorada
Paraná,PR,Umuarama,Jardim America
Paraná,PR,Umuarama,Jardim Aratimbo
Paraná,PR,Umuarama,Jardim Beira Rio
Paraná,PR,Umuarama,Jardim Belvedere
Paraná,PR,Umuarama,Jardim Birigui
Paraná,PR,Umuarama,Jardim Campo Belo
Paraná,PR,Umuarama,Jardim Canada
Paraná,PR,Umuarama,Jardim Canada II
Paraná,PR,Umuarama,Jardim Carolina
Paraná,PR,Umuarama,Jardim Cidade Alta
Paraná,PR,Umuarama,Jardim Colibri
Paraná,PR,Umuarama,Jardim Cruzeiro
Paraná,PR,Umuarama,Jardim dos Principes
Paraná,PR,Umuarama,Jardim Europa
Paraná,PR,Umuarama,Jardim Iguacu
Paraná,PR,Umuarama,Jardim Indaia
Paraná,PR,Umuarama,Jardim Ipanema
Paraná,PR,Umuarama,Jardim Kennedy
Paraná,PR,Umuarama,Jardim Los Angeles
Paraná,PR,Umuarama,Jardim Maria Lucia
Paraná,PR,Umuarama,Jardim Monte Carlo
Paraná,PR,Umuarama,Jardim Paineiras
Paraná,PR,Umuarama,Jardim Panorama
Paraná,PR,Umuarama,Jardim Paraiso
Paraná,PR,Umuarama,Jardim Petropolis
Paraná,PR,Umuarama,Jardim Primavera
Paraná,PR,Umuarama,Jardim Residencial Porto Belo
Paraná,PR,Umuarama,Jardim San Fernando
Paraná,PR,Umuarama,Jardim San Martim
Paraná,PR,Umuarama,Jardim San Rafael
Paraná,PR,Umuarama,Jardim Sao Cristovao
Paraná,PR,Umuarama,Jardim Sao Marcos
Paraná,PR,Umuarama,Jardim Shangrila
Paraná,PR,Umuarama,Jardim Social
Paraná,PR,Umuarama,Jardim Sol Nascente
Paraná,PR,Umuarama,Jardim Tamoio
Paraná,PR,Umuarama,Jardim Tangara
Paraná,PR,Umuarama,Jardim Tropical
Paraná,PR,Umuarama,Jardim Uniao
Paraná,PR,Umuarama,Jardim Universitario
Paraná,PR,Umuarama,Jardim Vitoria
Paraná,PR,Umuarama,Mutirao Jardim Alvorada
Paraná,PR,Umuarama,Nucleo Cruzeiro
Paraná,PR,Umuarama,Parque 1 de Maio
Paraná,PR,Umuarama,Parque Bonfim
Paraná,PR,Umuarama,Parque Cidade Jardim
Paraná,PR,Umuarama,Parque Danielle
Paraná,PR,Umuarama,Parque das Jaboticabeiras
Paraná,PR,Umuarama,Parque das Laranjeiras
Paraná,PR,Umuarama,Parque Dom Bosco
Paraná,PR,Umuarama,Parque Dom Pedro I
Paraná,PR,Umuarama,Parque Dom Pedro II
Paraná,PR,Umuarama,Parque Industrial
Paraná,PR,Umuarama,Parque Industrial Comercial Novo Horizonte
Paraná,PR,Umuarama,Parque Industrial I
Paraná,PR,Umuarama,Parque Industrial II
Paraná,PR,Umuarama,Parque Presidente
Paraná,PR,Umuarama,Parque San Caetano
Paraná,PR,Umuarama,Parque San Marino
Paraná,PR,Umuarama,Parque San Remo I
Paraná,PR,Umuarama,Parque San Remo III
Paraná,PR,Umuarama,Parque Taruma
Paraná,PR,Umuarama,Zona I
Paraná,PR,Umuarama,Zona I-a
Paraná,PR,Umuarama,Zona II
Paraná,PR,Umuarama,Zona III
Paraná,PR,Umuarama,Zona IV
Paraná,PR,Umuarama,Zona V
Paraná,PR,Umuarama,Zona VI
Paraná,PR,Umuarama,Zona VII
Paraíba,PB,Bayeux,Aeroporto
Paraíba,PB,Bayeux,Alto da Boa Vista
Paraíba,PB,Bayeux,Baralho
Paraíba,PB,Bayeux,Brasilia
Paraíba,PB,Bayeux,Centro
Paraíba,PB,Bayeux,Imaculada
Paraíba,PB,Bayeux,Jardim Sao Severino
Paraíba,PB,Bayeux,Manguinhos
Paraíba,PB,Bayeux,Mutirao
Paraíba,PB,Bayeux,Rio do Meio
Paraíba,PB,Bayeux,Sao Bento
Paraíba,PB,Bayeux,Sesi
Paraíba,PB,Bayeux,Tambay
Paraíba,PB,Campina Grande,Bodocongo
Paraíba,PB,Campina Grande,Catole
Paraíba,PB,Campina Grande,Centro
Paraíba,PB,Campina Grande,Cidades
Paraíba,PB,Campina Grande,Cruzeiro
Paraíba,PB,Campina Grande,Jardim Paulistano
Paraíba,PB,Campina Grande,Jardim Quarenta
Paraíba,PB,Campina Grande,Jeremias
Paraíba,PB,Campina Grande,Jose Pinheiro
Paraíba,PB,Campina Grande,Liberdade
Paraíba,PB,Campina Grande,Mirante
Paraíba,PB,Campina Grande,Monte Castelo
Paraíba,PB,Campina Grande,Nacoes
Paraíba,PB,Campina Grande,Nova Brasilia
Paraíba,PB,Campina Grande,Santa Rosa
Paraíba,PB,Campina Grande,Sao Jose
Paraíba,PB,Campina Grande,Tambor
Paraíba,PB,Campina Grande,Vila Cabral
Paraíba,PB,Joao Pessoa,Alto Cabo Branco
Paraíba,PB,Joao Pessoa,Alto do Mateus
Paraíba,PB,Joao Pessoa,Bessa
Paraíba,PB,Joao Pessoa,Brisamar
Paraíba,PB,Joao Pessoa,Cabo Branco
Paraíba,PB,Joao Pessoa,Castelo Branco
Paraíba,PB,Joao Pessoa,Centro
Paraíba,PB,Joao Pessoa,Cidade dos Funcionarios
Paraíba,PB,Joao Pessoa,Cordao Encarnado
Paraíba,PB,Joao Pessoa,Costa e Silva
Paraíba,PB,Joao Pessoa,Cristo Redentor
Paraíba,PB,Joao Pessoa,Cruz das Armas
Paraíba,PB,Joao Pessoa,Distrito Industrial
Paraíba,PB,Joao Pessoa,Ernani Satiro
Paraíba,PB,Joao Pessoa,Ernesto Geisel
Paraíba,PB,Joao Pessoa,Estados
Paraíba,PB,Joao Pessoa,Expedicionarios
Paraíba,PB,Joao Pessoa,Funcionarios II
Paraíba,PB,Joao Pessoa,Ilha do Bispo
Paraíba,PB,Joao Pessoa,Industrias
Paraíba,PB,Joao Pessoa,Ipes
Paraíba,PB,Joao Pessoa,Jaguaribe
Paraíba,PB,Joao Pessoa,Jardim Cidade Universitaria
Paraíba,PB,Joao Pessoa,Jardim Planalto
Paraíba,PB,Joao Pessoa,Jardim Veneza
Paraíba,PB,Joao Pessoa,Jose Americo de Almeida
Paraíba,PB,Joao Pessoa,Manaira
Paraíba,PB,Joao Pessoa,Mandacaru
Paraíba,PB,Joao Pessoa,Mangabeira
Paraíba,PB,Joao Pessoa,Mares
Paraíba,PB,Joao Pessoa,Miramar
Paraíba,PB,Joao Pessoa,Novais
Paraíba,PB,Joao Pessoa,Rangel
Paraíba,PB,Joao Pessoa,Roger
Paraíba,PB,Joao Pessoa,Seixas
Paraíba,PB,Joao Pessoa,Tambau
Paraíba,PB,Joao Pessoa,Tambauzinho
Paraíba,PB,Joao Pessoa,Tambia
Paraíba,PB,Joao Pessoa,Torre
Paraíba,PB,Joao Pessoa,Treze de Maio
Paraíba,PB,Joao Pessoa,Valentina Figueiredo
Paraíba,PB,Joao Pessoa,Varadouro
Paraíba,PB,Patos,Belo Horizonte
Paraíba,PB,Patos,Brasilia
Paraíba,PB,Patos,Centro
Paraíba,PB,Patos,Conjunto Bivar Olinto
Paraíba,PB,Patos,Conjunto Noe Trajano
Paraíba,PB,Patos,Jardim Bela Vista
Paraíba,PB,Patos,Jardim California
Paraíba,PB,Patos,Jardim Europa
Paraíba,PB,Patos,Jardim Guanabara
Paraíba,PB,Patos,Jardim Lacerda
Paraíba,PB,Patos,Jardim Magnolia
Paraíba,PB,Patos,Jardim Queiroz
Paraíba,PB,Patos,Jardim Redencao
Paraíba,PB,Patos,Jatoba
Paraíba,PB,Patos,Jua Doce
Paraíba,PB,Patos,Liberdade
Paraíba,PB,Patos,Maternidade
Paraíba,PB,Patos,Monte Castelo
Paraíba,PB,Patos,Morro
Paraíba,PB,Patos,Salgadinho
Paraíba,PB,Patos,Santa Cecilia
Paraíba,PB,Patos,Santo Antonio
Paraíba,PB,Patos,Sao Sebastiao
Paraíba,PB,Patos,Vila Cavalcante
Paraíba,PB,Patos,Vitoria
Paraíba,PB,Santa Rita,Centro
Paraíba,PB,Santa Rita,Liberdade
Paraíba,PB,Santa Rita,Municipios
Paraíba,PB,Santa Rita,Popular
Paraíba,PB,Santa Rita,Vila Tibiri
Paraíba,PB,Sousa,Alto Capanema
Paraíba,PB,Sousa,Alto do Cruzeiro
Paraíba,PB,Sousa,Andre Gadelha
Paraíba,PB,Sousa,Angelim
Paraíba,PB,Sousa,Areia
Paraíba,PB,Sousa,Bela Vista
Paraíba,PB,Sousa,Centro
Paraíba,PB,Sousa,Estacao
Paraíba,PB,Sousa,Estreito
Paraíba,PB,Sousa,Gato Preto
Paraíba,PB,Sousa,Guanabara
Paraíba,PB,Sousa,Jardim Brasilia
Paraíba,PB,Sousa,Jardim Dezire
Paraíba,PB,Sousa,Jardim Iracema
Paraíba,PB,Sousa,Jardim Santana
Paraíba,PB,Sousa,Jardim Sorrilandia
Paraíba,PB,Sousa,Maria de Lourdes Sarmento Meira
Paraíba,PB,Sousa,Mutirao
Paraíba,PB,Sousa,Recreio
Paraíba,PB,Sousa,Sao Jose
Paraíba,PB,Sousa,Varzea da Cruz
Pará,PA,Altamira,Aparecida
Pará,PA,Altamira,Boa Esperanca
Pará,PA,Altamira,Brasilia
Pará,PA,Altamira,Catedral
Pará,PA,Altamira,Centro
Pará,PA,Altamira,Independente
Pará,PA,Altamira,Independente I
Pará,PA,Altamira,Independente II
Pará,PA,Altamira,Jardim dos Estados
Pará,PA,Altamira,Jardim Primavera
Pará,PA,Altamira,Liberdade
Pará,PA,Altamira,Mutirao
Pará,PA,Altamira,Perpetuo Socorro
Pará,PA,Altamira,Premem
Pará,PA,Altamira,Recreio
Pará,PA,Altamira,Sao Sebastiao
Pará,PA,Altamira,Sudam I
Pará,PA,Altamira,Sudam II
Pará,PA,Altamira,Uirapuru
Pará,PA,Ananindeua,Aguas Brancas
Pará,PA,Ananindeua,Aguas Lindas
Pará,PA,Ananindeua,Atalaia
Pará,PA,Ananindeua,Centro
Pará,PA,Ananindeua,Coqueiro
Pará,PA,Ananindeua,Distrito Industrial
Pará,PA,Ananindeua,Guanabara
Pará,PA,Ananindeua,Levilandia
Pará,PA,Ananindeua,Marituba
Pará,PA,Ananindeua,Pato Macho
Pará,PA,Ananindeua,Quarenta Horas (coqueiro)
Pará,PA,Belem,Batista Campos
Pará,PA,Belem,Bengui
Pará,PA,Belem,Campina
Pará,PA,Belem,Canudos
Pará,PA,Belem,Cidade Velha
Pará,PA,Belem,Condor
Pará,PA,Belem,Cremacao
Pará,PA,Belem,Fatima
Pará,PA,Belem,Guama
Pará,PA,Belem,Icoraci
Pará,PA,Belem,Jurunas
Pará,PA,Belem,Marambaia
Pará,PA,Belem,Marco
Pará,PA,Belem,Montese
Pará,PA,Belem,Mosqueiro
Pará,PA,Belem,Nazare
Pará,PA,Belem,Nova Marambaia
Pará,PA,Belem,Pedreira
Pará,PA,Belem,Reduto
Pará,PA,Belem,Sacramenta
Pará,PA,Belem,Sao Braz
Pará,PA,Belem,Souza
Pará,PA,Belem,Telegrafo Sem Fio
Pará,PA,Belem,Umarizal
Pará,PA,Belem,Val-de-caes
Pará,PA,Capanema,Areia Branca
Pará,PA,Capanema,Caixa D'agua
Pará,PA,Capanema,Campinho
Pará,PA,Capanema,Centro
Pará,PA,Capanema,Dom Joao VI
Pará,PA,Capanema,Fatima
Pará,PA,Capanema,Garrafao
Pará,PA,Capanema,Igrejinha
Pará,PA,Capanema,Inussun
Pará,PA,Capanema,Motocros
Pará,PA,Capanema,Nazare
Pará,PA,Capanema,Oliveira Brito
Pará,PA,Capanema,Pedreira
Pará,PA,Capanema,Primeira
Pará,PA,Capanema,Samambaia
Pará,PA,Capanema,Santa Cruz
Pará,PA,Capanema,Sao Jose
Pará,PA,Capanema,Sao Pio X
Pará,PA,Capanema,Tancredo Neves
Pará,PA,Capanema,Tres de Maio
Pará,PA,Castanhal,Apeu
Pará,PA,Castanhal,Betania
Pará,PA,Castanhal,Caicara
Pará,PA,Castanhal,Centro
Pará,PA,Castanhal,Cristo Redentor
Pará,PA,Castanhal,Estrela
Pará,PA,Castanhal,Ianetama
Pará,PA,Castanhal,Imperador
Pará,PA,Castanhal,Jaderlandia
Pará,PA,Castanhal,Nova Olinda
Pará,PA,Castanhal,Pirapora
Pará,PA,Castanhal,Salgadinho
Pará,PA,Castanhal,Santa Lidia
Pará,PA,Castanhal,Sao Jose
Pará,PA,Castanhal,Saudade I
Pará,PA,Castanhal,Saudade II
Pará,PA,Castanhal,Titanlandia
Pará,PA,Itaituba,Aeroporto Velho
Pará,PA,Itaituba,Bela Vista
Pará,PA,Itaituba,Bom Jardim
Pará,PA,Itaituba,Comercio
Pará,PA,Itaituba,Floresta
Pará,PA,Itaituba,Jardim das Araras
Pará,PA,Itaituba,Liberdade
Pará,PA,Itaituba,Mesquitas
Pará,PA,Itaituba,Piracana
Pará,PA,Maraba,Amapa
Pará,PA,Maraba,Belo Horizonte
Pará,PA,Maraba,Bom Planalto
Pará,PA,Maraba,Cidade Nova
Pará,PA,Maraba,Independencia
Pará,PA,Maraba,Jardim Vitoria
Pará,PA,Maraba,Laranjeira
Pará,PA,Maraba,Liberdade
Pará,PA,Maraba,Nova Maraba
Pará,PA,Maraba,Novo Horizonte
Pará,PA,Maraba,Sao Joao
Pará,PA,Maraba,Vale do Aeroporto
Pará,PA,Maraba,Velha Maraba
Pará,PA,Paragominas,Bela Vista
Pará,PA,Paragominas,Centro
Pará,PA,Paragominas,Guanabara
Pará,PA,Paragominas,Jardim Atlantico
Pará,PA,Paragominas,Modulo II
Pará,PA,Paragominas,Nossa Senhora da Conceicao
Pará,PA,Paragominas,Promissao I
Pará,PA,Paragominas,Promissao II
Pará,PA,Paragominas,Setor Industrial
Pará,PA,Paragominas,Trecho Seco
Pará,PA,Paragominas,Uraim
Pará,PA,Redencao,Ademar Guimaraes
Pará,PA,Redencao,Alto Parana
Pará,PA,Redencao,Aripuana
Pará,PA,Redencao,Capuava
Pará,PA,Redencao,Jardim Cumaru
Pará,PA,Redencao,Jardim Lucena
Pará,PA,Redencao,Jardim Umuarama
Pará,PA,Redencao,Morada da Paz
Pará,PA,Redencao,Novo Horizonte
Pará,PA,Redencao,Nucleo Urbano
Pará,PA,Redencao,Planalto
Pará,PA,Redencao,Santos Dumont
Pará,PA,Redencao,Setor Oeste
Pará,PA,Redencao,Vila Paulista
Pará,PA,Santarem,Aeroporto Velho
Pará,PA,Santarem,Aldeia
Pará,PA,Santarem,Amparo
Pará,PA,Santarem,Aparecida
Pará,PA,Santarem,Caranazal
Pará,PA,Santarem,Centro
Pará,PA,Santarem,Conquista
Pará,PA,Santarem,Diamantino
Pará,PA,Santarem,Elcione Barbalho
Pará,PA,Santarem,Esperanca
Pará,PA,Santarem,Fatima
Pará,PA,Santarem,Floresta
Pará,PA,Santarem,Interventoria
Pará,PA,Santarem,Jutai
Pará,PA,Santarem,Liberdade
Pará,PA,Santarem,Maica
Pará,PA,Santarem,Maracana
Pará,PA,Santarem,Matinha
Pará,PA,Santarem,Nova Republica
Pará,PA,Santarem,Prainha
Pará,PA,Santarem,Rodagem
Pará,PA,Santarem,Sale
Pará,PA,Santarem,Santa Clara
Pará,PA,Santarem,Santana
Pará,PA,Santarem,Santarenzinho
Pará,PA,Santarem,Santissimo
Pará,PA,Santarem,Uruara
Pará,PA,Santarem,Urumari
Pará,PA,Tucurui,Bela Vista
Pará,PA,Tucurui,Belem
Pará,PA,Tucurui,Caripe
Pará,PA,Tucurui,Cohab
Pará,PA,Tucurui,Colorado
Pará,PA,Tucurui,Esperanca
Pará,PA,Tucurui,Goes Calmont
Pará,PA,Tucurui,Jaqueira
Pará,PA,Tucurui,Jardim Alvorada
Pará,PA,Tucurui,Jardim das Flores
Pará,PA,Tucurui,Jardim Marilucy
Pará,PA,Tucurui,Jardim Paraiso
Pará,PA,Tucurui,Jardim Sao Francisco das Chagas
Pará,PA,Tucurui,Mangal
Pará,PA,Tucurui,Matinha
Pará,PA,Tucurui,Nova Tucurui
Pará,PA,Tucurui,Nucleo Basico Leste
Pará,PA,Tucurui,Santa Isabel
Pará,PA,Tucurui,Santa Monica
Pará,PA,Tucurui,Sao Jose
Pará,PA,Tucurui,Setor Novo Oeste
Pará,PA,Tucurui,Setor Oeste
Pará,PA,Tucurui,Terra Prometida
Pará,PA,Tucurui,Vila Pioneira
Pará,PA,Xinguara,Centro
Pará,PA,Xinguara,Itamarati
Pará,PA,Xinguara,Marajoara
Pará,PA,Xinguara,Selectas
Pará,PA,Xinguara,Tanaka
Pernambuco,PE,Abreu e Lima,Alto da Bela Vista
Pernambuco,PE,Abreu e Lima,Alto Sao Miguel
Pernambuco,PE,Abreu e Lima,Caetes I
Pernambuco,PE,Abreu e Lima,Caetes II
Pernambuco,PE,Abreu e Lima,Caetes III
Pernambuco,PE,Abreu e Lima,Caetes Velho
Pernambuco,PE,Abreu e Lima,Centro
Pernambuco,PE,Abreu e Lima,Desterro
Pernambuco,PE,Abreu e Lima,Distrito Industrial
Pernambuco,PE,Abreu e Lima,Fosfato
Pernambuco,PE,Abreu e Lima,Matinha
Pernambuco,PE,Abreu e Lima,Planalto
Pernambuco,PE,Abreu e Lima,Timbo
Pernambuco,PE,Arcoverde,Boa Vista
Pernambuco,PE,Arcoverde,Centro
Pernambuco,PE,Arcoverde,Coronel Siqueira Campos
Pernambuco,PE,Arcoverde,Por do Sol
Pernambuco,PE,Arcoverde,Santa Luzia
Pernambuco,PE,Arcoverde,Santos Dumont
Pernambuco,PE,Arcoverde,Sao Cristovao
Pernambuco,PE,Arcoverde,Sao Geraldo
Pernambuco,PE,Arcoverde,Sao Miguel
Pernambuco,PE,Arcoverde,Tamboril
Pernambuco,PE,Cabo,Centro
Pernambuco,PE,Cabo,Charneca
Pernambuco,PE,Cabo,Charnequinha
Pernambuco,PE,Cabo,Cohab
Pernambuco,PE,Cabo,Nossa Senhora do Rosario
Pernambuco,PE,Cabo,Pirapama
Pernambuco,PE,Cabo,Santa Monica
Pernambuco,PE,Cabo,Santo Inacio
Pernambuco,PE,Cabo,Sao Francisco
Pernambuco,PE,Cabo,Torrinha
Pernambuco,PE,Cabo,Vila Social Contra Mucambo
Pernambuco,PE,Camaragibe,Alberto Maia
Pernambuco,PE,Camaragibe,Aldeia
Pernambuco,PE,Camaragibe,Centro
Pernambuco,PE,Camaragibe,Jardim Primavera
Pernambuco,PE,Camaragibe,Tabatinga
Pernambuco,PE,Camaragibe,Timbi
Pernambuco,PE,Camaragibe,Vila da Fabrica
Pernambuco,PE,Carpina,Bairro Novo
Pernambuco,PE,Carpina,Caja
Pernambuco,PE,Carpina,Cohab I
Pernambuco,PE,Carpina,Florestinha
Pernambuco,PE,Carpina,Santo Antonio
Pernambuco,PE,Carpina,Sao Jose
Pernambuco,PE,Carpina,Senzala
Pernambuco,PE,Carpina,Vila Ipsep
Pernambuco,PE,Caruaru,Cedro
Pernambuco,PE,Caruaru,Centenario
Pernambuco,PE,Caruaru,Centro
Pernambuco,PE,Caruaru,Cohab III
Pernambuco,PE,Caruaru,Divinopolis
Pernambuco,PE,Caruaru,Indianopolis
Pernambuco,PE,Caruaru,Joao Mota
Pernambuco,PE,Caruaru,Mauricio de Nassau
Pernambuco,PE,Caruaru,Morro do Bom Jesus
Pernambuco,PE,Caruaru,Nova Caruaru
Pernambuco,PE,Caruaru,Riachao
Pernambuco,PE,Caruaru,Salgado
Pernambuco,PE,Caruaru,Sao Francisco
Pernambuco,PE,Caruaru,Universitario
Pernambuco,PE,Garanhuns,Aloisio Pinto
Pernambuco,PE,Garanhuns,Boa Vista
Pernambuco,PE,Garanhuns,Heliopolis
Pernambuco,PE,Garanhuns,Magano
Pernambuco,PE,Garanhuns,Santo Antonio
Pernambuco,PE,Garanhuns,Sao Jose
Pernambuco,PE,Gravata,Bairro Novo
Pernambuco,PE,Gravata,Boa Vista
Pernambuco,PE,Gravata,Centro
Pernambuco,PE,Gravata,Cruzeiro
Pernambuco,PE,Gravata,Jardim Santana
Pernambuco,PE,Gravata,Norte
Pernambuco,PE,Gravata,Novo Gravata
Pernambuco,PE,Gravata,Prado
Pernambuco,PE,Gravata,Quinze de Novembro
Pernambuco,PE,Gravata,Santo Antonio
Pernambuco,PE,Gravata,Vale do Ipojuca
Pernambuco,PE,Igarassu,Arassoiaba
Pernambuco,PE,Igarassu,Centro
Pernambuco,PE,Igarassu,Cruz de Reboucas
Pernambuco,PE,Jaboatao dos Guararapes,Alto da Colina
Pernambuco,PE,Jaboatao dos Guararapes,Barra de Jangada
Pernambuco,PE,Jaboatao dos Guararapes,Bulhoes
Pernambuco,PE,Jaboatao dos Guararapes,Cajueiro Seco
Pernambuco,PE,Jaboatao dos Guararapes,Candeias
Pernambuco,PE,Jaboatao dos Guararapes,Cascata
Pernambuco,PE,Jaboatao dos Guararapes,Cavaleiro
Pernambuco,PE,Jaboatao dos Guararapes,Centro
Pernambuco,PE,Jaboatao dos Guararapes,Comporta
Pernambuco,PE,Jaboatao dos Guararapes,Cristo Redentor
Pernambuco,PE,Jaboatao dos Guararapes,Curado I
Pernambuco,PE,Jaboatao dos Guararapes,Curado II
Pernambuco,PE,Jaboatao dos Guararapes,Curado III
Pernambuco,PE,Jaboatao dos Guararapes,Dois Carneiros
Pernambuco,PE,Jaboatao dos Guararapes,Engenho Velho
Pernambuco,PE,Jaboatao dos Guararapes,Guararapes
Pernambuco,PE,Jaboatao dos Guararapes,Jangadinha
Pernambuco,PE,Jaboatao dos Guararapes,Jardim Jordao
Pernambuco,PE,Jaboatao dos Guararapes,Loteamento 92
Pernambuco,PE,Jaboatao dos Guararapes,Muribeca dos Guararapes
Pernambuco,PE,Jaboatao dos Guararapes,Padre Roma
Pernambuco,PE,Jaboatao dos Guararapes,Piedade
Pernambuco,PE,Jaboatao dos Guararapes,Prazeres
Pernambuco,PE,Jaboatao dos Guararapes,Santo Aleixo
Pernambuco,PE,Jaboatao dos Guararapes,Socorro
Pernambuco,PE,Jaboatao dos Guararapes,Sucupira
Pernambuco,PE,Jaboatao dos Guararapes,Tres Carneiros
Pernambuco,PE,Jaboatao dos Guararapes,Ur-11
Pernambuco,PE,Jaboatao dos Guararapes,Vila Rica
Pernambuco,PE,Jaboatao dos Guararapes,Vista Alegre
Pernambuco,PE,Jaboatao dos Guararapes,Zumbi do Pacheco
Pernambuco,PE,Olinda,7a/ro
Pernambuco,PE,Olinda,Aguas Compridas
Pernambuco,PE,Olinda,Alto da Mina
Pernambuco,PE,Olinda,Alto da Nacao
Pernambuco,PE,Olinda,Alto Jardim Conquista
Pernambuco,PE,Olinda,Alto Nova Olinda
Pernambuco,PE,Olinda,Alto Sol Nascente
Pernambuco,PE,Olinda,Amaro Branco
Pernambuco,PE,Olinda,Bairro Novo
Pernambuco,PE,Olinda,Bonsucesso
Pernambuco,PE,Olinda,Bultrins
Pernambuco,PE,Olinda,Caixa D'agua
Pernambuco,PE,Olinda,Carmo
Pernambuco,PE,Olinda,Casa Caiada
Pernambuco,PE,Olinda,Cidade Tabajara
Pernambuco,PE,Olinda,Corrego do Abacaxi
Pernambuco,PE,Olinda,Fragoso
Pernambuco,PE,Olinda,Guadalupe
Pernambuco,PE,Olinda,Jardim Atlantico
Pernambuco,PE,Olinda,Jardim Brasil
Pernambuco,PE,Olinda,Jatoba
Pernambuco,PE,Olinda,Monte
Pernambuco,PE,Olinda,Ouro Preto
Pernambuco,PE,Olinda,Passarinho
Pernambuco,PE,Olinda,Peixinhos
Pernambuco,PE,Olinda,Rio Doce
Pernambuco,PE,Olinda,Salgadinho
Pernambuco,PE,Olinda,Santa Tereza
Pernambuco,PE,Olinda,Sao Benedito
Pernambuco,PE,Olinda,Sapucaia
Pernambuco,PE,Olinda,Sitio Novo
Pernambuco,PE,Olinda,Umuarama
Pernambuco,PE,Olinda,Varadouro
Pernambuco,PE,Olinda,Vila Popular
Pernambuco,PE,Paulista,Aurora
Pernambuco,PE,Paulista,Centro
Pernambuco,PE,Paulista,Engenho Maranguape
Pernambuco,PE,Paulista,Janga
Pernambuco,PE,Paulista,Maranguape II
Pernambuco,PE,Paulista,Maria Farinha
Pernambuco,PE,Paulista,Mirueira
Pernambuco,PE,Paulista,Nobre
Pernambuco,PE,Paulista,Nossa Senhora da Conceicao
Pernambuco,PE,Paulista,Nossa Senhora do O
Pernambuco,PE,Paulista,Pau Amarelo
Pernambuco,PE,Paulista,Vila Torres Galvao
Pernambuco,PE,Petrolina,Alto Cheiroso
Pernambuco,PE,Petrolina,Areia Branca
Pernambuco,PE,Petrolina,Atraz da Banca
Pernambuco,PE,Petrolina,Caminho do Sol
Pernambuco,PE,Petrolina,Centro
Pernambuco,PE,Petrolina,Cohab Massangano
Pernambuco,PE,Petrolina,Distrito Industrial
Pernambuco,PE,Petrolina,Gercino Coelho
Pernambuco,PE,Petrolina,Jardim Amazonas
Pernambuco,PE,Petrolina,Jardim Maravilha
Pernambuco,PE,Petrolina,Jardim Sao Paulo
Pernambuco,PE,Petrolina,Joao de Deus
Pernambuco,PE,Petrolina,Jose e Maria
Pernambuco,PE,Petrolina,Km-2
Pernambuco,PE,Petrolina,Loteamento Recife
Pernambuco,PE,Petrolina,Maria Auxiliadora
Pernambuco,PE,Petrolina,Ouro Preto
Pernambuco,PE,Petrolina,Palhinhas
Pernambuco,PE,Petrolina,Pedro Raimundo
Pernambuco,PE,Petrolina,Portal da Cidade
Pernambuco,PE,Petrolina,Sao Goncalo
Pernambuco,PE,Petrolina,Vila Eduardo
Pernambuco,PE,Petrolina,Vila Moco
Pernambuco,PE,Recife,Aflitos
Pernambuco,PE,Recife,Afogados
Pernambuco,PE,Recife,Agua Fria
Pernambuco,PE,Recife,Alto do Mandu
Pernambuco,PE,Recife,Alto Jose Bonifacio
Pernambuco,PE,Recife,Alto Jose do Pinho
Pernambuco,PE,Recife,Alto Santa Terezinha
Pernambuco,PE,Recife,Apipucos
Pernambuco,PE,Recife,Areias
Pernambuco,PE,Recife,Arruda
Pernambuco,PE,Recife,Barro
Pernambuco,PE,Recife,Beberibe
Pernambuco,PE,Recife,Boa Viagem
Pernambuco,PE,Recife,Boa Vista
Pernambuco,PE,Recife,Bomba do Hemeterio
Pernambuco,PE,Recife,Bonji
Pernambuco,PE,Recife,Brasilia Teimosa
Pernambuco,PE,Recife,Brejo da Guabiraba
Pernambuco,PE,Recife,Brejo de Beberibe
Pernambuco,PE,Recife,Cabanga
Pernambuco,PE,Recife,Cajueiro
Pernambuco,PE,Recife,Campina do Barreto
Pernambuco,PE,Recife,Campo Grande
Pernambuco,PE,Recife,Casa Amarela
Pernambuco,PE,Recife,Casa Forte
Pernambuco,PE,Recife,Caxanga
Pernambuco,PE,Recife,Cidade Universitaria
Pernambuco,PE,Recife,Cohab
Pernambuco,PE,Recife,Coqueiral
Pernambuco,PE,Recife,Cordeiro
Pernambuco,PE,Recife,Corrego do Genipapo
Pernambuco,PE,Recife,Curado
Pernambuco,PE,Recife,Derby
Pernambuco,PE,Recife,Dois Unidos
Pernambuco,PE,Recife,Encruzilhada
Pernambuco,PE,Recife,Engenho do Meio
Pernambuco,PE,Recife,Espinheiro
Pernambuco,PE,Recife,Estancia
Pernambuco,PE,Recife,Fundao
Pernambuco,PE,Recife,Gracas
Pernambuco,PE,Recife,Guabiraba
Pernambuco,PE,Recife,Hipodromo
Pernambuco,PE,Recife,Ibura
Pernambuco,PE,Recife,Ilha do Leite
Pernambuco,PE,Recife,Ilha do Retiro
Pernambuco,PE,Recife,Ilha Joana Bezerra
Pernambuco,PE,Recife,Imbiribeira
Pernambuco,PE,Recife,Ipsep
Pernambuco,PE,Recife,Iputinga
Pernambuco,PE,Recife,Jardim Sao Paulo
Pernambuco,PE,Recife,Jiquia
Pernambuco,PE,Recife,Jordao
Pernambuco,PE,Recife,Linha do Tiro
Pernambuco,PE,Recife,Macaxeira
Pernambuco,PE,Recife,Madalena
Pernambuco,PE,Recife,Mangabeira
Pernambuco,PE,Recife,Mangueira
Pernambuco,PE,Recife,Morro da Conceicao
Pernambuco,PE,Recife,Mustardinha
Pernambuco,PE,Recife,Nova Descoberta
Pernambuco,PE,Recife,Parnamirim
Pernambuco,PE,Recife,Passarinho
Pernambuco,PE,Recife,Pina
Pernambuco,PE,Recife,Poco
Pernambuco,PE,Recife,Ponto de Parada
Pernambuco,PE,Recife,Prado
Pernambuco,PE,Recife,Recife
Pernambuco,PE,Recife,Rosarinho
Pernambuco,PE,Recife,San Martin
Pernambuco,PE,Recife,Sancho
Pernambuco,PE,Recife,Santana
Pernambuco,PE,Recife,Santo Amaro
Pernambuco,PE,Recife,Santo Antonio
Pernambuco,PE,Recife,Sao Jose
Pernambuco,PE,Recife,Sitio dos Pintos
Pernambuco,PE,Recife,Tamarineira
Pernambuco,PE,Recife,Tejipio
Pernambuco,PE,Recife,Torre
Pernambuco,PE,Recife,Torreao
Pernambuco,PE,Recife,Torroes
Pernambuco,PE,Recife,Toto
Pernambuco,PE,Recife,Varzea
Pernambuco,PE,Recife,Vasco da Gama
Pernambuco,PE,Recife,Zumbi
Pernambuco,PE,Sao Lourenco da Mata,Capibaribe
Pernambuco,PE,Sao Lourenco da Mata,Centro
Pernambuco,PE,Sao Lourenco da Mata,Cha da Tabua
Pernambuco,PE,Sao Lourenco da Mata,Muribara
Pernambuco,PE,Sao Lourenco da Mata,Penedo
Pernambuco,PE,Sao Lourenco da Mata,Pixete
Pernambuco,PE,Sao Lourenco da Mata,Tiuma
Pernambuco,PE,Serra Talhada,Aabb
Pernambuco,PE,Serra Talhada,Alto Bom Jesus
Pernambuco,PE,Serra Talhada,Alto da Conceicao
Pernambuco,PE,Serra Talhada,Bomba
Pernambuco,PE,Serra Talhada,Borborema
Pernambuco,PE,Serra Talhada,Cagep
Pernambuco,PE,Serra Talhada,Centro
Pernambuco,PE,Serra Talhada,Cohab
Pernambuco,PE,Serra Talhada,Jose Rufino Alves
Pernambuco,PE,Serra Talhada,Mutirao
Pernambuco,PE,Serra Talhada,Nossa Senhora da Penha
Pernambuco,PE,Serra Talhada,Rodoviaria
Pernambuco,PE,Serra Talhada,Sao Cristovao
Pernambuco,PE,Serra Talhada,Varzea
Pernambuco,PE,Vitoria de Santo Antao,Alto Jose Leal
Pernambuco,PE,Vitoria de Santo Antao,Bela Vista
Pernambuco,PE,Vitoria de Santo Antao,Caja
Pernambuco,PE,Vitoria de Santo Antao,Campinas
Pernambuco,PE,Vitoria de Santo Antao,Jardim Ipiranga
Pernambuco,PE,Vitoria de Santo Antao,Lidia Queiroz
Pernambuco,PE,Vitoria de Santo Antao,Livramento
Pernambuco,PE,Vitoria de Santo Antao,Matriz
Pernambuco,PE,Vitoria de Santo Antao,Maues
Pernambuco,PE,Vitoria de Santo Antao,Pirituba
Pernambuco,PE,Vitoria de Santo Antao,Redencao
Pernambuco,PE,Vitoria de Santo Antao,Santo Ivo
Piauí,PI,Parnaiba,Bebedouro
Piauí,PI,Parnaiba,Boa Esperanca
Piauí,PI,Parnaiba,Cantagalo
Piauí,PI,Parnaiba,Catanduvas
Piauí,PI,Parnaiba,Ceara
Piauí,PI,Parnaiba,Centro
Piauí,PI,Parnaiba,Nossa Senhora de Fatima
Piauí,PI,Parnaiba,Nossa Senhora do Carmo
Piauí,PI,Parnaiba,Nova Parnaiba
Piauí,PI,Parnaiba,Piaui
Piauí,PI,Parnaiba,Pindorama
Piauí,PI,Parnaiba,Reis Veloso
Piauí,PI,Parnaiba,Rodoviaria
Piauí,PI,Parnaiba,Santa Luzia
Piauí,PI,Parnaiba,Sao Benedito
Piauí,PI,Parnaiba,Sao Francisco da Guarita
Piauí,PI,Parnaiba,Sao Jose
Piauí,PI,Parnaiba,Sao Judas Tadeu
Piauí,PI,Parnaiba,Sao Vicente de Paula
Piauí,PI,Teresina,Acarape
Piauí,PI,Teresina,Aeroporto
Piauí,PI,Teresina,Agua Mineral
Piauí,PI,Teresina,Alto Alegre
Piauí,PI,Teresina,Alvorada
Piauí,PI,Teresina,Bela Vista
Piauí,PI,Teresina,Bom Jesus
Piauí,PI,Teresina,Buenos Aires
Piauí,PI,Teresina,Cabral
Piauí,PI,Teresina,Centro
Piauí,PI,Teresina,Cidade Nova
Piauí,PI,Teresina,Cristo Rei
Piauí,PI,Teresina,Fatima
Piauí,PI,Teresina,Frei Serafim
Piauí,PI,Teresina,Horto
Piauí,PI,Teresina,Ilhotas
Piauí,PI,Teresina,Ininga
Piauí,PI,Teresina,Itarare
Piauí,PI,Teresina,Joquei
Piauí,PI,Teresina,Lourival Parente
Piauí,PI,Teresina,Mafrense
Piauí,PI,Teresina,Mafua
Piauí,PI,Teresina,Matadouro
Piauí,PI,Teresina,Matinha
Piauí,PI,Teresina,Memorare
Piauí,PI,Teresina,Monte Castelo
Piauí,PI,Teresina,Morada do Sol
Piauí,PI,Teresina,Morro da Esperanca
Piauí,PI,Teresina,Noivos
Piauí,PI,Teresina,Nossa Senhora das Gracas
Piauí,PI,Teresina,Nova Brasilia
Piauí,PI,Teresina,Picarra
Piauí,PI,Teresina,Picarreira
Piauí,PI,Teresina,Piraja
Piauí,PI,Teresina,Planalto
Piauí,PI,Teresina,Porenquanto
Piauí,PI,Teresina,Poti Velho
Piauí,PI,Teresina,Primavera
Piauí,PI,Teresina,Real Copagri
Piauí,PI,Teresina,Saci
Piauí,PI,Teresina,Santa Isabel
Piauí,PI,Teresina,Santo Antonio
Piauí,PI,Teresina,Sao Cristovao
Piauí,PI,Teresina,Sao Joao
Piauí,PI,Teresina,Sao Joaquim
Piauí,PI,Teresina,Sao Pedro
Piauí,PI,Teresina,Satelite
Piauí,PI,Teresina,Taboleta
Piauí,PI,Teresina,Tres Andares
Piauí,PI,Teresina,Triunfo
Piauí,PI,Teresina,Vermelha
Piauí,PI,Teresina,Vila Operaria
Rio de Janeiro,RJ,Barra do Pirai,Areal
Rio de Janeiro,RJ,Barra do Pirai,Belvedere
Rio de Janeiro,RJ,Barra do Pirai,Boa Sorte
Rio de Janeiro,RJ,Barra do Pirai,Campo Bom
Rio de Janeiro,RJ,Barra do Pirai,Cantao
Rio de Janeiro,RJ,Barra do Pirai,Careira Vermelha
Rio de Janeiro,RJ,Barra do Pirai,Carvao
Rio de Janeiro,RJ,Barra do Pirai,Caueira Sao Pedro
Rio de Janeiro,RJ,Barra do Pirai,Centro
Rio de Janeiro,RJ,Barra do Pirai,Chalet
Rio de Janeiro,RJ,Barra do Pirai,Coimbra
Rio de Janeiro,RJ,Barra do Pirai,Ipiranga
Rio de Janeiro,RJ,Barra do Pirai,Jaqueira
Rio de Janeiro,RJ,Barra do Pirai,Lago Azul
Rio de Janeiro,RJ,Barra do Pirai,Maracana
Rio de Janeiro,RJ,Barra do Pirai,Matadouro
Rio de Janeiro,RJ,Barra do Pirai,Metalurgica
Rio de Janeiro,RJ,Barra do Pirai,Morro da Gama
Rio de Janeiro,RJ,Barra do Pirai,Muqueca
Rio de Janeiro,RJ,Barra do Pirai,Nossa Senhora de Santana
Rio de Janeiro,RJ,Barra do Pirai,Oficina Velha
Rio de Janeiro,RJ,Barra do Pirai,Parque Sao Joaquim
Rio de Janeiro,RJ,Barra do Pirai,Parque Sao Jose
Rio de Janeiro,RJ,Barra do Pirai,Ponte do Andrade
Rio de Janeiro,RJ,Barra do Pirai,Ponte Preta
Rio de Janeiro,RJ,Barra do Pirai,Ponte Vermelha
Rio de Janeiro,RJ,Barra do Pirai,Quimica
Rio de Janeiro,RJ,Barra do Pirai,Roseira
Rio de Janeiro,RJ,Barra do Pirai,Santana da Barra
Rio de Janeiro,RJ,Barra do Pirai,Santo Antonio
Rio de Janeiro,RJ,Barra do Pirai,Santo Cristo
Rio de Janeiro,RJ,Barra do Pirai,Sao Joao
Rio de Janeiro,RJ,Barra do Pirai,Sao Luis
Rio de Janeiro,RJ,Barra do Pirai,Vargem Grande
Rio de Janeiro,RJ,Barra do Pirai,Vila Helena
Rio de Janeiro,RJ,Barra Mansa,9 de Abril
Rio de Janeiro,RJ,Barra Mansa,Abelhas
Rio de Janeiro,RJ,Barra Mansa,Ano Bom
Rio de Janeiro,RJ,Barra Mansa,Barbara
Rio de Janeiro,RJ,Barra Mansa,Boa Sorte
Rio de Janeiro,RJ,Barra Mansa,Boa Vista
Rio de Janeiro,RJ,Barra Mansa,Bocaininha
Rio de Janeiro,RJ,Barra Mansa,Cantagalo
Rio de Janeiro,RJ,Barra Mansa,Centro
Rio de Janeiro,RJ,Barra Mansa,Colonia Santo Antonio
Rio de Janeiro,RJ,Barra Mansa,Cotiara
Rio de Janeiro,RJ,Barra Mansa,Floriano
Rio de Janeiro,RJ,Barra Mansa,Goiabal
Rio de Janeiro,RJ,Barra Mansa,Jardim America
Rio de Janeiro,RJ,Barra Mansa,Jardim Belmonte
Rio de Janeiro,RJ,Barra Mansa,Jardim Boa Vista
Rio de Janeiro,RJ,Barra Mansa,Jardim Roselandia
Rio de Janeiro,RJ,Barra Mansa,Loteamento Boa Vista
Rio de Janeiro,RJ,Barra Mansa,Loteamento Sao Vicente
Rio de Janeiro,RJ,Barra Mansa,Mangueira
Rio de Janeiro,RJ,Barra Mansa,Minerlandia
Rio de Janeiro,RJ,Barra Mansa,Monte Cristo
Rio de Janeiro,RJ,Barra Mansa,Nossa Senhora Aparecida
Rio de Janeiro,RJ,Barra Mansa,Nossa Senhora de Fatima
Rio de Janeiro,RJ,Barra Mansa,Nossa Senhora do Amparo
Rio de Janeiro,RJ,Barra Mansa,Parque Independencia
Rio de Janeiro,RJ,Barra Mansa,Piteiras
Rio de Janeiro,RJ,Barra Mansa,Ponte Alta
Rio de Janeiro,RJ,Barra Mansa,Quatis
Rio de Janeiro,RJ,Barra Mansa,Rialto
Rio de Janeiro,RJ,Barra Mansa,Roberto Silveira
Rio de Janeiro,RJ,Barra Mansa,Santa Clara
Rio de Janeiro,RJ,Barra Mansa,Santa Ines
Rio de Janeiro,RJ,Barra Mansa,Santa Rosa
Rio de Janeiro,RJ,Barra Mansa,Sao Cristovao
Rio de Janeiro,RJ,Barra Mansa,Sao Francisco de Assis
Rio de Janeiro,RJ,Barra Mansa,Sao Judas Tadeu
Rio de Janeiro,RJ,Barra Mansa,Sao Luis
Rio de Janeiro,RJ,Barra Mansa,Sao Luiz
Rio de Janeiro,RJ,Barra Mansa,Sao Pedro
Rio de Janeiro,RJ,Barra Mansa,Sao Silvestre
Rio de Janeiro,RJ,Barra Mansa,Saudade
Rio de Janeiro,RJ,Barra Mansa,Verbo Divino
Rio de Janeiro,RJ,Barra Mansa,Vila Coringa
Rio de Janeiro,RJ,Barra Mansa,Vila Independencia
Rio de Janeiro,RJ,Barra Mansa,Vila Nova
Rio de Janeiro,RJ,Barra Mansa,Vila Orlandelia
Rio de Janeiro,RJ,Barra Mansa,Vila Principal
Rio de Janeiro,RJ,Barra Mansa,Vila Santa Maria
Rio de Janeiro,RJ,Barra Mansa,Vila Ursulino
Rio de Janeiro,RJ,Barra Mansa,Vista Alegre
Rio de Janeiro,RJ,Belford Roxo,Albuquerque
Rio de Janeiro,RJ,Belford Roxo,Ambai
Rio de Janeiro,RJ,Belford Roxo,Amelia
Rio de Janeiro,RJ,Belford Roxo,Andrade Araujo
Rio de Janeiro,RJ,Belford Roxo,Apolo XI
Rio de Janeiro,RJ,Belford Roxo,Arco-iris
Rio de Janeiro,RJ,Belford Roxo,Areia Branca
Rio de Janeiro,RJ,Belford Roxo,Babi
Rio de Janeiro,RJ,Belford Roxo,Belford Roxo
Rio de Janeiro,RJ,Belford Roxo,Benfica
Rio de Janeiro,RJ,Belford Roxo,Boa Esperanca
Rio de Janeiro,RJ,Belford Roxo,Boa Sorte
Rio de Janeiro,RJ,Belford Roxo,Boa Ventura
Rio de Janeiro,RJ,Belford Roxo,Buriti
Rio de Janeiro,RJ,Belford Roxo,Chacara Santo Antonio
Rio de Janeiro,RJ,Belford Roxo,Dois Irmaos
Rio de Janeiro,RJ,Belford Roxo,Frei Fabiano
Rio de Janeiro,RJ,Belford Roxo,Gracas
Rio de Janeiro,RJ,Belford Roxo,Heliopolis
Rio de Janeiro,RJ,Belford Roxo,Hiterland
Rio de Janeiro,RJ,Belford Roxo,Itaipu
Rio de Janeiro,RJ,Belford Roxo,Jardim Almo
Rio de Janeiro,RJ,Belford Roxo,Jardim Amapa
Rio de Janeiro,RJ,Belford Roxo,Jardim America
Rio de Janeiro,RJ,Belford Roxo,Jardim Boa Vista
Rio de Janeiro,RJ,Belford Roxo,Jardim Bom Pastor
Rio de Janeiro,RJ,Belford Roxo,Jardim Brasil
Rio de Janeiro,RJ,Belford Roxo,Jardim das Acacias
Rio de Janeiro,RJ,Belford Roxo,Jardim das Estrelas
Rio de Janeiro,RJ,Belford Roxo,Jardim Dimas Filho
Rio de Janeiro,RJ,Belford Roxo,Jardim Glaucia
Rio de Janeiro,RJ,Belford Roxo,Jardim Ideal
Rio de Janeiro,RJ,Belford Roxo,Jardim Irma Branca
Rio de Janeiro,RJ,Belford Roxo,Jardim Itaipu
Rio de Janeiro,RJ,Belford Roxo,Jardim Limeira
Rio de Janeiro,RJ,Belford Roxo,Jardim Lisboa
Rio de Janeiro,RJ,Belford Roxo,Jardim Marques de Pombal
Rio de Janeiro,RJ,Belford Roxo,Jardim Meu Retiro
Rio de Janeiro,RJ,Belford Roxo,Jardim Patricia
Rio de Janeiro,RJ,Belford Roxo,Jardim Piedade
Rio de Janeiro,RJ,Belford Roxo,Jardim Portugal
Rio de Janeiro,RJ,Belford Roxo,Jardim Redentor
Rio de Janeiro,RJ,Belford Roxo,Jardim Santa Marta
Rio de Janeiro,RJ,Belford Roxo,Jardim Sao Bento
Rio de Janeiro,RJ,Belford Roxo,Jardim Sao Francisco
Rio de Janeiro,RJ,Belford Roxo,Jardim Tupiara
Rio de Janeiro,RJ,Belford Roxo,Jardim Xavantes
Rio de Janeiro,RJ,Belford Roxo,Lisboa
Rio de Janeiro,RJ,Belford Roxo,Luzes
Rio de Janeiro,RJ,Belford Roxo,Malhapao
Rio de Janeiro,RJ,Belford Roxo,Miguel Couto
Rio de Janeiro,RJ,Belford Roxo,Nossa Senhora das Gracas
Rio de Janeiro,RJ,Belford Roxo,Nossa Senhora de Fatima
Rio de Janeiro,RJ,Belford Roxo,Nova Aurora
Rio de Janeiro,RJ,Belford Roxo,Novo Eldorado
Rio de Janeiro,RJ,Belford Roxo,Orquideas
Rio de Janeiro,RJ,Belford Roxo,Outeiro
Rio de Janeiro,RJ,Belford Roxo,Parque Afonso
Rio de Janeiro,RJ,Belford Roxo,Parque Aida
Rio de Janeiro,RJ,Belford Roxo,Parque Alvorada
Rio de Janeiro,RJ,Belford Roxo,Parque Ambai
Rio de Janeiro,RJ,Belford Roxo,Parque Americano
Rio de Janeiro,RJ,Belford Roxo,Parque Amorim
Rio de Janeiro,RJ,Belford Roxo,Parque Boa Sorte
Rio de Janeiro,RJ,Belford Roxo,Parque Colonial
Rio de Janeiro,RJ,Belford Roxo,Parque das Flores
Rio de Janeiro,RJ,Belford Roxo,Parque dos Califas
Rio de Janeiro,RJ,Belford Roxo,Parque Esperanca
Rio de Janeiro,RJ,Belford Roxo,Parque Floresta
Rio de Janeiro,RJ,Belford Roxo,Parque Fluminense
Rio de Janeiro,RJ,Belford Roxo,Parque Gloria
Rio de Janeiro,RJ,Belford Roxo,Parque Jupiranguai
Rio de Janeiro,RJ,Belford Roxo,Parque Laranjeiras
Rio de Janeiro,RJ,Belford Roxo,Parque Martinho
Rio de Janeiro,RJ,Belford Roxo,Parque Nossa Senhora Aparecida
Rio de Janeiro,RJ,Belford Roxo,Parque Nova Aurea
Rio de Janeiro,RJ,Belford Roxo,Parque Roseiral
Rio de Janeiro,RJ,Belford Roxo,Parque Santa Amelia
Rio de Janeiro,RJ,Belford Roxo,Parque Santa Branca
Rio de Janeiro,RJ,Belford Roxo,Parque Santa Rita
Rio de Janeiro,RJ,Belford Roxo,Parque Sao Bento
Rio de Janeiro,RJ,Belford Roxo,Parque Sao Bernardo
Rio de Janeiro,RJ,Belford Roxo,Parque Sao Jose
Rio de Janeiro,RJ,Belford Roxo,Parque Sao Lucas
Rio de Janeiro,RJ,Belford Roxo,Parque Sao Vicente
Rio de Janeiro,RJ,Belford Roxo,Parque Saxonia
Rio de Janeiro,RJ,Belford Roxo,Parque Umari
Rio de Janeiro,RJ,Belford Roxo,Parque Uniao
Rio de Janeiro,RJ,Belford Roxo,Parque Uniao 4
Rio de Janeiro,RJ,Belford Roxo,Parque Veneza
Rio de Janeiro,RJ,Belford Roxo,Penapolis
Rio de Janeiro,RJ,Belford Roxo,Piam
Rio de Janeiro,RJ,Belford Roxo,Prata
Rio de Janeiro,RJ,Belford Roxo,Retiro dos Califas
Rio de Janeiro,RJ,Belford Roxo,Retiro Santa Isabel
Rio de Janeiro,RJ,Belford Roxo,Ribaslandia
Rio de Janeiro,RJ,Belford Roxo,Rocha Sobrinho
Rio de Janeiro,RJ,Belford Roxo,Santa Cecilia
Rio de Janeiro,RJ,Belford Roxo,Santa Emilia
Rio de Janeiro,RJ,Belford Roxo,Santa Helena
Rio de Janeiro,RJ,Belford Roxo,Santo Tirco
Rio de Janeiro,RJ,Belford Roxo,Sao Bernardo
Rio de Janeiro,RJ,Belford Roxo,Sao Jorge
Rio de Janeiro,RJ,Belford Roxo,Shangrila
Rio de Janeiro,RJ,Belford Roxo,Sicelandia
Rio de Janeiro,RJ,Belford Roxo,Sitio Floresta Linda
Rio de Janeiro,RJ,Belford Roxo,Sitio Real
Rio de Janeiro,RJ,Belford Roxo,Sitio Retiro Feliz
Rio de Janeiro,RJ,Belford Roxo,Sublime
Rio de Janeiro,RJ,Belford Roxo,Vergel dos Felix
Rio de Janeiro,RJ,Belford Roxo,Vila Borgerth
Rio de Janeiro,RJ,Belford Roxo,Vila Dagmar
Rio de Janeiro,RJ,Belford Roxo,Vila Entre Rios
Rio de Janeiro,RJ,Belford Roxo,Vila Esperanca
Rio de Janeiro,RJ,Belford Roxo,Vila Esteves
Rio de Janeiro,RJ,Belford Roxo,Vila Fluminense
Rio de Janeiro,RJ,Belford Roxo,Vila Heliopolis
Rio de Janeiro,RJ,Belford Roxo,Vila Herminia Maia
Rio de Janeiro,RJ,Belford Roxo,Vila Joana
Rio de Janeiro,RJ,Belford Roxo,Vila Joao Lima
Rio de Janeiro,RJ,Belford Roxo,Vila Joao Rodrigues
Rio de Janeiro,RJ,Belford Roxo,Vila Joema
Rio de Janeiro,RJ,Belford Roxo,Vila Jola
Rio de Janeiro,RJ,Belford Roxo,Vila Luz
Rio de Janeiro,RJ,Belford Roxo,Vila Madalena
Rio de Janeiro,RJ,Belford Roxo,Vila Maia
Rio de Janeiro,RJ,Belford Roxo,Vila Maria Ceu
Rio de Janeiro,RJ,Belford Roxo,Vila Marquesa de Santos
Rio de Janeiro,RJ,Belford Roxo,Vila Medeiros
Rio de Janeiro,RJ,Belford Roxo,Vila Monjardim
Rio de Janeiro,RJ,Belford Roxo,Vila Pauline
Rio de Janeiro,RJ,Belford Roxo,Vila Rica
Rio de Janeiro,RJ,Belford Roxo,Vila Sagres
Rio de Janeiro,RJ,Belford Roxo,Vila Santa Rita
Rio de Janeiro,RJ,Belford Roxo,Vila Santa Teresa
Rio de Janeiro,RJ,Belford Roxo,Vila Santo Antonio
Rio de Janeiro,RJ,Belford Roxo,Vila Santo Antonio da Prata
Rio de Janeiro,RJ,Belford Roxo,Vila Sao Sebastiao
Rio de Janeiro,RJ,Belford Roxo,Vila Sao Teodoro
Rio de Janeiro,RJ,Belford Roxo,Vila Seabra
Rio de Janeiro,RJ,Belford Roxo,Vila Sousa
Rio de Janeiro,RJ,Belford Roxo,Vila Tamoios
Rio de Janeiro,RJ,Belford Roxo,Vila Verde
Rio de Janeiro,RJ,Belford Roxo,Vila Vicosa
Rio de Janeiro,RJ,Belford Roxo,Vila Vitorio
Rio de Janeiro,RJ,Belford Roxo,Vilar Novo
Rio de Janeiro,RJ,Belford Roxo,Vilarinho
Rio de Janeiro,RJ,Cabo Frio,Algodoal
Rio de Janeiro,RJ,Cabo Frio,Braga
Rio de Janeiro,RJ,Cabo Frio,Canaan
Rio de Janeiro,RJ,Cabo Frio,Celula Mater
Rio de Janeiro,RJ,Cabo Frio,Centro
Rio de Janeiro,RJ,Cabo Frio,Gamboa
Rio de Janeiro,RJ,Cabo Frio,Guarani
Rio de Janeiro,RJ,Cabo Frio,Itajuru
Rio de Janeiro,RJ,Cabo Frio,Jardim Caicara
Rio de Janeiro,RJ,Cabo Frio,Jardim Esperanca
Rio de Janeiro,RJ,Cabo Frio,Jardim Excelcior
Rio de Janeiro,RJ,Cabo Frio,Jardim Flamboyam
Rio de Janeiro,RJ,Cabo Frio,Jardim Machado
Rio de Janeiro,RJ,Cabo Frio,Jardim Olinda
Rio de Janeiro,RJ,Cabo Frio,Jardim Pero
Rio de Janeiro,RJ,Cabo Frio,Jardim Sao Francisco
Rio de Janeiro,RJ,Cabo Frio,Jardim Waltilus
Rio de Janeiro,RJ,Cabo Frio,Juscelino Kubitschek de Oliveira
Rio de Janeiro,RJ,Cabo Frio,Manoel Correa
Rio de Janeiro,RJ,Cabo Frio,Ogiva
Rio de Janeiro,RJ,Cabo Frio,Palmeiras
Rio de Janeiro,RJ,Cabo Frio,Parque Burle
Rio de Janeiro,RJ,Cabo Frio,Parque Central
Rio de Janeiro,RJ,Cabo Frio,Parque Riviera
Rio de Janeiro,RJ,Cabo Frio,Parque Siqueira
Rio de Janeiro,RJ,Cabo Frio,Passagem
Rio de Janeiro,RJ,Cabo Frio,Portinho
Rio de Janeiro,RJ,Cabo Frio,Porto do Carro
Rio de Janeiro,RJ,Cabo Frio,Recanto das Dunas
Rio de Janeiro,RJ,Cabo Frio,Sao Bento
Rio de Janeiro,RJ,Cabo Frio,Sao Cristovao
Rio de Janeiro,RJ,Cabo Frio,Vila Blanch
Rio de Janeiro,RJ,Cabo Frio,Vila Nova
Rio de Janeiro,RJ,Campos dos Goytacazes,Bandeirante
Rio de Janeiro,RJ,Campos dos Goytacazes,Caju
Rio de Janeiro,RJ,Campos dos Goytacazes,Centro
Rio de Janeiro,RJ,Campos dos Goytacazes,Custodopolis
Rio de Janeiro,RJ,Campos dos Goytacazes,Nova Campos
Rio de Janeiro,RJ,Campos dos Goytacazes,Parque Aeroporto
Rio de Janeiro,RJ,Campos dos Goytacazes,Parque Aldeia
Rio de Janeiro,RJ,Campos dos Goytacazes,Parque Alvorada
Rio de Janeiro,RJ,Campos dos Goytacazes,Parque Aurora
Rio de Janeiro,RJ,Campos dos Goytacazes,Parque Brasilia
Rio de Janeiro,RJ,Campos dos Goytacazes,Parque Caju
Rio de Janeiro,RJ,Campos dos Goytacazes,Parque Calabouco
Rio de Janeiro,RJ,Campos dos Goytacazes,Parque California
Rio de Janeiro,RJ,Campos dos Goytacazes,Parque Ceasa
Rio de Janeiro,RJ,Campos dos Goytacazes,Parque Corrientes
Rio de Janeiro,RJ,Campos dos Goytacazes,Parque Dom Rodrigo
Rio de Janeiro,RJ,Campos dos Goytacazes,Parque Eldorado
Rio de Janeiro,RJ,Campos dos Goytacazes,Parque Fundao
Rio de Janeiro,RJ,Campos dos Goytacazes,Parque Guarus
Rio de Janeiro,RJ,Campos dos Goytacazes,Parque Jardim Carioca
Rio de Janeiro,RJ,Campos dos Goytacazes,Parque Joao Maria
Rio de Janeiro,RJ,Campos dos Goytacazes,Parque Joquei Club
Rio de Janeiro,RJ,Campos dos Goytacazes,Parque Leopoldina
Rio de Janeiro,RJ,Campos dos Goytacazes,Parque Maciel
Rio de Janeiro,RJ,Campos dos Goytacazes,Parque Novo Mundo
Rio de Janeiro,RJ,Campos dos Goytacazes,Parque Penha
Rio de Janeiro,RJ,Campos dos Goytacazes,Parque Prazeres
Rio de Janeiro,RJ,Campos dos Goytacazes,Parque Presidente Vargas
Rio de Janeiro,RJ,Campos dos Goytacazes,Parque Quinze de Novembro
Rio de Janeiro,RJ,Campos dos Goytacazes,Parque Rodoviario
Rio de Janeiro,RJ,Campos dos Goytacazes,Parque Rosario
Rio de Janeiro,RJ,Campos dos Goytacazes,Parque Salo Brand
Rio de Janeiro,RJ,Campos dos Goytacazes,Parque Santa Helena
Rio de Janeiro,RJ,Campos dos Goytacazes,Parque Santa Rosa
Rio de Janeiro,RJ,Campos dos Goytacazes,Parque Santo Amaro
Rio de Janeiro,RJ,Campos dos Goytacazes,Parque Santo Antonio
Rio de Janeiro,RJ,Campos dos Goytacazes,Parque Sao Benedito
Rio de Janeiro,RJ,Campos dos Goytacazes,Parque Sao Caetano
Rio de Janeiro,RJ,Campos dos Goytacazes,Parque Sao Jose
Rio de Janeiro,RJ,Campos dos Goytacazes,Parque Sao Mateus
Rio de Janeiro,RJ,Campos dos Goytacazes,Parque Sao Silvestre
Rio de Janeiro,RJ,Campos dos Goytacazes,Parque Tamandare
Rio de Janeiro,RJ,Campos dos Goytacazes,Parque Tarcisio Miranda
Rio de Janeiro,RJ,Campos dos Goytacazes,Parque Turf Club
Rio de Janeiro,RJ,Campos dos Goytacazes,Parque Vera Cruz
Rio de Janeiro,RJ,Campos dos Goytacazes,Parque Vicente Goncalves Dias
Rio de Janeiro,RJ,Campos dos Goytacazes,Parque Visconde de Ururai
Rio de Janeiro,RJ,Campos dos Goytacazes,Parque Zuza Mota
Rio de Janeiro,RJ,Campos dos Goytacazes,Santa Cruz
Rio de Janeiro,RJ,Campos dos Goytacazes,Tapera
Rio de Janeiro,RJ,Campos dos Goytacazes,Ururai
Rio de Janeiro,RJ,Duque de Caxias,Carolina
Rio de Janeiro,RJ,Duque de Caxias,Centro
Rio de Janeiro,RJ,Duque de Caxias,Chacaras Arcampo
Rio de Janeiro,RJ,Duque de Caxias,Chacaras Maria Helena
Rio de Janeiro,RJ,Duque de Caxias,Chacaras Rio-petropolis
Rio de Janeiro,RJ,Duque de Caxias,Chacrinha
Rio de Janeiro,RJ,Duque de Caxias,Circular
Rio de Janeiro,RJ,Duque de Caxias,Coriolano
Rio de Janeiro,RJ,Duque de Caxias,Divino
Rio de Janeiro,RJ,Duque de Caxias,Doutor Laureano
Rio de Janeiro,RJ,Duque de Caxias,Engenho do Porto
Rio de Janeiro,RJ,Duque de Caxias,Fonseca
Rio de Janeiro,RJ,Duque de Caxias,Jardim Anhanga
Rio de Janeiro,RJ,Duque de Caxias,Jardim Balneario Ana Clara
Rio de Janeiro,RJ,Duque de Caxias,Jardim Barro Branco
Rio de Janeiro,RJ,Duque de Caxias,Jardim California
Rio de Janeiro,RJ,Duque de Caxias,Jardim das Oliveiras
Rio de Janeiro,RJ,Duque de Caxias,Jardim Fim de Semana
Rio de Janeiro,RJ,Duque de Caxias,Jardim Gloria
Rio de Janeiro,RJ,Duque de Caxias,Jardim Gramacho
Rio de Janeiro,RJ,Duque de Caxias,Jardim Imbarie
Rio de Janeiro,RJ,Duque de Caxias,Jardim Leal
Rio de Janeiro,RJ,Duque de Caxias,Jardim Lider
Rio de Janeiro,RJ,Duque de Caxias,Jardim Maricen
Rio de Janeiro,RJ,Duque de Caxias,Jardim Nossa Senhora de Fatima
Rio de Janeiro,RJ,Duque de Caxias,Jardim Nossa Senhora do Carmo
Rio de Janeiro,RJ,Duque de Caxias,Jardim Olavo Bilac
Rio de Janeiro,RJ,Duque de Caxias,Jardim Olimpo
Rio de Janeiro,RJ,Duque de Caxias,Jardim Panama
Rio de Janeiro,RJ,Duque de Caxias,Jardim Porangaba
Rio de Janeiro,RJ,Duque de Caxias,Jardim Primavera
Rio de Janeiro,RJ,Duque de Caxias,Jardim Primeiro de Maio
Rio de Janeiro,RJ,Duque de Caxias,Jardim Rotsen
Rio de Janeiro,RJ,Duque de Caxias,Jardim Santa Rita
Rio de Janeiro,RJ,Duque de Caxias,Jardim Santos Meira
Rio de Janeiro,RJ,Duque de Caxias,Jardim Sao Lourenco
Rio de Janeiro,RJ,Duque de Caxias,Jardim Tres Marias
Rio de Janeiro,RJ,Duque de Caxias,Jardim Vila Nova
Rio de Janeiro,RJ,Duque de Caxias,Jardim Vinte e Cinco de Agosto
Rio de Janeiro,RJ,Duque de Caxias,Jardim Vista Alegre
Rio de Janeiro,RJ,Duque de Caxias,Jurema
Rio de Janeiro,RJ,Duque de Caxias,Loteamento Cachoeira
Rio de Janeiro,RJ,Duque de Caxias,Mantiquira
Rio de Janeiro,RJ,Duque de Caxias,Nossa Senhora do Carmo
Rio de Janeiro,RJ,Duque de Caxias,Parque Alvorada
Rio de Janeiro,RJ,Duque de Caxias,Parque Beira Mar
Rio de Janeiro,RJ,Duque de Caxias,Parque Boa Vista I
Rio de Janeiro,RJ,Duque de Caxias,Parque Bom Retiro
Rio de Janeiro,RJ,Duque de Caxias,Parque Capivari
Rio de Janeiro,RJ,Duque de Caxias,Parque Chuno
Rio de Janeiro,RJ,Duque de Caxias,Parque Duque de Caxias
Rio de Janeiro,RJ,Duque de Caxias,Parque Eldorado
Rio de Janeiro,RJ,Duque de Caxias,Parque Equitativa
Rio de Janeiro,RJ,Duque de Caxias,Parque Esperanca
Rio de Janeiro,RJ,Duque de Caxias,Parque Estrela
Rio de Janeiro,RJ,Duque de Caxias,Parque Felicidade
Rio de Janeiro,RJ,Duque de Caxias,Parque Fluminense
Rio de Janeiro,RJ,Duque de Caxias,Parque Joao Pessoa
Rio de Janeiro,RJ,Duque de Caxias,Parque Lafaiete
Rio de Janeiro,RJ,Duque de Caxias,Parque Marilandia
Rio de Janeiro,RJ,Duque de Caxias,Parque Moderno
Rio de Janeiro,RJ,Duque de Caxias,Parque Muisa
Rio de Janeiro,RJ,Duque de Caxias,Parque Nova Esperanca
Rio de Janeiro,RJ,Duque de Caxias,Parque Panorama
Rio de Janeiro,RJ,Duque de Caxias,Parque Pauliceia
Rio de Janeiro,RJ,Duque de Caxias,Parque Paulista
Rio de Janeiro,RJ,Duque de Caxias,Parque Redentor
Rio de Janeiro,RJ,Duque de Caxias,Parque Samiropolis
Rio de Janeiro,RJ,Duque de Caxias,Parque Santa Lucia
Rio de Janeiro,RJ,Duque de Caxias,Parque Santa Marta
Rio de Janeiro,RJ,Duque de Caxias,Parque Santos D'anunciacao
Rio de Janeiro,RJ,Duque de Caxias,Parque Sao Carlos
Rio de Janeiro,RJ,Duque de Caxias,Parque Sao Joao
Rio de Janeiro,RJ,Duque de Caxias,Parque Sao Pedro de Alcantara
Rio de Janeiro,RJ,Duque de Caxias,Parque Senhor do Bonfim
Rio de Janeiro,RJ,Duque de Caxias,Parque Uruguaiana
Rio de Janeiro,RJ,Duque de Caxias,Parque Virginia
Rio de Janeiro,RJ,Duque de Caxias,Parque Vitoria
Rio de Janeiro,RJ,Duque de Caxias,Quatorze de Julho
Rio de Janeiro,RJ,Duque de Caxias,Santa Cecilia
Rio de Janeiro,RJ,Duque de Caxias,Santa Isabel
Rio de Janeiro,RJ,Duque de Caxias,Santa Lucia
Rio de Janeiro,RJ,Duque de Caxias,Santo Antonio
Rio de Janeiro,RJ,Duque de Caxias,Sao Bento
Rio de Janeiro,RJ,Duque de Caxias,Saracuruna
Rio de Janeiro,RJ,Duque de Caxias,Silva
Rio de Janeiro,RJ,Duque de Caxias,Taquara
Rio de Janeiro,RJ,Duque de Caxias,Vila Actura
Rio de Janeiro,RJ,Duque de Caxias,Vila Amelia
Rio de Janeiro,RJ,Duque de Caxias,Vila Angelica
Rio de Janeiro,RJ,Duque de Caxias,Vila Araci
Rio de Janeiro,RJ,Duque de Caxias,Vila Bela Vista
Rio de Janeiro,RJ,Duque de Caxias,Vila Bernadete
Rio de Janeiro,RJ,Duque de Caxias,Vila Bonanca
Rio de Janeiro,RJ,Duque de Caxias,Vila Caetano Madeira
Rio de Janeiro,RJ,Duque de Caxias,Vila Canaan
Rio de Janeiro,RJ,Duque de Caxias,Vila Capixaba
Rio de Janeiro,RJ,Duque de Caxias,Vila Centenario
Rio de Janeiro,RJ,Duque de Caxias,Vila Cocota
Rio de Janeiro,RJ,Duque de Caxias,Vila Ema
Rio de Janeiro,RJ,Duque de Caxias,Vila Flavia
Rio de Janeiro,RJ,Duque de Caxias,Vila Guanabara
Rio de Janeiro,RJ,Duque de Caxias,Vila Ideal
Rio de Janeiro,RJ,Duque de Caxias,Vila Itamarati
Rio de Janeiro,RJ,Duque de Caxias,Vila Leopoldina
Rio de Janeiro,RJ,Duque de Caxias,Vila Maria Helena
Rio de Janeiro,RJ,Duque de Caxias,Vila Meriti
Rio de Janeiro,RJ,Duque de Caxias,Vila Nossa Senhora das Gracas
Rio de Janeiro,RJ,Duque de Caxias,Vila Oito de Maio
Rio de Janeiro,RJ,Duque de Caxias,Vila Operaria
Rio de Janeiro,RJ,Duque de Caxias,Vila Ouro Preto
Rio de Janeiro,RJ,Duque de Caxias,Vila Rosario
Rio de Janeiro,RJ,Duque de Caxias,Vila Santa Alice
Rio de Janeiro,RJ,Duque de Caxias,Vila Santa Cruz
Rio de Janeiro,RJ,Duque de Caxias,Vila Santo Antonio
Rio de Janeiro,RJ,Duque de Caxias,Vila Sao Luis
Rio de Janeiro,RJ,Duque de Caxias,Vila Sao Sebastiao
Rio de Janeiro,RJ,Duque de Caxias,Vila Sape
Rio de Janeiro,RJ,Duque de Caxias,Vila Sarapui
Rio de Janeiro,RJ,Duque de Caxias,Vila Teresa
Rio de Janeiro,RJ,Duque de Caxias,Vila Urussai
Rio de Janeiro,RJ,Itaguai,Aguas Lindas
Rio de Janeiro,RJ,Itaguai,Amendoeira
Rio de Janeiro,RJ,Itaguai,Brisa Mar
Rio de Janeiro,RJ,Itaguai,Cacador
Rio de Janeiro,RJ,Itaguai,California
Rio de Janeiro,RJ,Itaguai,Centro
Rio de Janeiro,RJ,Itaguai,Chapero
Rio de Janeiro,RJ,Itaguai,Cidade Industrial
Rio de Janeiro,RJ,Itaguai,Coroa Grande
Rio de Janeiro,RJ,Itaguai,Engenho
Rio de Janeiro,RJ,Itaguai,Estrela do Ceu
Rio de Janeiro,RJ,Itaguai,Fazenda Caxias
Rio de Janeiro,RJ,Itaguai,Fonte Limpa
Rio de Janeiro,RJ,Itaguai,Ibituporanga
Rio de Janeiro,RJ,Itaguai,Ilha da Madeira
Rio de Janeiro,RJ,Itaguai,Itimirim
Rio de Janeiro,RJ,Itaguai,Jardim Acacias
Rio de Janeiro,RJ,Itaguai,Jardim America
Rio de Janeiro,RJ,Itaguai,Jardim Central
Rio de Janeiro,RJ,Itaguai,Jardim Laia
Rio de Janeiro,RJ,Itaguai,Jardim Maracana
Rio de Janeiro,RJ,Itaguai,Jardim Veda
Rio de Janeiro,RJ,Itaguai,Leandro
Rio de Janeiro,RJ,Itaguai,Mazomba
Rio de Janeiro,RJ,Itaguai,Monte Serrat
Rio de Janeiro,RJ,Itaguai,Nazare
Rio de Janeiro,RJ,Itaguai,Parque Campo Lindo
Rio de Janeiro,RJ,Itaguai,Parque Dom Bosco
Rio de Janeiro,RJ,Itaguai,Parque Independencia
Rio de Janeiro,RJ,Itaguai,Parque Jocimar
Rio de Janeiro,RJ,Itaguai,Parque Paraiso
Rio de Janeiro,RJ,Itaguai,Parque Primavera
Rio de Janeiro,RJ,Itaguai,Parque Sao Jorge
Rio de Janeiro,RJ,Itaguai,Parque Vera Cruz
Rio de Janeiro,RJ,Itaguai,Pau Cheiroso
Rio de Janeiro,RJ,Itaguai,Piranema
Rio de Janeiro,RJ,Itaguai,Santa Alice
Rio de Janeiro,RJ,Itaguai,Santa Candida
Rio de Janeiro,RJ,Itaguai,Santa Sofia
Rio de Janeiro,RJ,Itaguai,Sao Miguel
Rio de Janeiro,RJ,Itaguai,Sao Salvador
Rio de Janeiro,RJ,Itaguai,Seropedica
Rio de Janeiro,RJ,Itaguai,Somel
Rio de Janeiro,RJ,Itaguai,Vila Geny
Rio de Janeiro,RJ,Itaguai,Vila Ibirapitanga
Rio de Janeiro,RJ,Itaguai,Vila Margarida
Rio de Janeiro,RJ,Itaguai,Vila Paraiso
Rio de Janeiro,RJ,Itaguai,Vila Sonia
Rio de Janeiro,RJ,Itaguai,Vista Alegre
Rio de Janeiro,RJ,Japeri,Alecrim
Rio de Janeiro,RJ,Japeri,Austin
Rio de Janeiro,RJ,Japeri,Carlos Sampaio
Rio de Janeiro,RJ,Japeri,Carmo
Rio de Janeiro,RJ,Japeri,Cidade Jardim Marajoara
Rio de Janeiro,RJ,Japeri,Cidade Senhor do Bonfim
Rio de Janeiro,RJ,Japeri,Citropolis
Rio de Janeiro,RJ,Japeri,Colinas
Rio de Janeiro,RJ,Japeri,Cosme e Damiao
Rio de Janeiro,RJ,Japeri,Engenheiro Pedreira
Rio de Janeiro,RJ,Japeri,Esperanca
Rio de Janeiro,RJ,Japeri,Granja Copacabana
Rio de Janeiro,RJ,Japeri,Granja Iguacu
Rio de Janeiro,RJ,Japeri,Irmaos Unidos
Rio de Janeiro,RJ,Japeri,Jaceruba
Rio de Janeiro,RJ,Japeri,Japeri
Rio de Janeiro,RJ,Japeri,Jardim Aljezur
Rio de Janeiro,RJ,Japeri,Jardim Americano
Rio de Janeiro,RJ,Japeri,Jardim Delamare
Rio de Janeiro,RJ,Japeri,Jardim Emilia
Rio de Janeiro,RJ,Japeri,Jardim Esperanca
Rio de Janeiro,RJ,Japeri,Jardim Normandia
Rio de Janeiro,RJ,Japeri,Jardim Paraiso
Rio de Janeiro,RJ,Japeri,Jardim Real
Rio de Janeiro,RJ,Japeri,Jardim Rio D'ouro
Rio de Janeiro,RJ,Japeri,Jardim Santa Branca
Rio de Janeiro,RJ,Japeri,Jardim Sao Geraldo
Rio de Janeiro,RJ,Japeri,Jardim Sao Joao
Rio de Janeiro,RJ,Japeri,Jardim Sao Sebastiao
Rio de Janeiro,RJ,Japeri,Jardim Transmontano
Rio de Janeiro,RJ,Japeri,Jardim Tri-campeao
Rio de Janeiro,RJ,Japeri,Jardim Willis
Rio de Janeiro,RJ,Japeri,Julima
Rio de Janeiro,RJ,Japeri,Laranjal Santo Antonio
Rio de Janeiro,RJ,Japeri,Linda Vista
Rio de Janeiro,RJ,Japeri,Luis de Camoes
Rio de Janeiro,RJ,Japeri,Mactube
Rio de Janeiro,RJ,Japeri,Madeira
Rio de Janeiro,RJ,Japeri,Mantiqueira
Rio de Janeiro,RJ,Japeri,Maria Jose
Rio de Janeiro,RJ,Japeri,Nossa Senhora da Penha
Rio de Janeiro,RJ,Japeri,Nossa Senhora de Fatima
Rio de Janeiro,RJ,Japeri,Nova Belem
Rio de Janeiro,RJ,Japeri,Parque Amaro
Rio de Janeiro,RJ,Japeri,Parque dos Feirantes
Rio de Janeiro,RJ,Japeri,Parque Engenheiro Pedreira
Rio de Janeiro,RJ,Japeri,Parque Guandu
Rio de Janeiro,RJ,Japeri,Parque Itaguare
Rio de Janeiro,RJ,Japeri,Parque Luis Gonzaga
Rio de Janeiro,RJ,Japeri,Parque Macaiba
Rio de Janeiro,RJ,Japeri,Parque Maraba
Rio de Janeiro,RJ,Japeri,Parque Mucaja
Rio de Janeiro,RJ,Japeri,Parque Professor Joao de Maria
Rio de Janeiro,RJ,Japeri,Parque Santo Antonio
Rio de Janeiro,RJ,Japeri,Parque Sao Bartolomeu
Rio de Janeiro,RJ,Japeri,Parque Sao Benedito
Rio de Janeiro,RJ,Japeri,Parque Triunfo
Rio de Janeiro,RJ,Japeri,Paz
Rio de Janeiro,RJ,Japeri,Pedra Lisa
Rio de Janeiro,RJ,Japeri,Ponte Preta
Rio de Janeiro,RJ,Japeri,Queimados
Rio de Janeiro,RJ,Japeri,Recreio dos Jornalistas
Rio de Janeiro,RJ,Japeri,Redentor
Rio de Janeiro,RJ,Japeri,Rio D'ouro
Rio de Janeiro,RJ,Japeri,Roncador
Rio de Janeiro,RJ,Japeri,Santa Ines
Rio de Janeiro,RJ,Japeri,Santa Sofia
Rio de Janeiro,RJ,Japeri,Santa Terezinha
Rio de Janeiro,RJ,Japeri,Sao Bernardo
Rio de Janeiro,RJ,Japeri,Sao Bras
Rio de Janeiro,RJ,Japeri,Sao Jorge
Rio de Janeiro,RJ,Japeri,Teofilo Cunha
Rio de Janeiro,RJ,Japeri,Tres Fontes
Rio de Janeiro,RJ,Japeri,Vila Bom Jardim
Rio de Janeiro,RJ,Japeri,Vila Carmelita
Rio de Janeiro,RJ,Japeri,Vila Central
Rio de Janeiro,RJ,Japeri,Vila Coqueiros
Rio de Janeiro,RJ,Japeri,Vila Cristine Maria
Rio de Janeiro,RJ,Japeri,Vila Japeri
Rio de Janeiro,RJ,Japeri,Vila Marica
Rio de Janeiro,RJ,Japeri,Vila Maringa
Rio de Janeiro,RJ,Japeri,Vila Nossa Senhora da Conceicao
Rio de Janeiro,RJ,Japeri,Vila Nossa Senhora do Rosario
Rio de Janeiro,RJ,Japeri,Vila Planetaria
Rio de Janeiro,RJ,Japeri,Vila Santa Amelia
Rio de Janeiro,RJ,Japeri,Vila Santa Helena
Rio de Janeiro,RJ,Japeri,Vila Sao Francisco
Rio de Janeiro,RJ,Japeri,Vila Sao Joao
Rio de Janeiro,RJ,Japeri,Vilar Grande
Rio de Janeiro,RJ,Japeri,Vitoria
Rio de Janeiro,RJ,Macae,Alto Cajueiros
Rio de Janeiro,RJ,Macae,Aroeiras
Rio de Janeiro,RJ,Macae,Barra
Rio de Janeiro,RJ,Macae,Bela Vista
Rio de Janeiro,RJ,Macae,Botafogo
Rio de Janeiro,RJ,Macae,Cajueiros
Rio de Janeiro,RJ,Macae,Campo do Oeste
Rio de Janeiro,RJ,Macae,Cancela Preta
Rio de Janeiro,RJ,Macae,Carapebus
Rio de Janeiro,RJ,Macae,Cavaleiros
Rio de Janeiro,RJ,Macae,Centro
Rio de Janeiro,RJ,Macae,Costa do Sol
Rio de Janeiro,RJ,Macae,Granja Cavaleiros
Rio de Janeiro,RJ,Macae,Jardim Maringa
Rio de Janeiro,RJ,Macae,Lagoa
Rio de Janeiro,RJ,Macae,Miramar
Rio de Janeiro,RJ,Macae,Novo Visconde
Rio de Janeiro,RJ,Macae,Parque Aeroporto
Rio de Janeiro,RJ,Macae,Praia Campista
Rio de Janeiro,RJ,Macae,Riviera Fluminense
Rio de Janeiro,RJ,Macae,Sol e Mar
Rio de Janeiro,RJ,Macae,Village
Rio de Janeiro,RJ,Macae,Vivenda da Lagoa
Rio de Janeiro,RJ,Nilopolis,Cabral
Rio de Janeiro,RJ,Nilopolis,Cabuis
Rio de Janeiro,RJ,Nilopolis,Centro
Rio de Janeiro,RJ,Nilopolis,Chatuba
Rio de Janeiro,RJ,Nilopolis,Nova Cidade
Rio de Janeiro,RJ,Nilopolis,Olinda
Rio de Janeiro,RJ,Nilopolis,Paiol de Polvora
Rio de Janeiro,RJ,Niteroi,Atalaia
Rio de Janeiro,RJ,Niteroi,Badu
Rio de Janeiro,RJ,Niteroi,Baldeador
Rio de Janeiro,RJ,Niteroi,Barreto
Rio de Janeiro,RJ,Niteroi,Boa Viagem
Rio de Janeiro,RJ,Niteroi,Camboinhas
Rio de Janeiro,RJ,Niteroi,Caramujo
Rio de Janeiro,RJ,Niteroi,Centro
Rio de Janeiro,RJ,Niteroi,Charitas
Rio de Janeiro,RJ,Niteroi,Cubango
Rio de Janeiro,RJ,Niteroi,Engenhoca
Rio de Janeiro,RJ,Niteroi,Fatima
Rio de Janeiro,RJ,Niteroi,Figueira
Rio de Janeiro,RJ,Niteroi,Fonseca
Rio de Janeiro,RJ,Niteroi,Gragoata
Rio de Janeiro,RJ,Niteroi,Icarai
Rio de Janeiro,RJ,Niteroi,Ilha da Conceicao
Rio de Janeiro,RJ,Niteroi,Inga
Rio de Janeiro,RJ,Niteroi,Itacoatiara
Rio de Janeiro,RJ,Niteroi,Itaipu
Rio de Janeiro,RJ,Niteroi,Ititioca
Rio de Janeiro,RJ,Niteroi,Jurujuba
Rio de Janeiro,RJ,Niteroi,Largo da Batalha
Rio de Janeiro,RJ,Niteroi,Largo do Barradas
Rio de Janeiro,RJ,Niteroi,Maceio
Rio de Janeiro,RJ,Niteroi,Maria Paula
Rio de Janeiro,RJ,Niteroi,Mata Paca
Rio de Janeiro,RJ,Niteroi,Muriqui
Rio de Janeiro,RJ,Niteroi,Pe Pequeno
Rio de Janeiro,RJ,Niteroi,Pendotiba
Rio de Janeiro,RJ,Niteroi,Piratininga
Rio de Janeiro,RJ,Niteroi,Ponta D'areia
Rio de Janeiro,RJ,Niteroi,Rio do Ouro
Rio de Janeiro,RJ,Niteroi,Santa Barbara
Rio de Janeiro,RJ,Niteroi,Santa Rosa
Rio de Janeiro,RJ,Niteroi,Sao Domingos
Rio de Janeiro,RJ,Niteroi,Sao Francisco
Rio de Janeiro,RJ,Niteroi,Sao Lourenco
Rio de Janeiro,RJ,Niteroi,Sape
Rio de Janeiro,RJ,Niteroi,Tenente Jardim
Rio de Janeiro,RJ,Niteroi,Varzea das Mocas
Rio de Janeiro,RJ,Niteroi,Venda da Cruz
Rio de Janeiro,RJ,Niteroi,Vila Progresso
Rio de Janeiro,RJ,Niteroi,Vital Brasil
Rio de Janeiro,RJ,Nova Friburgo,Amparo
Rio de Janeiro,RJ,Nova Friburgo,Aprazivel
Rio de Janeiro,RJ,Nova Friburgo,Bela Vista
Rio de Janeiro,RJ,Nova Friburgo,Braunes
Rio de Janeiro,RJ,Nova Friburgo,Campo do Coelho
Rio de Janeiro,RJ,Nova Friburgo,Cascatinha
Rio de Janeiro,RJ,Nova Friburgo,Catarcione
Rio de Janeiro,RJ,Nova Friburgo,Centro
Rio de Janeiro,RJ,Nova Friburgo,Chacara Paraiso
Rio de Janeiro,RJ,Nova Friburgo,Conego
Rio de Janeiro,RJ,Nova Friburgo,Conselheiro Paulino
Rio de Janeiro,RJ,Nova Friburgo,Cordoeira
Rio de Janeiro,RJ,Nova Friburgo,Corrego D'antas
Rio de Janeiro,RJ,Nova Friburgo,Debossan
Rio de Janeiro,RJ,Nova Friburgo,Duas Pedras
Rio de Janeiro,RJ,Nova Friburgo,Jardim Ouro Preto
Rio de Janeiro,RJ,Nova Friburgo,Lagoinha
Rio de Janeiro,RJ,Nova Friburgo,Loteamento Floresta
Rio de Janeiro,RJ,Nova Friburgo,Loteamento Nosso Sonho
Rio de Janeiro,RJ,Nova Friburgo,Loteamento Santa Teresinha
Rio de Janeiro,RJ,Nova Friburgo,Loteamento Sao Joao
Rio de Janeiro,RJ,Nova Friburgo,Loteamento Sao Jose
Rio de Janeiro,RJ,Nova Friburgo,Loteamento Sao Sebastiao
Rio de Janeiro,RJ,Nova Friburgo,Loteamento Sitio Jacina
Rio de Janeiro,RJ,Nova Friburgo,Lumiar
Rio de Janeiro,RJ,Nova Friburgo,Mury
Rio de Janeiro,RJ,Nova Friburgo,Olaria
Rio de Janeiro,RJ,Nova Friburgo,Parque Dom Joao VI
Rio de Janeiro,RJ,Nova Friburgo,Parque Fonte do Suspiro
Rio de Janeiro,RJ,Nova Friburgo,Parque Sao Clemente
Rio de Janeiro,RJ,Nova Friburgo,Perisse
Rio de Janeiro,RJ,Nova Friburgo,Ponte da Saudade
Rio de Janeiro,RJ,Nova Friburgo,Prado
Rio de Janeiro,RJ,Nova Friburgo,Riograndina
Rio de Janeiro,RJ,Nova Friburgo,Sao Pedro
Rio de Janeiro,RJ,Nova Friburgo,Suico
Rio de Janeiro,RJ,Nova Friburgo,Suspiro
Rio de Janeiro,RJ,Nova Friburgo,Vale dos Pinheiros
Rio de Janeiro,RJ,Nova Friburgo,Vargem Grande
Rio de Janeiro,RJ,Nova Friburgo,Vila Amelia
Rio de Janeiro,RJ,Nova Friburgo,Vila Guarani
Rio de Janeiro,RJ,Nova Friburgo,Vila Nova
Rio de Janeiro,RJ,Nova Friburgo,Vilage
Rio de Janeiro,RJ,Nova Friburgo,Ypu
Rio de Janeiro,RJ,Nova Iguacu,Ambai
Rio de Janeiro,RJ,Nova Iguacu,Andrade Araujo
Rio de Janeiro,RJ,Nova Iguacu,Barao de Amapa
Rio de Janeiro,RJ,Nova Iguacu,Bela Vista
Rio de Janeiro,RJ,Nova Iguacu,Boa Vista
Rio de Janeiro,RJ,Nova Iguacu,California
Rio de Janeiro,RJ,Nova Iguacu,Carolina
Rio de Janeiro,RJ,Nova Iguacu,Centenario
Rio de Janeiro,RJ,Nova Iguacu,Centro
Rio de Janeiro,RJ,Nova Iguacu,Chique
Rio de Janeiro,RJ,Nova Iguacu,Cidade Jardim Parque Estoril
Rio de Janeiro,RJ,Nova Iguacu,Edison Passos
Rio de Janeiro,RJ,Nova Iguacu,Engenheiro Rocha Freire
Rio de Janeiro,RJ,Nova Iguacu,Fabrica de Polvora
Rio de Janeiro,RJ,Nova Iguacu,Fazenda da Posse
Rio de Janeiro,RJ,Nova Iguacu,Figueiras
Rio de Janeiro,RJ,Nova Iguacu,Floresta
Rio de Janeiro,RJ,Nova Iguacu,Grajau
Rio de Janeiro,RJ,Nova Iguacu,Guarani
Rio de Janeiro,RJ,Nova Iguacu,Imperador
Rio de Janeiro,RJ,Nova Iguacu,Iolanda
Rio de Janeiro,RJ,Nova Iguacu,Jardim Canaan
Rio de Janeiro,RJ,Nova Iguacu,Jardim da Posse
Rio de Janeiro,RJ,Nova Iguacu,Jardim da Viga
Rio de Janeiro,RJ,Nova Iguacu,Jardim Felix
Rio de Janeiro,RJ,Nova Iguacu,Jardim Fonte Sao Miguel
Rio de Janeiro,RJ,Nova Iguacu,Jardim Iguacu
Rio de Janeiro,RJ,Nova Iguacu,Jardim Jasmim
Rio de Janeiro,RJ,Nova Iguacu,Jardim Javari
Rio de Janeiro,RJ,Nova Iguacu,Jardim Lumar
Rio de Janeiro,RJ,Nova Iguacu,Jardim Marilice
Rio de Janeiro,RJ,Nova Iguacu,Jardim Mato Grosso
Rio de Janeiro,RJ,Nova Iguacu,Jardim Monte Castelo
Rio de Janeiro,RJ,Nova Iguacu,Jardim Nova Era
Rio de Janeiro,RJ,Nova Iguacu,Jardim Palmares
Rio de Janeiro,RJ,Nova Iguacu,Jardim Santa Rita
Rio de Janeiro,RJ,Nova Iguacu,Jardim Tropical
Rio de Janeiro,RJ,Nova Iguacu,Luz
Rio de Janeiro,RJ,Nova Iguacu,Maio
Rio de Janeiro,RJ,Nova Iguacu,Margarida
Rio de Janeiro,RJ,Nova Iguacu,Maria da Luz
Rio de Janeiro,RJ,Nova Iguacu,Mesquita
Rio de Janeiro,RJ,Nova Iguacu,Metropole
Rio de Janeiro,RJ,Nova Iguacu,Miguel Couto
Rio de Janeiro,RJ,Nova Iguacu,Moqueta
Rio de Janeiro,RJ,Nova Iguacu,Morro Agudo
Rio de Janeiro,RJ,Nova Iguacu,Nova America
Rio de Janeiro,RJ,Nova Iguacu,Nova Luz
Rio de Janeiro,RJ,Nova Iguacu,Oliveira
Rio de Janeiro,RJ,Nova Iguacu,Palmeiras
Rio de Janeiro,RJ,Nova Iguacu,Parque Ambai
Rio de Janeiro,RJ,Nova Iguacu,Parque Antartica
Rio de Janeiro,RJ,Nova Iguacu,Parque Flora
Rio de Janeiro,RJ,Nova Iguacu,Parque Geneciano Luz
Rio de Janeiro,RJ,Nova Iguacu,Parque Princesa Isabel
Rio de Janeiro,RJ,Nova Iguacu,Parque Sao Carlos
Rio de Janeiro,RJ,Nova Iguacu,Parque Sao Vicente de Paulo
Rio de Janeiro,RJ,Nova Iguacu,Parque Saudade
Rio de Janeiro,RJ,Nova Iguacu,Parque Ulisses
Rio de Janeiro,RJ,Nova Iguacu,Peixoto
Rio de Janeiro,RJ,Nova Iguacu,Ponte Branca
Rio de Janeiro,RJ,Nova Iguacu,Presidente Juscelino
Rio de Janeiro,RJ,Nova Iguacu,Rancho Alegre
Rio de Janeiro,RJ,Nova Iguacu,Recanto Santo Antonio
Rio de Janeiro,RJ,Nova Iguacu,Recreio Paco da Marambaia
Rio de Janeiro,RJ,Nova Iguacu,Rocha Sobrinho
Rio de Janeiro,RJ,Nova Iguacu,Santa Cecilia
Rio de Janeiro,RJ,Nova Iguacu,Santa Eugenia
Rio de Janeiro,RJ,Nova Iguacu,Santos Neves
Rio de Janeiro,RJ,Nova Iguacu,Sao Francisco Xavier
Rio de Janeiro,RJ,Nova Iguacu,Sao Gabriel
Rio de Janeiro,RJ,Nova Iguacu,Sao Jose
Rio de Janeiro,RJ,Nova Iguacu,Sao Luiz Gonzaga
Rio de Janeiro,RJ,Nova Iguacu,Tingua
Rio de Janeiro,RJ,Nova Iguacu,Vila Avelina
Rio de Janeiro,RJ,Nova Iguacu,Vila Bandeirantes
Rio de Janeiro,RJ,Nova Iguacu,Vila Borges
Rio de Janeiro,RJ,Nova Iguacu,Vila Gaucha
Rio de Janeiro,RJ,Nova Iguacu,Vila Humaita
Rio de Janeiro,RJ,Nova Iguacu,Vila Itaci
Rio de Janeiro,RJ,Nova Iguacu,Vila Marines
Rio de Janeiro,RJ,Nova Iguacu,Vila Morro Agudo
Rio de Janeiro,RJ,Nova Iguacu,Vila Omega
Rio de Janeiro,RJ,Nova Iguacu,Vila Palmeiras
Rio de Janeiro,RJ,Nova Iguacu,Vila Pedro I
Rio de Janeiro,RJ,Nova Iguacu,Vila Santos Neto
Rio de Janeiro,RJ,Nova Iguacu,Vila Sao Jorge
Rio de Janeiro,RJ,Nova Iguacu,Vila Sao Luis
Rio de Janeiro,RJ,Nova Iguacu,Vila Tres Coracoes
Rio de Janeiro,RJ,Nova Iguacu,Vila Vieira
Rio de Janeiro,RJ,Petropolis,Alto da Serra
Rio de Janeiro,RJ,Petropolis,Araras
Rio de Janeiro,RJ,Petropolis,Bartolomeu de Gusmao
Rio de Janeiro,RJ,Petropolis,Bingen
Rio de Janeiro,RJ,Petropolis,Bonsucesso
Rio de Janeiro,RJ,Petropolis,Capela
Rio de Janeiro,RJ,Petropolis,Carangola
Rio de Janeiro,RJ,Petropolis,Cascatinha
Rio de Janeiro,RJ,Petropolis,Castelanea
Rio de Janeiro,RJ,Petropolis,Castrioto
Rio de Janeiro,RJ,Petropolis,Caxambu
Rio de Janeiro,RJ,Petropolis,Centro
Rio de Janeiro,RJ,Petropolis,Chacara Flora
Rio de Janeiro,RJ,Petropolis,Coronel Veiga
Rio de Janeiro,RJ,Petropolis,Correas
Rio de Janeiro,RJ,Petropolis,Cuiaba
Rio de Janeiro,RJ,Petropolis,Duarte Silveira
Rio de Janeiro,RJ,Petropolis,Duchas
Rio de Janeiro,RJ,Petropolis,Duques
Rio de Janeiro,RJ,Petropolis,Estrada da Saudade
Rio de Janeiro,RJ,Petropolis,Estrada do Contorno
Rio de Janeiro,RJ,Petropolis,Fazenda Inglesa
Rio de Janeiro,RJ,Petropolis,Floresta
Rio de Janeiro,RJ,Petropolis,Gloria
Rio de Janeiro,RJ,Petropolis,Indaia
Rio de Janeiro,RJ,Petropolis,Independencia
Rio de Janeiro,RJ,Petropolis,Itaipava
Rio de Janeiro,RJ,Petropolis,Itamarati
Rio de Janeiro,RJ,Petropolis,Morin
Rio de Janeiro,RJ,Petropolis,Mosela
Rio de Janeiro,RJ,Petropolis,Nogueira
Rio de Janeiro,RJ,Petropolis,Pedro do Rio
Rio de Janeiro,RJ,Petropolis,Posse
Rio de Janeiro,RJ,Petropolis,Provisoria
Rio de Janeiro,RJ,Petropolis,Quarteirao Brasileiro
Rio de Janeiro,RJ,Petropolis,Quarteirao Ingelhein
Rio de Janeiro,RJ,Petropolis,Quissama
Rio de Janeiro,RJ,Petropolis,Quitandinha
Rio de Janeiro,RJ,Petropolis,Retiro
Rio de Janeiro,RJ,Petropolis,Roseiral
Rio de Janeiro,RJ,Petropolis,Saldanha Marinho
Rio de Janeiro,RJ,Petropolis,Samambaia
Rio de Janeiro,RJ,Petropolis,Sao Sebastiao
Rio de Janeiro,RJ,Petropolis,Simeria
Rio de Janeiro,RJ,Petropolis,Trono de Fatima
Rio de Janeiro,RJ,Petropolis,Valparaiso
Rio de Janeiro,RJ,Petropolis,Vila Militar
Rio de Janeiro,RJ,Quatis,Falcao
Rio de Janeiro,RJ,Quatis,Jardim Boa Vista
Rio de Janeiro,RJ,Quatis,Loteamento Santo Antonio
Rio de Janeiro,RJ,Quatis,Nossa Senhora do Rosario
Rio de Janeiro,RJ,Quatis,Quatis
Rio de Janeiro,RJ,Quatis,Ribeirao de Sao Joaquim
Rio de Janeiro,RJ,Quatis,Vila Coringa
Rio de Janeiro,RJ,Queimados,A Noite
Rio de Janeiro,RJ,Queimados,Alianca
Rio de Janeiro,RJ,Queimados,Austin
Rio de Janeiro,RJ,Queimados,Belmonte
Rio de Janeiro,RJ,Queimados,Boa Esperanca
Rio de Janeiro,RJ,Queimados,Cacuia
Rio de Janeiro,RJ,Queimados,Carlos Sampaio
Rio de Janeiro,RJ,Queimados,Coqueiros
Rio de Janeiro,RJ,Queimados,Cruzeiro
Rio de Janeiro,RJ,Queimados,Dois Irmaos
Rio de Janeiro,RJ,Queimados,Eldorado
Rio de Janeiro,RJ,Queimados,Esperanca
Rio de Janeiro,RJ,Queimados,Eurico Miranda
Rio de Janeiro,RJ,Queimados,Flesmam
Rio de Janeiro,RJ,Queimados,Fluminense
Rio de Janeiro,RJ,Queimados,Granja Rosalina
Rio de Janeiro,RJ,Queimados,Guarani
Rio de Janeiro,RJ,Queimados,Jardim Alzira
Rio de Janeiro,RJ,Queimados,Jardim Campo Alegre
Rio de Janeiro,RJ,Queimados,Jardim Campo Belo
Rio de Janeiro,RJ,Queimados,Jardim Continental
Rio de Janeiro,RJ,Queimados,Jardim Guanabara
Rio de Janeiro,RJ,Queimados,Jardim Magnolia
Rio de Janeiro,RJ,Queimados,Jardim Paraiso
Rio de Janeiro,RJ,Queimados,Jardim Queimados
Rio de Janeiro,RJ,Queimados,Jardim Sao Silvestre
Rio de Janeiro,RJ,Queimados,Morro Agudo
Rio de Janeiro,RJ,Queimados,Nossa Senhora das Gracas
Rio de Janeiro,RJ,Queimados,Nossa Senhora de Fatima
Rio de Janeiro,RJ,Queimados,Novo Eldorado
Rio de Janeiro,RJ,Queimados,Parque Biquinha
Rio de Janeiro,RJ,Queimados,Parque da Conceicao
Rio de Janeiro,RJ,Queimados,Parque Eldorado
Rio de Janeiro,RJ,Queimados,Parque Ipanema
Rio de Janeiro,RJ,Queimados,Parque Luzitana
Rio de Janeiro,RJ,Queimados,Parque Santa Eugenia
Rio de Janeiro,RJ,Queimados,Parque Sao Carlos
Rio de Janeiro,RJ,Queimados,Parque Sao Tiago
Rio de Janeiro,RJ,Queimados,Parque Todos Os Santos
Rio de Janeiro,RJ,Queimados,Parque Valdairosa
Rio de Janeiro,RJ,Queimados,Piabas
Rio de Janeiro,RJ,Queimados,Primavera
Rio de Janeiro,RJ,Queimados,Queimados
Rio de Janeiro,RJ,Queimados,Rodoviario
Rio de Janeiro,RJ,Queimados,Sao Cristovao
Rio de Janeiro,RJ,Queimados,Sao Francisco
Rio de Janeiro,RJ,Queimados,Sao Humberto
Rio de Janeiro,RJ,Queimados,Sao Manuel
Rio de Janeiro,RJ,Queimados,Sao Sebastiao
Rio de Janeiro,RJ,Queimados,Sao Simao
Rio de Janeiro,RJ,Queimados,Sion
Rio de Janeiro,RJ,Queimados,Vila Amelia
Rio de Janeiro,RJ,Queimados,Vila Apolo
Rio de Janeiro,RJ,Queimados,Vila das Mangueiras
Rio de Janeiro,RJ,Queimados,Vila das Porteiras
Rio de Janeiro,RJ,Queimados,Vila do Tingua
Rio de Janeiro,RJ,Queimados,Vila Dona Branca
Rio de Janeiro,RJ,Queimados,Vila Gomes
Rio de Janeiro,RJ,Queimados,Vila Gratidao
Rio de Janeiro,RJ,Queimados,Vila Jurema
Rio de Janeiro,RJ,Queimados,Vila Marica
Rio de Janeiro,RJ,Queimados,Vila Nanci
Rio de Janeiro,RJ,Queimados,Vila Olimpio Alves
Rio de Janeiro,RJ,Queimados,Vila Santa Catarina
Rio de Janeiro,RJ,Queimados,Vila Santa Maria
Rio de Janeiro,RJ,Queimados,Vila Sao Francisco
Rio de Janeiro,RJ,Queimados,Vila Sao Jose
Rio de Janeiro,RJ,Queimados,Vila Sao Roque
Rio de Janeiro,RJ,Queimados,Vila Scintila
Rio de Janeiro,RJ,Queimados,Vila Taruma
Rio de Janeiro,RJ,Queimados,Vila Zenith
Rio de Janeiro,RJ,Queimados,Vilar Grande
Rio de Janeiro,RJ,Queimados,Vista Alegre
Rio de Janeiro,RJ,Resende,Alegria
Rio de Janeiro,RJ,Resende,Alvorada
Rio de Janeiro,RJ,Resende,Bola do Leao
Rio de Janeiro,RJ,Resende,Cabral
Rio de Janeiro,RJ,Resende,Campos Elisios
Rio de Janeiro,RJ,Resende,Casa da Lua
Rio de Janeiro,RJ,Resende,Castelo Branco
Rio de Janeiro,RJ,Resende,Centro
Rio de Janeiro,RJ,Resende,Cidade da Alegria
Rio de Janeiro,RJ,Resende,Comercial
Rio de Janeiro,RJ,Resende,Elite
Rio de Janeiro,RJ,Resende,Eucaliptal
Rio de Janeiro,RJ,Resende,Fazenda da Barra
Rio de Janeiro,RJ,Resende,Fazenda da Barra 2
Rio de Janeiro,RJ,Resende,Fazenda da Barra 3
Rio de Janeiro,RJ,Resende,Fazenda Penedo
Rio de Janeiro,RJ,Resende,Guarapes
Rio de Janeiro,RJ,Resende,Independencia
Rio de Janeiro,RJ,Resende,Itapuca
Rio de Janeiro,RJ,Resende,Jardim Brasilia
Rio de Janeiro,RJ,Resende,Jardim Brasilia 2
Rio de Janeiro,RJ,Resende,Jardim das Rosas
Rio de Janeiro,RJ,Resende,Jardim Martinelli
Rio de Janeiro,RJ,Resende,Jardim Tropical
Rio de Janeiro,RJ,Resende,Lavapes
Rio de Janeiro,RJ,Resende,Liberdade
Rio de Janeiro,RJ,Resende,Manejo
Rio de Janeiro,RJ,Resende,Monte Castelo
Rio de Janeiro,RJ,Resende,Montese
Rio de Janeiro,RJ,Resende,Morada da Colina
Rio de Janeiro,RJ,Resende,Nova Liberdade
Rio de Janeiro,RJ,Resende,Novo Surubi
Rio de Janeiro,RJ,Resende,Paraiso
Rio de Janeiro,RJ,Resende,Parque Embaixador
Rio de Janeiro,RJ,Resende,Parque Ipiranga
Rio de Janeiro,RJ,Resende,Santa Isabel
Rio de Janeiro,RJ,Resende,Santo Amaro
Rio de Janeiro,RJ,Resende,Sao Caetano
Rio de Janeiro,RJ,Resende,Surubi
Rio de Janeiro,RJ,Resende,Vale dos Reis
Rio de Janeiro,RJ,Resende,Vicentino
Rio de Janeiro,RJ,Resende,Vila Adelaide
Rio de Janeiro,RJ,Resende,Vila Cecilia
Rio de Janeiro,RJ,Resende,Vila Central
Rio de Janeiro,RJ,Resende,Vila Hulda Rocha
Rio de Janeiro,RJ,Resende,Vila Julieta
Rio de Janeiro,RJ,Resende,Vila Moderna
Rio de Janeiro,RJ,Resende,Vila Verde
Rio de Janeiro,RJ,Rio de Janeiro,Abolicao
Rio de Janeiro,RJ,Rio de Janeiro,Acari
Rio de Janeiro,RJ,Rio de Janeiro,Alto da Boa Vista
Rio de Janeiro,RJ,Rio de Janeiro,Anchieta
Rio de Janeiro,RJ,Rio de Janeiro,Andarai
Rio de Janeiro,RJ,Rio de Janeiro,Anil
Rio de Janeiro,RJ,Rio de Janeiro,Bancarios
Rio de Janeiro,RJ,Rio de Janeiro,Bangu
Rio de Janeiro,RJ,Rio de Janeiro,Barra da Tijuca
Rio de Janeiro,RJ,Rio de Janeiro,Barra de Guaratiba
Rio de Janeiro,RJ,Rio de Janeiro,Barros Filho
Rio de Janeiro,RJ,Rio de Janeiro,Benfica
Rio de Janeiro,RJ,Rio de Janeiro,Bento Ribeiro
Rio de Janeiro,RJ,Rio de Janeiro,Bonsucesso
Rio de Janeiro,RJ,Rio de Janeiro,Botafogo
Rio de Janeiro,RJ,Rio de Janeiro,Bras de Pina
Rio de Janeiro,RJ,Rio de Janeiro,Cachambi
Rio de Janeiro,RJ,Rio de Janeiro,Cacuia
Rio de Janeiro,RJ,Rio de Janeiro,Caju
Rio de Janeiro,RJ,Rio de Janeiro,Campinho
Rio de Janeiro,RJ,Rio de Janeiro,Campo dos Afonsos
Rio de Janeiro,RJ,Rio de Janeiro,Campo Grande
Rio de Janeiro,RJ,Rio de Janeiro,Cascadura
Rio de Janeiro,RJ,Rio de Janeiro,Catumbi
Rio de Janeiro,RJ,Rio de Janeiro,Cavalcanti
Rio de Janeiro,RJ,Rio de Janeiro,Centro
Rio de Janeiro,RJ,Rio de Janeiro,Cidade de Deus
Rio de Janeiro,RJ,Rio de Janeiro,Cidade Nova
Rio de Janeiro,RJ,Rio de Janeiro,Cocota
Rio de Janeiro,RJ,Rio de Janeiro,Coelho Neto
Rio de Janeiro,RJ,Rio de Janeiro,Copacabana
Rio de Janeiro,RJ,Rio de Janeiro,Cordovil
Rio de Janeiro,RJ,Rio de Janeiro,Cosmos
Rio de Janeiro,RJ,Rio de Janeiro,Costa Barros
Rio de Janeiro,RJ,Rio de Janeiro,Curicica
Rio de Janeiro,RJ,Rio de Janeiro,Del Castilho
Rio de Janeiro,RJ,Rio de Janeiro,Deodoro
Rio de Janeiro,RJ,Rio de Janeiro,Encantado
Rio de Janeiro,RJ,Rio de Janeiro,Engenheiro Leal
Rio de Janeiro,RJ,Rio de Janeiro,Engenho da Rainha
Rio de Janeiro,RJ,Rio de Janeiro,Engenho de Dentro
Rio de Janeiro,RJ,Rio de Janeiro,Engenho Novo
Rio de Janeiro,RJ,Rio de Janeiro,Estacio
Rio de Janeiro,RJ,Rio de Janeiro,Flamengo
Rio de Janeiro,RJ,Rio de Janeiro,Freguesia
Rio de Janeiro,RJ,Rio de Janeiro,Galeao
Rio de Janeiro,RJ,Rio de Janeiro,Gamboa
Rio de Janeiro,RJ,Rio de Janeiro,Gardenia Azul
Rio de Janeiro,RJ,Rio de Janeiro,Gavea
Rio de Janeiro,RJ,Rio de Janeiro,Gloria
Rio de Janeiro,RJ,Rio de Janeiro,Grajau
Rio de Janeiro,RJ,Rio de Janeiro,Guadalupe
Rio de Janeiro,RJ,Rio de Janeiro,Guaratiba
Rio de Janeiro,RJ,Rio de Janeiro,Higienopolis
Rio de Janeiro,RJ,Rio de Janeiro,Honorio Gurgel
Rio de Janeiro,RJ,Rio de Janeiro,Humaita
Rio de Janeiro,RJ,Rio de Janeiro,Inhauma
Rio de Janeiro,RJ,Rio de Janeiro,Inhoaiba
Rio de Janeiro,RJ,Rio de Janeiro,Ipanema
Rio de Janeiro,RJ,Rio de Janeiro,Iraja
Rio de Janeiro,RJ,Rio de Janeiro,Itanhanga
Rio de Janeiro,RJ,Rio de Janeiro,Jacare
Rio de Janeiro,RJ,Rio de Janeiro,Jacarepagua
Rio de Janeiro,RJ,Rio de Janeiro,Jardim America
Rio de Janeiro,RJ,Rio de Janeiro,Jardim Botanico
Rio de Janeiro,RJ,Rio de Janeiro,Jardim Carioca
Rio de Janeiro,RJ,Rio de Janeiro,Jardim Guanabara
Rio de Janeiro,RJ,Rio de Janeiro,Jardim Sulacap
Rio de Janeiro,RJ,Rio de Janeiro,Lagoa
Rio de Janeiro,RJ,Rio de Janeiro,Laranjeiras
Rio de Janeiro,RJ,Rio de Janeiro,Leblon
Rio de Janeiro,RJ,Rio de Janeiro,Lins de Vasconcelos
Rio de Janeiro,RJ,Rio de Janeiro,Madureira
Rio de Janeiro,RJ,Rio de Janeiro,Magalhaes Bastos
Rio de Janeiro,RJ,Rio de Janeiro,Maracana
Rio de Janeiro,RJ,Rio de Janeiro,Marechal Hermes
Rio de Janeiro,RJ,Rio de Janeiro,Maria da Graca
Rio de Janeiro,RJ,Rio de Janeiro,Meier
Rio de Janeiro,RJ,Rio de Janeiro,Olaria
Rio de Janeiro,RJ,Rio de Janeiro,Oswaldo Cruz
Rio de Janeiro,RJ,Rio de Janeiro,Paciencia
Rio de Janeiro,RJ,Rio de Janeiro,Padre Miguel
Rio de Janeiro,RJ,Rio de Janeiro,Paqueta
Rio de Janeiro,RJ,Rio de Janeiro,Parada de Lucas
Rio de Janeiro,RJ,Rio de Janeiro,Parque Anchieta
Rio de Janeiro,RJ,Rio de Janeiro,Pavuna
Rio de Janeiro,RJ,Rio de Janeiro,Pechincha
Rio de Janeiro,RJ,Rio de Janeiro,Pedra de Guaratiba
Rio de Janeiro,RJ,Rio de Janeiro,Penha
Rio de Janeiro,RJ,Rio de Janeiro,Penha Circular
Rio de Janeiro,RJ,Rio de Janeiro,Piedade
Rio de Janeiro,RJ,Rio de Janeiro,Pilares
Rio de Janeiro,RJ,Rio de Janeiro,Pitangueiras
Rio de Janeiro,RJ,Rio de Janeiro,Portuguesa
Rio de Janeiro,RJ,Rio de Janeiro,Praca da Bandeira
Rio de Janeiro,RJ,Rio de Janeiro,Praca Seca
Rio de Janeiro,RJ,Rio de Janeiro,Praia da Bandeira
Rio de Janeiro,RJ,Rio de Janeiro,Quintino Bocaiuva
Rio de Janeiro,RJ,Rio de Janeiro,Ramos
Rio de Janeiro,RJ,Rio de Janeiro,Realengo
Rio de Janeiro,RJ,Rio de Janeiro,Recreio dos Bandeirantes
Rio de Janeiro,RJ,Rio de Janeiro,Riachuelo
Rio de Janeiro,RJ,Rio de Janeiro,Ricardo de Albuquerque
Rio de Janeiro,RJ,Rio de Janeiro,Rocha
Rio de Janeiro,RJ,Rio de Janeiro,Rocha Miranda
Rio de Janeiro,RJ,Rio de Janeiro,Sampaio
Rio de Janeiro,RJ,Rio de Janeiro,Santa Cruz
Rio de Janeiro,RJ,Rio de Janeiro,Santa Teresa
Rio de Janeiro,RJ,Rio de Janeiro,Santissimo
Rio de Janeiro,RJ,Rio de Janeiro,Santo Cristo
Rio de Janeiro,RJ,Rio de Janeiro,Sao Conrado
Rio de Janeiro,RJ,Rio de Janeiro,Sao Cristovao
Rio de Janeiro,RJ,Rio de Janeiro,Senador Camara
Rio de Janeiro,RJ,Rio de Janeiro,Senador Vasconcelos
Rio de Janeiro,RJ,Rio de Janeiro,Sepetiba
Rio de Janeiro,RJ,Rio de Janeiro,Tanque
Rio de Janeiro,RJ,Rio de Janeiro,Taquara
Rio de Janeiro,RJ,Rio de Janeiro,Taua
Rio de Janeiro,RJ,Rio de Janeiro,Tijuca
Rio de Janeiro,RJ,Rio de Janeiro,Todos Os Santos
Rio de Janeiro,RJ,Rio de Janeiro,Tomas Coelho
Rio de Janeiro,RJ,Rio de Janeiro,Vargem Grande
Rio de Janeiro,RJ,Rio de Janeiro,Vaz Lobo
Rio de Janeiro,RJ,Rio de Janeiro,Vicente de Carvalho
Rio de Janeiro,RJ,Rio de Janeiro,Vigario Geral
Rio de Janeiro,RJ,Rio de Janeiro,Vila da Penha
Rio de Janeiro,RJ,Rio de Janeiro,Vila Isabel
Rio de Janeiro,RJ,Rio de Janeiro,Vila Kosmos
Rio de Janeiro,RJ,Rio de Janeiro,Vila Militar
Rio de Janeiro,RJ,Rio de Janeiro,Vila Valqueire
Rio de Janeiro,RJ,Sao Goncalo,Alcantara
Rio de Janeiro,RJ,Sao Goncalo,Almerinda
Rio de Janeiro,RJ,Sao Goncalo,Amendoeira
Rio de Janeiro,RJ,Sao Goncalo,Antonina
Rio de Janeiro,RJ,Sao Goncalo,Arsenal
Rio de Janeiro,RJ,Sao Goncalo,Barracao
Rio de Janeiro,RJ,Sao Goncalo,Barreto
Rio de Janeiro,RJ,Sao Goncalo,Barro Vermelho
Rio de Janeiro,RJ,Sao Goncalo,Boa Vista
Rio de Janeiro,RJ,Sao Goncalo,Boacu
Rio de Janeiro,RJ,Sao Goncalo,Boqueirao Pequeno
Rio de Janeiro,RJ,Sao Goncalo,Brasilandia
Rio de Janeiro,RJ,Sao Goncalo,Camarao
Rio de Janeiro,RJ,Sao Goncalo,Centro
Rio de Janeiro,RJ,Sao Goncalo,Coelho
Rio de Janeiro,RJ,Sao Goncalo,Colubande
Rio de Janeiro,RJ,Sao Goncalo,Covanca
Rio de Janeiro,RJ,Sao Goncalo,Engenho Pequeno
Rio de Janeiro,RJ,Sao Goncalo,Estrela do Norte
Rio de Janeiro,RJ,Sao Goncalo,Galo Branco
Rio de Janeiro,RJ,Sao Goncalo,Gradim
Rio de Janeiro,RJ,Sao Goncalo,Guaxindiba
Rio de Janeiro,RJ,Sao Goncalo,Itaoca
Rio de Janeiro,RJ,Sao Goncalo,Itauna
Rio de Janeiro,RJ,Sao Goncalo,Jardim California
Rio de Janeiro,RJ,Sao Goncalo,Jardim Catarina
Rio de Janeiro,RJ,Sao Goncalo,Joquei Clube
Rio de Janeiro,RJ,Sao Goncalo,Lagoinha
Rio de Janeiro,RJ,Sao Goncalo,Laranjal
Rio de Janeiro,RJ,Sao Goncalo,Lindo Parque
Rio de Janeiro,RJ,Sao Goncalo,Mangueira
Rio de Janeiro,RJ,Sao Goncalo,Maria Paula
Rio de Janeiro,RJ,Sao Goncalo,Miriambi
Rio de Janeiro,RJ,Sao Goncalo,Monjolo
Rio de Janeiro,RJ,Sao Goncalo,Morro do Castro
Rio de Janeiro,RJ,Sao Goncalo,Mutondo
Rio de Janeiro,RJ,Sao Goncalo,Mutua
Rio de Janeiro,RJ,Sao Goncalo,Mutuaguacu
Rio de Janeiro,RJ,Sao Goncalo,Mutuapira
Rio de Janeiro,RJ,Sao Goncalo,Neves
Rio de Janeiro,RJ,Sao Goncalo,Nossa Senhora da Paz
Rio de Janeiro,RJ,Sao Goncalo,Nova Cidade
Rio de Janeiro,RJ,Sao Goncalo,Nova Grecia
Rio de Janeiro,RJ,Sao Goncalo,Novo Mexico
Rio de Janeiro,RJ,Sao Goncalo,Pacheco
Rio de Janeiro,RJ,Sao Goncalo,Paraiso
Rio de Janeiro,RJ,Sao Goncalo,Patronato
Rio de Janeiro,RJ,Sao Goncalo,Piao
Rio de Janeiro,RJ,Sao Goncalo,Portao do Rosa
Rio de Janeiro,RJ,Sao Goncalo,Porto da Pedra
Rio de Janeiro,RJ,Sao Goncalo,Porto do Rosa
Rio de Janeiro,RJ,Sao Goncalo,Porto Novo
Rio de Janeiro,RJ,Sao Goncalo,Porto Velho
Rio de Janeiro,RJ,Sao Goncalo,Raul Veiga
Rio de Janeiro,RJ,Sao Goncalo,Rio do Ouro
Rio de Janeiro,RJ,Sao Goncalo,Rocha
Rio de Janeiro,RJ,Sao Goncalo,Sacramento
Rio de Janeiro,RJ,Sao Goncalo,Santa Catarina
Rio de Janeiro,RJ,Sao Goncalo,Santa Isabel
Rio de Janeiro,RJ,Sao Goncalo,Santa Luzia
Rio de Janeiro,RJ,Sao Goncalo,Sao Miguel
Rio de Janeiro,RJ,Sao Goncalo,Sete Pontes
Rio de Janeiro,RJ,Sao Goncalo,Tenente Jardim
Rio de Janeiro,RJ,Sao Goncalo,Tribobo
Rio de Janeiro,RJ,Sao Goncalo,Trindade
Rio de Janeiro,RJ,Sao Goncalo,Venda da Cruz
Rio de Janeiro,RJ,Sao Goncalo,Vila Iara
Rio de Janeiro,RJ,Sao Goncalo,Vila Lage
Rio de Janeiro,RJ,Sao Goncalo,Vista Alegre
Rio de Janeiro,RJ,Sao Goncalo,Ze Garoto
Rio de Janeiro,RJ,Sao Joao de Meriti,Agostinho Porto
Rio de Janeiro,RJ,Sao Joao de Meriti,Centro
Rio de Janeiro,RJ,Sao Joao de Meriti,Coelho da Rocha
Rio de Janeiro,RJ,Sao Joao de Meriti,Eden
Rio de Janeiro,RJ,Sao Joao de Meriti,Engenheiro Belford
Rio de Janeiro,RJ,Sao Joao de Meriti,Farrula
Rio de Janeiro,RJ,Sao Joao de Meriti,Fonte Carioca
Rio de Janeiro,RJ,Sao Joao de Meriti,Grande Rio
Rio de Janeiro,RJ,Sao Joao de Meriti,Indiara
Rio de Janeiro,RJ,Sao Joao de Meriti,Itapoa
Rio de Janeiro,RJ,Sao Joao de Meriti,Jardim da Alegria
Rio de Janeiro,RJ,Sao Joao de Meriti,Jardim Fatima
Rio de Janeiro,RJ,Sao Joao de Meriti,Jardim Iris
Rio de Janeiro,RJ,Sao Joao de Meriti,Jardim Jose Bonifacio
Rio de Janeiro,RJ,Sao Joao de Meriti,Jardim Jurema
Rio de Janeiro,RJ,Sao Joao de Meriti,Jardim Meriti
Rio de Janeiro,RJ,Sao Joao de Meriti,Jardim Metropole
Rio de Janeiro,RJ,Sao Joao de Meriti,Jardim Nova California
Rio de Janeiro,RJ,Sao Joao de Meriti,Jardim Noya
Rio de Janeiro,RJ,Sao Joao de Meriti,Jardim Olavo Bilac
Rio de Janeiro,RJ,Sao Joao de Meriti,Jardim Paraiso
Rio de Janeiro,RJ,Sao Joao de Meriti,Jardim Santa Rosa
Rio de Janeiro,RJ,Sao Joao de Meriti,Jardim Santo Antonio
Rio de Janeiro,RJ,Sao Joao de Meriti,Jardim Sumare
Rio de Janeiro,RJ,Sao Joao de Meriti,Lar Fluminense
Rio de Janeiro,RJ,Sao Joao de Meriti,Parque Alian
Rio de Janeiro,RJ,Sao Joao de Meriti,Parque Analandia
Rio de Janeiro,RJ,Sao Joao de Meriti,Parque Araruama
Rio de Janeiro,RJ,Sao Joao de Meriti,Parque Barreto
Rio de Janeiro,RJ,Sao Joao de Meriti,Parque Cruz Alta
Rio de Janeiro,RJ,Sao Joao de Meriti,Parque Elisabete
Rio de Janeiro,RJ,Sao Joao de Meriti,Parque Juriti
Rio de Janeiro,RJ,Sao Joao de Meriti,Parque Novo Rio
Rio de Janeiro,RJ,Sao Joao de Meriti,Parque Regina
Rio de Janeiro,RJ,Sao Joao de Meriti,Parque Sao Judas Tadeu
Rio de Janeiro,RJ,Sao Joao de Meriti,Parque Sao Nicolau
Rio de Janeiro,RJ,Sao Joao de Meriti,Parque Sao Roque
Rio de Janeiro,RJ,Sao Joao de Meriti,Parque Siqueira
Rio de Janeiro,RJ,Sao Joao de Meriti,Parque Teles de Menezes
Rio de Janeiro,RJ,Sao Joao de Meriti,Parque Tiete
Rio de Janeiro,RJ,Sao Joao de Meriti,Parque Vitoria
Rio de Janeiro,RJ,Sao Joao de Meriti,Sao Mateus
Rio de Janeiro,RJ,Sao Joao de Meriti,Sitio dos Gansos
Rio de Janeiro,RJ,Sao Joao de Meriti,Tomazinho
Rio de Janeiro,RJ,Sao Joao de Meriti,Vale da Simpatia
Rio de Janeiro,RJ,Sao Joao de Meriti,Vila Andorinhas
Rio de Janeiro,RJ,Sao Joao de Meriti,Vila Columbia
Rio de Janeiro,RJ,Sao Joao de Meriti,Vila dos Guedes
Rio de Janeiro,RJ,Sao Joao de Meriti,Vila Fluminense
Rio de Janeiro,RJ,Sao Joao de Meriti,Vila Gentil
Rio de Janeiro,RJ,Sao Joao de Meriti,Vila Jurandir
Rio de Janeiro,RJ,Sao Joao de Meriti,Vila Lais
Rio de Janeiro,RJ,Sao Joao de Meriti,Vila Nadir
Rio de Janeiro,RJ,Sao Joao de Meriti,Vila Norma
Rio de Janeiro,RJ,Sao Joao de Meriti,Vila Nossa Senhora Aparecida
Rio de Janeiro,RJ,Sao Joao de Meriti,Vila Nossa Senhora de Fatima
Rio de Janeiro,RJ,Sao Joao de Meriti,Vila Rosali
Rio de Janeiro,RJ,Sao Joao de Meriti,Vila Santa Rita
Rio de Janeiro,RJ,Sao Joao de Meriti,Vila Sao Joao
Rio de Janeiro,RJ,Sao Joao de Meriti,Vila Saudade
Rio de Janeiro,RJ,Sao Joao de Meriti,Vila Tiradentes
Rio de Janeiro,RJ,Sao Joao de Meriti,Vila Venus
Rio de Janeiro,RJ,Sao Joao de Meriti,Vila Zulmira
Rio de Janeiro,RJ,Sao Joao de Meriti,Vilar dos Teles
Rio de Janeiro,RJ,Sao Joao de Meriti,Vilar Formoso
Rio de Janeiro,RJ,Teresopolis,Agrioes
Rio de Janeiro,RJ,Teresopolis,Albuquerque
Rio de Janeiro,RJ,Teresopolis,Alto
Rio de Janeiro,RJ,Teresopolis,Araras
Rio de Janeiro,RJ,Teresopolis,Artistas
Rio de Janeiro,RJ,Teresopolis,Barra do Imbui
Rio de Janeiro,RJ,Teresopolis,Barroso
Rio de Janeiro,RJ,Teresopolis,Bom Retiro
Rio de Janeiro,RJ,Teresopolis,Bonsucesso
Rio de Janeiro,RJ,Teresopolis,Caleme
Rio de Janeiro,RJ,Teresopolis,Carlos Guinle
Rio de Janeiro,RJ,Teresopolis,Cascata do Imbui
Rio de Janeiro,RJ,Teresopolis,Cascata dos Amores
Rio de Janeiro,RJ,Teresopolis,Cascata Guarani
Rio de Janeiro,RJ,Teresopolis,Corta Vento
Rio de Janeiro,RJ,Teresopolis,Ermitage
Rio de Janeiro,RJ,Teresopolis,Fazendinha
Rio de Janeiro,RJ,Teresopolis,Fonte Santa
Rio de Janeiro,RJ,Teresopolis,Golfe
Rio de Janeiro,RJ,Teresopolis,Granja Florestal
Rio de Janeiro,RJ,Teresopolis,Granja Guarani
Rio de Janeiro,RJ,Teresopolis,Itapemirim
Rio de Janeiro,RJ,Teresopolis,Iucas
Rio de Janeiro,RJ,Teresopolis,Jardim Cascata
Rio de Janeiro,RJ,Teresopolis,Jardim Europa
Rio de Janeiro,RJ,Teresopolis,Jardim Meudon
Rio de Janeiro,RJ,Teresopolis,Jardim Pinheiros
Rio de Janeiro,RJ,Teresopolis,Jardim Salaco
Rio de Janeiro,RJ,Teresopolis,Meudon
Rio de Janeiro,RJ,Teresopolis,Paineira
Rio de Janeiro,RJ,Teresopolis,Panorama
Rio de Janeiro,RJ,Teresopolis,Parque do Imbui
Rio de Janeiro,RJ,Teresopolis,Parque do Inga
Rio de Janeiro,RJ,Teresopolis,Parque Sao Luiz
Rio de Janeiro,RJ,Teresopolis,Pimenteiras
Rio de Janeiro,RJ,Teresopolis,Posse
Rio de Janeiro,RJ,Teresopolis,Prata
Rio de Janeiro,RJ,Teresopolis,Quebra Frascos
Rio de Janeiro,RJ,Teresopolis,Quinta da Barra
Rio de Janeiro,RJ,Teresopolis,Quinta Lebrao
Rio de Janeiro,RJ,Teresopolis,Santa Cecilia
Rio de Janeiro,RJ,Teresopolis,Sao Pedro
Rio de Janeiro,RJ,Teresopolis,Soberbo
Rio de Janeiro,RJ,Teresopolis,Taumaturgo
Rio de Janeiro,RJ,Teresopolis,Tijuca
Rio de Janeiro,RJ,Teresopolis,Vale do Paraiso
Rio de Janeiro,RJ,Teresopolis,Varzea
Rio de Janeiro,RJ,Teresopolis,Vila Muqui
Rio de Janeiro,RJ,Tres Rios,Boa Uniao
Rio de Janeiro,RJ,Tres Rios,Caixa D'agua
Rio de Janeiro,RJ,Tres Rios,Cantagalo
Rio de Janeiro,RJ,Tres Rios,Centro
Rio de Janeiro,RJ,Tres Rios,Cidade Nova
Rio de Janeiro,RJ,Tres Rios,Hermogenio Silva
Rio de Janeiro,RJ,Tres Rios,Jardim Primavera
Rio de Janeiro,RJ,Tres Rios,Ladeira das Palmeiras
Rio de Janeiro,RJ,Tres Rios,Monte Castelo
Rio de Janeiro,RJ,Tres Rios,Morro da Ctb
Rio de Janeiro,RJ,Tres Rios,Moura Brasil
Rio de Janeiro,RJ,Tres Rios,Nova Niteroi
Rio de Janeiro,RJ,Tres Rios,Patio da Estacao
Rio de Janeiro,RJ,Tres Rios,Piloes
Rio de Janeiro,RJ,Tres Rios,Ponte das Garcas
Rio de Janeiro,RJ,Tres Rios,Ponto Azul
Rio de Janeiro,RJ,Tres Rios,Portao Vermelho
Rio de Janeiro,RJ,Tres Rios,Puriz
Rio de Janeiro,RJ,Tres Rios,Santa Rosa
Rio de Janeiro,RJ,Tres Rios,Santa Teresinha
Rio de Janeiro,RJ,Tres Rios,Triangulo
Rio de Janeiro,RJ,Tres Rios,Vila Isabel
Rio de Janeiro,RJ,Volta Redonda,Acude
Rio de Janeiro,RJ,Volta Redonda,Aero Clube
Rio de Janeiro,RJ,Volta Redonda,Agua Limpa
Rio de Janeiro,RJ,Volta Redonda,Aterrado
Rio de Janeiro,RJ,Volta Redonda,Barreira Cravo
Rio de Janeiro,RJ,Volta Redonda,Bela Vista
Rio de Janeiro,RJ,Volta Redonda,Belmonte
Rio de Janeiro,RJ,Volta Redonda,Belo Horizonte
Rio de Janeiro,RJ,Volta Redonda,Bom Jesus
Rio de Janeiro,RJ,Volta Redonda,Brasilandia
Rio de Janeiro,RJ,Volta Redonda,Candelaria
Rio de Janeiro,RJ,Volta Redonda,Centro
Rio de Janeiro,RJ,Volta Redonda,Conforto
Rio de Janeiro,RJ,Volta Redonda,Coqueiros
Rio de Janeiro,RJ,Volta Redonda,Divineia
Rio de Janeiro,RJ,Volta Redonda,Dom Bosco
Rio de Janeiro,RJ,Volta Redonda,Eldorado
Rio de Janeiro,RJ,Volta Redonda,Eucaliptal
Rio de Janeiro,RJ,Volta Redonda,Jardim Amalia
Rio de Janeiro,RJ,Volta Redonda,Jardim Belvedere
Rio de Janeiro,RJ,Volta Redonda,Jardim Cidade do Aco
Rio de Janeiro,RJ,Volta Redonda,Jardim Europa
Rio de Janeiro,RJ,Volta Redonda,Jardim Normandia
Rio de Janeiro,RJ,Volta Redonda,Jardim Paraiba
Rio de Janeiro,RJ,Volta Redonda,Jardim Primavera
Rio de Janeiro,RJ,Volta Redonda,Jardim Suica
Rio de Janeiro,RJ,Volta Redonda,Jardim Veneza
Rio de Janeiro,RJ,Volta Redonda,Laranjal
Rio de Janeiro,RJ,Volta Redonda,Limoeiro
Rio de Janeiro,RJ,Volta Redonda,Mariana Torres
Rio de Janeiro,RJ,Volta Redonda,Minerlandia
Rio de Janeiro,RJ,Volta Redonda,Morro da Conquista
Rio de Janeiro,RJ,Volta Redonda,Niteroi
Rio de Janeiro,RJ,Volta Redonda,Nossa Senhora das Gracas
Rio de Janeiro,RJ,Volta Redonda,Ponte Alta
Rio de Janeiro,RJ,Volta Redonda,Retiro
Rio de Janeiro,RJ,Volta Redonda,Rustico
Rio de Janeiro,RJ,Volta Redonda,Santa Rita do Zarur
Rio de Janeiro,RJ,Volta Redonda,Santo Agostinho
Rio de Janeiro,RJ,Volta Redonda,Sao Carlos
Rio de Janeiro,RJ,Volta Redonda,Sao Cristovao
Rio de Janeiro,RJ,Volta Redonda,Sao Geraldo
Rio de Janeiro,RJ,Volta Redonda,Sao Joao
Rio de Janeiro,RJ,Volta Redonda,Sao Joao Batista
Rio de Janeiro,RJ,Volta Redonda,Sao Lucas
Rio de Janeiro,RJ,Volta Redonda,Sao Luis
Rio de Janeiro,RJ,Volta Redonda,Sessenta
Rio de Janeiro,RJ,Volta Redonda,Siderlandia
Rio de Janeiro,RJ,Volta Redonda,Vila Americana
Rio de Janeiro,RJ,Volta Redonda,Vila Brasilia
Rio de Janeiro,RJ,Volta Redonda,Vila Grande
Rio de Janeiro,RJ,Volta Redonda,Vila Mury
Rio de Janeiro,RJ,Volta Redonda,Vila Santa Cecilia
Rio de Janeiro,RJ,Volta Redonda,Voldac
Rio Grande do Norte,RN,Mossoro,Abolicao
Rio Grande do Norte,RN,Mossoro,Aeroporto
Rio Grande do Norte,RN,Mossoro,Alto da Conceicao
Rio Grande do Norte,RN,Mossoro,Alto de Sao Manoel
Rio Grande do Norte,RN,Mossoro,Alto do Sumare
Rio Grande do Norte,RN,Mossoro,Barrocas
Rio Grande do Norte,RN,Mossoro,Belo Horizonte
Rio Grande do Norte,RN,Mossoro,Boa Vista
Rio Grande do Norte,RN,Mossoro,Bom Jardim
Rio Grande do Norte,RN,Mossoro,Centro
Rio Grande do Norte,RN,Mossoro,Dom Jaime Camara
Rio Grande do Norte,RN,Mossoro,Doze Anos
Rio Grande do Norte,RN,Mossoro,Ilha de Santa Luzia
Rio Grande do Norte,RN,Mossoro,Nova Betania
Rio Grande do Norte,RN,Mossoro,Paredoes
Rio Grande do Norte,RN,Mossoro,Pintos
Rio Grande do Norte,RN,Mossoro,Planalto Treze de Maio
Rio Grande do Norte,RN,Mossoro,Presidente Costa e Silva
Rio Grande do Norte,RN,Mossoro,Santo Antonio
Rio Grande do Norte,RN,Natal,Alecrim
Rio Grande do Norte,RN,Natal,Areia Preta
Rio Grande do Norte,RN,Natal,Barro Vermelho
Rio Grande do Norte,RN,Natal,Bom Pastor
Rio Grande do Norte,RN,Natal,Candelaria
Rio Grande do Norte,RN,Natal,Capim Macio
Rio Grande do Norte,RN,Natal,Cidade Alta
Rio Grande do Norte,RN,Natal,Cidade da Esperanca
Rio Grande do Norte,RN,Natal,Cidade Nova
Rio Grande do Norte,RN,Natal,Dix-sept Rosado
Rio Grande do Norte,RN,Natal,Felipe Camarao
Rio Grande do Norte,RN,Natal,Igapo
Rio Grande do Norte,RN,Natal,Lagoa Azul
Rio Grande do Norte,RN,Natal,Lagoa Nova
Rio Grande do Norte,RN,Natal,Lagoa Seca
Rio Grande do Norte,RN,Natal,Mae Luiza
Rio Grande do Norte,RN,Natal,Neopolis
Rio Grande do Norte,RN,Natal,Nordeste
Rio Grande do Norte,RN,Natal,Nossa Senhora da Apresentacao
Rio Grande do Norte,RN,Natal,Nossa Senhora de Nazare
Rio Grande do Norte,RN,Natal,Nova Descoberta
Rio Grande do Norte,RN,Natal,Pajucara
Rio Grande do Norte,RN,Natal,Petropolis
Rio Grande do Norte,RN,Natal,Pitimbu
Rio Grande do Norte,RN,Natal,Ponta Negra
Rio Grande do Norte,RN,Natal,Potengi
Rio Grande do Norte,RN,Natal,Praia do Meio
Rio Grande do Norte,RN,Natal,Quintas
Rio Grande do Norte,RN,Natal,Redinha
Rio Grande do Norte,RN,Natal,Ribeira
Rio Grande do Norte,RN,Natal,Rocas
Rio Grande do Norte,RN,Natal,Santos Reis
Rio Grande do Norte,RN,Natal,Tirol
Rio Grande do Sul,RS,Alegrete,Atlantida
Rio Grande do Sul,RS,Alegrete,Balneario Cavera
Rio Grande do Sul,RS,Alegrete,Boa Vista
Rio Grande do Sul,RS,Alegrete,Canudos
Rio Grande do Sul,RS,Alegrete,Capao do Angico
Rio Grande do Sul,RS,Alegrete,Centro
Rio Grande do Sul,RS,Alegrete,Cidade Alta
Rio Grande do Sul,RS,Alegrete,Cohab Restinga
Rio Grande do Sul,RS,Alegrete,Coxilha
Rio Grande do Sul,RS,Alegrete,e Zuneda
Rio Grande do Sul,RS,Alegrete,Favila
Rio Grande do Sul,RS,Alegrete,Gamino
Rio Grande do Sul,RS,Alegrete,Ibirapuita
Rio Grande do Sul,RS,Alegrete,Independencia
Rio Grande do Sul,RS,Alegrete,Inez
Rio Grande do Sul,RS,Alegrete,Jardim Planalto
Rio Grande do Sul,RS,Alegrete,Lara
Rio Grande do Sul,RS,Alegrete,Macedo
Rio Grande do Sul,RS,Alegrete,Nova Brasilia
Rio Grande do Sul,RS,Alegrete,Novo Lar
Rio Grande do Sul,RS,Alegrete,Petropolis
Rio Grande do Sul,RS,Alegrete,Piola
Rio Grande do Sul,RS,Alegrete,Prado
Rio Grande do Sul,RS,Alegrete,Progresso
Rio Grande do Sul,RS,Alegrete,Promorar
Rio Grande do Sul,RS,Alegrete,Restinga
Rio Grande do Sul,RS,Alegrete,Santos Dumont
Rio Grande do Sul,RS,Alegrete,Vera Cruz
Rio Grande do Sul,RS,Alegrete,Vila Kennedy
Rio Grande do Sul,RS,Alegrete,Vila Nova
Rio Grande do Sul,RS,Alvorada,Americana
Rio Grande do Sul,RS,Alvorada,Aparecida
Rio Grande do Sul,RS,Alvorada,Bela Vista
Rio Grande do Sul,RS,Alvorada,Formoza
Rio Grande do Sul,RS,Alvorada,Jardim Algarve
Rio Grande do Sul,RS,Alvorada,Maria Regina
Rio Grande do Sul,RS,Alvorada,Maringa
Rio Grande do Sul,RS,Alvorada,Passo do Feijo
Rio Grande do Sul,RS,Alvorada,Piratini
Rio Grande do Sul,RS,Alvorada,Stella Maris
Rio Grande do Sul,RS,Alvorada,Sumare
Rio Grande do Sul,RS,Alvorada,Tijuca
Rio Grande do Sul,RS,Alvorada,Vila Tupa
Rio Grande do Sul,RS,Bage,Aeroporto
Rio Grande do Sul,RS,Bage,Arvorezinha
Rio Grande do Sul,RS,Bage,Castro Alves
Rio Grande do Sul,RS,Bage,Centro
Rio Grande do Sul,RS,Bage,Estrela D'alva
Rio Grande do Sul,RS,Bage,Floresta
Rio Grande do Sul,RS,Bage,Getulio Vargas
Rio Grande do Sul,RS,Bage,Industrial I
Rio Grande do Sul,RS,Bage,Jardim do Castelo
Rio Grande do Sul,RS,Bage,Menino Deus
Rio Grande do Sul,RS,Bage,Passo do Principe
Rio Grande do Sul,RS,Bage,Pedras Brancas
Rio Grande do Sul,RS,Bage,Popular
Rio Grande do Sul,RS,Bage,Prado Velho
Rio Grande do Sul,RS,Bage,Sao Jorge
Rio Grande do Sul,RS,Bage,Sao Jose
Rio Grande do Sul,RS,Bage,Sao Judas
Rio Grande do Sul,RS,Bage,Sao Martins
Rio Grande do Sul,RS,Bage,Taruma
Rio Grande do Sul,RS,Bage,Tiaraju
Rio Grande do Sul,RS,Cachoeira do Sul,Alto Amorim
Rio Grande do Sul,RS,Cachoeira do Sul,Augusta
Rio Grande do Sul,RS,Cachoeira do Sul,Barcelos
Rio Grande do Sul,RS,Cachoeira do Sul,Bom Retiro
Rio Grande do Sul,RS,Cachoeira do Sul,Centro
Rio Grande do Sul,RS,Cachoeira do Sul,Cohab
Rio Grande do Sul,RS,Cachoeira do Sul,Cristo Rei
Rio Grande do Sul,RS,Cachoeira do Sul,Drews
Rio Grande do Sul,RS,Cachoeira do Sul,Franceschin
Rio Grande do Sul,RS,Cachoeira do Sul,Frota
Rio Grande do Sul,RS,Cachoeira do Sul,Goncalves
Rio Grande do Sul,RS,Cachoeira do Sul,Marina
Rio Grande do Sul,RS,Cachoeira do Sul,Marques Ribeiro
Rio Grande do Sul,RS,Cachoeira do Sul,Medianeira
Rio Grande do Sul,RS,Cachoeira do Sul,Noemia
Rio Grande do Sul,RS,Cachoeira do Sul,Nossa Senhora de Fatima
Rio Grande do Sul,RS,Cachoeira do Sul,Oliveira
Rio Grande do Sul,RS,Cachoeira do Sul,Otaviano
Rio Grande do Sul,RS,Cachoeira do Sul,Parque Scopel
Rio Grande do Sul,RS,Cachoeira do Sul,Parque Xangrila
Rio Grande do Sul,RS,Cachoeira do Sul,Ponche Verde
Rio Grande do Sul,RS,Cachoeira do Sul,Promorar
Rio Grande do Sul,RS,Cachoeira do Sul,Quinta da Boa Vista
Rio Grande do Sul,RS,Cachoeira do Sul,Rio Branco
Rio Grande do Sul,RS,Cachoeira do Sul,Santa Helena
Rio Grande do Sul,RS,Cachoeira do Sul,Santa Terezinha
Rio Grande do Sul,RS,Cachoeira do Sul,Santo Antonio
Rio Grande do Sul,RS,Cachoeira do Sul,Sao Jose
Rio Grande do Sul,RS,Cachoeira do Sul,Soares
Rio Grande do Sul,RS,Cachoeira do Sul,Tibirica
Rio Grande do Sul,RS,Cachoeira do Sul,Tupinamba
Rio Grande do Sul,RS,Cachoeira do Sul,Vila Carvalho
Rio Grande do Sul,RS,Cachoeira do Sul,Visconde de Maua
Rio Grande do Sul,RS,Cachoeirinha,Cedic
Rio Grande do Sul,RS,Cachoeirinha,Cohab
Rio Grande do Sul,RS,Cachoeirinha,Distrito Industrial
Rio Grande do Sul,RS,Cachoeirinha,Nova Fatima
Rio Grande do Sul,RS,Cachoeirinha,Parque da Matriz
Rio Grande do Sul,RS,Cachoeirinha,Parque Espirito Santo
Rio Grande do Sul,RS,Cachoeirinha,Parque Granja Esperanca
Rio Grande do Sul,RS,Cachoeirinha,Parque Marechal Rondon
Rio Grande do Sul,RS,Cachoeirinha,Vila Bom Principio
Rio Grande do Sul,RS,Cachoeirinha,Vila Cachoeirinha
Rio Grande do Sul,RS,Cachoeirinha,Vila Carlos Antonio Wilkens
Rio Grande do Sul,RS,Cachoeirinha,Vila City
Rio Grande do Sul,RS,Cachoeirinha,Vila da Paz
Rio Grande do Sul,RS,Cachoeirinha,Vila Eunice Nova
Rio Grande do Sul,RS,Cachoeirinha,Vila Eunice Velha
Rio Grande do Sul,RS,Cachoeirinha,Vila Fatima
Rio Grande do Sul,RS,Cachoeirinha,Vila Imbuhy
Rio Grande do Sul,RS,Cachoeirinha,Vila Jardim America
Rio Grande do Sul,RS,Cachoeirinha,Vila Marcia
Rio Grande do Sul,RS,Cachoeirinha,Vila Maua
Rio Grande do Sul,RS,Cachoeirinha,Vila Monte Carlo
Rio Grande do Sul,RS,Cachoeirinha,Vila Parque Brasilia
Rio Grande do Sul,RS,Cachoeirinha,Vila Ponta Pora
Rio Grande do Sul,RS,Cachoeirinha,Vila Princesa Izabel
Rio Grande do Sul,RS,Cachoeirinha,Vila Quitandinha
Rio Grande do Sul,RS,Cachoeirinha,Vila Regina
Rio Grande do Sul,RS,Cachoeirinha,Vila Santo Angelo
Rio Grande do Sul,RS,Cachoeirinha,Vila Silveira Martins
Rio Grande do Sul,RS,Cachoeirinha,Vila Veranopolis
Rio Grande do Sul,RS,Cachoeirinha,Vila Vista Alegre
Rio Grande do Sul,RS,Canoas,Centro
Rio Grande do Sul,RS,Canoas,Estancia Velha
Rio Grande do Sul,RS,Canoas,Fatima
Rio Grande do Sul,RS,Canoas,Harmonia
Rio Grande do Sul,RS,Canoas,Marechal Rondon
Rio Grande do Sul,RS,Canoas,Matias Velho
Rio Grande do Sul,RS,Canoas,Mato Grande
Rio Grande do Sul,RS,Canoas,Niteroi
Rio Grande do Sul,RS,Canoas,Nossa Senhora das Gracas
Rio Grande do Sul,RS,Canoas,Rio Branco
Rio Grande do Sul,RS,Canoas,Sao Jose
Rio Grande do Sul,RS,Canoas,Sao Luis
Rio Grande do Sul,RS,Canoas,Vila Igara
Rio Grande do Sul,RS,Canoas,Vila Rosa
Rio Grande do Sul,RS,Caxias do Sul,Ana Rech
Rio Grande do Sul,RS,Caxias do Sul,Bela Vista
Rio Grande do Sul,RS,Caxias do Sul,Centro
Rio Grande do Sul,RS,Caxias do Sul,Cinquentenario
Rio Grande do Sul,RS,Caxias do Sul,Cristo Redentor
Rio Grande do Sul,RS,Caxias do Sul,Cruzeiro
Rio Grande do Sul,RS,Caxias do Sul,Desvio Rizzo
Rio Grande do Sul,RS,Caxias do Sul,Esplanada
Rio Grande do Sul,RS,Caxias do Sul,Exposicao
Rio Grande do Sul,RS,Caxias do Sul,Forqueta
Rio Grande do Sul,RS,Caxias do Sul,Galopolis
Rio Grande do Sul,RS,Caxias do Sul,Interlagos
Rio Grande do Sul,RS,Caxias do Sul,Jardelino Ramos
Rio Grande do Sul,RS,Caxias do Sul,Jardim America
Rio Grande do Sul,RS,Caxias do Sul,Jardim Eldorado
Rio Grande do Sul,RS,Caxias do Sul,Kayser
Rio Grande do Sul,RS,Caxias do Sul,Lazzer
Rio Grande do Sul,RS,Caxias do Sul,Lurdes
Rio Grande do Sul,RS,Caxias do Sul,Madureira
Rio Grande do Sul,RS,Caxias do Sul,Marechal Floriano
Rio Grande do Sul,RS,Caxias do Sul,Mariland
Rio Grande do Sul,RS,Caxias do Sul,Medianeira
Rio Grande do Sul,RS,Caxias do Sul,Nossa Senhora de Fatima
Rio Grande do Sul,RS,Caxias do Sul,Panazzolo
Rio Grande do Sul,RS,Caxias do Sul,Petropolis
Rio Grande do Sul,RS,Caxias do Sul,Pio X
Rio Grande do Sul,RS,Caxias do Sul,Pioneiro
Rio Grande do Sul,RS,Caxias do Sul,Planalto
Rio Grande do Sul,RS,Caxias do Sul,Presidente Vargas
Rio Grande do Sul,RS,Caxias do Sul,Rio Branco
Rio Grande do Sul,RS,Caxias do Sul,Sagrada Familia
Rio Grande do Sul,RS,Caxias do Sul,Saint Etienne
Rio Grande do Sul,RS,Caxias do Sul,Salgado Filho
Rio Grande do Sul,RS,Caxias do Sul,Santa Catarina
Rio Grande do Sul,RS,Caxias do Sul,Santa Fe
Rio Grande do Sul,RS,Caxias do Sul,Santos Dumont
Rio Grande do Sul,RS,Caxias do Sul,Sao Ciro
Rio Grande do Sul,RS,Caxias do Sul,Sao Jose
Rio Grande do Sul,RS,Caxias do Sul,Sao Leopoldo
Rio Grande do Sul,RS,Caxias do Sul,Sao Pelegrino
Rio Grande do Sul,RS,Caxias do Sul,Universitario
Rio Grande do Sul,RS,Cruz Alta,Bonini
Rio Grande do Sul,RS,Cruz Alta,Brum
Rio Grande do Sul,RS,Cruz Alta,Cebem
Rio Grande do Sul,RS,Cruz Alta,Central
Rio Grande do Sul,RS,Cruz Alta,Centro
Rio Grande do Sul,RS,Cruz Alta,Chacaras do Sul
Rio Grande do Sul,RS,Cruz Alta,Condominio Alvorada
Rio Grande do Sul,RS,Cruz Alta,Condominio Tamoio
Rio Grande do Sul,RS,Cruz Alta,Educacional
Rio Grande do Sul,RS,Cruz Alta,Independencia
Rio Grande do Sul,RS,Cruz Alta,Jardim America
Rio Grande do Sul,RS,Cruz Alta,Jardim Petropolis
Rio Grande do Sul,RS,Cruz Alta,Malheiros
Rio Grande do Sul,RS,Cruz Alta,Marcelo
Rio Grande do Sul,RS,Cruz Alta,Nossa Senhora da Penha
Rio Grande do Sul,RS,Cruz Alta,Nossa Senhora de Fatima
Rio Grande do Sul,RS,Cruz Alta,Perpetuo Socorro
Rio Grande do Sul,RS,Cruz Alta,Planato
Rio Grande do Sul,RS,Cruz Alta,Prefeito Vila Nova
Rio Grande do Sul,RS,Cruz Alta,Santa Rita
Rio Grande do Sul,RS,Cruz Alta,Sao Genaro
Rio Grande do Sul,RS,Cruz Alta,Sao Joao
Rio Grande do Sul,RS,Cruz Alta,Sao Jose
Rio Grande do Sul,RS,Cruz Alta,Sao Miguel
Rio Grande do Sul,RS,Cruz Alta,Soa Jorge
Rio Grande do Sul,RS,Cruz Alta,Vereador Emilio Droppa
Rio Grande do Sul,RS,Cruz Alta,Vila Abegay
Rio Grande do Sul,RS,Cruz Alta,Vila Arco Iris
Rio Grande do Sul,RS,Cruz Alta,Vila Azambuja
Rio Grande do Sul,RS,Cruz Alta,Vila Braz Caino
Rio Grande do Sul,RS,Cruz Alta,Vila Brenner
Rio Grande do Sul,RS,Cruz Alta,Vila Conceicao
Rio Grande do Sul,RS,Cruz Alta,Vila Dirceu
Rio Grande do Sul,RS,Cruz Alta,Vila Esperanca
Rio Grande do Sul,RS,Cruz Alta,Vila Garibaldi
Rio Grande do Sul,RS,Cruz Alta,Vila Gobo
Rio Grande do Sul,RS,Cruz Alta,Vila Hilda
Rio Grande do Sul,RS,Cruz Alta,Vila Isabel
Rio Grande do Sul,RS,Cruz Alta,Vila Jung
Rio Grande do Sul,RS,Cruz Alta,Vila Ludke
Rio Grande do Sul,RS,Cruz Alta,Vila Militar
Rio Grande do Sul,RS,Cruz Alta,Vila Presidente Joao Goulart
Rio Grande do Sul,RS,Cruz Alta,Vila Progresso
Rio Grande do Sul,RS,Cruz Alta,Vila Rancho do Rio Grande
Rio Grande do Sul,RS,Cruz Alta,Vila Rica
Rio Grande do Sul,RS,Cruz Alta,Vila Rocha
Rio Grande do Sul,RS,Cruz Alta,Vila Santa Terezinha
Rio Grande do Sul,RS,Cruz Alta,Vila Santo Antonio
Rio Grande do Sul,RS,Cruz Alta,Vila Sao Francisco
Rio Grande do Sul,RS,Cruz Alta,Vila Schettert
Rio Grande do Sul,RS,Cruz Alta,Vila Schimidt
Rio Grande do Sul,RS,Cruz Alta,Vila Toribio Verissimo
Rio Grande do Sul,RS,Esteio,Centro
Rio Grande do Sul,RS,Esteio,Cohab
Rio Grande do Sul,RS,Esteio,Cristi
Rio Grande do Sul,RS,Esteio,Jardim das Figueiras
Rio Grande do Sul,RS,Esteio,Novo Esteio
Rio Grande do Sul,RS,Esteio,Parque Amador
Rio Grande do Sul,RS,Esteio,Parque Claret
Rio Grande do Sul,RS,Esteio,Parque Primavera
Rio Grande do Sul,RS,Esteio,Parque Santo Inacio
Rio Grande do Sul,RS,Esteio,Parque Sao Jorge
Rio Grande do Sul,RS,Esteio,Parque Tamandare
Rio Grande do Sul,RS,Esteio,Premem
Rio Grande do Sul,RS,Esteio,Sao Sebastiao
Rio Grande do Sul,RS,Esteio,Vila Esperanca
Rio Grande do Sul,RS,Esteio,Vila Nazareno
Rio Grande do Sul,RS,Esteio,Vila Olimpica
Rio Grande do Sul,RS,Esteio,Vila Osorio
Rio Grande do Sul,RS,Esteio,Vila Pauluzzi
Rio Grande do Sul,RS,Esteio,Vila Rica
Rio Grande do Sul,RS,Esteio,Vila Sao Jose
Rio Grande do Sul,RS,Esteio,Vila Teopolis
Rio Grande do Sul,RS,Esteio,Vila Tres Marias
Rio Grande do Sul,RS,Esteio,Vila Tres Portos
Rio Grande do Sul,RS,Gravatai,Barnabe
Rio Grande do Sul,RS,Gravatai,Bom Principio
Rio Grande do Sul,RS,Gravatai,Bom Sucesso
Rio Grande do Sul,RS,Gravatai,Caca e Pesca
Rio Grande do Sul,RS,Gravatai,Castelo Branco
Rio Grande do Sul,RS,Gravatai,Central
Rio Grande do Sul,RS,Gravatai,Centro
Rio Grande do Sul,RS,Gravatai,Cohab B
Rio Grande do Sul,RS,Gravatai,Cohab C
Rio Grande do Sul,RS,Gravatai,Dom Feciliano
Rio Grande do Sul,RS,Gravatai,Dona Mercedes
Rio Grande do Sul,RS,Gravatai,Girassol
Rio Grande do Sul,RS,Gravatai,Jansen
Rio Grande do Sul,RS,Gravatai,Jardim do Cedro
Rio Grande do Sul,RS,Gravatai,Loteamento Jardim Florenca
Rio Grande do Sul,RS,Gravatai,Loteamento Rural Palermo
Rio Grande do Sul,RS,Gravatai,Loteamento Umbu
Rio Grande do Sul,RS,Gravatai,Loteamento Vila Rica
Rio Grande do Sul,RS,Gravatai,Mato Alto
Rio Grande do Sul,RS,Gravatai,Morada do Vale I
Rio Grande do Sul,RS,Gravatai,Morada do Vale II
Rio Grande do Sul,RS,Gravatai,Morada do Vale III
Rio Grande do Sul,RS,Gravatai,Natal
Rio Grande do Sul,RS,Gravatai,Neopolis
Rio Grande do Sul,RS,Gravatai,Novo Mundo
Rio Grande do Sul,RS,Gravatai,Orico
Rio Grande do Sul,RS,Gravatai,Parque dos Anjos
Rio Grande do Sul,RS,Gravatai,Parque Florido
Rio Grande do Sul,RS,Gravatai,Parque Ipiranga
Rio Grande do Sul,RS,Gravatai,Passo das Pedras
Rio Grande do Sul,RS,Gravatai,Passos dos Ferreiros
Rio Grande do Sul,RS,Gravatai,Recanto Corcunda
Rio Grande do Sul,RS,Gravatai,Sagrada Familia
Rio Grande do Sul,RS,Gravatai,Santa Cruz
Rio Grande do Sul,RS,Gravatai,Santa Fe
Rio Grande do Sul,RS,Gravatai,Sao Jeronimo
Rio Grande do Sul,RS,Gravatai,Sao Judas Tadeu
Rio Grande do Sul,RS,Gravatai,Sao Vicente
Rio Grande do Sul,RS,Gravatai,Sitio Gaucho
Rio Grande do Sul,RS,Gravatai,Sitio Sobrado
Rio Grande do Sul,RS,Gravatai,Vera Cruz
Rio Grande do Sul,RS,Gravatai,Vila Morada Gaucha
Rio Grande do Sul,RS,Novo Hamburgo,Boa Vista
Rio Grande do Sul,RS,Novo Hamburgo,Canudos
Rio Grande do Sul,RS,Novo Hamburgo,Centro
Rio Grande do Sul,RS,Novo Hamburgo,Guarani
Rio Grande do Sul,RS,Novo Hamburgo,Hamburgo Velho
Rio Grande do Sul,RS,Novo Hamburgo,Ideal
Rio Grande do Sul,RS,Novo Hamburgo,Industrial
Rio Grande do Sul,RS,Novo Hamburgo,Liberdade
Rio Grande do Sul,RS,Novo Hamburgo,Lomba Grande
Rio Grande do Sul,RS,Novo Hamburgo,Maua
Rio Grande do Sul,RS,Novo Hamburgo,Operario
Rio Grande do Sul,RS,Novo Hamburgo,Ouro Branco
Rio Grande do Sul,RS,Novo Hamburgo,Patria Nova
Rio Grande do Sul,RS,Novo Hamburgo,Petropolis
Rio Grande do Sul,RS,Novo Hamburgo,Primavera
Rio Grande do Sul,RS,Novo Hamburgo,Rincao
Rio Grande do Sul,RS,Novo Hamburgo,Rio Branco
Rio Grande do Sul,RS,Novo Hamburgo,Rondonia
Rio Grande do Sul,RS,Novo Hamburgo,Roselandia
Rio Grande do Sul,RS,Novo Hamburgo,Santo Afonso
Rio Grande do Sul,RS,Novo Hamburgo,Sao Jorge
Rio Grande do Sul,RS,Novo Hamburgo,Sao Jose
Rio Grande do Sul,RS,Novo Hamburgo,Vila Dihel
Rio Grande do Sul,RS,Novo Hamburgo,Vila Nova
Rio Grande do Sul,RS,Novo Hamburgo,Vila Rosa
Rio Grande do Sul,RS,Passo Fundo,Boqueirao
Rio Grande do Sul,RS,Passo Fundo,Centro
Rio Grande do Sul,RS,Passo Fundo,Chacaras Bela Vista
Rio Grande do Sul,RS,Passo Fundo,Copacabana
Rio Grande do Sul,RS,Passo Fundo,Dom Rodolfo
Rio Grande do Sul,RS,Passo Fundo,Imobiliaria Charrua
Rio Grande do Sul,RS,Passo Fundo,Invernadinha
Rio Grande do Sul,RS,Passo Fundo,Jardim America
Rio Grande do Sul,RS,Passo Fundo,Jardim Botanico
Rio Grande do Sul,RS,Passo Fundo,Loteamento Andre Rebechi
Rio Grande do Sul,RS,Passo Fundo,Loteamento Boa Vista
Rio Grande do Sul,RS,Passo Fundo,Loteamento Carlos Mader Annes
Rio Grande do Sul,RS,Passo Fundo,Loteamento Casas Populares
Rio Grande do Sul,RS,Passo Fundo,Loteamento Forca e Luz
Rio Grande do Sul,RS,Passo Fundo,Loteamento Julieta K Ricci
Rio Grande do Sul,RS,Passo Fundo,Loteamento Magi
Rio Grande do Sul,RS,Passo Fundo,Loteamento Manoel Edu Reis
Rio Grande do Sul,RS,Passo Fundo,Loteamento Moreira A Santos
Rio Grande do Sul,RS,Passo Fundo,Loteamento Nene Graeff
Rio Grande do Sul,RS,Passo Fundo,Loteamento Nonoai
Rio Grande do Sul,RS,Passo Fundo,Loteamento Nova Estacao
Rio Grande do Sul,RS,Passo Fundo,Loteamento Parque Farroupilha
Rio Grande do Sul,RS,Passo Fundo,Loteamento Pio XII
Rio Grande do Sul,RS,Passo Fundo,Loteamento Santa Rita
Rio Grande do Sul,RS,Passo Fundo,Loteamento Santo Antonio
Rio Grande do Sul,RS,Passo Fundo,Loteamento Victor Issler
Rio Grande do Sul,RS,Passo Fundo,Parque Centenario
Rio Grande do Sul,RS,Passo Fundo,Parque Comerciarios
Rio Grande do Sul,RS,Passo Fundo,Parque do Sol
Rio Grande do Sul,RS,Passo Fundo,Parque Leao XIII
Rio Grande do Sul,RS,Passo Fundo,Professor Schisler
Rio Grande do Sul,RS,Passo Fundo,Promorar
Rio Grande do Sul,RS,Passo Fundo,Recreio
Rio Grande do Sul,RS,Passo Fundo,Roselandia
Rio Grande do Sul,RS,Passo Fundo,Sao Cristovao
Rio Grande do Sul,RS,Passo Fundo,Sao Geraldo
Rio Grande do Sul,RS,Passo Fundo,Sao Jose
Rio Grande do Sul,RS,Passo Fundo,Sao Luiz Gonzaga
Rio Grande do Sul,RS,Passo Fundo,Vila Agostinho Carrao
Rio Grande do Sul,RS,Passo Fundo,Vila Alice
Rio Grande do Sul,RS,Passo Fundo,Vila Ambrozina
Rio Grande do Sul,RS,Passo Fundo,Vila Armando Annes
Rio Grande do Sul,RS,Passo Fundo,Vila Berthier
Rio Grande do Sul,RS,Passo Fundo,Vila Carmem
Rio Grande do Sul,RS,Passo Fundo,Vila Cruzeiro
Rio Grande do Sul,RS,Passo Fundo,Vila Dona Eliza
Rio Grande do Sul,RS,Passo Fundo,Vila Dona Julia
Rio Grande do Sul,RS,Passo Fundo,Vila Donaria
Rio Grande do Sul,RS,Passo Fundo,Vila Entre Rios
Rio Grande do Sul,RS,Passo Fundo,Vila Esplanada
Rio Grande do Sul,RS,Passo Fundo,Vila Exposicao
Rio Grande do Sul,RS,Passo Fundo,Vila Feroldi
Rio Grande do Sul,RS,Passo Fundo,Vila Graciosa
Rio Grande do Sul,RS,Passo Fundo,Vila Graeff
Rio Grande do Sul,RS,Passo Fundo,Vila Independente
Rio Grande do Sul,RS,Passo Fundo,Vila Industrial
Rio Grande do Sul,RS,Passo Fundo,Vila Isabel
Rio Grande do Sul,RS,Passo Fundo,Vila Ivo Ferreira
Rio Grande do Sul,RS,Passo Fundo,Vila Jardim
Rio Grande do Sul,RS,Passo Fundo,Vila Jeronimo Coelho
Rio Grande do Sul,RS,Passo Fundo,Vila Lagoa do Potreiro
Rio Grande do Sul,RS,Passo Fundo,Vila Lucas Araujo
Rio Grande do Sul,RS,Passo Fundo,Vila Luiza
Rio Grande do Sul,RS,Passo Fundo,Vila Matos
Rio Grande do Sul,RS,Passo Fundo,Vila Nicolau Vergueiro
Rio Grande do Sul,RS,Passo Fundo,Vila Nossa Senhora Aparecida
Rio Grande do Sul,RS,Passo Fundo,Vila Operaria
Rio Grande do Sul,RS,Passo Fundo,Vila Petropolis
Rio Grande do Sul,RS,Passo Fundo,Vila Planaltina
Rio Grande do Sul,RS,Passo Fundo,Vila Popular
Rio Grande do Sul,RS,Passo Fundo,Vila Reinaldo Patussi
Rio Grande do Sul,RS,Passo Fundo,Vila Reis
Rio Grande do Sul,RS,Passo Fundo,Vila Rodrigues
Rio Grande do Sul,RS,Passo Fundo,Vila Santa Maria
Rio Grande do Sul,RS,Passo Fundo,Vila Santa Marta
Rio Grande do Sul,RS,Passo Fundo,Vila Santa Terezinha
Rio Grande do Sul,RS,Passo Fundo,Vila Sao Miguel
Rio Grande do Sul,RS,Passo Fundo,Vila Schell
Rio Grande do Sul,RS,Passo Fundo,Vila Simon
Rio Grande do Sul,RS,Passo Fundo,Vila Tupinamba
Rio Grande do Sul,RS,Passo Fundo,Vila Vera Cruz
Rio Grande do Sul,RS,Passo Fundo,Vila Vinte de Setembro
Rio Grande do Sul,RS,Passo Fundo,Vila Xangrila
Rio Grande do Sul,RS,Pelotas,Areal
Rio Grande do Sul,RS,Pelotas,Centro
Rio Grande do Sul,RS,Pelotas,Fragata
Rio Grande do Sul,RS,Pelotas,Laranjal
Rio Grande do Sul,RS,Pelotas,Porto
Rio Grande do Sul,RS,Pelotas,Recanto de Portugal
Rio Grande do Sul,RS,Pelotas,Tres Vendas
Rio Grande do Sul,RS,Porto Alegre,Aberta dos Morros
Rio Grande do Sul,RS,Porto Alegre,Agronomia
Rio Grande do Sul,RS,Porto Alegre,Anchieta
Rio Grande do Sul,RS,Porto Alegre,Arquipelago
Rio Grande do Sul,RS,Porto Alegre,Auxiliadora
Rio Grande do Sul,RS,Porto Alegre,Azenha
Rio Grande do Sul,RS,Porto Alegre,Bela Vista
Rio Grande do Sul,RS,Porto Alegre,Belem Novo
Rio Grande do Sul,RS,Porto Alegre,Belem Velho
Rio Grande do Sul,RS,Porto Alegre,Boa Vista
Rio Grande do Sul,RS,Porto Alegre,Bom Fim
Rio Grande do Sul,RS,Porto Alegre,Bom Jesus
Rio Grande do Sul,RS,Porto Alegre,Camaqua
Rio Grande do Sul,RS,Porto Alegre,Cascata
Rio Grande do Sul,RS,Porto Alegre,Cavalhada
Rio Grande do Sul,RS,Porto Alegre,Centro
Rio Grande do Sul,RS,Porto Alegre,Chacara das Pedras
Rio Grande do Sul,RS,Porto Alegre,Cidade Baixa
Rio Grande do Sul,RS,Porto Alegre,Coronel Aparicio Borges
Rio Grande do Sul,RS,Porto Alegre,Cristal
Rio Grande do Sul,RS,Porto Alegre,Cristo Redentor
Rio Grande do Sul,RS,Porto Alegre,Espirito Santo
Rio Grande do Sul,RS,Porto Alegre,Farrapos
Rio Grande do Sul,RS,Porto Alegre,Farroupilha
Rio Grande do Sul,RS,Porto Alegre,Floresta
Rio Grande do Sul,RS,Porto Alegre,Gloria
Rio Grande do Sul,RS,Porto Alegre,Guaruja
Rio Grande do Sul,RS,Porto Alegre,Higienopolis
Rio Grande do Sul,RS,Porto Alegre,Hipica
Rio Grande do Sul,RS,Porto Alegre,Humaita
Rio Grande do Sul,RS,Porto Alegre,Independencia
Rio Grande do Sul,RS,Porto Alegre,Ipanema
Rio Grande do Sul,RS,Porto Alegre,Jardim Botanico
Rio Grande do Sul,RS,Porto Alegre,Jardim Carvalho
Rio Grande do Sul,RS,Porto Alegre,Jardim do Salso
Rio Grande do Sul,RS,Porto Alegre,Jardim Floresta
Rio Grande do Sul,RS,Porto Alegre,Jardim Itu Sabara
Rio Grande do Sul,RS,Porto Alegre,Jardim Lindoia
Rio Grande do Sul,RS,Porto Alegre,Jardim Sao Pedro
Rio Grande do Sul,RS,Porto Alegre,Lageado
Rio Grande do Sul,RS,Porto Alegre,Lami
Rio Grande do Sul,RS,Porto Alegre,Lomba do Pinheiro
Rio Grande do Sul,RS,Porto Alegre,Marcilio Dias
Rio Grande do Sul,RS,Porto Alegre,Medianeira
Rio Grande do Sul,RS,Porto Alegre,Menino Deus
Rio Grande do Sul,RS,Porto Alegre,Moinhos de Vento
Rio Grande do Sul,RS,Porto Alegre,Mont Serrat
Rio Grande do Sul,RS,Porto Alegre,Navegantes
Rio Grande do Sul,RS,Porto Alegre,Nonoai
Rio Grande do Sul,RS,Porto Alegre,Partenon
Rio Grande do Sul,RS,Porto Alegre,Passo D'areia
Rio Grande do Sul,RS,Porto Alegre,Passo das Pedras
Rio Grande do Sul,RS,Porto Alegre,Pedra Redonda
Rio Grande do Sul,RS,Porto Alegre,Petropolis
Rio Grande do Sul,RS,Porto Alegre,Ponta Grossa
Rio Grande do Sul,RS,Porto Alegre,Praia de Belas
Rio Grande do Sul,RS,Porto Alegre,Protasio Alves
Rio Grande do Sul,RS,Porto Alegre,Restinga
Rio Grande do Sul,RS,Porto Alegre,Rio Branco
Rio Grande do Sul,RS,Porto Alegre,Rubem Berta
Rio Grande do Sul,RS,Porto Alegre,Santa Cecilia
Rio Grande do Sul,RS,Porto Alegre,Santa Maria Goretti
Rio Grande do Sul,RS,Porto Alegre,Santa Tereza
Rio Grande do Sul,RS,Porto Alegre,Santana
Rio Grande do Sul,RS,Porto Alegre,Santo Antonio
Rio Grande do Sul,RS,Porto Alegre,Sao Geraldo
Rio Grande do Sul,RS,Porto Alegre,Sao Joao
Rio Grande do Sul,RS,Porto Alegre,Sao Jose
Rio Grande do Sul,RS,Porto Alegre,Sao Sebastiao
Rio Grande do Sul,RS,Porto Alegre,Sarandi
Rio Grande do Sul,RS,Porto Alegre,Serraria
Rio Grande do Sul,RS,Porto Alegre,Teresopolis
Rio Grande do Sul,RS,Porto Alegre,Tres Figueiras
Rio Grande do Sul,RS,Porto Alegre,Tristeza
Rio Grande do Sul,RS,Porto Alegre,Vila Assuncao
Rio Grande do Sul,RS,Porto Alegre,Vila Conceicao
Rio Grande do Sul,RS,Porto Alegre,Vila Ipiranga
Rio Grande do Sul,RS,Porto Alegre,Vila Jardim
Rio Grande do Sul,RS,Porto Alegre,Vila Joao Pessoa
Rio Grande do Sul,RS,Porto Alegre,Vila Nova
Rio Grande do Sul,RS,Rio Grande,America
Rio Grande do Sul,RS,Rio Grande,Bolaxa
Rio Grande do Sul,RS,Rio Grande,Cassino
Rio Grande do Sul,RS,Rio Grande,Castelo Branco
Rio Grande do Sul,RS,Rio Grande,Centro
Rio Grande do Sul,RS,Rio Grande,Cidade Nova
Rio Grande do Sul,RS,Rio Grande,Cohab I
Rio Grande do Sul,RS,Rio Grande,Cohab II
Rio Grande do Sul,RS,Rio Grande,Cohab IV
Rio Grande do Sul,RS,Rio Grande,Frederico Ernesto Buchholz
Rio Grande do Sul,RS,Rio Grande,Getulio Vargas
Rio Grande do Sul,RS,Rio Grande,Lagoa
Rio Grande do Sul,RS,Rio Grande,Lar Gaucho
Rio Grande do Sul,RS,Rio Grande,Miguel de Castro Moreira
Rio Grande do Sul,RS,Rio Grande,Parque Marinha
Rio Grande do Sul,RS,Rio Grande,Parque Residencial Coelho
Rio Grande do Sul,RS,Rio Grande,Parque Residencial Jardim do Sol
Rio Grande do Sul,RS,Rio Grande,Parque Residencial Salgado Filho
Rio Grande do Sul,RS,Rio Grande,Parque Residencial Sao Pedro
Rio Grande do Sul,RS,Rio Grande,Profilurbi
Rio Grande do Sul,RS,Rio Grande,Profilurbi II
Rio Grande do Sul,RS,Rio Grande,Vila Bernardeth
Rio Grande do Sul,RS,Rio Grande,Vila Hidraulica
Rio Grande do Sul,RS,Rio Grande,Vila Juncao
Rio Grande do Sul,RS,Rio Grande,Vila Maria
Rio Grande do Sul,RS,Rio Grande,Vila Maria Jose
Rio Grande do Sul,RS,Rio Grande,Vila Militar
Rio Grande do Sul,RS,Rio Grande,Vila Nossa Senhora dos Navegantes
Rio Grande do Sul,RS,Rio Grande,Vila Santa Rosa
Rio Grande do Sul,RS,Rio Grande,Vila Santa Tereza
Rio Grande do Sul,RS,Rio Grande,Vila Sao Jorge
Rio Grande do Sul,RS,Rio Grande,Vila Senandes
Rio Grande do Sul,RS,Rio Grande,Zona Portuaria
Rio Grande do Sul,RS,Santa Cruz do Sul,A Grande
Rio Grande do Sul,RS,Santa Cruz do Sul,Avenida
Rio Grande do Sul,RS,Santa Cruz do Sul,Belvedere
Rio Grande do Sul,RS,Santa Cruz do Sul,Centro
Rio Grande do Sul,RS,Santa Cruz do Sul,Chacara das Freiras
Rio Grande do Sul,RS,Santa Cruz do Sul,Distrito Industrial
Rio Grande do Sul,RS,Santa Cruz do Sul,Faxinal Velho
Rio Grande do Sul,RS,Santa Cruz do Sul,Linha Santa Cruz
Rio Grande do Sul,RS,Santa Cruz do Sul,Loteamento Cardani
Rio Grande do Sul,RS,Santa Cruz do Sul,Loteamento Jardim Esmeralda
Rio Grande do Sul,RS,Santa Cruz do Sul,Loteamento Santo Antonio
Rio Grande do Sul,RS,Santa Cruz do Sul,Loteamento Vila Nova
Rio Grande do Sul,RS,Santa Cruz do Sul,Monte Tabor
Rio Grande do Sul,RS,Santa Cruz do Sul,Praia dos Folgados
Rio Grande do Sul,RS,Santa Cruz do Sul,Renascimento
Rio Grande do Sul,RS,Santa Cruz do Sul,Santo Inacio
Rio Grande do Sul,RS,Santa Cruz do Sul,Sena
Rio Grande do Sul,RS,Santa Cruz do Sul,Vila Bom Jesus
Rio Grande do Sul,RS,Santa Cruz do Sul,Vila Cohab
Rio Grande do Sul,RS,Santa Cruz do Sul,Vila Jardim
Rio Grande do Sul,RS,Santa Cruz do Sul,Vila Margarida
Rio Grande do Sul,RS,Santa Cruz do Sul,Vila Sao Luiz
Rio Grande do Sul,RS,Santa Cruz do Sul,Vila Schultz
Rio Grande do Sul,RS,Santa Cruz do Sul,Vila Verena
Rio Grande do Sul,RS,Santa Maria,Camobi
Rio Grande do Sul,RS,Santa Maria,Caturrita
Rio Grande do Sul,RS,Santa Maria,Centro
Rio Grande do Sul,RS,Santa Maria,Cerrito
Rio Grande do Sul,RS,Santa Maria,Chacara das Flores
Rio Grande do Sul,RS,Santa Maria,Cohab Camobi
Rio Grande do Sul,RS,Santa Maria,Cohab Passo da Ferreira
Rio Grande do Sul,RS,Santa Maria,Itarare
Rio Grande do Sul,RS,Santa Maria,Juscelino Kubitschek
Rio Grande do Sul,RS,Santa Maria,Km 3
Rio Grande do Sul,RS,Santa Maria,Medianeira
Rio Grande do Sul,RS,Santa Maria,Nossa Senhora das Dores
Rio Grande do Sul,RS,Santa Maria,Nossa Senhora de Lourdes
Rio Grande do Sul,RS,Santa Maria,Nossa Senhora do Perpetuo Socorro
Rio Grande do Sul,RS,Santa Maria,Nossa Senhora do Rosario
Rio Grande do Sul,RS,Santa Maria,Parque Pinheiro Machado
Rio Grande do Sul,RS,Santa Maria,Passo D'areia
Rio Grande do Sul,RS,Santa Maria,Patronato
Rio Grande do Sul,RS,Santa Maria,Pe de Platano
Rio Grande do Sul,RS,Santa Maria,Presidente Joao Goulart
Rio Grande do Sul,RS,Santa Maria,Salgado Filho
Rio Grande do Sul,RS,Santa Maria,Santa Maria
Rio Grande do Sul,RS,Santa Maria,Sao Jose
Rio Grande do Sul,RS,Santa Maria,Sitio do Gama
Rio Grande do Sul,RS,Santa Maria,Tomazetti
Rio Grande do Sul,RS,Santa Maria,Urlandia
Rio Grande do Sul,RS,Santana do Livramento,Armour
Rio Grande do Sul,RS,Santana do Livramento,Centro
Rio Grande do Sul,RS,Santana do Livramento,Prado
Rio Grande do Sul,RS,Santana do Livramento,Wilson
Rio Grande do Sul,RS,Santo Angelo,Aguiar
Rio Grande do Sul,RS,Santo Angelo,Alianca
Rio Grande do Sul,RS,Santo Angelo,Assistencial Braga
Rio Grande do Sul,RS,Santo Angelo,Avanco
Rio Grande do Sul,RS,Santo Angelo,Bela Vista
Rio Grande do Sul,RS,Santo Angelo,Boa Esperanca
Rio Grande do Sul,RS,Santo Angelo,Casaroto
Rio Grande do Sul,RS,Santo Angelo,Castelarin
Rio Grande do Sul,RS,Santo Angelo,Centro
Rio Grande do Sul,RS,Santo Angelo,Cohab
Rio Grande do Sul,RS,Santo Angelo,Cristina Vontobel
Rio Grande do Sul,RS,Santo Angelo,Dido
Rio Grande do Sul,RS,Santo Angelo,Dornelles
Rio Grande do Sul,RS,Santo Angelo,Dytz
Rio Grande do Sul,RS,Santo Angelo,Emilia
Rio Grande do Sul,RS,Santo Angelo,Esperanca
Rio Grande do Sul,RS,Santo Angelo,Geis
Rio Grande do Sul,RS,Santo Angelo,Haller
Rio Grande do Sul,RS,Santo Angelo,Hans Paff- Distr Ind
Rio Grande do Sul,RS,Santo Angelo,Harmonia
Rio Grande do Sul,RS,Santo Angelo,Hortencia
Rio Grande do Sul,RS,Santo Angelo,Indubras
Rio Grande do Sul,RS,Santo Angelo,Jardim das Palmeiras
Rio Grande do Sul,RS,Santo Angelo,Jardim Residencial Sabo
Rio Grande do Sul,RS,Santo Angelo,Joao Goulart
Rio Grande do Sul,RS,Santo Angelo,Jose Alcebiades Oliveira
Rio Grande do Sul,RS,Santo Angelo,Kurtz
Rio Grande do Sul,RS,Santo Angelo,Loteamento Menezes
Rio Grande do Sul,RS,Santo Angelo,Marcirio Machado
Rio Grande do Sul,RS,Santo Angelo,Maria Ritter
Rio Grande do Sul,RS,Santo Angelo,Mario Pilau
Rio Grande do Sul,RS,Santo Angelo,Meller Norte
Rio Grande do Sul,RS,Santo Angelo,Meller Sul
Rio Grande do Sul,RS,Santo Angelo,Menges
Rio Grande do Sul,RS,Santo Angelo,Missoes
Rio Grande do Sul,RS,Santo Angelo,Moscom
Rio Grande do Sul,RS,Santo Angelo,Neri dos Santos Cavalheiro
Rio Grande do Sul,RS,Santo Angelo,Nova
Rio Grande do Sul,RS,Santo Angelo,Olavo Reis
Rio Grande do Sul,RS,Santo Angelo,Oliveira
Rio Grande do Sul,RS,Santo Angelo,Ortis
Rio Grande do Sul,RS,Santo Angelo,Panazzolo
Rio Grande do Sul,RS,Santo Angelo,Paraiso
Rio Grande do Sul,RS,Santo Angelo,Pascotini
Rio Grande do Sul,RS,Santo Angelo,Patz
Rio Grande do Sul,RS,Santo Angelo,Pippi
Rio Grande do Sul,RS,Santo Angelo,Piratini
Rio Grande do Sul,RS,Santo Angelo,Radins
Rio Grande do Sul,RS,Santo Angelo,Recanto do Sol
Rio Grande do Sul,RS,Santo Angelo,Rogowski
Rio Grande do Sul,RS,Santo Angelo,Rosa
Rio Grande do Sul,RS,Santo Angelo,Rosental
Rio Grande do Sul,RS,Santo Angelo,Santa Barbara
Rio Grande do Sul,RS,Santo Angelo,Santa Fe
Rio Grande do Sul,RS,Santo Angelo,Sao Carlos
Rio Grande do Sul,RS,Santo Angelo,Schirner
Rio Grande do Sul,RS,Santo Angelo,Sepe Tiaraju
Rio Grande do Sul,RS,Santo Angelo,Sobuki
Rio Grande do Sul,RS,Santo Angelo,Sossego
Rio Grande do Sul,RS,Sao Leopoldo,Arroio da Manteiga
Rio Grande do Sul,RS,Sao Leopoldo,Boa Vista
Rio Grande do Sul,RS,Sao Leopoldo,Campestre
Rio Grande do Sul,RS,Sao Leopoldo,Campina
Rio Grande do Sul,RS,Sao Leopoldo,Centro
Rio Grande do Sul,RS,Sao Leopoldo,Cristo Rei
Rio Grande do Sul,RS,Sao Leopoldo,Duque de Caxias
Rio Grande do Sul,RS,Sao Leopoldo,Feitoria
Rio Grande do Sul,RS,Sao Leopoldo,Fiao
Rio Grande do Sul,RS,Sao Leopoldo,Jardim America
Rio Grande do Sul,RS,Sao Leopoldo,Loteamento Parque Recreio
Rio Grande do Sul,RS,Sao Leopoldo,Morro do Espelho
Rio Grande do Sul,RS,Sao Leopoldo,Padre Reus
Rio Grande do Sul,RS,Sao Leopoldo,Pinheiro
Rio Grande do Sul,RS,Sao Leopoldo,Rio Branco
Rio Grande do Sul,RS,Sao Leopoldo,Rio dos Sinos
Rio Grande do Sul,RS,Sao Leopoldo,Santa Teresa
Rio Grande do Sul,RS,Sao Leopoldo,Santo Andre
Rio Grande do Sul,RS,Sao Leopoldo,Santos Dumont
Rio Grande do Sul,RS,Sao Leopoldo,Sao Borja
Rio Grande do Sul,RS,Sao Leopoldo,Sao Joao Batista
Rio Grande do Sul,RS,Sao Leopoldo,Sao Jose
Rio Grande do Sul,RS,Sao Leopoldo,Sao Miguel
Rio Grande do Sul,RS,Sao Leopoldo,Scharlau
Rio Grande do Sul,RS,Sao Leopoldo,Vicentina
Rio Grande do Sul,RS,Sapucaia do Sul,Boa Vista
Rio Grande do Sul,RS,Sapucaia do Sul,Camboim
Rio Grande do Sul,RS,Sapucaia do Sul,Capao da Cruz
Rio Grande do Sul,RS,Sapucaia do Sul,Centro
Rio Grande do Sul,RS,Sapucaia do Sul,Cohab
Rio Grande do Sul,RS,Sapucaia do Sul,Colonial
Rio Grande do Sul,RS,Sapucaia do Sul,Dihel
Rio Grande do Sul,RS,Sapucaia do Sul,Fortuna
Rio Grande do Sul,RS,Sapucaia do Sul,Freitas
Rio Grande do Sul,RS,Sapucaia do Sul,Getulio Vargas
Rio Grande do Sul,RS,Sapucaia do Sul,Horto Florestal
Rio Grande do Sul,RS,Sapucaia do Sul,Ipiranga
Rio Grande do Sul,RS,Sapucaia do Sul,Jardim
Rio Grande do Sul,RS,Sapucaia do Sul,Kurashiki
Rio Grande do Sul,RS,Sapucaia do Sul,Lomba da Palmeira
Rio Grande do Sul,RS,Sapucaia do Sul,Nova Sapucaia
Rio Grande do Sul,RS,Sapucaia do Sul,Paraiso
Rio Grande do Sul,RS,Sapucaia do Sul,Pasqualini
Rio Grande do Sul,RS,Sapucaia do Sul,Passo de Sapucaia
Rio Grande do Sul,RS,Sapucaia do Sul,Piratini
Rio Grande do Sul,RS,Sapucaia do Sul,Primor
Rio Grande do Sul,RS,Sapucaia do Sul,Santa Catarina
Rio Grande do Sul,RS,Sapucaia do Sul,Sao Jorge
Rio Grande do Sul,RS,Sapucaia do Sul,Sao Jose
Rio Grande do Sul,RS,Sapucaia do Sul,Sete
Rio Grande do Sul,RS,Sapucaia do Sul,Silva
Rio Grande do Sul,RS,Sapucaia do Sul,Tres Portos
Rio Grande do Sul,RS,Sapucaia do Sul,Vacchi
Rio Grande do Sul,RS,Sapucaia do Sul,Vargas
Rio Grande do Sul,RS,Sapucaia do Sul,Walderez
Rio Grande do Sul,RS,Uruguaiana,Centro
Rio Grande do Sul,RS,Uruguaiana,Cidade Alegria
Rio Grande do Sul,RS,Uruguaiana,Cidade Nova
Rio Grande do Sul,RS,Uruguaiana,Cohab I
Rio Grande do Sul,RS,Uruguaiana,Domingos Tellechea
Rio Grande do Sul,RS,Uruguaiana,Ipiranga
Rio Grande do Sul,RS,Uruguaiana,Jockey Club
Rio Grande do Sul,RS,Uruguaiana,Pedro Mendizabal
Rio Grande do Sul,RS,Uruguaiana,Proficar
Rio Grande do Sul,RS,Uruguaiana,Profilurb
Rio Grande do Sul,RS,Uruguaiana,Rio Branco
Rio Grande do Sul,RS,Uruguaiana,Rui Ramos
Rio Grande do Sul,RS,Uruguaiana,Santana
Rio Grande do Sul,RS,Uruguaiana,Santo Inacio
Rio Grande do Sul,RS,Uruguaiana,Sao Jose
Rio Grande do Sul,RS,Uruguaiana,Vila Julia
Rio Grande do Sul,RS,Viamao,Centro
Rio Grande do Sul,RS,Viamao,Estalagem
Rio Grande do Sul,RS,Viamao,Florescente
Rio Grande do Sul,RS,Viamao,Jardim Krahe
Rio Grande do Sul,RS,Viamao,Lomba do Pinheiro
Rio Grande do Sul,RS,Viamao,Nossa Senhora Aparecida
Rio Grande do Sul,RS,Viamao,Parque Indio Jari
Rio Grande do Sul,RS,Viamao,Planalto
Rio Grande do Sul,RS,Viamao,Santa Cecilia
Rio Grande do Sul,RS,Viamao,Santo Onofre
Rio Grande do Sul,RS,Viamao,Sao Lucas
Rio Grande do Sul,RS,Viamao,Sao Tome
Rio Grande do Sul,RS,Viamao,Sitio Sao Jose
Rio Grande do Sul,RS,Viamao,Taruma
Rio Grande do Sul,RS,Viamao,Viamopolis
Rio Grande do Sul,RS,Viamao,Vila Augusta
Rio Grande do Sul,RS,Viamao,Vila Elsa
Rondônia,RO,Ariquemes,Conjunto Habitacional Parque Tropical
Rondônia,RO,Ariquemes,Jardim das Palmeiras
Rondônia,RO,Ariquemes,Jardim Jorge Teixeira
Rondônia,RO,Ariquemes,Marechal Rondon
Rondônia,RO,Ariquemes,Monte Cristo
Rondônia,RO,Ariquemes,Parque das Gemas
Rondônia,RO,Ariquemes,Setor 1
Rondônia,RO,Ariquemes,Setor 10
Rondônia,RO,Ariquemes,Setor 11
Rondônia,RO,Ariquemes,Setor 2
Rondônia,RO,Ariquemes,Setor 3
Rondônia,RO,Ariquemes,Setor 4
Rondônia,RO,Ariquemes,Setor 5
Rondônia,RO,Ariquemes,Setor 6
Rondônia,RO,Ariquemes,Setor 7
Rondônia,RO,Ariquemes,Setor 8
Rondônia,RO,Ariquemes,Setor 9
Rondônia,RO,Ariquemes,Setor e Areas Especiais
Rondônia,RO,Ariquemes,Trevo
Rondônia,RO,Cacoal,Centro
Rondônia,RO,Cacoal,Conjunto Haley
Rondônia,RO,Cacoal,Cristal do Arco Iris
Rondônia,RO,Cacoal,Floresta
Rondônia,RO,Cacoal,Incra
Rondônia,RO,Cacoal,Industrial
Rondônia,RO,Cacoal,Jardim Bandeirante
Rondônia,RO,Cacoal,Jardim Clodoaldo
Rondônia,RO,Cacoal,Liberdade
Rondônia,RO,Cacoal,Nova Esperanca
Rondônia,RO,Cacoal,Novo Cacoal
Rondônia,RO,Cacoal,Novo Horizonte
Rondônia,RO,Cacoal,Princesa Izabel
Rondônia,RO,Cacoal,Projeto Mutirao
Rondônia,RO,Cacoal,Residencial Parque Brizon
Rondônia,RO,Cacoal,Saude
Rondônia,RO,Cacoal,Teixeirao
Rondônia,RO,Cacoal,Village do Sol
Rondônia,RO,Ji-parana,2 de Abril
Rondônia,RO,Ji-parana,Cafezinho
Rondônia,RO,Ji-parana,Casa Preta
Rondônia,RO,Ji-parana,Centro
Rondônia,RO,Ji-parana,Dom Bosco
Rondônia,RO,Ji-parana,Duque de Caxias
Rondônia,RO,Ji-parana,Jardim das Seringueiras
Rondônia,RO,Ji-parana,Jardim dos Migrantes
Rondônia,RO,Ji-parana,Jardim Presidencial
Rondônia,RO,Ji-parana,Nova Brasilia
Rondônia,RO,Ji-parana,Parque Sao Pedro
Rondônia,RO,Ji-parana,Primavera
Rondônia,RO,Ji-parana,Riachuelo
Rondônia,RO,Ji-parana,Sao Bernardo
Rondônia,RO,Ji-parana,Sao Francisco
Rondônia,RO,Ji-parana,Urupa
Rondônia,RO,Ji-parana,Vila Jotao
Rondônia,RO,Porto Velho,22 de Dezembro
Rondônia,RO,Porto Velho,Areal
Rondônia,RO,Porto Velho,Areal da Floresta
Rondônia,RO,Porto Velho,Arigolandia
Rondônia,RO,Porto Velho,Bela Vista
Rondônia,RO,Porto Velho,Belvederes
Rondônia,RO,Porto Velho,Caiari
Rondônia,RO,Porto Velho,Caladinho
Rondônia,RO,Porto Velho,Calama
Rondônia,RO,Porto Velho,Cascalheira
Rondônia,RO,Porto Velho,Centro
Rondônia,RO,Porto Velho,Cidade do Lobo
Rondônia,RO,Porto Velho,Cohab-floresta II
Rondônia,RO,Porto Velho,Conjunto 4 de Janeiro I
Rondônia,RO,Porto Velho,Conjunto 4 de Janeiro V
Rondônia,RO,Porto Velho,Conjunto Alphaville
Rondônia,RO,Porto Velho,Conjunto Chagas Neto
Rondônia,RO,Porto Velho,Conjunto Jamari
Rondônia,RO,Porto Velho,Conjunto Juscelino Kubitschek
Rondônia,RO,Porto Velho,Conjunto Marechal Rondon
Rondônia,RO,Porto Velho,Conjunto Rio Guapore
Rondônia,RO,Porto Velho,Conjunto Rio Mamore
Rondônia,RO,Porto Velho,Conjunto Santo Antonio
Rondônia,RO,Porto Velho,Conquista
Rondônia,RO,Porto Velho,Costa e Silva
Rondônia,RO,Porto Velho,Embratel
Rondônia,RO,Porto Velho,Ipanema
Rondônia,RO,Porto Velho,Jardim America
Rondônia,RO,Porto Velho,Jardim das Mangueiras I
Rondônia,RO,Porto Velho,Jardim das Mangueiras II
Rondônia,RO,Porto Velho,Jardim Eldorado
Rondônia,RO,Porto Velho,Jardim Miraflores
Rondônia,RO,Porto Velho,Jardim Primavera
Rondônia,RO,Porto Velho,Jardim Vitoria Regia
Rondônia,RO,Porto Velho,Lagoa
Rondônia,RO,Porto Velho,Liberdade
Rondônia,RO,Porto Velho,Marcos Freire
Rondônia,RO,Porto Velho,Mato Grosso
Rondônia,RO,Porto Velho,Mucambo
Rondônia,RO,Porto Velho,Nacional
Rondônia,RO,Porto Velho,Nossa Senhora das Gracas
Rondônia,RO,Porto Velho,Nova Caiari I
Rondônia,RO,Porto Velho,Nova Caiari II
Rondônia,RO,Porto Velho,Nova Floresta
Rondônia,RO,Porto Velho,Nova Porto Velho
Rondônia,RO,Porto Velho,Parque Ceara
Rondônia,RO,Porto Velho,Pedacinho de Chao
Rondônia,RO,Porto Velho,Rasgado
Rondônia,RO,Porto Velho,Residencial Pontal Europa
Rondônia,RO,Porto Velho,Sao Cristovao
Rondônia,RO,Porto Velho,Sao Joao Bosco
Rondônia,RO,Porto Velho,Sao Sebastiao I
Rondônia,RO,Porto Velho,Sao Sebastiao II
Rondônia,RO,Porto Velho,Setor Industrial
Rondônia,RO,Porto Velho,Tancredo Neves
Rondônia,RO,Porto Velho,Tucumanzal
Rondônia,RO,Porto Velho,Tupy
Rondônia,RO,Porto Velho,Ulisses Guimaraes
Rondônia,RO,Porto Velho,Vila Eletronorte
Roraima,RR,Boa Vista,Aparecida
Roraima,RR,Boa Vista,Asa Branca
Roraima,RR,Boa Vista,Buritis
Roraima,RR,Boa Vista,Cacari
Roraima,RR,Boa Vista,Caimbe
Roraima,RR,Boa Vista,Calunga
Roraima,RR,Boa Vista,Canarinho
Roraima,RR,Boa Vista,Carana
Roraima,RR,Boa Vista,Cauame
Roraima,RR,Boa Vista,Centro
Roraima,RR,Boa Vista,Estados
Roraima,RR,Boa Vista,Felix Valois de Araujo
Roraima,RR,Boa Vista,Jardim Equatorial
Roraima,RR,Boa Vista,Jardim Floresta
Roraima,RR,Boa Vista,Joquei Clube
Roraima,RR,Boa Vista,Liberdade
Roraima,RR,Boa Vista,Mecejana
Roraima,RR,Boa Vista,Nova Canaa
Roraima,RR,Boa Vista,Paraviana
Roraima,RR,Boa Vista,Pintolandia
Roraima,RR,Boa Vista,Pricuma
Roraima,RR,Boa Vista,Sao Francisco
Roraima,RR,Boa Vista,Sao Pedro
Roraima,RR,Boa Vista,Sao Vicente
Roraima,RR,Boa Vista,Tancredo Neves
Roraima,RR,Boa Vista,Treze de Setembro
Roraima,RR,Boa Vista,Trinta e Um de Marco
Santa Catarina,SC,Blumenau,Asilo
Santa Catarina,SC,Blumenau,Badenfurt
Santa Catarina,SC,Blumenau,Boa Vista
Santa Catarina,SC,Blumenau,Bom Retiro
Santa Catarina,SC,Blumenau,Centro
Santa Catarina,SC,Blumenau,Fidelis
Santa Catarina,SC,Blumenau,Fortaleza
Santa Catarina,SC,Blumenau,Garcia
Santa Catarina,SC,Blumenau,Gloria
Santa Catarina,SC,Blumenau,Itoupava Central
Santa Catarina,SC,Blumenau,Itoupava Norte
Santa Catarina,SC,Blumenau,Itoupava Seca
Santa Catarina,SC,Blumenau,Itoupavazinha
Santa Catarina,SC,Blumenau,Jardim Blumenau
Santa Catarina,SC,Blumenau,Passo Manso
Santa Catarina,SC,Blumenau,Petropolis
Santa Catarina,SC,Blumenau,Ponta Aguda
Santa Catarina,SC,Blumenau,Progresso
Santa Catarina,SC,Blumenau,Ribeirao Fresco
Santa Catarina,SC,Blumenau,Salto
Santa Catarina,SC,Blumenau,Salto Norte
Santa Catarina,SC,Blumenau,Salto Weissbach
Santa Catarina,SC,Blumenau,Testo Salto
Santa Catarina,SC,Blumenau,Valparaiso
Santa Catarina,SC,Blumenau,Velha
Santa Catarina,SC,Blumenau,Victor Konder
Santa Catarina,SC,Blumenau,Vila Formosa
Santa Catarina,SC,Blumenau,Vila Nova
Santa Catarina,SC,Blumenau,Vorstadt
Santa Catarina,SC,Brusque,Aguas Claras
Santa Catarina,SC,Brusque,Azambuja
Santa Catarina,SC,Brusque,Bateas
Santa Catarina,SC,Brusque,Cedrinho
Santa Catarina,SC,Brusque,Centro
Santa Catarina,SC,Brusque,Dom Joaquim
Santa Catarina,SC,Brusque,Guarani
Santa Catarina,SC,Brusque,Limeira Baixa
Santa Catarina,SC,Brusque,Limoeiro
Santa Catarina,SC,Brusque,Maluche
Santa Catarina,SC,Brusque,Nova Brasilia
Santa Catarina,SC,Brusque,Poco Fundo
Santa Catarina,SC,Brusque,Primeiro de Maio
Santa Catarina,SC,Brusque,Rio Branco
Santa Catarina,SC,Brusque,Santa Luzia
Santa Catarina,SC,Brusque,Santa Rita
Santa Catarina,SC,Brusque,Santa Terezinha
Santa Catarina,SC,Brusque,Sao Luiz
Santa Catarina,SC,Brusque,Sao Pedro
Santa Catarina,SC,Brusque,Souza Cruz
Santa Catarina,SC,Brusque,Steffen
Santa Catarina,SC,Brusque,Tomas Coelho
Santa Catarina,SC,Chapeco,Bela Vista
Santa Catarina,SC,Chapeco,Belvedere
Santa Catarina,SC,Chapeco,Centro
Santa Catarina,SC,Chapeco,Cristo Rei
Santa Catarina,SC,Chapeco,Efapi
Santa Catarina,SC,Chapeco,Engenho Braun
Santa Catarina,SC,Chapeco,Esplanada
Santa Catarina,SC,Chapeco,Jardim America
Santa Catarina,SC,Chapeco,Jardim Italia
Santa Catarina,SC,Chapeco,Lider
Santa Catarina,SC,Chapeco,Maria Goretti
Santa Catarina,SC,Chapeco,Palmital
Santa Catarina,SC,Chapeco,Passo dos Fortes
Santa Catarina,SC,Chapeco,Presidente Medici
Santa Catarina,SC,Chapeco,Quedas do Palmital
Santa Catarina,SC,Chapeco,Saic
Santa Catarina,SC,Chapeco,Santa Maria
Santa Catarina,SC,Chapeco,Santo Antonio
Santa Catarina,SC,Chapeco,Sao Cristovao
Santa Catarina,SC,Chapeco,Sao Pedro
Santa Catarina,SC,Chapeco,Seminario
Santa Catarina,SC,Chapeco,Universitario
Santa Catarina,SC,Criciuma,Ana Maria
Santa Catarina,SC,Criciuma,Argentina
Santa Catarina,SC,Criciuma,Boa Vista
Santa Catarina,SC,Criciuma,Brasilia
Santa Catarina,SC,Criciuma,Ceara
Santa Catarina,SC,Criciuma,Centro
Santa Catarina,SC,Criciuma,Colonial
Santa Catarina,SC,Criciuma,Comerciario
Santa Catarina,SC,Criciuma,Cruzeiro do Sul
Santa Catarina,SC,Criciuma,Imigrantes
Santa Catarina,SC,Criciuma,Jardim Maristela
Santa Catarina,SC,Criciuma,Laranjinha
Santa Catarina,SC,Criciuma,Lote Seis
Santa Catarina,SC,Criciuma,Maria Ceu
Santa Catarina,SC,Criciuma,Metropolitana
Santa Catarina,SC,Criciuma,Michel
Santa Catarina,SC,Criciuma,Mina Brasil
Santa Catarina,SC,Criciuma,Mina Quatro
Santa Catarina,SC,Criciuma,Mina Uniao
Santa Catarina,SC,Criciuma,Mineira Nova
Santa Catarina,SC,Criciuma,Mineira Velha
Santa Catarina,SC,Criciuma,Nossa Senhora da Salete
Santa Catarina,SC,Criciuma,Operaria Nova
Santa Catarina,SC,Criciuma,Paraiso
Santa Catarina,SC,Criciuma,Pinheirinho
Santa Catarina,SC,Criciuma,Pio Correa
Santa Catarina,SC,Criciuma,Princesa Isabel
Santa Catarina,SC,Criciuma,Prospera
Santa Catarina,SC,Criciuma,Rio Maina
Santa Catarina,SC,Criciuma,Santa Augusta
Santa Catarina,SC,Criciuma,Santa Barbara
Santa Catarina,SC,Criciuma,Santa Catarina
Santa Catarina,SC,Criciuma,Santa Luzia
Santa Catarina,SC,Criciuma,Santo Antonio
Santa Catarina,SC,Criciuma,Santos Dumont
Santa Catarina,SC,Criciuma,Sao Cristovao
Santa Catarina,SC,Criciuma,Sao Francisco
Santa Catarina,SC,Criciuma,Sao Luiz
Santa Catarina,SC,Criciuma,Sao Simao
Santa Catarina,SC,Criciuma,Universitario
Santa Catarina,SC,Criciuma,Vera Cruz
Santa Catarina,SC,Criciuma,Vila Macarini
Santa Catarina,SC,Criciuma,Vila Sao Jose
Santa Catarina,SC,Criciuma,Vila Visconde
Santa Catarina,SC,Criciuma,Vila Zuleima
Santa Catarina,SC,Florianopolis,Abraao
Santa Catarina,SC,Florianopolis,Agronomica
Santa Catarina,SC,Florianopolis,Balneario
Santa Catarina,SC,Florianopolis,Bom Abrigo
Santa Catarina,SC,Florianopolis,Capoeiras
Santa Catarina,SC,Florianopolis,Carianos
Santa Catarina,SC,Florianopolis,Carvoeira
Santa Catarina,SC,Florianopolis,Centro
Santa Catarina,SC,Florianopolis,Coloninha
Santa Catarina,SC,Florianopolis,Coqueiros
Santa Catarina,SC,Florianopolis,Corrego Grande
Santa Catarina,SC,Florianopolis,Costeira do Pirajubae
Santa Catarina,SC,Florianopolis,Estreito
Santa Catarina,SC,Florianopolis,Fatima
Santa Catarina,SC,Florianopolis,Itacorubi
Santa Catarina,SC,Florianopolis,Itaguacu
Santa Catarina,SC,Florianopolis,Jardim Atlantico
Santa Catarina,SC,Florianopolis,Jose Mendes
Santa Catarina,SC,Florianopolis,Morro da Cruz
Santa Catarina,SC,Florianopolis,Pantanal
Santa Catarina,SC,Florianopolis,Prainha
Santa Catarina,SC,Florianopolis,Saco dos Limoes
Santa Catarina,SC,Florianopolis,Saco Grande
Santa Catarina,SC,Florianopolis,Santa Monica
Santa Catarina,SC,Florianopolis,Trindade
Santa Catarina,SC,Itajai,Barra do Rio
Santa Catarina,SC,Itajai,Cabecudas
Santa Catarina,SC,Itajai,Carvalho
Santa Catarina,SC,Itajai,Centro
Santa Catarina,SC,Itajai,Cordeiros
Santa Catarina,SC,Itajai,Costa Cavalcanti
Santa Catarina,SC,Itajai,Dom Bosco
Santa Catarina,SC,Itajai,Fazenda
Santa Catarina,SC,Itajai,Fiuza Lima
Santa Catarina,SC,Itajai,Imarui
Santa Catarina,SC,Itajai,Murta
Santa Catarina,SC,Itajai,Nossa Senhora de Guadalupe
Santa Catarina,SC,Itajai,Quilometro Doze
Santa Catarina,SC,Itajai,Ressacada
Santa Catarina,SC,Itajai,Salseiros
Santa Catarina,SC,Itajai,Santa Clara
Santa Catarina,SC,Itajai,Sao Joao
Santa Catarina,SC,Itajai,Sao Judas
Santa Catarina,SC,Itajai,Sao Vicente
Santa Catarina,SC,Itajai,Vila Operaria
Santa Catarina,SC,Jaragua do Sul,Amizade
Santa Catarina,SC,Jaragua do Sul,Baependi
Santa Catarina,SC,Jaragua do Sul,Barra do Rio Cerro
Santa Catarina,SC,Jaragua do Sul,Barra do Rio Molha
Santa Catarina,SC,Jaragua do Sul,Centenario
Santa Catarina,SC,Jaragua do Sul,Centro
Santa Catarina,SC,Jaragua do Sul,Ilha da Figueira
Santa Catarina,SC,Jaragua do Sul,Jaragua Noventa e Nove
Santa Catarina,SC,Jaragua do Sul,Joao Pessoa
Santa Catarina,SC,Jaragua do Sul,Nereu Ramos
Santa Catarina,SC,Jaragua do Sul,Nova Brasilia
Santa Catarina,SC,Jaragua do Sul,Parque Malwee
Santa Catarina,SC,Jaragua do Sul,Tifa Martins
Santa Catarina,SC,Jaragua do Sul,Tifa Monos
Santa Catarina,SC,Jaragua do Sul,Vieiras
Santa Catarina,SC,Jaragua do Sul,Vila Lalau
Santa Catarina,SC,Jaragua do Sul,Vila Lenzi
Santa Catarina,SC,Jaragua do Sul,Vila Nova
Santa Catarina,SC,Joinville,America
Santa Catarina,SC,Joinville,Anita Garibaldi
Santa Catarina,SC,Joinville,Atiradores
Santa Catarina,SC,Joinville,Aventureiro
Santa Catarina,SC,Joinville,Boa Vista
Santa Catarina,SC,Joinville,Bom Retiro
Santa Catarina,SC,Joinville,Bucarein
Santa Catarina,SC,Joinville,Centro
Santa Catarina,SC,Joinville,Costa e Silva
Santa Catarina,SC,Joinville,Distrito Industrial
Santa Catarina,SC,Joinville,Fatima
Santa Catarina,SC,Joinville,Floresta
Santa Catarina,SC,Joinville,Gloria
Santa Catarina,SC,Joinville,Guanabara
Santa Catarina,SC,Joinville,Iririu
Santa Catarina,SC,Joinville,Itaum
Santa Catarina,SC,Joinville,Itinga
Santa Catarina,SC,Joinville,Jardim Sofia
Santa Catarina,SC,Joinville,Jarivatuba
Santa Catarina,SC,Joinville,Morro do Meio
Santa Catarina,SC,Joinville,Nova Brasilia
Santa Catarina,SC,Joinville,Pirabeiraba
Santa Catarina,SC,Joinville,Saguacu
Santa Catarina,SC,Joinville,Santa Catarina
Santa Catarina,SC,Joinville,Santo Antonio
Santa Catarina,SC,Joinville,Sao Marcos
Santa Catarina,SC,Joinville,Vila Nova
Santa Catarina,SC,Lages,Bates
Santa Catarina,SC,Lages,Beatriz
Santa Catarina,SC,Lages,Bela Vista
Santa Catarina,SC,Lages,Brusque
Santa Catarina,SC,Lages,Caca e Tiro
Santa Catarina,SC,Lages,Caroba
Santa Catarina,SC,Lages,Cdl
Santa Catarina,SC,Lages,Centenario
Santa Catarina,SC,Lages,Centro
Santa Catarina,SC,Lages,Cidade Alta
Santa Catarina,SC,Lages,Conta Dinheiro
Santa Catarina,SC,Lages,Copacabana
Santa Catarina,SC,Lages,Coral
Santa Catarina,SC,Lages,Dom Daniel
Santa Catarina,SC,Lages,Ferrovia
Santa Catarina,SC,Lages,Frei Rogeiro
Santa Catarina,SC,Lages,Gethal
Santa Catarina,SC,Lages,Guaruja
Santa Catarina,SC,Lages,Habitacao
Santa Catarina,SC,Lages,Ipiranga
Santa Catarina,SC,Lages,Jardim Celina
Santa Catarina,SC,Lages,Jardim das Camelias
Santa Catarina,SC,Lages,Jardim Panoramico
Santa Catarina,SC,Lages,Maria Luiza
Santa Catarina,SC,Lages,Morro do Posto
Santa Catarina,SC,Lages,Morro Grande
Santa Catarina,SC,Lages,Passo Fundo
Santa Catarina,SC,Lages,Penha
Santa Catarina,SC,Lages,Petropolis
Santa Catarina,SC,Lages,Pisani
Santa Catarina,SC,Lages,Popular
Santa Catarina,SC,Lages,Promorar
Santa Catarina,SC,Lages,Sagrado Coracao de Jesus
Santa Catarina,SC,Lages,Santa Candida
Santa Catarina,SC,Lages,Santa Catarina
Santa Catarina,SC,Lages,Santa Clara
Santa Catarina,SC,Lages,Santa Helena
Santa Catarina,SC,Lages,Santa Maria
Santa Catarina,SC,Lages,Santa Monica
Santa Catarina,SC,Lages,Santa Rita
Santa Catarina,SC,Lages,Santo Antonio
Santa Catarina,SC,Lages,Sao Cristovao
Santa Catarina,SC,Lages,Sao Francisco
Santa Catarina,SC,Lages,Sao Luiz
Santa Catarina,SC,Lages,Sao Sebastiao
Santa Catarina,SC,Lages,Triangulo
Santa Catarina,SC,Lages,Tributo
Santa Catarina,SC,Lages,Universitario
Santa Catarina,SC,Lages,Varzea
Santa Catarina,SC,Lages,Vila Comboni
Santa Catarina,SC,Lages,Vila Mariza
Santa Catarina,SC,Lages,Vila Nova
Santa Catarina,SC,Palhoca,Alto Aririu
Santa Catarina,SC,Palhoca,Aririu
Santa Catarina,SC,Palhoca,Aririu da Formiga
Santa Catarina,SC,Palhoca,Barra do Aririu
Santa Catarina,SC,Palhoca,Bela Vista
Santa Catarina,SC,Palhoca,Brejaru
Santa Catarina,SC,Palhoca,Caminho Novo
Santa Catarina,SC,Palhoca,Centro
Santa Catarina,SC,Palhoca,Guarda do Cubatao
Santa Catarina,SC,Palhoca,Pacheco
Santa Catarina,SC,Palhoca,Passa Vinte
Santa Catarina,SC,Palhoca,Ponte do Imaruim
Santa Catarina,SC,Palhoca,Praia de Fora
Santa Catarina,SC,Palhoca,Rio Grande
Santa Catarina,SC,Palhoca,Sao Sebastiao
Santa Catarina,SC,Palhoca,Terra Fraca
Santa Catarina,SC,Sao Jose,Areias
Santa Catarina,SC,Sao Jose,Barreiros
Santa Catarina,SC,Sao Jose,Bela Vista
Santa Catarina,SC,Sao Jose,Campinas
Santa Catarina,SC,Sao Jose,Centro
Santa Catarina,SC,Sao Jose,Cidade de Florianopolis
Santa Catarina,SC,Sao Jose,Fazenda Santo Antonio
Santa Catarina,SC,Sao Jose,Ipiranga
Santa Catarina,SC,Sao Jose,Kobrasol
Santa Catarina,SC,Sao Jose,Nossa Senhora do Rosario
Santa Catarina,SC,Sao Jose,Picadas do Norte
Santa Catarina,SC,Sao Jose,Picadas do Sul
Santa Catarina,SC,Sao Jose,Ponta de Baixo
Santa Catarina,SC,Sao Jose,Praia Comprida
Santa Catarina,SC,Sao Jose,Real Parque
Santa Catarina,SC,Sao Jose,Rocado
Santa Catarina,SC,Sao Jose,Santos Dumont
Santa Catarina,SC,Sao Jose,Serraria
Santa Catarina,SC,Tubarao,Aeroporto
Santa Catarina,SC,Tubarao,Campestre
Santa Catarina,SC,Tubarao,Centro
Santa Catarina,SC,Tubarao,Comasa (cohab)
Santa Catarina,SC,Tubarao,Congonhas
Santa Catarina,SC,Tubarao,Dehon
Santa Catarina,SC,Tubarao,Fabio Silva
Santa Catarina,SC,Tubarao,Guarda
Santa Catarina,SC,Tubarao,Humaita
Santa Catarina,SC,Tubarao,Humaita de Cima
Santa Catarina,SC,Tubarao,Madre
Santa Catarina,SC,Tubarao,Monte Castelo
Santa Catarina,SC,Tubarao,Morrotes
Santa Catarina,SC,Tubarao,Oficinas
Santa Catarina,SC,Tubarao,Passagem
Santa Catarina,SC,Tubarao,Passo do Gado
Santa Catarina,SC,Tubarao,Recife
Santa Catarina,SC,Tubarao,Revoredo
Santa Catarina,SC,Tubarao,Santo Antonio de Padua
Santa Catarina,SC,Tubarao,Sao Bernardo
Santa Catarina,SC,Tubarao,Sao Clemente
Santa Catarina,SC,Tubarao,Sao Cristovao
Santa Catarina,SC,Tubarao,Sao Joao - Margem Direita
Santa Catarina,SC,Tubarao,Sao Joao - Margem Esquerda
Santa Catarina,SC,Tubarao,Sao Martinho
Santa Catarina,SC,Tubarao,Sertao dos Correias
Santa Catarina,SC,Tubarao,Vila Esperanca
Santa Catarina,SC,Tubarao,Vila Moema
Sergipe,SE,Aracaju,Aeroporto
Sergipe,SE,Aracaju,America
Sergipe,SE,Aracaju,Atalaia
Sergipe,SE,Aracaju,Bugio
Sergipe,SE,Aracaju,Centro
Sergipe,SE,Aracaju,Cidade Nova
Sergipe,SE,Aracaju,Cirurgia
Sergipe,SE,Aracaju,Coroa do Meio
Sergipe,SE,Aracaju,Dezoito do Forte
Sergipe,SE,Aracaju,Farolandia
Sergipe,SE,Aracaju,Getulio Vargas
Sergipe,SE,Aracaju,Grageru
Sergipe,SE,Aracaju,Inacio Barbosa
Sergipe,SE,Aracaju,Industrial
Sergipe,SE,Aracaju,Jabotiana
Sergipe,SE,Aracaju,Jose Conrado de Araujo
Sergipe,SE,Aracaju,Lamarao
Sergipe,SE,Aracaju,Luzia
Sergipe,SE,Aracaju,Novo Paraiso
Sergipe,SE,Aracaju,Olaria
Sergipe,SE,Aracaju,Palestina
Sergipe,SE,Aracaju,Pereira Lobo
Sergipe,SE,Aracaju,Ponto Novo
Sergipe,SE,Aracaju,Porto D'antas
Sergipe,SE,Aracaju,Salgado Filho
Sergipe,SE,Aracaju,Santo Antonio
Sergipe,SE,Aracaju,Santos Dumont
Sergipe,SE,Aracaju,Sao Jose
Sergipe,SE,Aracaju,Siqueira Campos
Sergipe,SE,Aracaju,Soledade
Sergipe,SE,Aracaju,Suica
Sergipe,SE,Aracaju,Treze de Julho
São Paulo,SP,Americana,Bom Recreio
São Paulo,SP,Americana,Bosque da Saude
São Paulo,SP,Americana,Brieds
São Paulo,SP,Americana,Catharina Zanaga
São Paulo,SP,Americana,Cechino
São Paulo,SP,Americana,Centro
São Paulo,SP,Americana,Chacara Machadinho
São Paulo,SP,Americana,Chacara Rodrigues
São Paulo,SP,Americana,Cidade Jardim
São Paulo,SP,Americana,Conserva
São Paulo,SP,Americana,Jardim Alvorada
São Paulo,SP,Americana,Jardim Bazanelli
São Paulo,SP,Americana,Jardim Bela Vista
São Paulo,SP,Americana,Jardim Brasil
São Paulo,SP,Americana,Jardim Colina
São Paulo,SP,Americana,Jardim da Paz
São Paulo,SP,Americana,Jardim Girassol
São Paulo,SP,Americana,Jardim Gloria
São Paulo,SP,Americana,Jardim Marcia Cristina
São Paulo,SP,Americana,Jardim Paulista
São Paulo,SP,Americana,Jardim Planalto
São Paulo,SP,Americana,Jardim Primavera
São Paulo,SP,Americana,Jardim Santana
São Paulo,SP,Americana,Jardim Sao Domingos
São Paulo,SP,Americana,Jardim Sao Jose
São Paulo,SP,Americana,Jardim Sao Paulo
São Paulo,SP,Americana,Jardim Sao Roque
São Paulo,SP,Americana,Jardim Thelja
São Paulo,SP,Americana,Loteamento Industrial Nossa Senhora de Fatima
São Paulo,SP,Americana,Maria Crivellone Abrao
São Paulo,SP,Americana,Morada do Sol
São Paulo,SP,Americana,Nossa Senhora de Fatima
São Paulo,SP,Americana,Nova Americana
São Paulo,SP,Americana,Paraiso
São Paulo,SP,Americana,Parque da Liberdade
São Paulo,SP,Americana,Parque das Nacoes
São Paulo,SP,Americana,Parque Gramado
São Paulo,SP,Americana,Parque Novo Mundo
São Paulo,SP,Americana,Parque Residencial Nardini
São Paulo,SP,Americana,Parque Sao Jeronimo
São Paulo,SP,Americana,Portal dos Nobres
São Paulo,SP,Americana,Residencial Horto Florestal
São Paulo,SP,Americana,Santo Antonio
São Paulo,SP,Americana,Sao Jeronimo
São Paulo,SP,Americana,Vila Biasi
São Paulo,SP,Americana,Vila Dainese
São Paulo,SP,Americana,Vila Frezzarin
São Paulo,SP,Americana,Vila Galo
São Paulo,SP,Americana,Vila Israel
São Paulo,SP,Americana,Vila Jones
São Paulo,SP,Americana,Vila Massucheto
São Paulo,SP,Americana,Vila Mathiesen
São Paulo,SP,Americana,Vila Medon
São Paulo,SP,Americana,Vila Pavan
São Paulo,SP,Americana,Vila Rasmussen
São Paulo,SP,Americana,Vila Rehder
São Paulo,SP,Americana,Vila Rio Branco
São Paulo,SP,Americana,Vila Santa Catarina
São Paulo,SP,Americana,Vila Sao Pedro
São Paulo,SP,Americana,Werner Plaas
São Paulo,SP,Amparo,Arcadas
São Paulo,SP,Amparo,Arruda
São Paulo,SP,Amparo,Castelo
São Paulo,SP,Amparo,Centro
São Paulo,SP,Amparo,Chacara Abdalla
São Paulo,SP,Amparo,Chacara Ancona (arcadas)
São Paulo,SP,Amparo,Chacara Bocaina
São Paulo,SP,Amparo,Chacara Brumado
São Paulo,SP,Amparo,Chacara Flor da Porcelana (arcadas)
São Paulo,SP,Amparo,Chacara Sao Francisco
São Paulo,SP,Amparo,Chacara Sao Joao
São Paulo,SP,Amparo,Chacara Vitoria
São Paulo,SP,Amparo,Conjunto Habitacional Alberto Marques
São Paulo,SP,Amparo,Conjunto Residencial Vereador Herminio Gerbi
São Paulo,SP,Amparo,Fazenda do Tunel (arcadas)
São Paulo,SP,Amparo,Fazenda Sao Jose
São Paulo,SP,Amparo,Fazenda Tamburi
São Paulo,SP,Amparo,Jardim Adelia
São Paulo,SP,Amparo,Jardim Alberto
São Paulo,SP,Amparo,Jardim America
São Paulo,SP,Amparo,Jardim Andreia
São Paulo,SP,Amparo,Jardim Bela Vista
São Paulo,SP,Amparo,Jardim Bianca
São Paulo,SP,Amparo,Jardim Brasil
São Paulo,SP,Amparo,Jardim Cachoeira
São Paulo,SP,Amparo,Jardim Camandocaia
São Paulo,SP,Amparo,Jardim das Aves
São Paulo,SP,Amparo,Jardim das Orquideas
São Paulo,SP,Amparo,Jardim Figueira
São Paulo,SP,Amparo,Jardim Italia
São Paulo,SP,Amparo,Jardim Juliana
São Paulo,SP,Amparo,Jardim Modelo
São Paulo,SP,Amparo,Jardim Moreirinha
São Paulo,SP,Amparo,Jardim Natal
São Paulo,SP,Amparo,Jardim Nova Era
São Paulo,SP,Amparo,Jardim Novo Amparo
São Paulo,SP,Amparo,Jardim Paraiso Tropical
São Paulo,SP,Amparo,Jardim Primavera
São Paulo,SP,Amparo,Jardim Real
São Paulo,SP,Amparo,Jardim Santa Cecilia
São Paulo,SP,Amparo,Jardim Santa Helena
São Paulo,SP,Amparo,Jardim Santa Julia
São Paulo,SP,Amparo,Jardim Santana
São Paulo,SP,Amparo,Jardim Santo Antonio
São Paulo,SP,Amparo,Jardim Sao Dimas
São Paulo,SP,Amparo,Jardim Sao Francisco
São Paulo,SP,Amparo,Jardim Sao Jose
São Paulo,SP,Amparo,Jardim Sao Lourenco
São Paulo,SP,Amparo,Jardim Sao Roberto
São Paulo,SP,Amparo,Jardim Sao Sebastiao (arcadas)
São Paulo,SP,Amparo,Jardim Seabra
São Paulo,SP,Amparo,Jardim Serra das Estancias
São Paulo,SP,Amparo,Jardim Silmara
São Paulo,SP,Amparo,Jardim Silvana
São Paulo,SP,Amparo,Jardim Silvestre I
São Paulo,SP,Amparo,Jardim Silvestre II
São Paulo,SP,Amparo,Jardim Vila Rica
São Paulo,SP,Amparo,Jardim Vista Alegre (arcadas)
São Paulo,SP,Amparo,Loteamento Alto da Serra
São Paulo,SP,Amparo,Loteamento Estancia Netinho
São Paulo,SP,Amparo,Loteamento Nardini
São Paulo,SP,Amparo,Marson
São Paulo,SP,Amparo,Parque Cecap
São Paulo,SP,Amparo,Parque do Sol
São Paulo,SP,Amparo,Parque Dona Virginia
São Paulo,SP,Amparo,Parque Flamboyant
São Paulo,SP,Amparo,Parque Rodrigues
São Paulo,SP,Amparo,Planalto da Serra
São Paulo,SP,Amparo,Recanto do Lago
São Paulo,SP,Amparo,Recreio Haydee
São Paulo,SP,Amparo,Retiro Luiz Cenati
São Paulo,SP,Amparo,Ribeirao
São Paulo,SP,Amparo,Sao Judas
São Paulo,SP,Amparo,Silvestre
São Paulo,SP,Amparo,Tres Pontes
São Paulo,SP,Amparo,Velhobol
São Paulo,SP,Amparo,Vila Nova
São Paulo,SP,Andradina,Benfica
São Paulo,SP,Andradina,Centro
São Paulo,SP,Andradina,Conjunto Habitacional Alvaro Gasparelli I
São Paulo,SP,Andradina,Conjunto Habitacional Alvaro Gasparelli II
São Paulo,SP,Andradina,Conjunto Habitacional Andradina e
São Paulo,SP,Andradina,Conjunto Habitacional Antonio Silvio da Cunha Bueno
São Paulo,SP,Andradina,Conjunto Habitacional Belmiro Brunello
São Paulo,SP,Andradina,Conjunto Habitacional Bonfiglio Barbarotto
São Paulo,SP,Andradina,Conjunto Habitacional Lourival Rabelo dos Santos
São Paulo,SP,Andradina,Conjunto Habitacional Provido Bernardoni
São Paulo,SP,Andradina,Distrito Industrial
São Paulo,SP,Andradina,Jardim Alvorada
São Paulo,SP,Andradina,Jardim Brasil
São Paulo,SP,Andradina,Jardim das Aguas
São Paulo,SP,Andradina,Jardim Europa
São Paulo,SP,Andradina,Jardim Pedrina
São Paulo,SP,Andradina,Jardim Santa Cecilia
São Paulo,SP,Andradina,Jardim Santo Antonio
São Paulo,SP,Andradina,Parque Morumbi
São Paulo,SP,Andradina,Parque Santo Antonio
São Paulo,SP,Andradina,Parque Sao Gabriel
São Paulo,SP,Andradina,Parque Urubupunga
São Paulo,SP,Andradina,Piscina
São Paulo,SP,Andradina,Stella Maris
São Paulo,SP,Andradina,Vila Alpina
São Paulo,SP,Andradina,Vila Botega
São Paulo,SP,Andradina,Vila Delmond
São Paulo,SP,Andradina,Vila Feltrini
São Paulo,SP,Andradina,Vila Marechal Rondon
São Paulo,SP,Andradina,Vila Messias
São Paulo,SP,Andradina,Vila Mineira
São Paulo,SP,Andradina,Vila Passarelli
São Paulo,SP,Andradina,Vila Peliciari
São Paulo,SP,Andradina,Vila Pereira Jordao
São Paulo,SP,Andradina,Vila Rica
São Paulo,SP,Andradina,Vila Sanches
São Paulo,SP,Andradina,Vila Sao Joao
São Paulo,SP,Andradina,Vila Sao Pedro
São Paulo,SP,Aracatuba,Aeroporto Internacional
São Paulo,SP,Aracatuba,Aviacao
São Paulo,SP,Aracatuba,Bandeiras
São Paulo,SP,Aracatuba,Boa Vista
São Paulo,SP,Aracatuba,Campus Universitario
São Paulo,SP,Aracatuba,Centro
São Paulo,SP,Aracatuba,Chacaras Arco-iris
São Paulo,SP,Aracatuba,Chacaras California
São Paulo,SP,Aracatuba,Chacaras de Recreio Alvorada
São Paulo,SP,Aracatuba,Chacaras Moema
São Paulo,SP,Aracatuba,Chacaras Morada dos Nobres
São Paulo,SP,Aracatuba,Chacaras Osaka
São Paulo,SP,Aracatuba,Chacaras Tv
São Paulo,SP,Aracatuba,Chacaras Versalhes
São Paulo,SP,Aracatuba,Conjunto Habitacional Antonio Pagan
São Paulo,SP,Aracatuba,Conjunto Habitacional Ezequiel Barbosa
São Paulo,SP,Aracatuba,Conjunto Habitacional Manoel Pires
São Paulo,SP,Aracatuba,Fazenda do Estado
São Paulo,SP,Aracatuba,Higienopolis
São Paulo,SP,Aracatuba,Jardim Aclimacao
São Paulo,SP,Aracatuba,Jardim Alto da Boa Vista
São Paulo,SP,Aracatuba,Jardim Alvorada
São Paulo,SP,Aracatuba,Jardim America
São Paulo,SP,Aracatuba,Jardim Bandeirante
São Paulo,SP,Aracatuba,Jardim Brasil
São Paulo,SP,Aracatuba,Jardim Brasilia
São Paulo,SP,Aracatuba,Jardim California
São Paulo,SP,Aracatuba,Jardim Casa Nova
São Paulo,SP,Aracatuba,Jardim da Amizade
São Paulo,SP,Aracatuba,Jardim das Palmeiras
São Paulo,SP,Aracatuba,Jardim do Prado
São Paulo,SP,Aracatuba,Jardim do Trevo
São Paulo,SP,Aracatuba,Jardim Dona Amelia
São Paulo,SP,Aracatuba,Jardim Esplanada
São Paulo,SP,Aracatuba,Jardim Guanabara
São Paulo,SP,Aracatuba,Jardim Icaray
São Paulo,SP,Aracatuba,Jardim Ipanema
São Paulo,SP,Aracatuba,Jardim Ipora
São Paulo,SP,Aracatuba,Jardim Jussara
São Paulo,SP,Aracatuba,Jardim Lago Azul
São Paulo,SP,Aracatuba,Jardim Monte Carlo
São Paulo,SP,Aracatuba,Jardim Monterrey
São Paulo,SP,Aracatuba,Jardim Morumbi
São Paulo,SP,Aracatuba,Jardim Nova Iorque
São Paulo,SP,Aracatuba,Jardim Novo Paraiso
São Paulo,SP,Aracatuba,Jardim Novo Umuarama
São Paulo,SP,Aracatuba,Jardim Parque Industrial
São Paulo,SP,Aracatuba,Jardim Paulista
São Paulo,SP,Aracatuba,Jardim Pinheiros
São Paulo,SP,Aracatuba,Jardim Planalto
São Paulo,SP,Aracatuba,Jardim Presidente
São Paulo,SP,Aracatuba,Jardim Primavera
São Paulo,SP,Aracatuba,Jardim Rosele
São Paulo,SP,Aracatuba,Jardim Sao Jose
São Paulo,SP,Aracatuba,Jardim Sumare
São Paulo,SP,Aracatuba,Jardim Tv
São Paulo,SP,Aracatuba,Jardim Umuarama
São Paulo,SP,Aracatuba,Morada dos Nobres
São Paulo,SP,Aracatuba,Nucleo Nossa Senhora Aparecida
São Paulo,SP,Aracatuba,Paraiso
São Paulo,SP,Aracatuba,Parque Baguacu
São Paulo,SP,Aracatuba,Parque Industrial
São Paulo,SP,Aracatuba,Parque Industrial II
São Paulo,SP,Aracatuba,Parque Industrial III
São Paulo,SP,Aracatuba,Parque Residencial Aeroporto
São Paulo,SP,Aracatuba,Santana
São Paulo,SP,Aracatuba,Sao Joao
São Paulo,SP,Aracatuba,Sao Joaquim
São Paulo,SP,Aracatuba,Sao Vicente
São Paulo,SP,Aracatuba,Saudade
São Paulo,SP,Aracatuba,Vila Aeronautica
São Paulo,SP,Aracatuba,Vila Alba
São Paulo,SP,Aracatuba,Vila Carvalho
São Paulo,SP,Aracatuba,Vila Castelo Branco
São Paulo,SP,Aracatuba,Vila Estadio
São Paulo,SP,Aracatuba,Vila Industrial
São Paulo,SP,Aracatuba,Vila Mendonca
São Paulo,SP,Aracatuba,Vila Nova
São Paulo,SP,Aracatuba,Vila Panorama
São Paulo,SP,Aracatuba,Vila Santa Maria
São Paulo,SP,Aracatuba,Vila Santo Antonio
São Paulo,SP,Aracatuba,Vila Sao Paulo
São Paulo,SP,Araraquara,Centro
São Paulo,SP,Araraquara,Chacara Flora Araraquara
São Paulo,SP,Araraquara,Chacaras Velosa
São Paulo,SP,Araraquara,Cidade Jardim
São Paulo,SP,Araraquara,Cociza
São Paulo,SP,Araraquara,Distrito Industrial II
São Paulo,SP,Araraquara,Jardim Aclimacao
São Paulo,SP,Araraquara,Jardim Adalgisa
São Paulo,SP,Araraquara,Jardim Aguas do Paiol
São Paulo,SP,Araraquara,Jardim Almeida
São Paulo,SP,Araraquara,Jardim America (vila Xavier)
São Paulo,SP,Araraquara,Jardim Araraquara
São Paulo,SP,Araraquara,Jardim Arco-iris
São Paulo,SP,Araraquara,Jardim Biagioni
São Paulo,SP,Araraquara,Jardim Botanico
São Paulo,SP,Araraquara,Jardim Brasilia (vila Xavier)
São Paulo,SP,Araraquara,Jardim Cristo Rei (vila Xavier)
São Paulo,SP,Araraquara,Jardim das Estacoes (vila Xavier)
São Paulo,SP,Araraquara,Jardim das Paineiras
São Paulo,SP,Araraquara,Jardim das Palmeiras
São Paulo,SP,Araraquara,Jardim Del Rei
São Paulo,SP,Araraquara,Jardim Dom Pedro I
São Paulo,SP,Araraquara,Jardim Domingos Savio
São Paulo,SP,Araraquara,Jardim Eliana
São Paulo,SP,Araraquara,Jardim Europa (vila Xavier)
São Paulo,SP,Araraquara,Jardim Floridiana (vila Xavier)
São Paulo,SP,Araraquara,Jardim Guanabara
São Paulo,SP,Araraquara,Jardim Higienopolis
São Paulo,SP,Araraquara,Jardim Imperador
São Paulo,SP,Araraquara,Jardim Italia
São Paulo,SP,Araraquara,Jardim Mangiacapra
São Paulo,SP,Araraquara,Jardim Maracana
São Paulo,SP,Araraquara,Jardim Marivam
São Paulo,SP,Araraquara,Jardim Martinez
São Paulo,SP,Araraquara,Jardim Morada do Sol (vila Xavier)
São Paulo,SP,Araraquara,Jardim Morumbi
São Paulo,SP,Araraquara,Jardim Nova America
São Paulo,SP,Araraquara,Jardim Nova Araraquara
São Paulo,SP,Araraquara,Jardim Nova Epoca
São Paulo,SP,Araraquara,Jardim Palmares
São Paulo,SP,Araraquara,Jardim Panorama
São Paulo,SP,Araraquara,Jardim Paulistano (vila Xavier)
São Paulo,SP,Araraquara,Jardim Pinheiros (vila Xavier)
São Paulo,SP,Araraquara,Jardim Primavera
São Paulo,SP,Araraquara,Jardim Primor
São Paulo,SP,Araraquara,Jardim Quitandinha
São Paulo,SP,Araraquara,Jardim Regina
São Paulo,SP,Araraquara,Jardim Residencial Agua Branca
São Paulo,SP,Araraquara,Jardim Residencial Paraiso
São Paulo,SP,Araraquara,Jardim Residencial Santa Monica
São Paulo,SP,Araraquara,Jardim Roberto Selmi Dei
São Paulo,SP,Araraquara,Jardim Santa Adelia
São Paulo,SP,Araraquara,Jardim Santa Angelina
São Paulo,SP,Araraquara,Jardim Santa Clara (vila Xavier)
São Paulo,SP,Araraquara,Jardim Santa Julia (vila Xavier)
São Paulo,SP,Araraquara,Jardim Santa Lucia
São Paulo,SP,Araraquara,Jardim Santa Marta
São Paulo,SP,Araraquara,Jardim Santa Rita de Cassia
São Paulo,SP,Araraquara,Jardim Santa Rosa
São Paulo,SP,Araraquara,Jardim Silvania (vila Xavier)
São Paulo,SP,Araraquara,Jardim Tabapua (vila Xavier)
São Paulo,SP,Araraquara,Jardim Tamoio
São Paulo,SP,Araraquara,Jardim Tangara
São Paulo,SP,Araraquara,Jardim Tinen
São Paulo,SP,Araraquara,Jardim Universal
São Paulo,SP,Araraquara,Jardim Vale das Rosas
São Paulo,SP,Araraquara,Jardim Viaduto (vila Xavier)
São Paulo,SP,Araraquara,Jardim Vitoria
São Paulo,SP,Araraquara,Jardim Zavanella
São Paulo,SP,Araraquara,Parque Alvorada
São Paulo,SP,Araraquara,Parque Cecap
São Paulo,SP,Araraquara,Parque das Hortencias
São Paulo,SP,Araraquara,Parque Gramado (vila Xavier)
São Paulo,SP,Araraquara,Parque Iguatemi
São Paulo,SP,Araraquara,Parque Laranjeiras
São Paulo,SP,Araraquara,Parque Planalto
São Paulo,SP,Araraquara,Parque Residencial Vale do Sol
São Paulo,SP,Araraquara,Parque Sao Paulo (vila Xavier)
São Paulo,SP,Araraquara,Recreio Campestre Idanorma
São Paulo,SP,Araraquara,Sao Geraldo
São Paulo,SP,Araraquara,Vila Biagioni (vila Xavier)
São Paulo,SP,Araraquara,Vila Cidade Industrial (vila Xavier)
São Paulo,SP,Araraquara,Vila Der
São Paulo,SP,Araraquara,Vila do Servidor
São Paulo,SP,Araraquara,Vila Donofre (vila Xavier)
São Paulo,SP,Araraquara,Vila Ferroviaria
São Paulo,SP,Araraquara,Vila Furlan
São Paulo,SP,Araraquara,Vila Gaspar (vila Xavier)
São Paulo,SP,Araraquara,Vila Guaianases
São Paulo,SP,Araraquara,Vila Harmonia
São Paulo,SP,Araraquara,Vila Independencia
São Paulo,SP,Araraquara,Vila Joao Godoi
São Paulo,SP,Araraquara,Vila Jose Bonifacio
São Paulo,SP,Araraquara,Vila Melhado
São Paulo,SP,Araraquara,Vila Nice
São Paulo,SP,Araraquara,Vila Normanda
São Paulo,SP,Araraquara,Vila Nossa Senhora do Carmo
São Paulo,SP,Araraquara,Vila Oriente
São Paulo,SP,Araraquara,Vila Popular (vila Xavier)
São Paulo,SP,Araraquara,Vila Progresso
São Paulo,SP,Araraquara,Vila Renata (vila Xavier)
São Paulo,SP,Araraquara,Vila Santa Maria (vila Xavier)
São Paulo,SP,Araraquara,Vila Santana
São Paulo,SP,Araraquara,Vila Sedenho
São Paulo,SP,Araraquara,Vila Standard
São Paulo,SP,Araraquara,Vila Suconasa
São Paulo,SP,Araraquara,Vila Tito de Carvalho (vila Xavier)
São Paulo,SP,Araraquara,Vila Veloza
São Paulo,SP,Araraquara,Vila Vieira (vila Xavier)
São Paulo,SP,Araraquara,Vila Xavier (vila Xavier)
São Paulo,SP,Araraquara,Vila Yamada
São Paulo,SP,Araraquara,Yolanda Opice
São Paulo,SP,Araras,Bom Jesus
São Paulo,SP,Araras,Campinho
São Paulo,SP,Araras,Center Martini
São Paulo,SP,Araras,Centro
São Paulo,SP,Araras,Chacara Daltro
São Paulo,SP,Araras,Chacara Heitor Villa Lobos
São Paulo,SP,Araras,Conjunto Habitacional Narciso Gomes
São Paulo,SP,Araras,Distrito Industrial II
São Paulo,SP,Araras,Jardim 15 de Agosto
São Paulo,SP,Araras,Jardim 8 de Abril
São Paulo,SP,Araras,Jardim Abolicao de Lourenco Dias
São Paulo,SP,Araras,Jardim Alto das Araras
São Paulo,SP,Araras,Jardim Anhanguera
São Paulo,SP,Araras,Jardim Belvedere
São Paulo,SP,Araras,Jardim Buzolin
São Paulo,SP,Araras,Jardim Campestre I
São Paulo,SP,Araras,Jardim Campestre II
São Paulo,SP,Araras,Jardim Celina
São Paulo,SP,Araras,Jardim Copacabana
São Paulo,SP,Araras,Jardim das Flores
São Paulo,SP,Araras,Jardim das Palmeiras
São Paulo,SP,Araras,Jardim dos Eucaliptos
São Paulo,SP,Araras,Jardim dos Ypes
São Paulo,SP,Araras,Jardim Esperanca
São Paulo,SP,Araras,Jardim Filtro
São Paulo,SP,Araras,Jardim Francisca Buzolin
São Paulo,SP,Araras,Jardim Geny Mercatelli
São Paulo,SP,Araras,Jardim Industrial I
São Paulo,SP,Araras,Jardim Italia
São Paulo,SP,Araras,Jardim Jose Ometto I
São Paulo,SP,Araras,Jardim Jose Ometto II
São Paulo,SP,Araras,Jardim Jose Ometto III
São Paulo,SP,Araras,Jardim Luiza Maria
São Paulo,SP,Araras,Jardim Maraba
São Paulo,SP,Araras,Jardim Maria Lucia
São Paulo,SP,Araras,Jardim Maria Rosa
São Paulo,SP,Araras,Jardim Mario Leite de Castro
São Paulo,SP,Araras,Jardim Nicolau
São Paulo,SP,Araras,Jardim Nossa Senhora Aparecida
São Paulo,SP,Araras,Jardim Nossa Senhora de Fatima
São Paulo,SP,Araras,Jardim Nova Araras
São Paulo,SP,Araras,Jardim Nova Candida
São Paulo,SP,Araras,Jardim Nova Olinda
São Paulo,SP,Araras,Jardim Nova Suica
São Paulo,SP,Araras,Jardim Piratininga
São Paulo,SP,Araras,Jardim Presidente Tancredo Neves
São Paulo,SP,Araras,Jardim Residencial Itapua
São Paulo,SP,Araras,Jardim Rollo
São Paulo,SP,Araras,Jardim Rosana
São Paulo,SP,Araras,Jardim Santa Cruz
São Paulo,SP,Araras,Jardim Santa Marta
São Paulo,SP,Araras,Jardim Santa Rosa
São Paulo,SP,Araras,Jardim Sao Joao
São Paulo,SP,Araras,Jardim Sao Luiz
São Paulo,SP,Araras,Jardim Sao Pedro
São Paulo,SP,Araras,Jardim Sobradinho
São Paulo,SP,Araras,Jardim Taruma
São Paulo,SP,Araras,Jardim Universitario
São Paulo,SP,Araras,Parque Alvorada
São Paulo,SP,Araras,Parque Cidade Jardim
São Paulo,SP,Araras,Parque das Arvores
São Paulo,SP,Araras,Parque Industrial
São Paulo,SP,Araras,Parque Santa Candida
São Paulo,SP,Araras,Parque Tiradentes
São Paulo,SP,Araras,Residencial Bosque de Versalles
São Paulo,SP,Araras,Vila Bressan
São Paulo,SP,Araras,Vila Candida
São Paulo,SP,Araras,Vila Dona Rosa Zurita
São Paulo,SP,Araras,Vila Europa
São Paulo,SP,Araras,Vila Madalena de Canossa
São Paulo,SP,Araras,Vila Michelin
São Paulo,SP,Araras,Vila Pastorello
São Paulo,SP,Araras,Vila Queiroz
São Paulo,SP,Araras,Vila Rodini
São Paulo,SP,Araras,Vila Santo Antonio
São Paulo,SP,Araras,Vila Sao Jorge
São Paulo,SP,Assis,Aeroporto
São Paulo,SP,Assis,Agua do Pavao
São Paulo,SP,Assis,Bnh
São Paulo,SP,Assis,Cda
São Paulo,SP,Assis,Cda 3
São Paulo,SP,Assis,Centro
São Paulo,SP,Assis,Chacara das Rosas
São Paulo,SP,Assis,Conjunto Habitacional Assis IV
São Paulo,SP,Assis,Conjunto Habitacional Irma Catarina
São Paulo,SP,Assis,Conjunto Habitacional Nelson Marcondes
São Paulo,SP,Assis,Jardim 3 Americas I
São Paulo,SP,Assis,Jardim 3 Americas II
São Paulo,SP,Assis,Jardim Aeroporto
São Paulo,SP,Assis,Jardim Alvorada
São Paulo,SP,Assis,Jardim Amaury
São Paulo,SP,Assis,Jardim America
São Paulo,SP,Assis,Jardim Canada
São Paulo,SP,Assis,Jardim Eldorado
São Paulo,SP,Assis,Jardim Europa
São Paulo,SP,Assis,Jardim Faria
São Paulo,SP,Assis,Jardim Parana
São Paulo,SP,Assis,Jardim Paulista
São Paulo,SP,Assis,Jardim Santa Amelia
São Paulo,SP,Assis,Jardim Sao Nicolau
São Paulo,SP,Assis,Jardim Taquaral
São Paulo,SP,Assis,Nucleo Habitacional Dirceu Gomes Cervilha
São Paulo,SP,Assis,Parque das Acacias
São Paulo,SP,Assis,Parque das Flores
São Paulo,SP,Assis,Parque Universitario
São Paulo,SP,Assis,Posto Modelo
São Paulo,SP,Assis,Quinta dos Flamboyants
São Paulo,SP,Assis,San Fernando Valley
São Paulo,SP,Assis,Vila Adileta
São Paulo,SP,Assis,Vila Arlindo Luz
São Paulo,SP,Assis,Vila Boa Vista
São Paulo,SP,Assis,Vila Brasileira
São Paulo,SP,Assis,Vila Cambui
São Paulo,SP,Assis,Vila Carvalho
São Paulo,SP,Assis,Vila Central
São Paulo,SP,Assis,Vila Claudia
São Paulo,SP,Assis,Vila Clementina
São Paulo,SP,Assis,Vila Ebenezer
São Paulo,SP,Assis,Vila Fabiano
São Paulo,SP,Assis,Vila Fiuza
São Paulo,SP,Assis,Vila Fortuna
São Paulo,SP,Assis,Vila Funari
São Paulo,SP,Assis,Vila Independencia
São Paulo,SP,Assis,Vila Lucia Maria
São Paulo,SP,Assis,Vila Maria
São Paulo,SP,Assis,Vila Maria Isabel
São Paulo,SP,Assis,Vila Marialves
São Paulo,SP,Assis,Vila Mercedes
São Paulo,SP,Assis,Vila Moraes Pinto
São Paulo,SP,Assis,Vila Nova Florinea
São Paulo,SP,Assis,Vila Nova Santana
São Paulo,SP,Assis,Vila Operaria
São Paulo,SP,Assis,Vila Orestes
São Paulo,SP,Assis,Vila Ouro Verde
São Paulo,SP,Assis,Vila Palhares
São Paulo,SP,Assis,Vila Paraiso
São Paulo,SP,Assis,Vila Progresso
São Paulo,SP,Assis,Vila Prudenciana
São Paulo,SP,Assis,Vila Ribeiro
São Paulo,SP,Assis,Vila Rodrigues
São Paulo,SP,Assis,Vila Rosangela
São Paulo,SP,Assis,Vila Santa Cecilia
São Paulo,SP,Assis,Vila Santa Elisa
São Paulo,SP,Assis,Vila Santa Rita
São Paulo,SP,Assis,Vila Santana
São Paulo,SP,Assis,Vila Santo Antonio
São Paulo,SP,Assis,Vila Sao Benedito
São Paulo,SP,Assis,Vila Sao Cristovao
São Paulo,SP,Assis,Vila Sao Joao
São Paulo,SP,Assis,Vila Sao Jorge
São Paulo,SP,Assis,Vila Silvestre
São Paulo,SP,Assis,Vila Soubhie
São Paulo,SP,Assis,Vila Souza
São Paulo,SP,Assis,Vila Tenis Clube
São Paulo,SP,Assis,Vila Triangulo
São Paulo,SP,Assis,Vila Xavier
São Paulo,SP,Assis,Vila Zulmira
São Paulo,SP,Assis,Vl Gloria
São Paulo,SP,Atibaia,Alpes de Atibaia
São Paulo,SP,Atibaia,Alvinopolis
São Paulo,SP,Atibaia,Atibaia Jardim
São Paulo,SP,Atibaia,Atibaia Vista da Montanha
São Paulo,SP,Atibaia,Beiral das Pedras
São Paulo,SP,Atibaia,Bosque dos Eucaliptos
São Paulo,SP,Atibaia,Centro
São Paulo,SP,Atibaia,Chacara Aguia Branca
São Paulo,SP,Atibaia,Chacara Pedra Grande
São Paulo,SP,Atibaia,Chacaras Interlagos
São Paulo,SP,Atibaia,Chacaras Itapetinga
São Paulo,SP,Atibaia,Chacaras Sao Judas Tadeu
São Paulo,SP,Atibaia,Cidade Satelite
São Paulo,SP,Atibaia,Condominio Serras de Atibaia
São Paulo,SP,Atibaia,Ctb
São Paulo,SP,Atibaia,Estancia Lynce
São Paulo,SP,Atibaia,Estancia Santa Maria do Portao
São Paulo,SP,Atibaia,Guaxinduva
São Paulo,SP,Atibaia,Jardim America
São Paulo,SP,Atibaia,Jardim Bobadilha
São Paulo,SP,Atibaia,Jardim Brasil
São Paulo,SP,Atibaia,Jardim Brisa de Atibaia
São Paulo,SP,Atibaia,Jardim das Flores
São Paulo,SP,Atibaia,Jardim do Alvinopolis
São Paulo,SP,Atibaia,Jardim do Lago
São Paulo,SP,Atibaia,Jardim do Trevo
São Paulo,SP,Atibaia,Jardim dos Cambaras
São Paulo,SP,Atibaia,Jardim dos Pinheiros
São Paulo,SP,Atibaia,Jardim Eneide
São Paulo,SP,Atibaia,Jardim Flamboyant-a
São Paulo,SP,Atibaia,Jardim Flamboyant-b
São Paulo,SP,Atibaia,Jardim Floresta
São Paulo,SP,Atibaia,Jardim Itaperi
São Paulo,SP,Atibaia,Jardim Maristela
São Paulo,SP,Atibaia,Jardim Milena
São Paulo,SP,Atibaia,Jardim Paulista
São Paulo,SP,Atibaia,Jardim Roseli
São Paulo,SP,Atibaia,Jardim Sao Bento do Portao
São Paulo,SP,Atibaia,Jardim Siriema
São Paulo,SP,Atibaia,Jardim Solaris
São Paulo,SP,Atibaia,Jardim Suica
São Paulo,SP,Atibaia,Jardim Sumare
São Paulo,SP,Atibaia,Jardim Tapajos
São Paulo,SP,Atibaia,Jardim Terceiro Centenario
São Paulo,SP,Atibaia,Jardim Ype
São Paulo,SP,Atibaia,Marmeleiro
São Paulo,SP,Atibaia,Morumbi
São Paulo,SP,Atibaia,Nirvana Parque Residencial
São Paulo,SP,Atibaia,Nova Gardenia
São Paulo,SP,Atibaia,Panorama Parque Residencial
São Paulo,SP,Atibaia,Parque das Garcas I
São Paulo,SP,Atibaia,Parque das Nacoes
São Paulo,SP,Atibaia,Parque dos Coqueiros
São Paulo,SP,Atibaia,Parque Residencial Atibaia
São Paulo,SP,Atibaia,Parque Residencial Iguacu
São Paulo,SP,Atibaia,Portal dos Nobres
São Paulo,SP,Atibaia,Recreio Estoril
São Paulo,SP,Atibaia,Recreio Maristela
São Paulo,SP,Atibaia,Refugio
São Paulo,SP,Atibaia,Ressaca
São Paulo,SP,Atibaia,Retiro das Fontes
São Paulo,SP,Atibaia,Retiro das Pedras
São Paulo,SP,Atibaia,Samambaia Parque Residencial
São Paulo,SP,Atibaia,San Fernando do Valey
São Paulo,SP,Atibaia,Vila Carvalho
São Paulo,SP,Atibaia,Vila dos Nettos
São Paulo,SP,Atibaia,Vila Esperia
São Paulo,SP,Atibaia,Vila Giglio
São Paulo,SP,Atibaia,Vila Helena
São Paulo,SP,Atibaia,Vila Junqueira
São Paulo,SP,Atibaia,Vila Lea
São Paulo,SP,Atibaia,Vila Maria
São Paulo,SP,Atibaia,Vila Massoni
São Paulo,SP,Atibaia,Vila Mira
São Paulo,SP,Atibaia,Vila Nova Aclimacao
São Paulo,SP,Atibaia,Vila Petropolis
São Paulo,SP,Atibaia,Vila Rica
São Paulo,SP,Atibaia,Vila Salles
São Paulo,SP,Atibaia,Vila Santista
São Paulo,SP,Atibaia,Vila Thais
São Paulo,SP,Avare,Agua Branca
São Paulo,SP,Avare,Alto
São Paulo,SP,Avare,Alto da Colina
São Paulo,SP,Avare,Baixada do Glicerio
São Paulo,SP,Avare,Banco Nacional da Habitacao Brabancia
São Paulo,SP,Avare,Braz
São Paulo,SP,Avare,Centro
São Paulo,SP,Avare,Chacara Barrocao
São Paulo,SP,Avare,Chacara Recanto da Vo Pepina
São Paulo,SP,Avare,Chacara Santa Cecilia
São Paulo,SP,Avare,Chacara Tinoco
São Paulo,SP,Avare,Chacara Varginha
São Paulo,SP,Avare,Circulo Operario
São Paulo,SP,Avare,Colina Boa Vista
São Paulo,SP,Avare,Colina Verde
São Paulo,SP,Avare,Conjunto Brasil Novo
São Paulo,SP,Avare,Conjunto Habitacional Altos da Boa Vista
São Paulo,SP,Avare,Conjunto Habitacional Doutor Antonio Francisco Inocencio
São Paulo,SP,Avare,Conjunto Habitacional Duilio Contrucci Gambini
São Paulo,SP,Avare,Conjunto Habitacional Egydio Martins da Costa
São Paulo,SP,Avare,Conjunto Habitacional Padre Emilio Immos
São Paulo,SP,Avare,Conjunto Residencial Doutor Cecilio Jorge Neto
São Paulo,SP,Avare,Estancia Brabancia
São Paulo,SP,Avare,Ipiranga
São Paulo,SP,Avare,Jardim America
São Paulo,SP,Avare,Jardim Boa Vista
São Paulo,SP,Avare,Jardim Bom Sucesso
São Paulo,SP,Avare,Jardim Brabancia
São Paulo,SP,Avare,Jardim Brasil
São Paulo,SP,Avare,Jardim Europa
São Paulo,SP,Avare,Jardim Paineiras
São Paulo,SP,Avare,Jardim Paulista
São Paulo,SP,Avare,Jardim Paulistano
São Paulo,SP,Avare,Jardim Pinheiros
São Paulo,SP,Avare,Jardim Planalto
São Paulo,SP,Avare,Jardim Presidencial
São Paulo,SP,Avare,Jardim Primavera
São Paulo,SP,Avare,Jardim Santa Cruz
São Paulo,SP,Avare,Jardim Sao Paulo
São Paulo,SP,Avare,Jardim Sao Roque
São Paulo,SP,Avare,Jardim Tropical
São Paulo,SP,Avare,Jardim Vera Cruz
São Paulo,SP,Avare,Morada do Sol
São Paulo,SP,Avare,Parque Industrial Jurumirim
São Paulo,SP,Avare,Parque Residencial Brabancia
São Paulo,SP,Avare,Parque Residencial Gilberto Filgueiras
São Paulo,SP,Avare,Parque Roial
São Paulo,SP,Avare,Parque Santa Elizabeth
São Paulo,SP,Avare,Parque Sao Jorge
São Paulo,SP,Avare,Pinheiro Machado
São Paulo,SP,Avare,Recanto dos Bem-te-vis
São Paulo,SP,Avare,Recanto Vereda do Sol
São Paulo,SP,Avare,Residencial Armando Paula Assis
São Paulo,SP,Avare,Residencial Park Ipiranga
São Paulo,SP,Avare,Santana
São Paulo,SP,Avare,Sao Pedro
São Paulo,SP,Avare,Vila Aires
São Paulo,SP,Avare,Vila Cidade Jardim
São Paulo,SP,Avare,Vila Jussara Maria
São Paulo,SP,Avare,Vila Mariana
São Paulo,SP,Avare,Vila Martins
São Paulo,SP,Avare,Vila Nova
São Paulo,SP,Avare,Vila Operaria
São Paulo,SP,Avare,Vila Piagentino
São Paulo,SP,Avare,Vila Rio Novo
São Paulo,SP,Avare,Vila Santa Izabel
São Paulo,SP,Avare,Vila Santa Maria
São Paulo,SP,Avare,Vila Sao Felipe
São Paulo,SP,Avare,Vila Sao Judas Tadeu
São Paulo,SP,Avare,Vila Sao Luiz
São Paulo,SP,Avare,Vila Sao Sebastiao
São Paulo,SP,Avare,Vila Timoteo
São Paulo,SP,Avare,Vila Tres Marias
São Paulo,SP,Barretos,Aeroporto
São Paulo,SP,Barretos,Alpa
São Paulo,SP,Barretos,Alto Sumare
São Paulo,SP,Barretos,America
São Paulo,SP,Barretos,Baroni
São Paulo,SP,Barretos,Bela Vista
São Paulo,SP,Barretos,Benedito Realino Correa
São Paulo,SP,Barretos,Boa Esperanca
São Paulo,SP,Barretos,Boa Vista
São Paulo,SP,Barretos,Bom Jesus
São Paulo,SP,Barretos,Centenario
São Paulo,SP,Barretos,Centro
São Paulo,SP,Barretos,City Barretos
São Paulo,SP,Barretos,Clementina
São Paulo,SP,Barretos,Cristiano de Carvalho
São Paulo,SP,Barretos,Derby Clube
São Paulo,SP,Barretos,Distrito Industrial I
São Paulo,SP,Barretos,Distrito Industrial II
São Paulo,SP,Barretos,Diva
São Paulo,SP,Barretos,Dom Joao Bosco
São Paulo,SP,Barretos,Ely Pimenta
São Paulo,SP,Barretos,Exposicao
São Paulo,SP,Barretos,Flosi
São Paulo,SP,Barretos,Fortaleza
São Paulo,SP,Barretos,Gomes
São Paulo,SP,Barretos,Haddad
São Paulo,SP,Barretos,Henriqueta
São Paulo,SP,Barretos,Ibirapuera
São Paulo,SP,Barretos,Industrial
São Paulo,SP,Barretos,Jardim Allah
São Paulo,SP,Barretos,Jardim Alvorada
São Paulo,SP,Barretos,Jardim Arizona
São Paulo,SP,Barretos,Jardim Caicara
São Paulo,SP,Barretos,Jardim California
São Paulo,SP,Barretos,Jardim Campo Redondo
São Paulo,SP,Barretos,Jardim Estancia
São Paulo,SP,Barretos,Jardim Feitosa Morelo
São Paulo,SP,Barretos,Jardim Nova Barretos
São Paulo,SP,Barretos,Jardim Ramos
São Paulo,SP,Barretos,Jardim Sao Paulo
São Paulo,SP,Barretos,Jardim Silvia
São Paulo,SP,Barretos,Jardim Soares
São Paulo,SP,Barretos,Joaquim Pereira Mococa
São Paulo,SP,Barretos,Jockey Club
São Paulo,SP,Barretos,Jone Miziara
São Paulo,SP,Barretos,Licia
São Paulo,SP,Barretos,Los Angeles
São Paulo,SP,Barretos,Marchi
São Paulo,SP,Barretos,Marieta
São Paulo,SP,Barretos,Marilia
São Paulo,SP,Barretos,Monte Alegre
São Paulo,SP,Barretos,Monte Castelo
São Paulo,SP,Barretos,Nadir Kenan
São Paulo,SP,Barretos,Nogueira
São Paulo,SP,Barretos,Nova America
São Paulo,SP,Barretos,Nova Clementina
São Paulo,SP,Barretos,Nova Esplanada
São Paulo,SP,Barretos,Oriente
São Paulo,SP,Barretos,Ortega
São Paulo,SP,Barretos,Parque Residencial Minerva
São Paulo,SP,Barretos,Pedro Cavalini
São Paulo,SP,Barretos,Pereira
São Paulo,SP,Barretos,Pimenta
São Paulo,SP,Barretos,Primavera
São Paulo,SP,Barretos,Residencial Parque das Flores
São Paulo,SP,Barretos,Rios
São Paulo,SP,Barretos,Santa Cecilia
São Paulo,SP,Barretos,Santa Helena
São Paulo,SP,Barretos,Santa Izabel
São Paulo,SP,Barretos,Santa Terezinha
São Paulo,SP,Barretos,Santana
São Paulo,SP,Barretos,Sao Francisco
São Paulo,SP,Barretos,Sao Jorge
São Paulo,SP,Barretos,Sao Jose
São Paulo,SP,Barretos,Sao Judas Tadeu
São Paulo,SP,Barretos,Sao Salvador
São Paulo,SP,Barretos,Valente
São Paulo,SP,Barretos,Zequinha Amendola
São Paulo,SP,Barueri,Alphaville Empresarial
São Paulo,SP,Barueri,Alphaville Industrial
São Paulo,SP,Barueri,Centro
São Paulo,SP,Barueri,Chacara do Peroba
São Paulo,SP,Barueri,Chacaras Marco
São Paulo,SP,Barueri,Jardim Alberto
São Paulo,SP,Barueri,Jardim Audir
São Paulo,SP,Barueri,Jardim Barueri
São Paulo,SP,Barueri,Jardim Belval
São Paulo,SP,Barueri,Jardim California
São Paulo,SP,Barueri,Jardim dos Camargos
São Paulo,SP,Barueri,Jardim Esperanca
São Paulo,SP,Barueri,Jardim Florida
São Paulo,SP,Barueri,Jardim Iracema
São Paulo,SP,Barueri,Jardim Itaquiti
São Paulo,SP,Barueri,Jardim Julio
São Paulo,SP,Barueri,Jardim Maria Cristina
São Paulo,SP,Barueri,Jardim Maria Tereza
São Paulo,SP,Barueri,Jardim Mutinga
São Paulo,SP,Barueri,Jardim Paraiso
São Paulo,SP,Barueri,Jardim Paulista
São Paulo,SP,Barueri,Jardim Regina Alice
São Paulo,SP,Barueri,Jardim Santa Cecilia
São Paulo,SP,Barueri,Jardim Santa Monica
São Paulo,SP,Barueri,Jardim Sao Jose
São Paulo,SP,Barueri,Jardim Sao Pedro
São Paulo,SP,Barueri,Jardim Sao Silvestre
São Paulo,SP,Barueri,Jardim Silveira
São Paulo,SP,Barueri,Jardim Timbauhy
São Paulo,SP,Barueri,Jardim Tupan
São Paulo,SP,Barueri,Jardim Tupanci
São Paulo,SP,Barueri,Morada dos Passaros
São Paulo,SP,Barueri,Nova Aldeinha
São Paulo,SP,Barueri,Nucleo Residencial Celia Mota
São Paulo,SP,Barueri,Parque dos Camargos
São Paulo,SP,Barueri,Parque Imperial
São Paulo,SP,Barueri,Parque Santa Luzia
São Paulo,SP,Barueri,Parque Viana
São Paulo,SP,Barueri,Recanto Phrynea
São Paulo,SP,Barueri,Residencial das Estrelas
São Paulo,SP,Barueri,Residencial Sao Fernando
São Paulo,SP,Barueri,Tambore
São Paulo,SP,Barueri,Vale do Sol
São Paulo,SP,Barueri,Vila Barros
São Paulo,SP,Barueri,Vila Boa Vista
São Paulo,SP,Barueri,Vila Ceres
São Paulo,SP,Barueri,Vila Conceicao
São Paulo,SP,Barueri,Vila Creti
São Paulo,SP,Barueri,Vila Engenho Novo
São Paulo,SP,Barueri,Vila Industrial
São Paulo,SP,Barueri,Vila Iracema
São Paulo,SP,Barueri,Vila Morellato
São Paulo,SP,Barueri,Vila Nilva
São Paulo,SP,Barueri,Vila Nossa Senhora da Escada
São Paulo,SP,Barueri,Vila Nova
São Paulo,SP,Barueri,Vila Nova Barueri
São Paulo,SP,Barueri,Vila Osmany
São Paulo,SP,Barueri,Vila Pindorama
São Paulo,SP,Barueri,Vila Porto
São Paulo,SP,Barueri,Vila Pouso Alegre
São Paulo,SP,Barueri,Vila Sao Joao
São Paulo,SP,Barueri,Vila Sao Jorge
São Paulo,SP,Barueri,Vila Sao Luiz (centro)
São Paulo,SP,Barueri,Vila Sao Luiz (valparaizo)
São Paulo,SP,Barueri,Vila Sao Miguel
São Paulo,SP,Barueri,Vila Sao Silvestre
São Paulo,SP,Barueri,Vila Sargento Jose de Paula
São Paulo,SP,Barueri,Vila Silveira
São Paulo,SP,Barueri,Vila Universal
São Paulo,SP,Bauru,Alto Higienopolis
São Paulo,SP,Bauru,Centro
São Paulo,SP,Bauru,Chacara das Flores
São Paulo,SP,Bauru,Chacara Sao Joao
São Paulo,SP,Bauru,Chacara Terra Branca
São Paulo,SP,Bauru,Chacaras Cardoso
São Paulo,SP,Bauru,Chacaras Urupes
São Paulo,SP,Bauru,Conjunto Habitacional Engenheiro Otavio Rasi
São Paulo,SP,Bauru,Conjunto Habitacional Leao XIII
São Paulo,SP,Bauru,Conjunto Habitacional Presidente Eurico Gaspar Dutra
São Paulo,SP,Bauru,Distrito Industrial II
São Paulo,SP,Bauru,Estancia Balnearia Aguas Virtuosas
São Paulo,SP,Bauru,Estoril Centreville
São Paulo,SP,Bauru,Ferradura Mirim
São Paulo,SP,Bauru,Fundacao Casas Populares Salvador Filardi
São Paulo,SP,Bauru,Jardim Aeroporto
São Paulo,SP,Bauru,Jardim Alto Bauru
São Paulo,SP,Bauru,Jardim Alvorada
São Paulo,SP,Bauru,Jardim Amalia
São Paulo,SP,Bauru,Jardim America
São Paulo,SP,Bauru,Jardim Ana Lucia
São Paulo,SP,Bauru,Jardim Andorfato
São Paulo,SP,Bauru,Jardim Aracy
São Paulo,SP,Bauru,Jardim Araruna
São Paulo,SP,Bauru,Jardim Bela Vista
São Paulo,SP,Bauru,Jardim Benicia
São Paulo,SP,Bauru,Jardim Bom Samaritano
São Paulo,SP,Bauru,Jardim Brasil
São Paulo,SP,Bauru,Jardim Brasilia
São Paulo,SP,Bauru,Jardim Cecap
São Paulo,SP,Bauru,Jardim Central
São Paulo,SP,Bauru,Jardim Chapadao
São Paulo,SP,Bauru,Jardim Contorno
São Paulo,SP,Bauru,Jardim Cruzeiro do Sul
São Paulo,SP,Bauru,Jardim das Orquideas
São Paulo,SP,Bauru,Jardim de Allah
São Paulo,SP,Bauru,Jardim Delluiggy
São Paulo,SP,Bauru,Jardim Dona Lili
São Paulo,SP,Bauru,Jardim Dona Sarah
São Paulo,SP,Bauru,Jardim Eldorado
São Paulo,SP,Bauru,Jardim Esplanada
São Paulo,SP,Bauru,Jardim Estoril
São Paulo,SP,Bauru,Jardim Estoril III
São Paulo,SP,Bauru,Jardim Estrela D'alva
São Paulo,SP,Bauru,Jardim Faria
São Paulo,SP,Bauru,Jardim Ferraz
São Paulo,SP,Bauru,Jardim Florida
São Paulo,SP,Bauru,Jardim Gerson Franca
São Paulo,SP,Bauru,Jardim Godoy
São Paulo,SP,Bauru,Jardim Guadalajara
São Paulo,SP,Bauru,Jardim Hojas
São Paulo,SP,Bauru,Jardim Infante Dom Henrique
São Paulo,SP,Bauru,Jardim Ivone
São Paulo,SP,Bauru,Jardim Jamil
São Paulo,SP,Bauru,Jardim Jandira
São Paulo,SP,Bauru,Jardim Jose Kalil
São Paulo,SP,Bauru,Jardim Maraba
São Paulo,SP,Bauru,Jardim Maramba
São Paulo,SP,Bauru,Jardim Maria Angelica
São Paulo,SP,Bauru,Jardim Maria Celia
São Paulo,SP,Bauru,Jardim Marilia
São Paulo,SP,Bauru,Jardim Marise
São Paulo,SP,Bauru,Jardim Mary
São Paulo,SP,Bauru,Jardim Mendonca
São Paulo,SP,Bauru,Jardim Nasralla
São Paulo,SP,Bauru,Jardim Niceia
São Paulo,SP,Bauru,Jardim Nossa Senhora de Lourdes
São Paulo,SP,Bauru,Jardim Nova Bauru
São Paulo,SP,Bauru,Jardim Nova Esperanca
São Paulo,SP,Bauru,Jardim Olimpico
São Paulo,SP,Bauru,Jardim Ouro Verde
São Paulo,SP,Bauru,Jardim Panorama
São Paulo,SP,Bauru,Jardim Paulista
São Paulo,SP,Bauru,Jardim Petropolis
São Paulo,SP,Bauru,Jardim Planalto
São Paulo,SP,Bauru,Jardim Progresso
São Paulo,SP,Bauru,Jardim Prudencia
São Paulo,SP,Bauru,Jardim Redentor
São Paulo,SP,Bauru,Jardim Rosa Branca
São Paulo,SP,Bauru,Jardim Sambura
São Paulo,SP,Bauru,Jardim Santana
São Paulo,SP,Bauru,Jardim Santos Dumont
São Paulo,SP,Bauru,Jardim Sao Jose
São Paulo,SP,Bauru,Jardim Sao Judas
São Paulo,SP,Bauru,Jardim Shangri-la
São Paulo,SP,Bauru,Jardim Solange
São Paulo,SP,Bauru,Jardim Terra Branca
São Paulo,SP,Bauru,Jardim Tv
São Paulo,SP,Bauru,Jardim Vania Maria
São Paulo,SP,Bauru,Jardim Vitoria
São Paulo,SP,Bauru,Madureira
São Paulo,SP,Bauru,Novo Jardim Pagani
São Paulo,SP,Bauru,Nucleo Eldorado
São Paulo,SP,Bauru,Nucleo Nove de Julho
São Paulo,SP,Bauru,Nucleo Residencial Alto Alegre
São Paulo,SP,Bauru,Nucleo Residencial Beija-flor
São Paulo,SP,Bauru,Nucleo Residencial Edison Bastos Gasparini
São Paulo,SP,Bauru,Nucleo Residencial Perdizes
São Paulo,SP,Bauru,Nucleo Residencial Presidente Geisel
São Paulo,SP,Bauru,Panorama Parque
São Paulo,SP,Bauru,Parque Alto Sumare
São Paulo,SP,Bauru,Parque Bauru
São Paulo,SP,Bauru,Parque Bauru Mirim
São Paulo,SP,Bauru,Parque Boa Vista
São Paulo,SP,Bauru,Parque City
São Paulo,SP,Bauru,Parque Continental
São Paulo,SP,Bauru,Parque das Nacoes
São Paulo,SP,Bauru,Parque Giansante
São Paulo,SP,Bauru,Parque Hipodromo
São Paulo,SP,Bauru,Parque Industrial Manchester
São Paulo,SP,Bauru,Parque Jaragua
São Paulo,SP,Bauru,Parque Jardim Europa
São Paulo,SP,Bauru,Parque Julio Nobrega
São Paulo,SP,Bauru,Parque Paulista
São Paulo,SP,Bauru,Parque Paulistano
São Paulo,SP,Bauru,Parque Real
São Paulo,SP,Bauru,Parque Residencial Castelo
São Paulo,SP,Bauru,Parque Residencial Jardim Araruna
São Paulo,SP,Bauru,Parque Residencial Paineiras
São Paulo,SP,Bauru,Parque Roosevelt
São Paulo,SP,Bauru,Parque Santa Candida
São Paulo,SP,Bauru,Parque Santa Cecilia
São Paulo,SP,Bauru,Parque Santa Edwiges
São Paulo,SP,Bauru,Parque Santa Rita
São Paulo,SP,Bauru,Parque Santa Terezinha
São Paulo,SP,Bauru,Parque Sao Cristovao
São Paulo,SP,Bauru,Parque Sao Geraldo
São Paulo,SP,Bauru,Parque Sao Joao
São Paulo,SP,Bauru,Parque Sao Jorge
São Paulo,SP,Bauru,Parque Uniao
São Paulo,SP,Bauru,Parque Val de Palmas
São Paulo,SP,Bauru,Parque Viaduto
São Paulo,SP,Bauru,Parque Vista Alegre
São Paulo,SP,Bauru,Pousada da Esperanca
São Paulo,SP,Bauru,Quinta da Bela Olinda
São Paulo,SP,Bauru,Recanto Maricel
São Paulo,SP,Bauru,Residencial Parque Colina Verde
São Paulo,SP,Bauru,Residencial Parque Granja Cecilia A
São Paulo,SP,Bauru,Residencial Parque Granja Cecilia B
São Paulo,SP,Bauru,Samambaia Parque Residencial
São Paulo,SP,Bauru,Sitios Village Paineiras
São Paulo,SP,Bauru,Tangaras
São Paulo,SP,Bauru,Vale do Igapo
São Paulo,SP,Bauru,Vila Aeroporto de Bauru
São Paulo,SP,Bauru,Vila Aimores
São Paulo,SP,Bauru,Vila Alto Paraiso
São Paulo,SP,Bauru,Vila America
São Paulo,SP,Bauru,Vila Antarctica
São Paulo,SP,Bauru,Vila Aviacao
São Paulo,SP,Bauru,Vila Aviacao B
São Paulo,SP,Bauru,Vila Becheli
São Paulo,SP,Bauru,Vila Bela
São Paulo,SP,Bauru,Vila Bernardino Prates
São Paulo,SP,Bauru,Vila Bonfim
São Paulo,SP,Bauru,Vila Brunhari
São Paulo,SP,Bauru,Vila Camargo
São Paulo,SP,Bauru,Vila Cardia
São Paulo,SP,Bauru,Vila Carmem
São Paulo,SP,Bauru,Vila Carolina
São Paulo,SP,Bauru,Vila Cidade Universitaria
São Paulo,SP,Bauru,Vila Conceicao
São Paulo,SP,Bauru,Vila Coralina
São Paulo,SP,Bauru,Vila D'aro
São Paulo,SP,Bauru,Vila Dutra
São Paulo,SP,Bauru,Vila Engler
São Paulo,SP,Bauru,Vila Falcao
São Paulo,SP,Bauru,Vila Flores
São Paulo,SP,Bauru,Vila Formosa
São Paulo,SP,Bauru,Vila Frutuoso Dias
São Paulo,SP,Bauru,Vila Galvao
São Paulo,SP,Bauru,Vila Garcia
São Paulo,SP,Bauru,Vila Gimenes
São Paulo,SP,Bauru,Vila Giunta
São Paulo,SP,Bauru,Vila Goncalves
São Paulo,SP,Bauru,Vila Gorizia
São Paulo,SP,Bauru,Vila Guedes de Azevedo
São Paulo,SP,Bauru,Vila Independencia
São Paulo,SP,Bauru,Vila Industrial
São Paulo,SP,Bauru,Vila Jardim Celina
São Paulo,SP,Bauru,Vila Lemos
São Paulo,SP,Bauru,Vila Maracy
São Paulo,SP,Bauru,Vila Marajoara
São Paulo,SP,Bauru,Vila Mariana
São Paulo,SP,Bauru,Vila Martha
São Paulo,SP,Bauru,Vila Mesquita
São Paulo,SP,Bauru,Vila Monlevade
São Paulo,SP,Bauru,Vila Niponica
São Paulo,SP,Bauru,Vila Noemy
São Paulo,SP,Bauru,Vila Nova Niponica
São Paulo,SP,Bauru,Vila Nova Santa Clara
São Paulo,SP,Bauru,Vila Nova Santa Ines
São Paulo,SP,Bauru,Vila Nova Santa Luzia
São Paulo,SP,Bauru,Vila Nove de Julho
São Paulo,SP,Bauru,Vila Pacifico
São Paulo,SP,Bauru,Vila Paraiso
São Paulo,SP,Bauru,Vila Perroca
São Paulo,SP,Bauru,Vila Popular
São Paulo,SP,Bauru,Vila Quaggio
São Paulo,SP,Bauru,Vila Regina
São Paulo,SP,Bauru,Vila Riachuelo
São Paulo,SP,Bauru,Vila Rocha
São Paulo,SP,Bauru,Vila Samaritana
São Paulo,SP,Bauru,Vila Santa Filomena
São Paulo,SP,Bauru,Vila Santa Ines
São Paulo,SP,Bauru,Vila Santa Izabel
São Paulo,SP,Bauru,Vila Santa Luzia
São Paulo,SP,Bauru,Vila Santa Tereza
São Paulo,SP,Bauru,Vila Santista
São Paulo,SP,Bauru,Vila Santo Antonio
São Paulo,SP,Bauru,Vila Sao Francisco
São Paulo,SP,Bauru,Vila Sao Joao da Boa Vista
São Paulo,SP,Bauru,Vila Sao Manoel
São Paulo,SP,Bauru,Vila Sao Paulo
São Paulo,SP,Bauru,Vila Seabra
São Paulo,SP,Bauru,Vila Serrao
São Paulo,SP,Bauru,Vila Silva Pinto
São Paulo,SP,Bauru,Vila Souto
São Paulo,SP,Bauru,Vila Tentor
São Paulo,SP,Bauru,Vila Vieira
São Paulo,SP,Bauru,Vila Zillo
São Paulo,SP,Bebedouro,Centro
São Paulo,SP,Bebedouro,Chacaras Parati
São Paulo,SP,Bebedouro,Cidade Coracao
São Paulo,SP,Bebedouro,Conjunto Primavera
São Paulo,SP,Bebedouro,Distrito Industrial I
São Paulo,SP,Bebedouro,Distrito Industrial II
São Paulo,SP,Bebedouro,Jardim 3 Marias
São Paulo,SP,Bebedouro,Jardim Aeroporto
São Paulo,SP,Bebedouro,Jardim Alvorada
São Paulo,SP,Bebedouro,Jardim California
São Paulo,SP,Bebedouro,Jardim Casagrande
São Paulo,SP,Bebedouro,Jardim Ciranda
São Paulo,SP,Bebedouro,Jardim Claudia I
São Paulo,SP,Bebedouro,Jardim Claudia II
São Paulo,SP,Bebedouro,Jardim Cruzeiro do Sul
São Paulo,SP,Bebedouro,Jardim das Acacias
São Paulo,SP,Bebedouro,Jardim das Laranjeiras
São Paulo,SP,Bebedouro,Jardim de Lucia
São Paulo,SP,Bebedouro,Jardim do Bosque
São Paulo,SP,Bebedouro,Jardim do Sonho
São Paulo,SP,Bebedouro,Jardim Esplanada
São Paulo,SP,Bebedouro,Jardim Estoril
São Paulo,SP,Bebedouro,Jardim Julia
São Paulo,SP,Bebedouro,Jardim Luciana
São Paulo,SP,Bebedouro,Jardim Maraja
São Paulo,SP,Bebedouro,Jardim Menino Deus I
São Paulo,SP,Bebedouro,Jardim Menino Deus II
São Paulo,SP,Bebedouro,Jardim Paraiso
São Paulo,SP,Bebedouro,Jardim Parati II
São Paulo,SP,Bebedouro,Jardim Piratininga
São Paulo,SP,Bebedouro,Jardim Progresso
São Paulo,SP,Bebedouro,Jardim Recanto
São Paulo,SP,Bebedouro,Jardim Santa Terezinha
São Paulo,SP,Bebedouro,Jardim Sao Joao
São Paulo,SP,Bebedouro,Jardim Sao Sebastiao
São Paulo,SP,Bebedouro,Jardim Talarico
São Paulo,SP,Bebedouro,Jardim Tropical
São Paulo,SP,Bebedouro,Parque Residencial Eldorado
São Paulo,SP,Bebedouro,Parque Residencial Irmaos Furquim
São Paulo,SP,Bebedouro,Parque Residencial Santo Antonio
São Paulo,SP,Bebedouro,Residencial Antonia Santaella
São Paulo,SP,Bebedouro,Residencial Bebedouro
São Paulo,SP,Bebedouro,Residencial Centenario
São Paulo,SP,Bebedouro,Residencial Franciscano
São Paulo,SP,Bebedouro,Residencial Parati
São Paulo,SP,Bebedouro,Residencial Pedro Maia
São Paulo,SP,Bebedouro,Residencial Rassim Dibe
São Paulo,SP,Bebedouro,Residencial Uniao
São Paulo,SP,Bebedouro,Residencial Vale do Sol
São Paulo,SP,Bebedouro,Vila Alto do Sumare
São Paulo,SP,Bebedouro,Vila Bom Retiro
São Paulo,SP,Bebedouro,Vila California
São Paulo,SP,Bebedouro,Vila Elisabeth
São Paulo,SP,Bebedouro,Vila Irma Antonieta Farani
São Paulo,SP,Bebedouro,Vila Julieta
São Paulo,SP,Bebedouro,Vila Lourdes Hortal
São Paulo,SP,Bebedouro,Vila Major Cicero de Carvalho
São Paulo,SP,Bebedouro,Vila Maria
São Paulo,SP,Bebedouro,Vila Monte Castelo
São Paulo,SP,Bebedouro,Vila Novo Lar
São Paulo,SP,Bebedouro,Vila Paula
São Paulo,SP,Bebedouro,Vila Paulista
São Paulo,SP,Bebedouro,Vila Sanderson
São Paulo,SP,Birigui,Bosque da Saude
São Paulo,SP,Birigui,Centro
São Paulo,SP,Birigui,Chacara Caicara
São Paulo,SP,Birigui,Chacara de Recreio Santo Antonio
São Paulo,SP,Birigui,Chacara Recanto Terence
São Paulo,SP,Birigui,Cidade Jardim
São Paulo,SP,Birigui,Condominio Alphaville
São Paulo,SP,Birigui,Conjunto Habitacional Doutor Magalhaes
São Paulo,SP,Birigui,Distrito Industrial
São Paulo,SP,Birigui,Jandaia Residencial Parque
São Paulo,SP,Birigui,Jardim Aeroporto
São Paulo,SP,Birigui,Jardim Arco Iris
São Paulo,SP,Birigui,Jardim Bela Vista
São Paulo,SP,Birigui,Jardim Canaa
São Paulo,SP,Birigui,Jardim Costa Rica
São Paulo,SP,Birigui,Jardim do Lago
São Paulo,SP,Birigui,Jardim Estoril
São Paulo,SP,Birigui,Jardim Europa
São Paulo,SP,Birigui,Jardim Flamengo
São Paulo,SP,Birigui,Jardim Guapore
São Paulo,SP,Birigui,Jardim Icaray
São Paulo,SP,Birigui,Jardim Ipanema
São Paulo,SP,Birigui,Jardim Jussara Maria
São Paulo,SP,Birigui,Jardim Klayton
São Paulo,SP,Birigui,Jardim Morumbi
São Paulo,SP,Birigui,Jardim Nossa Senhora de Fatima
São Paulo,SP,Birigui,Jardim Nova Era
São Paulo,SP,Birigui,Jardim Perola
São Paulo,SP,Birigui,Jardim Pinheiros
São Paulo,SP,Birigui,Jardim Planalto
São Paulo,SP,Birigui,Jardim Popi
São Paulo,SP,Birigui,Jardim Portao Azul
São Paulo,SP,Birigui,Jardim Primavera
São Paulo,SP,Birigui,Jardim Recanto dos Passaros
São Paulo,SP,Birigui,Jardim Santa Helena
São Paulo,SP,Birigui,Jardim Sao Braz
São Paulo,SP,Birigui,Jardim Sao Conrado
São Paulo,SP,Birigui,Jardim Sao Cristovao
São Paulo,SP,Birigui,Jardim Sao Genaro I
São Paulo,SP,Birigui,Jardim Stabile
São Paulo,SP,Birigui,Jardim Sumare
São Paulo,SP,Birigui,Jardim Toselar
São Paulo,SP,Birigui,Jardim Tropical
São Paulo,SP,Birigui,Jardim Vale do Sol
São Paulo,SP,Birigui,Novo Jardim Stabile
São Paulo,SP,Birigui,Novo Jardim Toselar
São Paulo,SP,Birigui,Novo Parque Sao Vicente
São Paulo,SP,Birigui,Nucleo Habitacional Cohab (3)
São Paulo,SP,Birigui,Nucleo Habitacional Ivone Alves Palma
São Paulo,SP,Birigui,Nucleo Habitacional Thereza Maria Barbieri
São Paulo,SP,Birigui,Parque das Nacoes
São Paulo,SP,Birigui,Parque das Paineiras
São Paulo,SP,Birigui,Parque Residencial America
São Paulo,SP,Birigui,Parque Residencial Laluce
São Paulo,SP,Birigui,Parque Residencial Nelson Calixto
São Paulo,SP,Birigui,Parque Residencial Pinheiros
São Paulo,SP,Birigui,Parque Sao Vicente
São Paulo,SP,Birigui,Patrimonio Santo Antonio
São Paulo,SP,Birigui,Patrimonio Silvares
São Paulo,SP,Birigui,Perdizes Residencial Parque
São Paulo,SP,Birigui,Recanto Verde
São Paulo,SP,Birigui,Residencial Alvorada
São Paulo,SP,Birigui,Residencial Braguin
São Paulo,SP,Birigui,Residencial Capuano
São Paulo,SP,Birigui,Residencial Ibisa
São Paulo,SP,Birigui,Residencial Manuela
São Paulo,SP,Birigui,Residencial Monte Libano
São Paulo,SP,Birigui,Residencial Sao Francisco
São Paulo,SP,Birigui,Residencial Sao Jose
São Paulo,SP,Birigui,Sitio de Recreio Passaredo
São Paulo,SP,Birigui,Tijuca Residencial Parque
São Paulo,SP,Birigui,Vila Angelica
São Paulo,SP,Birigui,Vila Bandeirantes
São Paulo,SP,Birigui,Vila Brasil
São Paulo,SP,Birigui,Vila Cortellazi
São Paulo,SP,Birigui,Vila Gardenal
São Paulo,SP,Birigui,Vila Germano
São Paulo,SP,Birigui,Vila Giampietro
São Paulo,SP,Birigui,Vila Guanabara
São Paulo,SP,Birigui,Vila Guaruja
São Paulo,SP,Birigui,Vila Industrial
São Paulo,SP,Birigui,Vila Izabel Marin
São Paulo,SP,Birigui,Vila Maria
São Paulo,SP,Birigui,Vila Moimaz
São Paulo,SP,Birigui,Vila Operaria
São Paulo,SP,Birigui,Vila Pontes
São Paulo,SP,Birigui,Vila Roberto
São Paulo,SP,Birigui,Vila Silvares
São Paulo,SP,Birigui,Vila Troncoso
São Paulo,SP,Birigui,Vila Xavier
São Paulo,SP,Botucatu,Alto
São Paulo,SP,Botucatu,Centro
São Paulo,SP,Botucatu,Chacara Antartica
São Paulo,SP,Botucatu,Chacara Capao Bonito
São Paulo,SP,Botucatu,Chacara Floresta
São Paulo,SP,Botucatu,Chacara Montagna
São Paulo,SP,Botucatu,Chacara Recreio do Havai
São Paulo,SP,Botucatu,Chacara Recreio Vista Alegre
São Paulo,SP,Botucatu,Chacaras Reunidas Vista Alegre
São Paulo,SP,Botucatu,Conjunto Habitacional Arnaldo Leotta de Mello
São Paulo,SP,Botucatu,Conjunto Habitacional Dom Henrique Goland Trindade
São Paulo,SP,Botucatu,Conjunto Habitacional Engenheiro Francisco Blasi
São Paulo,SP,Botucatu,Conjunto Habitacional Humberto Popolo
São Paulo,SP,Botucatu,Jardim Aeroporto
São Paulo,SP,Botucatu,Jardim Alvorada
São Paulo,SP,Botucatu,Jardim Bom Pastor
São Paulo,SP,Botucatu,Jardim Brasil
São Paulo,SP,Botucatu,Jardim Centenario
São Paulo,SP,Botucatu,Jardim Central
São Paulo,SP,Botucatu,Jardim Chacara dos Pinheiros
São Paulo,SP,Botucatu,Jardim Ciranda
São Paulo,SP,Botucatu,Jardim Continental
São Paulo,SP,Botucatu,Jardim Cristina
São Paulo,SP,Botucatu,Jardim Dom Henrique
São Paulo,SP,Botucatu,Jardim Dona Nicota de Barros
São Paulo,SP,Botucatu,Jardim Europa
São Paulo,SP,Botucatu,Jardim Evelyn
São Paulo,SP,Botucatu,Jardim Flamboyant
São Paulo,SP,Botucatu,Jardim Ipyranga
São Paulo,SP,Botucatu,Jardim Monte Mor
São Paulo,SP,Botucatu,Jardim Palos Verdes
São Paulo,SP,Botucatu,Jardim Panorama
São Paulo,SP,Botucatu,Jardim Paraiso
São Paulo,SP,Botucatu,Jardim Paraiso II
São Paulo,SP,Botucatu,Jardim Peabiru
São Paulo,SP,Botucatu,Jardim Planalto
São Paulo,SP,Botucatu,Jardim Reflorenda
São Paulo,SP,Botucatu,Jardim Riviera
São Paulo,SP,Botucatu,Jardim Santa Cecilia
São Paulo,SP,Botucatu,Jardim Santa Eliza
São Paulo,SP,Botucatu,Jardim Santa Monica
São Paulo,SP,Botucatu,Jardim Santa Thereza
São Paulo,SP,Botucatu,Jardim Tropical
São Paulo,SP,Botucatu,Jardim Universitario
São Paulo,SP,Botucatu,Jardim Vista Linda
São Paulo,SP,Botucatu,Park Residencial Convivio
São Paulo,SP,Botucatu,Parque das Cascatas
São Paulo,SP,Botucatu,Parque dos Laranjais
São Paulo,SP,Botucatu,Parque dos Pinheiros
São Paulo,SP,Botucatu,Parque Imperial
São Paulo,SP,Botucatu,Parque Marajoara
São Paulo,SP,Botucatu,Parque Residencial Nazare
São Paulo,SP,Botucatu,Parque Residencial Primavera
São Paulo,SP,Botucatu,Parque Residencial Serra Negra
São Paulo,SP,Botucatu,Parque Residencial Vinte e Quatro de Maio
São Paulo,SP,Botucatu,Parque Sao Domingos
São Paulo,SP,Botucatu,Portal das Brisas
São Paulo,SP,Botucatu,Recanto Arvore Grande
São Paulo,SP,Botucatu,Recanto Azul
São Paulo,SP,Botucatu,Vale do Sol
São Paulo,SP,Botucatu,Vila Angela
São Paulo,SP,Botucatu,Vila Antartica
São Paulo,SP,Botucatu,Vila Assumpcao
São Paulo,SP,Botucatu,Vila Carmelo
São Paulo,SP,Botucatu,Vila Casa Branca
São Paulo,SP,Botucatu,Vila Cidade Jardim
São Paulo,SP,Botucatu,Vila Cintra
São Paulo,SP,Botucatu,Vila Contin
São Paulo,SP,Botucatu,Vila Ema
São Paulo,SP,Botucatu,Vila Esperanca
São Paulo,SP,Botucatu,Vila Ferroviaria
São Paulo,SP,Botucatu,Vila Fioravante
São Paulo,SP,Botucatu,Vila Guimaraes
São Paulo,SP,Botucatu,Vila Jahu
São Paulo,SP,Botucatu,Vila Juliana
São Paulo,SP,Botucatu,Vila Lavapes
São Paulo,SP,Botucatu,Vila Lavradores
São Paulo,SP,Botucatu,Vila Lizzeti
São Paulo,SP,Botucatu,Vila Longo
São Paulo,SP,Botucatu,Vila Maria
São Paulo,SP,Botucatu,Vila Mariana
São Paulo,SP,Botucatu,Vila Nelo Cariola
São Paulo,SP,Botucatu,Vila Nogueira
São Paulo,SP,Botucatu,Vila Nossa Senhora de Fatima
São Paulo,SP,Botucatu,Vila Nova Botucatu
São Paulo,SP,Botucatu,Vila Operaria
São Paulo,SP,Botucatu,Vila Padovan
São Paulo,SP,Botucatu,Vila Paulista
São Paulo,SP,Botucatu,Vila Pinheiro Machado
São Paulo,SP,Botucatu,Vila Real
São Paulo,SP,Botucatu,Vila Rodrigues
São Paulo,SP,Botucatu,Vila Santa Luzia
São Paulo,SP,Botucatu,Vila Santa Therezinha de Menino Jesus
São Paulo,SP,Botucatu,Vila Santana
São Paulo,SP,Botucatu,Vila Sao Judas Thadeu
São Paulo,SP,Botucatu,Vila Sao Lucio
São Paulo,SP,Botucatu,Vila Sao Luiz
São Paulo,SP,Botucatu,Vila Silvinha
São Paulo,SP,Botucatu,Vila Sorocabana
São Paulo,SP,Braganca Paulista,Berbari Residencial Club
São Paulo,SP,Braganca Paulista,Bosque das Pedras
São Paulo,SP,Braganca Paulista,Centro
São Paulo,SP,Braganca Paulista,Chacaras Fernao Dias
São Paulo,SP,Braganca Paulista,Chacaras Sao Conrado
São Paulo,SP,Braganca Paulista,Cidade Planejada I
São Paulo,SP,Braganca Paulista,Cidade Planejada II
São Paulo,SP,Braganca Paulista,Condominio Jardim das Palmeiras
São Paulo,SP,Braganca Paulista,Conjunto Habitacional Padre Adolfo Bolini
São Paulo,SP,Braganca Paulista,Cruzeiro
São Paulo,SP,Braganca Paulista,Jardim America
São Paulo,SP,Braganca Paulista,Jardim Anchieta
São Paulo,SP,Braganca Paulista,Jardim California
São Paulo,SP,Braganca Paulista,Jardim das Laranjeiras
São Paulo,SP,Braganca Paulista,Jardim das Palmeiras
São Paulo,SP,Braganca Paulista,Jardim do Lago
São Paulo,SP,Braganca Paulista,Jardim do Sul
São Paulo,SP,Braganca Paulista,Jardim Estancia de Santana
São Paulo,SP,Braganca Paulista,Jardim Europa
São Paulo,SP,Braganca Paulista,Jardim Iguatemi
São Paulo,SP,Braganca Paulista,Jardim Julio Mesquita Filho
São Paulo,SP,Braganca Paulista,Jardim Nova Braganca
São Paulo,SP,Braganca Paulista,Jardim Novo Mundo
São Paulo,SP,Braganca Paulista,Jardim Recreio
São Paulo,SP,Braganca Paulista,Jardim Santa Helena
São Paulo,SP,Braganca Paulista,Jardim Santa Rita de Cassia
São Paulo,SP,Braganca Paulista,Jardim Sao Cristovao
São Paulo,SP,Braganca Paulista,Jardim Sao Jose
São Paulo,SP,Braganca Paulista,Jardim Sao Lourenco
São Paulo,SP,Braganca Paulista,Jardim Sao Miguel
São Paulo,SP,Braganca Paulista,Jardim Sevilha
São Paulo,SP,Braganca Paulista,Lavapes
São Paulo,SP,Braganca Paulista,Matadouro
São Paulo,SP,Braganca Paulista,Parque Brasil
São Paulo,SP,Braganca Paulista,Parque da Pedras
São Paulo,SP,Braganca Paulista,Parque dos Estados
São Paulo,SP,Braganca Paulista,Recanto Amapola
São Paulo,SP,Braganca Paulista,Recanto Elizabete
São Paulo,SP,Braganca Paulista,Residencial Hipica Jaguari
São Paulo,SP,Braganca Paulista,Residencial Rosario de Fatima
São Paulo,SP,Braganca Paulista,Santa Luzia
São Paulo,SP,Braganca Paulista,Taboao
São Paulo,SP,Braganca Paulista,Vila Aparecida
São Paulo,SP,Braganca Paulista,Vila Batista
São Paulo,SP,Braganca Paulista,Vila Bianchi
São Paulo,SP,Braganca Paulista,Vila David
São Paulo,SP,Braganca Paulista,Vila Gato
São Paulo,SP,Braganca Paulista,Vila Mota
São Paulo,SP,Braganca Paulista,Vila Municipal
São Paulo,SP,Braganca Paulista,Vila Santa Libania
São Paulo,SP,Cacapava,Cacapava Velha
São Paulo,SP,Cacapava,Centro
São Paulo,SP,Cacapava,Chacaras Santa Rita
São Paulo,SP,Cacapava,Jardim Amalia
São Paulo,SP,Cacapava,Jardim America
São Paulo,SP,Cacapava,Jardim Cacapava
São Paulo,SP,Cacapava,Jardim Campo Grande
São Paulo,SP,Cacapava,Jardim Itamarati
São Paulo,SP,Cacapava,Jardim Jatay
São Paulo,SP,Cacapava,Jardim Jequitiba
São Paulo,SP,Cacapava,Jardim Julieta
São Paulo,SP,Cacapava,Jardim Maria Candida
São Paulo,SP,Cacapava,Jardim Maria Odete
São Paulo,SP,Cacapava,Jardim Primavera
São Paulo,SP,Cacapava,Jardim Rafael
São Paulo,SP,Cacapava,Jardim Santo Antonio
São Paulo,SP,Cacapava,Jardim Sao Jose
São Paulo,SP,Cacapava,Jardim Shangrila
São Paulo,SP,Cacapava,Parque Residencial Alvorada
São Paulo,SP,Cacapava,Parque Residencial Eldorado
São Paulo,SP,Cacapava,Parque Residencial Iriguassu
São Paulo,SP,Cacapava,Parque Residencial Maria Elmira
São Paulo,SP,Cacapava,Parque Residencial Nova Cacapava
São Paulo,SP,Cacapava,Piedade
São Paulo,SP,Cacapava,Recanto do Sol
São Paulo,SP,Cacapava,Residencial Nancy
São Paulo,SP,Cacapava,Santa Luzia
São Paulo,SP,Cacapava,Sape
São Paulo,SP,Cacapava,Sitios de Recreio Mantiqueira
São Paulo,SP,Cacapava,Vera Cruz
São Paulo,SP,Cacapava,Vila Andre Martins
São Paulo,SP,Cacapava,Vila Antonio Augusto Luiz
São Paulo,SP,Cacapava,Vila Bandeirantes
São Paulo,SP,Cacapava,Vila Centenario
São Paulo,SP,Cacapava,Vila Cruzeiro
São Paulo,SP,Cacapava,Vila Galvao
São Paulo,SP,Cacapava,Vila Henrique
São Paulo,SP,Cacapava,Vila Independencia
São Paulo,SP,Cacapava,Vila Ipiranga
São Paulo,SP,Cacapava,Vila Matias
São Paulo,SP,Cacapava,Vila Medeiros
São Paulo,SP,Cacapava,Vila Menino Jesus
São Paulo,SP,Cacapava,Vila Naly
São Paulo,SP,Cacapava,Vila Nossa Senhora das Gracas
São Paulo,SP,Cacapava,Vila Pantaleao
São Paulo,SP,Cacapava,Vila Paraiba
São Paulo,SP,Cacapava,Vila Paraiso
São Paulo,SP,Cacapava,Vila Pascoal
São Paulo,SP,Cacapava,Vila Prado
São Paulo,SP,Cacapava,Vila Prudente
São Paulo,SP,Cacapava,Vila Quirino
São Paulo,SP,Cacapava,Vila Resende
São Paulo,SP,Cacapava,Vila Salgueiro
São Paulo,SP,Cacapava,Vila Santa Izabel
São Paulo,SP,Cacapava,Vila Santos
São Paulo,SP,Cacapava,Vila Sao Geraldo
São Paulo,SP,Cacapava,Vila Sao Joao
São Paulo,SP,Campinas,Alto da Barra
São Paulo,SP,Campinas,Alto da Nova Campinas
São Paulo,SP,Campinas,Aparecida
São Paulo,SP,Campinas,Barao de Geraldo
São Paulo,SP,Campinas,Bonfim
São Paulo,SP,Campinas,Bosque
São Paulo,SP,Campinas,Botafogo
São Paulo,SP,Campinas,Cambui
São Paulo,SP,Campinas,Centro
São Paulo,SP,Campinas,Chacara Cneo
São Paulo,SP,Campinas,Chacara da Barra
São Paulo,SP,Campinas,Chacara Primavera
São Paulo,SP,Campinas,Chacara Santa Margarida
São Paulo,SP,Campinas,Chacara Sao Domingos
São Paulo,SP,Campinas,Cidade Jardim
São Paulo,SP,Campinas,Cidade Universitaria
São Paulo,SP,Campinas,Conjunto Habitacional Padre Anchieta
São Paulo,SP,Campinas,Conjunto Residencial Popular Bandeirantes
São Paulo,SP,Campinas,Dae
São Paulo,SP,Campinas,Dic I (conjunto Habitacional Monsenhor Luiz Fernando Abreu)
São Paulo,SP,Campinas,Distrito Industrial
São Paulo,SP,Campinas,Fazenda Santa Candida
São Paulo,SP,Campinas,Fundacao da Casa Popular
São Paulo,SP,Campinas,Grupo Residencial do Iapc
São Paulo,SP,Campinas,Grupo Residencial Vila Teixeira
São Paulo,SP,Campinas,Guanabara
São Paulo,SP,Campinas,Itapura
São Paulo,SP,Campinas,Jardim Alvorada
São Paulo,SP,Campinas,Jardim Amazonas
São Paulo,SP,Campinas,Jardim America
São Paulo,SP,Campinas,Jardim Amoreiras
São Paulo,SP,Campinas,Jardim Anchieta
São Paulo,SP,Campinas,Jardim Antonio Von Zuben
São Paulo,SP,Campinas,Jardim Aparecida
São Paulo,SP,Campinas,Jardim Bela Vista
São Paulo,SP,Campinas,Jardim Belo Horizonte
São Paulo,SP,Campinas,Jardim Boa Esperanca
São Paulo,SP,Campinas,Jardim Bom Sucesso
São Paulo,SP,Campinas,Jardim Bonfim
São Paulo,SP,Campinas,Jardim Brasil
São Paulo,SP,Campinas,Jardim Campinas
São Paulo,SP,Campinas,Jardim Campos Elisios
São Paulo,SP,Campinas,Jardim Capivari
São Paulo,SP,Campinas,Jardim Carlos Lourenco
São Paulo,SP,Campinas,Jardim Chapadao
São Paulo,SP,Campinas,Jardim Conceicao
São Paulo,SP,Campinas,Jardim Cura D'ars
São Paulo,SP,Campinas,Jardim das Andorinhas
São Paulo,SP,Campinas,Jardim das Bandeiras
São Paulo,SP,Campinas,Jardim das Paineiras
São Paulo,SP,Campinas,Jardim das Palmeiras
São Paulo,SP,Campinas,Jardim do Lago
São Paulo,SP,Campinas,Jardim do Trevo
São Paulo,SP,Campinas,Jardim do Vovo
São Paulo,SP,Campinas,Jardim Dom Bosco
São Paulo,SP,Campinas,Jardim Dom Nery
São Paulo,SP,Campinas,Jardim dos Oliveiras
São Paulo,SP,Campinas,Jardim Esmeraldina
São Paulo,SP,Campinas,Jardim Eulina
São Paulo,SP,Campinas,Jardim Flamboyant
São Paulo,SP,Campinas,Jardim Garcia
São Paulo,SP,Campinas,Jardim Guanabara
São Paulo,SP,Campinas,Jardim Guarani
São Paulo,SP,Campinas,Jardim Icarai
São Paulo,SP,Campinas,Jardim Independencia
São Paulo,SP,Campinas,Jardim Interlagos
São Paulo,SP,Campinas,Jardim Ipaussurama
São Paulo,SP,Campinas,Jardim Ipiranga
São Paulo,SP,Campinas,Jardim Itamarati
São Paulo,SP,Campinas,Jardim Leonor
São Paulo,SP,Campinas,Jardim Londres
São Paulo,SP,Campinas,Jardim Lumen Christi
São Paulo,SP,Campinas,Jardim Madalena
São Paulo,SP,Campinas,Jardim Magnolia
São Paulo,SP,Campinas,Jardim Maisa
São Paulo,SP,Campinas,Jardim Marcia
São Paulo,SP,Campinas,Jardim Maria Eugenia
São Paulo,SP,Campinas,Jardim Maria Rosa
São Paulo,SP,Campinas,Jardim Miranda
São Paulo,SP,Campinas,Jardim Monte Libano
São Paulo,SP,Campinas,Jardim Nilopolis
São Paulo,SP,Campinas,Jardim Nossa Senhora Auxiliadora
São Paulo,SP,Campinas,Jardim Nova Europa
São Paulo,SP,Campinas,Jardim Novo Botafogo
São Paulo,SP,Campinas,Jardim Novo Campos Elisios
São Paulo,SP,Campinas,Jardim Okita
São Paulo,SP,Campinas,Jardim Ouro Branco
São Paulo,SP,Campinas,Jardim Paraiso
São Paulo,SP,Campinas,Jardim Pauliceia
São Paulo,SP,Campinas,Jardim Planalto de Viracopos
São Paulo,SP,Campinas,Jardim Presidente Wenceslau
São Paulo,SP,Campinas,Jardim Primavera
São Paulo,SP,Campinas,Jardim Proenca
São Paulo,SP,Campinas,Jardim Professora Tarcilia
São Paulo,SP,Campinas,Jardim Quarto Centenario
São Paulo,SP,Campinas,Jardim Roseira
São Paulo,SP,Campinas,Jardim Samambaia
São Paulo,SP,Campinas,Jardim Santa Amalia
São Paulo,SP,Campinas,Jardim Santa Eudoxia
São Paulo,SP,Campinas,Jardim Santa Genebra
São Paulo,SP,Campinas,Jardim Santa Lucia
São Paulo,SP,Campinas,Jardim Santa Marcelina
São Paulo,SP,Campinas,Jardim Santa Monica
São Paulo,SP,Campinas,Jardim Santana
São Paulo,SP,Campinas,Jardim Santo Antonio
São Paulo,SP,Campinas,Jardim Santo Expedito
São Paulo,SP,Campinas,Jardim Sao Carlos
São Paulo,SP,Campinas,Jardim Sao Fernando
São Paulo,SP,Campinas,Jardim Sao Gabriel
São Paulo,SP,Campinas,Jardim Sao Jose
São Paulo,SP,Campinas,Jardim Sao Paulo
São Paulo,SP,Campinas,Jardim Sao Pedro
São Paulo,SP,Campinas,Jardim Sao Rafael
São Paulo,SP,Campinas,Jardim Sao Vicente
São Paulo,SP,Campinas,Jardim Tupi
São Paulo,SP,Campinas,Jardim Yeda
São Paulo,SP,Campinas,Mansoes Santo Antonio
São Paulo,SP,Campinas,Nova Aparecida
São Paulo,SP,Campinas,Nova Campinas
São Paulo,SP,Campinas,Novo Jardim Sao Jose
São Paulo,SP,Campinas,Palmeiras
São Paulo,SP,Campinas,Parque Beatriz
São Paulo,SP,Campinas,Parque Brasilia
São Paulo,SP,Campinas,Parque da Figueira
São Paulo,SP,Campinas,Parque Dom Pedro II
São Paulo,SP,Campinas,Parque Industrial
São Paulo,SP,Campinas,Parque Ipiranga
São Paulo,SP,Campinas,Parque Sao Quirino
São Paulo,SP,Campinas,Parque Taquaral
São Paulo,SP,Campinas,Parque Tropical
São Paulo,SP,Campinas,Parque Universitario de Viracopos
São Paulo,SP,Campinas,Parque Via Norte
São Paulo,SP,Campinas,Ponte Preta
São Paulo,SP,Campinas,Sao Bernardo
São Paulo,SP,Campinas,Taquaral
São Paulo,SP,Campinas,Vila Alberto Simoes
São Paulo,SP,Campinas,Vila Andrade Neves
São Paulo,SP,Campinas,Vila Anhanguera
São Paulo,SP,Campinas,Vila Aurocan
São Paulo,SP,Campinas,Vila Boa Vista
São Paulo,SP,Campinas,Vila Brandina
São Paulo,SP,Campinas,Vila Campos Sales
São Paulo,SP,Campinas,Vila Carminha
São Paulo,SP,Campinas,Vila Castelo Branco
São Paulo,SP,Campinas,Vila Columbia
São Paulo,SP,Campinas,Vila Costa e Silva
São Paulo,SP,Campinas,Vila Dutra
São Paulo,SP,Campinas,Vila Eloisa
São Paulo,SP,Campinas,Vila Elza
São Paulo,SP,Campinas,Vila Esmeralda
São Paulo,SP,Campinas,Vila Estadio
São Paulo,SP,Campinas,Vila Estanislau
São Paulo,SP,Campinas,Vila Formosa
São Paulo,SP,Campinas,Vila Fortuna
São Paulo,SP,Campinas,Vila Georgina
São Paulo,SP,Campinas,Vila Guilherme
São Paulo,SP,Campinas,Vila Helena
São Paulo,SP,Campinas,Vila Industrial
São Paulo,SP,Campinas,Vila Ipe
São Paulo,SP,Campinas,Vila Itapura
São Paulo,SP,Campinas,Vila Jequitibas
São Paulo,SP,Campinas,Vila Joaquim Inacio
São Paulo,SP,Campinas,Vila Jose Discola
São Paulo,SP,Campinas,Vila Lane
São Paulo,SP,Campinas,Vila Lemos
São Paulo,SP,Campinas,Vila Madalena
São Paulo,SP,Campinas,Vila Manoel Ferreira
São Paulo,SP,Campinas,Vila Maria
São Paulo,SP,Campinas,Vila Maria Eugenia
São Paulo,SP,Campinas,Vila Marieta
São Paulo,SP,Campinas,Vila Meireles
São Paulo,SP,Campinas,Vila Miguel Vicente Cury
São Paulo,SP,Campinas,Vila Mimosa
São Paulo,SP,Campinas,Vila Nogueira
São Paulo,SP,Campinas,Vila Nova
São Paulo,SP,Campinas,Vila Odila
São Paulo,SP,Campinas,Vila Orozimbo Maia
São Paulo,SP,Campinas,Vila Padre Manoel de Nobrega
São Paulo,SP,Campinas,Vila Paraiso
São Paulo,SP,Campinas,Vila Perseu Leite de Barros
São Paulo,SP,Campinas,Vila Progresso
São Paulo,SP,Campinas,Vila Proost de Souza
São Paulo,SP,Campinas,Vila Rica
São Paulo,SP,Campinas,Vila Rossi Borghi e Siqueira
São Paulo,SP,Campinas,Vila Rossi e Borghi
São Paulo,SP,Campinas,Vila Sagrado Coracao de Jesus
São Paulo,SP,Campinas,Vila Santa Isabel
São Paulo,SP,Campinas,Vila Sao Bento
São Paulo,SP,Campinas,Vila Sao Bernardo
São Paulo,SP,Campinas,Vila Sao Joao
São Paulo,SP,Campinas,Vila Sao Jorge
São Paulo,SP,Campinas,Vila Saturnia
São Paulo,SP,Campinas,Vila Teixeira
São Paulo,SP,Campinas,Vila Trinta e Um de Marco
São Paulo,SP,Campo Limpo Paulista,Botujuru (botujuru)
São Paulo,SP,Campo Limpo Paulista,Centro
São Paulo,SP,Campo Limpo Paulista,Chacara Sao Joao
São Paulo,SP,Campo Limpo Paulista,Chacara Serra Morena
São Paulo,SP,Campo Limpo Paulista,Chacaras Campo Limpo
São Paulo,SP,Campo Limpo Paulista,Chacaras Ivoturucaia
São Paulo,SP,Campo Limpo Paulista,Chacaras Lagoa Branca
São Paulo,SP,Campo Limpo Paulista,Chacaras Nova Essen
São Paulo,SP,Campo Limpo Paulista,Chacaras Nova Germania
São Paulo,SP,Campo Limpo Paulista,Chacaras Nova Hamburgo
São Paulo,SP,Campo Limpo Paulista,Colinas do Pontal
São Paulo,SP,Campo Limpo Paulista,Condominio Cerro Azul
São Paulo,SP,Campo Limpo Paulista,Conjunto Habitacional Sao Jose
São Paulo,SP,Campo Limpo Paulista,Estancia Figueira Branca
São Paulo,SP,Campo Limpo Paulista,Estancia Sao Paulo
São Paulo,SP,Campo Limpo Paulista,Fazenda Marajoara
São Paulo,SP,Campo Limpo Paulista,Jardim America
São Paulo,SP,Campo Limpo Paulista,Jardim Brasil
São Paulo,SP,Campo Limpo Paulista,Jardim Brasilia (botujuru)
São Paulo,SP,Campo Limpo Paulista,Jardim Campo Limpo
São Paulo,SP,Campo Limpo Paulista,Jardim Corcovado
São Paulo,SP,Campo Limpo Paulista,Jardim das Palmeiras (botujuru)
São Paulo,SP,Campo Limpo Paulista,Jardim Europa
São Paulo,SP,Campo Limpo Paulista,Jardim Fritz (botujuru)
São Paulo,SP,Campo Limpo Paulista,Jardim Guanciale
São Paulo,SP,Campo Limpo Paulista,Jardim Laura
São Paulo,SP,Campo Limpo Paulista,Jardim Marchetti
São Paulo,SP,Campo Limpo Paulista,Jardim Maria
São Paulo,SP,Campo Limpo Paulista,Jardim Marsola
São Paulo,SP,Campo Limpo Paulista,Jardim Paiol
São Paulo,SP,Campo Limpo Paulista,Jardim Paulista
São Paulo,SP,Campo Limpo Paulista,Jardim Santa Catarina
São Paulo,SP,Campo Limpo Paulista,Jardim Santa Isabel (botujuru)
São Paulo,SP,Campo Limpo Paulista,Jardim Santa Lucia
São Paulo,SP,Campo Limpo Paulista,Jardim Santa Maria
São Paulo,SP,Campo Limpo Paulista,Jardim Santhiago
São Paulo,SP,Campo Limpo Paulista,Jardim Santo Antonio I
São Paulo,SP,Campo Limpo Paulista,Jardim Santo Antonio II
São Paulo,SP,Campo Limpo Paulista,Jardim Sao Conrado
São Paulo,SP,Campo Limpo Paulista,Jardim Sao Domingos
São Paulo,SP,Campo Limpo Paulista,Jardim Solange
São Paulo,SP,Campo Limpo Paulista,Jardim Timbara
São Paulo,SP,Campo Limpo Paulista,Jardim Vera Regina
São Paulo,SP,Campo Limpo Paulista,Jardim Vista Alegre
São Paulo,SP,Campo Limpo Paulista,Jardim Vitoria
São Paulo,SP,Campo Limpo Paulista,Nucleo Industrial 2
São Paulo,SP,Campo Limpo Paulista,Nucleo Industrial 3
São Paulo,SP,Campo Limpo Paulista,Outeiro das Paineiras (botujuru)
São Paulo,SP,Campo Limpo Paulista,Parque Internacional
São Paulo,SP,Campo Limpo Paulista,Parque Iramaia
São Paulo,SP,Campo Limpo Paulista,Parque Loja da China (botujuru)
São Paulo,SP,Campo Limpo Paulista,Parque Niagara
São Paulo,SP,Campo Limpo Paulista,Parque Residencial California
São Paulo,SP,Campo Limpo Paulista,Parque Santana
São Paulo,SP,Campo Limpo Paulista,Pau Arcado
São Paulo,SP,Campo Limpo Paulista,Recanto Campo Verde
São Paulo,SP,Campo Limpo Paulista,Recanto das Videiras
São Paulo,SP,Campo Limpo Paulista,Recanto do Lago
São Paulo,SP,Campo Limpo Paulista,Recanto do Sape
São Paulo,SP,Campo Limpo Paulista,Residencial Monte Alegre
São Paulo,SP,Campo Limpo Paulista,Vila Cardoso
São Paulo,SP,Campo Limpo Paulista,Vila Chacrinha (botujuru)
São Paulo,SP,Campo Limpo Paulista,Vila Constanca (botujuru)
São Paulo,SP,Campo Limpo Paulista,Vila Firenze (botujuru)
São Paulo,SP,Campo Limpo Paulista,Vila Imape
São Paulo,SP,Campo Limpo Paulista,Vila Marieta
São Paulo,SP,Campo Limpo Paulista,Vila Olimpia
São Paulo,SP,Campo Limpo Paulista,Vila Sao Paulo
São Paulo,SP,Campo Limpo Paulista,Vila Tavares
São Paulo,SP,Campo Limpo Paulista,Vila Thomazina
São Paulo,SP,Campo Limpo Paulista,Ville Saint James I
São Paulo,SP,Campo Limpo Paulista,Ville Saint James II
São Paulo,SP,Capao Bonito,Centro
São Paulo,SP,Capao Bonito,Distrito Industrial
São Paulo,SP,Capao Bonito,Jardim Alvorada
São Paulo,SP,Capao Bonito,Jardim Colonial
São Paulo,SP,Capao Bonito,Jardim Cruzeiro
São Paulo,SP,Capao Bonito,Jardim Europa
São Paulo,SP,Capao Bonito,Parque das Nacoes
São Paulo,SP,Capao Bonito,Vila Aparecida
São Paulo,SP,Capao Bonito,Vila Bela Vista
São Paulo,SP,Capao Bonito,Vila Guanabara
São Paulo,SP,Capao Bonito,Vila Maria
São Paulo,SP,Capao Bonito,Vila Nova Capao Bonito
São Paulo,SP,Capao Bonito,Vila Santa Izabel
São Paulo,SP,Capao Bonito,Vila Santa Rosa
São Paulo,SP,Capao Bonito,Vila Sao Francisco de Assis
São Paulo,SP,Capao Bonito,Vila Sao Judas
São Paulo,SP,Capao Bonito,Vila Sao Paulo
São Paulo,SP,Capao Bonito,Vila Sao Pedro
São Paulo,SP,Caraguatatuba,Barranco Alto
São Paulo,SP,Caraguatatuba,Britania
São Paulo,SP,Caraguatatuba,Caputeira
São Paulo,SP,Caraguatatuba,Centro
São Paulo,SP,Caraguatatuba,Cidade Jardim
São Paulo,SP,Caraguatatuba,Estrela Dalva
São Paulo,SP,Caraguatatuba,Indaia
São Paulo,SP,Caraguatatuba,Ipiranga
São Paulo,SP,Caraguatatuba,Jaragua
São Paulo,SP,Caraguatatuba,Jardim Aruan
São Paulo,SP,Caraguatatuba,Jardim Casa Branca
São Paulo,SP,Caraguatatuba,Jardim Gaivotas
São Paulo,SP,Caraguatatuba,Jardim Jaqueira
São Paulo,SP,Caraguatatuba,Jardim Primavera
São Paulo,SP,Caraguatatuba,Martim de Sa
São Paulo,SP,Caraguatatuba,Morro do Algodao
São Paulo,SP,Caraguatatuba,Pereque Mirim
São Paulo,SP,Caraguatatuba,Poiares
São Paulo,SP,Caraguatatuba,Pontal de Santa Marina
São Paulo,SP,Caraguatatuba,Porto Novo
São Paulo,SP,Caraguatatuba,Praia das Palmeiras
São Paulo,SP,Caraguatatuba,Prainha
São Paulo,SP,Caraguatatuba,Sumare
São Paulo,SP,Caraguatatuba,Tinga
São Paulo,SP,Caraguatatuba,Travessao
São Paulo,SP,Caraguatatuba,Vapapesca
São Paulo,SP,Carapicuiba,Bela Vista
São Paulo,SP,Carapicuiba,Centro
São Paulo,SP,Carapicuiba,Chacara das Flores
São Paulo,SP,Carapicuiba,Cidade Ariston Estela Azevedo
São Paulo,SP,Carapicuiba,Conjunto Habitacional Presidente Castelo Branco
São Paulo,SP,Carapicuiba,Jardim Alfredo Soncini
São Paulo,SP,Carapicuiba,Jardim Ampermag
São Paulo,SP,Carapicuiba,Jardim Ana Estela
São Paulo,SP,Carapicuiba,Jardim Ana Maria
São Paulo,SP,Carapicuiba,Jardim Angela Maria
São Paulo,SP,Carapicuiba,Jardim Boa Vista
São Paulo,SP,Carapicuiba,Jardim Bom Pastor
São Paulo,SP,Carapicuiba,Jardim Carapicuiba
São Paulo,SP,Carapicuiba,Jardim Cecilia Cristina
São Paulo,SP,Carapicuiba,Jardim D'angelo
São Paulo,SP,Carapicuiba,Jardim das Belezas
São Paulo,SP,Carapicuiba,Jardim dos Manacas
São Paulo,SP,Carapicuiba,Jardim Elzinha
São Paulo,SP,Carapicuiba,Jardim Ercy
São Paulo,SP,Carapicuiba,Jardim Felipe
São Paulo,SP,Carapicuiba,Jardim Leopoldina
São Paulo,SP,Carapicuiba,Jardim Maria Beatriz
São Paulo,SP,Carapicuiba,Jardim Maria Helena
São Paulo,SP,Carapicuiba,Jardim Paulista
São Paulo,SP,Carapicuiba,Jardim Pignatary
São Paulo,SP,Carapicuiba,Jardim Planalto
São Paulo,SP,Carapicuiba,Jardim Popular
São Paulo,SP,Carapicuiba,Jardim Roseli
São Paulo,SP,Carapicuiba,Jardim Sandra Regina
São Paulo,SP,Carapicuiba,Jardim Santa Rita
São Paulo,SP,Carapicuiba,Jardim Sao Pedro
São Paulo,SP,Carapicuiba,Jardim Tonato
São Paulo,SP,Carapicuiba,Jardim Tucunduva
São Paulo,SP,Carapicuiba,Parque Jose Alexandre
São Paulo,SP,Carapicuiba,Parque Roseira
São Paulo,SP,Carapicuiba,Parque Sampaio Viana
São Paulo,SP,Carapicuiba,Vila America
São Paulo,SP,Carapicuiba,Vila Anunciata
São Paulo,SP,Carapicuiba,Vila Artem
São Paulo,SP,Carapicuiba,Vila Caldas
São Paulo,SP,Carapicuiba,Vila Capriotti
São Paulo,SP,Carapicuiba,Vila Clara
São Paulo,SP,Carapicuiba,Vila Creti
São Paulo,SP,Carapicuiba,Vila Ema
São Paulo,SP,Carapicuiba,Vila Freida
São Paulo,SP,Carapicuiba,Vila Guarani
São Paulo,SP,Carapicuiba,Vila Gustavo Correia
São Paulo,SP,Carapicuiba,Vila Helemar
São Paulo,SP,Carapicuiba,Vila Iza
São Paulo,SP,Carapicuiba,Vila Janete
São Paulo,SP,Carapicuiba,Vila Jussara
São Paulo,SP,Carapicuiba,Vila Lourdes
São Paulo,SP,Carapicuiba,Vila Marcondes
São Paulo,SP,Carapicuiba,Vila Margarida
São Paulo,SP,Carapicuiba,Vila Maria Helena
São Paulo,SP,Carapicuiba,Vila Martins
São Paulo,SP,Carapicuiba,Vila Menk
São Paulo,SP,Carapicuiba,Vila Merces
São Paulo,SP,Carapicuiba,Vila Mor
São Paulo,SP,Carapicuiba,Vila Municipal
São Paulo,SP,Carapicuiba,Vila Nossa Senhora Aparecida
São Paulo,SP,Carapicuiba,Vila Nova Carapicuiba
São Paulo,SP,Carapicuiba,Vila Olivina
São Paulo,SP,Carapicuiba,Vila Rosa
São Paulo,SP,Carapicuiba,Vila Santa Lucia
São Paulo,SP,Carapicuiba,Vila Santa Terezinha
São Paulo,SP,Carapicuiba,Vila Santo Antonio
São Paulo,SP,Carapicuiba,Vila Sao Jorge
São Paulo,SP,Carapicuiba,Vila Silva Ribeiro
São Paulo,SP,Carapicuiba,Vila Silvania
São Paulo,SP,Carapicuiba,Vila Silviana
São Paulo,SP,Carapicuiba,Vila Silviania
São Paulo,SP,Carapicuiba,Vila Sul Americana
São Paulo,SP,Carapicuiba,Vila Tambory
São Paulo,SP,Carapicuiba,Vila Terezinha
São Paulo,SP,Carapicuiba,Vila Tres Irmaos
São Paulo,SP,Catanduva,Centro
São Paulo,SP,Catanduva,Conjunto Habitacional Carlos Alberto Magalhaes
São Paulo,SP,Catanduva,Conjunto Habitacional Comendador Jose A Borelli
São Paulo,SP,Catanduva,Conjunto Habitacional Deputado Antonio Mastrocola
São Paulo,SP,Catanduva,Conjunto Habitacional Dona Julia B Caparroz
São Paulo,SP,Catanduva,Conjunto Habitacional Euclides Figueiredo
São Paulo,SP,Catanduva,Conjunto Habitacional Gabriel Hernandez
São Paulo,SP,Catanduva,Conjunto Habitacional Orlando Facci
São Paulo,SP,Catanduva,Conjunto Habitacional Prefeito Joao Righini
São Paulo,SP,Catanduva,Conjunto Habitacional Prefeito Pedro Nechar
São Paulo,SP,Catanduva,Conjunto Polo Comercial e Industrial Giordano Mestrinelli
São Paulo,SP,Catanduva,Distrito Industrial Antonio Zacaro
São Paulo,SP,Catanduva,Distrito Industrial Jose Antonio Boso
São Paulo,SP,Catanduva,Higienopolis
São Paulo,SP,Catanduva,Jardim Aeroporto
São Paulo,SP,Catanduva,Jardim Alpino
São Paulo,SP,Catanduva,Jardim Alvorada
São Paulo,SP,Catanduva,Jardim Amendola
São Paulo,SP,Catanduva,Jardim America
São Paulo,SP,Catanduva,Jardim Augusta
São Paulo,SP,Catanduva,Jardim Bela Vista
São Paulo,SP,Catanduva,Jardim Brasil
São Paulo,SP,Catanduva,Jardim Caparroz
São Paulo,SP,Catanduva,Jardim Clelia
São Paulo,SP,Catanduva,Jardim da Torre
São Paulo,SP,Catanduva,Jardim Del Rey
São Paulo,SP,Catanduva,Jardim do Bosque
São Paulo,SP,Catanduva,Jardim do Lago
São Paulo,SP,Catanduva,Jardim dos Coqueiros
São Paulo,SP,Catanduva,Jardim dos Coqueiros II
São Paulo,SP,Catanduva,Jardim Esperanca
São Paulo,SP,Catanduva,Jardim Gloria
São Paulo,SP,Catanduva,Jardim Gloria II
São Paulo,SP,Catanduva,Jardim Imperial
São Paulo,SP,Catanduva,Jardim Ipanema
São Paulo,SP,Catanduva,Jardim Irradiacao
São Paulo,SP,Catanduva,Jardim Nova Catanduva
São Paulo,SP,Catanduva,Jardim Oriental
São Paulo,SP,Catanduva,Jardim Primavera
São Paulo,SP,Catanduva,Jardim Residencial Chiodini
São Paulo,SP,Catanduva,Jardim Residencial Diolfen Martani
São Paulo,SP,Catanduva,Jardim Salles
São Paulo,SP,Catanduva,Jardim Santa Helena
São Paulo,SP,Catanduva,Jardim Santa Rosa
São Paulo,SP,Catanduva,Jardim Santo Antonio
São Paulo,SP,Catanduva,Jardim Shangrila
São Paulo,SP,Catanduva,Jardim Soto
São Paulo,SP,Catanduva,Jardim Vertoni
São Paulo,SP,Catanduva,Loteamento Altos do Higienopolis
São Paulo,SP,Catanduva,Loteamento Antonio M Carvalho
São Paulo,SP,Catanduva,Loteamento Bom Pastor
São Paulo,SP,Catanduva,Loteamento Cerradinho
São Paulo,SP,Catanduva,Loteamento Colina do Sol
São Paulo,SP,Catanduva,Loteamento Jorge Mauad
São Paulo,SP,Catanduva,Loteamento Miguel Elias
São Paulo,SP,Catanduva,Loteamento Morada dos Executivos
São Paulo,SP,Catanduva,Loteamento Morada dos Passaros
São Paulo,SP,Catanduva,Loteamento Sao Pedro
São Paulo,SP,Catanduva,Loteamento Solo Sagrado
São Paulo,SP,Catanduva,Parque Gloria
São Paulo,SP,Catanduva,Parque Gloria II
São Paulo,SP,Catanduva,Parque Gloria III
São Paulo,SP,Catanduva,Parque Gloria IV
São Paulo,SP,Catanduva,Parque Ipiranga
São Paulo,SP,Catanduva,Parque Iracema
São Paulo,SP,Catanduva,Parque Joaquim Lopes
São Paulo,SP,Catanduva,Parque Residencial Agudo Romao
São Paulo,SP,Catanduva,Parque Residencial Comendador Joao Amendola
São Paulo,SP,Catanduva,Parque Residencial Flamingo
São Paulo,SP,Catanduva,Parque Residencial Maria L P Faria
São Paulo,SP,Catanduva,Parque Residencial Paraiso
São Paulo,SP,Catanduva,Parque Residencial Santa Paula
São Paulo,SP,Catanduva,Residencial Comendador Pedro Monteleone
São Paulo,SP,Catanduva,Residencial Granville
São Paulo,SP,Catanduva,Residencial Granville II
São Paulo,SP,Catanduva,Residencial Julia Caparroz
São Paulo,SP,Catanduva,Residencial Lunardelli
São Paulo,SP,Catanduva,Residencial Novo Tarraf
São Paulo,SP,Catanduva,Residencial Primavera
São Paulo,SP,Catanduva,Residencial San Remo
São Paulo,SP,Catanduva,Sao Francisco
São Paulo,SP,Catanduva,Vila Alexandria
São Paulo,SP,Catanduva,Vila Bela
São Paulo,SP,Catanduva,Vila Celso Mauad
São Paulo,SP,Catanduva,Vila de Roses
São Paulo,SP,Catanduva,Vila Dona Engracia Agudo Romao
São Paulo,SP,Catanduva,Vila Guzzo
São Paulo,SP,Catanduva,Vila Industrial
São Paulo,SP,Catanduva,Vila Juca Pedro
São Paulo,SP,Catanduva,Vila Maria Jorge
São Paulo,SP,Catanduva,Vila Motta
São Paulo,SP,Catanduva,Vila Paulista
São Paulo,SP,Catanduva,Vila Rodrigues
São Paulo,SP,Catanduva,Vila Santo Antonio
São Paulo,SP,Catanduva,Vila Sao Luiz
São Paulo,SP,Cotia,Bosque do Viana
São Paulo,SP,Cotia,Centreville
São Paulo,SP,Cotia,Centro
São Paulo,SP,Cotia,Centro (caucaia do Alto)
São Paulo,SP,Cotia,Chacara Canta Galo
São Paulo,SP,Cotia,Chacara Rincao
São Paulo,SP,Cotia,Chacara Santa Maria
São Paulo,SP,Cotia,Chacara Vista Alegre
São Paulo,SP,Cotia,Chavara Pavoeiro
São Paulo,SP,Cotia,Colinas de Cotia
São Paulo,SP,Cotia,Gramado
São Paulo,SP,Cotia,Granja Carolina
São Paulo,SP,Cotia,Granja Viana
São Paulo,SP,Cotia,Haras Santa Barbara
São Paulo,SP,Cotia,Jardim Adelina
São Paulo,SP,Cotia,Jardim Araruama
São Paulo,SP,Cotia,Jardim Arco-iris
São Paulo,SP,Cotia,Jardim Atalaia
São Paulo,SP,Cotia,Jardim Barbacena
São Paulo,SP,Cotia,Jardim Barro Branco
São Paulo,SP,Cotia,Jardim Belizario
São Paulo,SP,Cotia,Jardim Carmel
São Paulo,SP,Cotia,Jardim Central
São Paulo,SP,Cotia,Jardim Claudio
São Paulo,SP,Cotia,Jardim Colibri
São Paulo,SP,Cotia,Jardim da Gloria
São Paulo,SP,Cotia,Jardim das Gracas
São Paulo,SP,Cotia,Jardim Dinorah
São Paulo,SP,Cotia,Jardim do Engenho
São Paulo,SP,Cotia,Jardim dos Ipes
São Paulo,SP,Cotia,Jardim Eliane
São Paulo,SP,Cotia,Jardim Elias
São Paulo,SP,Cotia,Jardim Empirio
São Paulo,SP,Cotia,Jardim Estela Mari
São Paulo,SP,Cotia,Jardim Fontana
São Paulo,SP,Cotia,Jardim Guerreiro
São Paulo,SP,Cotia,Jardim Isis
São Paulo,SP,Cotia,Jardim Lambreta
São Paulo,SP,Cotia,Jardim Lavapes das Gracas
São Paulo,SP,Cotia,Jardim Leonor
São Paulo,SP,Cotia,Jardim Lina
São Paulo,SP,Cotia,Jardim Miranda
São Paulo,SP,Cotia,Jardim Monte Santo
São Paulo,SP,Cotia,Jardim Nomura
São Paulo,SP,Cotia,Jardim Nova Coti
São Paulo,SP,Cotia,Jardim Nova Vida
São Paulo,SP,Cotia,Jardim Panorama
São Paulo,SP,Cotia,Jardim Passargada I
São Paulo,SP,Cotia,Jardim Petropolis
São Paulo,SP,Cotia,Jardim Rebelato
São Paulo,SP,Cotia,Jardim Recanto Suave
São Paulo,SP,Cotia,Jardim Sandra
São Paulo,SP,Cotia,Jardim Santa Izabel
São Paulo,SP,Cotia,Jardim Santa Maria
São Paulo,SP,Cotia,Jardim Santa Paula
São Paulo,SP,Cotia,Jardim Sao Miguel
São Paulo,SP,Cotia,Jardim Sao Pedro
São Paulo,SP,Cotia,Jardim Sao Vicente
São Paulo,SP,Cotia,Jardim Semiramis
São Paulo,SP,Cotia,Moinho Velho
São Paulo,SP,Cotia,Nakamura Park
São Paulo,SP,Cotia,Paisagem Renoir
São Paulo,SP,Cotia,Parque Alexandre
São Paulo,SP,Cotia,Parque Bahia
São Paulo,SP,Cotia,Parque Dom Henrique
São Paulo,SP,Cotia,Parque Isaac Pires
São Paulo,SP,Cotia,Parque Mirante da Mata
São Paulo,SP,Cotia,Parque Paulistano
São Paulo,SP,Cotia,Parque Rincao
São Paulo,SP,Cotia,Parque Rizzo II
São Paulo,SP,Cotia,Parque Santa Rita de Cassia
São Paulo,SP,Cotia,Parque Sao George
São Paulo,SP,Cotia,Parque Turiguara
São Paulo,SP,Cotia,Pedras
São Paulo,SP,Cotia,Portal da Primavera
São Paulo,SP,Cotia,Portal do Santa Paula
São Paulo,SP,Cotia,Quinta dos Angicos
São Paulo,SP,Cotia,Recanto Arco Verde
São Paulo,SP,Cotia,Recanto dos Victor's
São Paulo,SP,Cotia,Recanto Vista Alegre
São Paulo,SP,Cotia,Residencial Palma de Maiorca
São Paulo,SP,Cotia,Taboleiro Verde
São Paulo,SP,Cotia,Vila Clara
São Paulo,SP,Cotia,Vila Monte Serrat
São Paulo,SP,Cotia,Vila Santa Terezinha
São Paulo,SP,Cotia,Vila Santo Antonio
São Paulo,SP,Cotia,Vila Sao Francisco
São Paulo,SP,Cotia,Vila Viana
São Paulo,SP,Cruzeiro,Area Octogonal
São Paulo,SP,Cruzeiro,Celia Faleiro da Silva
São Paulo,SP,Cruzeiro,Centro
São Paulo,SP,Cruzeiro,Conjunto Habitacional Cruzeiro
São Paulo,SP,Cruzeiro,Cruzeiro Novo
São Paulo,SP,Cruzeiro,Cruzeiro Velho
São Paulo,SP,Cruzeiro,Dona Arminda Candida de Jesus
São Paulo,SP,Cruzeiro,Itagacaba
São Paulo,SP,Cruzeiro,Jardim America
São Paulo,SP,Cruzeiro,Jardim Europa
São Paulo,SP,Cruzeiro,Jardim Imperial
São Paulo,SP,Cruzeiro,Jardim Paraiso
São Paulo,SP,Cruzeiro,Jardim Primavera
São Paulo,SP,Cruzeiro,Jardim Sao Jose
São Paulo,SP,Cruzeiro,Lagoa Dourada
São Paulo,SP,Cruzeiro,Lagoa Dourada I
São Paulo,SP,Cruzeiro,Lagoa Dourada II
São Paulo,SP,Cruzeiro,Parque Justina Molica
São Paulo,SP,Cruzeiro,Parque Primavera
São Paulo,SP,Cruzeiro,Retiro da Mantiqueira
São Paulo,SP,Cruzeiro,Santa Luzia
São Paulo,SP,Cruzeiro,Setor Sudoeste
São Paulo,SP,Cruzeiro,Vila Abigail
São Paulo,SP,Cruzeiro,Vila Ana Rosa Novaes
São Paulo,SP,Cruzeiro,Vila Angelina
São Paulo,SP,Cruzeiro,Vila Avelino Jose Mariano
São Paulo,SP,Cruzeiro,Vila Bionde
São Paulo,SP,Cruzeiro,Vila Brasil
São Paulo,SP,Cruzeiro,Vila Canevari
São Paulo,SP,Cruzeiro,Vila Celestina
São Paulo,SP,Cruzeiro,Vila Clara
São Paulo,SP,Cruzeiro,Vila Conceicao
São Paulo,SP,Cruzeiro,Vila Doutor Joao Batista (parte Alta)
São Paulo,SP,Cruzeiro,Vila Doutor Joao Batista (parte Baixa)
São Paulo,SP,Cruzeiro,Vila Esmeralda
São Paulo,SP,Cruzeiro,Vila Expedicionarios Cruzeirenses
São Paulo,SP,Cruzeiro,Vila Isabel
São Paulo,SP,Cruzeiro,Vila Julia
São Paulo,SP,Cruzeiro,Vila Maria
São Paulo,SP,Cruzeiro,Vila Maria Antonieta
São Paulo,SP,Cruzeiro,Vila Meirelles
São Paulo,SP,Cruzeiro,Vila Novaes
São Paulo,SP,Cruzeiro,Vila Operaria
São Paulo,SP,Cruzeiro,Vila Paulista
São Paulo,SP,Cruzeiro,Vila Paulo Romeu
São Paulo,SP,Cruzeiro,Vila Pontilhao
São Paulo,SP,Cruzeiro,Vila Regina Celia
São Paulo,SP,Cruzeiro,Vila Rita Lucrecia Pinto
São Paulo,SP,Cruzeiro,Vila Romana
São Paulo,SP,Cruzeiro,Vila Santo Antonio
São Paulo,SP,Cruzeiro,Vila Sao Crispin
São Paulo,SP,Cruzeiro,Vila Sao Judas Tadeu
São Paulo,SP,Cruzeiro,Vila Suely
São Paulo,SP,Cruzeiro,Vila Virgilio Antunes de Oliveira
São Paulo,SP,Cruzeiro,Vila Washington Beleza
São Paulo,SP,Cruzeiro,Vilage Nesralla Rubez
São Paulo,SP,Cruzeiro,Vista Alegre
São Paulo,SP,Cubatao,Centro
São Paulo,SP,Cubatao,Conjunto Afonso Schmidt
São Paulo,SP,Cubatao,Fabril
São Paulo,SP,Cubatao,Jardim Casqueiro
São Paulo,SP,Cubatao,Jardim Costa e Silva
São Paulo,SP,Cubatao,Jardim das Industrias
São Paulo,SP,Cubatao,Jardim Nova Republica
São Paulo,SP,Cubatao,Jardim Sao Francisco
São Paulo,SP,Cubatao,Jardim Sao Marcos
São Paulo,SP,Cubatao,Jardim Trinta e Um de Marco
São Paulo,SP,Cubatao,Morro do Pica-pau
São Paulo,SP,Cubatao,Padre Manoel da Nobrega
São Paulo,SP,Cubatao,Parque Fernando Jorge
São Paulo,SP,Cubatao,Vila Caraguata
São Paulo,SP,Cubatao,Vila Costa Muniz
São Paulo,SP,Cubatao,Vila Couto
São Paulo,SP,Cubatao,Vila dos Pescadores
São Paulo,SP,Cubatao,Vila Elizabeth
São Paulo,SP,Cubatao,Vila Esperanca
São Paulo,SP,Cubatao,Vila Natal
São Paulo,SP,Cubatao,Vila Nova
São Paulo,SP,Cubatao,Vila Parisi
São Paulo,SP,Cubatao,Vila Paulista
São Paulo,SP,Cubatao,Vila Pelicas
São Paulo,SP,Cubatao,Vila Ponte Nova
São Paulo,SP,Cubatao,Vila Santa Rosa
São Paulo,SP,Cubatao,Vila Sao Benedito
São Paulo,SP,Cubatao,Vila Sao Jose
São Paulo,SP,Diadema,Campanario
São Paulo,SP,Diadema,Casa Grande
São Paulo,SP,Diadema,Centro
São Paulo,SP,Diadema,Chacara Hungara
São Paulo,SP,Diadema,Chacara Peres
São Paulo,SP,Diadema,Eldorado
São Paulo,SP,Diadema,Eldorado Sapopema
São Paulo,SP,Diadema,Eucaliptos
São Paulo,SP,Diadema,Jardim Abc
São Paulo,SP,Diadema,Jardim Alba
São Paulo,SP,Diadema,Jardim Alvorada
São Paulo,SP,Diadema,Jardim Amalia
São Paulo,SP,Diadema,Jardim Ana Maria
São Paulo,SP,Diadema,Jardim Andrade Barbosa
São Paulo,SP,Diadema,Jardim Araras
São Paulo,SP,Diadema,Jardim Arco-iris
São Paulo,SP,Diadema,Jardim Bandeirante
São Paulo,SP,Diadema,Jardim Barrionuevo
São Paulo,SP,Diadema,Jardim Bela Vista
São Paulo,SP,Diadema,Jardim Campanario
São Paulo,SP,Diadema,Jardim Canhema
São Paulo,SP,Diadema,Jardim Casa Grande
São Paulo,SP,Diadema,Jardim Conceicao
São Paulo,SP,Diadema,Jardim Damasco
São Paulo,SP,Diadema,Jardim das Nacoes
São Paulo,SP,Diadema,Jardim das Paineiras
São Paulo,SP,Diadema,Jardim Diadema
São Paulo,SP,Diadema,Jardim do Comercio
São Paulo,SP,Diadema,Jardim do Parque
São Paulo,SP,Diadema,Jardim Donini
São Paulo,SP,Diadema,Jardim dos Navegantes
São Paulo,SP,Diadema,Jardim Eldorado
São Paulo,SP,Diadema,Jardim Elisa
São Paulo,SP,Diadema,Jardim Elite
São Paulo,SP,Diadema,Jardim Ellen
São Paulo,SP,Diadema,Jardim Fraternal
São Paulo,SP,Diadema,Jardim Gabriel Correia
São Paulo,SP,Diadema,Jardim Inamar
São Paulo,SP,Diadema,Jardim Ingai
São Paulo,SP,Diadema,Jardim Lilianeli
São Paulo,SP,Diadema,Jardim Mafalda
São Paulo,SP,Diadema,Jardim Maraja
São Paulo,SP,Diadema,Jardim Marao
São Paulo,SP,Diadema,Jardim Maravilha
São Paulo,SP,Diadema,Jardim Maria Claudia
São Paulo,SP,Diadema,Jardim Maria Helena
São Paulo,SP,Diadema,Jardim Maria Tereza
São Paulo,SP,Diadema,Jardim Marilene
São Paulo,SP,Diadema,Jardim Maringa
São Paulo,SP,Diadema,Jardim Mombae
São Paulo,SP,Diadema,Jardim Nossa Senhora Aparecida
São Paulo,SP,Diadema,Jardim Novo Lar
São Paulo,SP,Diadema,Jardim Olga
São Paulo,SP,Diadema,Jardim Pean
São Paulo,SP,Diadema,Jardim Piraporinha
São Paulo,SP,Diadema,Jardim Pitangueiras
São Paulo,SP,Diadema,Jardim Portinari
São Paulo,SP,Diadema,Jardim Promissao
São Paulo,SP,Diadema,Jardim Recanto
São Paulo,SP,Diadema,Jardim Remanso
São Paulo,SP,Diadema,Jardim Rey
São Paulo,SP,Diadema,Jardim Rosinha
São Paulo,SP,Diadema,Jardim Ruyce
São Paulo,SP,Diadema,Jardim Sandra
São Paulo,SP,Diadema,Jardim Santa Candida
São Paulo,SP,Diadema,Jardim Santa Dirce
São Paulo,SP,Diadema,Jardim Santa Elizabeth
São Paulo,SP,Diadema,Jardim Santa Filomena
São Paulo,SP,Diadema,Jardim Santa Rita
São Paulo,SP,Diadema,Jardim Sao Judas Tadeu
São Paulo,SP,Diadema,Jardim Sara Regina
São Paulo,SP,Diadema,Jardim Sonia
São Paulo,SP,Diadema,Jardim Takebe
São Paulo,SP,Diadema,Jardim Tamoio
São Paulo,SP,Diadema,Jardim Tijuco
São Paulo,SP,Diadema,Jardim Tiradentes
São Paulo,SP,Diadema,Jardim Uniao
São Paulo,SP,Diadema,Jardim Yambere
São Paulo,SP,Diadema,Jardim Yvone
São Paulo,SP,Diadema,Loteamento Elbio Camilo
São Paulo,SP,Diadema,Loteamento Julio Adai
São Paulo,SP,Diadema,Parque das Jabuticabeiras
São Paulo,SP,Diadema,Parque Galicia
São Paulo,SP,Diadema,Parque Mamede
São Paulo,SP,Diadema,Parque Real
São Paulo,SP,Diadema,Parque Sete de Setembro
São Paulo,SP,Diadema,Piraporinha
São Paulo,SP,Diadema,Praia Vermelha
São Paulo,SP,Diadema,Serraria
São Paulo,SP,Diadema,Sitio Mato Dentro
São Paulo,SP,Diadema,Taboao
São Paulo,SP,Diadema,Vila Alice
São Paulo,SP,Diadema,Vila Ana Sofia
São Paulo,SP,Diadema,Vila Andrea
São Paulo,SP,Diadema,Vila Antonio Tadeu
São Paulo,SP,Diadema,Vila Ceratti
São Paulo,SP,Diadema,Vila Claudia
São Paulo,SP,Diadema,Vila Conceicao
São Paulo,SP,Diadema,Vila Diadema
São Paulo,SP,Diadema,Vila dos Campeoes
São Paulo,SP,Diadema,Vila Eleonor
São Paulo,SP,Diadema,Vila Eliane
São Paulo,SP,Diadema,Vila Elida
São Paulo,SP,Diadema,Vila Ester
São Paulo,SP,Diadema,Vila Goyotin
São Paulo,SP,Diadema,Vila Hellas
São Paulo,SP,Diadema,Vila Hortencia
São Paulo,SP,Diadema,Vila Ida
São Paulo,SP,Diadema,Vila Idealopolis
São Paulo,SP,Diadema,Vila Iran
São Paulo,SP,Diadema,Vila Jacira
São Paulo,SP,Diadema,Vila Lia
São Paulo,SP,Diadema,Vila Lidia
São Paulo,SP,Diadema,Vila Maria Leonor
São Paulo,SP,Diadema,Vila Marina
São Paulo,SP,Diadema,Vila Marques
São Paulo,SP,Diadema,Vila Marta
São Paulo,SP,Diadema,Vila Mulford
São Paulo,SP,Diadema,Vila Nogueira
São Paulo,SP,Diadema,Vila Nova Esperanca
São Paulo,SP,Diadema,Vila Nova Santa Luzia
São Paulo,SP,Diadema,Vila Odete
São Paulo,SP,Diadema,Vila Oriental
São Paulo,SP,Diadema,Vila Padre Anchieta
São Paulo,SP,Diadema,Vila Paulina
São Paulo,SP,Diadema,Vila Poente
São Paulo,SP,Diadema,Vila Santa Antonia
São Paulo,SP,Diadema,Vila Santa Luzia
São Paulo,SP,Diadema,Vila Santa Maria
São Paulo,SP,Diadema,Vila Santa Rita
São Paulo,SP,Diadema,Vila Santa Terezinha
São Paulo,SP,Diadema,Vila Sao Jose
São Paulo,SP,Diadema,Vila Sao Vicente
São Paulo,SP,Diadema,Vila Tachibana
São Paulo,SP,Diadema,Vila Toffer
São Paulo,SP,Embu,Centro
São Paulo,SP,Embu,Chacara Vale da Boa Vida
São Paulo,SP,Embu,Chacaras Ana Lucia
São Paulo,SP,Embu,Chacaras Aurora
São Paulo,SP,Embu,Chacaras Bartira
São Paulo,SP,Embu,Chacaras Bosque do Embu
São Paulo,SP,Embu,Chacaras Caxingui
São Paulo,SP,Embu,Chacaras do Pinheirinho
São Paulo,SP,Embu,Chacaras Embu Colonial
São Paulo,SP,Embu,Chacaras Esplanada do Embu
São Paulo,SP,Embu,Chacaras Lydia
São Paulo,SP,Embu,Chacaras Marajoara
São Paulo,SP,Embu,Chacaras Maria Alice
São Paulo,SP,Embu,Chacaras Sao Marcos
São Paulo,SP,Embu,Chacaras Uirapuru
São Paulo,SP,Embu,Clube de Campo Embuarama
São Paulo,SP,Embu,Conjunto Residencial Vila Carvalho
São Paulo,SP,Embu,Jardim Angela
São Paulo,SP,Embu,Jardim Arabutam
São Paulo,SP,Embu,Jardim Casa Branca
São Paulo,SP,Embu,Jardim Colibri
São Paulo,SP,Embu,Jardim Dom Jose
São Paulo,SP,Embu,Jardim dos Oliveiras
São Paulo,SP,Embu,Jardim Eliza
São Paulo,SP,Embu,Jardim Embuema
São Paulo,SP,Embu,Jardim Emilio Carlos
São Paulo,SP,Embu,Jardim Estela
São Paulo,SP,Embu,Jardim Ferraz
São Paulo,SP,Embu,Jardim Ferreira
São Paulo,SP,Embu,Jardim Florida
São Paulo,SP,Embu,Jardim Independencia
São Paulo,SP,Embu,Jardim Irene
São Paulo,SP,Embu,Jardim Julia
São Paulo,SP,Embu,Jardim Jurema
São Paulo,SP,Embu,Jardim Liberdade
São Paulo,SP,Embu,Jardim Mabilia
São Paulo,SP,Embu,Jardim Maciel
São Paulo,SP,Embu,Jardim Magali
São Paulo,SP,Embu,Jardim Maranhao
São Paulo,SP,Embu,Jardim Marina
São Paulo,SP,Embu,Jardim Mascarenhas
São Paulo,SP,Embu,Jardim Mimas
São Paulo,SP,Embu,Jardim Novo Embu
São Paulo,SP,Embu,Jardim Olimpia
São Paulo,SP,Embu,Jardim Pindorama
São Paulo,SP,Embu,Jardim Pinheirinho
São Paulo,SP,Embu,Jardim Pinheiros
São Paulo,SP,Embu,Jardim Presidente Kennedy
São Paulo,SP,Embu,Jardim Recanto da Fonte
São Paulo,SP,Embu,Jardim Sadie
São Paulo,SP,Embu,Jardim Santa Barbara
São Paulo,SP,Embu,Jardim Santa Clara
São Paulo,SP,Embu,Jardim Santa Emilia
São Paulo,SP,Embu,Jardim Santa Luzia
São Paulo,SP,Embu,Jardim Santa Maria
São Paulo,SP,Embu,Jardim Santa Rita
São Paulo,SP,Embu,Jardim Santa Tereza
São Paulo,SP,Embu,Jardim Santarem
São Paulo,SP,Embu,Jardim Santo Antonio
São Paulo,SP,Embu,Jardim Sao Eduardo
São Paulo,SP,Embu,Jardim Sergio
São Paulo,SP,Embu,Jardim Silvana
São Paulo,SP,Embu,Jardim Silvia
São Paulo,SP,Embu,Jardim Tome
São Paulo,SP,Embu,Jardim Valo Verde
São Paulo,SP,Embu,Jardim Vazami
São Paulo,SP,Embu,Jardim Vista Alegre
São Paulo,SP,Embu,Parque das Chacaras
São Paulo,SP,Embu,Parque Esplanada
São Paulo,SP,Embu,Parque Industrial Ramos de Freitas
São Paulo,SP,Embu,Parque Jane
São Paulo,SP,Embu,Parque Luiza
São Paulo,SP,Embu,Parque Pirajussara
São Paulo,SP,Embu,Retiro Vale do Sol
São Paulo,SP,Embu,Sitio dos Seis Amigos
São Paulo,SP,Embu,Sitio Primavera
São Paulo,SP,Embu,Vila Anchieta
São Paulo,SP,Embu,Vila Carmem
São Paulo,SP,Embu,Vila Carvalho
São Paulo,SP,Embu,Vila Celia Regina
São Paulo,SP,Embu,Vila Cercado Grande
São Paulo,SP,Embu,Vila Engenho Velho
São Paulo,SP,Embu,Vila Maisa
São Paulo,SP,Embu,Vila Marajoara
São Paulo,SP,Embu,Vila Maria Auxiliadora
São Paulo,SP,Embu,Vila Mei
São Paulo,SP,Embu,Vila Olinda
São Paulo,SP,Embu,Vila Pereque
São Paulo,SP,Embu,Vila Real Moinho Velho
São Paulo,SP,Embu,Vila Regina
São Paulo,SP,Embu,Vila Rodrigues
São Paulo,SP,Embu,Vila Santa Maria
São Paulo,SP,Embu,Vila Sao Jose
São Paulo,SP,Embu,Vila Simone
São Paulo,SP,Embu,Vila Triangulo
São Paulo,SP,Ferraz de Vasconcelos,Cambiri
São Paulo,SP,Ferraz de Vasconcelos,Centro
São Paulo,SP,Ferraz de Vasconcelos,Chacara Descansolandia
São Paulo,SP,Ferraz de Vasconcelos,Chacara Laguna
São Paulo,SP,Ferraz de Vasconcelos,Chacara Quinze de Novembro
São Paulo,SP,Ferraz de Vasconcelos,Cidade Kemel
São Paulo,SP,Ferraz de Vasconcelos,Conjunto Residencial Bandeirantes
São Paulo,SP,Ferraz de Vasconcelos,Conjunto Residencial Presidente Castelo Branco
São Paulo,SP,Ferraz de Vasconcelos,Jardim Aglae
São Paulo,SP,Ferraz de Vasconcelos,Jardim Alexandre
São Paulo,SP,Ferraz de Vasconcelos,Jardim Alice
São Paulo,SP,Ferraz de Vasconcelos,Jardim Amalfi
São Paulo,SP,Ferraz de Vasconcelos,Jardim Anchieta
São Paulo,SP,Ferraz de Vasconcelos,Jardim Angelina
São Paulo,SP,Ferraz de Vasconcelos,Jardim Bela Vista
São Paulo,SP,Ferraz de Vasconcelos,Jardim Brigida
São Paulo,SP,Ferraz de Vasconcelos,Jardim Cambiri
São Paulo,SP,Ferraz de Vasconcelos,Jardim Dayse
São Paulo,SP,Ferraz de Vasconcelos,Jardim Debora
São Paulo,SP,Ferraz de Vasconcelos,Jardim do Castelo
São Paulo,SP,Ferraz de Vasconcelos,Jardim do Papai
São Paulo,SP,Ferraz de Vasconcelos,Jardim do Planalto
São Paulo,SP,Ferraz de Vasconcelos,Jardim do Sol
São Paulo,SP,Ferraz de Vasconcelos,Jardim Elizabeth
São Paulo,SP,Ferraz de Vasconcelos,Jardim Espinha
São Paulo,SP,Ferraz de Vasconcelos,Jardim Eugenia
São Paulo,SP,Ferraz de Vasconcelos,Jardim Fanganiello
São Paulo,SP,Ferraz de Vasconcelos,Jardim Fernando
São Paulo,SP,Ferraz de Vasconcelos,Jardim Ferrazense
São Paulo,SP,Ferraz de Vasconcelos,Jardim Figueiredo
São Paulo,SP,Ferraz de Vasconcelos,Jardim Freire
São Paulo,SP,Ferraz de Vasconcelos,Jardim Gentile
São Paulo,SP,Ferraz de Vasconcelos,Jardim Helena
São Paulo,SP,Ferraz de Vasconcelos,Jardim Helio Fugagnolli
São Paulo,SP,Ferraz de Vasconcelos,Jardim Ipanema
São Paulo,SP,Ferraz de Vasconcelos,Jardim Juliana
São Paulo,SP,Ferraz de Vasconcelos,Jardim Julio de Carvalho
São Paulo,SP,Ferraz de Vasconcelos,Jardim Leila
São Paulo,SP,Ferraz de Vasconcelos,Jardim Lourdes
São Paulo,SP,Ferraz de Vasconcelos,Jardim Lozano
São Paulo,SP,Ferraz de Vasconcelos,Jardim Luiz Mauro
São Paulo,SP,Ferraz de Vasconcelos,Jardim Malda
São Paulo,SP,Ferraz de Vasconcelos,Jardim Maria Cecilia
São Paulo,SP,Ferraz de Vasconcelos,Jardim Melilo
São Paulo,SP,Ferraz de Vasconcelos,Jardim Mercedes
São Paulo,SP,Ferraz de Vasconcelos,Jardim Metropole
São Paulo,SP,Ferraz de Vasconcelos,Jardim Nossa Senhora do Caminho
São Paulo,SP,Ferraz de Vasconcelos,Jardim Nove de Julho
São Paulo,SP,Ferraz de Vasconcelos,Jardim Panorama
São Paulo,SP,Ferraz de Vasconcelos,Jardim Panuce
São Paulo,SP,Ferraz de Vasconcelos,Jardim Perola
São Paulo,SP,Ferraz de Vasconcelos,Jardim Planalto Bancario
São Paulo,SP,Ferraz de Vasconcelos,Jardim Primavera
São Paulo,SP,Ferraz de Vasconcelos,Jardim Renata
São Paulo,SP,Ferraz de Vasconcelos,Jardim Rodrigues Alves
São Paulo,SP,Ferraz de Vasconcelos,Jardim Rosana
São Paulo,SP,Ferraz de Vasconcelos,Jardim San Giovani
São Paulo,SP,Ferraz de Vasconcelos,Jardim Santa Rosa
São Paulo,SP,Ferraz de Vasconcelos,Jardim Santiago
São Paulo,SP,Ferraz de Vasconcelos,Jardim Sao Benedito
São Paulo,SP,Ferraz de Vasconcelos,Jardim Sao Carlos
São Paulo,SP,Ferraz de Vasconcelos,Jardim Sao Fernando
São Paulo,SP,Ferraz de Vasconcelos,Jardim Sao Joao
São Paulo,SP,Ferraz de Vasconcelos,Jardim Sao Jose
São Paulo,SP,Ferraz de Vasconcelos,Jardim Sao Judas
São Paulo,SP,Ferraz de Vasconcelos,Jardim Sao Judas Tadeu
São Paulo,SP,Ferraz de Vasconcelos,Jardim Sao Lazaro
São Paulo,SP,Ferraz de Vasconcelos,Jardim Sao Luiz
São Paulo,SP,Ferraz de Vasconcelos,Jardim Sara
São Paulo,SP,Ferraz de Vasconcelos,Jardim Saude
São Paulo,SP,Ferraz de Vasconcelos,Jardim Selma Helena
São Paulo,SP,Ferraz de Vasconcelos,Jardim Seminario
São Paulo,SP,Ferraz de Vasconcelos,Jardim Sol Nascente
São Paulo,SP,Ferraz de Vasconcelos,Jardim Temporim
São Paulo,SP,Ferraz de Vasconcelos,Jardim Tinoco
São Paulo,SP,Ferraz de Vasconcelos,Jardim Triangulo
São Paulo,SP,Ferraz de Vasconcelos,Jardim Tv
São Paulo,SP,Ferraz de Vasconcelos,Jardim Vasconcelos
São Paulo,SP,Ferraz de Vasconcelos,Jardim Verao
São Paulo,SP,Ferraz de Vasconcelos,Jardim Vico
São Paulo,SP,Ferraz de Vasconcelos,Jardim Vista Alegre
São Paulo,SP,Ferraz de Vasconcelos,Jardim Yone
São Paulo,SP,Ferraz de Vasconcelos,Loteamento Sao Miguel
São Paulo,SP,Ferraz de Vasconcelos,Nucleo Itaim
São Paulo,SP,Ferraz de Vasconcelos,Parque Dourado
São Paulo,SP,Ferraz de Vasconcelos,Parque Imperial
São Paulo,SP,Ferraz de Vasconcelos,Parque Sao Francisco
São Paulo,SP,Ferraz de Vasconcelos,Parque Sao Judas Tadeu
São Paulo,SP,Ferraz de Vasconcelos,Rosado
São Paulo,SP,Ferraz de Vasconcelos,Sitio Paredao
São Paulo,SP,Ferraz de Vasconcelos,Vila Alayde
São Paulo,SP,Ferraz de Vasconcelos,Vila Amerciano
São Paulo,SP,Ferraz de Vasconcelos,Vila Ana Maria
São Paulo,SP,Ferraz de Vasconcelos,Vila Andeyara
São Paulo,SP,Ferraz de Vasconcelos,Vila Andrea
São Paulo,SP,Ferraz de Vasconcelos,Vila Arbame
São Paulo,SP,Ferraz de Vasconcelos,Vila Ayda
São Paulo,SP,Ferraz de Vasconcelos,Vila Bianchi
São Paulo,SP,Ferraz de Vasconcelos,Vila Centnral
São Paulo,SP,Ferraz de Vasconcelos,Vila Correa
São Paulo,SP,Ferraz de Vasconcelos,Vila Cristina
São Paulo,SP,Ferraz de Vasconcelos,Vila das Nacoes
São Paulo,SP,Ferraz de Vasconcelos,Vila Godinho
São Paulo,SP,Ferraz de Vasconcelos,Vila Jamil
São Paulo,SP,Ferraz de Vasconcelos,Vila Joana D'arc
São Paulo,SP,Ferraz de Vasconcelos,Vila Jurema
São Paulo,SP,Ferraz de Vasconcelos,Vila Leite
São Paulo,SP,Ferraz de Vasconcelos,Vila Loanda
São Paulo,SP,Ferraz de Vasconcelos,Vila Maria Rosa
São Paulo,SP,Ferraz de Vasconcelos,Vila Mariana
São Paulo,SP,Ferraz de Vasconcelos,Vila Nova
São Paulo,SP,Ferraz de Vasconcelos,Vila Panuce
São Paulo,SP,Ferraz de Vasconcelos,Vila Pereira
São Paulo,SP,Ferraz de Vasconcelos,Vila Pery
São Paulo,SP,Ferraz de Vasconcelos,Vila Primavera
São Paulo,SP,Ferraz de Vasconcelos,Vila Romanopolis
São Paulo,SP,Ferraz de Vasconcelos,Vila Santa Margarida
São Paulo,SP,Ferraz de Vasconcelos,Vila Santo Antonio
São Paulo,SP,Ferraz de Vasconcelos,Vila Sao Joao
São Paulo,SP,Ferraz de Vasconcelos,Vila Sao Paulo
São Paulo,SP,Ferraz de Vasconcelos,Vila Sao Sebastiao
São Paulo,SP,Ferraz de Vasconcelos,Vila Sofia
São Paulo,SP,Ferraz de Vasconcelos,Vila Solar
São Paulo,SP,Ferraz de Vasconcelos,Vila Tanquinho
São Paulo,SP,Ferraz de Vasconcelos,Vila Zildice
São Paulo,SP,Ferraz de Vasconcelos,Vila Zita
São Paulo,SP,Franca,Centro
São Paulo,SP,Franca,Chacara Santo Antonio
São Paulo,SP,Franca,Chacaras Sao Paulo
São Paulo,SP,Franca,Cidade Nova
São Paulo,SP,Franca,City Petropolis
São Paulo,SP,Franca,Distrito Industrial I
São Paulo,SP,Franca,Jardim Alvorada
São Paulo,SP,Franca,Jardim America
São Paulo,SP,Franca,Jardim Angela Rosa
São Paulo,SP,Franca,Jardim Barao
São Paulo,SP,Franca,Jardim Bethania
São Paulo,SP,Franca,Jardim Boa Esperanca
São Paulo,SP,Franca,Jardim Brasil
São Paulo,SP,Franca,Jardim Brasilandia
São Paulo,SP,Franca,Jardim Bueno
São Paulo,SP,Franca,Jardim Centenario
São Paulo,SP,Franca,Jardim Consolacao
São Paulo,SP,Franca,Jardim das Palmeiras
São Paulo,SP,Franca,Jardim Derminio
São Paulo,SP,Franca,Jardim Doutor Antonio Petraglia
São Paulo,SP,Franca,Jardim Eden
São Paulo,SP,Franca,Jardim Espraiado
São Paulo,SP,Franca,Jardim Florida
São Paulo,SP,Franca,Jardim Ipanema
São Paulo,SP,Franca,Jardim Lima
São Paulo,SP,Franca,Jardim Maria Gabriela
São Paulo,SP,Franca,Jardim Marilia
São Paulo,SP,Franca,Jardim Martins
São Paulo,SP,Franca,Jardim Noemia
São Paulo,SP,Franca,Jardim Palestina
São Paulo,SP,Franca,Jardim Palma
São Paulo,SP,Franca,Jardim Panorama
São Paulo,SP,Franca,Jardim Paraty
São Paulo,SP,Franca,Jardim Paulista
São Paulo,SP,Franca,Jardim Paulistano
São Paulo,SP,Franca,Jardim Pinheiros I
São Paulo,SP,Franca,Jardim Pinheiros II
São Paulo,SP,Franca,Jardim Planalto
São Paulo,SP,Franca,Jardim Portinari
São Paulo,SP,Franca,Jardim Redentor
São Paulo,SP,Franca,Jardim Riviera
São Paulo,SP,Franca,Jardim Santa Efigenia
São Paulo,SP,Franca,Jardim Santa Eugenia
São Paulo,SP,Franca,Jardim Santana
São Paulo,SP,Franca,Jardim Sao Francisco
São Paulo,SP,Franca,Jardim Sao Luiz
São Paulo,SP,Franca,Jardim Sao Vicente de Paula
São Paulo,SP,Franca,Jardim Seminario
São Paulo,SP,Franca,Jardim Tropical
São Paulo,SP,Franca,Jardim Veneza
São Paulo,SP,Franca,Jesus Maria Jose
São Paulo,SP,Franca,Miramontes
São Paulo,SP,Franca,Nucleo Agricola Alpha
São Paulo,SP,Franca,Parque Continental
São Paulo,SP,Franca,Parque da Rua Boa Vista
São Paulo,SP,Franca,Parque das Acacias
São Paulo,SP,Franca,Parque das Esmeraldas
São Paulo,SP,Franca,Parque do Castelo
São Paulo,SP,Franca,Parque do Horto
São Paulo,SP,Franca,Parque dos Lima
São Paulo,SP,Franca,Parque Doutor Carrao
São Paulo,SP,Franca,Parque Florestal
São Paulo,SP,Franca,Parque Francal
São Paulo,SP,Franca,Parque Progresso
São Paulo,SP,Franca,Parque Residencial Nova Franca
São Paulo,SP,Franca,Parque Residencial Santa Maria
São Paulo,SP,Franca,Parque Santa Adelia
São Paulo,SP,Franca,Parque Tres Colinas
São Paulo,SP,Franca,Parque Vicente Leporace I
São Paulo,SP,Franca,Parque Vicente Leporace IV
São Paulo,SP,Franca,Parque Vitoria Regia
São Paulo,SP,Franca,Prolongamento Jardim Angela Rosa
São Paulo,SP,Franca,Prolongamento Jardim Brasilandia
São Paulo,SP,Franca,Prolongamento Jardim Consolacao
São Paulo,SP,Franca,Prolongamento Jardim do Eden
São Paulo,SP,Franca,Prolongamento Jardim Doutor Antonio Petraglia
São Paulo,SP,Franca,Prolongamento Jardim Paulista
São Paulo,SP,Franca,Prolongamento Sao Jose
São Paulo,SP,Franca,Prolongamento Vila Aparecida
São Paulo,SP,Franca,Prolongamento Vila Aparecida II
São Paulo,SP,Franca,Prolongamento Vila Duque de Caxias
São Paulo,SP,Franca,Prolongamento Vila Industrial
São Paulo,SP,Franca,Prolongamento Vila Santa Rita
São Paulo,SP,Franca,Prolongamento Vila Santa Terezinha
São Paulo,SP,Franca,Recreio Campo Belo
São Paulo,SP,Franca,Residencial Baldassari
São Paulo,SP,Franca,Residencial Jardim Vera Cruz
São Paulo,SP,Franca,Residencial Paraiso
São Paulo,SP,Franca,Santo Agostinho
São Paulo,SP,Franca,Sao Joaquim
São Paulo,SP,Franca,Sao Jose
São Paulo,SP,Franca,Vila Allan Kardec
São Paulo,SP,Franca,Vila Carrenho
São Paulo,SP,Franca,Vila Champagnat
São Paulo,SP,Franca,Vila Coronel Antonio J Sobrinho
São Paulo,SP,Franca,Vila Duque de Caxias
São Paulo,SP,Franca,Vila Europa
São Paulo,SP,Franca,Vila Flores
São Paulo,SP,Franca,Vila Franca
São Paulo,SP,Franca,Vila Guilherme
São Paulo,SP,Franca,Vila Hipica
São Paulo,SP,Franca,Vila Imperador
São Paulo,SP,Franca,Vila Industrial
São Paulo,SP,Franca,Vila Marta
São Paulo,SP,Franca,Vila Monteiro
São Paulo,SP,Franca,Vila Nossa Senhora das Gracas
São Paulo,SP,Franca,Vila Pandolfo
São Paulo,SP,Franca,Vila Patricio
São Paulo,SP,Franca,Vila Pedigoni
São Paulo,SP,Franca,Vila Rezende
São Paulo,SP,Franca,Vila Samello
São Paulo,SP,Franca,Vila Santa Cruz
São Paulo,SP,Franca,Vila Santa Helena
São Paulo,SP,Franca,Vila Santa Maria do Carmo
São Paulo,SP,Franca,Vila Santa Rita
São Paulo,SP,Franca,Vila Santa Tereza
São Paulo,SP,Franca,Vila Santa Terezinha
São Paulo,SP,Franca,Vila Santo Antonio
São Paulo,SP,Franca,Vila Sao Sebastiao
São Paulo,SP,Franca,Vila Scarabucci
São Paulo,SP,Franca,Vila Teixeira
São Paulo,SP,Franca,Vila Totoli
São Paulo,SP,Franca,Village de Sao Vicente
São Paulo,SP,Francisco Morato,Belem Capela
São Paulo,SP,Francisco Morato,Belem Estacao
São Paulo,SP,Francisco Morato,C R Crg Favas
São Paulo,SP,Francisco Morato,C R S Aleixo
São Paulo,SP,Francisco Morato,Centro
São Paulo,SP,Francisco Morato,Chacara da Campininha
São Paulo,SP,Francisco Morato,Chacara Martha
São Paulo,SP,Francisco Morato,Chacara Moreira
São Paulo,SP,Francisco Morato,Chacara Santo Antonio
São Paulo,SP,Francisco Morato,Estancia Belem
São Paulo,SP,Francisco Morato,Jardim
São Paulo,SP,Francisco Morato,Jardim Alegria
São Paulo,SP,Francisco Morato,Jardim Alexandra
São Paulo,SP,Francisco Morato,Jardim Anita
São Paulo,SP,Francisco Morato,Jardim Antomar
São Paulo,SP,Francisco Morato,Jardim Arpoador
São Paulo,SP,Francisco Morato,Jardim Asturias
São Paulo,SP,Francisco Morato,Jardim Bandeirantes
São Paulo,SP,Francisco Morato,Jardim Bom Sucesso
São Paulo,SP,Francisco Morato,Jardim Buenos Aires
São Paulo,SP,Francisco Morato,Jardim Constancia
São Paulo,SP,Francisco Morato,Jardim Eglen
São Paulo,SP,Francisco Morato,Jardim Eliza
São Paulo,SP,Francisco Morato,Jardim Esperanca
São Paulo,SP,Francisco Morato,Jardim Ferrao
São Paulo,SP,Francisco Morato,Jardim Florida
São Paulo,SP,Francisco Morato,Jardim Gennari
São Paulo,SP,Francisco Morato,Jardim Liliane
São Paulo,SP,Francisco Morato,Jardim Magalhaes
São Paulo,SP,Francisco Morato,Jardim Meu Recanto
São Paulo,SP,Francisco Morato,Jardim Nossa Senhora Apareceda
São Paulo,SP,Francisco Morato,Jardim Nova Belem
São Paulo,SP,Francisco Morato,Jardim Nova Esperanca
São Paulo,SP,Francisco Morato,Jardim Olga
São Paulo,SP,Francisco Morato,Jardim Ouro Preto
São Paulo,SP,Francisco Morato,Jardim Planalto do Belem
São Paulo,SP,Francisco Morato,Jardim Primavera
São Paulo,SP,Francisco Morato,Jardim Professor Francisco Morato
São Paulo,SP,Francisco Morato,Jardim Rogerio Levorin
São Paulo,SP,Francisco Morato,Jardim Rosa
São Paulo,SP,Francisco Morato,Jardim Santa Catarina
São Paulo,SP,Francisco Morato,Jardim Santa Helena
São Paulo,SP,Francisco Morato,Jardim Santo Antonio
São Paulo,SP,Francisco Morato,Jardim Sao Jose
São Paulo,SP,Francisco Morato,Jardim Sao Severino
São Paulo,SP,Francisco Morato,Jardim Silvia
São Paulo,SP,Francisco Morato,Jardim Sinobe
São Paulo,SP,Francisco Morato,Jardim Vagliengo
São Paulo,SP,Francisco Morato,Jardim Vassouras
São Paulo,SP,Francisco Morato,Jardim Vassouras II
São Paulo,SP,Francisco Morato,Jardim Virginia
São Paulo,SP,Francisco Morato,Nucleo Joao Jungle
São Paulo,SP,Francisco Morato,Parque Agua Vermelha
São Paulo,SP,Francisco Morato,Parque Belem
São Paulo,SP,Francisco Morato,Parque Cento e Vinte
São Paulo,SP,Francisco Morato,Parque Climateric Rolland
São Paulo,SP,Francisco Morato,Parque Paulista
São Paulo,SP,Francisco Morato,Parque Santana
São Paulo,SP,Francisco Morato,Recanto Feliz
São Paulo,SP,Francisco Morato,Recanto Regina
São Paulo,SP,Francisco Morato,Recanto Soraya
São Paulo,SP,Francisco Morato,Residencial Casa Grande I
São Paulo,SP,Francisco Morato,Residencial Sao Luis
São Paulo,SP,Francisco Morato,Vila Borges
São Paulo,SP,Francisco Morato,Vila Capua
São Paulo,SP,Francisco Morato,Vila Guilherme
São Paulo,SP,Francisco Morato,Vila Heloisa
São Paulo,SP,Francisco Morato,Vila Maria Luiza
São Paulo,SP,Francisco Morato,Vila Natal
São Paulo,SP,Francisco Morato,Vila Primavera
São Paulo,SP,Francisco Morato,Vila Rossi
São Paulo,SP,Francisco Morato,Vila Sileia
São Paulo,SP,Francisco Morato,Vila Suica
São Paulo,SP,Franco da Rocha,Centro
São Paulo,SP,Franco da Rocha,Chacara Sao Luiz
São Paulo,SP,Franco da Rocha,Chacaras Lapa
São Paulo,SP,Franco da Rocha,Companhia Fazenda Belem
São Paulo,SP,Franco da Rocha,Estancia Lago Azul
São Paulo,SP,Franco da Rocha,Jardim Alice
São Paulo,SP,Franco da Rocha,Jardim Benintendi
São Paulo,SP,Franco da Rocha,Jardim Cedro do Libano
São Paulo,SP,Franco da Rocha,Jardim Cruzeiro
São Paulo,SP,Franco da Rocha,Jardim das Jabuticabeiras
São Paulo,SP,Franco da Rocha,Jardim dos Bandeirantes
São Paulo,SP,Franco da Rocha,Jardim dos Reis
São Paulo,SP,Franco da Rocha,Jardim Luciana
São Paulo,SP,Franco da Rocha,Jardim Progresso A
São Paulo,SP,Franco da Rocha,Jardim Progresso B
São Paulo,SP,Franco da Rocha,Jardim Santa Filomena
São Paulo,SP,Franco da Rocha,Jardim Uniao
São Paulo,SP,Franco da Rocha,Parque Lanel
São Paulo,SP,Franco da Rocha,Parque Monte Verde
São Paulo,SP,Franco da Rocha,Parque Munhos
São Paulo,SP,Franco da Rocha,Parque Paulista
São Paulo,SP,Franco da Rocha,Parque Santa Delfa
São Paulo,SP,Franco da Rocha,Parque Vitoria
São Paulo,SP,Franco da Rocha,Pouso Alegre
São Paulo,SP,Franco da Rocha,Sitio Borda da Mata
São Paulo,SP,Franco da Rocha,Sitio Maralena
São Paulo,SP,Franco da Rocha,Vila Alves
São Paulo,SP,Franco da Rocha,Vila Amalia
São Paulo,SP,Franco da Rocha,Vila Artur Sestini
São Paulo,SP,Franco da Rocha,Vila Bazu
São Paulo,SP,Franco da Rocha,Vila Bela
São Paulo,SP,Franco da Rocha,Vila Carmela de Tulio
São Paulo,SP,Franco da Rocha,Vila Eliza
São Paulo,SP,Franco da Rocha,Vila Francisco de Tulio
São Paulo,SP,Franco da Rocha,Vila Guarani
São Paulo,SP,Franco da Rocha,Vila Humbelina
São Paulo,SP,Franco da Rocha,Vila Ida
São Paulo,SP,Franco da Rocha,Vila Irma
São Paulo,SP,Franco da Rocha,Vila Josefina
São Paulo,SP,Franco da Rocha,Vila Lanfranki
São Paulo,SP,Franco da Rocha,Vila Lemar
São Paulo,SP,Franco da Rocha,Vila Machado
São Paulo,SP,Franco da Rocha,Vila Maggi
São Paulo,SP,Franco da Rocha,Vila Margarida
São Paulo,SP,Franco da Rocha,Vila Martinho
São Paulo,SP,Franco da Rocha,Vila Olinda
São Paulo,SP,Franco da Rocha,Vila Ramos
São Paulo,SP,Franco da Rocha,Vila Rodrigues
São Paulo,SP,Franco da Rocha,Vila Rosa
São Paulo,SP,Franco da Rocha,Vila Rosalina
São Paulo,SP,Franco da Rocha,Vila Rosemeire
São Paulo,SP,Franco da Rocha,Vila Santista
São Paulo,SP,Franco da Rocha,Vila Sao Benedito
São Paulo,SP,Franco da Rocha,Vila Vera Cruz
São Paulo,SP,Franco da Rocha,Vila Zanela
São Paulo,SP,Guaratingueta,Alberto Byngton
São Paulo,SP,Guaratingueta,Alto das Almas
São Paulo,SP,Guaratingueta,Altos de Sao Joao
São Paulo,SP,Guaratingueta,Bnh (pedregulho)
São Paulo,SP,Guaratingueta,Campinho
São Paulo,SP,Guaratingueta,Campo do Galvao
São Paulo,SP,Guaratingueta,Cecap (pedregulho)
São Paulo,SP,Guaratingueta,Centro
São Paulo,SP,Guaratingueta,Cohab (nova Guara)
São Paulo,SP,Guaratingueta,Eliana Maria
São Paulo,SP,Guaratingueta,Escola Especialista da Aeronautica
São Paulo,SP,Guaratingueta,Figueira
São Paulo,SP,Guaratingueta,Ilha dos Ingas
São Paulo,SP,Guaratingueta,Jardim Aeroporto
São Paulo,SP,Guaratingueta,Jardim Bela Vista
São Paulo,SP,Guaratingueta,Jardim Coelho Neto
São Paulo,SP,Guaratingueta,Jardim do Vale
São Paulo,SP,Guaratingueta,Jardim do Vale II
São Paulo,SP,Guaratingueta,Jardim Independencia
São Paulo,SP,Guaratingueta,Jardim Julieta
São Paulo,SP,Guaratingueta,Jardim Padroeira
São Paulo,SP,Guaratingueta,Jardim Panorama
São Paulo,SP,Guaratingueta,Jardim Panorama II
São Paulo,SP,Guaratingueta,Jardim Rony
São Paulo,SP,Guaratingueta,Loteamento Paula Santos
São Paulo,SP,Guaratingueta,Loteamento Residencial Augusto Felippo
São Paulo,SP,Guaratingueta,Matadouro
São Paulo,SP,Guaratingueta,Nova Guara
São Paulo,SP,Guaratingueta,Parque das Alamedas
São Paulo,SP,Guaratingueta,Parque das Arvores
São Paulo,SP,Guaratingueta,Parque do Sol
São Paulo,SP,Guaratingueta,Parque Residencial Beira Rio
São Paulo,SP,Guaratingueta,Parque Residencial Beira Rio II
São Paulo,SP,Guaratingueta,Parque Residencial Mirante
São Paulo,SP,Guaratingueta,Parque Sao Francisco
São Paulo,SP,Guaratingueta,Parque Sao Francisco II
São Paulo,SP,Guaratingueta,Pedregulho
São Paulo,SP,Guaratingueta,Pedreira
São Paulo,SP,Guaratingueta,Portal das Colinas
São Paulo,SP,Guaratingueta,Residencial das Acacias
São Paulo,SP,Guaratingueta,Residencial dos Manacas
São Paulo,SP,Guaratingueta,Residencial Olimpio
São Paulo,SP,Guaratingueta,Residencial Sao Dimas
São Paulo,SP,Guaratingueta,Santa Luzia
São Paulo,SP,Guaratingueta,Santa Rita
São Paulo,SP,Guaratingueta,Sao Benedito
São Paulo,SP,Guaratingueta,Sao Dimas
São Paulo,SP,Guaratingueta,Tamandare
São Paulo,SP,Guaratingueta,Vila Alves
São Paulo,SP,Guaratingueta,Vila Antunes
São Paulo,SP,Guaratingueta,Vila Comendador Rodrigues Alves
São Paulo,SP,Guaratingueta,Vila dos Funcionarios
São Paulo,SP,Guaratingueta,Vila dos Oficiais (escola Especialista da Aeronautica)
São Paulo,SP,Guaratingueta,Vila dos Sargentos (escola Especialista da Aeronautica)
São Paulo,SP,Guaratingueta,Vila Galvao
São Paulo,SP,Guaratingueta,Vila Guara
São Paulo,SP,Guaratingueta,Vila Nova Era
São Paulo,SP,Guaratingueta,Vila Page
São Paulo,SP,Guaratingueta,Vila Paraiba
São Paulo,SP,Guaratingueta,Vila Santa Maria
São Paulo,SP,Guaruja,Acapulco
São Paulo,SP,Guaruja,Balneario Cidade Atlantica
São Paulo,SP,Guaruja,Balneario Guaruja
São Paulo,SP,Guaruja,Balneario Mar Casado
São Paulo,SP,Guaruja,Balneario Praia do Pereque
São Paulo,SP,Guaruja,Balneario Praia do Pernambuco
São Paulo,SP,Guaruja,Barra Funda
São Paulo,SP,Guaruja,Cachoeira
São Paulo,SP,Guaruja,Centro
São Paulo,SP,Guaruja,Jardim Alvorada (vicente de Carvalho)
São Paulo,SP,Guaruja,Jardim Ana Maria
São Paulo,SP,Guaruja,Jardim Asturias
São Paulo,SP,Guaruja,Jardim Belmar
São Paulo,SP,Guaruja,Jardim Boa Esperanca (vicente de Carvalho)
São Paulo,SP,Guaruja,Jardim Centenario
São Paulo,SP,Guaruja,Jardim Conceicaozinha (vicente de Carvalho)
São Paulo,SP,Guaruja,Jardim Cunhambebe (vicente de Carvalho)
São Paulo,SP,Guaruja,Jardim das Conchas
São Paulo,SP,Guaruja,Jardim dos Passaros
São Paulo,SP,Guaruja,Jardim Enguaguassu (vicente de Carvalho)
São Paulo,SP,Guaruja,Jardim Enseada
São Paulo,SP,Guaruja,Jardim Esplanada do Castelo (vicente de Carvalho)
São Paulo,SP,Guaruja,Jardim Guaiuba
São Paulo,SP,Guaruja,Jardim Helena Maria
São Paulo,SP,Guaruja,Jardim Ideal
São Paulo,SP,Guaruja,Jardim Las Palmas
São Paulo,SP,Guaruja,Jardim Mar e Ceu
São Paulo,SP,Guaruja,Jardim Maravilha (vicente de Carvalho)
São Paulo,SP,Guaruja,Jardim Monteiro da Cruz (vicente de Carvalho)
São Paulo,SP,Guaruja,Jardim Nancy
São Paulo,SP,Guaruja,Jardim Praiano
São Paulo,SP,Guaruja,Jardim Primavera
São Paulo,SP,Guaruja,Jardim Progresso
São Paulo,SP,Guaruja,Jardim Santa Genoveva
São Paulo,SP,Guaruja,Jardim Santa Maria
São Paulo,SP,Guaruja,Jardim Santana (vicente de Carvalho)
São Paulo,SP,Guaruja,Jardim Santense (vicente de Carvalho)
São Paulo,SP,Guaruja,Jardim Santo Amaro
São Paulo,SP,Guaruja,Jardim Sao Jose
São Paulo,SP,Guaruja,Jardim Sao Manoel
São Paulo,SP,Guaruja,Jardim Sao Miguel
São Paulo,SP,Guaruja,Jardim Tejereba
São Paulo,SP,Guaruja,Jardim Tres Marias
São Paulo,SP,Guaruja,Jardim Virginia
São Paulo,SP,Guaruja,Jardim Vitoria
São Paulo,SP,Guaruja,Loteamento Joao Batista Juliao
São Paulo,SP,Guaruja,Morro do Maluf
São Paulo,SP,Guaruja,Parque Enseada
São Paulo,SP,Guaruja,Parque Estuario (vicente de Carvalho)
São Paulo,SP,Guaruja,Sitio Conceicaozinha (vicente de Carvalho)
São Paulo,SP,Guaruja,Sitio Paecara (vicente de Carvalho)
São Paulo,SP,Guaruja,Vila Alice (vicente de Carvalho)
São Paulo,SP,Guaruja,Vila Alzira
São Paulo,SP,Guaruja,Vila Aurea (vicente de Carvalho)
São Paulo,SP,Guaruja,Vila Carla
São Paulo,SP,Guaruja,Vila Julia
São Paulo,SP,Guaruja,Vila Ligya
São Paulo,SP,Guaruja,Vila Luis Antonio
São Paulo,SP,Guaruja,Vila Maia
São Paulo,SP,Guaruja,Vila Outeiro
São Paulo,SP,Guaruja,Vila Rosalina
São Paulo,SP,Guaruja,Vila Santa Clara
São Paulo,SP,Guaruja,Vila Santa Rosa
São Paulo,SP,Guaruja,Vila Santo Antonio
São Paulo,SP,Guarulhos,Bonsucesso (jardim Presidente Dutra)
São Paulo,SP,Guarulhos,Centro
São Paulo,SP,Guarulhos,Chacara Cabucu
São Paulo,SP,Guarulhos,Chacara do Vovo
São Paulo,SP,Guarulhos,Cidade Aracilia
São Paulo,SP,Guarulhos,Cidade Brasil (jardim Presidente Dutra)
São Paulo,SP,Guarulhos,Cidade Industrial Satelite de Sao Paulo
São Paulo,SP,Guarulhos,Cidade Jardim Cumbica (jardim Presidente Dutra)
São Paulo,SP,Guarulhos,Cidade Martins
São Paulo,SP,Guarulhos,Cidade Parque Alvorada (jardim Presidente Dutra)
São Paulo,SP,Guarulhos,Cidade Parque Brasilia (jardim Presidente Dutra)
São Paulo,SP,Guarulhos,Cidade Parque Sao Luiz
São Paulo,SP,Guarulhos,Cidade Serodio
São Paulo,SP,Guarulhos,Cidade Soberana
São Paulo,SP,Guarulhos,Cidade Soinco (jardim Presidente Dutra)
São Paulo,SP,Guarulhos,Cidade Tupinamba (jardim Presidente Dutra)
São Paulo,SP,Guarulhos,Conjunto Residencial Haroldo Veloso
São Paulo,SP,Guarulhos,Conjunto Residencial Paes de Barros
São Paulo,SP,Guarulhos,Cumbica (jardim Presidente Dutra)
São Paulo,SP,Guarulhos,Gopouva
São Paulo,SP,Guarulhos,Jardim Aida
São Paulo,SP,Guarulhos,Jardim Albertina
São Paulo,SP,Guarulhos,Jardim Alianca
São Paulo,SP,Guarulhos,Jardim Almeida Prado
São Paulo,SP,Guarulhos,Jardim Alvorada
São Paulo,SP,Guarulhos,Jardim America
São Paulo,SP,Guarulhos,Jardim Ana Maria
São Paulo,SP,Guarulhos,Jardim Angelica (jardim Presidente Dutra)
São Paulo,SP,Guarulhos,Jardim Anny
São Paulo,SP,Guarulhos,Jardim Ansalca (jardim Presidente Dutra)
São Paulo,SP,Guarulhos,Jardim Arapongas (jardim Presidente Dutra)
São Paulo,SP,Guarulhos,Jardim Artidoro
São Paulo,SP,Guarulhos,Jardim Aruja
São Paulo,SP,Guarulhos,Jardim Bandeirantes
São Paulo,SP,Guarulhos,Jardim Baruch
São Paulo,SP,Guarulhos,Jardim Bebedouro
São Paulo,SP,Guarulhos,Jardim Bela Vista
São Paulo,SP,Guarulhos,Jardim Belvedere
São Paulo,SP,Guarulhos,Jardim Betel
São Paulo,SP,Guarulhos,Jardim Bom Clima
São Paulo,SP,Guarulhos,Jardim Bonsucesso
São Paulo,SP,Guarulhos,Jardim Brasil (jardim Presidente Dutra)
São Paulo,SP,Guarulhos,Jardim Carvalho (jardim Presidente Dutra)
São Paulo,SP,Guarulhos,Jardim Celia
São Paulo,SP,Guarulhos,Jardim Centenario
São Paulo,SP,Guarulhos,Jardim Cocaia
São Paulo,SP,Guarulhos,Jardim Cristina
São Paulo,SP,Guarulhos,Jardim Cumbica (jardim Presidente Dutra)
São Paulo,SP,Guarulhos,Jardim da Mamae
São Paulo,SP,Guarulhos,Jardim das Hortencias
São Paulo,SP,Guarulhos,Jardim das Nacoes
São Paulo,SP,Guarulhos,Jardim das Pimentas (jardim Presidente Dutra)
São Paulo,SP,Guarulhos,Jardim Divinolandia
São Paulo,SP,Guarulhos,Jardim do Papai
São Paulo,SP,Guarulhos,Jardim dos Afonsos
São Paulo,SP,Guarulhos,Jardim Dourado
São Paulo,SP,Guarulhos,Jardim Eliana
São Paulo,SP,Guarulhos,Jardim Elizabeth (jardim Presidente Dutra)
São Paulo,SP,Guarulhos,Jardim Ema
São Paulo,SP,Guarulhos,Jardim Eugenia
São Paulo,SP,Guarulhos,Jardim Fatima (jardim Presidente Dutra)
São Paulo,SP,Guarulhos,Jardim Ferrao
São Paulo,SP,Guarulhos,Jardim Flor da Montanha
São Paulo,SP,Guarulhos,Jardim Frizzo
São Paulo,SP,Guarulhos,Jardim Goncalves
São Paulo,SP,Guarulhos,Jardim Gopouva
São Paulo,SP,Guarulhos,Jardim Guarulhos
São Paulo,SP,Guarulhos,Jardim Guilhermino (jardim Presidente Dutra)
São Paulo,SP,Guarulhos,Jardim Guimaraes
São Paulo,SP,Guarulhos,Jardim Gumercindo
São Paulo,SP,Guarulhos,Jardim Ipanema
São Paulo,SP,Guarulhos,Jardim Iporanga
São Paulo,SP,Guarulhos,Jardim Izildinha
São Paulo,SP,Guarulhos,Jardim Jacy
São Paulo,SP,Guarulhos,Jardim Jovaia
São Paulo,SP,Guarulhos,Jardim Kawamoto
São Paulo,SP,Guarulhos,Jardim Leblon (jardim Presidente Dutra)
São Paulo,SP,Guarulhos,Jardim Leda
São Paulo,SP,Guarulhos,Jardim Leila
São Paulo,SP,Guarulhos,Jardim Lenize
São Paulo,SP,Guarulhos,Jardim Luciara
São Paulo,SP,Guarulhos,Jardim Maia
São Paulo,SP,Guarulhos,Jardim Maria Dirce
São Paulo,SP,Guarulhos,Jardim Maria Helena
São Paulo,SP,Guarulhos,Jardim Marilena
São Paulo,SP,Guarulhos,Jardim Miriam
São Paulo,SP,Guarulhos,Jardim Monte Carmelo
São Paulo,SP,Guarulhos,Jardim Moreira
São Paulo,SP,Guarulhos,Jardim Munhoz
São Paulo,SP,Guarulhos,Jardim Nazaret
São Paulo,SP,Guarulhos,Jardim Normandia
São Paulo,SP,Guarulhos,Jardim Nova Guarulhos
São Paulo,SP,Guarulhos,Jardim Nova Taboao
São Paulo,SP,Guarulhos,Jardim Novo Portugal
São Paulo,SP,Guarulhos,Jardim Oliveira (jardim Presidente Dutra)
São Paulo,SP,Guarulhos,Jardim Ottawa (jardim Presidente Dutra)
São Paulo,SP,Guarulhos,Jardim Palmira
São Paulo,SP,Guarulhos,Jardim Paraiso
São Paulo,SP,Guarulhos,Jardim Paraventi
São Paulo,SP,Guarulhos,Jardim Paulista
São Paulo,SP,Guarulhos,Jardim Pinhal
São Paulo,SP,Guarulhos,Jardim Pinheiros
São Paulo,SP,Guarulhos,Jardim Presidente Dutra
São Paulo,SP,Guarulhos,Jardim Quarto Centenario (jardim Presidente Dutra)
São Paulo,SP,Guarulhos,Jardim Rizzo
São Paulo,SP,Guarulhos,Jardim Rosa de Franca
São Paulo,SP,Guarulhos,Jardim Rosana
São Paulo,SP,Guarulhos,Jardim Rossi
São Paulo,SP,Guarulhos,Jardim Santa Barbara
São Paulo,SP,Guarulhos,Jardim Santa Beatriz
São Paulo,SP,Guarulhos,Jardim Santa Cecilia
São Paulo,SP,Guarulhos,Jardim Santa Clara
São Paulo,SP,Guarulhos,Jardim Santa Emilia
São Paulo,SP,Guarulhos,Jardim Santa Francisca
São Paulo,SP,Guarulhos,Jardim Santa Ines
São Paulo,SP,Guarulhos,Jardim Santa Maria (jardim Presidente Dutra)
São Paulo,SP,Guarulhos,Jardim Santa Mena
São Paulo,SP,Guarulhos,Jardim Santa Rita
São Paulo,SP,Guarulhos,Jardim Santa Terezinha
São Paulo,SP,Guarulhos,Jardim Santa Vicencia
São Paulo,SP,Guarulhos,Jardim Santo Afonso (jardim Presidente Dutra)
São Paulo,SP,Guarulhos,Jardim Santo Expedito
São Paulo,SP,Guarulhos,Jardim Sao Domingos
São Paulo,SP,Guarulhos,Jardim Sao Francisco
São Paulo,SP,Guarulhos,Jardim Sao Gabriel
São Paulo,SP,Guarulhos,Jardim Sao Geraldo (jardim Presidente Dutra)
São Paulo,SP,Guarulhos,Jardim Sao Joao
São Paulo,SP,Guarulhos,Jardim Sao Jorge
São Paulo,SP,Guarulhos,Jardim Sao Jose
São Paulo,SP,Guarulhos,Jardim Sao Manoel
São Paulo,SP,Guarulhos,Jardim Sao Paulo
São Paulo,SP,Guarulhos,Jardim Sao Roberto
São Paulo,SP,Guarulhos,Jardim Silvestre (jardim Presidente Dutra)
São Paulo,SP,Guarulhos,Jardim Sueli
São Paulo,SP,Guarulhos,Jardim Sylvia
São Paulo,SP,Guarulhos,Jardim Tabatinga
São Paulo,SP,Guarulhos,Jardim Tamassia
São Paulo,SP,Guarulhos,Jardim Terezopolis
São Paulo,SP,Guarulhos,Jardim Testai
São Paulo,SP,Guarulhos,Jardim Tranquilidade
São Paulo,SP,Guarulhos,Jardim Vila Galvao
São Paulo,SP,Guarulhos,Jardim Zaira
São Paulo,SP,Guarulhos,Macedo
São Paulo,SP,Guarulhos,Parque das Nacoes (jardim Presidente Dutra)
São Paulo,SP,Guarulhos,Parque Goncalves Junior
São Paulo,SP,Guarulhos,Parque Jandaia
São Paulo,SP,Guarulhos,Parque Jurema (jardim Presidente Dutra)
São Paulo,SP,Guarulhos,Parque Maria Helena
São Paulo,SP,Guarulhos,Parque Renato Maia
São Paulo,SP,Guarulhos,Parque Santos Dumont
São Paulo,SP,Guarulhos,Parque Sao Miguel (jardim Presidente Dutra)
São Paulo,SP,Guarulhos,Parque Uirapuru (jardim Presidente Dutra)
São Paulo,SP,Guarulhos,Picanco
São Paulo,SP,Guarulhos,Ponte Grande (jardim Presidente Dutra)
São Paulo,SP,Guarulhos,Recreio Sao Jorge
São Paulo,SP,Guarulhos,Taboao
São Paulo,SP,Guarulhos,Teles
São Paulo,SP,Guarulhos,Varzea do Palacio
São Paulo,SP,Guarulhos,Vila Adelaide Perella
São Paulo,SP,Guarulhos,Vila Aeroporto
São Paulo,SP,Guarulhos,Vila Almeida
São Paulo,SP,Guarulhos,Vila Alzira
São Paulo,SP,Guarulhos,Vila Antonieta
São Paulo,SP,Guarulhos,Vila Augusta
São Paulo,SP,Guarulhos,Vila Barros
São Paulo,SP,Guarulhos,Vila Bernardino
São Paulo,SP,Guarulhos,Vila Bom Lar
São Paulo,SP,Guarulhos,Vila Bremen
São Paulo,SP,Guarulhos,Vila Capitao Rabelo
São Paulo,SP,Guarulhos,Vila Carioca
São Paulo,SP,Guarulhos,Vila Cavadas
São Paulo,SP,Guarulhos,Vila da Fabrica
São Paulo,SP,Guarulhos,Vila das Castanhas
São Paulo,SP,Guarulhos,Vila das Palmeiras
São Paulo,SP,Guarulhos,Vila Dinamarca
São Paulo,SP,Guarulhos,Vila Endres
São Paulo,SP,Guarulhos,Vila Fanganielo
São Paulo,SP,Guarulhos,Vila Fatima
São Paulo,SP,Guarulhos,Vila Flora
São Paulo,SP,Guarulhos,Vila Florida
São Paulo,SP,Guarulhos,Vila Francisco Mineiro
São Paulo,SP,Guarulhos,Vila Galvao
São Paulo,SP,Guarulhos,Vila Gopouva
São Paulo,SP,Guarulhos,Vila Harmonia
São Paulo,SP,Guarulhos,Vila Herminia
São Paulo,SP,Guarulhos,Vila Imaculada
São Paulo,SP,Guarulhos,Vila Itapoan
São Paulo,SP,Guarulhos,Vila Lanzara
São Paulo,SP,Guarulhos,Vila Maranduba
São Paulo,SP,Guarulhos,Vila Maricy
São Paulo,SP,Guarulhos,Vila Marilda
São Paulo,SP,Guarulhos,Vila Milton
São Paulo,SP,Guarulhos,Vila Monteiro Lobato
São Paulo,SP,Guarulhos,Vila Moreira
São Paulo,SP,Guarulhos,Vila Nisia
São Paulo,SP,Guarulhos,Vila Nossa Senhora de Fatima
São Paulo,SP,Guarulhos,Vila Nova Bonsucesso
São Paulo,SP,Guarulhos,Vila Nova Cumbica
São Paulo,SP,Guarulhos,Vila Otilia
São Paulo,SP,Guarulhos,Vila Paraiso
São Paulo,SP,Guarulhos,Vila Pascoal
São Paulo,SP,Guarulhos,Vila Pires (jardim Presidente Dutra)
São Paulo,SP,Guarulhos,Vila Progresso
São Paulo,SP,Guarulhos,Vila Rachid
São Paulo,SP,Guarulhos,Vila Renata
São Paulo,SP,Guarulhos,Vila Rio de Janeiro
São Paulo,SP,Guarulhos,Vila Ristori
São Paulo,SP,Guarulhos,Vila Rosalia
São Paulo,SP,Guarulhos,Vila Rute
São Paulo,SP,Guarulhos,Vila Saiago
São Paulo,SP,Guarulhos,Vila Santa Maria
São Paulo,SP,Guarulhos,Vila Santo Antonio
São Paulo,SP,Guarulhos,Vila Sao Gabriel
São Paulo,SP,Guarulhos,Vila Sao Joao
São Paulo,SP,Guarulhos,Vila Sao Joao Batista
São Paulo,SP,Guarulhos,Vila Sao Pedro
São Paulo,SP,Guarulhos,Vila Sao Rafael
São Paulo,SP,Guarulhos,Vila Sirena
São Paulo,SP,Guarulhos,Vila Sorocabana
São Paulo,SP,Guarulhos,Vila Tijuco
São Paulo,SP,Guarulhos,Vila Trabalhista
São Paulo,SP,Guarulhos,Vila Venditti
São Paulo,SP,Guarulhos,Vila Zamataro
São Paulo,SP,Hortolandia,Chacara Acari
São Paulo,SP,Hortolandia,Chacara Assay
São Paulo,SP,Hortolandia,Chacara Recreio Alvorada
São Paulo,SP,Hortolandia,Chacara Reymar
São Paulo,SP,Hortolandia,Chacaras do Coelho
São Paulo,SP,Hortolandia,Chacaras Havai
São Paulo,SP,Hortolandia,Chacaras Luzitana
São Paulo,SP,Hortolandia,Jardim Adelaide
São Paulo,SP,Hortolandia,Jardim Amanda I
São Paulo,SP,Hortolandia,Jardim Boa Vista
São Paulo,SP,Hortolandia,Jardim Carmen Cristina
São Paulo,SP,Hortolandia,Jardim das Colinas
São Paulo,SP,Hortolandia,Jardim das Laranjeiras
São Paulo,SP,Hortolandia,Jardim das Paineiras
São Paulo,SP,Hortolandia,Jardim do Bras
São Paulo,SP,Hortolandia,Jardim do Lago
São Paulo,SP,Hortolandia,Jardim Estela
São Paulo,SP,Hortolandia,Jardim Girassol
São Paulo,SP,Hortolandia,Jardim Joao Luiz
São Paulo,SP,Hortolandia,Jardim Lirio
São Paulo,SP,Hortolandia,Jardim Malta
São Paulo,SP,Hortolandia,Jardim Maria de Lourdes
São Paulo,SP,Hortolandia,Jardim Minda
São Paulo,SP,Hortolandia,Jardim Nossa Senhora Auxiliadora
São Paulo,SP,Hortolandia,Jardim Nossa Senhora da Penha
São Paulo,SP,Hortolandia,Jardim Nossa Senhora de Fatima
São Paulo,SP,Hortolandia,Jardim Nova Boa Vista
São Paulo,SP,Hortolandia,Jardim Nova Hortolandia
São Paulo,SP,Hortolandia,Jardim Novo Angulo
São Paulo,SP,Hortolandia,Jardim Orestes Hongaro
São Paulo,SP,Hortolandia,Jardim Ricardo
São Paulo,SP,Hortolandia,Jardim Rosolem
São Paulo,SP,Hortolandia,Jardim Santa Candida
São Paulo,SP,Hortolandia,Jardim Santa Clara do Lago I
São Paulo,SP,Hortolandia,Jardim Santa Clara do Lago II
São Paulo,SP,Hortolandia,Jardim Santa Emilia
São Paulo,SP,Hortolandia,Jardim Santa Esmeralda
São Paulo,SP,Hortolandia,Jardim Santa Fe
São Paulo,SP,Hortolandia,Jardim Santa Izabel
São Paulo,SP,Hortolandia,Jardim Santa Luzia
São Paulo,SP,Hortolandia,Jardim Santa Rita de Cassia
São Paulo,SP,Hortolandia,Jardim Santana
São Paulo,SP,Hortolandia,Jardim Santo Andre
São Paulo,SP,Hortolandia,Jardim Santo Antonio
São Paulo,SP,Hortolandia,Jardim Sao Bento
São Paulo,SP,Hortolandia,Jardim Sao Camilo
São Paulo,SP,Hortolandia,Jardim Sao Jorge
São Paulo,SP,Hortolandia,Jardim Sao Miguel
São Paulo,SP,Hortolandia,Jardim Sao Pedro
São Paulo,SP,Hortolandia,Jardim Sao Sebastiao
São Paulo,SP,Hortolandia,Jardim Sumarezinho
São Paulo,SP,Hortolandia,Jardim Viagem
São Paulo,SP,Hortolandia,Loteamento Adventista Camp
São Paulo,SP,Hortolandia,Parque do Horto
São Paulo,SP,Hortolandia,Parque dos Pinheiros
São Paulo,SP,Hortolandia,Parque Hortolandia
São Paulo,SP,Hortolandia,Parque Odimar
São Paulo,SP,Hortolandia,Recanto Campineiro
São Paulo,SP,Hortolandia,Vila Inena
São Paulo,SP,Hortolandia,Vila Real
São Paulo,SP,Hortolandia,Vila Real Santista
São Paulo,SP,Hortolandia,Vila Sao Francisco
São Paulo,SP,Hortolandia,Vila Sao Pedro
São Paulo,SP,Indaiatuba,Aldrovandia I
São Paulo,SP,Indaiatuba,Aldrovandia II
São Paulo,SP,Indaiatuba,Alto da Colina
São Paulo,SP,Indaiatuba,Altos da Bela Vista
São Paulo,SP,Indaiatuba,Centro
São Paulo,SP,Indaiatuba,Chacara Alvorada
São Paulo,SP,Indaiatuba,Chacara Areal
São Paulo,SP,Indaiatuba,Chacara Belvedere
São Paulo,SP,Indaiatuba,Chacara do Trevo
São Paulo,SP,Indaiatuba,Chacara Polaris
São Paulo,SP,Indaiatuba,Chacara Recreios Inga
São Paulo,SP,Indaiatuba,Chacara Viracopos
São Paulo,SP,Indaiatuba,Cidade Nova I
São Paulo,SP,Indaiatuba,Cidade Nova II
São Paulo,SP,Indaiatuba,Helvetia Country
São Paulo,SP,Indaiatuba,Helvetia Polo Country
São Paulo,SP,Indaiatuba,Itaici
São Paulo,SP,Indaiatuba,Jardim America
São Paulo,SP,Indaiatuba,Jardim Aquarius
São Paulo,SP,Indaiatuba,Jardim Avai
São Paulo,SP,Indaiatuba,Jardim Brasil
São Paulo,SP,Indaiatuba,Jardim California
São Paulo,SP,Indaiatuba,Jardim Cristia
São Paulo,SP,Indaiatuba,Jardim das Esmeraldas
São Paulo,SP,Indaiatuba,Jardim do Sol
São Paulo,SP,Indaiatuba,Jardim Dom Bosco
São Paulo,SP,Indaiatuba,Jardim dos Amarais
São Paulo,SP,Indaiatuba,Jardim Eldorado
São Paulo,SP,Indaiatuba,Jardim Feres
São Paulo,SP,Indaiatuba,Jardim Florida
São Paulo,SP,Indaiatuba,Jardim Guanabara
São Paulo,SP,Indaiatuba,Jardim Imperial
São Paulo,SP,Indaiatuba,Jardim Itamaraca
São Paulo,SP,Indaiatuba,Jardim Juliana
São Paulo,SP,Indaiatuba,Jardim Maria Luiza
São Paulo,SP,Indaiatuba,Jardim Marina
São Paulo,SP,Indaiatuba,Jardim Moacyr Arruda
São Paulo,SP,Indaiatuba,Jardim Morumbi
São Paulo,SP,Indaiatuba,Jardim Nely
São Paulo,SP,Indaiatuba,Jardim Nova Indaia
São Paulo,SP,Indaiatuba,Jardim Olinda
São Paulo,SP,Indaiatuba,Jardim Oliveira Camargo
São Paulo,SP,Indaiatuba,Jardim Panorama
São Paulo,SP,Indaiatuba,Jardim Paraiso
São Paulo,SP,Indaiatuba,Jardim Pau Preto
São Paulo,SP,Indaiatuba,Jardim Pedroso
São Paulo,SP,Indaiatuba,Jardim Pompeia
São Paulo,SP,Indaiatuba,Jardim Primavera
São Paulo,SP,Indaiatuba,Jardim Remulo Zoppi
São Paulo,SP,Indaiatuba,Jardim Renata
São Paulo,SP,Indaiatuba,Jardim Rossignatti
São Paulo,SP,Indaiatuba,Jardim Santa Rita
São Paulo,SP,Indaiatuba,Jardim Santiago
São Paulo,SP,Indaiatuba,Jardim Sao Carlos
São Paulo,SP,Indaiatuba,Jardim Sao Luiz
São Paulo,SP,Indaiatuba,Jardim Sao Nicolau
São Paulo,SP,Indaiatuba,Jardim Sao Paulo
São Paulo,SP,Indaiatuba,Jardim Tropical
São Paulo,SP,Indaiatuba,Morro Torto
São Paulo,SP,Indaiatuba,Nucleo Habitacional Brigadeiro Faria Lima
São Paulo,SP,Indaiatuba,Nucleo Residencial Professor Doutor Carlos Aldrovandi
São Paulo,SP,Indaiatuba,Parque Aristocratico de Viracopos
São Paulo,SP,Indaiatuba,Parque Boa Esperanca
São Paulo,SP,Indaiatuba,Parque das Bandeiras I
São Paulo,SP,Indaiatuba,Parque Nacional de Viracopos
São Paulo,SP,Indaiatuba,Parque Presidente
São Paulo,SP,Indaiatuba,Parque Residencial Indaia
São Paulo,SP,Indaiatuba,Parque Sao Lourenco
São Paulo,SP,Indaiatuba,Parque Sao Tomaz de Aquino
São Paulo,SP,Indaiatuba,Recanto Campestre Viracopos I
São Paulo,SP,Indaiatuba,Recanto Campestre Viracopos II
São Paulo,SP,Indaiatuba,Recanto Campestre Viracopos III
São Paulo,SP,Indaiatuba,Recreio Campestre Internacional Viracopos I
São Paulo,SP,Indaiatuba,Recreio Campestre Internacional Viracopos II
São Paulo,SP,Indaiatuba,Recreio Campestre Internacional Viracopos III
São Paulo,SP,Indaiatuba,Recreio Campestre Internacional Viracopos IV
São Paulo,SP,Indaiatuba,Recreio Campestre Internacional Viracopos IX
São Paulo,SP,Indaiatuba,Recreio Campestre Internacional Viracopos V
São Paulo,SP,Indaiatuba,Recreio Campestre Internacional Viracopos VI
São Paulo,SP,Indaiatuba,Recreio Campestre Internacional Viracopos VIII
São Paulo,SP,Indaiatuba,Recreio Campestre Internacional X
São Paulo,SP,Indaiatuba,Santa Cruz
São Paulo,SP,Indaiatuba,Sitios de Recreio Colina
São Paulo,SP,Indaiatuba,Solar de Itamaraca
São Paulo,SP,Indaiatuba,Vale das Laranjeiras
São Paulo,SP,Indaiatuba,Vale do Sol
São Paulo,SP,Indaiatuba,Vila Almeida
São Paulo,SP,Indaiatuba,Vila Areal
São Paulo,SP,Indaiatuba,Vila Aurora
São Paulo,SP,Indaiatuba,Vila Avai
São Paulo,SP,Indaiatuba,Vila Bergamo
São Paulo,SP,Indaiatuba,Vila Brizzola
São Paulo,SP,Indaiatuba,Vila Castelo Branco
São Paulo,SP,Indaiatuba,Vila Costa e Silva
São Paulo,SP,Indaiatuba,Vila Furlan
São Paulo,SP,Indaiatuba,Vila Georgina I
São Paulo,SP,Indaiatuba,Vila Georgina II
São Paulo,SP,Indaiatuba,Vila Granada
São Paulo,SP,Indaiatuba,Vila Homero
São Paulo,SP,Indaiatuba,Vila Lopes
São Paulo,SP,Indaiatuba,Vila Maria
São Paulo,SP,Indaiatuba,Vila Maria Helena
São Paulo,SP,Indaiatuba,Vila Nossa Senhora Aparecida
São Paulo,SP,Indaiatuba,Vila Nossa Senhora da Candelaria
São Paulo,SP,Indaiatuba,Vila Rubens
São Paulo,SP,Indaiatuba,Vila Ruz Peres
São Paulo,SP,Indaiatuba,Vila Sao Jose
São Paulo,SP,Indaiatuba,Vila Sfeir
São Paulo,SP,Indaiatuba,Vila Soriano
São Paulo,SP,Indaiatuba,Vila Suica
São Paulo,SP,Indaiatuba,Vila Teller II
São Paulo,SP,Indaiatuba,Vila Todos Os Santos
São Paulo,SP,Indaiatuba,Vila Vitoria I
São Paulo,SP,Indaiatuba,Vila Vitoria II
São Paulo,SP,Itapecerica da Serra,Aldeinha
São Paulo,SP,Itapecerica da Serra,Centro
São Paulo,SP,Itapecerica da Serra,Chacara Alpes
São Paulo,SP,Itapecerica da Serra,Chacara Cinco Enes
São Paulo,SP,Itapecerica da Serra,Chacara da Lagoa
São Paulo,SP,Itapecerica da Serra,Chacara das Palmeiras
São Paulo,SP,Itapecerica da Serra,Chacara Fischer
São Paulo,SP,Itapecerica da Serra,Chacara Guarapiranga
São Paulo,SP,Itapecerica da Serra,Chacara Hitoshi
São Paulo,SP,Itapecerica da Serra,Chacara Italago
São Paulo,SP,Itapecerica da Serra,Chacara Santa Maria
São Paulo,SP,Itapecerica da Serra,Chacara Sao Jorge
São Paulo,SP,Itapecerica da Serra,Chacara Val de Palmas
São Paulo,SP,Itapecerica da Serra,Chacara Vista Alegre
São Paulo,SP,Itapecerica da Serra,Cidade Santa Julia
São Paulo,SP,Itapecerica da Serra,Cidade Sao Pedro
São Paulo,SP,Itapecerica da Serra,Crispim
São Paulo,SP,Itapecerica da Serra,Embu Mirim
São Paulo,SP,Itapecerica da Serra,Engenho
São Paulo,SP,Itapecerica da Serra,Itaquaxiara
São Paulo,SP,Itapecerica da Serra,Jardim Branca Flor
São Paulo,SP,Itapecerica da Serra,Jardim Cinira
São Paulo,SP,Itapecerica da Serra,Jardim das Esmeraldas
São Paulo,SP,Itapecerica da Serra,Jardim das Oliveiras
São Paulo,SP,Itapecerica da Serra,Jardim das Palmeiras
São Paulo,SP,Itapecerica da Serra,Jardim Diniz
São Paulo,SP,Itapecerica da Serra,Jardim do Carmo
São Paulo,SP,Itapecerica da Serra,Jardim do Eden
São Paulo,SP,Itapecerica da Serra,Jardim Elisa
São Paulo,SP,Itapecerica da Serra,Jardim Europa
São Paulo,SP,Itapecerica da Serra,Jardim Idemori
São Paulo,SP,Itapecerica da Serra,Jardim Imperatriz
São Paulo,SP,Itapecerica da Serra,Jardim Itapecerica
São Paulo,SP,Itapecerica da Serra,Jardim Jacira
São Paulo,SP,Itapecerica da Serra,Jardim Maria Cristina
São Paulo,SP,Itapecerica da Serra,Jardim Marilu
São Paulo,SP,Itapecerica da Serra,Jardim Montesano
São Paulo,SP,Itapecerica da Serra,Jardim Nisalves
São Paulo,SP,Itapecerica da Serra,Jardim Paraiso
São Paulo,SP,Itapecerica da Serra,Jardim Petropolis
São Paulo,SP,Itapecerica da Serra,Jardim Renata
São Paulo,SP,Itapecerica da Serra,Jardim Sampaio
São Paulo,SP,Itapecerica da Serra,Jardim Santa Isabel
São Paulo,SP,Itapecerica da Serra,Jardim Santa Julia
São Paulo,SP,Itapecerica da Serra,Jardim Sao Jorge
São Paulo,SP,Itapecerica da Serra,Jardim Sao Marcos
São Paulo,SP,Itapecerica da Serra,Jardim Sao Pedro
São Paulo,SP,Itapecerica da Serra,Jardim Sonia Maria
São Paulo,SP,Itapecerica da Serra,Jardim Valo Velho
São Paulo,SP,Itapecerica da Serra,Jardim Virginia
São Paulo,SP,Itapecerica da Serra,Jd Tereza Maria
São Paulo,SP,Itapecerica da Serra,Lagoa
São Paulo,SP,Itapecerica da Serra,Lagoa da Prata
São Paulo,SP,Itapecerica da Serra,Mombaca
São Paulo,SP,Itapecerica da Serra,Olaria
São Paulo,SP,Itapecerica da Serra,Palmeiras
São Paulo,SP,Itapecerica da Serra,Parque Delfim Verde
São Paulo,SP,Itapecerica da Serra,Parque Jandaia
São Paulo,SP,Itapecerica da Serra,Parque Paraiso
São Paulo,SP,Itapecerica da Serra,Parque Santa Amelia
São Paulo,SP,Itapecerica da Serra,Parque Sao Francisco
São Paulo,SP,Itapecerica da Serra,Parque Sao Lourenco
São Paulo,SP,Itapecerica da Serra,Parque Yara Cecy
São Paulo,SP,Itapecerica da Serra,Potuvera
São Paulo,SP,Itapecerica da Serra,Recanto da Floresta
São Paulo,SP,Itapecerica da Serra,Recanto da Serra
São Paulo,SP,Itapecerica da Serra,Recanto dos Colibris
São Paulo,SP,Itapecerica da Serra,Recreio Campestre
São Paulo,SP,Itapecerica da Serra,Recreio Primavera
São Paulo,SP,Itapecerica da Serra,Ressaca
São Paulo,SP,Itapecerica da Serra,Royal Park
São Paulo,SP,Itapecerica da Serra,Valo Velho
São Paulo,SP,Itapecerica da Serra,Vila Geni
São Paulo,SP,Itapecerica da Serra,Vila Joao Montesano
São Paulo,SP,Itapecerica da Serra,Vila Santa Maria
São Paulo,SP,Itapetininga,Central Parque 4-l
São Paulo,SP,Itapetininga,Centro
São Paulo,SP,Itapetininga,Chacaras Alvorada
São Paulo,SP,Itapetininga,Estancia Conceicao
São Paulo,SP,Itapetininga,Jardim Alvorada
São Paulo,SP,Itapetininga,Jardim Bela Vista
São Paulo,SP,Itapetininga,Jardim Colombo
São Paulo,SP,Itapetininga,Jardim das Rosas
São Paulo,SP,Itapetininga,Jardim Fogaca
São Paulo,SP,Itapetininga,Jardim Italia
São Paulo,SP,Itapetininga,Jardim Leonel
São Paulo,SP,Itapetininga,Jardim Maraba
São Paulo,SP,Itapetininga,Jardim Mesquita
São Paulo,SP,Itapetininga,Jardim Monte Santo
São Paulo,SP,Itapetininga,Jardim Novo Aeroporto
São Paulo,SP,Itapetininga,Jardim Shangrila
São Paulo,SP,Itapetininga,Jardim Vieira de Moraes
São Paulo,SP,Itapetininga,Parque Atenas do Sul
São Paulo,SP,Itapetininga,Parque da Lagoa
São Paulo,SP,Itapetininga,Portal da Figueira
São Paulo,SP,Itapetininga,Retiro Santana
São Paulo,SP,Itapetininga,Vale San Fernando
São Paulo,SP,Itapetininga,Vila Alianca
São Paulo,SP,Itapetininga,Vila Alves
São Paulo,SP,Itapetininga,Vila Aparecida
São Paulo,SP,Itapetininga,Vila Asem
São Paulo,SP,Itapetininga,Vila Aurora
São Paulo,SP,Itapetininga,Vila Barth
São Paulo,SP,Itapetininga,Vila Camarao
São Paulo,SP,Itapetininga,Vila Carolina
São Paulo,SP,Itapetininga,Vila Cubatao
São Paulo,SP,Itapetininga,Vila Deyse
São Paulo,SP,Itapetininga,Vila dos Bandeirantes
São Paulo,SP,Itapetininga,Vila Eldorado
São Paulo,SP,Itapetininga,Vila Esplanada
São Paulo,SP,Itapetininga,Vila Francisca
São Paulo,SP,Itapetininga,Vila Garrido
São Paulo,SP,Itapetininga,Vila Ginez
São Paulo,SP,Itapetininga,Vila Godoi
São Paulo,SP,Itapetininga,Vila Grace
São Paulo,SP,Itapetininga,Vila Harmonia
São Paulo,SP,Itapetininga,Vila Hungria
São Paulo,SP,Itapetininga,Vila Itapetininga
São Paulo,SP,Itapetininga,Vila Judite
São Paulo,SP,Itapetininga,Vila Kalil Halak
São Paulo,SP,Itapetininga,Vila La-brunetti
São Paulo,SP,Itapetininga,Vila Larizati
São Paulo,SP,Itapetininga,Vila Leonor
São Paulo,SP,Itapetininga,Vila Macia
São Paulo,SP,Itapetininga,Vila Maciel
São Paulo,SP,Itapetininga,Vila Maria
São Paulo,SP,Itapetininga,Vila Mazarino
São Paulo,SP,Itapetininga,Vila Mazzei
São Paulo,SP,Itapetininga,Vila Monteiro
São Paulo,SP,Itapetininga,Vila Nastri
São Paulo,SP,Itapetininga,Vila Nova
São Paulo,SP,Itapetininga,Vila Nova Itapetininga
São Paulo,SP,Itapetininga,Vila Novo Horizonte
São Paulo,SP,Itapetininga,Vila Oliveira
São Paulo,SP,Itapetininga,Vila Piedade
São Paulo,SP,Itapetininga,Vila Popular
São Paulo,SP,Itapetininga,Vila Prado
São Paulo,SP,Itapetininga,Vila Prestes
São Paulo,SP,Itapetininga,Vila Regina
São Paulo,SP,Itapetininga,Vila Reis
São Paulo,SP,Itapetininga,Vila Rica
São Paulo,SP,Itapetininga,Vila Rio Branco
São Paulo,SP,Itapetininga,Vila Rocha
São Paulo,SP,Itapetininga,Vila Rosa
São Paulo,SP,Itapetininga,Vila Rubens
São Paulo,SP,Itapetininga,Vila Salem
São Paulo,SP,Itapetininga,Vila Santa Isabel
São Paulo,SP,Itapetininga,Vila Santana
São Paulo,SP,Itapetininga,Vila Sao Goncalo
São Paulo,SP,Itapetininga,Vila Sao Jose
São Paulo,SP,Itapetininga,Vila Sao Pedro
São Paulo,SP,Itapetininga,Vila Serafim
São Paulo,SP,Itapetininga,Vila Sonia
São Paulo,SP,Itapetininga,Vila Vendramini
São Paulo,SP,Itapeva,Cecap Conjunto Habitacional Paulo VI
São Paulo,SP,Itapeva,Central Park
São Paulo,SP,Itapeva,Centro
São Paulo,SP,Itapeva,Colina dos Pinheiros
São Paulo,SP,Itapeva,Conjunto Habitacional Tancredo Neves
São Paulo,SP,Itapeva,Distrito Industrial
São Paulo,SP,Itapeva,Horto do Ipe
São Paulo,SP,Itapeva,Jardim Alvorada
São Paulo,SP,Itapeva,Jardim America I
São Paulo,SP,Itapeva,Jardim America II
São Paulo,SP,Itapeva,Jardim Beija Flor
São Paulo,SP,Itapeva,Jardim Bela Vista
São Paulo,SP,Itapeva,Jardim Belvedere
São Paulo,SP,Itapeva,Jardim California
São Paulo,SP,Itapeva,Jardim Dona Miriam
São Paulo,SP,Itapeva,Jardim Doutor Pinheiros
São Paulo,SP,Itapeva,Jardim Europa
São Paulo,SP,Itapeva,Jardim Ferrari
São Paulo,SP,Itapeva,Jardim Grajau
São Paulo,SP,Itapeva,Jardim Guanabara
São Paulo,SP,Itapeva,Jardim Imperador
São Paulo,SP,Itapeva,Jardim Maringa
São Paulo,SP,Itapeva,Jardim Maringa III
São Paulo,SP,Itapeva,Jardim Maringa IV
São Paulo,SP,Itapeva,Jardim Nova Itapeva
São Paulo,SP,Itapeva,Jardim Paulista
São Paulo,SP,Itapeva,Jardim Pilar
São Paulo,SP,Itapeva,Jardim Por do Sol
São Paulo,SP,Itapeva,Jardim Santa Rosa
São Paulo,SP,Itapeva,Jardim Sao Camilo
São Paulo,SP,Itapeva,Jardim Sao Francisco
São Paulo,SP,Itapeva,Jardim Virginia
São Paulo,SP,Itapeva,Loteamento Longa Vida
São Paulo,SP,Itapeva,Parque Cimentolandia
São Paulo,SP,Itapeva,Parque Paineiras
São Paulo,SP,Itapeva,Parque Planalto
São Paulo,SP,Itapeva,Parque Residencial Itapeva
São Paulo,SP,Itapeva,Parque Sao Jorge
São Paulo,SP,Itapeva,Parque Vista Alegre
São Paulo,SP,Itapeva,Recanto Pilao D'agua
São Paulo,SP,Itapeva,Vila Aparecida
São Paulo,SP,Itapeva,Vila Boava
São Paulo,SP,Itapeva,Vila Bom Jesus
São Paulo,SP,Itapeva,Vila Camargo
São Paulo,SP,Itapeva,Vila Dom Bosco
São Paulo,SP,Itapeva,Vila Guarani
São Paulo,SP,Itapeva,Vila Isabel
São Paulo,SP,Itapeva,Vila Maringa
São Paulo,SP,Itapeva,Vila Nossa Senhora de Fatima
São Paulo,SP,Itapeva,Vila Nova
São Paulo,SP,Itapeva,Vila Ophelia
São Paulo,SP,Itapeva,Vila Ribas
São Paulo,SP,Itapeva,Vila Santana
São Paulo,SP,Itapeva,Vila Sao Benedito
São Paulo,SP,Itapeva,Vila Sao Jose
São Paulo,SP,Itapeva,Vila Sao Miguel
São Paulo,SP,Itapeva,Vila Sonia
São Paulo,SP,Itapeva,Vila Taquari
São Paulo,SP,Itapeva,Vista Alegre II
São Paulo,SP,Itapevi,Amador Bueno
São Paulo,SP,Itapevi,Ambuita
São Paulo,SP,Itapevi,Centro
São Paulo,SP,Itapevi,Chacara Santa Cecilia
São Paulo,SP,Itapevi,Chacara Vitapolis
São Paulo,SP,Itapevi,Cidade da Saude
São Paulo,SP,Itapevi,Cohab - Setor A
São Paulo,SP,Itapevi,Cohab - Setor B
São Paulo,SP,Itapevi,Cohab - Setor D
São Paulo,SP,Itapevi,Condominio Nova Sao Paulo
São Paulo,SP,Itapevi,dos Abreus
São Paulo,SP,Itapevi,Ingahi
São Paulo,SP,Itapevi,Itapevi
São Paulo,SP,Itapevi,Itaqui
São Paulo,SP,Itapevi,Jardim Bela Vista
São Paulo,SP,Itapevi,Jardim Briquet
São Paulo,SP,Itapevi,Jardim Cruzeiro
São Paulo,SP,Itapevi,Jardim da Rainha
São Paulo,SP,Itapevi,Jardim Dona Elvira
São Paulo,SP,Itapevi,Jardim Gioia
São Paulo,SP,Itapevi,Jardim Itacolomi
São Paulo,SP,Itapevi,Jardim Itapevi
São Paulo,SP,Itapevi,Jardim Itapoa
São Paulo,SP,Itapevi,Jardim Julieta
São Paulo,SP,Itapevi,Jardim Maria Judite
São Paulo,SP,Itapevi,Jardim Maristela
São Paulo,SP,Itapevi,Jardim Nova Itapevi
São Paulo,SP,Itapevi,Jardim Paulista
São Paulo,SP,Itapevi,Jardim Portela
São Paulo,SP,Itapevi,Jardim Rosemary
São Paulo,SP,Itapevi,Jardim Ruth
São Paulo,SP,Itapevi,Jardim Santa Rita
São Paulo,SP,Itapevi,Jardim Santo Americo
São Paulo,SP,Itapevi,Jardim Santo Antonio
São Paulo,SP,Itapevi,Jardim Sao Carlos
São Paulo,SP,Itapevi,Jardim Sao Luiz
São Paulo,SP,Itapevi,Jardim Sao Paulo
São Paulo,SP,Itapevi,Jardim Vitapolis
São Paulo,SP,Itapevi,Morada das Nuvens
São Paulo,SP,Itapevi,Parque Boa Esperanca
São Paulo,SP,Itapevi,Parque Ciras
São Paulo,SP,Itapevi,Parque Itamarati
São Paulo,SP,Itapevi,Parque Mira Flores
São Paulo,SP,Itapevi,Parque Santo Antonio
São Paulo,SP,Itapevi,Parque Suburbano
São Paulo,SP,Itapevi,Residencial Parque Itamarati
São Paulo,SP,Itapevi,Vila Aparecida
São Paulo,SP,Itapevi,Vila Aurea
São Paulo,SP,Itapevi,Vila Aurora
São Paulo,SP,Itapevi,Vila Dona Paulina
São Paulo,SP,Itapevi,Vila Doutor Cardoso
São Paulo,SP,Itapevi,Vila Olimpia
São Paulo,SP,Itapevi,Vila Olinda
São Paulo,SP,Itapevi,Vila Recanto Paulistano
São Paulo,SP,Itapevi,Vila Santa Flora
São Paulo,SP,Itapevi,Vila Santa Rita
São Paulo,SP,Itapevi,Vila Santo Antonio da Boa Vista
São Paulo,SP,Itapevi,Vila Sao Francisco
São Paulo,SP,Itapevi,Vila Sao Francisco (glebas 1 A 3)
São Paulo,SP,Itapevi,Vila Sao Joao
São Paulo,SP,Itapira,Boa Vista
São Paulo,SP,Itapira,Centro
São Paulo,SP,Itapira,Chacara Freitas
São Paulo,SP,Itapira,Chacara Santa Fe
São Paulo,SP,Itapira,Conjunto Habitacional Doutor Achiles Galdi
São Paulo,SP,Itapira,Conjunto Habitacional Doutor Jose Secchi
São Paulo,SP,Itapira,Conjunto Habitacional General Euclides Figueiredo
São Paulo,SP,Itapira,Conjunto Habitacional Juscelino Kubitschek de Oliveira
São Paulo,SP,Itapira,Cubatao
São Paulo,SP,Itapira,Jardim Bela Vista
São Paulo,SP,Itapira,Jardim Bonfim
São Paulo,SP,Itapira,Jardim Camboriu
São Paulo,SP,Itapira,Jardim Esplanada
São Paulo,SP,Itapira,Jardim Guaruja
São Paulo,SP,Itapira,Jardim Isaura
São Paulo,SP,Itapira,Jardim Itapema
São Paulo,SP,Itapira,Jardim Itapua
São Paulo,SP,Itapira,Jardim Ivete
São Paulo,SP,Itapira,Jardim Lindoia
São Paulo,SP,Itapira,Jardim Macucos
São Paulo,SP,Itapira,Jardim Magali
São Paulo,SP,Itapira,Jardim Nossa Senhora Aparecida
São Paulo,SP,Itapira,Jardim Paraiso
São Paulo,SP,Itapira,Jardim Raquel
São Paulo,SP,Itapira,Jardim Soares
São Paulo,SP,Itapira,Jardim Tropical
São Paulo,SP,Itapira,Jardim Yara
São Paulo,SP,Itapira,Loteamento Conjunto Habitacional Antonio Assad Alcici
São Paulo,SP,Itapira,Loteamento Della Rocha
São Paulo,SP,Itapira,Loteamento Elizeu do Espirito Santo
São Paulo,SP,Itapira,Loteamento Habitacional Aldi
São Paulo,SP,Itapira,Loteamento Joao de Barros
São Paulo,SP,Itapira,Loteamento Nacoes Unidas
São Paulo,SP,Itapira,Macumbe
São Paulo,SP,Itapira,Nova Itapira
São Paulo,SP,Itapira,Parque Felicidade
São Paulo,SP,Itapira,Parque Fortaleza
São Paulo,SP,Itapira,Parque Sao Francisco
São Paulo,SP,Itapira,Parque Sao Jorge
São Paulo,SP,Itapira,Parque Sao Lucas
São Paulo,SP,Itapira,Pires
São Paulo,SP,Itapira,Prado
São Paulo,SP,Itapira,Recanto Santa Fe
São Paulo,SP,Itapira,Salgados
São Paulo,SP,Itapira,Santa Cruz
São Paulo,SP,Itapira,Santa Fe
São Paulo,SP,Itapira,Santo Antonio
São Paulo,SP,Itapira,Sao Benedito
São Paulo,SP,Itapira,Sao Vicente
São Paulo,SP,Itapira,Vila Bazani
São Paulo,SP,Itapira,Vila Esperanca
São Paulo,SP,Itapira,Vila Ilze
São Paulo,SP,Itapira,Vila Maria
São Paulo,SP,Itapira,Vila Penha do Rio do Peixe
São Paulo,SP,Itapira,Vila Pereira
São Paulo,SP,Itapira,Vila Santa Marta
São Paulo,SP,Itapira,Vila Vieira
São Paulo,SP,Itapira,Vivendas Itamaraca
São Paulo,SP,Itaquaquecetuba,Aruja Country Club
São Paulo,SP,Itaquaquecetuba,Centro
São Paulo,SP,Itaquaquecetuba,Chacara Coqueiro
São Paulo,SP,Itaquaquecetuba,Chacara Cuiaba
São Paulo,SP,Itaquaquecetuba,Chacara Dona Escolastica
São Paulo,SP,Itaquaquecetuba,Chacara Maracana
São Paulo,SP,Itaquaquecetuba,Cidade Kemel
São Paulo,SP,Itaquaquecetuba,Condominio Arujazinho III Parte
São Paulo,SP,Itaquaquecetuba,Condominio Arujazinho IV Parte
São Paulo,SP,Itaquaquecetuba,Condominio Vilage
São Paulo,SP,Itaquaquecetuba,Corredor
São Paulo,SP,Itaquaquecetuba,Estacao
São Paulo,SP,Itaquaquecetuba,Jardim Adriana
São Paulo,SP,Itaquaquecetuba,Jardim Algarve
São Paulo,SP,Itaquaquecetuba,Jardim Amanda Caiubi
São Paulo,SP,Itaquaquecetuba,Jardim Amaral
São Paulo,SP,Itaquaquecetuba,Jardim America
São Paulo,SP,Itaquaquecetuba,Jardim Anita
São Paulo,SP,Itaquaquecetuba,Jardim Aracare
São Paulo,SP,Itaquaquecetuba,Jardim Coqueiro
São Paulo,SP,Itaquaquecetuba,Jardim Cristiano
São Paulo,SP,Itaquaquecetuba,Jardim da Estacao
São Paulo,SP,Itaquaquecetuba,Jardim da Fonte
São Paulo,SP,Itaquaquecetuba,Jardim do Carmo
São Paulo,SP,Itaquaquecetuba,Jardim Europa
São Paulo,SP,Itaquaquecetuba,Jardim Fiorelo
São Paulo,SP,Itaquaquecetuba,Jardim Goncalves
São Paulo,SP,Itaquaquecetuba,Jardim Ipe
São Paulo,SP,Itaquaquecetuba,Jardim Itapua
São Paulo,SP,Itaquaquecetuba,Jardim Itaqua
São Paulo,SP,Itaquaquecetuba,Jardim Joandra
São Paulo,SP,Itaquaquecetuba,Jardim Karine
São Paulo,SP,Itaquaquecetuba,Jardim Luana
São Paulo,SP,Itaquaquecetuba,Jardim Luciana
São Paulo,SP,Itaquaquecetuba,Jardim Maragogipe
São Paulo,SP,Itaquaquecetuba,Jardim Maria Eliza
São Paulo,SP,Itaquaquecetuba,Jardim Mirai
São Paulo,SP,Itaquaquecetuba,Jardim Monica
São Paulo,SP,Itaquaquecetuba,Jardim Nascente
São Paulo,SP,Itaquaquecetuba,Jardim Nossa Senhora D'ajuda
São Paulo,SP,Itaquaquecetuba,Jardim Paineira
São Paulo,SP,Itaquaquecetuba,Jardim Patricia
São Paulo,SP,Itaquaquecetuba,Jardim Primavera
São Paulo,SP,Itaquaquecetuba,Jardim Santa Helena
São Paulo,SP,Itaquaquecetuba,Jardim Santo Antonio
São Paulo,SP,Itaquaquecetuba,Jardim Sao Armando
São Paulo,SP,Itaquaquecetuba,Jardim Sao Jeronimo
São Paulo,SP,Itaquaquecetuba,Jardim Sao Manoel
São Paulo,SP,Itaquaquecetuba,Jardim Silvestre
São Paulo,SP,Itaquaquecetuba,Jardim Tropical
São Paulo,SP,Itaquaquecetuba,Jardim Valparaiso
São Paulo,SP,Itaquaquecetuba,Jardim Viana
São Paulo,SP,Itaquaquecetuba,Jardim Zelia
São Paulo,SP,Itaquaquecetuba,Morro Branco
São Paulo,SP,Itaquaquecetuba,O Pequeno Coracao
São Paulo,SP,Itaquaquecetuba,Parque Piratininga
São Paulo,SP,Itaquaquecetuba,Parque Sao Pedro
São Paulo,SP,Itaquaquecetuba,Parque Viviane
São Paulo,SP,Itaquaquecetuba,Pedreira
São Paulo,SP,Itaquaquecetuba,Perobal
São Paulo,SP,Itaquaquecetuba,Rio Abaixo
São Paulo,SP,Itaquaquecetuba,Tipoia
São Paulo,SP,Itaquaquecetuba,Veraneio Maracana
São Paulo,SP,Itaquaquecetuba,Vila Arizona
São Paulo,SP,Itaquaquecetuba,Vila Bartira
São Paulo,SP,Itaquaquecetuba,Vila Bruno
São Paulo,SP,Itaquaquecetuba,Vila Dolores
São Paulo,SP,Itaquaquecetuba,Vila Ercilia
São Paulo,SP,Itaquaquecetuba,Vila Ferreira
São Paulo,SP,Itaquaquecetuba,Vila Florindo
São Paulo,SP,Itaquaquecetuba,Vila Gepina
São Paulo,SP,Itaquaquecetuba,Vila Londrina
São Paulo,SP,Itaquaquecetuba,Vila Maria Augusta
São Paulo,SP,Itaquaquecetuba,Vila Miranda
São Paulo,SP,Itaquaquecetuba,Vila Monte Belo
São Paulo,SP,Itaquaquecetuba,Vila Passalagoa
São Paulo,SP,Itaquaquecetuba,Vila Popular
São Paulo,SP,Itaquaquecetuba,Vila Rolandia
São Paulo,SP,Itaquaquecetuba,Vila Santa Barbara
São Paulo,SP,Itaquaquecetuba,Vila Sao Jose
São Paulo,SP,Itaquaquecetuba,Vila Sao Judas Tadeu
São Paulo,SP,Itaquaquecetuba,Vila Sao Roberto
São Paulo,SP,Itaquaquecetuba,Vila Sonia
São Paulo,SP,Itaquaquecetuba,Vila Ursulina
São Paulo,SP,Itaquaquecetuba,Vila Vermont
São Paulo,SP,Itaquaquecetuba,Vila Virginia
São Paulo,SP,Itaquaquecetuba,Vila Zeferina
São Paulo,SP,Itaquaquecetuba,Vila Zesuina
São Paulo,SP,Itatiba,Cachoeiras do Imarata
São Paulo,SP,Itatiba,Capela do Barreiro
São Paulo,SP,Itatiba,Centro
São Paulo,SP,Itatiba,Chacara San Martin I
São Paulo,SP,Itatiba,Chacara San Martin II
São Paulo,SP,Itatiba,Chacara Santa Cruz dos Pires
São Paulo,SP,Itatiba,Cocais
São Paulo,SP,Itatiba,Encosta do Sol
São Paulo,SP,Itatiba,Engenho
São Paulo,SP,Itatiba,Itaembu
São Paulo,SP,Itatiba,Itapema
São Paulo,SP,Itatiba,Jardim Ana Maria
São Paulo,SP,Itatiba,Jardim Arizona
São Paulo,SP,Itatiba,Jardim Belem
São Paulo,SP,Itatiba,Jardim Coronel Peroba
São Paulo,SP,Itatiba,Jardim das Laranjeiras
São Paulo,SP,Itatiba,Jardim das Nacoes
São Paulo,SP,Itatiba,Jardim de Lucca
São Paulo,SP,Itatiba,Jardim do Leste
São Paulo,SP,Itatiba,Jardim dos Lagos
São Paulo,SP,Itatiba,Jardim Ester
São Paulo,SP,Itatiba,Jardim Galetto
São Paulo,SP,Itatiba,Jardim Ipe
São Paulo,SP,Itatiba,Jardim Leonor
São Paulo,SP,Itatiba,Jardim Monte Verde
São Paulo,SP,Itatiba,Jardim Nossa Senhora de Fatima
São Paulo,SP,Itatiba,Jardim Santa Filomena
São Paulo,SP,Itatiba,Jardim Santa Filomena II
São Paulo,SP,Itatiba,Jardim Santa Luzia
São Paulo,SP,Itatiba,Jardim Santa Rosa
São Paulo,SP,Itatiba,Jardim Stella
São Paulo,SP,Itatiba,Loteamento Caminhos do Sol
São Paulo,SP,Itatiba,Mombuca
São Paulo,SP,Itatiba,Morada das Fontes
São Paulo,SP,Itatiba,Morada dos Passaros
São Paulo,SP,Itatiba,Nova Itatiba
São Paulo,SP,Itatiba,Nucleo Residencial Afonso Zupardo
São Paulo,SP,Itatiba,Nucleo Residencial Doutor Luiz de Mattos Pimenta
São Paulo,SP,Itatiba,Nucleo Residencial Pedro Fumanchi
São Paulo,SP,Itatiba,Nucleo Residencial Porto Seguro
São Paulo,SP,Itatiba,Parque da Fazenda
São Paulo,SP,Itatiba,Parque das Laranjeiras
São Paulo,SP,Itatiba,Parque Nova Xampirra
São Paulo,SP,Itatiba,Parque Sao Francisco
São Paulo,SP,Itatiba,Parque Sao Gabriel
São Paulo,SP,Itatiba,Pinhal
São Paulo,SP,Itatiba,Pomar Sao Jorge
São Paulo,SP,Itatiba,Ponte
São Paulo,SP,Itatiba,Ponte Nova
São Paulo,SP,Itatiba,Real Parque Dom Pedro I
São Paulo,SP,Itatiba,Recanto Beira Rio
São Paulo,SP,Itatiba,Recanto da Paz
São Paulo,SP,Itatiba,Recanto das Estrelas
São Paulo,SP,Itatiba,Recanto dos Passaros
São Paulo,SP,Itatiba,Recanto Princesa da Colina
São Paulo,SP,Itatiba,Recreio Costa Verde
São Paulo,SP,Itatiba,Residencial Gremio
São Paulo,SP,Itatiba,Residencial Moenda
São Paulo,SP,Itatiba,Sitio da Moenda
São Paulo,SP,Itatiba,Summertime Barreiro
São Paulo,SP,Itatiba,Terras de San Marco
São Paulo,SP,Itatiba,Terras de Sao Sebastiao
São Paulo,SP,Itatiba,Vila Bela Vista
São Paulo,SP,Itatiba,Vila Brasileira
São Paulo,SP,Itatiba,Vila Cassaro
São Paulo,SP,Itatiba,Vila Cremonesi
São Paulo,SP,Itatiba,Vila Santa Clara
São Paulo,SP,Itatiba,Ville Chamonix
São Paulo,SP,Itatiba,Vivendas do Engenho D'agua
São Paulo,SP,Itu,Alto da Vila Nova
São Paulo,SP,Itu,Alto Palmeiras
São Paulo,SP,Itu,Brasil
São Paulo,SP,Itu,Campos de Santo Antonio
São Paulo,SP,Itu,Centro
São Paulo,SP,Itu,Chacara Florida
São Paulo,SP,Itu,Chacara Paraiso
São Paulo,SP,Itu,Chacara Primavera
São Paulo,SP,Itu,Chacara Sao Joao
São Paulo,SP,Itu,Chafaris
São Paulo,SP,Itu,Cidade Nova I
São Paulo,SP,Itu,Cidade Nova II
São Paulo,SP,Itu,City Castello
São Paulo,SP,Itu,Condominio Portal de Itu
São Paulo,SP,Itu,Fazenda Vila Real de Itu
São Paulo,SP,Itu,Jardim Aeroporto I
São Paulo,SP,Itu,Jardim Aeroporto II
São Paulo,SP,Itu,Jardim Corazza
São Paulo,SP,Itu,Jardim do Estadio
São Paulo,SP,Itu,Jardim Eridano
São Paulo,SP,Itu,Jardim Faculdade
São Paulo,SP,Itu,Jardim Helio Baptisti
São Paulo,SP,Itu,Jardim Oliveira
São Paulo,SP,Itu,Jardim Paineiras
São Paulo,SP,Itu,Jardim Paraiso
São Paulo,SP,Itu,Jardim Rancho Grande
São Paulo,SP,Itu,Jardim Rosinha
São Paulo,SP,Itu,Liberdade
São Paulo,SP,Itu,Nossa Senhora Aparecida
São Paulo,SP,Itu,Nucleo Habitacional Sao Judas Tadeu
São Paulo,SP,Itu,Parque Industrial
São Paulo,SP,Itu,Parque Residencial Mayard
São Paulo,SP,Itu,Portal da Vila Rica
São Paulo,SP,Itu,Portal do Eden
São Paulo,SP,Itu,Rancho Grande
São Paulo,SP,Itu,Santa Ines
São Paulo,SP,Itu,Sao Luiz
São Paulo,SP,Itu,Sitio Santo Antonio
São Paulo,SP,Itu,Terras de Sao Jose
São Paulo,SP,Itu,Terras de Sao Jose Urbano Portella
São Paulo,SP,Itu,Vila Esperanca
São Paulo,SP,Itu,Vila Gatti
São Paulo,SP,Itu,Vila Leis
São Paulo,SP,Itu,Vila Martins
São Paulo,SP,Itu,Vila Nova
São Paulo,SP,Itu,Vila Prudente de Moraes
São Paulo,SP,Itu,Vila Santa Rosa
São Paulo,SP,Jaboticabal,Aparecida
São Paulo,SP,Jaboticabal,Barra Funda
São Paulo,SP,Jaboticabal,Barreiro
São Paulo,SP,Jaboticabal,Capalbo Neto
São Paulo,SP,Jaboticabal,Centro
São Paulo,SP,Jaboticabal,Cidade Alta
São Paulo,SP,Jaboticabal,Cidade Jardim (zagalo)
São Paulo,SP,Jaboticabal,Conjunto Habitacional Hugo Lacorte Vitalle I
São Paulo,SP,Jaboticabal,Conjunto Habitacional Hugo Lacorte Vitalle II
São Paulo,SP,Jaboticabal,Conjunto Habitacional Margarida Raymundo Berchieri
São Paulo,SP,Jaboticabal,Ferreira
São Paulo,SP,Jaboticabal,Jardim Alvorada
São Paulo,SP,Jaboticabal,Jardim Angelica
São Paulo,SP,Jaboticabal,Jardim Bela Vista
São Paulo,SP,Jaboticabal,Jardim Boa Vista
São Paulo,SP,Jaboticabal,Jardim Bom Jesus
São Paulo,SP,Jaboticabal,Jardim Brandi
São Paulo,SP,Jaboticabal,Jardim das Cigarras
São Paulo,SP,Jaboticabal,Jardim Ebenezer
São Paulo,SP,Jaboticabal,Jardim Eldorado
São Paulo,SP,Jaboticabal,Jardim Grajau
São Paulo,SP,Jaboticabal,Jardim Independencia
São Paulo,SP,Jaboticabal,Jardim Kennedy
São Paulo,SP,Jaboticabal,Jardim Morumbi
São Paulo,SP,Jaboticabal,Jardim Nova Aparecida
São Paulo,SP,Jaboticabal,Jardim Patriarca
São Paulo,SP,Jaboticabal,Jardim Paulista
São Paulo,SP,Jaboticabal,Jardim Pedroso
São Paulo,SP,Jaboticabal,Jardim Perina
São Paulo,SP,Jaboticabal,Jardim Primavera
São Paulo,SP,Jaboticabal,Jardim Santa Rita
São Paulo,SP,Jaboticabal,Jardim Santa Rosa
São Paulo,SP,Jaboticabal,Jardim Sao Marcos I
São Paulo,SP,Jaboticabal,Jardim Sao Marcos II
São Paulo,SP,Jaboticabal,Jardim Tangara
São Paulo,SP,Jaboticabal,Jardim Universitario
São Paulo,SP,Jaboticabal,Joao Costa
São Paulo,SP,Jaboticabal,Maria de Lourdes
São Paulo,SP,Jaboticabal,Maria Marconato
São Paulo,SP,Jaboticabal,Nova Jaboticabal
São Paulo,SP,Jaboticabal,Parque do Trevo
São Paulo,SP,Jaboticabal,Parque dos Laranjais
São Paulo,SP,Jaboticabal,Parque Jaqueline
São Paulo,SP,Jaboticabal,Parque Primeiro de Maio
São Paulo,SP,Jaboticabal,Pedro Morello
São Paulo,SP,Jaboticabal,Perina
São Paulo,SP,Jaboticabal,Planalto do Bosque
São Paulo,SP,Jaboticabal,Planalto Italia
São Paulo,SP,Jaboticabal,Ponte Seca
São Paulo,SP,Jaboticabal,Recanto do Barreiro
São Paulo,SP,Jaboticabal,Recreio dos Bandeirantes
São Paulo,SP,Jaboticabal,Santa Isabel
São Paulo,SP,Jaboticabal,Santa Luzia
São Paulo,SP,Jaboticabal,Santa Monica
São Paulo,SP,Jaboticabal,Santo Antonio
São Paulo,SP,Jaboticabal,Sao Roque
São Paulo,SP,Jaboticabal,Solar Corinthiano
São Paulo,SP,Jaboticabal,Sorocabano
São Paulo,SP,Jaboticabal,Vale do Sol
São Paulo,SP,Jaboticabal,Vila Buenos Aires
São Paulo,SP,Jaboticabal,Vila Industrial
São Paulo,SP,Jaboticabal,Vila Patricio dos Santos
São Paulo,SP,Jaboticabal,Vila Santa Rosa
São Paulo,SP,Jaboticabal,Vila Santa Tereza
São Paulo,SP,Jaboticabal,Vila Santo Antonio
São Paulo,SP,Jaboticabal,Vila Sao Jose
São Paulo,SP,Jaboticabal,Vila Saul Borsari
São Paulo,SP,Jaboticabal,Vila Serra
São Paulo,SP,Jaboticabal,Vila Simoni
São Paulo,SP,Jaboticabal,Vila Toto
São Paulo,SP,Jaboticabal,X
São Paulo,SP,Jacarei,Avarei
São Paulo,SP,Jacarei,Balneario Paraiba
São Paulo,SP,Jacarei,Centro
São Paulo,SP,Jacarei,Cidade Jardim
São Paulo,SP,Jacarei,Cidade Salvador
São Paulo,SP,Jacarei,Condominio Terras de Sant'ana
São Paulo,SP,Jacarei,Conjunto Residencial Brasilia
São Paulo,SP,Jacarei,Conjunto Sao Benedito
São Paulo,SP,Jacarei,Jardim Beira Rio
São Paulo,SP,Jacarei,Jardim Bela Vista
São Paulo,SP,Jacarei,Jardim Boa Vista
São Paulo,SP,Jacarei,Jardim California
São Paulo,SP,Jacarei,Jardim Coleginho
São Paulo,SP,Jacarei,Jardim Colinas
São Paulo,SP,Jacarei,Jardim Colonia
São Paulo,SP,Jacarei,Jardim das Industrias
São Paulo,SP,Jacarei,Jardim das Oliveiras
São Paulo,SP,Jacarei,Jardim Didinha
São Paulo,SP,Jacarei,Jardim do Cruzeiro
São Paulo,SP,Jacarei,Jardim do Vale
São Paulo,SP,Jacarei,Jardim Dora
São Paulo,SP,Jacarei,Jardim Esper
São Paulo,SP,Jacarei,Jardim Florida
São Paulo,SP,Jacarei,Jardim Guarani
São Paulo,SP,Jacarei,Jardim Leonidia
São Paulo,SP,Jacarei,Jardim Liberdade
São Paulo,SP,Jacarei,Jardim Luiza
São Paulo,SP,Jacarei,Jardim Marcondes
São Paulo,SP,Jacarei,Jardim Maria Amelia
São Paulo,SP,Jacarei,Jardim Mesquita
São Paulo,SP,Jacarei,Jardim Nicelia
São Paulo,SP,Jacarei,Jardim Nossa Senhora de Fatima
São Paulo,SP,Jacarei,Jardim Olimpia
São Paulo,SP,Jacarei,Jardim Paraiba
São Paulo,SP,Jacarei,Jardim Paraiso
São Paulo,SP,Jacarei,Jardim Pereira do Amparo
São Paulo,SP,Jacarei,Jardim Pitoresco
São Paulo,SP,Jacarei,Jardim Primavera
São Paulo,SP,Jacarei,Jardim Santa Maria
São Paulo,SP,Jacarei,Jardim Santa Terezinha
São Paulo,SP,Jacarei,Jardim Santo Antonio da Boa Vista
São Paulo,SP,Jacarei,Jardim Sao Jose
São Paulo,SP,Jacarei,Jardim Sao Manoel
São Paulo,SP,Jacarei,Jardim Siesta
São Paulo,SP,Jacarei,Jardim Vera Lucia
São Paulo,SP,Jacarei,Jardim Yolanda
São Paulo,SP,Jacarei,Parque Brasil
São Paulo,SP,Jacarei,Parque California
São Paulo,SP,Jacarei,Parque Itamarati
São Paulo,SP,Jacarei,Parque Meia Lua (parque Meia Lua)
São Paulo,SP,Jacarei,Parque Nova America
São Paulo,SP,Jacarei,Parque Santo Antonio
São Paulo,SP,Jacarei,Rio Comprido
São Paulo,SP,Jacarei,Vila Aprazivel
São Paulo,SP,Jacarei,Vila Formosa
São Paulo,SP,Jacarei,Vila Guedes
São Paulo,SP,Jacarei,Vila Lopes
São Paulo,SP,Jacarei,Vila Martinez
São Paulo,SP,Jacarei,Vila Santa Rita
São Paulo,SP,Jacarei,Vila Sao Jose
São Paulo,SP,Jacarei,Vila Vilma
São Paulo,SP,Jacarei,Vila Zeze
São Paulo,SP,Jandira,Altos de Sao Fernando
São Paulo,SP,Jandira,Centro
São Paulo,SP,Jandira,Chacaras do Peroba
São Paulo,SP,Jandira,Granja Alvorada
São Paulo,SP,Jandira,Infant's Garden
São Paulo,SP,Jandira,Jardim Alvorada
São Paulo,SP,Jandira,Jardim Analandia
São Paulo,SP,Jandira,Jardim Antonio Porto
São Paulo,SP,Jandira,Jardim Aurora
São Paulo,SP,Jandira,Jardim Belmont
São Paulo,SP,Jandira,Jardim Bolivia
São Paulo,SP,Jandira,Jardim Brotinho
São Paulo,SP,Jandira,Jardim Centenario
São Paulo,SP,Jandira,Jardim Cristino
São Paulo,SP,Jandira,Jardim das Margaridas
São Paulo,SP,Jandira,Jardim do Golf I
São Paulo,SP,Jandira,Jardim do Libano
São Paulo,SP,Jandira,Jardim Europa
São Paulo,SP,Jandira,Jardim Gabriela I
São Paulo,SP,Jandira,Jardim Gabriela II
São Paulo,SP,Jandira,Jardim Gabriela III
São Paulo,SP,Jandira,Jardim Heneide
São Paulo,SP,Jandira,Jardim Jandira
São Paulo,SP,Jandira,Jardim Javaes
São Paulo,SP,Jandira,Jardim Lindomar
São Paulo,SP,Jandira,Jardim Marilia
São Paulo,SP,Jandira,Jardim Mase
São Paulo,SP,Jandira,Jardim Nossa Senhora de Fatima
São Paulo,SP,Jandira,Jardim Novo Horizonte
São Paulo,SP,Jandira,Jardim Palmeiras
São Paulo,SP,Jandira,Jardim Patriarca
São Paulo,SP,Jandira,Jardim Rosa Emilia
São Paulo,SP,Jandira,Jardim Sagrado Coracao
São Paulo,SP,Jandira,Jardim Sagrado Coracao de Jesus
São Paulo,SP,Jandira,Jardim Sao Joao
São Paulo,SP,Jandira,Jardim Sao Luiz
São Paulo,SP,Jandira,Jardim Sao Paulo
São Paulo,SP,Jandira,Jardim Sol Nascente
São Paulo,SP,Jandira,Jardim Sorocabano
São Paulo,SP,Jandira,Jardim Stella Maris
São Paulo,SP,Jandira,Jardim Velho Sanazar
São Paulo,SP,Jandira,Lago dos Cisnes
São Paulo,SP,Jandira,Nova Higienopolis
São Paulo,SP,Jandira,Nucleo Micro Industrial Presidente Wilson
São Paulo,SP,Jandira,Parque das Iglesias
São Paulo,SP,Jandira,Parque dos Lagos
São Paulo,SP,Jandira,Parque Nova Jandira
São Paulo,SP,Jandira,Parque Santa Tereza
São Paulo,SP,Jandira,Suite Quebra Nozes
São Paulo,SP,Jandira,Vale do Sol
São Paulo,SP,Jandira,Vila Anita Costa
São Paulo,SP,Jandira,Vila Cecilia
São Paulo,SP,Jandira,Vila Diogo Balhesteiro
São Paulo,SP,Jandira,Vila Ercilia
São Paulo,SP,Jandira,Vila Esmeralda
São Paulo,SP,Jandira,Vila Eugenia
São Paulo,SP,Jandira,Vila Eunice
São Paulo,SP,Jandira,Vila Godinho
São Paulo,SP,Jandira,Vila Ipe
São Paulo,SP,Jandira,Vila Lucinda
São Paulo,SP,Jandira,Vila Makenzi
São Paulo,SP,Jandira,Vila Marcia
São Paulo,SP,Jandira,Vila Mercedes
São Paulo,SP,Jandira,Vila Ouro Verde
São Paulo,SP,Jandira,Vila Popi
São Paulo,SP,Jandira,Vila Rolim
São Paulo,SP,Jandira,Vila Santa Rosa
São Paulo,SP,Jandira,Vila Santo Antonio
São Paulo,SP,Jandira,Vila Sao Nicolau
São Paulo,SP,Jau,1a Zona Industrial
São Paulo,SP,Jau,2a Zona Industrial
São Paulo,SP,Jau,Centro
São Paulo,SP,Jau,Chacara Bela Vista
São Paulo,SP,Jau,Chacara Braz Miraglia
São Paulo,SP,Jau,Chacara Canhos
São Paulo,SP,Jau,Chacara Doutor Lopes
São Paulo,SP,Jau,Chacara Ferreira Dias
São Paulo,SP,Jau,Chacara Flora
São Paulo,SP,Jau,Chacara Nunes
São Paulo,SP,Jau,Chacara Peccioli
São Paulo,SP,Jau,Chacara Sao Jose
São Paulo,SP,Jau,Condominio Jardim Alvorada
São Paulo,SP,Jau,Conjunto Habitacional Ibirapuera
São Paulo,SP,Jau,Distrito Industrial
São Paulo,SP,Jau,Jardim Alvorada
São Paulo,SP,Jau,Jardim America
São Paulo,SP,Jau,Jardim Ana Carolina
São Paulo,SP,Jau,Jardim Antonina
São Paulo,SP,Jau,Jardim Bela Vista
São Paulo,SP,Jau,Jardim Bernardi
São Paulo,SP,Jau,Jardim Brasilia
São Paulo,SP,Jau,Jardim Concha de Ouro
São Paulo,SP,Jau,Jardim Conde Pinhal
São Paulo,SP,Jau,Jardim Continental
São Paulo,SP,Jau,Jardim das Alamandas
São Paulo,SP,Jau,Jardim das Paineiras
São Paulo,SP,Jau,Jardim Diamante
São Paulo,SP,Jau,Jardim Doutor Luciano
São Paulo,SP,Jau,Jardim Estadio
São Paulo,SP,Jau,Jardim Ferreira Dias
São Paulo,SP,Jau,Jardim Itamarati
São Paulo,SP,Jau,Jardim Jorge Atalla
São Paulo,SP,Jau,Jardim Maria Cibele
São Paulo,SP,Jau,Jardim Maria Luiza
São Paulo,SP,Jau,Jardim Netinho Prado
São Paulo,SP,Jau,Jardim Nova Jau
São Paulo,SP,Jau,Jardim Odete
São Paulo,SP,Jau,Jardim Olimpia
São Paulo,SP,Jau,Jardim Ouro Verde
São Paulo,SP,Jau,Jardim Pedro Ometto
São Paulo,SP,Jau,Jardim Pires de Campos
São Paulo,SP,Jau,Jardim Regina
São Paulo,SP,Jau,Jardim Rosa Branca
São Paulo,SP,Jau,Jardim Santa Helena
São Paulo,SP,Jau,Jardim Santa Rosa
São Paulo,SP,Jau,Jardim Sanzovo
São Paulo,SP,Jau,Jardim Sao Caetano
São Paulo,SP,Jau,Jardim Sao Crispim
São Paulo,SP,Jau,Jardim Sao Francisco
São Paulo,SP,Jau,Jardim Sao Jose
São Paulo,SP,Jau,Jardim Vila Maria
São Paulo,SP,Jau,Santo Antonio
São Paulo,SP,Jau,Vila Alves de Almeida
São Paulo,SP,Jau,Vila Assis
São Paulo,SP,Jau,Vila Brasil
São Paulo,SP,Jau,Vila Buscariolo
São Paulo,SP,Jau,Vila Carvalho
São Paulo,SP,Jau,Vila Falcao
São Paulo,SP,Jau,Vila Hilst
São Paulo,SP,Jau,Vila Industrial
São Paulo,SP,Jau,Vila Ivan
São Paulo,SP,Jau,Vila Jardim Brasilia
São Paulo,SP,Jau,Vila Maria Cristina
São Paulo,SP,Jau,Vila Nassif Name
São Paulo,SP,Jau,Vila Netinho Prado
São Paulo,SP,Jau,Vila Nossa Senhora de Fatima
São Paulo,SP,Jau,Vila Nova
São Paulo,SP,Jau,Vila Nova Jau
São Paulo,SP,Jau,Vila Padre Nosso
São Paulo,SP,Jau,Vila Paulista
São Paulo,SP,Jau,Vila Piragine
São Paulo,SP,Jau,Vila Pires de Campo
São Paulo,SP,Jau,Vila Quinze de Novembro
São Paulo,SP,Jau,Vila Sampaio Bueno
São Paulo,SP,Jau,Vila Santa Maria
São Paulo,SP,Jau,Vila Santa Terezinha
São Paulo,SP,Jau,Vila Santo Ivo
São Paulo,SP,Jau,Vila Sao Judas Tadeu
São Paulo,SP,Jau,Vila Vicente
São Paulo,SP,Jundiai,Caxambu
São Paulo,SP,Jundiai,Chacara Aeroporto
São Paulo,SP,Jundiai,Chacara Malota
São Paulo,SP,Jundiai,Chacara Monterey
São Paulo,SP,Jundiai,Chacara Nossa Senhora de Fatima
São Paulo,SP,Jundiai,Chacara Planalto
São Paulo,SP,Jundiai,Chacara Recreio Santa Terezinha
São Paulo,SP,Jundiai,Chacara Sao Felipe
São Paulo,SP,Jundiai,Chacara Saudaveis e Encantadoras
São Paulo,SP,Jundiai,Cidade Jardim
São Paulo,SP,Jundiai,Cidade Luiza
São Paulo,SP,Jundiai,Cidade Nova
São Paulo,SP,Jundiai,Cidade Santos Dumont
São Paulo,SP,Jundiai,Distrito Industrial
São Paulo,SP,Jundiai,Ivoturucaia
São Paulo,SP,Jundiai,Jardim Adelia
São Paulo,SP,Jundiai,Jardim America
São Paulo,SP,Jundiai,Jardim Angela
São Paulo,SP,Jundiai,Jardim Bandeiras
São Paulo,SP,Jundiai,Jardim Boa Vista
São Paulo,SP,Jundiai,Jardim Bufalo
São Paulo,SP,Jundiai,Jardim Cacula
São Paulo,SP,Jundiai,Jardim California
São Paulo,SP,Jundiai,Jardim Carlos Gomes
São Paulo,SP,Jundiai,Jardim Carolina
São Paulo,SP,Jundiai,Jardim Caxambu
São Paulo,SP,Jundiai,Jardim Colonia
São Paulo,SP,Jundiai,Jardim da Fonte
São Paulo,SP,Jundiai,Jardim Danubio
São Paulo,SP,Jundiai,Jardim das Carpas
São Paulo,SP,Jundiai,Jardim das Samambaias
São Paulo,SP,Jundiai,Jardim das Tulipas
São Paulo,SP,Jundiai,Jardim do Lirio
São Paulo,SP,Jundiai,Jardim Dom Bosco
São Paulo,SP,Jundiai,Jardim Dupre
São Paulo,SP,Jundiai,Jardim Ermida I
São Paulo,SP,Jundiai,Jardim Ermida II
São Paulo,SP,Jundiai,Jardim Europa
São Paulo,SP,Jundiai,Jardim Florestal
São Paulo,SP,Jundiai,Jardim Guanabara
São Paulo,SP,Jundiai,Jardim Italia
São Paulo,SP,Jundiai,Jardim Liberdade
São Paulo,SP,Jundiai,Jardim Marcos Leite
São Paulo,SP,Jundiai,Jardim Molinari
São Paulo,SP,Jundiai,Jardim Novo Mundo
São Paulo,SP,Jundiai,Jardim Pacaembu
São Paulo,SP,Jundiai,Jardim Planalto
São Paulo,SP,Jundiai,Jardim Quintas das Videiras
São Paulo,SP,Jundiai,Jardim Rio Branco
São Paulo,SP,Jundiai,Jardim Roma
São Paulo,SP,Jundiai,Jardim Rosaura
São Paulo,SP,Jundiai,Jardim Sagrado Coracao de Jesus
São Paulo,SP,Jundiai,Jardim Santa Lourdes
São Paulo,SP,Jundiai,Jardim Santa Rita de Cassia
São Paulo,SP,Jundiai,Jardim Sant'ana
São Paulo,SP,Jundiai,Jardim Sao Camilo
São Paulo,SP,Jundiai,Jardim Sao Camilo Novo
São Paulo,SP,Jundiai,Jardim Sao Judas Tadeu
São Paulo,SP,Jundiai,Jardim Sao Marcus
São Paulo,SP,Jundiai,Jardim Sao Miguel
São Paulo,SP,Jundiai,Jardim Shangai
São Paulo,SP,Jundiai,Jardim Tamoio
São Paulo,SP,Jundiai,Jardim Tannus
São Paulo,SP,Jundiai,Jardim Taruma
São Paulo,SP,Jundiai,Jardim Tereza Cristina
São Paulo,SP,Jundiai,Jardim Tiradentes
São Paulo,SP,Jundiai,Jardim Trevo
São Paulo,SP,Jundiai,Jardim Vera Cruz
São Paulo,SP,Jundiai,Jundiai Mirim
São Paulo,SP,Jundiai,Marcos Leite
São Paulo,SP,Jundiai,Nucleo Colonial Barao de Jundiai
São Paulo,SP,Jundiai,Parque Brasilia
São Paulo,SP,Jundiai,Parque Recanto do Parrilho
São Paulo,SP,Jundiai,Parque Residencial Eloy Chaves
São Paulo,SP,Jundiai,Parque Sao Luiz
São Paulo,SP,Jundiai,Ponte de Sao Joao
São Paulo,SP,Jundiai,Prq Quinta da Boa Vista
São Paulo,SP,Jundiai,Recanto Quarto Centenario
São Paulo,SP,Jundiai,Traviu
São Paulo,SP,Jundiai,Vila Agostinho Zambom
São Paulo,SP,Jundiai,Vila Alvorada
São Paulo,SP,Jundiai,Vila Aparecida
São Paulo,SP,Jundiai,Vila Arens
São Paulo,SP,Jundiai,Vila Bandeirantes
São Paulo,SP,Jundiai,Vila Bernardes
São Paulo,SP,Jundiai,Vila Formosa
São Paulo,SP,Jundiai,Vila Galvao
São Paulo,SP,Jundiai,Vila Guilherme
São Paulo,SP,Jundiai,Vila Isabel Eber
São Paulo,SP,Jundiai,Vila Japi
São Paulo,SP,Jundiai,Vila Joana
São Paulo,SP,Jundiai,Vila Joaquina
São Paulo,SP,Jundiai,Vila Lacerda
São Paulo,SP,Jundiai,Vila Liberdade
São Paulo,SP,Jundiai,Vila Margarida
São Paulo,SP,Jundiai,Vila Moraes
São Paulo,SP,Jundiai,Vila Nambi
São Paulo,SP,Jundiai,Vila Nova Esperia
São Paulo,SP,Jundiai,Vila Nova Medeiros
São Paulo,SP,Jundiai,Vila Paulista
São Paulo,SP,Jundiai,Vila Progresso
São Paulo,SP,Jundiai,Vila Rossi
São Paulo,SP,Jundiai,Vila Ruy Barbosa
São Paulo,SP,Jundiai,Vila Santana
São Paulo,SP,Jundiai,Vila Sao Joao Batista
São Paulo,SP,Jundiai,Vila Telles
São Paulo,SP,Jundiai,Vila Vechi
São Paulo,SP,Leme,Barra Funda
São Paulo,SP,Leme,Centro
São Paulo,SP,Leme,Chacara Saude
São Paulo,SP,Leme,Cidade Jardim
São Paulo,SP,Leme,Conjunto Habitacional Ferdinando Marchi
São Paulo,SP,Leme,Desmembramento Davi Comi
São Paulo,SP,Leme,Desmembramento Vila Nova
São Paulo,SP,Leme,Estrada do Bosque
São Paulo,SP,Leme,Estrada Municipal Caju
São Paulo,SP,Leme,Estrada Particular Ibicatu
São Paulo,SP,Leme,Fazenda Capitolio
São Paulo,SP,Leme,Fazenda Palmeiras
São Paulo,SP,Leme,Fazenda Santo Antonio
São Paulo,SP,Leme,Jardim Adelina
São Paulo,SP,Leme,Jardim Alvorada
São Paulo,SP,Leme,Jardim Amalia
São Paulo,SP,Leme,Jardim Ariana
São Paulo,SP,Leme,Jardim Berbel
São Paulo,SP,Leme,Jardim Bonsucesso
São Paulo,SP,Leme,Jardim Capitolio
São Paulo,SP,Leme,Jardim Coloninha Claudia
São Paulo,SP,Leme,Jardim do Bosque
São Paulo,SP,Leme,Jardim Eloisa
São Paulo,SP,Leme,Jardim Eroisi
São Paulo,SP,Leme,Jardim Governador
São Paulo,SP,Leme,Jardim Isabel Cristina
São Paulo,SP,Leme,Jardim Juana
São Paulo,SP,Leme,Jardim Livia
São Paulo,SP,Leme,Jardim Nova Era
São Paulo,SP,Leme,Jardim Nova Granada
São Paulo,SP,Leme,Jardim Nova Leme
São Paulo,SP,Leme,Jardim Nova Santa Rita
São Paulo,SP,Leme,Jardim Novo Horizonte
São Paulo,SP,Leme,Jardim Palmeiras
São Paulo,SP,Leme,Jardim Presidente
São Paulo,SP,Leme,Jardim Primavera
São Paulo,SP,Leme,Jardim Primavera - Gover
São Paulo,SP,Leme,Jardim Residencial Saulo
São Paulo,SP,Leme,Jardim Santa Ines
São Paulo,SP,Leme,Jardim Santa Maria
São Paulo,SP,Leme,Jardim Santa Marta
São Paulo,SP,Leme,Jardim Santa Paula
São Paulo,SP,Leme,Jardim Santa Rita
São Paulo,SP,Leme,Jardim Santana
São Paulo,SP,Leme,Jardim Sao Francisco
São Paulo,SP,Leme,Jardim Sao Joaquim
São Paulo,SP,Leme,Jardim Sao Jose
São Paulo,SP,Leme,Jardim Vanessa
São Paulo,SP,Leme,Jardim Vila Verde
São Paulo,SP,Leme,Jardim Vista Alegre
São Paulo,SP,Leme,Loteamento Grossklauss
São Paulo,SP,Leme,Loteamento Tufanin
São Paulo,SP,Leme,Morada Sol
São Paulo,SP,Leme,Parque Residencial Itamaraty
São Paulo,SP,Leme,Parque Sao Manoel
São Paulo,SP,Leme,Quinta Vila Verde
São Paulo,SP,Leme,Recanto da Colina
São Paulo,SP,Leme,Recanto do Sol
São Paulo,SP,Leme,Retiro Velho
São Paulo,SP,Leme,Taquari Ponte
São Paulo,SP,Leme,Vila Bancaria
São Paulo,SP,Leme,Vila Bela Vista
São Paulo,SP,Leme,Vila Bom Jesus
São Paulo,SP,Leme,Vila Hilsdorf
São Paulo,SP,Leme,Vila Joest
São Paulo,SP,Leme,Vila Nova
São Paulo,SP,Leme,Vila Rauter
São Paulo,SP,Leme,Vila Santa Maria
São Paulo,SP,Leme,Vila Santana
São Paulo,SP,Leme,Vila Santucci
São Paulo,SP,Leme,Vila Sao Joao
São Paulo,SP,Leme,Vila Sao Jorge
São Paulo,SP,Leme,Vila Sumare
São Paulo,SP,Leme,Vila Terezinha
São Paulo,SP,Leme,Vila Terezinha - Tufan
São Paulo,SP,Leme,Vila Zarif
São Paulo,SP,Lencois Paulista,Centro
São Paulo,SP,Lencois Paulista,Chacaras Santo Antonio
São Paulo,SP,Lencois Paulista,Cidade Jardim do Caju
São Paulo,SP,Lencois Paulista,Conjunto Habitacional Corvo Branco
São Paulo,SP,Lencois Paulista,Conjunto Habitacional Lencois Paulista
São Paulo,SP,Lencois Paulista,Conjunto Habitacional Maestro Julio Ferrari
São Paulo,SP,Lencois Paulista,Conjunto Silvio Campanholi
São Paulo,SP,Lencois Paulista,Distrito Industrial
São Paulo,SP,Lencois Paulista,Gleba Lopes
São Paulo,SP,Lencois Paulista,Jardim Alvorada
São Paulo,SP,Lencois Paulista,Jardim America
São Paulo,SP,Lencois Paulista,Jardim Cruzeiro
São Paulo,SP,Lencois Paulista,Jardim da Prata
São Paulo,SP,Lencois Paulista,Jardim das Nacoes
São Paulo,SP,Lencois Paulista,Jardim Granville
São Paulo,SP,Lencois Paulista,Jardim Humaita
São Paulo,SP,Lencois Paulista,Jardim Ipe
São Paulo,SP,Lencois Paulista,Jardim Itamaraty
São Paulo,SP,Lencois Paulista,Jardim Lago da Prata
São Paulo,SP,Lencois Paulista,Jardim Morumbi
São Paulo,SP,Lencois Paulista,Jardim Nova Lencois
São Paulo,SP,Lencois Paulista,Jardim Primavera
São Paulo,SP,Lencois Paulista,Jardim Sao Joao
São Paulo,SP,Lencois Paulista,Jardim Ubirama
São Paulo,SP,Lencois Paulista,Jardim Village
São Paulo,SP,Lencois Paulista,Nucleo Habitacional Bela Vista I
São Paulo,SP,Lencois Paulista,Nucleo Habitacional Bela Vista II
São Paulo,SP,Lencois Paulista,Nucleo Habitacional Joao Zillo
São Paulo,SP,Lencois Paulista,Nucleo Habitacional Luis Zillo
São Paulo,SP,Lencois Paulista,Parque Antartica
São Paulo,SP,Lencois Paulista,Parque Residencial Elizabeth
São Paulo,SP,Lencois Paulista,Parque Residencial Rondon
São Paulo,SP,Lencois Paulista,Parque Residencial Sao Jose
São Paulo,SP,Lencois Paulista,Sitio Recreio Sao Judas Thadeu
São Paulo,SP,Lencois Paulista,Vila Antonieta I
São Paulo,SP,Lencois Paulista,Vila Antonieta II
São Paulo,SP,Lencois Paulista,Vila Baccili
São Paulo,SP,Lencois Paulista,Vila Cachoeirinha
São Paulo,SP,Lencois Paulista,Vila Contente
São Paulo,SP,Lencois Paulista,Vila Eden
São Paulo,SP,Lencois Paulista,Vila Irere
São Paulo,SP,Lencois Paulista,Vila Maestra Amelia
São Paulo,SP,Lencois Paulista,Vila Mamedina
São Paulo,SP,Lencois Paulista,Vila Marimbondo
São Paulo,SP,Lencois Paulista,Vila Nossa Senhora Aparecida
São Paulo,SP,Lencois Paulista,Vila Nova Irere
São Paulo,SP,Lencois Paulista,Vila Paccola
São Paulo,SP,Lencois Paulista,Vila Repke
São Paulo,SP,Lencois Paulista,Vila Santa Cecilia
São Paulo,SP,Lencois Paulista,Vila Sao Judas Tadeu
São Paulo,SP,Lencois Paulista,Vila Virgilio Capoani
São Paulo,SP,Limeira,Centro
São Paulo,SP,Limeira,Chacara Antonieta
São Paulo,SP,Limeira,Conjunto Residencial Victor D'andrea
São Paulo,SP,Limeira,Jardim Bartolomeu Grotta
São Paulo,SP,Limeira,Jardim Brasil
São Paulo,SP,Limeira,Jardim Caieira
São Paulo,SP,Limeira,Jardim Consoli
São Paulo,SP,Limeira,Jardim do Lago
São Paulo,SP,Limeira,Jardim Esmeralda
São Paulo,SP,Limeira,Jardim Esteves
São Paulo,SP,Limeira,Jardim Florenca
São Paulo,SP,Limeira,Jardim Gustavo Picinini
São Paulo,SP,Limeira,Jardim Ibirapuera
São Paulo,SP,Limeira,Jardim Ipiranga
São Paulo,SP,Limeira,Jardim Laranjeiras
São Paulo,SP,Limeira,Jardim Maria Buchi Modeneis
São Paulo,SP,Limeira,Jardim Maria Flora
São Paulo,SP,Limeira,Jardim Mediterraneo
São Paulo,SP,Limeira,Jardim Mercedes
São Paulo,SP,Limeira,Jardim Montezuma
São Paulo,SP,Limeira,Jardim Morro Azul
São Paulo,SP,Limeira,Jardim Morro Branco
São Paulo,SP,Limeira,Jardim Nossa Senhora do Amparo
São Paulo,SP,Limeira,Jardim Nova Europa
São Paulo,SP,Limeira,Jardim Odecio Degan
São Paulo,SP,Limeira,Jardim Ouro Branco
São Paulo,SP,Limeira,Jardim Ouro Verde
São Paulo,SP,Limeira,Jardim Perola
São Paulo,SP,Limeira,Jardim Piratininga
São Paulo,SP,Limeira,Jardim Residencial Recanto Alvorada
São Paulo,SP,Limeira,Jardim Santa Barbara
São Paulo,SP,Limeira,Jardim Santa Cecilia
São Paulo,SP,Limeira,Jardim Santa Lina
São Paulo,SP,Limeira,Jardim Santana
São Paulo,SP,Limeira,Jardim Sao Francisco
São Paulo,SP,Limeira,Jardim Sao Joao
São Paulo,SP,Limeira,Jardim Sao Manoel
São Paulo,SP,Limeira,Jardim Sao Paulo
São Paulo,SP,Limeira,Jardim Sao Rafael
São Paulo,SP,Limeira,Jardim Sao Roque
São Paulo,SP,Limeira,Jardim Trevo
São Paulo,SP,Limeira,Jardim Vanessa
São Paulo,SP,Limeira,Parque das Nacoes
São Paulo,SP,Limeira,Parque Nossa Senhora das Dores
São Paulo,SP,Limeira,Parque Novo Mundo
São Paulo,SP,Limeira,Parque Real
São Paulo,SP,Limeira,Parque Residencial Abilio Pedro
São Paulo,SP,Limeira,Parque Residencial Aeroporto
São Paulo,SP,Limeira,Parque Residencial Independencia
São Paulo,SP,Limeira,Parque Residencial Sthalberg
São Paulo,SP,Limeira,Parque Rosa Marrafon Lucas
São Paulo,SP,Limeira,Vila Anita
São Paulo,SP,Limeira,Vila Bragotto
São Paulo,SP,Limeira,Vila Castelar
São Paulo,SP,Limeira,Vila Cidade Jardim
São Paulo,SP,Limeira,Vila Claudia
São Paulo,SP,Limeira,Vila Conceicao
São Paulo,SP,Limeira,Vila Cristovam
São Paulo,SP,Limeira,Vila da Gloria
São Paulo,SP,Limeira,Vila Esteves
São Paulo,SP,Limeira,Vila Fascina
São Paulo,SP,Limeira,Vila Ferreira
São Paulo,SP,Limeira,Vila Independencia
São Paulo,SP,Limeira,Vila Mathias
São Paulo,SP,Limeira,Vila Paraiso
São Paulo,SP,Limeira,Vila Paulista
São Paulo,SP,Limeira,Vila Primavera
São Paulo,SP,Limeira,Vila Rocha
São Paulo,SP,Limeira,Vila Santa Josefa
São Paulo,SP,Limeira,Vila Santa Lina
São Paulo,SP,Limeira,Vila Santa Rosalia
São Paulo,SP,Limeira,Vila Sao Geraldo
São Paulo,SP,Limeira,Vila Sao Joao
São Paulo,SP,Limeira,Vila Sao Luiz
São Paulo,SP,Limeira,Vila Sao Roque
São Paulo,SP,Lins,Centro
São Paulo,SP,Lins,Chacara Flora
São Paulo,SP,Lins,Chacara Iracema
São Paulo,SP,Lins,Cohab III
São Paulo,SP,Lins,Conjunto Habitacional Jose Dias dos Santos
São Paulo,SP,Lins,Conjunto Habitacional Teisuke Kumassaka
São Paulo,SP,Lins,Garcia
São Paulo,SP,Lins,Guanabara
São Paulo,SP,Lins,Jardim Aeroporto
São Paulo,SP,Lins,Jardim Alvorada
São Paulo,SP,Lins,Jardim Americano
São Paulo,SP,Lins,Jardim Arapua
São Paulo,SP,Lins,Jardim Ariano
São Paulo,SP,Lins,Jardim Bandeirantes
São Paulo,SP,Lins,Jardim Bela Vista
São Paulo,SP,Lins,Jardim Bom Viver I
São Paulo,SP,Lins,Jardim Bom Viver II
São Paulo,SP,Lins,Jardim Bom Viver III
São Paulo,SP,Lins,Jardim Bom Viver IV
São Paulo,SP,Lins,Jardim Campestre
São Paulo,SP,Lins,Jardim Eldorado
São Paulo,SP,Lins,Jardim Filard
São Paulo,SP,Lins,Jardim Leoni
São Paulo,SP,Lins,Jardim Linense
São Paulo,SP,Lins,Jardim Maraba
São Paulo,SP,Lins,Jardim Paraiso
São Paulo,SP,Lins,Jardim Pinheiro
São Paulo,SP,Lins,Jardim Santa Clara
São Paulo,SP,Lins,Jardim Santa Maria
São Paulo,SP,Lins,Jardim Santuario de Fatima
São Paulo,SP,Lins,Jardim Sao Francisco da Boa Vista
São Paulo,SP,Lins,Jardim Sao Joao
São Paulo,SP,Lins,Jardim Sao Luiz
São Paulo,SP,Lins,Jardim Sao Roque
São Paulo,SP,Lins,Jardim Sao Vicente
São Paulo,SP,Lins,Jardim Tangara
São Paulo,SP,Lins,Jardim Tropical
São Paulo,SP,Lins,Jardim Uniao
São Paulo,SP,Lins,Junqueira
São Paulo,SP,Lins,Labate
São Paulo,SP,Lins,Loteamento Jardim Primavera
São Paulo,SP,Lins,Nucleo Habitacional Monsenhor Pasetto
São Paulo,SP,Lins,Nucleo Habitacional Ulisses Guimaraes
São Paulo,SP,Lins,Nucleo Residencial Popular
São Paulo,SP,Lins,Parque Aeroporto
São Paulo,SP,Lins,Parque Alto da Boa Vista
São Paulo,SP,Lins,Parque Alto de Fatima
São Paulo,SP,Lins,Parque das Oficinas
São Paulo,SP,Lins,Parque Empresarial Rolande Alves Pereira
São Paulo,SP,Lins,Parque Ferroviario
São Paulo,SP,Lins,Parque Industrial
São Paulo,SP,Lins,Parque Industrial Mario Sebelin
São Paulo,SP,Lins,Parque Sao Jorge
São Paulo,SP,Lins,Parque Xingu
São Paulo,SP,Lins,Reboucas
São Paulo,SP,Lins,Residencial Fortaleza
São Paulo,SP,Lins,Residencial Henrique Bertin
São Paulo,SP,Lins,Residencial Jardim Paineiras
São Paulo,SP,Lins,Residencial Morumbi
São Paulo,SP,Lins,Ribeiro
São Paulo,SP,Lins,Vila Alta
São Paulo,SP,Lins,Vila Amalia
São Paulo,SP,Lins,Vila America
São Paulo,SP,Lins,Vila Anchieta
São Paulo,SP,Lins,Vila Azevedo
São Paulo,SP,Lins,Vila Bela Vista
São Paulo,SP,Lins,Vila Cinquentenario da Imigracao Japonesa
São Paulo,SP,Lins,Vila Clelia
São Paulo,SP,Lins,Vila Ester
São Paulo,SP,Lins,Vila Guararapes
São Paulo,SP,Lins,Vila Irmaos Andrade
São Paulo,SP,Lins,Vila Jose Mendes
São Paulo,SP,Lins,Vila Mafalda
São Paulo,SP,Lins,Vila Marussig
São Paulo,SP,Lins,Vila Militar
São Paulo,SP,Lins,Vila Pacini
São Paulo,SP,Lins,Vila Parque das Americas
São Paulo,SP,Lins,Vila Paulista
São Paulo,SP,Lins,Vila Perin
São Paulo,SP,Lins,Vila Ramalho
São Paulo,SP,Lins,Vila Rodrigues
São Paulo,SP,Lins,Vila Santa Terezinha
São Paulo,SP,Lins,Vila Sao Benedito
São Paulo,SP,Lins,Vila Sao Jose
São Paulo,SP,Lins,Vila Teixeira
São Paulo,SP,Lorena,Cabelinha
São Paulo,SP,Lorena,Cecap
São Paulo,SP,Lorena,Centro
São Paulo,SP,Lorena,Cidade Industrial
São Paulo,SP,Lorena,Cruz
São Paulo,SP,Lorena,Granja Sao Cristovao
São Paulo,SP,Lorena,Jardim Imperial
São Paulo,SP,Lorena,Jardim M Lorena
São Paulo,SP,Lorena,Jardim Margarida
São Paulo,SP,Lorena,Jardim Novo Horizonte
São Paulo,SP,Lorena,Madre Mazzarelo
São Paulo,SP,Lorena,Matadouro Velho
São Paulo,SP,Lorena,Nova Lorena
São Paulo,SP,Lorena,Olaria
São Paulo,SP,Lorena,Parque das Rodovias
São Paulo,SP,Lorena,Parque Mondesir
São Paulo,SP,Lorena,Parque Residencial Nova Lorena
São Paulo,SP,Lorena,Parque Tabatinga
São Paulo,SP,Lorena,Santo Antonio
São Paulo,SP,Lorena,Vila Aparecida
São Paulo,SP,Lorena,Vila Brito
São Paulo,SP,Lorena,Vila Buck
São Paulo,SP,Lorena,Vila Celeste
São Paulo,SP,Lorena,Vila Cida
São Paulo,SP,Lorena,Vila Cristina
São Paulo,SP,Lorena,Vila Diva
São Paulo,SP,Lorena,Vila Dom Bosco
São Paulo,SP,Lorena,Vila Esperanca
São Paulo,SP,Lorena,Vila Fabiano
São Paulo,SP,Lorena,Vila Figueira
São Paulo,SP,Lorena,Vila Geny
São Paulo,SP,Lorena,Vila Hepacare
São Paulo,SP,Lorena,Vila Izabel
São Paulo,SP,Lorena,Vila Maria de Lourdes
São Paulo,SP,Lorena,Vila Neide
São Paulo,SP,Lorena,Vila Normandia
São Paulo,SP,Lorena,Vila Nunes
São Paulo,SP,Lorena,Vila Passos
São Paulo,SP,Lorena,Vila Santa Edwiges
São Paulo,SP,Lorena,Vila Santa Maria
São Paulo,SP,Lorena,Vila Sao Miguel
São Paulo,SP,Lorena,Vila Sao Roque
São Paulo,SP,Lorena,Vila Simao
São Paulo,SP,Lorena,Vila Zelia
São Paulo,SP,Lorena,Ype
São Paulo,SP,Marilia,Altaneira
São Paulo,SP,Marilia,Alto Cafezal
São Paulo,SP,Marilia,Ana Carla
São Paulo,SP,Marilia,Barros
São Paulo,SP,Marilia,Bassan
São Paulo,SP,Marilia,Betel
São Paulo,SP,Marilia,Canaa
São Paulo,SP,Marilia,Cascata
São Paulo,SP,Marilia,Cavalieri
São Paulo,SP,Marilia,Cesar de Almeida
São Paulo,SP,Marilia,Chacara Eliana
São Paulo,SP,Marilia,Chacara Sao Carlos
São Paulo,SP,Marilia,Conjunto Habitacional Monsenhor Joao Batista Toffoli
São Paulo,SP,Marilia,Distrito Industrial
São Paulo,SP,Marilia,Herminio Ferminio Polon
São Paulo,SP,Marilia,Higienopolis
São Paulo,SP,Marilia,Jardim Acapulco
São Paulo,SP,Marilia,Jardim Aeroporto
São Paulo,SP,Marilia,Jardim Alvorada
São Paulo,SP,Marilia,Jardim America
São Paulo,SP,Marilia,Jardim Aparecida Nasser
São Paulo,SP,Marilia,Jardim Aquarius
São Paulo,SP,Marilia,Jardim Araxa
São Paulo,SP,Marilia,Jardim California
São Paulo,SP,Marilia,Jardim Cavallari
São Paulo,SP,Marilia,Jardim Colibri
São Paulo,SP,Marilia,Jardim Continental
São Paulo,SP,Marilia,Jardim Cristo Rei
São Paulo,SP,Marilia,Jardim dos Lirios
São Paulo,SP,Marilia,Jardim Esplanada
São Paulo,SP,Marilia,Jardim Estoril
São Paulo,SP,Marilia,Jardim Fontanelli
São Paulo,SP,Marilia,Jardim Guaruja
São Paulo,SP,Marilia,Jardim Itamarati
São Paulo,SP,Marilia,Jardim Luciana
São Paulo,SP,Marilia,Jardim Maraja
São Paulo,SP,Marilia,Jardim Marambaia
São Paulo,SP,Marilia,Jardim Maria Izabel
São Paulo,SP,Marilia,Jardim Maria Martha
São Paulo,SP,Marilia,Jardim Marilia
São Paulo,SP,Marilia,Jardim Monte Castelo
São Paulo,SP,Marilia,Jardim Nacional
São Paulo,SP,Marilia,Jardim Ohara
São Paulo,SP,Marilia,Jardim Paraiso
São Paulo,SP,Marilia,Jardim Planalto
São Paulo,SP,Marilia,Jardim Polyana
São Paulo,SP,Marilia,Jardim Presidente
São Paulo,SP,Marilia,Jardim Progresso
São Paulo,SP,Marilia,Jardim Riviera
São Paulo,SP,Marilia,Jardim Santa Antonieta*
São Paulo,SP,Marilia,Jardim Santa Clara
São Paulo,SP,Marilia,Jardim Sao Domingos
São Paulo,SP,Marilia,Jardim Sao Francisco
São Paulo,SP,Marilia,Jardim Sao Gabriel
São Paulo,SP,Marilia,Jardim Teotonio Vilela
São Paulo,SP,Marilia,Jardim Universitario
São Paulo,SP,Marilia,Jardim Virginia
São Paulo,SP,Marilia,Lorenzetti
São Paulo,SP,Marilia,Mariana
São Paulo,SP,Marilia,Marilia
São Paulo,SP,Marilia,Mirante
São Paulo,SP,Marilia,Montolar
São Paulo,SP,Marilia,Nucleo Habitacional Castelo Branco
São Paulo,SP,Marilia,Nucleo Habitacional Cecap
São Paulo,SP,Marilia,Nucleo Habitacional Chico Mendes
São Paulo,SP,Marilia,Nucleo Habitacional Costa e Silva
São Paulo,SP,Marilia,Nucleo Habitacional Doutor Fernando Mauro Pires Rocha
São Paulo,SP,Marilia,Nucleo Habitacional Eliana Dias Mota
São Paulo,SP,Marilia,Nucleo Habitacional Jardim Bela Vista
São Paulo,SP,Marilia,Nucleo Habitacional Juscelino Kubitschek
São Paulo,SP,Marilia,Nucleo Habitacional Maria Angelica Matos
São Paulo,SP,Marilia,Nucleo Habitacional Nova Marilia
São Paulo,SP,Marilia,Palmeira
São Paulo,SP,Marilia,Palmital
São Paulo,SP,Marilia,Parque das Acacias
São Paulo,SP,Marilia,Parque das Nacoes
São Paulo,SP,Marilia,Parque das Primaveras
São Paulo,SP,Marilia,Parque das Vivendas
São Paulo,SP,Marilia,Parque dos Ipes
São Paulo,SP,Marilia,Parque Nova Almeida
São Paulo,SP,Marilia,Parque Residencial Novo Horizonte
São Paulo,SP,Marilia,Paulista
São Paulo,SP,Marilia,Polon
São Paulo,SP,Marilia,Quarto Centenario
São Paulo,SP,Marilia,Realengo
São Paulo,SP,Marilia,Rio Branco
São Paulo,SP,Marilia,Santa Lourdes
São Paulo,SP,Marilia,Santa Olivia
São Paulo,SP,Marilia,Santa Tereza
São Paulo,SP,Marilia,Sao Joao
São Paulo,SP,Marilia,Sao Jose
São Paulo,SP,Marilia,Sao Miguel
São Paulo,SP,Marilia,Sao Paulo
São Paulo,SP,Marilia,Senador Salgado Filho
São Paulo,SP,Marilia,Sitios de Recreio Ceu Azul
São Paulo,SP,Marilia,Sitios de Recreio Santa Gertrudes
São Paulo,SP,Marilia,Somenzari
São Paulo,SP,Marilia,Souza
São Paulo,SP,Marilia,Thereza Bassan de Argollo Ferrao
São Paulo,SP,Marilia,Vila Coimbra
São Paulo,SP,Marilia,Vila Real
São Paulo,SP,Marilia,Vila Romana
São Paulo,SP,Matao,Alto
São Paulo,SP,Matao,Bela Vista
São Paulo,SP,Matao,Boa Vista
São Paulo,SP,Matao,Bussola
São Paulo,SP,Matao,Centro
São Paulo,SP,Matao,Conjunto Residencial Joao Vital
São Paulo,SP,Matao,Distrito Industrial Adolfo Baldan
São Paulo,SP,Matao,IV Centenario
São Paulo,SP,Matao,Jardim Aeroporto
São Paulo,SP,Matao,Jardim Aeroporto II
São Paulo,SP,Matao,Jardim Alvorada
São Paulo,SP,Matao,Jardim Ballista
São Paulo,SP,Matao,Jardim Brasil
São Paulo,SP,Matao,Jardim Buscardi
São Paulo,SP,Matao,Jardim Cambui
São Paulo,SP,Matao,Jardim da Saudade
São Paulo,SP,Matao,Jardim do Bosque
São Paulo,SP,Matao,Jardim Italia
São Paulo,SP,Matao,Jardim Morumbi
São Paulo,SP,Matao,Jardim Paraiso
São Paulo,SP,Matao,Jardim Paraiso II
São Paulo,SP,Matao,Jardim Paraiso III
São Paulo,SP,Matao,Jardim Pereira
São Paulo,SP,Matao,Jardim Popular
São Paulo,SP,Matao,Jardim Primavera
São Paulo,SP,Matao,Jardim Santa Rosa
São Paulo,SP,Matao,Jardim Sao Jose
São Paulo,SP,Matao,Las Lomas
São Paulo,SP,Matao,Nova Matao
São Paulo,SP,Matao,Park Alianca
São Paulo,SP,Matao,Park do Imperador
São Paulo,SP,Matao,Recanto dos Pinheiros
São Paulo,SP,Matao,Residencial Olivio Benassi
São Paulo,SP,Matao,Silvania
São Paulo,SP,Matao,Toriba
São Paulo,SP,Matao,Vila Cardim
São Paulo,SP,Matao,Vila Guarani
São Paulo,SP,Matao,Vila Jandira
São Paulo,SP,Matao,Vila Mariani
São Paulo,SP,Matao,Vila Santa Cruz
São Paulo,SP,Matao,Vivelandia
São Paulo,SP,Maua,Alto da Boa Vista
São Paulo,SP,Maua,Capuava
São Paulo,SP,Maua,Jardim Anchieta
São Paulo,SP,Maua,Jardim Bela Vista
São Paulo,SP,Maua,Jardim Bogus
São Paulo,SP,Maua,Jardim Bom Recanto
São Paulo,SP,Maua,Jardim Camila
São Paulo,SP,Maua,Jardim Canada
São Paulo,SP,Maua,Jardim Esperanca
São Paulo,SP,Maua,Jardim Estrela
São Paulo,SP,Maua,Jardim Guapituba
São Paulo,SP,Maua,Jardim Haydee
São Paulo,SP,Maua,Jardim Ipe
São Paulo,SP,Maua,Jardim Itapark
São Paulo,SP,Maua,Jardim Itapark Novo
São Paulo,SP,Maua,Jardim Itapeva
São Paulo,SP,Maua,Jardim Luzitano
São Paulo,SP,Maua,Jardim Maria Eneida
São Paulo,SP,Maua,Jardim Maringa
São Paulo,SP,Maua,Jardim Maua
São Paulo,SP,Maua,Jardim Miranda D'aviz
São Paulo,SP,Maua,Jardim Paranavai
São Paulo,SP,Maua,Jardim Paulista
São Paulo,SP,Maua,Jardim Pedroso
São Paulo,SP,Maua,Jardim Pilar
São Paulo,SP,Maua,Jardim Planalto
São Paulo,SP,Maua,Jardim Primavera
São Paulo,SP,Maua,Jardim Rosina
São Paulo,SP,Maua,Jardim Santa Lidia
São Paulo,SP,Maua,Jardim Santista
São Paulo,SP,Maua,Jardim Sao Francisco
São Paulo,SP,Maua,Jardim Sao Gabriel
São Paulo,SP,Maua,Jardim Sao Jose
São Paulo,SP,Maua,Jardim Sao Judas
São Paulo,SP,Maua,Jardim Sao Lucas
São Paulo,SP,Maua,Jardim Sao Sebastiao
São Paulo,SP,Maua,Jardim Silvia Maria
São Paulo,SP,Maua,Jardim Sonia Maria
São Paulo,SP,Maua,Jardim Zaira
São Paulo,SP,Maua,Matriz
São Paulo,SP,Maua,Parque Alvorada
São Paulo,SP,Maua,Parque Bandeirantes
São Paulo,SP,Maua,Parque Boa Esperanca
São Paulo,SP,Maua,Parque das Americas
São Paulo,SP,Maua,Parque Sao Vicente
São Paulo,SP,Maua,Vila America
São Paulo,SP,Maua,Vila Ana Maria
São Paulo,SP,Maua,Vila Assis Brasil
São Paulo,SP,Maua,Vila Augusto
São Paulo,SP,Maua,Vila Bocaina
São Paulo,SP,Maua,Vila Carlina
São Paulo,SP,Maua,Vila Correia
São Paulo,SP,Maua,Vila Dirce
São Paulo,SP,Maua,Vila Emilio
São Paulo,SP,Maua,Vila Falchi
São Paulo,SP,Maua,Vila Florida
São Paulo,SP,Maua,Vila Guarani
São Paulo,SP,Maua,Vila Independencia
São Paulo,SP,Maua,Vila Lisboa
São Paulo,SP,Maua,Vila Magini
São Paulo,SP,Maua,Vila Noemia
São Paulo,SP,Maua,Vila Nossa Senhora das Vitorias
São Paulo,SP,Maua,Vila Santa Cecilia
São Paulo,SP,Maua,Vila Santa Rosa
São Paulo,SP,Maua,Vila Sao Francisco
São Paulo,SP,Maua,Vila Tavares
São Paulo,SP,Mococa,Aparecida
São Paulo,SP,Mococa,Bras
São Paulo,SP,Mococa,Cecap I
São Paulo,SP,Mococa,Cecap II
São Paulo,SP,Mococa,Centro
São Paulo,SP,Mococa,Chacara Bela Vista
São Paulo,SP,Mococa,Chacara do Vale
São Paulo,SP,Mococa,Conjunto Habitacional Gabriel do O
São Paulo,SP,Mococa,Conjunto Habitacional Gilberto Rossetti
São Paulo,SP,Mococa,Conjunto Habitacional Luiz Fernandes Dias
São Paulo,SP,Mococa,Descanso
São Paulo,SP,Mococa,Distrito Industrial I
São Paulo,SP,Mococa,Distrito Industrial II
São Paulo,SP,Mococa,Jardim Alvorada
São Paulo,SP,Mococa,Jardim Bianchesi
São Paulo,SP,Mococa,Jardim Chico Piscina
São Paulo,SP,Mococa,Jardim Gatolandia
São Paulo,SP,Mococa,Jardim Lavinia
São Paulo,SP,Mococa,Jardim Melchior
São Paulo,SP,Mococa,Jardim Morro Azul
São Paulo,SP,Mococa,Jardim Nova Mococa
São Paulo,SP,Mococa,Jardim Primavera
São Paulo,SP,Mococa,Jardim Residencial do Bosque
São Paulo,SP,Mococa,Jardim Riachuelo
São Paulo,SP,Mococa,Jardim Rigobelo
São Paulo,SP,Mococa,Jardim Santa Cecilia
São Paulo,SP,Mococa,Jardim Santa Clara
São Paulo,SP,Mococa,Jardim Santa Maria
São Paulo,SP,Mococa,Jardim Sao Domingos
São Paulo,SP,Mococa,Jardim Sao Francisco
São Paulo,SP,Mococa,Jardim Sao Luiz
São Paulo,SP,Mococa,Mocoquinha
São Paulo,SP,Mococa,Nucleo Habitacional Nene Pereira Lima
São Paulo,SP,Mococa,Vila Carvalho
São Paulo,SP,Mococa,Vila Lambari
São Paulo,SP,Mococa,Vila Maria
São Paulo,SP,Mococa,Vila Mariana
São Paulo,SP,Mococa,Vila Naufel
São Paulo,SP,Mococa,Vila Quintino
São Paulo,SP,Mococa,Vila Santa Cruz
São Paulo,SP,Mococa,Vila Santa Rosa
São Paulo,SP,Mogi das Cruzes,Alto da Boa Vista
São Paulo,SP,Mogi das Cruzes,Alto Ipiranga
São Paulo,SP,Mogi das Cruzes,Botujuru
São Paulo,SP,Mogi das Cruzes,Braz Cubas
São Paulo,SP,Mogi das Cruzes,Centro
São Paulo,SP,Mogi das Cruzes,Centro Civico
São Paulo,SP,Mogi das Cruzes,Cezar de Souza
São Paulo,SP,Mogi das Cruzes,Chacara das Flores
São Paulo,SP,Mogi das Cruzes,Conjunto Habitacional Ana Paula
São Paulo,SP,Mogi das Cruzes,Conjunto Habitacional Antonio Bovolenta
São Paulo,SP,Mogi das Cruzes,Conjunto Habitacional Bras Cubas
São Paulo,SP,Mogi das Cruzes,Conjunto Habitacional Sao Sebastiao
São Paulo,SP,Mogi das Cruzes,Conjunto Residencial Antonio Bovolenta
São Paulo,SP,Mogi das Cruzes,Conjunto Residencial do Bosque
São Paulo,SP,Mogi das Cruzes,Conjunto Residencial Nova Bertioga
São Paulo,SP,Mogi das Cruzes,Jardim Aeroporto III
São Paulo,SP,Mogi das Cruzes,Jardim Apolo
São Paulo,SP,Mogi das Cruzes,Jardim Aracy
São Paulo,SP,Mogi das Cruzes,Jardim Armenia
São Paulo,SP,Mogi das Cruzes,Jardim Avenida
São Paulo,SP,Mogi das Cruzes,Jardim Bela Vista
São Paulo,SP,Mogi das Cruzes,Jardim Betania
São Paulo,SP,Mogi das Cruzes,Jardim Camila
São Paulo,SP,Mogi das Cruzes,Jardim Cecilia
São Paulo,SP,Mogi das Cruzes,Jardim Cintia
São Paulo,SP,Mogi das Cruzes,Jardim das Acacias
São Paulo,SP,Mogi das Cruzes,Jardim das Bandeiras
São Paulo,SP,Mogi das Cruzes,Jardim Doutora Liliana
São Paulo,SP,Mogi das Cruzes,Jardim Esperanca
São Paulo,SP,Mogi das Cruzes,Jardim Esplanada
São Paulo,SP,Mogi das Cruzes,Jardim Ivete
São Paulo,SP,Mogi das Cruzes,Jardim Juliana
São Paulo,SP,Mogi das Cruzes,Jardim Marica
São Paulo,SP,Mogi das Cruzes,Jardim Modelo
São Paulo,SP,Mogi das Cruzes,Jardim Mogi
São Paulo,SP,Mogi das Cruzes,Jardim Nautico
São Paulo,SP,Mogi das Cruzes,Jardim Paulista
São Paulo,SP,Mogi das Cruzes,Jardim Ponte Grande
São Paulo,SP,Mogi das Cruzes,Jardim Rodeio
São Paulo,SP,Mogi das Cruzes,Jardim Santa Carolina
São Paulo,SP,Mogi das Cruzes,Jardim Santa Teresa
São Paulo,SP,Mogi das Cruzes,Jardim Santista
São Paulo,SP,Mogi das Cruzes,Jardim Sao Francisco
São Paulo,SP,Mogi das Cruzes,Jardim Sao Jorge
São Paulo,SP,Mogi das Cruzes,Jardim Sao Pedro
São Paulo,SP,Mogi das Cruzes,Jardim Universo
São Paulo,SP,Mogi das Cruzes,Jardim Veneza
São Paulo,SP,Mogi das Cruzes,Jundiapeba
São Paulo,SP,Mogi das Cruzes,Lagoa Seca
São Paulo,SP,Mogi das Cruzes,Loteamento Municipal Bras Cubas
São Paulo,SP,Mogi das Cruzes,Loteamento Yotsu Tobisawa
São Paulo,SP,Mogi das Cruzes,Parque Monte Libano
São Paulo,SP,Mogi das Cruzes,Parque Santana
São Paulo,SP,Mogi das Cruzes,Sabauna
São Paulo,SP,Mogi das Cruzes,Taiacupeba
São Paulo,SP,Mogi das Cruzes,Vila Andrade
São Paulo,SP,Mogi das Cruzes,Vila Aurea Maria
São Paulo,SP,Mogi das Cruzes,Vila Bela Flor
São Paulo,SP,Mogi das Cruzes,Vila Bernadotti
São Paulo,SP,Mogi das Cruzes,Vila Bras Cubas
São Paulo,SP,Mogi das Cruzes,Vila Brasileira
São Paulo,SP,Mogi das Cruzes,Vila Caputera
São Paulo,SP,Mogi das Cruzes,Vila Cardoso
São Paulo,SP,Mogi das Cruzes,Vila Cecilia
São Paulo,SP,Mogi das Cruzes,Vila Celeste
São Paulo,SP,Mogi das Cruzes,Vila Cidinha
São Paulo,SP,Mogi das Cruzes,Vila Cintra
São Paulo,SP,Mogi das Cruzes,Vila Cleo
São Paulo,SP,Mogi das Cruzes,Vila Flavio
São Paulo,SP,Mogi das Cruzes,Vila Helio
São Paulo,SP,Mogi das Cruzes,Vila Horizonte
São Paulo,SP,Mogi das Cruzes,Vila Industrial
São Paulo,SP,Mogi das Cruzes,Vila Ipiranga
São Paulo,SP,Mogi das Cruzes,Vila Jundiai
São Paulo,SP,Mogi das Cruzes,Vila Lavinia
São Paulo,SP,Mogi das Cruzes,Vila Martins
São Paulo,SP,Mogi das Cruzes,Vila Mathias
São Paulo,SP,Mogi das Cruzes,Vila Melchizedec
São Paulo,SP,Mogi das Cruzes,Vila Mogi Moderno
São Paulo,SP,Mogi das Cruzes,Vila Mogilar
São Paulo,SP,Mogi das Cruzes,Vila Nancy
São Paulo,SP,Mogi das Cruzes,Vila Natal
São Paulo,SP,Mogi das Cruzes,Vila Nova Aparecida
São Paulo,SP,Mogi das Cruzes,Vila Nova Cintra
São Paulo,SP,Mogi das Cruzes,Vila Nova Socorro
São Paulo,SP,Mogi das Cruzes,Vila Oliveira
São Paulo,SP,Mogi das Cruzes,Vila Partenio
São Paulo,SP,Mogi das Cruzes,Vila Paulicea
São Paulo,SP,Mogi das Cruzes,Vila Paulista
São Paulo,SP,Mogi das Cruzes,Vila Paulista da Estacao
São Paulo,SP,Mogi das Cruzes,Vila Pomar
São Paulo,SP,Mogi das Cruzes,Vila Presidente Wilson
São Paulo,SP,Mogi das Cruzes,Vila Progresso
São Paulo,SP,Mogi das Cruzes,Vila Ressaca
São Paulo,SP,Mogi das Cruzes,Vila Rocha
São Paulo,SP,Mogi das Cruzes,Vila Rubens
São Paulo,SP,Mogi das Cruzes,Vila Santa Teresinha
São Paulo,SP,Mogi das Cruzes,Vila Santana
São Paulo,SP,Mogi das Cruzes,Vila Sao Francisco
São Paulo,SP,Mogi das Cruzes,Vila Sao Paulo
São Paulo,SP,Mogi das Cruzes,Vila Sao Sebastiao
São Paulo,SP,Mogi das Cruzes,Vila Sarah Avignon
São Paulo,SP,Mogi das Cruzes,Vila Socorro Velho
São Paulo,SP,Mogi das Cruzes,Vila Sud Menuci
São Paulo,SP,Mogi das Cruzes,Vila Suissa
São Paulo,SP,Mogi das Cruzes,Vila Tiete
São Paulo,SP,Mogi das Cruzes,Vila Vitoria
São Paulo,SP,Mogi-guacu,Areiao
São Paulo,SP,Mogi-guacu,Arrumamento Primavera
São Paulo,SP,Mogi-guacu,Capela
São Paulo,SP,Mogi-guacu,Centro
São Paulo,SP,Mogi-guacu,Chacara de Ouro
São Paulo,SP,Mogi-guacu,Chacara Goncalo
São Paulo,SP,Mogi-guacu,Chacara Sao Joao
São Paulo,SP,Mogi-guacu,Desmembramento Furno
São Paulo,SP,Mogi-guacu,Desmembramento Kamel II
São Paulo,SP,Mogi-guacu,Desmembramento Santana
São Paulo,SP,Mogi-guacu,Distrito Industrial I
São Paulo,SP,Mogi-guacu,Distrito Industrial II
São Paulo,SP,Mogi-guacu,Distrito Industrial III
São Paulo,SP,Mogi-guacu,Imovel Olho D'agua
São Paulo,SP,Mogi-guacu,Imovel Pedregulhal
São Paulo,SP,Mogi-guacu,Jardim Almira
São Paulo,SP,Mogi-guacu,Jardim Alvorada
São Paulo,SP,Mogi-guacu,Jardim Bandeirantes
São Paulo,SP,Mogi-guacu,Jardim Bela Vista
São Paulo,SP,Mogi-guacu,Jardim Brasilia
São Paulo,SP,Mogi-guacu,Jardim Camargo I
São Paulo,SP,Mogi-guacu,Jardim Camargo II
São Paulo,SP,Mogi-guacu,Jardim Casa Grande
São Paulo,SP,Mogi-guacu,Jardim Centenario
São Paulo,SP,Mogi-guacu,Jardim Cristina
São Paulo,SP,Mogi-guacu,Jardim Cruzeiro
São Paulo,SP,Mogi-guacu,Jardim da Lagoa
São Paulo,SP,Mogi-guacu,Jardim Duas Nascentes
São Paulo,SP,Mogi-guacu,Jardim Guacu-mirim I
São Paulo,SP,Mogi-guacu,Jardim Guacu-mirim II
São Paulo,SP,Mogi-guacu,Jardim Guacu-mirim III
São Paulo,SP,Mogi-guacu,Jardim Hedy
São Paulo,SP,Mogi-guacu,Jardim Igacaba
São Paulo,SP,Mogi-guacu,Jardim Iguatemi
São Paulo,SP,Mogi-guacu,Jardim Ipe I
São Paulo,SP,Mogi-guacu,Jardim Ipe II
São Paulo,SP,Mogi-guacu,Jardim Ipe III
São Paulo,SP,Mogi-guacu,Jardim Ipe IV
São Paulo,SP,Mogi-guacu,Jardim Ipe Pinheiro
São Paulo,SP,Mogi-guacu,Jardim Itacolomi
São Paulo,SP,Mogi-guacu,Jardim Itamaraty
São Paulo,SP,Mogi-guacu,Jardim Jacira
São Paulo,SP,Mogi-guacu,Jardim Maria Mendes
São Paulo,SP,Mogi-guacu,Jardim Munhos
São Paulo,SP,Mogi-guacu,Jardim Murilo
São Paulo,SP,Mogi-guacu,Jardim Nossa Senhora das Gracas
São Paulo,SP,Mogi-guacu,Jardim Novo I
São Paulo,SP,Mogi-guacu,Jardim Novo Itacolomi
São Paulo,SP,Mogi-guacu,Jardim Paulista
São Paulo,SP,Mogi-guacu,Jardim Planalto
São Paulo,SP,Mogi-guacu,Jardim Planalto Verde
São Paulo,SP,Mogi-guacu,Jardim Presidente
São Paulo,SP,Mogi-guacu,Jardim Progresso
São Paulo,SP,Mogi-guacu,Jardim Rosa Cruz
São Paulo,SP,Mogi-guacu,Jardim Samira
São Paulo,SP,Mogi-guacu,Jardim Santa Helena
São Paulo,SP,Mogi-guacu,Jardim Santa Madalena
São Paulo,SP,Mogi-guacu,Jardim Santa Maria I
São Paulo,SP,Mogi-guacu,Jardim Santa Maria II
São Paulo,SP,Mogi-guacu,Jardim Santo Antonio
São Paulo,SP,Mogi-guacu,Jardim Sao Luiz
São Paulo,SP,Mogi-guacu,Jardim Selma
São Paulo,SP,Mogi-guacu,Jardim Serra Dourada
São Paulo,SP,Mogi-guacu,Jardim Slest
São Paulo,SP,Mogi-guacu,Jardim Soares
São Paulo,SP,Mogi-guacu,Jardim Sonia
São Paulo,SP,Mogi-guacu,Jardim Tabajara
São Paulo,SP,Mogi-guacu,Lote
São Paulo,SP,Mogi-guacu,Loteamento Cidade Nova Mogi-guacu
São Paulo,SP,Mogi-guacu,Loteamento Coloninha
São Paulo,SP,Mogi-guacu,Loteamento Europa
São Paulo,SP,Mogi-guacu,Loteamento Morro de Ouro
São Paulo,SP,Mogi-guacu,Loteamento Parque do Estado
São Paulo,SP,Mogi-guacu,Loteamento Parque Itacolomi
São Paulo,SP,Mogi-guacu,Loteamento Parque Real Guacu
São Paulo,SP,Mogi-guacu,Loteamento Portal Flamboyant
São Paulo,SP,Mogi-guacu,Parque Cidade Nova
São Paulo,SP,Mogi-guacu,Parque Guainco
São Paulo,SP,Mogi-guacu,Parque Residencial Cambui
São Paulo,SP,Mogi-guacu,Parque Sao Luiz
São Paulo,SP,Mogi-guacu,Recanto do Itamaraca
São Paulo,SP,Mogi-guacu,Vila Beatriz I
São Paulo,SP,Mogi-guacu,Vila Beatriz II
São Paulo,SP,Mogi-guacu,Vila Bertioga
São Paulo,SP,Mogi-guacu,Vila Champion
São Paulo,SP,Mogi-guacu,Vila J de Paula
São Paulo,SP,Mogi-guacu,Vila Julia
São Paulo,SP,Mogi-guacu,Vila Maria
São Paulo,SP,Mogi-guacu,Vila Paraiso
São Paulo,SP,Mogi-guacu,Vila Pataro
São Paulo,SP,Mogi-guacu,Vila Pinheiro
São Paulo,SP,Mogi-guacu,Vila Ricci
São Paulo,SP,Mogi-guacu,Vila Roberto
São Paulo,SP,Mogi-guacu,Vila Santa Julia
São Paulo,SP,Mogi-guacu,Vila Santa Rosa
São Paulo,SP,Mogi-guacu,Vila Sao Carlos
São Paulo,SP,Mogi-guacu,Vila Sao Joao
São Paulo,SP,Mogi-guacu,Vila Vasconcelos
São Paulo,SP,Mogi-mirim,Aterrado
São Paulo,SP,Mogi-mirim,Centro
São Paulo,SP,Mogi-mirim,Chacara Ipe
São Paulo,SP,Mogi-mirim,Chacara Sao Luiz
São Paulo,SP,Mogi-mirim,Chacara Sao Marcelo
São Paulo,SP,Mogi-mirim,Conjunto Residencial Anselmo Lopes Bueno
São Paulo,SP,Mogi-mirim,Guarcez
São Paulo,SP,Mogi-mirim,Jardim 31 de Marco
São Paulo,SP,Mogi-mirim,Jardim Alvarenga
São Paulo,SP,Mogi-mirim,Jardim Alvorada
São Paulo,SP,Mogi-mirim,Jardim America
São Paulo,SP,Mogi-mirim,Jardim Aurea
São Paulo,SP,Mogi-mirim,Jardim Aurora
São Paulo,SP,Mogi-mirim,Jardim Bela Vista
São Paulo,SP,Mogi-mirim,Jardim Bi-centenario
São Paulo,SP,Mogi-mirim,Jardim Brasilia
São Paulo,SP,Mogi-mirim,Jardim California
São Paulo,SP,Mogi-mirim,Jardim Carlos Gomes
São Paulo,SP,Mogi-mirim,Jardim Centenario
São Paulo,SP,Mogi-mirim,Jardim Cintra
São Paulo,SP,Mogi-mirim,Jardim Copacabana
São Paulo,SP,Mogi-mirim,Jardim Elite
São Paulo,SP,Mogi-mirim,Jardim Flamboyant
São Paulo,SP,Mogi-mirim,Jardim Florida
São Paulo,SP,Mogi-mirim,Jardim Frei Emiliano
São Paulo,SP,Mogi-mirim,Jardim Getulio Vargas
São Paulo,SP,Mogi-mirim,Jardim Guacu Mirim
São Paulo,SP,Mogi-mirim,Jardim Guarnieri
São Paulo,SP,Mogi-mirim,Jardim Helena
São Paulo,SP,Mogi-mirim,Jardim Itapema
São Paulo,SP,Mogi-mirim,Jardim Lago
São Paulo,SP,Mogi-mirim,Jardim Longatto
São Paulo,SP,Mogi-mirim,Jardim Luiza
São Paulo,SP,Mogi-mirim,Jardim Maria Antonieta
São Paulo,SP,Mogi-mirim,Jardim Maria Beatriz
São Paulo,SP,Mogi-mirim,Jardim Maria Bonati Bordignon
São Paulo,SP,Mogi-mirim,Jardim Nazareth
São Paulo,SP,Mogi-mirim,Jardim Nossa Senhora Aparecida
São Paulo,SP,Mogi-mirim,Jardim Panorama
São Paulo,SP,Mogi-mirim,Jardim Paulista
São Paulo,SP,Mogi-mirim,Jardim Pissinatti
São Paulo,SP,Mogi-mirim,Jardim Planalto
São Paulo,SP,Mogi-mirim,Jardim Planalto Mirim
São Paulo,SP,Mogi-mirim,Jardim Santa Clara
São Paulo,SP,Mogi-mirim,Jardim Santa Cruz
São Paulo,SP,Mogi-mirim,Jardim Santa Helena
São Paulo,SP,Mogi-mirim,Jardim Sao Victor
São Paulo,SP,Mogi-mirim,Jardim Sbeghen
São Paulo,SP,Mogi-mirim,Jardim Scomparim
São Paulo,SP,Mogi-mirim,Jardim Silvania
São Paulo,SP,Mogi-mirim,Jardim Tropical
São Paulo,SP,Mogi-mirim,Loteamento Dionizio Linares
São Paulo,SP,Mogi-mirim,Loteamento Inocoop
São Paulo,SP,Mogi-mirim,Loteamento Irmaos Santos
São Paulo,SP,Mogi-mirim,Loteamento Irmaos Zani
São Paulo,SP,Mogi-mirim,Loteamento Nova Mogi
São Paulo,SP,Mogi-mirim,Loteamento Santa Ana
São Paulo,SP,Mogi-mirim,Loteamento Sao Jeronimo
São Paulo,SP,Mogi-mirim,Loteamento Sao Joao
São Paulo,SP,Mogi-mirim,Loteamento Sao Judas Tadeu
São Paulo,SP,Mogi-mirim,Mirante
São Paulo,SP,Mogi-mirim,Morro Vermelho
São Paulo,SP,Mogi-mirim,Nova Mogi
São Paulo,SP,Mogi-mirim,Parque da Imprensa
São Paulo,SP,Mogi-mirim,Parque Empresa
São Paulo,SP,Mogi-mirim,Parque Esperanca
São Paulo,SP,Mogi-mirim,Parque Estado II
São Paulo,SP,Mogi-mirim,Parque Laranjeiras
São Paulo,SP,Mogi-mirim,Parque Luiza
São Paulo,SP,Mogi-mirim,Parque Novacoop
São Paulo,SP,Mogi-mirim,Planalto Bela Vista
São Paulo,SP,Mogi-mirim,Santa Cruz
São Paulo,SP,Mogi-mirim,Saude
São Paulo,SP,Mogi-mirim,Tucura
São Paulo,SP,Mogi-mirim,Vila Bianchi
São Paulo,SP,Mogi-mirim,Vila Bordignon
São Paulo,SP,Mogi-mirim,Vila Dias
São Paulo,SP,Mogi-mirim,Vila Eunice
São Paulo,SP,Mogi-mirim,Vila Melo
São Paulo,SP,Mogi-mirim,Vila Morani
São Paulo,SP,Mogi-mirim,Vila Oceania
São Paulo,SP,Mogi-mirim,Vila Pichitelli
São Paulo,SP,Mogi-mirim,Vila Primavera
São Paulo,SP,Mogi-mirim,Vila Radio
São Paulo,SP,Mogi-mirim,Vila Santa Eliza
São Paulo,SP,Mogi-mirim,Vila Santa Luzia
São Paulo,SP,Mogi-mirim,Vila Sao Joao
São Paulo,SP,Mogi-mirim,Vila Sao Jose
São Paulo,SP,Mogi-mirim,Vila Universitaria
São Paulo,SP,Osasco,Bel Jardim
São Paulo,SP,Osasco,Bussocaba City
São Paulo,SP,Osasco,Centro
São Paulo,SP,Osasco,Chacara Anhanguera
São Paulo,SP,Osasco,Cidade Sao Francisco
São Paulo,SP,Osasco,Iapi
São Paulo,SP,Osasco,Jaguaribe
São Paulo,SP,Osasco,Jardim Adalgisa
São Paulo,SP,Osasco,Jardim Adriana
São Paulo,SP,Osasco,Jardim Agu
São Paulo,SP,Osasco,Jardim Alianca
São Paulo,SP,Osasco,Jardim Alvorada
São Paulo,SP,Osasco,Jardim Baronesa
São Paulo,SP,Osasco,Jardim Bela Vista
São Paulo,SP,Osasco,Jardim Bonanca
São Paulo,SP,Osasco,Jardim Brasilia
São Paulo,SP,Osasco,Jardim Bueno
São Paulo,SP,Osasco,Jardim Bussocaba
São Paulo,SP,Osasco,Jardim Bussocaba City
São Paulo,SP,Osasco,Jardim California
São Paulo,SP,Osasco,Jardim Capelaro
São Paulo,SP,Osasco,Jardim Ceramica
São Paulo,SP,Osasco,Jardim Cipava
São Paulo,SP,Osasco,Jardim Conceicao
São Paulo,SP,Osasco,Jardim D'abril
São Paulo,SP,Osasco,Jardim D'avila
São Paulo,SP,Osasco,Jardim das Flores
São Paulo,SP,Osasco,Jardim Dayaquinha
São Paulo,SP,Osasco,Jardim Elvira
São Paulo,SP,Osasco,Jardim Erick
São Paulo,SP,Osasco,Jardim Ester
São Paulo,SP,Osasco,Jardim Filipini
São Paulo,SP,Osasco,Jardim Flor de Primavera
São Paulo,SP,Osasco,Jardim General Craveiro Lopes
São Paulo,SP,Osasco,Jardim Granada
São Paulo,SP,Osasco,Jardim Guadalupe
São Paulo,SP,Osasco,Jardim Helena
São Paulo,SP,Osasco,Jardim Helena Maria
São Paulo,SP,Osasco,Jardim Icarai
São Paulo,SP,Osasco,Jardim Ilona
São Paulo,SP,Osasco,Jardim Iris
São Paulo,SP,Osasco,Jardim Ivete
São Paulo,SP,Osasco,Jardim Ivone
São Paulo,SP,Osasco,Jardim Lofredo
São Paulo,SP,Osasco,Jardim Marcos
São Paulo,SP,Osasco,Jardim Maria Cristina
São Paulo,SP,Osasco,Jardim Marieta
São Paulo,SP,Osasco,Jardim Marina
São Paulo,SP,Osasco,Jardim Mauricio
São Paulo,SP,Osasco,Jardim Mutinga
São Paulo,SP,Osasco,Jardim Noemi
São Paulo,SP,Osasco,Jardim Nossa Senhora da Gloria
São Paulo,SP,Osasco,Jardim Nova America
São Paulo,SP,Osasco,Jardim Nova Primavera
São Paulo,SP,Osasco,Jardim Novo Osasco
São Paulo,SP,Osasco,Jardim Oriental
São Paulo,SP,Osasco,Jardim Osasco
São Paulo,SP,Osasco,Jardim Padroeira
São Paulo,SP,Osasco,Jardim Padroeira I
São Paulo,SP,Osasco,Jardim Pedro Pinho
São Paulo,SP,Osasco,Jardim Piratininga
São Paulo,SP,Osasco,Jardim Platina
São Paulo,SP,Osasco,Jardim Primavera
São Paulo,SP,Osasco,Jardim Roberto
São Paulo,SP,Osasco,Jardim Rosa
São Paulo,SP,Osasco,Jardim Santa Rita de Cassia
São Paulo,SP,Osasco,Jardim Santo Antoninho
São Paulo,SP,Osasco,Jardim Santo Antonio
São Paulo,SP,Osasco,Jardim Sao Marcos
São Paulo,SP,Osasco,Jardim Sao Miguel
São Paulo,SP,Osasco,Jardim Sao Nicolau
São Paulo,SP,Osasco,Jardim Sao Paulo
São Paulo,SP,Osasco,Jardim Sao Victor
São Paulo,SP,Osasco,Jardim Silvestre
São Paulo,SP,Osasco,Jardim Sindona
São Paulo,SP,Osasco,Jardim Suely
São Paulo,SP,Osasco,Jardim Turibio
São Paulo,SP,Osasco,Jardim Veloso
São Paulo,SP,Osasco,Jardim Wania Helena
São Paulo,SP,Osasco,Jardim Wilson
São Paulo,SP,Osasco,Jardim Ype
São Paulo,SP,Osasco,Munhoz Junior
São Paulo,SP,Osasco,Mutinga
São Paulo,SP,Osasco,Parque Bandeirante
São Paulo,SP,Osasco,Parque Industrial Anhanguera
São Paulo,SP,Osasco,Parque Sao Nicolau
São Paulo,SP,Osasco,Presidente Altino
São Paulo,SP,Osasco,Recanto das Rosas
São Paulo,SP,Osasco,Rochdale
São Paulo,SP,Osasco,Umuarama
São Paulo,SP,Osasco,Vila Alianca
São Paulo,SP,Osasco,Vila Alice
São Paulo,SP,Osasco,Vila Ana Maria
São Paulo,SP,Osasco,Vila Augusta
São Paulo,SP,Osasco,Vila Ayrosa
São Paulo,SP,Osasco,Vila Borali
São Paulo,SP,Osasco,Vila Bussocaba
São Paulo,SP,Osasco,Vila Campesina
São Paulo,SP,Osasco,Vila Cerqueira
São Paulo,SP,Osasco,Vila Comendador Anunziato
São Paulo,SP,Osasco,Vila Corrego Rico
São Paulo,SP,Osasco,Vila das Rosas
São Paulo,SP,Osasco,Vila dos Remedios
São Paulo,SP,Osasco,Vila Finzeto
São Paulo,SP,Osasco,Vila Isabel
São Paulo,SP,Osasco,Vila Julieta
São Paulo,SP,Osasco,Vila Lauci
São Paulo,SP,Osasco,Vila Lillo
São Paulo,SP,Osasco,Vila Manzini
São Paulo,SP,Osasco,Vila Menk
São Paulo,SP,Osasco,Vila Militar
São Paulo,SP,Osasco,Vila Nova Europa
São Paulo,SP,Osasco,Vila Nova Osasco
São Paulo,SP,Osasco,Vila Osasco
São Paulo,SP,Osasco,Vila Pestana
São Paulo,SP,Osasco,Vila Pires
São Paulo,SP,Osasco,Vila Prado
São Paulo,SP,Osasco,Vila Quitauna
São Paulo,SP,Osasco,Vila Rica
São Paulo,SP,Osasco,Vila Rodrigues
São Paulo,SP,Osasco,Vila Rosely
São Paulo,SP,Osasco,Vila Sabara
São Paulo,SP,Osasco,Vila Santa Catarina
São Paulo,SP,Osasco,Vila Santa Clara
São Paulo,SP,Osasco,Vila Santa Edwiges
São Paulo,SP,Osasco,Vila Santa Terezinha
São Paulo,SP,Osasco,Vila Sao Joao
São Paulo,SP,Osasco,Vila Sao Jose
São Paulo,SP,Osasco,Vila Serventina
São Paulo,SP,Osasco,Vila Ticio
São Paulo,SP,Osasco,Vila Tiete
São Paulo,SP,Osasco,Vila Yara
São Paulo,SP,Osasco,Vila Yolanda
São Paulo,SP,Ourinhos,Centro
São Paulo,SP,Ourinhos,Chacaras Sao Silvestre
São Paulo,SP,Ourinhos,Cohaba
São Paulo,SP,Ourinhos,Conjunto Residencial Cizira Sandano Migliari
São Paulo,SP,Ourinhos,Conjunto Residencial Itajubi
São Paulo,SP,Ourinhos,Conjunto Residencial Padre Eduardo Murante
São Paulo,SP,Ourinhos,Jardim Alvorada
São Paulo,SP,Ourinhos,Jardim Anchieta
São Paulo,SP,Ourinhos,Jardim Aurora
São Paulo,SP,Ourinhos,Jardim Beatriz
São Paulo,SP,Ourinhos,Jardim Bela Vista
São Paulo,SP,Ourinhos,Jardim das Paineiras
São Paulo,SP,Ourinhos,Jardim dos Bandeirantes
São Paulo,SP,Ourinhos,Jardim Eldorado
São Paulo,SP,Ourinhos,Jardim Estoril
São Paulo,SP,Ourinhos,Jardim Europa
São Paulo,SP,Ourinhos,Jardim Furlan
São Paulo,SP,Ourinhos,Jardim Guapore
São Paulo,SP,Ourinhos,Jardim Industrial
São Paulo,SP,Ourinhos,Jardim Itamaraty
São Paulo,SP,Ourinhos,Jardim Josefina
São Paulo,SP,Ourinhos,Jardim Matilde
São Paulo,SP,Ourinhos,Jardim Nazareth
São Paulo,SP,Ourinhos,Jardim Ouro Verde
São Paulo,SP,Ourinhos,Jardim Paris
São Paulo,SP,Ourinhos,Jardim Paulista
São Paulo,SP,Ourinhos,Jardim Santa Catarina
São Paulo,SP,Ourinhos,Jardim Santa Cecilia
São Paulo,SP,Ourinhos,Jardim Santa Fe
São Paulo,SP,Ourinhos,Jardim Tropical
São Paulo,SP,Ourinhos,Jardim Vista Alegre
São Paulo,SP,Ourinhos,Loteamento Angelina Marcante
São Paulo,SP,Ourinhos,Loteamento Braz Christoni
São Paulo,SP,Ourinhos,Loteamento Domingos Garcia
São Paulo,SP,Ourinhos,Loteamento Maria Christoni
São Paulo,SP,Ourinhos,Loteamento Royal Park
São Paulo,SP,Ourinhos,Loteamento Waldomiro Amaral Mello
São Paulo,SP,Ourinhos,Nova Ourinhos
São Paulo,SP,Ourinhos,Nucleo Habitacional Asise Chequer Nicolau
São Paulo,SP,Ourinhos,Parque Minas Gerais
São Paulo,SP,Ourinhos,Parque Pacheco Chaves
São Paulo,SP,Ourinhos,Parque Valeriano Marcante
São Paulo,SP,Ourinhos,Residencial Parque Gabriela
São Paulo,SP,Ourinhos,Vila Boa Esperanca
São Paulo,SP,Ourinhos,Vila Brasil
São Paulo,SP,Ourinhos,Vila California
São Paulo,SP,Ourinhos,Vila Christoni
São Paulo,SP,Ourinhos,Vila Emilia
São Paulo,SP,Ourinhos,Vila Mano
São Paulo,SP,Ourinhos,Vila Margarida
São Paulo,SP,Ourinhos,Vila Moraes
São Paulo,SP,Ourinhos,Vila Musa
São Paulo,SP,Ourinhos,Vila Nossa Senhora de Fatima
São Paulo,SP,Ourinhos,Vila Nova Christoni
São Paulo,SP,Ourinhos,Vila Nova Sa
São Paulo,SP,Ourinhos,Vila Odilon
São Paulo,SP,Ourinhos,Vila Perino
São Paulo,SP,Ourinhos,Vila Recreio
São Paulo,SP,Ourinhos,Vila Rodrigues de Carvalho
São Paulo,SP,Ourinhos,Vila Sa
São Paulo,SP,Ourinhos,Vila Santa Maria
São Paulo,SP,Ourinhos,Vila Santo Antonio
São Paulo,SP,Ourinhos,Vila Santos Dumont
São Paulo,SP,Ourinhos,Vila Sao Francisco
São Paulo,SP,Ourinhos,Vila Sao Joao
São Paulo,SP,Ourinhos,Vila Sao Jose
São Paulo,SP,Ourinhos,Vila Sao Luiz
São Paulo,SP,Ourinhos,Vila Sao Silvestre
São Paulo,SP,Ourinhos,Vila Soares
São Paulo,SP,Ourinhos,Vila Vilar
São Paulo,SP,Ourinhos,Vila Village San Rafael
São Paulo,SP,Ourinhos,Villarville
São Paulo,SP,Pindamonhangaba,Alto do Cardoso
São Paulo,SP,Pindamonhangaba,Bela Vista
São Paulo,SP,Pindamonhangaba,Bosque da Princesa
São Paulo,SP,Pindamonhangaba,Campinas
São Paulo,SP,Pindamonhangaba,Centro
São Paulo,SP,Pindamonhangaba,Chacara Galega
São Paulo,SP,Pindamonhangaba,Cidade Nova
São Paulo,SP,Pindamonhangaba,Condominio Village Paineiras
São Paulo,SP,Pindamonhangaba,Conjunto Residencial Araretama
São Paulo,SP,Pindamonhangaba,Crispim
São Paulo,SP,Pindamonhangaba,Ipiranga
São Paulo,SP,Pindamonhangaba,Jardim Ana Maria
São Paulo,SP,Pindamonhangaba,Jardim Ana Quirina
São Paulo,SP,Pindamonhangaba,Jardim Angelina
São Paulo,SP,Pindamonhangaba,Jardim Boa Vista
São Paulo,SP,Pindamonhangaba,Jardim Campo Alegre
São Paulo,SP,Pindamonhangaba,Jardim Carangola
São Paulo,SP,Pindamonhangaba,Jardim Cristina
São Paulo,SP,Pindamonhangaba,Jardim do Chafariz
São Paulo,SP,Pindamonhangaba,Jardim Dom Bosco
São Paulo,SP,Pindamonhangaba,Jardim Eloyna
São Paulo,SP,Pindamonhangaba,Jardim Elvira Moreira
São Paulo,SP,Pindamonhangaba,Jardim Esperanca
São Paulo,SP,Pindamonhangaba,Jardim Imperial
São Paulo,SP,Pindamonhangaba,Jardim Irmaos Braga
São Paulo,SP,Pindamonhangaba,Jardim Leonor
São Paulo,SP,Pindamonhangaba,Jardim Maria Emilia
São Paulo,SP,Pindamonhangaba,Jardim Paulista
São Paulo,SP,Pindamonhangaba,Jardim Primavera
São Paulo,SP,Pindamonhangaba,Jardim Princesa
São Paulo,SP,Pindamonhangaba,Jardim Resende
São Paulo,SP,Pindamonhangaba,Jardim Residencial Doutor Lessa
São Paulo,SP,Pindamonhangaba,Jardim Rosely
São Paulo,SP,Pindamonhangaba,Jardim Santa Cecilia
São Paulo,SP,Pindamonhangaba,Jardim Santa Luzia
São Paulo,SP,Pindamonhangaba,Jardim Sao Dimas
São Paulo,SP,Pindamonhangaba,Loteamento Alfredo Abilio Flores
São Paulo,SP,Pindamonhangaba,Loteamento Beija-flor
São Paulo,SP,Pindamonhangaba,Loteamento Beira Rio
São Paulo,SP,Pindamonhangaba,Loteamento Residencial Andrade
São Paulo,SP,Pindamonhangaba,Maria Aurea
São Paulo,SP,Pindamonhangaba,Nossa Senhora do Perpetuo Socorro
São Paulo,SP,Pindamonhangaba,Parque das Nacoes
São Paulo,SP,Pindamonhangaba,Parque Lago Azul
São Paulo,SP,Pindamonhangaba,Parque Sao Domingos
São Paulo,SP,Pindamonhangaba,Parque Ype
São Paulo,SP,Pindamonhangaba,Quadra Coberta
São Paulo,SP,Pindamonhangaba,Residencial Campos Maia
São Paulo,SP,Pindamonhangaba,Residencial Comercial Vila Verde
São Paulo,SP,Pindamonhangaba,Residencial e Comercial Cidade Jardim
São Paulo,SP,Pindamonhangaba,Residencial e Comercial Cidade Morumbi
São Paulo,SP,Pindamonhangaba,Residencial Marica
São Paulo,SP,Pindamonhangaba,Residencial Ouro Verde
São Paulo,SP,Pindamonhangaba,Residencial Sao Sebastiao
São Paulo,SP,Pindamonhangaba,Residencial Vila Prado
São Paulo,SP,Pindamonhangaba,Ribeirao Grande
São Paulo,SP,Pindamonhangaba,Santana
São Paulo,SP,Pindamonhangaba,Sao Benedito
São Paulo,SP,Pindamonhangaba,Sao Jose dos Alpes
São Paulo,SP,Pindamonhangaba,Triangulo
São Paulo,SP,Pindamonhangaba,Vila Dona Ana Goffe
São Paulo,SP,Pindamonhangaba,Vila Nair
São Paulo,SP,Pindamonhangaba,Vila Nehemia
São Paulo,SP,Pindamonhangaba,Vila Nossa Senhora Auxiliadora
São Paulo,SP,Pindamonhangaba,Vila Nossa Senhora das Gracas
São Paulo,SP,Pindamonhangaba,Vila Rica
São Paulo,SP,Pindamonhangaba,Vila Santa Clara
São Paulo,SP,Pindamonhangaba,Vila Santa Terezinha
São Paulo,SP,Pindamonhangaba,Vila Sao Judas Tadeu
São Paulo,SP,Piracicaba,Agua Branca
São Paulo,SP,Piracicaba,Agua Seca
São Paulo,SP,Piracicaba,Alemaes
São Paulo,SP,Piracicaba,Alto
São Paulo,SP,Piracicaba,Balbo
São Paulo,SP,Piracicaba,Bongue
São Paulo,SP,Piracicaba,Centro
São Paulo,SP,Piracicaba,Chacara Esperia
São Paulo,SP,Piracicaba,Dois Cerrepos
São Paulo,SP,Piracicaba,Gleba California
São Paulo,SP,Piracicaba,Higienopolis
São Paulo,SP,Piracicaba,Jaragua
São Paulo,SP,Piracicaba,Jardim Algodoal
São Paulo,SP,Piracicaba,Jardim Brasilia
São Paulo,SP,Piracicaba,Jardim Camargo
São Paulo,SP,Piracicaba,Jardim Conceicao
São Paulo,SP,Piracicaba,Jardim Diamante
São Paulo,SP,Piracicaba,Jardim Dona Luisa
São Paulo,SP,Piracicaba,Jardim dos Anturios
São Paulo,SP,Piracicaba,Jardim Europa
São Paulo,SP,Piracicaba,Jardim Gloria
São Paulo,SP,Piracicaba,Jardim Ipanema
São Paulo,SP,Piracicaba,Jardim Irapua
São Paulo,SP,Piracicaba,Jardim Itapua
São Paulo,SP,Piracicaba,Jardim Maria Claudia
São Paulo,SP,Piracicaba,Jardim Nova Republica
São Paulo,SP,Piracicaba,Jardim Novo Horizonte
São Paulo,SP,Piracicaba,Jardim Parque Jupia
São Paulo,SP,Piracicaba,Jardim Planalto
São Paulo,SP,Piracicaba,Jardim Primavera
São Paulo,SP,Piracicaba,Jardim Sao Jorge
São Paulo,SP,Piracicaba,Jardim Sao Luiz
São Paulo,SP,Piracicaba,Jardim Sonia
São Paulo,SP,Piracicaba,Jardim Taruman
São Paulo,SP,Piracicaba,Jardim Tatuape
São Paulo,SP,Piracicaba,Loteamento Cobayt Libano
São Paulo,SP,Piracicaba,Loteamento Ipanema
São Paulo,SP,Piracicaba,Loteamento Santa Rosa
São Paulo,SP,Piracicaba,Monte Alegre
São Paulo,SP,Piracicaba,Nho Nho Quim
São Paulo,SP,Piracicaba,Nossa Senhora de Fatima
São Paulo,SP,Piracicaba,Nova America
São Paulo,SP,Piracicaba,Nova Piracicaba
São Paulo,SP,Piracicaba,Parque Orlanda I
São Paulo,SP,Piracicaba,Parque Santa Cecilia
São Paulo,SP,Piracicaba,Parque Sao Jorge
São Paulo,SP,Piracicaba,Pauliceia
São Paulo,SP,Piracicaba,Piracicamirim
São Paulo,SP,Piracicaba,Residencial Paineiras
São Paulo,SP,Piracicaba,Santa Rosa Ipes
São Paulo,SP,Piracicaba,Santa Terezinha
São Paulo,SP,Piracicaba,Sao Dimas
São Paulo,SP,Piracicaba,Sao Judas
São Paulo,SP,Piracicaba,Sao Luiz
São Paulo,SP,Piracicaba,Vale do Sol
São Paulo,SP,Piracicaba,Vila Areao
São Paulo,SP,Piracicaba,Vila Boyes
São Paulo,SP,Piracicaba,Vila Independencia
São Paulo,SP,Piracicaba,Vila Industrial
São Paulo,SP,Piracicaba,Vila Monteiro
São Paulo,SP,Piracicaba,Vila Resende
São Paulo,SP,Pirassununga,Alto Cidade Jardim
São Paulo,SP,Pirassununga,Centro
São Paulo,SP,Pirassununga,Cidade Jardim
São Paulo,SP,Pirassununga,Desmembramento Marcos Thim Silva
São Paulo,SP,Pirassununga,Distrito Industrial
São Paulo,SP,Pirassununga,Jardim America
São Paulo,SP,Pirassununga,Jardim Bandeirantes
São Paulo,SP,Pirassununga,Jardim Brasilia
São Paulo,SP,Pirassununga,Jardim Carlos Gomes
São Paulo,SP,Pirassununga,Jardim das Laranjeiras
São Paulo,SP,Pirassununga,Jardim do Lago
São Paulo,SP,Pirassununga,Jardim Eldorado
São Paulo,SP,Pirassununga,Jardim Elite
São Paulo,SP,Pirassununga,Jardim Ferrarezzi
São Paulo,SP,Pirassununga,Jardim Godoy
São Paulo,SP,Pirassununga,Jardim Kamel
São Paulo,SP,Pirassununga,Jardim Lauro Pozzi
São Paulo,SP,Pirassununga,Jardim Leonor Cristina
São Paulo,SP,Pirassununga,Jardim Margarida
São Paulo,SP,Pirassununga,Jardim Morumbi
São Paulo,SP,Pirassununga,Jardim Olimpio Felicio
São Paulo,SP,Pirassununga,Jardim Pavesi
São Paulo,SP,Pirassununga,Jardim Petropolis
São Paulo,SP,Pirassununga,Jardim Planalto
São Paulo,SP,Pirassununga,Jardim Primavera
São Paulo,SP,Pirassununga,Jardim Redentor
São Paulo,SP,Pirassununga,Jardim Roma
São Paulo,SP,Pirassununga,Jardim Rosim
São Paulo,SP,Pirassununga,Jardim Santa Rita
São Paulo,SP,Pirassununga,Jardim Santos Dumont
São Paulo,SP,Pirassununga,Jardim Sao Fernando
São Paulo,SP,Pirassununga,Jardim Sao Lucas
São Paulo,SP,Pirassununga,Jardim Sao Valentim
São Paulo,SP,Pirassununga,Loteamento Verona
São Paulo,SP,Pirassununga,Parque dos Eucaliptos
São Paulo,SP,Pirassununga,Rosario
São Paulo,SP,Pirassununga,Vila Becker
São Paulo,SP,Pirassununga,Vila Belmiro
São Paulo,SP,Pirassununga,Vila Brasil
São Paulo,SP,Pirassununga,Vila Braz
São Paulo,SP,Pirassununga,Vila Constituicao
São Paulo,SP,Pirassununga,Vila Esperanca
São Paulo,SP,Pirassununga,Vila Guilhermina
São Paulo,SP,Pirassununga,Vila Guimaraes
São Paulo,SP,Pirassununga,Vila Industrial
São Paulo,SP,Pirassununga,Vila Malaquias
São Paulo,SP,Pirassununga,Vila Militar
São Paulo,SP,Pirassununga,Vila Nova
São Paulo,SP,Pirassununga,Vila Paulista
São Paulo,SP,Pirassununga,Vila Pinheiro
São Paulo,SP,Pirassununga,Vila Redencao
São Paulo,SP,Pirassununga,Vila Santa Terezinha
São Paulo,SP,Pirassununga,Vila Sao Guido
São Paulo,SP,Pirassununga,Vila Sao Judas Tadeu
São Paulo,SP,Pirassununga,Vila Sao Pedro
São Paulo,SP,Pirassununga,Vila Steola
São Paulo,SP,Pirassununga,Vila Urupes
São Paulo,SP,Poa,Agua Vermelha
São Paulo,SP,Poa,Biritiba
São Paulo,SP,Poa,Calmon Viana
São Paulo,SP,Poa,Centro
São Paulo,SP,Poa,Chacara Bela Vista
São Paulo,SP,Poa,Cidade Kemel
São Paulo,SP,Poa,Conjunto Alvorada
São Paulo,SP,Poa,Conjunto Madre Angela
São Paulo,SP,Poa,Jardim Amelia
São Paulo,SP,Poa,Jardim America
São Paulo,SP,Poa,Jardim Antonio Picosse
São Paulo,SP,Poa,Jardim Aurea
São Paulo,SP,Poa,Jardim Beatriz
São Paulo,SP,Poa,Jardim Bela Vista
São Paulo,SP,Poa,Jardim Candida
São Paulo,SP,Poa,Jardim D Manoel
São Paulo,SP,Poa,Jardim Debora
São Paulo,SP,Poa,Jardim Dulce
São Paulo,SP,Poa,Jardim Emilia
São Paulo,SP,Poa,Jardim Estela
São Paulo,SP,Poa,Jardim Fonte Aurea
São Paulo,SP,Poa,Jardim Gloria
São Paulo,SP,Poa,Jardim Goncalves
São Paulo,SP,Poa,Jardim Helena
São Paulo,SP,Poa,Jardim Indaia
São Paulo,SP,Poa,Jardim Iracema Namam
São Paulo,SP,Poa,Jardim Itamarati
São Paulo,SP,Poa,Jardim Ivone
São Paulo,SP,Poa,Jardim Ivonete
São Paulo,SP,Poa,Jardim Julieta
São Paulo,SP,Poa,Jardim Madre Angela
São Paulo,SP,Poa,Jardim Medina
São Paulo,SP,Poa,Jardim Nova Poa
São Paulo,SP,Poa,Jardim Obelisco
São Paulo,SP,Poa,Jardim Odete
São Paulo,SP,Poa,Jardim Pereta
São Paulo,SP,Poa,Jardim Perracini
São Paulo,SP,Poa,Jardim Perreli
São Paulo,SP,Poa,Jardim Pinheiro
São Paulo,SP,Poa,Jardim Planalto
São Paulo,SP,Poa,Jardim Ruth
São Paulo,SP,Poa,Jardim Santa Cruz
São Paulo,SP,Poa,Jardim Santa Helena
São Paulo,SP,Poa,Jardim Santa Luiza
São Paulo,SP,Poa,Jardim Santa Maria
São Paulo,SP,Poa,Jardim Santo Antonio
São Paulo,SP,Poa,Jardim Sao Jose
São Paulo,SP,Poa,Jardim Sao Marcos
São Paulo,SP,Poa,Jardim Selma Helena
São Paulo,SP,Poa,Jardim Sonia
São Paulo,SP,Poa,Jardim Tereza Palma
São Paulo,SP,Poa,Jardim Violeta
São Paulo,SP,Poa,Jardim Virginia
São Paulo,SP,Poa,Vila Acoreana
São Paulo,SP,Poa,Vila Amelia
São Paulo,SP,Poa,Vila Anchieta
São Paulo,SP,Poa,Vila Anita
São Paulo,SP,Poa,Vila Ararat
São Paulo,SP,Poa,Vila Arbame
São Paulo,SP,Poa,Vila Arquimedes
São Paulo,SP,Poa,Vila Atui
São Paulo,SP,Poa,Vila Aurea
São Paulo,SP,Poa,Vila Bandeirantes
São Paulo,SP,Poa,Vila Calia
São Paulo,SP,Poa,Vila Candida
São Paulo,SP,Poa,Vila Cleto
São Paulo,SP,Poa,Vila Correa
São Paulo,SP,Poa,Vila Cosmos
São Paulo,SP,Poa,Vila Cristelo
São Paulo,SP,Poa,Vila das Acacias
São Paulo,SP,Poa,Vila das Rosas
São Paulo,SP,Poa,Vila Eureka
São Paulo,SP,Poa,Vila Florenzano
São Paulo,SP,Poa,Vila General
São Paulo,SP,Poa,Vila Goncalves
São Paulo,SP,Poa,Vila Ibar
São Paulo,SP,Poa,Vila Idalina
São Paulo,SP,Poa,Vila Ischia
São Paulo,SP,Poa,Vila Jamil
São Paulo,SP,Poa,Vila Jau
São Paulo,SP,Poa,Vila Julia
São Paulo,SP,Poa,Vila Lucia
São Paulo,SP,Poa,Vila Luiza
São Paulo,SP,Poa,Vila Monteiro
São Paulo,SP,Poa,Vila Oceania
São Paulo,SP,Poa,Vila Odete
São Paulo,SP,Poa,Vila Pereta
São Paulo,SP,Poa,Vila Perracini
São Paulo,SP,Poa,Vila Perreli
São Paulo,SP,Poa,Vila Rea
São Paulo,SP,Poa,Vila Romana
São Paulo,SP,Poa,Vila Ruth
São Paulo,SP,Poa,Vila Santa Helena
São Paulo,SP,Poa,Vila Santa Luiza
São Paulo,SP,Poa,Vila Santa Maria
São Paulo,SP,Poa,Vila Sao Joao
São Paulo,SP,Poa,Vila Sao Jorge
São Paulo,SP,Poa,Vila Sopreter
São Paulo,SP,Poa,Vila Turmalina
São Paulo,SP,Poa,Vila Vampre
São Paulo,SP,Poa,Vila Varela
São Paulo,SP,Praia Grande,Balneario Esmeralda
São Paulo,SP,Praia Grande,Balneario Florida
São Paulo,SP,Praia Grande,Balneario Japura
São Paulo,SP,Praia Grande,Balneario Maracana
São Paulo,SP,Praia Grande,Balneario Maxland
São Paulo,SP,Praia Grande,Balneario Paqueta
São Paulo,SP,Praia Grande,Balneario Pires
São Paulo,SP,Praia Grande,Boqueirao
São Paulo,SP,Praia Grande,Campo da Aviacao
São Paulo,SP,Praia Grande,Canto do Forte
São Paulo,SP,Praia Grande,Cidade Ocian
São Paulo,SP,Praia Grande,Jardim Aclimacao
São Paulo,SP,Praia Grande,Jardim Anhanguera
São Paulo,SP,Praia Grande,Jardim Gloria
São Paulo,SP,Praia Grande,Jardim Guaramar
São Paulo,SP,Praia Grande,Jardim Imperador
São Paulo,SP,Praia Grande,Jardim Imperador I
São Paulo,SP,Praia Grande,Jardim Imperador II
São Paulo,SP,Praia Grande,Jardim Imperador IV
São Paulo,SP,Praia Grande,Jardim Melvi
São Paulo,SP,Praia Grande,Jardim Quietude
São Paulo,SP,Praia Grande,Jardim Real
São Paulo,SP,Praia Grande,Jardim Samambaia
São Paulo,SP,Praia Grande,Jardim Trevo
São Paulo,SP,Praia Grande,Parque das Americas
São Paulo,SP,Praia Grande,Sitio Sao Sebastiao
São Paulo,SP,Praia Grande,Solemar
São Paulo,SP,Praia Grande,Tude Bastos (sitio do Campo)
São Paulo,SP,Praia Grande,Vila Antartica
São Paulo,SP,Praia Grande,Vila Balnearia
São Paulo,SP,Praia Grande,Vila Caicara
São Paulo,SP,Praia Grande,Vila Isabel
São Paulo,SP,Praia Grande,Vila Mirim
São Paulo,SP,Praia Grande,Vila Sao Jorge
São Paulo,SP,Praia Grande,Vila Sonia
São Paulo,SP,Praia Grande,Vila Tupi
São Paulo,SP,Praia Grande,Vilamar
São Paulo,SP,Presidente Prudente,Bosque
São Paulo,SP,Presidente Prudente,Cecap
São Paulo,SP,Presidente Prudente,Centro
São Paulo,SP,Presidente Prudente,Chacara do Macuco
São Paulo,SP,Presidente Prudente,Cidade Jardim
São Paulo,SP,Presidente Prudente,Cidade Universitaria
São Paulo,SP,Presidente Prudente,Distrito Industrial
São Paulo,SP,Presidente Prudente,Grupo Educacional Esquema
São Paulo,SP,Presidente Prudente,Jardim Alto da Boa Vista
São Paulo,SP,Presidente Prudente,Jardim America
São Paulo,SP,Presidente Prudente,Jardim Antuerpia
São Paulo,SP,Presidente Prudente,Jardim Aquinopolis
São Paulo,SP,Presidente Prudente,Jardim Aviacao
São Paulo,SP,Presidente Prudente,Jardim Balneario
São Paulo,SP,Presidente Prudente,Jardim Barcelona
São Paulo,SP,Presidente Prudente,Jardim Bela Daria
São Paulo,SP,Presidente Prudente,Jardim Bela Vista
São Paulo,SP,Presidente Prudente,Jardim Belo Horizonte
São Paulo,SP,Presidente Prudente,Jardim Bongiovani
São Paulo,SP,Presidente Prudente,Jardim Brasilia
São Paulo,SP,Presidente Prudente,Jardim Caicara
São Paulo,SP,Presidente Prudente,Jardim California
São Paulo,SP,Presidente Prudente,Jardim Cambuci
São Paulo,SP,Presidente Prudente,Jardim Campo Belo
São Paulo,SP,Presidente Prudente,Jardim Cinquentenario
São Paulo,SP,Presidente Prudente,Jardim Cobral
São Paulo,SP,Presidente Prudente,Jardim Colina
São Paulo,SP,Presidente Prudente,Jardim das Rosas
São Paulo,SP,Presidente Prudente,Jardim dos Pioneiros
São Paulo,SP,Presidente Prudente,Jardim Duque de Caxias
São Paulo,SP,Presidente Prudente,Jardim Eldorado
São Paulo,SP,Presidente Prudente,Jardim Esplanada
São Paulo,SP,Presidente Prudente,Jardim Estoril
São Paulo,SP,Presidente Prudente,Jardim Everest
São Paulo,SP,Presidente Prudente,Jardim Guanabara
São Paulo,SP,Presidente Prudente,Jardim Icaray
São Paulo,SP,Presidente Prudente,Jardim Iguacu
São Paulo,SP,Presidente Prudente,Jardim Itaipu
São Paulo,SP,Presidente Prudente,Jardim Itapura
São Paulo,SP,Presidente Prudente,Jardim Itatiaia
São Paulo,SP,Presidente Prudente,Jardim Jequitiba
São Paulo,SP,Presidente Prudente,Jardim Maracana
São Paulo,SP,Presidente Prudente,Jardim Marupiara
São Paulo,SP,Presidente Prudente,Jardim Monte Alto
São Paulo,SP,Presidente Prudente,Jardim Morumbi
São Paulo,SP,Presidente Prudente,Jardim Nova Planaltina
São Paulo,SP,Presidente Prudente,Jardim Paulista
São Paulo,SP,Presidente Prudente,Jardim Paulistano
São Paulo,SP,Presidente Prudente,Jardim Petropolis
São Paulo,SP,Presidente Prudente,Jardim Planalto
São Paulo,SP,Presidente Prudente,Jardim Regina
São Paulo,SP,Presidente Prudente,Jardim Rio 400
São Paulo,SP,Presidente Prudente,Jardim Sabara
São Paulo,SP,Presidente Prudente,Jardim Santa Eliza
São Paulo,SP,Presidente Prudente,Jardim Santa Fe
São Paulo,SP,Presidente Prudente,Jardim Santa Filomena
São Paulo,SP,Presidente Prudente,Jardim Santa Marta
São Paulo,SP,Presidente Prudente,Jardim Santa Monica
São Paulo,SP,Presidente Prudente,Jardim Santa Paula
São Paulo,SP,Presidente Prudente,Jardim Santana
São Paulo,SP,Presidente Prudente,Jardim Sao Bento
São Paulo,SP,Presidente Prudente,Jardim Sao Domingos
São Paulo,SP,Presidente Prudente,Jardim Sao Francisco
São Paulo,SP,Presidente Prudente,Jardim Sao Gabriel
São Paulo,SP,Presidente Prudente,Jardim Sao Geraldo
São Paulo,SP,Presidente Prudente,Jardim Sao Luis
São Paulo,SP,Presidente Prudente,Jardim Satelite
São Paulo,SP,Presidente Prudente,Jardim Sumare
São Paulo,SP,Presidente Prudente,Jardim Tropical
São Paulo,SP,Presidente Prudente,Jardim Vale do Sol
São Paulo,SP,Presidente Prudente,Jardim Vila Real
São Paulo,SP,Presidente Prudente,Nucleo Bartholomeu Bueno de Miranda
São Paulo,SP,Presidente Prudente,Parque Alexandrina
São Paulo,SP,Presidente Prudente,Parque Alto Bela Vista
São Paulo,SP,Presidente Prudente,Parque Alvorada
São Paulo,SP,Presidente Prudente,Parque Bandeirantes
São Paulo,SP,Presidente Prudente,Parque Castelo Branco
São Paulo,SP,Presidente Prudente,Parque Cedral
São Paulo,SP,Presidente Prudente,Parque Furquim
São Paulo,SP,Presidente Prudente,Parque Higienopolis
São Paulo,SP,Presidente Prudente,Parque Nova Alvorada
São Paulo,SP,Presidente Prudente,Parque Primavera
São Paulo,SP,Presidente Prudente,Parque Residencial Mediterraneo
São Paulo,SP,Presidente Prudente,Parque Sao Judas Tadeu
São Paulo,SP,Presidente Prudente,Parque Sao Matheus
São Paulo,SP,Presidente Prudente,Parque Shiraiwa
São Paulo,SP,Presidente Prudente,Parque Watal Ishibashi
São Paulo,SP,Presidente Prudente,Residencial
São Paulo,SP,Presidente Prudente,Vale das Parreiras
São Paulo,SP,Presidente Prudente,Vila Angelica
São Paulo,SP,Presidente Prudente,Vila Aristarcho
São Paulo,SP,Presidente Prudente,Vila Aurea
São Paulo,SP,Presidente Prudente,Vila Aurelio
São Paulo,SP,Presidente Prudente,Vila Barbeiro
São Paulo,SP,Presidente Prudente,Vila Boa Vista
São Paulo,SP,Presidente Prudente,Vila Boscoli
São Paulo,SP,Presidente Prudente,Vila Brasil
São Paulo,SP,Presidente Prudente,Vila Centenario
São Paulo,SP,Presidente Prudente,Vila Charlote
São Paulo,SP,Presidente Prudente,Vila Claudia Gloria
São Paulo,SP,Presidente Prudente,Vila Comercial
São Paulo,SP,Presidente Prudente,Vila Coronel Goulart
São Paulo,SP,Presidente Prudente,Vila do Estadio
São Paulo,SP,Presidente Prudente,Vila Dubus
São Paulo,SP,Presidente Prudente,Vila Elizabeth
São Paulo,SP,Presidente Prudente,Vila Esperanca
São Paulo,SP,Presidente Prudente,Vila Euclides
São Paulo,SP,Presidente Prudente,Vila Flores
São Paulo,SP,Presidente Prudente,Vila Formosa
São Paulo,SP,Presidente Prudente,Vila Furquim
São Paulo,SP,Presidente Prudente,Vila Geni
São Paulo,SP,Presidente Prudente,Vila Gloria
São Paulo,SP,Presidente Prudente,Vila Guaira
São Paulo,SP,Presidente Prudente,Vila Haruo Uoya
São Paulo,SP,Presidente Prudente,Vila Industrial
São Paulo,SP,Presidente Prudente,Vila Iti
São Paulo,SP,Presidente Prudente,Vila Jesus
São Paulo,SP,Presidente Prudente,Vila Laide
São Paulo,SP,Presidente Prudente,Vila Lessa
São Paulo,SP,Presidente Prudente,Vila Liberdade
São Paulo,SP,Presidente Prudente,Vila Lider
São Paulo,SP,Presidente Prudente,Vila Luso
São Paulo,SP,Presidente Prudente,Vila Machadinho
São Paulo,SP,Presidente Prudente,Vila Malaman
São Paulo,SP,Presidente Prudente,Vila Marcondes
São Paulo,SP,Presidente Prudente,Vila Maria
São Paulo,SP,Presidente Prudente,Vila Mariana
São Paulo,SP,Presidente Prudente,Vila Marina
São Paulo,SP,Presidente Prudente,Vila Maristela
São Paulo,SP,Presidente Prudente,Vila Mathilde Vieira
São Paulo,SP,Presidente Prudente,Vila Mendes
São Paulo,SP,Presidente Prudente,Vila Mirian
São Paulo,SP,Presidente Prudente,Vila Nova
São Paulo,SP,Presidente Prudente,Vila Nova Prudente
São Paulo,SP,Presidente Prudente,Vila Ocidental
São Paulo,SP,Presidente Prudente,Vila Operaria
São Paulo,SP,Presidente Prudente,Vila Oriental
São Paulo,SP,Presidente Prudente,Vila Paraiso
São Paulo,SP,Presidente Prudente,Vila Prudente
São Paulo,SP,Presidente Prudente,Vila Rainho
São Paulo,SP,Presidente Prudente,Vila Ramos
São Paulo,SP,Presidente Prudente,Vila Ramos de Freitas
São Paulo,SP,Presidente Prudente,Vila Roberto
São Paulo,SP,Presidente Prudente,Vila Rosa
São Paulo,SP,Presidente Prudente,Vila Santa Helena
São Paulo,SP,Presidente Prudente,Vila Santa Izabel
São Paulo,SP,Presidente Prudente,Vila Santa Tereza
São Paulo,SP,Presidente Prudente,Vila Sao Jorge
São Paulo,SP,Presidente Prudente,Vila Sao Pedro
São Paulo,SP,Presidente Prudente,Vila Tabajara
São Paulo,SP,Presidente Prudente,Vila Tazitsu
São Paulo,SP,Presidente Prudente,Vila Verinha
São Paulo,SP,Presidente Prudente,Vila Yolanda
São Paulo,SP,Ribeirao Pires,Balneario Palmira
São Paulo,SP,Ribeirao Pires,Bosque Santana
São Paulo,SP,Ribeirao Pires,California Paulista
São Paulo,SP,Ribeirao Pires,Centro
São Paulo,SP,Ribeirao Pires,Chacara Icatuacu
São Paulo,SP,Ribeirao Pires,Estancia das Rosas
São Paulo,SP,Ribeirao Pires,Estancia Iramaia (santa Luzia)
São Paulo,SP,Ribeirao Pires,Estancia Noblesse
São Paulo,SP,Ribeirao Pires,Estancia Paulista
São Paulo,SP,Ribeirao Pires,Estancia Santo Antonio
São Paulo,SP,Ribeirao Pires,Jardim Alvorada
São Paulo,SP,Ribeirao Pires,Jardim Bandeirantes (ouro Fino Paulista)
São Paulo,SP,Ribeirao Pires,Jardim Boa Sorte
São Paulo,SP,Ribeirao Pires,Jardim Cacula
São Paulo,SP,Ribeirao Pires,Jardim Capistrano
São Paulo,SP,Ribeirao Pires,Jardim Centenario
São Paulo,SP,Ribeirao Pires,Jardim Colonial
São Paulo,SP,Ribeirao Pires,Jardim da Paz
São Paulo,SP,Ribeirao Pires,Jardim do Mirante
São Paulo,SP,Ribeirao Pires,Jardim Dois Melros
São Paulo,SP,Ribeirao Pires,Jardim Esperanca
São Paulo,SP,Ribeirao Pires,Jardim Garibaldi
São Paulo,SP,Ribeirao Pires,Jardim Guanabara
São Paulo,SP,Ribeirao Pires,Jardim Itacolomy
São Paulo,SP,Ribeirao Pires,Jardim Itapeva
São Paulo,SP,Ribeirao Pires,Jardim Lisboa
São Paulo,SP,Ribeirao Pires,Jardim Luso
São Paulo,SP,Ribeirao Pires,Jardim Minarosa
São Paulo,SP,Ribeirao Pires,Jardim Panorama
São Paulo,SP,Ribeirao Pires,Jardim Pastoril
São Paulo,SP,Ribeirao Pires,Jardim Petropolis (santa Luzia)
São Paulo,SP,Ribeirao Pires,Jardim Pilar Velho (santa Luzia)
São Paulo,SP,Ribeirao Pires,Jardim Planteucal
São Paulo,SP,Ribeirao Pires,Jardim Ribeirao Pires
São Paulo,SP,Ribeirao Pires,Jardim Santa Cruz
São Paulo,SP,Ribeirao Pires,Jardim Santa Eliza
São Paulo,SP,Ribeirao Pires,Jardim Santa Ines
São Paulo,SP,Ribeirao Pires,Jardim Santa Luzia
São Paulo,SP,Ribeirao Pires,Jardim Santista (santa Luzia)
São Paulo,SP,Ribeirao Pires,Jardim Santo Antonio
São Paulo,SP,Ribeirao Pires,Jardim Sao Francisco
São Paulo,SP,Ribeirao Pires,Jardim Valentina
São Paulo,SP,Ribeirao Pires,Morro do Embaixador
São Paulo,SP,Ribeirao Pires,Nucleo Colonial
São Paulo,SP,Ribeirao Pires,Parque Alianca
São Paulo,SP,Ribeirao Pires,Parque do Governador
São Paulo,SP,Ribeirao Pires,Planalto Bela Vista
São Paulo,SP,Ribeirao Pires,Recanto Alegre
São Paulo,SP,Ribeirao Pires,Recanto Leda (santa Luzia)
São Paulo,SP,Ribeirao Pires,Recanto Suisso
São Paulo,SP,Ribeirao Pires,Recanto Vista Alegre
São Paulo,SP,Ribeirao Pires,Sao Caetaninho
São Paulo,SP,Ribeirao Pires,Sitio do Frances
São Paulo,SP,Ribeirao Pires,Sitio Santa Helena (ouro Fino Paulista)
São Paulo,SP,Ribeirao Pires,Vila Albertina
São Paulo,SP,Ribeirao Pires,Vila Amelia
São Paulo,SP,Ribeirao Pires,Vila Aparecida
São Paulo,SP,Ribeirao Pires,Vila Aurora
São Paulo,SP,Ribeirao Pires,Vila Belmiro
São Paulo,SP,Ribeirao Pires,Vila Caicara
São Paulo,SP,Ribeirao Pires,Vila Cleide
São Paulo,SP,Ribeirao Pires,Vila Colonia
São Paulo,SP,Ribeirao Pires,Vila Ema
São Paulo,SP,Ribeirao Pires,Vila Florentino
São Paulo,SP,Ribeirao Pires,Vila Gomes
São Paulo,SP,Ribeirao Pires,Vila Guerda
São Paulo,SP,Ribeirao Pires,Vila Icleia
São Paulo,SP,Ribeirao Pires,Vila Mara
São Paulo,SP,Ribeirao Pires,Vila Maria
São Paulo,SP,Ribeirao Pires,Vila Marquesa de Santos
São Paulo,SP,Ribeirao Pires,Vila Moderna (santa Luzia)
São Paulo,SP,Ribeirao Pires,Vila Monteiro
São Paulo,SP,Ribeirao Pires,Vila Mortari
São Paulo,SP,Ribeirao Pires,Vila Nova
São Paulo,SP,Ribeirao Pires,Vila Nova Fortuna
São Paulo,SP,Ribeirao Pires,Vila Nova Suissa Santista
São Paulo,SP,Ribeirao Pires,Vila Oasis
São Paulo,SP,Ribeirao Pires,Vila Prisco
São Paulo,SP,Ribeirao Pires,Vila Ribeirao
São Paulo,SP,Ribeirao Pires,Vila Rosa
São Paulo,SP,Ribeirao Pires,Vila Rosal
São Paulo,SP,Ribeirao Pires,Vila Santo Antonio
São Paulo,SP,Ribeirao Pires,Vila Sao Jose
São Paulo,SP,Ribeirao Pires,Vila Sao Manoel
São Paulo,SP,Ribeirao Pires,Vila Sobrinho
São Paulo,SP,Ribeirao Pires,Vila Suely
São Paulo,SP,Ribeirao Pires,Vila Taquaral
São Paulo,SP,Ribeirao Pires,Vila Tavolaro
São Paulo,SP,Ribeirao Pires,Vila Zampol
São Paulo,SP,Ribeirao Preto,Adao do Carmo Leonel
São Paulo,SP,Ribeirao Preto,Adelino Simioni
São Paulo,SP,Ribeirao Preto,Alto da Boa Vista
São Paulo,SP,Ribeirao Preto,Alto do Ipiranga
São Paulo,SP,Ribeirao Preto,Antonio Marincek
São Paulo,SP,Ribeirao Preto,Avelino Alves Palma
São Paulo,SP,Ribeirao Preto,Campos Eliseos
São Paulo,SP,Ribeirao Preto,Centro
São Paulo,SP,Ribeirao Preto,City Ribeirao
São Paulo,SP,Ribeirao Preto,Dom Bernardo Jose Mielle
São Paulo,SP,Ribeirao Preto,Fundacao Educandario Coronel Quito Junqueira
São Paulo,SP,Ribeirao Preto,Geraldo Correia de Carvalho
São Paulo,SP,Ribeirao Preto,Iguatemi
São Paulo,SP,Ribeirao Preto,Independencia
São Paulo,SP,Ribeirao Preto,Ipiranga
São Paulo,SP,Ribeirao Preto,Jardim Aeroporto
São Paulo,SP,Ribeirao Preto,Jardim Alexandre Balbo
São Paulo,SP,Ribeirao Preto,Jardim America
São Paulo,SP,Ribeirao Preto,Jardim Anhanguera
São Paulo,SP,Ribeirao Preto,Jardim Antartica
São Paulo,SP,Ribeirao Preto,Jardim California
São Paulo,SP,Ribeirao Preto,Jardim Canada
São Paulo,SP,Ribeirao Preto,Jardim Castelo Branco
São Paulo,SP,Ribeirao Preto,Jardim do Trevo
São Paulo,SP,Ribeirao Preto,Jardim Interlagos
São Paulo,SP,Ribeirao Preto,Jardim Iraja
São Paulo,SP,Ribeirao Preto,Jardim Jandaia
São Paulo,SP,Ribeirao Preto,Jardim Joquei Clube
São Paulo,SP,Ribeirao Preto,Jardim Macedo
São Paulo,SP,Ribeirao Preto,Jardim Maria da Graca
São Paulo,SP,Ribeirao Preto,Jardim Maria Goretti
São Paulo,SP,Ribeirao Preto,Jardim Mosteiro
São Paulo,SP,Ribeirao Preto,Jardim Paulista
São Paulo,SP,Ribeirao Preto,Jardim Paulistano
São Paulo,SP,Ribeirao Preto,Jardim Piratininga
São Paulo,SP,Ribeirao Preto,Jardim Recreio
São Paulo,SP,Ribeirao Preto,Jardim Salgado Filho
São Paulo,SP,Ribeirao Preto,Jardim Sao Jose
São Paulo,SP,Ribeirao Preto,Jardim Sao Luiz
São Paulo,SP,Ribeirao Preto,Jardim Sesi
São Paulo,SP,Ribeirao Preto,Jardim Sumare
São Paulo,SP,Ribeirao Preto,Jardim Zara
São Paulo,SP,Ribeirao Preto,Nova Ribeirania
São Paulo,SP,Ribeirao Preto,Parque Anhanguera
São Paulo,SP,Ribeirao Preto,Parque das Andorinhas
São Paulo,SP,Ribeirao Preto,Parque dos Bandeirantes
São Paulo,SP,Ribeirao Preto,Parque Industrial Avelino Alves Palma
São Paulo,SP,Ribeirao Preto,Parque Industrial Coronel Quito Junqueira
São Paulo,SP,Ribeirao Preto,Parque Industrial Lagoinha
São Paulo,SP,Ribeirao Preto,Parque Industrial Tanquinho
São Paulo,SP,Ribeirao Preto,Parque Residencial Cidade Universitaria
São Paulo,SP,Ribeirao Preto,Parque Ribeirao Preto
São Paulo,SP,Ribeirao Preto,Parque Sao Sebastiao
São Paulo,SP,Ribeirao Preto,Planalto Verde
São Paulo,SP,Ribeirao Preto,Presidente Dutra
São Paulo,SP,Ribeirao Preto,Presidente Medici
São Paulo,SP,Ribeirao Preto,Quintino Facci I
São Paulo,SP,Ribeirao Preto,Quintino Facci II
São Paulo,SP,Ribeirao Preto,Recreio Anhanguera
São Paulo,SP,Ribeirao Preto,Republica
São Paulo,SP,Ribeirao Preto,Residencial e Comercial Palmares
São Paulo,SP,Ribeirao Preto,Residencial Florida
São Paulo,SP,Ribeirao Preto,Ribeirania
São Paulo,SP,Ribeirao Preto,Santa Cruz do Jose Jacques
São Paulo,SP,Ribeirao Preto,Solar Boa Vista
São Paulo,SP,Ribeirao Preto,Sumarezinho
São Paulo,SP,Ribeirao Preto,Valentina Figueiredo
São Paulo,SP,Ribeirao Preto,Vila Abranches
São Paulo,SP,Ribeirao Preto,Vila Albertina
São Paulo,SP,Ribeirao Preto,Vila Amelia
São Paulo,SP,Ribeirao Preto,Vila Brasil
São Paulo,SP,Ribeirao Preto,Vila Carvalho
São Paulo,SP,Ribeirao Preto,Vila Elisa
São Paulo,SP,Ribeirao Preto,Vila Guiomar
São Paulo,SP,Ribeirao Preto,Vila Maria Luiza
São Paulo,SP,Ribeirao Preto,Vila Mariana
São Paulo,SP,Ribeirao Preto,Vila Monte Alegre
São Paulo,SP,Ribeirao Preto,Vila Pompeia
São Paulo,SP,Ribeirao Preto,Vila Santa Terezinha
São Paulo,SP,Ribeirao Preto,Vila Seixas
São Paulo,SP,Ribeirao Preto,Vila Tamandare
São Paulo,SP,Ribeirao Preto,Vila Tiberio
São Paulo,SP,Ribeirao Preto,Vila Virginia
São Paulo,SP,Rio Claro,Alto do Santana
São Paulo,SP,Rio Claro,Batovi
São Paulo,SP,Rio Claro,Centro
São Paulo,SP,Rio Claro,Chacara Lusa
São Paulo,SP,Rio Claro,Cidade Claret
São Paulo,SP,Rio Claro,Cidade Jardim
São Paulo,SP,Rio Claro,Cidade Nova
São Paulo,SP,Rio Claro,Condominio Recreio das Aguas Claras
São Paulo,SP,Rio Claro,Conjunto Residencial Vila Verde
São Paulo,SP,Rio Claro,Consolacao
São Paulo,SP,Rio Claro,Estadio
São Paulo,SP,Rio Claro,Granja Regina
São Paulo,SP,Rio Claro,Jardim A Karan
São Paulo,SP,Rio Claro,Jardim America
São Paulo,SP,Rio Claro,Jardim Azul
São Paulo,SP,Rio Claro,Jardim Bandeirante (cohab)
São Paulo,SP,Rio Claro,Jardim Bela Vista
São Paulo,SP,Rio Claro,Jardim Boa Vista
São Paulo,SP,Rio Claro,Jardim Bom Sucesso
São Paulo,SP,Rio Claro,Jardim Centenario
São Paulo,SP,Rio Claro,Jardim Cherveson
São Paulo,SP,Rio Claro,Jardim Cidade Azul
São Paulo,SP,Rio Claro,Jardim Claret
São Paulo,SP,Rio Claro,Jardim das Paineiras
São Paulo,SP,Rio Claro,Jardim Donangela
São Paulo,SP,Rio Claro,Jardim Floridiana
São Paulo,SP,Rio Claro,Jardim Independencia
São Paulo,SP,Rio Claro,Jardim Inocoop (cohab)
São Paulo,SP,Rio Claro,Jardim Ipanema (expansao)
São Paulo,SP,Rio Claro,Jardim Maria Cristina
São Paulo,SP,Rio Claro,Jardim Matheus Maniero
São Paulo,SP,Rio Claro,Jardim Nova Veneza
São Paulo,SP,Rio Claro,Jardim Olinda
São Paulo,SP,Rio Claro,Jardim Panorama
São Paulo,SP,Rio Claro,Jardim Parque Residencial
São Paulo,SP,Rio Claro,Jardim Paulista
São Paulo,SP,Rio Claro,Jardim Portugal
São Paulo,SP,Rio Claro,Jardim Primavera
São Paulo,SP,Rio Claro,Jardim Residencial Santa Eliza
São Paulo,SP,Rio Claro,Jardim Residencial Sao Jose
São Paulo,SP,Rio Claro,Jardim Santa Maria
São Paulo,SP,Rio Claro,Jardim Sao Caetano
São Paulo,SP,Rio Claro,Jardim Sao Paulo
São Paulo,SP,Rio Claro,Jardim Sigal
São Paulo,SP,Rio Claro,Jardim Vilage
São Paulo,SP,Rio Claro,Novo Jardim Wenzel
São Paulo,SP,Rio Claro,Parque das Industrias
São Paulo,SP,Rio Claro,Parque dos Eucaliptos
São Paulo,SP,Rio Claro,Parque Mae Preta
São Paulo,SP,Rio Claro,Parque Sao Jorge
São Paulo,SP,Rio Claro,Parque Universitario
São Paulo,SP,Rio Claro,Recanto Paraiso
São Paulo,SP,Rio Claro,Residencial das Flores
São Paulo,SP,Rio Claro,Residencial Florenca
São Paulo,SP,Rio Claro,Santana
São Paulo,SP,Rio Claro,Saude
São Paulo,SP,Rio Claro,Setor Industrial
São Paulo,SP,Rio Claro,Vila Alema
São Paulo,SP,Rio Claro,Vila Anhanguera
São Paulo,SP,Rio Claro,Vila Aparecida
São Paulo,SP,Rio Claro,Vila Bela Vista
São Paulo,SP,Rio Claro,Vila Cristina
São Paulo,SP,Rio Claro,Vila Elizabeth (bnh)
São Paulo,SP,Rio Claro,Vila Indaia
São Paulo,SP,Rio Claro,Vila Industrial
São Paulo,SP,Rio Claro,Vila Martins
São Paulo,SP,Rio Claro,Vila Nova
São Paulo,SP,Rio Claro,Vila Operaria
São Paulo,SP,Rio Claro,Vila Paulista
São Paulo,SP,Rio Claro,Vila Saibreiro
São Paulo,SP,Rio Claro,Vila Santa Terezinha
São Paulo,SP,Rio Claro,Vila Santo Antonio
São Paulo,SP,Rio Claro,Vila Sao Miguel
São Paulo,SP,Salto,Bela Vista
São Paulo,SP,Salto,Boa Vista
São Paulo,SP,Salto,Buru
São Paulo,SP,Salto,Centro
São Paulo,SP,Salto,Cesario Loate
São Paulo,SP,Salto,Chacara Araujo
São Paulo,SP,Salto,Chacara Halter
São Paulo,SP,Salto,Chacara Iracema
São Paulo,SP,Salto,Chacara Maracujas
São Paulo,SP,Salto,Condominio Fechado Hermenegildo Milioni
São Paulo,SP,Salto,Condominio Fechado Piccolo Paese
São Paulo,SP,Salto,Condominio Fechado Village Haras Sao Luiz
São Paulo,SP,Salto,Condominio Fechado Village Haras Sao Luiz II
São Paulo,SP,Salto,Condominio Fechado Village Zuleika Jabour
São Paulo,SP,Salto,Condominio Monte Belo
São Paulo,SP,Salto,Distrito Industrial
São Paulo,SP,Salto,Distrito Industrial II
São Paulo,SP,Salto,Estacao
São Paulo,SP,Salto,Estancia da Colina
São Paulo,SP,Salto,Guarau
São Paulo,SP,Salto,Haras Paineiras
São Paulo,SP,Salto,Itapecerica
São Paulo,SP,Salto,Jardim America
São Paulo,SP,Salto,Jardim Arquidiocesano
São Paulo,SP,Salto,Jardim Bandeirantes
São Paulo,SP,Salto,Jardim Barcella
São Paulo,SP,Salto,Jardim Bom Retiro II
São Paulo,SP,Salto,Jardim Buru
São Paulo,SP,Salto,Jardim Celani
São Paulo,SP,Salto,Jardim Celani II
São Paulo,SP,Salto,Jardim da Cidade
São Paulo,SP,Salto,Jardim da Cidade II
São Paulo,SP,Salto,Jardim da Cidade III
São Paulo,SP,Salto,Jardim da Cidade IV
São Paulo,SP,Salto,Jardim das Nacoes
São Paulo,SP,Salto,Jardim do Divino
São Paulo,SP,Salto,Jardim Donalisio
São Paulo,SP,Salto,Jardim Elizabeth
São Paulo,SP,Salto,Jardim Europa
São Paulo,SP,Salto,Jardim Independencia
São Paulo,SP,Salto,Jardim Itaguacu
São Paulo,SP,Salto,Jardim Izaura Maria
São Paulo,SP,Salto,Jardim Maria Jose
São Paulo,SP,Salto,Jardim Marilia
São Paulo,SP,Salto,Jardim Municipal
São Paulo,SP,Salto,Jardim Nova Era
São Paulo,SP,Salto,Jardim Paraiso
São Paulo,SP,Salto,Jardim Primavera
São Paulo,SP,Salto,Jardim Saltense
São Paulo,SP,Salto,Jardim Santa Cruz
São Paulo,SP,Salto,Jardim Santa Cruz II
São Paulo,SP,Salto,Jardim Santa Lucia
São Paulo,SP,Salto,Jardim Santa Terezinha
São Paulo,SP,Salto,Jardim Santo Antonio
São Paulo,SP,Salto,Jardim Santo Inacio
São Paulo,SP,Salto,Jardim Sao Francisco
São Paulo,SP,Salto,Jardim Sao Joao
São Paulo,SP,Salto,Jardim Sao Judas Tadeu
São Paulo,SP,Salto,Jardim Sevilha
São Paulo,SP,Salto,Jardim Sontag
São Paulo,SP,Salto,Jardim Tres Marias
São Paulo,SP,Salto,Jardins D'icarai
São Paulo,SP,Salto,Loteamento Alberto Cintra Filho
São Paulo,SP,Salto,Nossa Senhora do Monte Serrat
São Paulo,SP,Salto,Parque Residencial Rondon
São Paulo,SP,Salto,Pedregulho
São Paulo,SP,Salto,Porto Goes
São Paulo,SP,Salto,Salto de Sao Jose
São Paulo,SP,Salto,Seco
São Paulo,SP,Salto,Terras de Santa Rosa
São Paulo,SP,Salto,Vila Flora
São Paulo,SP,Salto,Vila Henrique
São Paulo,SP,Salto,Vila Ideal
São Paulo,SP,Salto,Vila Norma
São Paulo,SP,Salto,Vila Nova
São Paulo,SP,Salto,Vila Progresso
São Paulo,SP,Salto,Vila Roma
São Paulo,SP,Salto,Vila Romao
São Paulo,SP,Salto,Vila Teixeira
São Paulo,SP,Santa Barbara D'oeste,Centro
São Paulo,SP,Santa Barbara D'oeste,Chacara Sao Carlos
São Paulo,SP,Santa Barbara D'oeste,Chacara Sao Sebastiao
São Paulo,SP,Santa Barbara D'oeste,Cidade Industrial
São Paulo,SP,Santa Barbara D'oeste,Cidade Nova
São Paulo,SP,Santa Barbara D'oeste,Cidade Nova II
São Paulo,SP,Santa Barbara D'oeste,Conjunto Habitacional 31 de Marco-cohab
São Paulo,SP,Santa Barbara D'oeste,Conjunto Habitacional Angelo Giubina
São Paulo,SP,Santa Barbara D'oeste,Conjunto Habitacional Trabalhadores
São Paulo,SP,Santa Barbara D'oeste,Distrito Industrial I
São Paulo,SP,Santa Barbara D'oeste,Glebas California
São Paulo,SP,Santa Barbara D'oeste,Jardim Adelia
São Paulo,SP,Santa Barbara D'oeste,Jardim Alfa
São Paulo,SP,Santa Barbara D'oeste,Jardim Alves
São Paulo,SP,Santa Barbara D'oeste,Jardim Amelia
São Paulo,SP,Santa Barbara D'oeste,Jardim America
São Paulo,SP,Santa Barbara D'oeste,Jardim Augusto Cavalheiro
São Paulo,SP,Santa Barbara D'oeste,Jardim Batagin
São Paulo,SP,Santa Barbara D'oeste,Jardim Bela Vista
São Paulo,SP,Santa Barbara D'oeste,Jardim Belo Horizonte
São Paulo,SP,Santa Barbara D'oeste,Jardim Belo Horizonte II
São Paulo,SP,Santa Barbara D'oeste,Jardim Boa Esperanca
São Paulo,SP,Santa Barbara D'oeste,Jardim Candido Bertine
São Paulo,SP,Santa Barbara D'oeste,Jardim Conceicao
São Paulo,SP,Santa Barbara D'oeste,Jardim das Laranjeiras
São Paulo,SP,Santa Barbara D'oeste,Jardim das Orquideas
São Paulo,SP,Santa Barbara D'oeste,Jardim do Barao
São Paulo,SP,Santa Barbara D'oeste,Jardim Dulce
São Paulo,SP,Santa Barbara D'oeste,Jardim Esmeralda
São Paulo,SP,Santa Barbara D'oeste,Jardim Europa I
São Paulo,SP,Santa Barbara D'oeste,Jardim Europa IV
São Paulo,SP,Santa Barbara D'oeste,Jardim Geriva
São Paulo,SP,Santa Barbara D'oeste,Jardim Icarai
São Paulo,SP,Santa Barbara D'oeste,Jardim Industrial
São Paulo,SP,Santa Barbara D'oeste,Jardim Itamaraty
São Paulo,SP,Santa Barbara D'oeste,Jardim Laudissi
São Paulo,SP,Santa Barbara D'oeste,Jardim Miguel Claudio Grego
São Paulo,SP,Santa Barbara D'oeste,Jardim Palmeiras
São Paulo,SP,Santa Barbara D'oeste,Jardim Panambi
São Paulo,SP,Santa Barbara D'oeste,Jardim Pantano
São Paulo,SP,Santa Barbara D'oeste,Jardim Paulista
São Paulo,SP,Santa Barbara D'oeste,Jardim Perola
São Paulo,SP,Santa Barbara D'oeste,Jardim Primavera
São Paulo,SP,Santa Barbara D'oeste,Jardim Residencial Mariana
São Paulo,SP,Santa Barbara D'oeste,Jardim Sans
São Paulo,SP,Santa Barbara D'oeste,Jardim Santa Alice
São Paulo,SP,Santa Barbara D'oeste,Jardim Santa Cecilia
São Paulo,SP,Santa Barbara D'oeste,Jardim Santa Ines
São Paulo,SP,Santa Barbara D'oeste,Jardim Santa Rita de Cassia
São Paulo,SP,Santa Barbara D'oeste,Jardim Santo Antonio
São Paulo,SP,Santa Barbara D'oeste,Jardim Sao Fernando
São Paulo,SP,Santa Barbara D'oeste,Jardim Sao Francisco
São Paulo,SP,Santa Barbara D'oeste,Jardim Sao Luiz
São Paulo,SP,Santa Barbara D'oeste,Jardim Sartori
São Paulo,SP,Santa Barbara D'oeste,Jardim Turmalinas
São Paulo,SP,Santa Barbara D'oeste,Jardim Vista Alegre
São Paulo,SP,Santa Barbara D'oeste,Lagoa Seca
São Paulo,SP,Santa Barbara D'oeste,Loteamento Colina Santa Barbara
São Paulo,SP,Santa Barbara D'oeste,Loteamento Industrial
São Paulo,SP,Santa Barbara D'oeste,Loteamento Planalto do Sol
São Paulo,SP,Santa Barbara D'oeste,Parque Frezzarim
São Paulo,SP,Santa Barbara D'oeste,Parque Planalto
São Paulo,SP,Santa Barbara D'oeste,Parque Residencial Santa Rosa I
São Paulo,SP,Santa Barbara D'oeste,Parque Residencial Santa Rosa II
São Paulo,SP,Santa Barbara D'oeste,Parque Residencial Zabani
São Paulo,SP,Santa Barbara D'oeste,Residencial Furlan
São Paulo,SP,Santa Barbara D'oeste,Residencial Sao Joaquim
São Paulo,SP,Santa Barbara D'oeste,Residencial Sao Joaquim II
São Paulo,SP,Santa Barbara D'oeste,Vila Aparecida
São Paulo,SP,Santa Barbara D'oeste,Vila Balan
São Paulo,SP,Santa Barbara D'oeste,Vila Betica
São Paulo,SP,Santa Barbara D'oeste,Vila Boldrin
São Paulo,SP,Santa Barbara D'oeste,Vila Borges
São Paulo,SP,Santa Barbara D'oeste,Vila Brasil
São Paulo,SP,Santa Barbara D'oeste,Vila Breda
São Paulo,SP,Santa Barbara D'oeste,Vila Dainese
São Paulo,SP,Santa Barbara D'oeste,Vila Diva
São Paulo,SP,Santa Barbara D'oeste,Vila Ferrarezi
São Paulo,SP,Santa Barbara D'oeste,Vila Garrido
São Paulo,SP,Santa Barbara D'oeste,Vila Godoy
São Paulo,SP,Santa Barbara D'oeste,Vila Grego
São Paulo,SP,Santa Barbara D'oeste,Vila Grego II
São Paulo,SP,Santa Barbara D'oeste,Vila Linopolis I
São Paulo,SP,Santa Barbara D'oeste,Vila Mac Knight
São Paulo,SP,Santa Barbara D'oeste,Vila Maria
São Paulo,SP,Santa Barbara D'oeste,Vila Mollon IV
São Paulo,SP,Santa Barbara D'oeste,Vila Oliveira
São Paulo,SP,Santa Barbara D'oeste,Vila Pires
São Paulo,SP,Santa Barbara D'oeste,Vila Romi
São Paulo,SP,Santa Barbara D'oeste,Vila Santa Cruz
São Paulo,SP,Santa Barbara D'oeste,Vila Santa Terezinha
São Paulo,SP,Santa Barbara D'oeste,Vila Santana
São Paulo,SP,Santa Barbara D'oeste,Vila Siqueira Campos
São Paulo,SP,Santa Barbara D'oeste,Vila Tereza
São Paulo,SP,Santo Andre,Campestre
São Paulo,SP,Santo Andre,Casa Branca
São Paulo,SP,Santo Andre,Centreville
São Paulo,SP,Santo Andre,Centro
São Paulo,SP,Santo Andre,Cidade Sao Jorge
São Paulo,SP,Santo Andre,Condominio Maracana
São Paulo,SP,Santo Andre,Jardim
São Paulo,SP,Santo Andre,Jardim Aclimacao
São Paulo,SP,Santo Andre,Jardim Alvorada
São Paulo,SP,Santo Andre,Jardim Alzira Franco
São Paulo,SP,Santo Andre,Jardim Ana Maria
São Paulo,SP,Santo Andre,Jardim Bela Vista
São Paulo,SP,Santo Andre,Jardim Bom Pastor
São Paulo,SP,Santo Andre,Jardim Cambui
São Paulo,SP,Santo Andre,Jardim Cristina
São Paulo,SP,Santo Andre,Jardim do Carmo
São Paulo,SP,Santo Andre,Jardim Estadio
São Paulo,SP,Santo Andre,Jardim Europa
São Paulo,SP,Santo Andre,Jardim Guarara
São Paulo,SP,Santo Andre,Jardim Guilhermina
São Paulo,SP,Santo Andre,Jardim Ipanema
São Paulo,SP,Santo Andre,Jardim Irene
São Paulo,SP,Santo Andre,Jardim Jamaica
São Paulo,SP,Santo Andre,Jardim Las Vegas
São Paulo,SP,Santo Andre,Jardim Maravilhas
São Paulo,SP,Santo Andre,Jardim Moncoes
São Paulo,SP,Santo Andre,Jardim Monte Libano
São Paulo,SP,Santo Andre,Jardim Ocara
São Paulo,SP,Santo Andre,Jardim Oriental
São Paulo,SP,Santo Andre,Jardim Paraiso
São Paulo,SP,Santo Andre,Jardim Pilar
São Paulo,SP,Santo Andre,Jardim Progresso
São Paulo,SP,Santo Andre,Jardim Riviera
São Paulo,SP,Santo Andre,Jardim Santa Cristina
São Paulo,SP,Santo Andre,Jardim Santo Alberto
São Paulo,SP,Santo Andre,Jardim Santo Andre
São Paulo,SP,Santo Andre,Jardim Santo Antonio
São Paulo,SP,Santo Andre,Jardim Silvana
São Paulo,SP,Santo Andre,Jardim Stella
São Paulo,SP,Santo Andre,Jardim Stetel
São Paulo,SP,Santo Andre,Jardim Teles de Menezes
São Paulo,SP,Santo Andre,Jardim Utinga
São Paulo,SP,Santo Andre,Jardim Vila Rica
São Paulo,SP,Santo Andre,Paraiso
São Paulo,SP,Santo Andre,Paranapiacaba
São Paulo,SP,Santo Andre,Parque Bandeirante
São Paulo,SP,Santo Andre,Parque Capuava
São Paulo,SP,Santo Andre,Parque Central
São Paulo,SP,Santo Andre,Parque das Nacoes
São Paulo,SP,Santo Andre,Parque Erasmo Assuncao
São Paulo,SP,Santo Andre,Parque Industriario
São Paulo,SP,Santo Andre,Parque Jacatuba
São Paulo,SP,Santo Andre,Parque Miami
São Paulo,SP,Santo Andre,Parque Novo Oratorio
São Paulo,SP,Santo Andre,Parque Oratorio
São Paulo,SP,Santo Andre,Santa Maria
São Paulo,SP,Santo Andre,Santa Teresinha
São Paulo,SP,Santo Andre,Utinga
São Paulo,SP,Santo Andre,Vila Alice
São Paulo,SP,Santo Andre,Vila Alpina
São Paulo,SP,Santo Andre,Vila Alto de Santo Andre
São Paulo,SP,Santo Andre,Vila Alzira
São Paulo,SP,Santo Andre,Vila Amabile Pezzolo
São Paulo,SP,Santo Andre,Vila America
São Paulo,SP,Santo Andre,Vila Apiai
São Paulo,SP,Santo Andre,Vila Aquilino
São Paulo,SP,Santo Andre,Vila Arlete
São Paulo,SP,Santo Andre,Vila Assuncao
São Paulo,SP,Santo Andre,Vila Bartira
São Paulo,SP,Santo Andre,Vila Bastos
São Paulo,SP,Santo Andre,Vila Bela Vista
São Paulo,SP,Santo Andre,Vila Boa Vista
São Paulo,SP,Santo Andre,Vila Camilopolis
São Paulo,SP,Santo Andre,Vila Cecilia Maria
São Paulo,SP,Santo Andre,Vila Clarice
São Paulo,SP,Santo Andre,Vila Claudio
São Paulo,SP,Santo Andre,Vila Curuca
São Paulo,SP,Santo Andre,Vila Eldizia
São Paulo,SP,Santo Andre,Vila Floresta
São Paulo,SP,Santo Andre,Vila Francisco Matarazzo
São Paulo,SP,Santo Andre,Vila Guaraciaba
São Paulo,SP,Santo Andre,Vila Guarani
São Paulo,SP,Santo Andre,Vila Guarara
São Paulo,SP,Santo Andre,Vila Guiomar
São Paulo,SP,Santo Andre,Vila Helena
São Paulo,SP,Santo Andre,Vila Homero Thon
São Paulo,SP,Santo Andre,Vila Humaita
São Paulo,SP,Santo Andre,Vila Joao Ramalho
São Paulo,SP,Santo Andre,Vila Junqueira
São Paulo,SP,Santo Andre,Vila Lea
São Paulo,SP,Santo Andre,Vila Leopoldina
São Paulo,SP,Santo Andre,Vila Lilica
São Paulo,SP,Santo Andre,Vila Linda
São Paulo,SP,Santo Andre,Vila Lucinda
São Paulo,SP,Santo Andre,Vila Lutecia
São Paulo,SP,Santo Andre,Vila Luzita
São Paulo,SP,Santo Andre,Vila Marina
São Paulo,SP,Santo Andre,Vila Mazzei
São Paulo,SP,Santo Andre,Vila Metalurgica
São Paulo,SP,Santo Andre,Vila Palmares
São Paulo,SP,Santo Andre,Vila Pinheirinho
São Paulo,SP,Santo Andre,Vila Pires
São Paulo,SP,Santo Andre,Vila Principe de Gales
São Paulo,SP,Santo Andre,Vila Progresso
São Paulo,SP,Santo Andre,Vila Sacadura Cabral
São Paulo,SP,Santo Andre,Vila Santa Teresa
São Paulo,SP,Santo Andre,Vila Santo Alberto
São Paulo,SP,Santo Andre,Vila Sao Pedro
São Paulo,SP,Santo Andre,Vila Scarpelli
São Paulo,SP,Santo Andre,Vila Silvestre
São Paulo,SP,Santo Andre,Vila Suica
São Paulo,SP,Santo Andre,Vila Tibirica
São Paulo,SP,Santo Andre,Vila Valparaiso
São Paulo,SP,Santo Andre,Vila Vilma
São Paulo,SP,Santo Andre,Vila Vitoria
São Paulo,SP,Santos,Alemoa
São Paulo,SP,Santos,Aparecida
São Paulo,SP,Santos,Areia Branca
São Paulo,SP,Santos,Bom Retiro
São Paulo,SP,Santos,Boqueirao
São Paulo,SP,Santos,Campo Grande
São Paulo,SP,Santos,Caneleira
São Paulo,SP,Santos,Castelo
São Paulo,SP,Santos,Centro
São Paulo,SP,Santos,Chico de Paula
São Paulo,SP,Santos,Docas
São Paulo,SP,Santos,Embare
São Paulo,SP,Santos,Encruzilhada
São Paulo,SP,Santos,Estuario
São Paulo,SP,Santos,Gonzaga
São Paulo,SP,Santos,Jabaquara
São Paulo,SP,Santos,Jose Menino
São Paulo,SP,Santos,Macuco
São Paulo,SP,Santos,Marape
São Paulo,SP,Santos,Monte Serrat
São Paulo,SP,Santos,Morro da Penha
São Paulo,SP,Santos,Morro de Nova Cintra
São Paulo,SP,Santos,Morro de Sao Bento
São Paulo,SP,Santos,Morro do Marape
São Paulo,SP,Santos,Morro do Pacheco
São Paulo,SP,Santos,Paqueta
São Paulo,SP,Santos,Ponta da Praia
São Paulo,SP,Santos,Radio Club
São Paulo,SP,Santos,Saboo
São Paulo,SP,Santos,Santa Maria
São Paulo,SP,Santos,Sao Jorge
São Paulo,SP,Santos,Sao Manoel
São Paulo,SP,Santos,Valongo
São Paulo,SP,Santos,Vila Belmiro
São Paulo,SP,Santos,Vila Matias
São Paulo,SP,Santos,Vila Nova
São Paulo,SP,Santos,Vila Progresso
São Paulo,SP,Sao Bernardo do Campo,Alvarenga
São Paulo,SP,Sao Bernardo do Campo,Anchieta
São Paulo,SP,Sao Bernardo do Campo,Assuncao
São Paulo,SP,Sao Bernardo do Campo,Baeta Neves
São Paulo,SP,Sao Bernardo do Campo,Batistini
São Paulo,SP,Sao Bernardo do Campo,Botujuru
São Paulo,SP,Sao Bernardo do Campo,Casa
São Paulo,SP,Sao Bernardo do Campo,Centro
São Paulo,SP,Sao Bernardo do Campo,Chacara Dublin Paulista
São Paulo,SP,Sao Bernardo do Campo,Chacara Rialto
São Paulo,SP,Sao Bernardo do Campo,Chacara Sergipe
São Paulo,SP,Sao Bernardo do Campo,Cidade Gertrudes
São Paulo,SP,Sao Bernardo do Campo,Cidade Jardim Nova Petropolis
São Paulo,SP,Sao Bernardo do Campo,Cidade Miramar
São Paulo,SP,Sao Bernardo do Campo,Conjunto Habitacional Alvorada
São Paulo,SP,Sao Bernardo do Campo,Conjunto Habitacional Franchini
São Paulo,SP,Sao Bernardo do Campo,Conjunto Habitacional Leao de Ouro
São Paulo,SP,Sao Bernardo do Campo,Conjunto Planalto
São Paulo,SP,Sao Bernardo do Campo,Conjunto Residencial Antuerpia
São Paulo,SP,Sao Bernardo do Campo,Conjunto Residencial Brasilia
São Paulo,SP,Sao Bernardo do Campo,Conjunto Residencial das Hortencias
São Paulo,SP,Sao Bernardo do Campo,Conjunto Residencial das Tulipas
São Paulo,SP,Sao Bernardo do Campo,Conjunto Residencial Embare
São Paulo,SP,Sao Bernardo do Campo,Conjunto Residencial Everest
São Paulo,SP,Sao Bernardo do Campo,Conjunto Residencial Ibirapuera
São Paulo,SP,Sao Bernardo do Campo,Conjunto Residencial Ipoa
São Paulo,SP,Sao Bernardo do Campo,Conjunto Residencial Itarari
São Paulo,SP,Sao Bernardo do Campo,Conjunto Residencial Pioneiro
São Paulo,SP,Sao Bernardo do Campo,Conjunto Residencial Pombeva
São Paulo,SP,Sao Bernardo do Campo,Conjunto Residencial Tania Maria
São Paulo,SP,Sao Bernardo do Campo,Cooperativa
São Paulo,SP,Sao Bernardo do Campo,Demarchi
São Paulo,SP,Sao Bernardo do Campo,Estoril
São Paulo,SP,Sao Bernardo do Campo,Ferrazopolis
São Paulo,SP,Sao Bernardo do Campo,Finco
São Paulo,SP,Sao Bernardo do Campo,Independencia
São Paulo,SP,Sao Bernardo do Campo,Jardim Acacias
São Paulo,SP,Sao Bernardo do Campo,Jardim Andrea Demarchi
São Paulo,SP,Sao Bernardo do Campo,Jardim Antares
São Paulo,SP,Sao Bernardo do Campo,Jardim Atlantico
São Paulo,SP,Sao Bernardo do Campo,Jardim Aurora
São Paulo,SP,Sao Bernardo do Campo,Jardim Balneario Alvorada
São Paulo,SP,Sao Bernardo do Campo,Jardim Beatriz
São Paulo,SP,Sao Bernardo do Campo,Jardim Belita
São Paulo,SP,Sao Bernardo do Campo,Jardim Borborema
São Paulo,SP,Sao Bernardo do Campo,Jardim Borda do Campo
São Paulo,SP,Sao Bernardo do Campo,Jardim Brasilandia
São Paulo,SP,Sao Bernardo do Campo,Jardim Brasilia
São Paulo,SP,Sao Bernardo do Campo,Jardim Brooklin
São Paulo,SP,Sao Bernardo do Campo,Jardim Calux
São Paulo,SP,Sao Bernardo do Campo,Jardim Campestre
São Paulo,SP,Sao Bernardo do Campo,Jardim Chacara Inglesa
São Paulo,SP,Sao Bernardo do Campo,Jardim Claudia
São Paulo,SP,Sao Bernardo do Campo,Jardim Colonial
São Paulo,SP,Sao Bernardo do Campo,Jardim Continental
São Paulo,SP,Sao Bernardo do Campo,Jardim Copacabana
São Paulo,SP,Sao Bernardo do Campo,Jardim da Represa
São Paulo,SP,Sao Bernardo do Campo,Jardim das Americas
São Paulo,SP,Sao Bernardo do Campo,Jardim das Cerejeiras
São Paulo,SP,Sao Bernardo do Campo,Jardim das Quatro Marias
São Paulo,SP,Sao Bernardo do Campo,Jardim Detroit
São Paulo,SP,Sao Bernardo do Campo,Jardim do Imperador
São Paulo,SP,Sao Bernardo do Campo,Jardim do Lago
São Paulo,SP,Sao Bernardo do Campo,Jardim do Mar
São Paulo,SP,Sao Bernardo do Campo,Jardim Dona Luiza
São Paulo,SP,Sao Bernardo do Campo,Jardim Embare
São Paulo,SP,Sao Bernardo do Campo,Jardim Esmeralda
São Paulo,SP,Sao Bernardo do Campo,Jardim Fada
São Paulo,SP,Sao Bernardo do Campo,Jardim Farina
São Paulo,SP,Sao Bernardo do Campo,Jardim Fenix
São Paulo,SP,Sao Bernardo do Campo,Jardim Gagliardi
São Paulo,SP,Sao Bernardo do Campo,Jardim Hollywood
São Paulo,SP,Sao Bernardo do Campo,Jardim Independencia
São Paulo,SP,Sao Bernardo do Campo,Jardim Ipe
São Paulo,SP,Sao Bernardo do Campo,Jardim Iracema
São Paulo,SP,Sao Bernardo do Campo,Jardim Jussara
São Paulo,SP,Sao Bernardo do Campo,Jardim Laura
São Paulo,SP,Sao Bernardo do Campo,Jardim Lauro Gomes
São Paulo,SP,Sao Bernardo do Campo,Jardim Lavinia
São Paulo,SP,Sao Bernardo do Campo,Jardim Leblon
São Paulo,SP,Sao Bernardo do Campo,Jardim Maria Adelaide
São Paulo,SP,Sao Bernardo do Campo,Jardim Maria Cecilia
São Paulo,SP,Sao Bernardo do Campo,Jardim Marrocos
São Paulo,SP,Sao Bernardo do Campo,Jardim Monte Carlo
São Paulo,SP,Sao Bernardo do Campo,Jardim Montreal
São Paulo,SP,Sao Bernardo do Campo,Jardim Nascimento
São Paulo,SP,Sao Bernardo do Campo,Jardim Nazareth
São Paulo,SP,Sao Bernardo do Campo,Jardim Nossa Senhora de Fatima
São Paulo,SP,Sao Bernardo do Campo,Jardim Nova Petropolis
São Paulo,SP,Sao Bernardo do Campo,Jardim Olavo Bilac
São Paulo,SP,Sao Bernardo do Campo,Jardim Orlandina
São Paulo,SP,Sao Bernardo do Campo,Jardim Palermo
São Paulo,SP,Sao Bernardo do Campo,Jardim Paramount
São Paulo,SP,Sao Bernardo do Campo,Jardim Petroni
São Paulo,SP,Sao Bernardo do Campo,Jardim Santa Maria
São Paulo,SP,Sao Bernardo do Campo,Jardim Santo Ignacio
São Paulo,SP,Sao Bernardo do Campo,Jardim Sao Francisco
São Paulo,SP,Sao Bernardo do Campo,Jardim Sao Luis
São Paulo,SP,Sao Bernardo do Campo,Jardim Saracantan
São Paulo,SP,Sao Bernardo do Campo,Jardim Silvestre
São Paulo,SP,Sao Bernardo do Campo,Jardim Silvina
São Paulo,SP,Sao Bernardo do Campo,Jardim Thelma
São Paulo,SP,Sao Bernardo do Campo,Jardim Tres Marias
São Paulo,SP,Sao Bernardo do Campo,Jardim Trieste
São Paulo,SP,Sao Bernardo do Campo,Jardim Valdibia
São Paulo,SP,Sao Bernardo do Campo,Jardim Vera Cruz
São Paulo,SP,Sao Bernardo do Campo,Jardim Via Anchieta
São Paulo,SP,Sao Bernardo do Campo,Jardim Wallace Simonsen
São Paulo,SP,Sao Bernardo do Campo,Jardim Yraja
São Paulo,SP,Sao Bernardo do Campo,Jordanopolis
São Paulo,SP,Sao Bernardo do Campo,Montanhao
São Paulo,SP,Sao Bernardo do Campo,Parque Anchieta
São Paulo,SP,Sao Bernardo do Campo,Parque dos Passaros
São Paulo,SP,Sao Bernardo do Campo,Parque Espacial
São Paulo,SP,Sao Bernardo do Campo,Parque Neide
São Paulo,SP,Sao Bernardo do Campo,Parque Riacho Grande
São Paulo,SP,Sao Bernardo do Campo,Parque Rio Grande
São Paulo,SP,Sao Bernardo do Campo,Parque Santo Antonio
São Paulo,SP,Sao Bernardo do Campo,Parque Sao Diogo
São Paulo,SP,Sao Bernardo do Campo,Parque Sao Jose
São Paulo,SP,Sao Bernardo do Campo,Parque Sao Pedro
São Paulo,SP,Sao Bernardo do Campo,Parque Silvaplana
São Paulo,SP,Sao Bernardo do Campo,Parque Terra Nova
São Paulo,SP,Sao Bernardo do Campo,Pauliceia
São Paulo,SP,Sao Bernardo do Campo,Planalto
São Paulo,SP,Sao Bernardo do Campo,Rio Grande
São Paulo,SP,Sao Bernardo do Campo,Rudge Ramos
São Paulo,SP,Sao Bernardo do Campo,Santa Terezinha
São Paulo,SP,Sao Bernardo do Campo,Sao Bernardo Mirim
São Paulo,SP,Sao Bernardo do Campo,Sitio Jandaia
São Paulo,SP,Sao Bernardo do Campo,Sitio Pauliceia
São Paulo,SP,Sao Bernardo do Campo,Suisso
São Paulo,SP,Sao Bernardo do Campo,Taboao
São Paulo,SP,Sao Bernardo do Campo,Varginha
São Paulo,SP,Sao Bernardo do Campo,Vila Adriana
São Paulo,SP,Sao Bernardo do Campo,Vila Afonsina
São Paulo,SP,Sao Bernardo do Campo,Vila Alvaro Marques
São Paulo,SP,Sao Bernardo do Campo,Vila Alves Dias
São Paulo,SP,Sao Bernardo do Campo,Vila Alvinopolis
São Paulo,SP,Sao Bernardo do Campo,Vila America
São Paulo,SP,Sao Bernardo do Campo,Vila Angelina
São Paulo,SP,Sao Bernardo do Campo,Vila Antonieta
São Paulo,SP,Sao Bernardo do Campo,Vila Armando Bondioli
São Paulo,SP,Sao Bernardo do Campo,Vila Artuelia
São Paulo,SP,Sao Bernardo do Campo,Vila Aurea
São Paulo,SP,Sao Bernardo do Campo,Vila Aurora
São Paulo,SP,Sao Bernardo do Campo,Vila Baeta Neves
São Paulo,SP,Sao Bernardo do Campo,Vila Balnearia
São Paulo,SP,Sao Bernardo do Campo,Vila Beatriz
São Paulo,SP,Sao Bernardo do Campo,Vila Boa Viagem
São Paulo,SP,Sao Bernardo do Campo,Vila Camargo
São Paulo,SP,Sao Bernardo do Campo,Vila Caminho do Mar
São Paulo,SP,Sao Bernardo do Campo,Vila Campestre
São Paulo,SP,Sao Bernardo do Campo,Vila Claraval
São Paulo,SP,Sao Bernardo do Campo,Vila Damasio
São Paulo,SP,Sao Bernardo do Campo,Vila Danubio
São Paulo,SP,Sao Bernardo do Campo,Vila Dayse
São Paulo,SP,Sao Bernardo do Campo,Vila Delmira
São Paulo,SP,Sao Bernardo do Campo,Vila do Rio Grande
São Paulo,SP,Sao Bernardo do Campo,Vila do Tanque
São Paulo,SP,Sao Bernardo do Campo,Vila dos Galvao
São Paulo,SP,Sao Bernardo do Campo,Vila Dourados
São Paulo,SP,Sao Bernardo do Campo,Vila Dusi
São Paulo,SP,Sao Bernardo do Campo,Vila Esther
São Paulo,SP,Sao Bernardo do Campo,Vila Euclides
São Paulo,SP,Sao Bernardo do Campo,Vila Euro
São Paulo,SP,Sao Bernardo do Campo,Vila Ferreira
São Paulo,SP,Sao Bernardo do Campo,Vila Florida
São Paulo,SP,Sao Bernardo do Campo,Vila Formosa
São Paulo,SP,Sao Bernardo do Campo,Vila Franca
São Paulo,SP,Sao Bernardo do Campo,Vila Goncalves
São Paulo,SP,Sao Bernardo do Campo,Vila Helena
São Paulo,SP,Sao Bernardo do Campo,Vila Imperio
São Paulo,SP,Sao Bernardo do Campo,Vila Industrial
São Paulo,SP,Sao Bernardo do Campo,Vila Iracema
São Paulo,SP,Sao Bernardo do Campo,Vila Irene
São Paulo,SP,Sao Bernardo do Campo,Vila Iris
São Paulo,SP,Sao Bernardo do Campo,Vila Israel
São Paulo,SP,Sao Bernardo do Campo,Vila Jerusalem
São Paulo,SP,Sao Bernardo do Campo,Vila Jesuita
São Paulo,SP,Sao Bernardo do Campo,Vila Jordanopolis
São Paulo,SP,Sao Bernardo do Campo,Vila Judite
São Paulo,SP,Sao Bernardo do Campo,Vila Jupiter
São Paulo,SP,Sao Bernardo do Campo,Vila Jurubatuba
São Paulo,SP,Sao Bernardo do Campo,Vila Labor
São Paulo,SP,Sao Bernardo do Campo,Vila Leonina
São Paulo,SP,Sao Bernardo do Campo,Vila Luiz Casa
São Paulo,SP,Sao Bernardo do Campo,Vila Lusitania
São Paulo,SP,Sao Bernardo do Campo,Vila Maraba
São Paulo,SP,Sao Bernardo do Campo,Vila Marchi
São Paulo,SP,Sao Bernardo do Campo,Vila Margarida
São Paulo,SP,Sao Bernardo do Campo,Vila Mariza
São Paulo,SP,Sao Bernardo do Campo,Vila Marlene
São Paulo,SP,Sao Bernardo do Campo,Vila Marli
São Paulo,SP,Sao Bernardo do Campo,Vila Mussolini
São Paulo,SP,Sao Bernardo do Campo,Vila Nova Santa Luzia
São Paulo,SP,Sao Bernardo do Campo,Vila Odete
São Paulo,SP,Sao Bernardo do Campo,Vila Olga
São Paulo,SP,Sao Bernardo do Campo,Vila Planalto
São Paulo,SP,Sao Bernardo do Campo,Vila Primavera
São Paulo,SP,Sao Bernardo do Campo,Vila Rica
São Paulo,SP,Sao Bernardo do Campo,Vila Rio Grande
São Paulo,SP,Sao Bernardo do Campo,Vila Rosa
São Paulo,SP,Sao Bernardo do Campo,Vila Rosa Cruz
São Paulo,SP,Sao Bernardo do Campo,Vila Rosane
São Paulo,SP,Sao Bernardo do Campo,Vila Santa Filomena
São Paulo,SP,Sao Bernardo do Campo,Vila Santa Izabel
São Paulo,SP,Sao Bernardo do Campo,Vila Santa Luzia
São Paulo,SP,Sao Bernardo do Campo,Vila Santa Rita de Cassia
São Paulo,SP,Sao Bernardo do Campo,Vila Santa Terezinha
São Paulo,SP,Sao Bernardo do Campo,Vila Santo Agostinho
São Paulo,SP,Sao Bernardo do Campo,Vila Sao Joao
São Paulo,SP,Sao Bernardo do Campo,Vila Sao Jose
São Paulo,SP,Sao Bernardo do Campo,Vila Sao Leopoldo
São Paulo,SP,Sao Bernardo do Campo,Vila Sao Marcos
São Paulo,SP,Sao Bernardo do Campo,Vila Sao Silverio
São Paulo,SP,Sao Bernardo do Campo,Vila Silvia
São Paulo,SP,Sao Bernardo do Campo,Vila Sonia
São Paulo,SP,Sao Bernardo do Campo,Vila Tanque
São Paulo,SP,Sao Bernardo do Campo,Vila Tereza
São Paulo,SP,Sao Bernardo do Campo,Vila Tocantins
São Paulo,SP,Sao Bernardo do Campo,Vila Tsukamoto
São Paulo,SP,Sao Bernardo do Campo,Vila Tupi
São Paulo,SP,Sao Bernardo do Campo,Vila Uras
São Paulo,SP,Sao Bernardo do Campo,Vila Verde
São Paulo,SP,Sao Bernardo do Campo,Vila Vianas
São Paulo,SP,Sao Bernardo do Campo,Vila Vivaldi
São Paulo,SP,Sao Bernardo do Campo,Vila Washington
São Paulo,SP,Sao Bernardo do Campo,Yara Praia
São Paulo,SP,Sao Caetano do Sul,Barcelona
São Paulo,SP,Sao Caetano do Sul,Boa Vista
São Paulo,SP,Sao Caetano do Sul,Centro
São Paulo,SP,Sao Caetano do Sul,Ceramica
São Paulo,SP,Sao Caetano do Sul,Fundacao
São Paulo,SP,Sao Caetano do Sul,Jardim Sao Caetano
São Paulo,SP,Sao Caetano do Sul,Maua
São Paulo,SP,Sao Caetano do Sul,Nova Gerti
São Paulo,SP,Sao Caetano do Sul,Olimpico
São Paulo,SP,Sao Caetano do Sul,Osvaldo Cruz
São Paulo,SP,Sao Caetano do Sul,Prosperidade
São Paulo,SP,Sao Caetano do Sul,Santa Maria
São Paulo,SP,Sao Caetano do Sul,Santa Paula
São Paulo,SP,Sao Caetano do Sul,Santo Antonio
São Paulo,SP,Sao Caetano do Sul,Sao Jose
São Paulo,SP,Sao Carlos,Azulville 2
São Paulo,SP,Sao Carlos,Azulville I
São Paulo,SP,Sao Carlos,Centreville
São Paulo,SP,Sao Carlos,Centro
São Paulo,SP,Sao Carlos,Chacara Parollo
São Paulo,SP,Sao Carlos,Chacara Parque Club
São Paulo,SP,Sao Carlos,Chacara Sao Joao
São Paulo,SP,Sao Carlos,Cidade Aracy
São Paulo,SP,Sao Carlos,Cidade Jardim
São Paulo,SP,Sao Carlos,Jardim Alvorada
São Paulo,SP,Sao Carlos,Jardim Bandeirantes
São Paulo,SP,Sao Carlos,Jardim Beatriz
São Paulo,SP,Sao Carlos,Jardim Bethania
São Paulo,SP,Sao Carlos,Jardim Botafogo 1
São Paulo,SP,Sao Carlos,Jardim Brasil
São Paulo,SP,Sao Carlos,Jardim Cardinalli
São Paulo,SP,Sao Carlos,Jardim Cruzeiro do Sul
São Paulo,SP,Sao Carlos,Jardim Dona Francisca
São Paulo,SP,Sao Carlos,Jardim Gibertoni
São Paulo,SP,Sao Carlos,Jardim Hikare
São Paulo,SP,Sao Carlos,Jardim Jockei Club A
São Paulo,SP,Sao Carlos,Jardim Lutfalla
São Paulo,SP,Sao Carlos,Jardim Macarengo
São Paulo,SP,Sao Carlos,Jardim Maracana
São Paulo,SP,Sao Carlos,Jardim Maria Alice
São Paulo,SP,Sao Carlos,Jardim Medeiros
São Paulo,SP,Sao Carlos,Jardim Mercedes
São Paulo,SP,Sao Carlos,Jardim Munique
São Paulo,SP,Sao Carlos,Jardim Nossa Senhora Aparecida
São Paulo,SP,Sao Carlos,Jardim Nova Santa Paula
São Paulo,SP,Sao Carlos,Jardim Nova Sao Calors
São Paulo,SP,Sao Carlos,Jardim Novo Horizonte
São Paulo,SP,Sao Carlos,Jardim Pacaembu
São Paulo,SP,Sao Carlos,Jardim Paraiso
São Paulo,SP,Sao Carlos,Jardim Paulista
São Paulo,SP,Sao Carlos,Jardim Paulistano
São Paulo,SP,Sao Carlos,Jardim Ricetti
São Paulo,SP,Sao Carlos,Jardim Santa Paula
São Paulo,SP,Sao Carlos,Jardim Santa Tereza
São Paulo,SP,Sao Carlos,Jardim Sao Carlos
São Paulo,SP,Sao Carlos,Jardim Sao Paulo
São Paulo,SP,Sao Carlos,Jardim Sao Rafael
São Paulo,SP,Sao Carlos,Jardim Tangara
São Paulo,SP,Sao Carlos,Loteamento Albertini
São Paulo,SP,Sao Carlos,Loteamento Habitacional Sao Carlos 2
São Paulo,SP,Sao Carlos,Loteamento Habitacional Sao Carlos I
São Paulo,SP,Sao Carlos,Loteamento Municipal Sao Carlos 3
São Paulo,SP,Sao Carlos,Loteamento Municipal Sao Carlos 4
São Paulo,SP,Sao Carlos,Nucleo Residencial Castelo Branco
São Paulo,SP,Sao Carlos,Nucleo Residencial Silvio Vilari
São Paulo,SP,Sao Carlos,Parque Arnold Schimidt
São Paulo,SP,Sao Carlos,Parque Delta
São Paulo,SP,Sao Carlos,Parque Paraiso
São Paulo,SP,Sao Carlos,Parque Primavera
São Paulo,SP,Sao Carlos,Parque Residencial Maria Stella Faga
São Paulo,SP,Sao Carlos,Parque Sabara
São Paulo,SP,Sao Carlos,Parque Santa Felicia Jardim
São Paulo,SP,Sao Carlos,Parque Santa Marta
São Paulo,SP,Sao Carlos,Parque Santa Monica
São Paulo,SP,Sao Carlos,Parque Sao Jose
São Paulo,SP,Sao Carlos,Parque Sisi
São Paulo,SP,Sao Carlos,Planalto Paraiso
São Paulo,SP,Sao Carlos,Portal do Sol
São Paulo,SP,Sao Carlos,Recreio Sao Judas Tadeu
São Paulo,SP,Sao Carlos,Vila Alpes
São Paulo,SP,Sao Carlos,Vila Arnaldo
São Paulo,SP,Sao Carlos,Vila Bela Vista
São Paulo,SP,Sao Carlos,Vila Boa Vista
São Paulo,SP,Sao Carlos,Vila Boa Vista 1
São Paulo,SP,Sao Carlos,Vila Carmem
São Paulo,SP,Sao Carlos,Vila Conceicao
São Paulo,SP,Sao Carlos,Vila Costa do Sol
São Paulo,SP,Sao Carlos,Vila Deriggi
São Paulo,SP,Sao Carlos,Vila Elizabeth
São Paulo,SP,Sao Carlos,Vila Faria
São Paulo,SP,Sao Carlos,Vila Irene
São Paulo,SP,Sao Carlos,Vila Izabel
São Paulo,SP,Sao Carlos,Vila Lutfalla
São Paulo,SP,Sao Carlos,Vila Marcelino
São Paulo,SP,Sao Carlos,Vila Monte Carlo
São Paulo,SP,Sao Carlos,Vila Monteiro (gleba 1)
São Paulo,SP,Sao Carlos,Vila Morumbi
São Paulo,SP,Sao Carlos,Vila Nery
São Paulo,SP,Sao Carlos,Vila Nossa Senhora de Fatima
São Paulo,SP,Sao Carlos,Vila Pelicano
São Paulo,SP,Sao Carlos,Vila Prado
São Paulo,SP,Sao Carlos,Vila Pureza
São Paulo,SP,Sao Carlos,Vila Rancho Velho
São Paulo,SP,Sao Carlos,Vila Santa Madre Cabrini
São Paulo,SP,Sao Carlos,Vila Sao Caetano
São Paulo,SP,Sao Carlos,Vila Sao Jose
São Paulo,SP,Sao Carlos,Vila Sonia
São Paulo,SP,Sao Carlos,Vila Vista Alegre
São Paulo,SP,Sao Joao da Boa Vista,Alegre
São Paulo,SP,Sao Joao da Boa Vista,Alto da Boa Vista
São Paulo,SP,Sao Joao da Boa Vista,Areiao
São Paulo,SP,Sao Joao da Boa Vista,Centro
São Paulo,SP,Sao Joao da Boa Vista,Chacara Rosa Dias
São Paulo,SP,Sao Joao da Boa Vista,Conceicao
São Paulo,SP,Sao Joao da Boa Vista,Conjunto Residencial Nossa Senhora de Fatima
São Paulo,SP,Sao Joao da Boa Vista,Distrito Industrial
São Paulo,SP,Sao Joao da Boa Vista,Jardim Aeroporto Eldorado
São Paulo,SP,Sao Joao da Boa Vista,Jardim Amelia
São Paulo,SP,Sao Joao da Boa Vista,Jardim Boa Vista
São Paulo,SP,Sao Joao da Boa Vista,Jardim Canada
São Paulo,SP,Sao Joao da Boa Vista,Jardim Cledirna
São Paulo,SP,Sao Joao da Boa Vista,Jardim Crepusculo
São Paulo,SP,Sao Joao da Boa Vista,Jardim da Gloria
São Paulo,SP,Sao Joao da Boa Vista,Jardim Del Plata
São Paulo,SP,Sao Joao da Boa Vista,Jardim Dona Tereza
São Paulo,SP,Sao Joao da Boa Vista,Jardim Dona Tereza II
São Paulo,SP,Sao Joao da Boa Vista,Jardim dos Eucaliptos
São Paulo,SP,Sao Joao da Boa Vista,Jardim Eldorado
São Paulo,SP,Sao Joao da Boa Vista,Jardim Fleming
São Paulo,SP,Sao Joao da Boa Vista,Jardim Guanabara
São Paulo,SP,Sao Joao da Boa Vista,Jardim Industrial
São Paulo,SP,Sao Joao da Boa Vista,Jardim Italia
São Paulo,SP,Sao Joao da Boa Vista,Jardim Leonor
São Paulo,SP,Sao Joao da Boa Vista,Jardim Magalhaes
São Paulo,SP,Sao Joao da Boa Vista,Jardim Michelazzo
São Paulo,SP,Sao Joao da Boa Vista,Jardim Molinari
São Paulo,SP,Sao Joao da Boa Vista,Jardim Nova Republica
São Paulo,SP,Sao Joao da Boa Vista,Jardim Nova Republica (2a Etapa)
São Paulo,SP,Sao Joao da Boa Vista,Jardim Nova Republica (3a Etapa)
São Paulo,SP,Sao Joao da Boa Vista,Jardim Nova Republica (4a Etapa)
São Paulo,SP,Sao Joao da Boa Vista,Jardim Nova Sao Joao
São Paulo,SP,Sao Joao da Boa Vista,Jardim Novo Horizonte
São Paulo,SP,Sao Joao da Boa Vista,Jardim Primeiro de Maio
São Paulo,SP,Sao Joao da Boa Vista,Jardim Priscila
São Paulo,SP,Sao Joao da Boa Vista,Jardim Progresso
São Paulo,SP,Sao Joao da Boa Vista,Jardim Recanto
São Paulo,SP,Sao Joao da Boa Vista,Jardim Recanto do Jaguari
São Paulo,SP,Sao Joao da Boa Vista,Jardim Recreio
São Paulo,SP,Sao Joao da Boa Vista,Jardim Santa Clara
São Paulo,SP,Sao Joao da Boa Vista,Jardim Santa Helena
São Paulo,SP,Sao Joao da Boa Vista,Jardim Santa Rita
São Paulo,SP,Sao Joao da Boa Vista,Jardim Santarem
São Paulo,SP,Sao Joao da Boa Vista,Jardim Santiago Penha
São Paulo,SP,Sao Joao da Boa Vista,Jardim Santo Andre
São Paulo,SP,Sao Joao da Boa Vista,Jardim Sao Jorge
São Paulo,SP,Sao Joao da Boa Vista,Jardim Sao Manoel
São Paulo,SP,Sao Joao da Boa Vista,Jardim Sao Nicolau
São Paulo,SP,Sao Joao da Boa Vista,Jardim Sao Paulo
São Paulo,SP,Sao Joao da Boa Vista,Jardim Sao Thiago
São Paulo,SP,Sao Joao da Boa Vista,Jardim Satelite
São Paulo,SP,Sao Joao da Boa Vista,Jardim Sol Nascente
São Paulo,SP,Sao Joao da Boa Vista,Jardim Trianon
São Paulo,SP,Sao Joao da Boa Vista,Jardim Vale do Sol
São Paulo,SP,Sao Joao da Boa Vista,Jardim Vila Rica
São Paulo,SP,Sao Joao da Boa Vista,Lagoa dos Patos
São Paulo,SP,Sao Joao da Boa Vista,Nova Vila Nossa Senhora de Fatima
São Paulo,SP,Sao Joao da Boa Vista,Nucleo Durval Nicolau (etapa 1)
São Paulo,SP,Sao Joao da Boa Vista,Nucleo Durval Nicolau (etapa 2)
São Paulo,SP,Sao Joao da Boa Vista,Nucleo Habitacional Eugenio S Mathias
São Paulo,SP,Sao Joao da Boa Vista,Nucleo Residencial Durval Nicolau 3
São Paulo,SP,Sao Joao da Boa Vista,Parque Colina da Mantiqueira
São Paulo,SP,Sao Joao da Boa Vista,Parque das Nacoes
São Paulo,SP,Sao Joao da Boa Vista,Parque Jequitibas
São Paulo,SP,Sao Joao da Boa Vista,Parque Residencial Jardim Sao Domingos
São Paulo,SP,Sao Joao da Boa Vista,Parque Residencial Tereza Cristina
São Paulo,SP,Sao Joao da Boa Vista,Perpetuo Socorro
São Paulo,SP,Sao Joao da Boa Vista,Pousada do Sol
São Paulo,SP,Sao Joao da Boa Vista,Pratinha
São Paulo,SP,Sao Joao da Boa Vista,Recanto das Paineiras
São Paulo,SP,Sao Joao da Boa Vista,Rosario
São Paulo,SP,Sao Joao da Boa Vista,Salario da Mantiqueira
São Paulo,SP,Sao Joao da Boa Vista,Santo Antonio
São Paulo,SP,Sao Joao da Boa Vista,Sao Benedito
São Paulo,SP,Sao Joao da Boa Vista,Sao Lazaro
São Paulo,SP,Sao Joao da Boa Vista,Vila Bela
São Paulo,SP,Sao Joao da Boa Vista,Vila Brasil
São Paulo,SP,Sao Joao da Boa Vista,Vila Carvalho
São Paulo,SP,Sao Joao da Boa Vista,Vila Clara
São Paulo,SP,Sao Joao da Boa Vista,Vila Clayton
São Paulo,SP,Sao Joao da Boa Vista,Vila Conceicao
São Paulo,SP,Sao Joao da Boa Vista,Vila Conrado
São Paulo,SP,Sao Joao da Boa Vista,Vila Damaglio
São Paulo,SP,Sao Joao da Boa Vista,Vila Estrela
São Paulo,SP,Sao Joao da Boa Vista,Vila Fleming
São Paulo,SP,Sao Joao da Boa Vista,Vila Gomes
São Paulo,SP,Sao Joao da Boa Vista,Vila Isabel
São Paulo,SP,Sao Joao da Boa Vista,Vila Loyola
São Paulo,SP,Sao Joao da Boa Vista,Vila Luzitana
São Paulo,SP,Sao Joao da Boa Vista,Vila Magnolia
São Paulo,SP,Sao Joao da Boa Vista,Vila Nossa Senhora de Fatima
São Paulo,SP,Sao Joao da Boa Vista,Vila Operaria
São Paulo,SP,Sao Joao da Boa Vista,Vila Oriental
São Paulo,SP,Sao Joao da Boa Vista,Vila Santa Adelia
São Paulo,SP,Sao Joao da Boa Vista,Vila Santa Edwirges
São Paulo,SP,Sao Joao da Boa Vista,Vila Tenente Vasconcelos
São Paulo,SP,Sao Joao da Boa Vista,Vila Trafani
São Paulo,SP,Sao Joao da Boa Vista,Vila Valentin
São Paulo,SP,Sao Joao da Boa Vista,Vila Valentin Nova
São Paulo,SP,Sao Joao da Boa Vista,Vila Westin
São Paulo,SP,Sao Joao da Boa Vista,Vila Zanetti
São Paulo,SP,Sao Jose do Rio Preto,Boa Vista
São Paulo,SP,Sao Jose do Rio Preto,Bom Jardim
São Paulo,SP,Sao Jose do Rio Preto,Bosque da Felicidade
São Paulo,SP,Sao Jose do Rio Preto,Bosque da Saude
São Paulo,SP,Sao Jose do Rio Preto,Centro
São Paulo,SP,Sao Jose do Rio Preto,Chacara Municipal
São Paulo,SP,Sao Jose do Rio Preto,Cidade Nova
São Paulo,SP,Sao Jose do Rio Preto,Condominio Bourgainville
São Paulo,SP,Sao Jose do Rio Preto,Condominio Debora Cristina
São Paulo,SP,Sao Jose do Rio Preto,Conjunto Habitacional Costa do Sol
São Paulo,SP,Sao Jose do Rio Preto,Conjunto Habitacional Sao Deocleciano
São Paulo,SP,Sao Jose do Rio Preto,Distrito Industrial
São Paulo,SP,Sao Jose do Rio Preto,Eldorado
São Paulo,SP,Sao Jose do Rio Preto,Gonzaga de Campos
São Paulo,SP,Sao Jose do Rio Preto,Higienopolis
São Paulo,SP,Sao Jose do Rio Preto,Jardim Alto Alegre
São Paulo,SP,Sao Jose do Rio Preto,Jardim Alto Rio Preto
São Paulo,SP,Sao Jose do Rio Preto,Jardim America
São Paulo,SP,Sao Jose do Rio Preto,Jardim Analice
São Paulo,SP,Sao Jose do Rio Preto,Jardim Anielli
São Paulo,SP,Sao Jose do Rio Preto,Jardim Bela Vista
São Paulo,SP,Sao Jose do Rio Preto,Jardim Bordon
São Paulo,SP,Sao Jose do Rio Preto,Jardim Canaa
São Paulo,SP,Sao Jose do Rio Preto,Jardim Caparroz
São Paulo,SP,Sao Jose do Rio Preto,Jardim Castelinho
São Paulo,SP,Sao Jose do Rio Preto,Jardim Conceicao
São Paulo,SP,Sao Jose do Rio Preto,Jardim Congonhas
São Paulo,SP,Sao Jose do Rio Preto,Jardim do Bosque
São Paulo,SP,Sao Jose do Rio Preto,Jardim do Lago
São Paulo,SP,Sao Jose do Rio Preto,Jardim dos Gomes
São Paulo,SP,Sao Jose do Rio Preto,Jardim dos Seixas
São Paulo,SP,Sao Jose do Rio Preto,Jardim Estrela
São Paulo,SP,Sao Jose do Rio Preto,Jardim Europa
São Paulo,SP,Sao Jose do Rio Preto,Jardim Francisco Fernandes
São Paulo,SP,Sao Jose do Rio Preto,Jardim Fuscaldo
São Paulo,SP,Sao Jose do Rio Preto,Jardim Herculano
São Paulo,SP,Sao Jose do Rio Preto,Jardim Itapema
São Paulo,SP,Sao Jose do Rio Preto,Jardim Laranjeiras
São Paulo,SP,Sao Jose do Rio Preto,Jardim Los Angeles
São Paulo,SP,Sao Jose do Rio Preto,Jardim Maracana
São Paulo,SP,Sao Jose do Rio Preto,Jardim Maria Candida
São Paulo,SP,Sao Jose do Rio Preto,Jardim Mona
São Paulo,SP,Sao Jose do Rio Preto,Jardim Mugnaini
São Paulo,SP,Sao Jose do Rio Preto,Jardim Municipal
São Paulo,SP,Sao Jose do Rio Preto,Jardim Nazareth
São Paulo,SP,Sao Jose do Rio Preto,Jardim Norte
São Paulo,SP,Sao Jose do Rio Preto,Jardim Novo Aeroporto
São Paulo,SP,Sao Jose do Rio Preto,Jardim Novo Mundo
São Paulo,SP,Sao Jose do Rio Preto,Jardim Ouro Verde
São Paulo,SP,Sao Jose do Rio Preto,Jardim Palmeiras
São Paulo,SP,Sao Jose do Rio Preto,Jardim Panorama
São Paulo,SP,Sao Jose do Rio Preto,Jardim Paraiso
São Paulo,SP,Sao Jose do Rio Preto,Jardim Paulista
São Paulo,SP,Sao Jose do Rio Preto,Jardim Primavera
São Paulo,SP,Sao Jose do Rio Preto,Jardim Residencial Vetorasso
São Paulo,SP,Sao Jose do Rio Preto,Jardim Roseana
São Paulo,SP,Sao Jose do Rio Preto,Jardim Rosely
São Paulo,SP,Sao Jose do Rio Preto,Jardim Santa Catarina
São Paulo,SP,Sao Jose do Rio Preto,Jardim Santa Lucia
São Paulo,SP,Sao Jose do Rio Preto,Jardim Santa Luzia
São Paulo,SP,Sao Jose do Rio Preto,Jardim Santa Maria
São Paulo,SP,Sao Jose do Rio Preto,Jardim Sao Paulo
São Paulo,SP,Sao Jose do Rio Preto,Jardim Sao Vicente
São Paulo,SP,Sao Jose do Rio Preto,Jardim Seyon
São Paulo,SP,Sao Jose do Rio Preto,Jardim Sonia
São Paulo,SP,Sao Jose do Rio Preto,Jardim Soraia
São Paulo,SP,Sao Jose do Rio Preto,Jardim Suzana
São Paulo,SP,Sao Jose do Rio Preto,Jardim Tangara
São Paulo,SP,Sao Jose do Rio Preto,Jardim Tarraf
São Paulo,SP,Sao Jose do Rio Preto,Jardim Tarraf II
São Paulo,SP,Sao Jose do Rio Preto,Jardim Urano
São Paulo,SP,Sao Jose do Rio Preto,Jardim Urupes
São Paulo,SP,Sao Jose do Rio Preto,Jardim Vale do Sol
São Paulo,SP,Sao Jose do Rio Preto,Jardim Vieira
São Paulo,SP,Sao Jose do Rio Preto,Jardim Viena
São Paulo,SP,Sao Jose do Rio Preto,Jardim Vitoria Regia
São Paulo,SP,Sao Jose do Rio Preto,Jardim Vivendas
São Paulo,SP,Sao Jose do Rio Preto,Jardim Walkiria
São Paulo,SP,Sao Jose do Rio Preto,Jardim Yolanda
São Paulo,SP,Sao Jose do Rio Preto,Loteamento Joao G da Silva
São Paulo,SP,Sao Jose do Rio Preto,Nova Redentora
São Paulo,SP,Sao Jose do Rio Preto,Parque Celeste
São Paulo,SP,Sao Jose do Rio Preto,Parque do Sol
São Paulo,SP,Sao Jose do Rio Preto,Parque Estoril
São Paulo,SP,Sao Jose do Rio Preto,Parque Industrial
São Paulo,SP,Sao Jose do Rio Preto,Parque Industrial Campo Verde
São Paulo,SP,Sao Jose do Rio Preto,Parque Industrial Tancredo Neves
São Paulo,SP,Sao Jose do Rio Preto,Parque Jaguare
São Paulo,SP,Sao Jose do Rio Preto,Parque Quinta das Paineiras
São Paulo,SP,Sao Jose do Rio Preto,Parque Residencial Atlantica
São Paulo,SP,Sao Jose do Rio Preto,Parque Residencial Comendador Mancor Daud
São Paulo,SP,Sao Jose do Rio Preto,Parque Residencial Cristo Rei
São Paulo,SP,Sao Jose do Rio Preto,Parque Residencial Dom Lafaiete Libanio
São Paulo,SP,Sao Jose do Rio Preto,Parque Residencial Joaquim Nabuco
São Paulo,SP,Sao Jose do Rio Preto,Parque Residencial Romano Calil
São Paulo,SP,Sao Jose do Rio Preto,Pinheiros
São Paulo,SP,Sao Jose do Rio Preto,Redentor
São Paulo,SP,Sao Jose do Rio Preto,Residencial Macedo Teles II
São Paulo,SP,Sao Jose do Rio Preto,Roseiral
São Paulo,SP,Sao Jose do Rio Preto,Santos Dumont
São Paulo,SP,Sao Jose do Rio Preto,Sao Francisco
São Paulo,SP,Sao Jose do Rio Preto,Universitario
São Paulo,SP,Sao Jose do Rio Preto,Vila Aeroporto
São Paulo,SP,Sao Jose do Rio Preto,Vila Anchieta
São Paulo,SP,Sao Jose do Rio Preto,Vila Angelica
São Paulo,SP,Sao Jose do Rio Preto,Vila Aurora
São Paulo,SP,Sao Jose do Rio Preto,Vila Bancario
São Paulo,SP,Sao Jose do Rio Preto,Vila Boa Esperanca
São Paulo,SP,Sao Jose do Rio Preto,Vila Bom Jesus
São Paulo,SP,Sao Jose do Rio Preto,Vila Clementina
São Paulo,SP,Sao Jose do Rio Preto,Vila Cristina
São Paulo,SP,Sao Jose do Rio Preto,Vila Curti
São Paulo,SP,Sao Jose do Rio Preto,Vila Diniz
São Paulo,SP,Sao Jose do Rio Preto,Vila Diva
São Paulo,SP,Sao Jose do Rio Preto,Vila Dorio
São Paulo,SP,Sao Jose do Rio Preto,Vila Elmaz
São Paulo,SP,Sao Jose do Rio Preto,Vila Elvira
São Paulo,SP,Sao Jose do Rio Preto,Vila Ercilia
São Paulo,SP,Sao Jose do Rio Preto,Vila Esplanada
São Paulo,SP,Sao Jose do Rio Preto,Vila Falavina
São Paulo,SP,Sao Jose do Rio Preto,Vila Fioresi
São Paulo,SP,Sao Jose do Rio Preto,Vila Goyos
São Paulo,SP,Sao Jose do Rio Preto,Vila Hipodromo
São Paulo,SP,Sao Jose do Rio Preto,Vila Ideal
São Paulo,SP,Sao Jose do Rio Preto,Vila Imperial
São Paulo,SP,Sao Jose do Rio Preto,Vila Ipiranga
São Paulo,SP,Sao Jose do Rio Preto,Vila Italia
São Paulo,SP,Sao Jose do Rio Preto,Vila Lisboa
São Paulo,SP,Sao Jose do Rio Preto,Vila Maceno
São Paulo,SP,Sao Jose do Rio Preto,Vila Maria
São Paulo,SP,Sao Jose do Rio Preto,Vila Mayor
São Paulo,SP,Sao Jose do Rio Preto,Vila Militar
São Paulo,SP,Sao Jose do Rio Preto,Vila Mossoro
São Paulo,SP,Sao Jose do Rio Preto,Vila Nossa Senhora da Paz
São Paulo,SP,Sao Jose do Rio Preto,Vila Nossa Senhora de Fatima
São Paulo,SP,Sao Jose do Rio Preto,Vila Nossa Senhora do Bonfim
São Paulo,SP,Sao Jose do Rio Preto,Vila Novaes
São Paulo,SP,Sao Jose do Rio Preto,Vila Raposa
São Paulo,SP,Sao Jose do Rio Preto,Vila Redentora
São Paulo,SP,Sao Jose do Rio Preto,Vila Santa Candida
São Paulo,SP,Sao Jose do Rio Preto,Vila Santa Cruz
São Paulo,SP,Sao Jose do Rio Preto,Vila Santa Isabel
São Paulo,SP,Sao Jose do Rio Preto,Vila Santa Tereza
São Paulo,SP,Sao Jose do Rio Preto,Vila Santo Antonio
São Paulo,SP,Sao Jose do Rio Preto,Vila Sao Joao
São Paulo,SP,Sao Jose do Rio Preto,Vila Sao Joaquim
São Paulo,SP,Sao Jose do Rio Preto,Vila Sao Jorge
São Paulo,SP,Sao Jose do Rio Preto,Vila Sao Jose
São Paulo,SP,Sao Jose do Rio Preto,Vila Sao Judas Tadeu
São Paulo,SP,Sao Jose do Rio Preto,Vila Sao Manoel
São Paulo,SP,Sao Jose do Rio Preto,Vila Sao Pedro
São Paulo,SP,Sao Jose do Rio Preto,Vila Sinibaldi
São Paulo,SP,Sao Jose do Rio Preto,Vila Toninho
São Paulo,SP,Sao Jose do Rio Preto,Vila Uniao
São Paulo,SP,Sao Jose do Rio Preto,Vila Zilda
São Paulo,SP,Sao Jose dos Campos,Bom Retiro
São Paulo,SP,Sao Jose dos Campos,Bosque dos Eucaliptos
São Paulo,SP,Sao Jose dos Campos,Bosque Imperial
São Paulo,SP,Sao Jose dos Campos,Buquirinha
São Paulo,SP,Sao Jose dos Campos,Campus do CTA
São Paulo,SP,Sao Jose dos Campos,Centro
São Paulo,SP,Sao Jose dos Campos,Chacaras Reunidas
São Paulo,SP,Sao Jose dos Campos,Chacaras Sao Jose
São Paulo,SP,Sao Jose dos Campos,Cidade Jardim
São Paulo,SP,Sao Jose dos Campos,Cidade Morumbi
São Paulo,SP,Sao Jose dos Campos,Cidade Vista Verde
São Paulo,SP,Sao Jose dos Campos,Conjunto Residencial Intervale
São Paulo,SP,Sao Jose dos Campos,Conjunto Residencial Monte Castelo
São Paulo,SP,Sao Jose dos Campos,Conjunto Residencial Planalto
São Paulo,SP,Sao Jose dos Campos,Conjunto Residencial Trinta e Um de Marco
São Paulo,SP,Sao Jose dos Campos,Eugenio de Mello
São Paulo,SP,Sao Jose dos Campos,Honda
São Paulo,SP,Sao Jose dos Campos,Jardim Aeroporto
São Paulo,SP,Sao Jose dos Campos,Jardim Alvorada
São Paulo,SP,Sao Jose dos Campos,Jardim America
São Paulo,SP,Sao Jose dos Campos,Jardim Americano
São Paulo,SP,Sao Jose dos Campos,Jardim Anchieta
São Paulo,SP,Sao Jose dos Campos,Jardim Aparecida
São Paulo,SP,Sao Jose dos Campos,Jardim Apolo
São Paulo,SP,Sao Jose dos Campos,Jardim Apolo II
São Paulo,SP,Sao Jose dos Campos,Jardim Augusta
São Paulo,SP,Sao Jose dos Campos,Jardim Azevedo
São Paulo,SP,Sao Jose dos Campos,Jardim Bela Vista
São Paulo,SP,Sao Jose dos Campos,Jardim Colonial
São Paulo,SP,Sao Jose dos Campos,Jardim Copacabana
São Paulo,SP,Sao Jose dos Campos,Jardim da Granja
São Paulo,SP,Sao Jose dos Campos,Jardim das Colinas
São Paulo,SP,Sao Jose dos Campos,Jardim das Flores
São Paulo,SP,Sao Jose dos Campos,Jardim das Industrias
São Paulo,SP,Sao Jose dos Campos,Jardim Diamante
São Paulo,SP,Sao Jose dos Campos,Jardim do Ceu
São Paulo,SP,Sao Jose dos Campos,Jardim do Lago
São Paulo,SP,Sao Jose dos Campos,Jardim Esplanada
São Paulo,SP,Sao Jose dos Campos,Jardim Esplanada II
São Paulo,SP,Sao Jose dos Campos,Jardim Estoril
São Paulo,SP,Sao Jose dos Campos,Jardim Frei Leopoldo
São Paulo,SP,Sao Jose dos Campos,Jardim Imperial
São Paulo,SP,Sao Jose dos Campos,Jardim Ipe
São Paulo,SP,Sao Jose dos Campos,Jardim Ismenia
São Paulo,SP,Sao Jose dos Campos,Jardim Jaci
São Paulo,SP,Sao Jose dos Campos,Jardim Jussara
São Paulo,SP,Sao Jose dos Campos,Jardim Margareth
São Paulo,SP,Sao Jose dos Campos,Jardim Maringa
São Paulo,SP,Sao Jose dos Campos,Jardim Mariteia
São Paulo,SP,Sao Jose dos Campos,Jardim Matarazzo
São Paulo,SP,Sao Jose dos Campos,Jardim Motorama
São Paulo,SP,Sao Jose dos Campos,Jardim Nossa Senhora de Fatima
São Paulo,SP,Sao Jose dos Campos,Jardim Nova America
São Paulo,SP,Sao Jose dos Campos,Jardim Nova Detroit
São Paulo,SP,Sao Jose dos Campos,Jardim Nova Pauliceia
São Paulo,SP,Sao Jose dos Campos,Jardim Olimpia
São Paulo,SP,Sao Jose dos Campos,Jardim Oriental
São Paulo,SP,Sao Jose dos Campos,Jardim Oriente
São Paulo,SP,Sao Jose dos Campos,Jardim Osvaldo Cruz
São Paulo,SP,Sao Jose dos Campos,Jardim Paraiso
São Paulo,SP,Sao Jose dos Campos,Jardim Paulista
São Paulo,SP,Sao Jose dos Campos,Jardim Portugal
São Paulo,SP,Sao Jose dos Campos,Jardim Renata
São Paulo,SP,Sao Jose dos Campos,Jardim Rosario
São Paulo,SP,Sao Jose dos Campos,Jardim Santa Fe
São Paulo,SP,Sao Jose dos Campos,Jardim Santa Matilde
São Paulo,SP,Sao Jose dos Campos,Jardim Sao Dimas
São Paulo,SP,Sao Jose dos Campos,Jardim Sao Jose
São Paulo,SP,Sao Jose dos Campos,Jardim Sao Vicente
São Paulo,SP,Sao Jose dos Campos,Jardim Satelite
São Paulo,SP,Sao Jose dos Campos,Jardim Souto
São Paulo,SP,Sao Jose dos Campos,Jardim Telespark
São Paulo,SP,Sao Jose dos Campos,Jardim Universo
São Paulo,SP,Sao Jose dos Campos,Jardim Vale do Paraiso
São Paulo,SP,Sao Jose dos Campos,Jardim Vale do Sol
São Paulo,SP,Sao Jose dos Campos,Jardim Valparaiba
São Paulo,SP,Sao Jose dos Campos,Limoeiro
São Paulo,SP,Sao Jose dos Campos,Monte Castelo
São Paulo,SP,Sao Jose dos Campos,Parque do Martim Cerere
São Paulo,SP,Sao Jose dos Campos,Parque Industrial
São Paulo,SP,Sao Jose dos Campos,Parque Santa Rita
São Paulo,SP,Sao Jose dos Campos,Residencial Jardim
São Paulo,SP,Sao Jose dos Campos,Santana
São Paulo,SP,Sao Jose dos Campos,Vale dos Pinheiros
São Paulo,SP,Sao Jose dos Campos,Vila Ady Ana
São Paulo,SP,Sao Jose dos Campos,Vila Alexandrina
São Paulo,SP,Sao Jose dos Campos,Vila Bandeirantes
São Paulo,SP,Sao Jose dos Campos,Vila Betania
São Paulo,SP,Sao Jose dos Campos,Vila Candida
São Paulo,SP,Sao Jose dos Campos,Vila Cardoso
São Paulo,SP,Sao Jose dos Campos,Vila Cesar
São Paulo,SP,Sao Jose dos Campos,Vila Corinthinha
São Paulo,SP,Sao Jose dos Campos,Vila Cristina
São Paulo,SP,Sao Jose dos Campos,Vila das Acacias
São Paulo,SP,Sao Jose dos Campos,Vila Dirce
São Paulo,SP,Sao Jose dos Campos,Vila do Carmo
São Paulo,SP,Sao Jose dos Campos,Vila do Tesouro
São Paulo,SP,Sao Jose dos Campos,Vila Ema
São Paulo,SP,Sao Jose dos Campos,Vila Esmeralda
São Paulo,SP,Sao Jose dos Campos,Vila Ester
São Paulo,SP,Sao Jose dos Campos,Vila Guaianazes
São Paulo,SP,Sao Jose dos Campos,Vila Guarani
São Paulo,SP,Sao Jose dos Campos,Vila Higienopolis
São Paulo,SP,Sao Jose dos Campos,Vila Igualdade
São Paulo,SP,Sao Jose dos Campos,Vila Industrial
São Paulo,SP,Sao Jose dos Campos,Vila Jaci
São Paulo,SP,Sao Jose dos Campos,Vila Leonidia
São Paulo,SP,Sao Jose dos Campos,Vila Letonia
São Paulo,SP,Sao Jose dos Campos,Vila Luzia
São Paulo,SP,Sao Jose dos Campos,Vila Machado
São Paulo,SP,Sao Jose dos Campos,Vila Maria
São Paulo,SP,Sao Jose dos Campos,Vila Mascarenhas
São Paulo,SP,Sao Jose dos Campos,Vila Monte Alegre
São Paulo,SP,Sao Jose dos Campos,Vila Nair
São Paulo,SP,Sao Jose dos Campos,Vila Nossa Senhora das Gracas
São Paulo,SP,Sao Jose dos Campos,Vila Nova Conceicao
São Paulo,SP,Sao Jose dos Campos,Vila Nova Sao Jose
São Paulo,SP,Sao Jose dos Campos,Vila Nove de Julho
São Paulo,SP,Sao Jose dos Campos,Vila Paganini
São Paulo,SP,Sao Jose dos Campos,Vila Paiva
São Paulo,SP,Sao Jose dos Campos,Vila Piratininga
São Paulo,SP,Sao Jose dos Campos,Vila Progresso
São Paulo,SP,Sao Jose dos Campos,Vila Rangel
São Paulo,SP,Sao Jose dos Campos,Vila Rossi
São Paulo,SP,Sao Jose dos Campos,Vila Rubi
São Paulo,SP,Sao Jose dos Campos,Vila Sanches
São Paulo,SP,Sao Jose dos Campos,Vila Santa Helena
São Paulo,SP,Sao Jose dos Campos,Vila Santa Rita
São Paulo,SP,Sao Jose dos Campos,Vila Santos
São Paulo,SP,Sao Jose dos Campos,Vila Sao Benedito
São Paulo,SP,Sao Jose dos Campos,Vila Sao Bento
São Paulo,SP,Sao Jose dos Campos,Vila Sao Geraldo
São Paulo,SP,Sao Jose dos Campos,Vila Sao Pedro
São Paulo,SP,Sao Jose dos Campos,Vila Sinha
São Paulo,SP,Sao Jose dos Campos,Vila Tatetuba
São Paulo,SP,Sao Jose dos Campos,Vila Terezinha
São Paulo,SP,Sao Jose dos Campos,Vila Tupi
São Paulo,SP,Sao Jose dos Campos,Vila Veneziani
São Paulo,SP,Sao Paulo,Aclimacao
São Paulo,SP,Sao Paulo,Agua Branca
São Paulo,SP,Sao Paulo,Agua Fria
São Paulo,SP,Sao Paulo,Alto da Lapa
São Paulo,SP,Sao Paulo,Alto da Mooca
São Paulo,SP,Sao Paulo,Alto da Riviera
São Paulo,SP,Sao Paulo,Alto de Pinheiros
São Paulo,SP,Sao Paulo,Alto do Pari
São Paulo,SP,Sao Paulo,Americanopolis
São Paulo,SP,Sao Paulo,Artur Alvim
São Paulo,SP,Sao Paulo,Balneario Mar Paulista
São Paulo,SP,Sao Paulo,Balneario Sao Francisco
São Paulo,SP,Sao Paulo,Barra Funda
São Paulo,SP,Sao Paulo,Bela Vista
São Paulo,SP,Sao Paulo,Belenzinho
São Paulo,SP,Sao Paulo,Bom Retiro
São Paulo,SP,Sao Paulo,Bosque da Saude
São Paulo,SP,Sao Paulo,Bras
São Paulo,SP,Sao Paulo,Brooklin Novo
São Paulo,SP,Sao Paulo,Brooklin Paulista
São Paulo,SP,Sao Paulo,Burgo Paulista
São Paulo,SP,Sao Paulo,Butanta
São Paulo,SP,Sao Paulo,Cambuci
São Paulo,SP,Sao Paulo,Campo Belo
São Paulo,SP,Sao Paulo,Campo Grande
São Paulo,SP,Sao Paulo,Campos Eliseos
São Paulo,SP,Sao Paulo,Cangaiba
São Paulo,SP,Sao Paulo,Caninde
São Paulo,SP,Sao Paulo,Capao da Embira
São Paulo,SP,Sao Paulo,Catumbi
São Paulo,SP,Sao Paulo,Centro
São Paulo,SP,Sao Paulo,Cerqueira Cesar
São Paulo,SP,Sao Paulo,Chacara Belenzinho
São Paulo,SP,Sao Paulo,Chacara California
São Paulo,SP,Sao Paulo,Chacara Cruzeiro do Sul
São Paulo,SP,Sao Paulo,Chacara do Encosto
São Paulo,SP,Sao Paulo,Chacara Inglesa
São Paulo,SP,Sao Paulo,Chacara Mafalda
São Paulo,SP,Sao Paulo,Chacara Monte Alegre
São Paulo,SP,Sao Paulo,Chacara Pirajussara
São Paulo,SP,Sao Paulo,Chacara Santa Maria
São Paulo,SP,Sao Paulo,Chacara Santana
São Paulo,SP,Sao Paulo,Chacara Santo Antonio
São Paulo,SP,Sao Paulo,Chacara Sao Joao
São Paulo,SP,Sao Paulo,Chacara Tatuape
São Paulo,SP,Sao Paulo,Cidade Antonio Estevao de Carvalho
São Paulo,SP,Sao Paulo,Cidade Centenario
São Paulo,SP,Sao Paulo,Cidade Dutra
São Paulo,SP,Sao Paulo,Cidade Jardim
São Paulo,SP,Sao Paulo,Cidade Julia
São Paulo,SP,Sao Paulo,Cidade Lider
São Paulo,SP,Sao Paulo,Cidade Moncoes
São Paulo,SP,Sao Paulo,Cidade Nitro Operaria
São Paulo,SP,Sao Paulo,Cidade Nova Sao Miguel
São Paulo,SP,Sao Paulo,Cidade Patriarca
São Paulo,SP,Sao Paulo,Cidade Sao Mateus
São Paulo,SP,Sao Paulo,Cidade Satelite Santa Barbara
São Paulo,SP,Sao Paulo,City America
São Paulo,SP,Sao Paulo,Conjunto Habitacional Brigadeiro Faria Lima
São Paulo,SP,Sao Paulo,Conjunto Habitacional Padre Jose de Anchieta
São Paulo,SP,Sao Paulo,Conjunto Habitacional Vila Nova Cachoeirinha
São Paulo,SP,Sao Paulo,Conjunto Promorar Sao Luis
São Paulo,SP,Sao Paulo,Conjunto Promorar Sapopemba
São Paulo,SP,Sao Paulo,Conjunto Residencial Jardim Canaa
São Paulo,SP,Sao Paulo,Conjunto Residencial Jose Bonifacio
São Paulo,SP,Sao Paulo,Conjunto Residencial Novo Pacaembu
São Paulo,SP,Sao Paulo,Embura
São Paulo,SP,Sao Paulo,Estancia Mirim
São Paulo,SP,Sao Paulo,Ferreira
São Paulo,SP,Sao Paulo,Granja Julieta
São Paulo,SP,Sao Paulo,Ibirapuera
São Paulo,SP,Sao Paulo,Indianopolis
São Paulo,SP,Sao Paulo,Instituto de Previdencia
São Paulo,SP,Sao Paulo,Interlagos
São Paulo,SP,Sao Paulo,Ipiranga
São Paulo,SP,Sao Paulo,Itaim Bibi
São Paulo,SP,Sao Paulo,Itaquera
São Paulo,SP,Sao Paulo,Jacana
São Paulo,SP,Sao Paulo,Jaguare
São Paulo,SP,Sao Paulo,Jaragua
São Paulo,SP,Sao Paulo,Jardim Adutora
São Paulo,SP,Sao Paulo,Jardim Aeroporto
São Paulo,SP,Sao Paulo,Jardim Alpino
São Paulo,SP,Sao Paulo,Jardim Alviverde
São Paulo,SP,Sao Paulo,Jardim Alvorada
São Paulo,SP,Sao Paulo,Jardim Amaralina
São Paulo,SP,Sao Paulo,Jardim Ana Rosa
São Paulo,SP,Sao Paulo,Jardim Analia Franco
São Paulo,SP,Sao Paulo,Jardim Aparecida
São Paulo,SP,Sao Paulo,Jardim Apura
São Paulo,SP,Sao Paulo,Jardim Aracati
São Paulo,SP,Sao Paulo,Jardim Aricanduva
São Paulo,SP,Sao Paulo,Jardim Arize
São Paulo,SP,Sao Paulo,Jardim Arpoador
São Paulo,SP,Sao Paulo,Jardim Aurelio
São Paulo,SP,Sao Paulo,Jardim Belem
São Paulo,SP,Sao Paulo,Jardim Belgica
São Paulo,SP,Sao Paulo,Jardim Boa Vista
São Paulo,SP,Sao Paulo,Jardim Brasil
São Paulo,SP,Sao Paulo,Jardim Brasilia
São Paulo,SP,Sao Paulo,Jardim Camargo
São Paulo,SP,Sao Paulo,Jardim Caravelas
São Paulo,SP,Sao Paulo,Jardim Catanduva
São Paulo,SP,Sao Paulo,Jardim Catarina
São Paulo,SP,Sao Paulo,Jardim Celeste
São Paulo,SP,Sao Paulo,Jardim Centenario
São Paulo,SP,Sao Paulo,Jardim Cibele
São Paulo,SP,Sao Paulo,Jardim Cidade Pirituba
São Paulo,SP,Sao Paulo,Jardim Clarice
São Paulo,SP,Sao Paulo,Jardim Cliper
São Paulo,SP,Sao Paulo,Jardim Cotiana
São Paulo,SP,Sao Paulo,Jardim Cotinha
São Paulo,SP,Sao Paulo,Jardim D'abril
São Paulo,SP,Sao Paulo,Jardim das Acacias
São Paulo,SP,Sao Paulo,Jardim das Bandeiras
São Paulo,SP,Sao Paulo,Jardim das Esmeraldas
São Paulo,SP,Sao Paulo,Jardim das Oliveiras
São Paulo,SP,Sao Paulo,Jardim das Rosas
São Paulo,SP,Sao Paulo,Jardim das Vertentes
São Paulo,SP,Sao Paulo,Jardim do Colegio
São Paulo,SP,Sao Paulo,Jardim do Lago
São Paulo,SP,Sao Paulo,Jardim Dom Bosco
São Paulo,SP,Sao Paulo,Jardim Dom Jose
São Paulo,SP,Sao Paulo,Jardim dos Francos
São Paulo,SP,Sao Paulo,Jardim dos Ipes
São Paulo,SP,Sao Paulo,Jardim Edilene
São Paulo,SP,Sao Paulo,Jardim Elisio
São Paulo,SP,Sao Paulo,Jardim Esmeralda
São Paulo,SP,Sao Paulo,Jardim Ester Yolanda
São Paulo,SP,Sao Paulo,Jardim Etelvina
São Paulo,SP,Sao Paulo,Jardim Faria Lima
São Paulo,SP,Sao Paulo,Jardim Figueira Grande
São Paulo,SP,Sao Paulo,Jardim Franca
São Paulo,SP,Sao Paulo,Jardim Germania
São Paulo,SP,Sao Paulo,Jardim Gonzaga
São Paulo,SP,Sao Paulo,Jardim Guacuri
São Paulo,SP,Sao Paulo,Jardim Guapira
São Paulo,SP,Sao Paulo,Jardim Guaruja
São Paulo,SP,Sao Paulo,Jardim Haia do Carrao
São Paulo,SP,Sao Paulo,Jardim Helena
São Paulo,SP,Sao Paulo,Jardim Helian
São Paulo,SP,Sao Paulo,Jardim Herculano
São Paulo,SP,Sao Paulo,Jardim Ibirapuera
São Paulo,SP,Sao Paulo,Jardim Icarai
São Paulo,SP,Sao Paulo,Jardim Imperador
São Paulo,SP,Sao Paulo,Jardim Inga
São Paulo,SP,Sao Paulo,Jardim Ipe
São Paulo,SP,Sao Paulo,Jardim Iracema
São Paulo,SP,Sao Paulo,Jardim Jabaquara
São Paulo,SP,Sao Paulo,Jardim Japao
São Paulo,SP,Sao Paulo,Jardim Jua
São Paulo,SP,Sao Paulo,Jardim Julieta
São Paulo,SP,Sao Paulo,Jardim Lageado
São Paulo,SP,Sao Paulo,Jardim Leonor
São Paulo,SP,Sao Paulo,Jardim Libano
São Paulo,SP,Sao Paulo,Jardim Lider
São Paulo,SP,Sao Paulo,Jardim Los Angeles
São Paulo,SP,Sao Paulo,Jardim Luisa
São Paulo,SP,Sao Paulo,Jardim Luzitania
São Paulo,SP,Sao Paulo,Jardim Macedonia
São Paulo,SP,Sao Paulo,Jardim Machado
São Paulo,SP,Sao Paulo,Jardim Mangalot
São Paulo,SP,Sao Paulo,Jardim Marajoara
São Paulo,SP,Sao Paulo,Jardim Margarida
São Paulo,SP,Sao Paulo,Jardim Maria Duarte
São Paulo,SP,Sao Paulo,Jardim Maria Estela
São Paulo,SP,Sao Paulo,Jardim Marilu
São Paulo,SP,Sao Paulo,Jardim Maringa
São Paulo,SP,Sao Paulo,Jardim Maristela
São Paulo,SP,Sao Paulo,Jardim Matarazzo
São Paulo,SP,Sao Paulo,Jardim Mazza
São Paulo,SP,Sao Paulo,Jardim Miriam
São Paulo,SP,Sao Paulo,Jardim Mitsutani
São Paulo,SP,Sao Paulo,Jardim Nakamura
São Paulo,SP,Sao Paulo,Jardim Namba
São Paulo,SP,Sao Paulo,Jardim Nossa Senhora do Carmo
São Paulo,SP,Sao Paulo,Jardim Nove de Julho
São Paulo,SP,Sao Paulo,Jardim Novo Carrao
São Paulo,SP,Sao Paulo,Jardim Novo Parelheiros
São Paulo,SP,Sao Paulo,Jardim Ondina
São Paulo,SP,Sao Paulo,Jardim Panorama
São Paulo,SP,Sao Paulo,Jardim Paris
São Paulo,SP,Sao Paulo,Jardim Parque Morumbi
São Paulo,SP,Sao Paulo,Jardim Patente
São Paulo,SP,Sao Paulo,Jardim Patente Novo
São Paulo,SP,Sao Paulo,Jardim Paulista
São Paulo,SP,Sao Paulo,Jardim Paulistano
São Paulo,SP,Sao Paulo,Jardim Pedro Jose Nunes
São Paulo,SP,Sao Paulo,Jardim Penha
São Paulo,SP,Sao Paulo,Jardim Peri
São Paulo,SP,Sao Paulo,Jardim Peri Peri
São Paulo,SP,Sao Paulo,Jardim Petropolis
São Paulo,SP,Sao Paulo,Jardim Piracuama
São Paulo,SP,Sao Paulo,Jardim Piratininga
São Paulo,SP,Sao Paulo,Jardim Pirituba
São Paulo,SP,Sao Paulo,Jardim Ponte Rasa
São Paulo,SP,Sao Paulo,Jardim Primavera
São Paulo,SP,Sao Paulo,Jardim Princesa
São Paulo,SP,Sao Paulo,Jardim Record
São Paulo,SP,Sao Paulo,Jardim Regina
São Paulo,SP,Sao Paulo,Jardim Represa
São Paulo,SP,Sao Paulo,Jardim Republica
São Paulo,SP,Sao Paulo,Jardim Rodolfo Pirani
São Paulo,SP,Sao Paulo,Jardim Rosa Maria
São Paulo,SP,Sao Paulo,Jardim Roseli
São Paulo,SP,Sao Paulo,Jardim Russo
São Paulo,SP,Sao Paulo,Jardim Sabara
São Paulo,SP,Sao Paulo,Jardim Sandra Maria
São Paulo,SP,Sao Paulo,Jardim Santa Adelia
São Paulo,SP,Sao Paulo,Jardim Santa Fe
São Paulo,SP,Sao Paulo,Jardim Santa Helena
São Paulo,SP,Sao Paulo,Jardim Santa Ines
São Paulo,SP,Sao Paulo,Jardim Santa Lucrecia
São Paulo,SP,Sao Paulo,Jardim Santa Rita
São Paulo,SP,Sao Paulo,Jardim Santa Teresinha
São Paulo,SP,Sao Paulo,Jardim Santo Antonio
São Paulo,SP,Sao Paulo,Jardim Sao Bento
São Paulo,SP,Sao Paulo,Jardim Sao Bento Novo
São Paulo,SP,Sao Paulo,Jardim Sao Carlos
São Paulo,SP,Sao Paulo,Jardim Sao Francisco
São Paulo,SP,Sao Paulo,Jardim Sao Januario
São Paulo,SP,Sao Paulo,Jardim Sao Jose
São Paulo,SP,Sao Paulo,Jardim Sao Nicolau
São Paulo,SP,Sao Paulo,Jardim Sao Paulo
São Paulo,SP,Sao Paulo,Jardim Sao Roque
São Paulo,SP,Sao Paulo,Jardim Sao Sebastiao
São Paulo,SP,Sao Paulo,Jardim Sao Vicente
São Paulo,SP,Sao Paulo,Jardim Sapopemba
São Paulo,SP,Sao Paulo,Jardim Sarah
São Paulo,SP,Sao Paulo,Jardim Sertaozinho
São Paulo,SP,Sao Paulo,Jardim Somara
São Paulo,SP,Sao Paulo,Jardim Sonia
São Paulo,SP,Sao Paulo,Jardim Soraia
São Paulo,SP,Sao Paulo,Jardim Sydney
São Paulo,SP,Sao Paulo,Jardim Textil
São Paulo,SP,Sao Paulo,Jardim Thomaz
São Paulo,SP,Sao Paulo,Jardim Tiete
São Paulo,SP,Sao Paulo,Jardim Tres Coracoes
São Paulo,SP,Sao Paulo,Jardim Tupa
São Paulo,SP,Sao Paulo,Jardim Umarizal
São Paulo,SP,Sao Paulo,Jardim Vera Cruz
São Paulo,SP,Sao Paulo,Jardim Vila Carrao
São Paulo,SP,Sao Paulo,Jardim Vila Mariana
São Paulo,SP,Sao Paulo,Jardim Virginia Bianca
São Paulo,SP,Sao Paulo,Jardim Vista Alegre
São Paulo,SP,Sao Paulo,Jurubatuba
São Paulo,SP,Sao Paulo,Lapa
São Paulo,SP,Sao Paulo,Lauzane Paulista
São Paulo,SP,Sao Paulo,Mandaqui
São Paulo,SP,Sao Paulo,Maranhao
São Paulo,SP,Sao Paulo,Mooca
São Paulo,SP,Sao Paulo,Morumbi
São Paulo,SP,Sao Paulo,Pacaembu
São Paulo,SP,Sao Paulo,Paineiras do Morumbi
São Paulo,SP,Sao Paulo,Parada Cinquenta e Sete
São Paulo,SP,Sao Paulo,Parada Inglesa
São Paulo,SP,Sao Paulo,Paraiso
São Paulo,SP,Sao Paulo,Paraisopolis
São Paulo,SP,Sao Paulo,Pari
São Paulo,SP,Sao Paulo,Parque Alves de Lima
São Paulo,SP,Sao Paulo,Parque America
São Paulo,SP,Sao Paulo,Parque Arariba
São Paulo,SP,Sao Paulo,Parque Bologne
São Paulo,SP,Sao Paulo,Parque Boturussu
São Paulo,SP,Sao Paulo,Parque Casa de Pedra
São Paulo,SP,Sao Paulo,Parque Cisper
São Paulo,SP,Sao Paulo,Parque Cocaia
São Paulo,SP,Sao Paulo,Parque Continental
São Paulo,SP,Sao Paulo,Parque da Mooca
São Paulo,SP,Sao Paulo,Parque das Arvores
São Paulo,SP,Sao Paulo,Parque das Paineiras
São Paulo,SP,Sao Paulo,Parque Edu Chaves
São Paulo,SP,Sao Paulo,Parque Grajau
São Paulo,SP,Sao Paulo,Parque Guaianazes
São Paulo,SP,Sao Paulo,Parque Guarani
São Paulo,SP,Sao Paulo,Parque Independencia
São Paulo,SP,Sao Paulo,Parque Industrial Tomas Edson
São Paulo,SP,Sao Paulo,Parque Jabaquara
São Paulo,SP,Sao Paulo,Parque Mandaqui
São Paulo,SP,Sao Paulo,Parque Maria Domitila
São Paulo,SP,Sao Paulo,Parque Monteiro Soares
São Paulo,SP,Sao Paulo,Parque Nacoes Unidas
São Paulo,SP,Sao Paulo,Parque Novo Mundo
São Paulo,SP,Sao Paulo,Parque Paulistano
São Paulo,SP,Sao Paulo,Parque Penha
São Paulo,SP,Sao Paulo,Parque Planalto
São Paulo,SP,Sao Paulo,Parque Primavera
São Paulo,SP,Sao Paulo,Parque Ramos Freitas
São Paulo,SP,Sao Paulo,Parque Residencial Julia
São Paulo,SP,Sao Paulo,Parque Santo Amaro
São Paulo,SP,Sao Paulo,Parque Santo Antonio
São Paulo,SP,Sao Paulo,Parque Sao Domingos
São Paulo,SP,Sao Paulo,Parque Sao Rafael
São Paulo,SP,Sao Paulo,Parque Savoi City
São Paulo,SP,Sao Paulo,Parque Sevilha
São Paulo,SP,Sao Paulo,Parque Tomas Saraiva
São Paulo,SP,Sao Paulo,Parque Vitoria
São Paulo,SP,Sao Paulo,Piqueri
São Paulo,SP,Sao Paulo,Planalto Paulista
São Paulo,SP,Sao Paulo,Praia do Leblon
São Paulo,SP,Sao Paulo,Praia Paulistinha
São Paulo,SP,Sao Paulo,Quarta Parada
São Paulo,SP,Sao Paulo,Real Parque
São Paulo,SP,Sao Paulo,Recanto Marisa
São Paulo,SP,Sao Paulo,Rio Bonito
São Paulo,SP,Sao Paulo,Rio Pequeno
São Paulo,SP,Sao Paulo,Riviera Paulista
São Paulo,SP,Sao Paulo,Santa Teresinha
São Paulo,SP,Sao Paulo,Santo Amaro
São Paulo,SP,Sao Paulo,Sao Joao Climaco
São Paulo,SP,Sao Paulo,Sao Judas
São Paulo,SP,Sao Paulo,Saude
São Paulo,SP,Sao Paulo,Se
São Paulo,SP,Sao Paulo,Sitio do Mandaqui
São Paulo,SP,Sao Paulo,Sitio Morro Grande
São Paulo,SP,Sao Paulo,Sumare
São Paulo,SP,Sao Paulo,Tatuape
São Paulo,SP,Sao Paulo,Tremembe
São Paulo,SP,Sao Paulo,Tucuruvi
São Paulo,SP,Sao Paulo,Varzea de Baixo
São Paulo,SP,Sao Paulo,Veleiros
São Paulo,SP,Sao Paulo,Vila Agua Funda
São Paulo,SP,Sao Paulo,Vila Alabama
São Paulo,SP,Sao Paulo,Vila Alexandria
São Paulo,SP,Sao Paulo,Vila Alpina
São Paulo,SP,Sao Paulo,Vila Alzira
São Paulo,SP,Sao Paulo,Vila Andrade
São Paulo,SP,Sao Paulo,Vila Anglo Brasileira
São Paulo,SP,Sao Paulo,Vila Araguaia
São Paulo,SP,Sao Paulo,Vila Arcadia
São Paulo,SP,Sao Paulo,Vila Ariete
São Paulo,SP,Sao Paulo,Vila Bancaria Munhoz
São Paulo,SP,Sao Paulo,Vila Barreto
São Paulo,SP,Sao Paulo,Vila Bela Alianca
São Paulo,SP,Sao Paulo,Vila Bertioga
São Paulo,SP,Sao Paulo,Vila Bonilha
São Paulo,SP,Sao Paulo,Vila Brasilina
São Paulo,SP,Sao Paulo,Vila Buarque
São Paulo,SP,Sao Paulo,Vila Butanta
São Paulo,SP,Sao Paulo,Vila California
São Paulo,SP,Sao Paulo,Vila Campestre
São Paulo,SP,Sao Paulo,Vila Campo Grande
São Paulo,SP,Sao Paulo,Vila Capela
São Paulo,SP,Sao Paulo,Vila Caraguata
São Paulo,SP,Sao Paulo,Vila Carioca
São Paulo,SP,Sao Paulo,Vila Carmosina
São Paulo,SP,Sao Paulo,Vila Carolina
São Paulo,SP,Sao Paulo,Vila Carrao
São Paulo,SP,Sao Paulo,Vila Celeste
São Paulo,SP,Sao Paulo,Vila Centenario
São Paulo,SP,Sao Paulo,Vila Chabilandia
São Paulo,SP,Sao Paulo,Vila Chalot
São Paulo,SP,Sao Paulo,Vila Chuca
São Paulo,SP,Sao Paulo,Vila Clara
São Paulo,SP,Sao Paulo,Vila Clarice
São Paulo,SP,Sao Paulo,Vila Clementino
São Paulo,SP,Sao Paulo,Vila Congonhas
São Paulo,SP,Sao Paulo,Vila Constancia
São Paulo,SP,Sao Paulo,Vila Continental
São Paulo,SP,Sao Paulo,Vila Cordeiro
São Paulo,SP,Sao Paulo,Vila Costa Melo
São Paulo,SP,Sao Paulo,Vila Cruzeiro
São Paulo,SP,Sao Paulo,Vila Curuca
São Paulo,SP,Sao Paulo,Vila Dinorah
São Paulo,SP,Sao Paulo,Vila Dionisia
São Paulo,SP,Sao Paulo,Vila Dom Pedro I
São Paulo,SP,Sao Paulo,Vila Dom Pedro II
São Paulo,SP,Sao Paulo,Vila dos Remedios
São Paulo,SP,Sao Paulo,Vila Ede
São Paulo,SP,Sao Paulo,Vila Elze
São Paulo,SP,Sao Paulo,Vila Ema
São Paulo,SP,Sao Paulo,Vila Ernesto
São Paulo,SP,Sao Paulo,Vila Espanhola
São Paulo,SP,Sao Paulo,Vila Esperanca
São Paulo,SP,Sao Paulo,Vila Ester
São Paulo,SP,Sao Paulo,Vila Euthalia
São Paulo,SP,Sao Paulo,Vila Fachini
São Paulo,SP,Sao Paulo,Vila Fazzeoni
São Paulo,SP,Sao Paulo,Vila Firmiano Pinto
São Paulo,SP,Sao Paulo,Vila Formosa
São Paulo,SP,Sao Paulo,Vila Gomes
São Paulo,SP,Sao Paulo,Vila Gomes Cardim
São Paulo,SP,Sao Paulo,Vila Guarani
São Paulo,SP,Sao Paulo,Vila Guedes
São Paulo,SP,Sao Paulo,Vila Guilherme
São Paulo,SP,Sao Paulo,Vila Guilhermina
São Paulo,SP,Sao Paulo,Vila Gumercindo
São Paulo,SP,Sao Paulo,Vila Gustavo
São Paulo,SP,Sao Paulo,Vila Independencia
São Paulo,SP,Sao Paulo,Vila Indiana
São Paulo,SP,Sao Paulo,Vila Industrial
São Paulo,SP,Sao Paulo,Vila Ipojuca
São Paulo,SP,Sao Paulo,Vila Isolina Mazzei
São Paulo,SP,Sao Paulo,Vila Itaim
São Paulo,SP,Sao Paulo,Vila Jacui
São Paulo,SP,Sao Paulo,Vila Jaguara
São Paulo,SP,Sao Paulo,Vila Jaguari
São Paulo,SP,Sao Paulo,Vila Joaniza
São Paulo,SP,Sao Paulo,Vila Julio
São Paulo,SP,Sao Paulo,Vila Lageado
São Paulo,SP,Sao Paulo,Vila Lourdes
São Paulo,SP,Sao Paulo,Vila Macedopolis
São Paulo,SP,Sao Paulo,Vila Madalena
São Paulo,SP,Sao Paulo,Vila Marari
São Paulo,SP,Sao Paulo,Vila Maria
São Paulo,SP,Sao Paulo,Vila Maria Alta
São Paulo,SP,Sao Paulo,Vila Maria Zelia
São Paulo,SP,Sao Paulo,Vila Mariana
São Paulo,SP,Sao Paulo,Vila Matilde
São Paulo,SP,Sao Paulo,Vila Mazzei
São Paulo,SP,Sao Paulo,Vila Medeiros
São Paulo,SP,Sao Paulo,Vila Mesquita
São Paulo,SP,Sao Paulo,Vila Mirante
São Paulo,SP,Sao Paulo,Vila Miriam
São Paulo,SP,Sao Paulo,Vila Moinho Velho
São Paulo,SP,Sao Paulo,Vila Monte Alegre
São Paulo,SP,Sao Paulo,Vila Moraes
São Paulo,SP,Sao Paulo,Vila Nair
São Paulo,SP,Sao Paulo,Vila Nhocune
São Paulo,SP,Sao Paulo,Vila Nilo
São Paulo,SP,Sao Paulo,Vila Nova Alba
São Paulo,SP,Sao Paulo,Vila Nova Conceicao
São Paulo,SP,Sao Paulo,Vila Nova Curuca
São Paulo,SP,Sao Paulo,Vila Nova das Belezas
São Paulo,SP,Sao Paulo,Vila Nova Galvao
São Paulo,SP,Sao Paulo,Vila Nova Manchester
São Paulo,SP,Sao Paulo,Vila Nova Savoia
São Paulo,SP,Sao Paulo,Vila Nova Utinga
São Paulo,SP,Sao Paulo,Vila Paiva
São Paulo,SP,Sao Paulo,Vila Palmeiras
São Paulo,SP,Sao Paulo,Vila Paranagua
São Paulo,SP,Sao Paulo,Vila Pedroso
São Paulo,SP,Sao Paulo,Vila Pereira Barreto
São Paulo,SP,Sao Paulo,Vila Piaui
São Paulo,SP,Sao Paulo,Vila Picinin
São Paulo,SP,Sao Paulo,Vila Pirajussara
São Paulo,SP,Sao Paulo,Vila Ponte Rasa
São Paulo,SP,Sao Paulo,Vila Prel
São Paulo,SP,Sao Paulo,Vila Primavera
São Paulo,SP,Sao Paulo,Vila Princesa Isabel
São Paulo,SP,Sao Paulo,Vila Progresso
São Paulo,SP,Sao Paulo,Vila Prudente
São Paulo,SP,Sao Paulo,Vila Raquel
São Paulo,SP,Sao Paulo,Vila Re
São Paulo,SP,Sao Paulo,Vila Regente Feijo
São Paulo,SP,Sao Paulo,Vila Regina
São Paulo,SP,Sao Paulo,Vila Rica
São Paulo,SP,Sao Paulo,Vila Romana
São Paulo,SP,Sao Paulo,Vila Sabrina
São Paulo,SP,Sao Paulo,Vila Santa Catarina
São Paulo,SP,Sao Paulo,Vila Santa Lucia
São Paulo,SP,Sao Paulo,Vila Santa Maria
São Paulo,SP,Sao Paulo,Vila Santana
São Paulo,SP,Sao Paulo,Vila Santo Estevao
São Paulo,SP,Sao Paulo,Vila Sao Francisco
São Paulo,SP,Sao Paulo,Vila Sao Jose
São Paulo,SP,Sao Paulo,Vila Sao Nicolau
São Paulo,SP,Sao Paulo,Vila Sao Silvestre
São Paulo,SP,Sao Paulo,Vila Silvia
São Paulo,SP,Sao Paulo,Vila Siria
São Paulo,SP,Sao Paulo,Vila Sofia
São Paulo,SP,Sao Paulo,Vila Sonia
São Paulo,SP,Sao Paulo,Vila Talarico
São Paulo,SP,Sao Paulo,Vila Taquari
São Paulo,SP,Sao Paulo,Vila Uniao
São Paulo,SP,Sao Paulo,Vila Universitaria
São Paulo,SP,Sao Paulo,Vila Verde
São Paulo,SP,Sao Paulo,Vila Virginia
São Paulo,SP,Sao Paulo,Vila Yolanda
São Paulo,SP,Sao Roque,Centro
São Paulo,SP,Sao Roque,Esplanada Mendes Moraes
São Paulo,SP,Sao Roque,Jardim Bandeirantes
São Paulo,SP,Sao Roque,Jardim Bela Vista
São Paulo,SP,Sao Roque,Jardim Brasil
São Paulo,SP,Sao Roque,Jardim Brasilia
São Paulo,SP,Sao Roque,Jardim Carambei
São Paulo,SP,Sao Roque,Jardim Conceicao
São Paulo,SP,Sao Roque,Jardim das Flores
São Paulo,SP,Sao Roque,Jardim Esther
São Paulo,SP,Sao Roque,Jardim Florida
São Paulo,SP,Sao Roque,Jardim Guacu I
São Paulo,SP,Sao Roque,Jardim Guacu II
São Paulo,SP,Sao Roque,Jardim Maria Trindade
São Paulo,SP,Sao Roque,Jardim Mosteiro
São Paulo,SP,Sao Roque,Jardim Nova Brasilia
São Paulo,SP,Sao Roque,Jardim Rene
São Paulo,SP,Sao Roque,Jardim Sao Jose
São Paulo,SP,Sao Roque,Jardim Suica Paulista
São Paulo,SP,Sao Roque,Jardim Tanzi
São Paulo,SP,Sao Roque,Jardim Villaca
São Paulo,SP,Sao Roque,Marmeleiro
São Paulo,SP,Sao Roque,Paisagem Colonial
São Paulo,SP,Sao Roque,Parque Alianca
São Paulo,SP,Sao Roque,Parque das Laranjeiras
São Paulo,SP,Sao Roque,Parque IX de Julho
São Paulo,SP,Sao Roque,Parque Primavera
São Paulo,SP,Sao Roque,Vila Aguiar
São Paulo,SP,Sao Roque,Vila Amaral
São Paulo,SP,Sao Roque,Vila Irene
São Paulo,SP,Sao Roque,Vila Junqueira
São Paulo,SP,Sao Roque,Vila Mike
São Paulo,SP,Sao Roque,Vila Nova Sao Roque
São Paulo,SP,Sao Roque,Vila Santa Isabel
São Paulo,SP,Sao Roque,Vila Santa Maria
São Paulo,SP,Sao Roque,Vila Santo Antonio
São Paulo,SP,Sao Roque,Vila Sao Domingos
São Paulo,SP,Sao Roque,Vila Sao Rafael
São Paulo,SP,Sao Roque,Vila Taboao
São Paulo,SP,Sao Roque,Vinhas Joao Paulo II
São Paulo,SP,Sao Vicente,Belvedere Mar Pequeno
São Paulo,SP,Sao Vicente,Catiapoa
São Paulo,SP,Sao Vicente,Centro
São Paulo,SP,Sao Vicente,Cidade Nautica
São Paulo,SP,Sao Vicente,Conjunto Residencial Humaita
São Paulo,SP,Sao Vicente,Conjunto Residencial Tancredo Neves
São Paulo,SP,Sao Vicente,Esplanada dos Barreiros
São Paulo,SP,Sao Vicente,Ilha Porchat
São Paulo,SP,Sao Vicente,Itarare
São Paulo,SP,Sao Vicente,Japui
São Paulo,SP,Sao Vicente,Jardim Bechara
São Paulo,SP,Sao Vicente,Jardim Guassu
São Paulo,SP,Sao Vicente,Jardim Independencia
São Paulo,SP,Sao Vicente,Jardim Nosso Lar
São Paulo,SP,Sao Vicente,Jardim Paraiso
São Paulo,SP,Sao Vicente,Jardim Recanto Sao Vicente
São Paulo,SP,Sao Vicente,Jardim Rio Branco
São Paulo,SP,Sao Vicente,Jardim Sorocabanos
São Paulo,SP,Sao Vicente,Morro dos Barbosas
São Paulo,SP,Sao Vicente,Parque Bitaru
São Paulo,SP,Sao Vicente,Parque Continental
São Paulo,SP,Sao Vicente,Parque das Bandeiras
São Paulo,SP,Sao Vicente,Parque Prainha
São Paulo,SP,Sao Vicente,Parque Sao Vicente
São Paulo,SP,Sao Vicente,Planalto Bela Vista
São Paulo,SP,Sao Vicente,Samarita
São Paulo,SP,Sao Vicente,Vila Cascatinha
São Paulo,SP,Sao Vicente,Vila Ema
São Paulo,SP,Sao Vicente,Vila Iolanda
São Paulo,SP,Sao Vicente,Vila Jockei Clube
São Paulo,SP,Sao Vicente,Vila Margarida
São Paulo,SP,Sao Vicente,Vila Mateo Bei
São Paulo,SP,Sao Vicente,Vila Matias
São Paulo,SP,Sao Vicente,Vila Nossa Senhora de Fatima
São Paulo,SP,Sao Vicente,Vila Sao Jorge
São Paulo,SP,Sao Vicente,Vila Valenca
São Paulo,SP,Sao Vicente,Vila Voturua
São Paulo,SP,Sertaozinho,Alto do Ginasio
São Paulo,SP,Sertaozinho,Alvorada
São Paulo,SP,Sertaozinho,Centro
São Paulo,SP,Sertaozinho,Conjunto Habitacional Antonio Costa Patrao
São Paulo,SP,Sertaozinho,Conjunto Habitacional Antonio Nadaletto Mazzer
São Paulo,SP,Sertaozinho,Conjunto Habitacional Antonio Pedro Ortolan
São Paulo,SP,Sertaozinho,Conjunto Habitacional Doutor Ulysses Silveira Guimaraes
São Paulo,SP,Sertaozinho,Conjunto Habitacional Doutor Walter Antonio de Padua Becker
São Paulo,SP,Sertaozinho,Conjunto Habitacional Lourenco Domenici
São Paulo,SP,Sertaozinho,Conjunto Habitacional Lucia Fabro Sverzut
São Paulo,SP,Sertaozinho,Conjunto Habitacional Luis Carlos Zequim
São Paulo,SP,Sertaozinho,Conjunto Habitacional Maurilio Biagi
São Paulo,SP,Sertaozinho,Distrito Industrial Maria Lucia Biagi Americano
São Paulo,SP,Sertaozinho,Fazenda Santa Elisa
São Paulo,SP,Sertaozinho,Fazenda Santo Antonio
São Paulo,SP,Sertaozinho,Fazenda Sao Francisco
São Paulo,SP,Sertaozinho,Fazenda Sao Geraldo
São Paulo,SP,Sertaozinho,Jardim 5 de Dezembro
São Paulo,SP,Sertaozinho,Jardim Alexandre Balbo
São Paulo,SP,Sertaozinho,Jardim America
São Paulo,SP,Sertaozinho,Jardim Athenas
São Paulo,SP,Sertaozinho,Jardim Bela Vista
São Paulo,SP,Sertaozinho,Jardim Bonsucesso
São Paulo,SP,Sertaozinho,Jardim Brasilia
São Paulo,SP,Sertaozinho,Jardim Cajuba
São Paulo,SP,Sertaozinho,Jardim Canaa
São Paulo,SP,Sertaozinho,Jardim Centro Ferroviario
São Paulo,SP,Sertaozinho,Jardim das Palmeiras
São Paulo,SP,Sertaozinho,Jardim Diamante
São Paulo,SP,Sertaozinho,Jardim Eldorado
São Paulo,SP,Sertaozinho,Jardim Europa I
São Paulo,SP,Sertaozinho,Jardim Europa II
São Paulo,SP,Sertaozinho,Jardim Golive
São Paulo,SP,Sertaozinho,Jardim Iracema
São Paulo,SP,Sertaozinho,Jardim Itapua
São Paulo,SP,Sertaozinho,Jardim Jamaica
São Paulo,SP,Sertaozinho,Jardim Liberdade
São Paulo,SP,Sertaozinho,Jardim Lopes da Silva
São Paulo,SP,Sertaozinho,Jardim Nova Sertaozinho
São Paulo,SP,Sertaozinho,Jardim Paraiso
São Paulo,SP,Sertaozinho,Jardim Primeiro de Maio
São Paulo,SP,Sertaozinho,Jardim Recreio
São Paulo,SP,Sertaozinho,Jardim Recreio dos Bandeirantes
São Paulo,SP,Sertaozinho,Jardim Santa Paula
São Paulo,SP,Sertaozinho,Jardim Sao Jose
São Paulo,SP,Sertaozinho,Jardim Sao Sebastiao
São Paulo,SP,Sertaozinho,Jardim Soljumar
São Paulo,SP,Sertaozinho,Jardim Sumare
São Paulo,SP,Sertaozinho,Jardim Vicente Brasca
São Paulo,SP,Sertaozinho,Parque Residencial dos Ipes
São Paulo,SP,Sertaozinho,Parque Residencial Francisco Paschoal
São Paulo,SP,Sertaozinho,Sao Joao
São Paulo,SP,Sertaozinho,Shangri-la
São Paulo,SP,Sertaozinho,Vila Industrial
São Paulo,SP,Sorocaba,Alcolea
São Paulo,SP,Sorocaba,Alem Linha
São Paulo,SP,Sorocaba,Alem Ponte
São Paulo,SP,Sorocaba,Barao de Tatui
São Paulo,SP,Sorocaba,Central Parque Sorocaba
São Paulo,SP,Sorocaba,Centro
São Paulo,SP,Sorocaba,Chacara Sao Joao
São Paulo,SP,Sorocaba,Cidade Jardim
São Paulo,SP,Sorocaba,Jardim Aeroporto
São Paulo,SP,Sorocaba,Jardim Alvorada
São Paulo,SP,Sorocaba,Jardim America
São Paulo,SP,Sorocaba,Jardim Americano
São Paulo,SP,Sorocaba,Jardim Ana Maria
São Paulo,SP,Sorocaba,Jardim Ana Moreno
São Paulo,SP,Sorocaba,Jardim Antonio Gomes
São Paulo,SP,Sorocaba,Jardim Bandeirantes
São Paulo,SP,Sorocaba,Jardim Barros Franca
São Paulo,SP,Sorocaba,Jardim Belvedere
São Paulo,SP,Sorocaba,Jardim Bermejo
São Paulo,SP,Sorocaba,Jardim Betania
São Paulo,SP,Sorocaba,Jardim Boa Vista
São Paulo,SP,Sorocaba,Jardim Botanico
São Paulo,SP,Sorocaba,Jardim Brasilandia
São Paulo,SP,Sorocaba,Jardim Capitao
São Paulo,SP,Sorocaba,Jardim Celisa Maria
São Paulo,SP,Sorocaba,Jardim Colonial
São Paulo,SP,Sorocaba,Jardim Costa Dias
São Paulo,SP,Sorocaba,Jardim Cruzeiro do Sul
São Paulo,SP,Sorocaba,Jardim das Magnolias
São Paulo,SP,Sorocaba,Jardim do Colegio
São Paulo,SP,Sorocaba,Jardim dos Estados
São Paulo,SP,Sorocaba,Jardim Eltonville
São Paulo,SP,Sorocaba,Jardim Emilia
São Paulo,SP,Sorocaba,Jardim Europa
São Paulo,SP,Sorocaba,Jardim Faculdade
São Paulo,SP,Sorocaba,Jardim Fatima
São Paulo,SP,Sorocaba,Jardim Ferreira
São Paulo,SP,Sorocaba,Jardim Florinda
São Paulo,SP,Sorocaba,Jardim Fraternidade
São Paulo,SP,Sorocaba,Jardim Goncalves
São Paulo,SP,Sorocaba,Jardim Guadalajara
São Paulo,SP,Sorocaba,Jardim Guaruja
São Paulo,SP,Sorocaba,Jardim Helena Cristina
São Paulo,SP,Sorocaba,Jardim Hungares
São Paulo,SP,Sorocaba,Jardim Ida Maria
São Paulo,SP,Sorocaba,Jardim Iguatemi
São Paulo,SP,Sorocaba,Jardim Imperial
São Paulo,SP,Sorocaba,Jardim Ipe
São Paulo,SP,Sorocaba,Jardim Isafer
São Paulo,SP,Sorocaba,Jardim Itangua
São Paulo,SP,Sorocaba,Jardim Itangua II
São Paulo,SP,Sorocaba,Jardim Joao Gutierres
São Paulo,SP,Sorocaba,Jardim Leandro Dromani
São Paulo,SP,Sorocaba,Jardim Leocadia
São Paulo,SP,Sorocaba,Jardim Luciana Maria
São Paulo,SP,Sorocaba,Jardim Marcelo Augusto
São Paulo,SP,Sorocaba,Jardim Marco Aurelio
São Paulo,SP,Sorocaba,Jardim Maria
São Paulo,SP,Sorocaba,Jardim Maria do Carmo
São Paulo,SP,Sorocaba,Jardim Mathilde
São Paulo,SP,Sorocaba,Jardim Monte Hey
São Paulo,SP,Sorocaba,Jardim Nair
São Paulo,SP,Sorocaba,Jardim Neliza
São Paulo,SP,Sorocaba,Jardim Nogueira
São Paulo,SP,Sorocaba,Jardim Nova Manchester
São Paulo,SP,Sorocaba,Jardim Novo Eldorado
São Paulo,SP,Sorocaba,Jardim Novo Horizonte
São Paulo,SP,Sorocaba,Jardim Parada do Alto
São Paulo,SP,Sorocaba,Jardim Parana
São Paulo,SP,Sorocaba,Jardim Paris
São Paulo,SP,Sorocaba,Jardim Paulistano
São Paulo,SP,Sorocaba,Jardim Pelegrino
São Paulo,SP,Sorocaba,Jardim Perimetral
São Paulo,SP,Sorocaba,Jardim Piratininga
São Paulo,SP,Sorocaba,Jardim Planalto
São Paulo,SP,Sorocaba,Jardim Prestes de Barros
São Paulo,SP,Sorocaba,Jardim Refugio
São Paulo,SP,Sorocaba,Jardim Saira
São Paulo,SP,Sorocaba,Jardim Sandra
São Paulo,SP,Sorocaba,Jardim Santa Fe
São Paulo,SP,Sorocaba,Jardim Santa Lucinda
São Paulo,SP,Sorocaba,Jardim Santa Rosalia
São Paulo,SP,Sorocaba,Jardim Santo Agostinho
São Paulo,SP,Sorocaba,Jardim Sao Carlos
São Paulo,SP,Sorocaba,Jardim Sao Lucas
São Paulo,SP,Sorocaba,Jardim Sao Luiz
São Paulo,SP,Sorocaba,Jardim Sao Marcos
São Paulo,SP,Sorocaba,Jardim Sao Paulo
São Paulo,SP,Sorocaba,Jardim Simus
São Paulo,SP,Sorocaba,Jardim Soares
São Paulo,SP,Sorocaba,Jardim Sonia Maria
São Paulo,SP,Sorocaba,Jardim Sorocabano
São Paulo,SP,Sorocaba,Jardim Vera Cruz
São Paulo,SP,Sorocaba,Jardim Vergueiro
São Paulo,SP,Sorocaba,Jardim Wilma
São Paulo,SP,Sorocaba,Jardim Yaya
São Paulo,SP,Sorocaba,Jardim Zezo Miguel
São Paulo,SP,Sorocaba,Jardim Zulmira
São Paulo,SP,Sorocaba,Lopes de Oliveira
São Paulo,SP,Sorocaba,Parque Manchester
São Paulo,SP,Sorocaba,Parque Santa Isabel
São Paulo,SP,Sorocaba,Parque Tres Meninos
São Paulo,SP,Sorocaba,Porto dos Cavalos
São Paulo,SP,Sorocaba,Recreio Marajoara
São Paulo,SP,Sorocaba,Residencial Ouro Fino
São Paulo,SP,Sorocaba,Retiro Sao Joao
São Paulo,SP,Sorocaba,Retiro Sao Leopoldo
São Paulo,SP,Sorocaba,Terra Vermelha
São Paulo,SP,Sorocaba,Vila Abreu
São Paulo,SP,Sorocaba,Vila Acacia Marina
São Paulo,SP,Sorocaba,Vila Adelia
São Paulo,SP,Sorocaba,Vila Albertina
São Paulo,SP,Sorocaba,Vila Alice
São Paulo,SP,Sorocaba,Vila Almeida
São Paulo,SP,Sorocaba,Vila Amelia
São Paulo,SP,Sorocaba,Vila Ana Maria
São Paulo,SP,Sorocaba,Vila Angelica
São Paulo,SP,Sorocaba,Vila Arruda
São Paulo,SP,Sorocaba,Vila Artura
São Paulo,SP,Sorocaba,Vila Asseituno
São Paulo,SP,Sorocaba,Vila Assis
São Paulo,SP,Sorocaba,Vila Augusta
São Paulo,SP,Sorocaba,Vila Balbina
São Paulo,SP,Sorocaba,Vila Bandeirantes
São Paulo,SP,Sorocaba,Vila Barao
São Paulo,SP,Sorocaba,Vila Barcelona
São Paulo,SP,Sorocaba,Vila Boa Vista
São Paulo,SP,Sorocaba,Vila Botelho
São Paulo,SP,Sorocaba,Vila Campos
São Paulo,SP,Sorocaba,Vila Candido Ribeiro
São Paulo,SP,Sorocaba,Vila Carvalho
São Paulo,SP,Sorocaba,Vila Casanova
São Paulo,SP,Sorocaba,Vila Chichilo
São Paulo,SP,Sorocaba,Vila Chiquita
São Paulo,SP,Sorocaba,Vila Clara Maria
São Paulo,SP,Sorocaba,Vila Cristal
São Paulo,SP,Sorocaba,Vila da Fonte
São Paulo,SP,Sorocaba,Vila dos Pobres
São Paulo,SP,Sorocaba,Vila Elias
São Paulo,SP,Sorocaba,Vila Elza
São Paulo,SP,Sorocaba,Vila Emilio Perez
São Paulo,SP,Sorocaba,Vila Esperanca
São Paulo,SP,Sorocaba,Vila Espirito Santo
São Paulo,SP,Sorocaba,Vila Excelsior
São Paulo,SP,Sorocaba,Vila Fiori
São Paulo,SP,Sorocaba,Vila Fleury
São Paulo,SP,Sorocaba,Vila Florinda
São Paulo,SP,Sorocaba,Vila Formosa
São Paulo,SP,Sorocaba,Vila Franco
São Paulo,SP,Sorocaba,Vila Gabriel
São Paulo,SP,Sorocaba,Vila Gagliardi
São Paulo,SP,Sorocaba,Vila Garrido
São Paulo,SP,Sorocaba,Vila Gomes
São Paulo,SP,Sorocaba,Vila Guilherme
São Paulo,SP,Sorocaba,Vila Guimaraes
São Paulo,SP,Sorocaba,Vila Haro
São Paulo,SP,Sorocaba,Vila Helena
São Paulo,SP,Sorocaba,Vila Hingst
São Paulo,SP,Sorocaba,Vila Hortencia
São Paulo,SP,Sorocaba,Vila Independencia
São Paulo,SP,Sorocaba,Vila Isabel
São Paulo,SP,Sorocaba,Vila Jandira Leao
São Paulo,SP,Sorocaba,Vila Jardini
São Paulo,SP,Sorocaba,Vila Joao Gomes
São Paulo,SP,Sorocaba,Vila Josefina
São Paulo,SP,Sorocaba,Vila Kan
São Paulo,SP,Sorocaba,Vila Leao
São Paulo,SP,Sorocaba,Vila Leopoldina
São Paulo,SP,Sorocaba,Vila Louzada
São Paulo,SP,Sorocaba,Vila Lucy
São Paulo,SP,Sorocaba,Vila Magalhaes
São Paulo,SP,Sorocaba,Vila Marcia
São Paulo,SP,Sorocaba,Vila Mariana
São Paulo,SP,Sorocaba,Vila Marina Dias
São Paulo,SP,Sorocaba,Vila Marques
São Paulo,SP,Sorocaba,Vila Marta
São Paulo,SP,Sorocaba,Vila Melges
São Paulo,SP,Sorocaba,Vila Mencacci
São Paulo,SP,Sorocaba,Vila Mineirao
São Paulo,SP,Sorocaba,Vila Netinho
São Paulo,SP,Sorocaba,Vila Nicanor Marques
São Paulo,SP,Sorocaba,Vila Norcross
São Paulo,SP,Sorocaba,Vila Nova Sorocaba
São Paulo,SP,Sorocaba,Vila Odin
São Paulo,SP,Sorocaba,Vila Olimpia
São Paulo,SP,Sorocaba,Vila Pereira
São Paulo,SP,Sorocaba,Vila Piedade
São Paulo,SP,Sorocaba,Vila Pinheiros
São Paulo,SP,Sorocaba,Vila Popular
São Paulo,SP,Sorocaba,Vila Porcel
São Paulo,SP,Sorocaba,Vila Primavera
São Paulo,SP,Sorocaba,Vila Progresso
São Paulo,SP,Sorocaba,Vila Radio Club
São Paulo,SP,Sorocaba,Vila Rica
São Paulo,SP,Sorocaba,Vila Rodrigues
São Paulo,SP,Sorocaba,Vila Rosa
São Paulo,SP,Sorocaba,Vila Rusconi
São Paulo,SP,Sorocaba,Vila Santa Francisca
São Paulo,SP,Sorocaba,Vila Santa Maria
São Paulo,SP,Sorocaba,Vila Santa Rita
São Paulo,SP,Sorocaba,Vila Santa Tereza
São Paulo,SP,Sorocaba,Vila Santa Terezinha
São Paulo,SP,Sorocaba,Vila Santana
São Paulo,SP,Sorocaba,Vila Santarini
São Paulo,SP,Sorocaba,Vila Santo Antonio
São Paulo,SP,Sorocaba,Vila Santos
São Paulo,SP,Sorocaba,Vila Sao Caetano
São Paulo,SP,Sorocaba,Vila Sao Domingos
São Paulo,SP,Sorocaba,Vila Sao Joao
São Paulo,SP,Sorocaba,Vila Sao Jorge
São Paulo,SP,Sorocaba,Vila Sao Luiz
São Paulo,SP,Sorocaba,Vila Sao Pedro
São Paulo,SP,Sorocaba,Vila Saude
São Paulo,SP,Sorocaba,Vila Senger
São Paulo,SP,Sorocaba,Vila Soares
São Paulo,SP,Sorocaba,Vila Sonia
São Paulo,SP,Sorocaba,Vila Tortelli
São Paulo,SP,Sorocaba,Vila Trujillo
São Paulo,SP,Sorocaba,Vila Urbina
São Paulo,SP,Sorocaba,Vila Zelia
São Paulo,SP,Sumare,Chacaras Reunidas Anhanguera (nova Veneza)
São Paulo,SP,Sumare,Jardim Bom Retiro (nova Veneza)
São Paulo,SP,Sumare,Jardim Calegari (nova Veneza)
São Paulo,SP,Sumare,Jardim Cidade Nova (nova Veneza)
São Paulo,SP,Sumare,Jardim Conceicao (nova Veneza)
São Paulo,SP,Sumare,Jardim Dall'orto
São Paulo,SP,Sumare,Jardim Danubio Azul (nova Veneza)
São Paulo,SP,Sumare,Jardim Denadai (nova Veneza)
São Paulo,SP,Sumare,Jardim do Trevo (nova Veneza)
São Paulo,SP,Sumare,Jardim Dulce (nova Veneza)
São Paulo,SP,Sumare,Jardim Eunice (nova Veneza)
São Paulo,SP,Sumare,Jardim Fantinatti (nova Veneza)
São Paulo,SP,Sumare,Jardim Ipiranga (nova Veneza)
São Paulo,SP,Sumare,Jardim Manchester (nova Veneza)
São Paulo,SP,Sumare,Jardim Maracana (nova Veneza)
São Paulo,SP,Sumare,Jardim Martins (nova Veneza)
São Paulo,SP,Sumare,Jardim Mineapolis (nova Veneza)
São Paulo,SP,Sumare,Jardim Minezotta (nova Veneza)
São Paulo,SP,Sumare,Jardim Morumbi (nova Veneza)
São Paulo,SP,Sumare,Jardim Nova Terra (nova Veneza)
São Paulo,SP,Sumare,Jardim Nova Veneza (nova Veneza)
São Paulo,SP,Sumare,Jardim Paraiso I (nova Veneza)
São Paulo,SP,Sumare,Jardim Paraiso II (nova Veneza)
São Paulo,SP,Sumare,Jardim Santa Carolina (nova Veneza)
São Paulo,SP,Sumare,Jardim Santa Clara (nova Veneza)
São Paulo,SP,Sumare,Jardim Santa Elisa (nova Veneza)
São Paulo,SP,Sumare,Jardim Santa Julia (nova Veneza)
São Paulo,SP,Sumare,Jardim Santa Maria (nova Veneza)
São Paulo,SP,Sumare,Jardim Santa Rosa (nova Veneza)
São Paulo,SP,Sumare,Jardim Sao Francisco (nova Veneza)
São Paulo,SP,Sumare,Jardim Sao Geronimo (nova Veneza)
São Paulo,SP,Sumare,Jardim Sao Luiz (nova Veneza)
São Paulo,SP,Sumare,Jardim Viel
São Paulo,SP,Sumare,Jardim Vitoria (nova Veneza)
São Paulo,SP,Sumare,Jardim Volobueff (nova Veneza)
São Paulo,SP,Sumare,Parque Bandeirantes I (nova Veneza)
São Paulo,SP,Sumare,Parque da Amizade (nova Veneza)
São Paulo,SP,Sumare,Parque das Industrias (nova Veneza)
São Paulo,SP,Sumare,Parque das Nacoes (nova Veneza)
São Paulo,SP,Sumare,Parque Florely (nova Veneza)
São Paulo,SP,Sumare,Parque Florenca
São Paulo,SP,Sumare,Parque Ideal (nova Veneza)
São Paulo,SP,Sumare,Parque Italia (nova Veneza)
São Paulo,SP,Sumare,Parque Nova Veneza/inocoop (nova Veneza)
São Paulo,SP,Sumare,Parque Residencial Regina (nova Veneza)
São Paulo,SP,Sumare,Parque Residencial Salerno (nova Veneza)
São Paulo,SP,Sumare,Parque Sevilha (nova Veneza)
São Paulo,SP,Sumare,Parque Sila Azevedo (nova Veneza)
São Paulo,SP,Sumare,Parque Yolanda (nova Veneza)
São Paulo,SP,Sumare,Vila Diva (nova Veneza)
São Paulo,SP,Suzano,Boa Vista Paulista
São Paulo,SP,Suzano,Caxanga
São Paulo,SP,Suzano,Centro
São Paulo,SP,Suzano,Chacara Estancia Paulista
São Paulo,SP,Suzano,Chacara Faggion
São Paulo,SP,Suzano,Chacara Miguel Badra
São Paulo,SP,Suzano,Chacara Ouro Branco
São Paulo,SP,Suzano,Chacara Recreio Internacional
São Paulo,SP,Suzano,Chacaras Bonanza
São Paulo,SP,Suzano,Chacaras Casemiro
São Paulo,SP,Suzano,Chacaras Ceres
São Paulo,SP,Suzano,Chacaras das Hortencias
São Paulo,SP,Suzano,Chacaras Monte Carlo
São Paulo,SP,Suzano,Chacaras Nossa Senhora Aparecida
São Paulo,SP,Suzano,Chacaras Nova Suzano
São Paulo,SP,Suzano,Chacaras Reunidas Guaio
São Paulo,SP,Suzano,Chacaras Sao Judas Tadeu
São Paulo,SP,Suzano,Chacaras Virginia
São Paulo,SP,Suzano,Cidade Boa Vista
São Paulo,SP,Suzano,Cidade Cruzeiro do Sul
São Paulo,SP,Suzano,Cidade Edson
São Paulo,SP,Suzano,Clube dos Oficiais
São Paulo,SP,Suzano,Condominio das Palmas
São Paulo,SP,Suzano,Conjunto Residencial Irai
São Paulo,SP,Suzano,Estancia Americana
São Paulo,SP,Suzano,Estancia Angelina
São Paulo,SP,Suzano,Estancia Piratininga
São Paulo,SP,Suzano,Estancia Sao Luis
São Paulo,SP,Suzano,Estancia Tijuco Preto
São Paulo,SP,Suzano,Fazenda Aya
São Paulo,SP,Suzano,Ipelandia
São Paulo,SP,Suzano,Jardim Aerodromo Internacional
São Paulo,SP,Suzano,Jardim Amazonas
São Paulo,SP,Suzano,Jardim Ana Rosa
São Paulo,SP,Suzano,Jardim Anzai
São Paulo,SP,Suzano,Jardim Belem
São Paulo,SP,Suzano,Jardim Brasil
São Paulo,SP,Suzano,Jardim Cacique
São Paulo,SP,Suzano,Jardim Carlos Cooper
São Paulo,SP,Suzano,Jardim Carmem
São Paulo,SP,Suzano,Jardim Chacara Mea
São Paulo,SP,Suzano,Jardim do Lago
São Paulo,SP,Suzano,Jardim Dona Benta
São Paulo,SP,Suzano,Jardim Dora
São Paulo,SP,Suzano,Jardim Etan
São Paulo,SP,Suzano,Jardim Europa
São Paulo,SP,Suzano,Jardim Fernandes
São Paulo,SP,Suzano,Jardim Gardencia Azul
São Paulo,SP,Suzano,Jardim Guaio
São Paulo,SP,Suzano,Jardim Guatambu
São Paulo,SP,Suzano,Jardim Imperador
São Paulo,SP,Suzano,Jardim Itamaraca
São Paulo,SP,Suzano,Jardim Janina
São Paulo,SP,Suzano,Jardim Japao
São Paulo,SP,Suzano,Jardim Josue
São Paulo,SP,Suzano,Jardim Lazzareschi
São Paulo,SP,Suzano,Jardim Lincoln
São Paulo,SP,Suzano,Jardim Luela
São Paulo,SP,Suzano,Jardim Marcato
São Paulo,SP,Suzano,Jardim Maria Emilia
São Paulo,SP,Suzano,Jardim Miriam
São Paulo,SP,Suzano,Jardim Modelo
São Paulo,SP,Suzano,Jardim Monte Cristo
São Paulo,SP,Suzano,Jardim Natal
São Paulo,SP,Suzano,Jardim Nazareth
São Paulo,SP,Suzano,Jardim Nena
São Paulo,SP,Suzano,Jardim Palmeiras
São Paulo,SP,Suzano,Jardim Paulista
São Paulo,SP,Suzano,Jardim Pompeia
São Paulo,SP,Suzano,Jardim Portugalia
São Paulo,SP,Suzano,Jardim Realce
São Paulo,SP,Suzano,Jardim Regina
São Paulo,SP,Suzano,Jardim Restinga
São Paulo,SP,Suzano,Jardim Revista
São Paulo,SP,Suzano,Jardim Santa Helena
São Paulo,SP,Suzano,Jardim Santa Ines
São Paulo,SP,Suzano,Jardim Santa Maria
São Paulo,SP,Suzano,Jardim Santa Rita de Cassia
São Paulo,SP,Suzano,Jardim Santo Antonio
São Paulo,SP,Suzano,Jardim Sao Bento
São Paulo,SP,Suzano,Jardim Sao Luiz
São Paulo,SP,Suzano,Jardim Sao Marcos
São Paulo,SP,Suzano,Jardim Sao Paulo
São Paulo,SP,Suzano,Jardim Suzano
São Paulo,SP,Suzano,Jardim Suzanopolis
São Paulo,SP,Suzano,Jardim Vitoria
São Paulo,SP,Suzano,Meu Cantinho
São Paulo,SP,Suzano,Palmeiras de Sao Paulo
São Paulo,SP,Suzano,Parque Alvorada
São Paulo,SP,Suzano,Parque Asturias
São Paulo,SP,Suzano,Parque Buenos Aires
São Paulo,SP,Suzano,Parque do Colegio
São Paulo,SP,Suzano,Parque do Heroismo
São Paulo,SP,Suzano,Parque Maria Helena
São Paulo,SP,Suzano,Parque Palmeiras
São Paulo,SP,Suzano,Parque Residencial Casa Branca
São Paulo,SP,Suzano,Parque Santa Rosa
São Paulo,SP,Suzano,Parque Suzano
São Paulo,SP,Suzano,Parque Umuarama
São Paulo,SP,Suzano,Recanto Feliz
São Paulo,SP,Suzano,Recanto Ouro Fino
São Paulo,SP,Suzano,Recanto Sao Jose
São Paulo,SP,Suzano,Recreio Bela Vista
São Paulo,SP,Suzano,Recreio das Palmas
São Paulo,SP,Suzano,Recreio Rio Bonito
São Paulo,SP,Suzano,Sesc
São Paulo,SP,Suzano,Sitio Sao Jose
São Paulo,SP,Suzano,Taba Marajoara
São Paulo,SP,Suzano,Vale das Serras
São Paulo,SP,Suzano,Vila Adelina
São Paulo,SP,Suzano,Vila Adelino
São Paulo,SP,Suzano,Vila America
São Paulo,SP,Suzano,Vila Amorim
São Paulo,SP,Suzano,Vila Aparecida
São Paulo,SP,Suzano,Vila Barros
São Paulo,SP,Suzano,Vila Bela Vista
São Paulo,SP,Suzano,Vila Boa Vista
São Paulo,SP,Suzano,Vila Celia
São Paulo,SP,Suzano,Vila Centenario
São Paulo,SP,Suzano,Vila Colorado
São Paulo,SP,Suzano,Vila Costa
São Paulo,SP,Suzano,Vila Fatima
São Paulo,SP,Suzano,Vila Figueira
São Paulo,SP,Suzano,Vila Helena
São Paulo,SP,Suzano,Vila Laura
São Paulo,SP,Suzano,Vila Maluf
São Paulo,SP,Suzano,Vila Maneira
São Paulo,SP,Suzano,Vila Maria de Maggi
São Paulo,SP,Suzano,Vila Mazza
São Paulo,SP,Suzano,Vila Mifune
São Paulo,SP,Suzano,Vila Monte Sion
São Paulo,SP,Suzano,Vila Nova Amorim
São Paulo,SP,Suzano,Vila Paiva
São Paulo,SP,Suzano,Vila Real Palmeiras
São Paulo,SP,Suzano,Vila Real Santista
São Paulo,SP,Suzano,Vila Rica
São Paulo,SP,Suzano,Vila Rudge
São Paulo,SP,Suzano,Vila Santa Maria
São Paulo,SP,Suzano,Vila Santa Rosa
São Paulo,SP,Suzano,Vila Sao Francisco
São Paulo,SP,Suzano,Vila Sao Jorge
São Paulo,SP,Suzano,Vila Sao Pedro
São Paulo,SP,Suzano,Vila Sol Nascente
São Paulo,SP,Suzano,Vila Suely
São Paulo,SP,Suzano,Vila Theodoro
São Paulo,SP,Suzano,Vila Urupes
São Paulo,SP,Suzano,Vila Voeges
São Paulo,SP,Suzano,Zona Revista
São Paulo,SP,Taboao da Serra,Arraial Paulista
São Paulo,SP,Taboao da Serra,Centro
São Paulo,SP,Taboao da Serra,Chacara Agrindus
São Paulo,SP,Taboao da Serra,Cidade Intercap
São Paulo,SP,Taboao da Serra,Condominio Iolanda
São Paulo,SP,Taboao da Serra,Jardim Altos do Taboao
São Paulo,SP,Taboao da Serra,Jardim America
São Paulo,SP,Taboao da Serra,Jardim Beatriz
São Paulo,SP,Taboao da Serra,Jardim Bom Tempo
São Paulo,SP,Taboao da Serra,Jardim Bonanza
São Paulo,SP,Taboao da Serra,Jardim Caner
São Paulo,SP,Taboao da Serra,Jardim Clementino
São Paulo,SP,Taboao da Serra,Jardim da Gloria
São Paulo,SP,Taboao da Serra,Jardim Elizabete
São Paulo,SP,Taboao da Serra,Jardim Florida
São Paulo,SP,Taboao da Serra,Jardim Frei Galvao
São Paulo,SP,Taboao da Serra,Jardim Freitas Junior
São Paulo,SP,Taboao da Serra,Jardim Guaciara
São Paulo,SP,Taboao da Serra,Jardim Guayana
São Paulo,SP,Taboao da Serra,Jardim Helena
São Paulo,SP,Taboao da Serra,Jardim Henriqueta
São Paulo,SP,Taboao da Serra,Jardim Iracema
São Paulo,SP,Taboao da Serra,Jardim Irapua
São Paulo,SP,Taboao da Serra,Jardim Kuabara
São Paulo,SP,Taboao da Serra,Jardim Leme
São Paulo,SP,Taboao da Serra,Jardim Lotec
São Paulo,SP,Taboao da Serra,Jardim Margarida
São Paulo,SP,Taboao da Serra,Jardim Maria da Costa
São Paulo,SP,Taboao da Serra,Jardim Maria Helena
São Paulo,SP,Taboao da Serra,Jardim Maria Luiza
São Paulo,SP,Taboao da Serra,Jardim Maria Rosa
São Paulo,SP,Taboao da Serra,Jardim Marlene
São Paulo,SP,Taboao da Serra,Jardim Mirna
São Paulo,SP,Taboao da Serra,Jardim Mituzi
São Paulo,SP,Taboao da Serra,Jardim Monte Alegre
São Paulo,SP,Taboao da Serra,Jardim Oliveiras
São Paulo,SP,Taboao da Serra,Jardim Ouro Preto
São Paulo,SP,Taboao da Serra,Jardim Panorama
São Paulo,SP,Taboao da Serra,Jardim Paraiso
São Paulo,SP,Taboao da Serra,Jardim Pazini
São Paulo,SP,Taboao da Serra,Jardim Pedro Goncalves
São Paulo,SP,Taboao da Serra,Jardim Pirajussara
São Paulo,SP,Taboao da Serra,Jardim Record
São Paulo,SP,Taboao da Serra,Jardim Roberto
São Paulo,SP,Taboao da Serra,Jardim Saint Moritz
São Paulo,SP,Taboao da Serra,Jardim Salete
São Paulo,SP,Taboao da Serra,Jardim Santa Cecilia
São Paulo,SP,Taboao da Serra,Jardim Santa Cruz
São Paulo,SP,Taboao da Serra,Jardim Santa Rosa
São Paulo,SP,Taboao da Serra,Jardim Santa Terezinha
São Paulo,SP,Taboao da Serra,Jardim Santo Onofre
São Paulo,SP,Taboao da Serra,Jardim Sao Joao
São Paulo,SP,Taboao da Serra,Jardim Sao Judas Tadeu
São Paulo,SP,Taboao da Serra,Jardim Sao Mateus
São Paulo,SP,Taboao da Serra,Jardim Sao Miguel
São Paulo,SP,Taboao da Serra,Jardim Sao Paulo
São Paulo,SP,Taboao da Serra,Jardim Sao Salvador
São Paulo,SP,Taboao da Serra,Jardim Saporito
São Paulo,SP,Taboao da Serra,Jardim Scandia
São Paulo,SP,Taboao da Serra,Jardim Silvio Sampaio
São Paulo,SP,Taboao da Serra,Jardim Suina
São Paulo,SP,Taboao da Serra,Jardim Taboao
São Paulo,SP,Taboao da Serra,Jardim Tres Irmaos
São Paulo,SP,Taboao da Serra,Jardim Tres Marias
São Paulo,SP,Taboao da Serra,Jardim Triangulo
São Paulo,SP,Taboao da Serra,Jardim Trianon
São Paulo,SP,Taboao da Serra,Jardim Virginia
São Paulo,SP,Taboao da Serra,Jardim Wanda
São Paulo,SP,Taboao da Serra,Nucleo Residencial Isabela
São Paulo,SP,Taboao da Serra,Parque Albina
São Paulo,SP,Taboao da Serra,Parque Assuncao
São Paulo,SP,Taboao da Serra,Parque das Cigarreiras
São Paulo,SP,Taboao da Serra,Parque Industrial Daci
São Paulo,SP,Taboao da Serra,Parque Industrial das Oliveiras
São Paulo,SP,Taboao da Serra,Parque Industrial Taboao da Serra
São Paulo,SP,Taboao da Serra,Parque Jacaranda
São Paulo,SP,Taboao da Serra,Parque Laguna
São Paulo,SP,Taboao da Serra,Parque Maraba
São Paulo,SP,Taboao da Serra,Parque Monte Alegre
São Paulo,SP,Taboao da Serra,Parque Pinheiros
São Paulo,SP,Taboao da Serra,Parque Residencial Monica
São Paulo,SP,Taboao da Serra,Parque Santos Dumont
São Paulo,SP,Taboao da Serra,Parque Sao Joaquim
São Paulo,SP,Taboao da Serra,Parque Taboao
São Paulo,SP,Taboao da Serra,Vila Carmelina Goncalves
São Paulo,SP,Taboao da Serra,Vila das Oliveiras
São Paulo,SP,Taboao da Serra,Vila Francisco Remeikis
São Paulo,SP,Taboao da Serra,Vila Iasi
São Paulo,SP,Taboao da Serra,Vila Indiana
São Paulo,SP,Taboao da Serra,Vila Mafalda
São Paulo,SP,Taboao da Serra,Vila Santa Luzia
São Paulo,SP,Taboao da Serra,Vila Sonia do Taboao
São Paulo,SP,Tatui,Alto Santa Cruz
São Paulo,SP,Tatui,Cecap
São Paulo,SP,Tatui,Centro
São Paulo,SP,Tatui,Chacara Junqueira
São Paulo,SP,Tatui,Chacara Ponte Preta
São Paulo,SP,Tatui,Colina Verde
São Paulo,SP,Tatui,Conjunto Habitacional Amaro Padilha
São Paulo,SP,Tatui,Conjunto Habitacional Orlando Lisboa de Almeida
São Paulo,SP,Tatui,Fundacao Educacional Manoel Guedes
São Paulo,SP,Tatui,Jardim America
São Paulo,SP,Tatui,Jardim Andrea Ville
São Paulo,SP,Tatui,Jardim Bela Vista
São Paulo,SP,Tatui,Jardim das Perdizes
São Paulo,SP,Tatui,Jardim Europa
São Paulo,SP,Tatui,Jardim Fortunato Minghini
São Paulo,SP,Tatui,Jardim Garcas
São Paulo,SP,Tatui,Jardim Gonzaga
São Paulo,SP,Tatui,Jardim Lirio
São Paulo,SP,Tatui,Jardim Lucila
São Paulo,SP,Tatui,Jardim Nossa Senhora de Fatima
São Paulo,SP,Tatui,Jardim Novo Horizonte
São Paulo,SP,Tatui,Jardim Palmira
São Paulo,SP,Tatui,Jardim Paulista
São Paulo,SP,Tatui,Jardim Primavera
São Paulo,SP,Tatui,Jardim Primavera II
São Paulo,SP,Tatui,Jardim Rosa Garcia
São Paulo,SP,Tatui,Jardim Saba
São Paulo,SP,Tatui,Jardim Santa Rita de Cassia
São Paulo,SP,Tatui,Jardim Sao Joao
São Paulo,SP,Tatui,Jardim Sao Luiz
São Paulo,SP,Tatui,Jardim Tatui
São Paulo,SP,Tatui,Jardim Ternura
São Paulo,SP,Tatui,Jardim Thomaz Guedes
São Paulo,SP,Tatui,Jardim Tokio
São Paulo,SP,Tatui,Jardim Vale da Lua
São Paulo,SP,Tatui,Jardim Wanderley
São Paulo,SP,Tatui,Jardim XI de Agosto
São Paulo,SP,Tatui,Lincoln Parque
São Paulo,SP,Tatui,Loteamento Amaro Padilha
São Paulo,SP,Tatui,Loteamento Modena
São Paulo,SP,Tatui,Nova Tatui
São Paulo,SP,Tatui,Parque Gerbeli
São Paulo,SP,Tatui,Parque Marajoara
São Paulo,SP,Tatui,Parque Santa Maria
São Paulo,SP,Tatui,Parque Sao Rafael
São Paulo,SP,Tatui,Sao Judas Tadeu
São Paulo,SP,Tatui,Vila Angelica
São Paulo,SP,Tatui,Vila Bandeirantes
São Paulo,SP,Tatui,Vila Brasil
São Paulo,SP,Tatui,Vila Doutor Laurindo
São Paulo,SP,Tatui,Vila Esperanca
São Paulo,SP,Tatui,Vila Ezequiel
São Paulo,SP,Tatui,Vila Juca Menezes
São Paulo,SP,Tatui,Vila Jurema
São Paulo,SP,Tatui,Vila Paulina
São Paulo,SP,Tatui,Vila Santa Adelia
São Paulo,SP,Tatui,Vila Santa Helena
São Paulo,SP,Tatui,Vila Santa Luzia
São Paulo,SP,Tatui,Vila Sao Cristovao
São Paulo,SP,Tatui,Vila Sao Lazaro
São Paulo,SP,Tatui,Vila Sao Manoel
São Paulo,SP,Tatui,Vila Sao Paulo
São Paulo,SP,Taubate,Acacio Nogueira
São Paulo,SP,Taubate,Alto Sao Pedro
São Paulo,SP,Taubate,Areao
São Paulo,SP,Taubate,Bel Recanto
São Paulo,SP,Taubate,Bosque da Saude
São Paulo,SP,Taubate,Campos Eliseos
São Paulo,SP,Taubate,Cecap
São Paulo,SP,Taubate,Centro
São Paulo,SP,Taubate,Chacara do Visconde
São Paulo,SP,Taubate,Chacara Doutor Hipolito
São Paulo,SP,Taubate,Chacara Guisard
São Paulo,SP,Taubate,Chacaras Reunidas Brasil
São Paulo,SP,Taubate,Cidade Jardim
São Paulo,SP,Taubate,Conjunto Residencial Moacyr de Alvarenga Peixoto
São Paulo,SP,Taubate,Conjunto Residencial Quiririm
São Paulo,SP,Taubate,Conjunto Residencial Urupes Unidas
São Paulo,SP,Taubate,Esplanada Santa Terezinha
São Paulo,SP,Taubate,Estiva
São Paulo,SP,Taubate,Granja Panorama
São Paulo,SP,Taubate,Jardim Alice
São Paulo,SP,Taubate,Jardim America
São Paulo,SP,Taubate,Jardim Ana Emilia
São Paulo,SP,Taubate,Jardim Ana Rosa
São Paulo,SP,Taubate,Jardim Baronesa
São Paulo,SP,Taubate,Jardim Bela Vista
São Paulo,SP,Taubate,Jardim California
São Paulo,SP,Taubate,Jardim Canuto Borges
São Paulo,SP,Taubate,Jardim da Luz
São Paulo,SP,Taubate,Jardim das Bandeiras
São Paulo,SP,Taubate,Jardim das Moncoes
São Paulo,SP,Taubate,Jardim das Nacoes
São Paulo,SP,Taubate,Jardim de Alah
São Paulo,SP,Taubate,Jardim do Sol
São Paulo,SP,Taubate,Jardim dos Estados
São Paulo,SP,Taubate,Jardim Eulalia
São Paulo,SP,Taubate,Jardim Garces
São Paulo,SP,Taubate,Jardim Gurilandia
São Paulo,SP,Taubate,Jardim Humaita
São Paulo,SP,Taubate,Jardim Independencia
São Paulo,SP,Taubate,Jardim Isabel
São Paulo,SP,Taubate,Jardim Jaragua
São Paulo,SP,Taubate,Jardim Julieta
São Paulo,SP,Taubate,Jardim Marajoara
São Paulo,SP,Taubate,Jardim Maria Augusta
São Paulo,SP,Taubate,Jardim Marieta
São Paulo,SP,Taubate,Jardim Morumbi
São Paulo,SP,Taubate,Jardim Mourisco
São Paulo,SP,Taubate,Jardim Paulista
São Paulo,SP,Taubate,Jardim Primavera
São Paulo,SP,Taubate,Jardim Sandra Maria
São Paulo,SP,Taubate,Jardim Santa Catarina
São Paulo,SP,Taubate,Jardim Santa Clara
São Paulo,SP,Taubate,Jardim Santa Cruz
São Paulo,SP,Taubate,Jardim Santa Isabel
São Paulo,SP,Taubate,Jardim Sao Sebastiao
São Paulo,SP,Taubate,Jardim Silvia Maria
São Paulo,SP,Taubate,Jardim Sonia Maria
São Paulo,SP,Taubate,Loteamento Dulio Gobbo
São Paulo,SP,Taubate,Loteamento Shalon
São Paulo,SP,Taubate,Monte Belo
São Paulo,SP,Taubate,Parque Aeroporto
São Paulo,SP,Taubate,Parque dos Bandeirantes
São Paulo,SP,Taubate,Parque Esperanca
São Paulo,SP,Taubate,Parque Maua
São Paulo,SP,Taubate,Parque Paduan
São Paulo,SP,Taubate,Parque Piracangagua
São Paulo,SP,Taubate,Parque Piratininga
São Paulo,SP,Taubate,Parque Quarto Centenario
São Paulo,SP,Taubate,Parque Residencial Bom Conselho
São Paulo,SP,Taubate,Parque Residencial Jardim Jaragua
São Paulo,SP,Taubate,Parque Sabara
São Paulo,SP,Taubate,Parque Santo Antonio
São Paulo,SP,Taubate,Parque Sao Cristovao
São Paulo,SP,Taubate,Parque Sao Jose
São Paulo,SP,Taubate,Parque Sao Luis
São Paulo,SP,Taubate,Parque Senhor do Bonfim
São Paulo,SP,Taubate,Parque Tabaete
São Paulo,SP,Taubate,Parque Taubateguacu
São Paulo,SP,Taubate,Quiririm
São Paulo,SP,Taubate,Rancho Grande
São Paulo,SP,Taubate,Santa Luzia
São Paulo,SP,Taubate,Sao Jorge
São Paulo,SP,Taubate,Terra Nova
São Paulo,SP,Taubate,Vila Bela
São Paulo,SP,Taubate,Vila Costa
São Paulo,SP,Taubate,Vila Edmundo
São Paulo,SP,Taubate,Vila Elvira
São Paulo,SP,Taubate,Vila Iapi
São Paulo,SP,Taubate,Vila Jaboticabeira
São Paulo,SP,Taubate,Vila Marly
São Paulo,SP,Taubate,Vila Mecanica Pesada
São Paulo,SP,Taubate,Vila Neide
São Paulo,SP,Taubate,Vila Nossa Senhora das Gracas
São Paulo,SP,Taubate,Vila Paulista
São Paulo,SP,Taubate,Vila Prosperidade
São Paulo,SP,Taubate,Vila Regedor
São Paulo,SP,Taubate,Vila Santa Clara
São Paulo,SP,Taubate,Vila Santa Fe
São Paulo,SP,Taubate,Vila Santa Terezinha
São Paulo,SP,Taubate,Vila Sao Carlos
São Paulo,SP,Taubate,Vila Sao Geraldo
São Paulo,SP,Taubate,Vila Sao Jose
São Paulo,SP,Tupa,Centro
São Paulo,SP,Tupa,Conjunto Habitacional Cinquentenario
São Paulo,SP,Tupa,Conjunto Habitacional Conego Eduardo Reboucas de Carvalho
São Paulo,SP,Tupa,Conjunto Habitacional Doutor Walter Pimentel
São Paulo,SP,Tupa,Conjunto Habitacional Jose Maria Goncalves Gameiro
São Paulo,SP,Tupa,Conjunto Habitacional Severino Fortunato da Silva
São Paulo,SP,Tupa,Conjunto Habitacional Vereador Antonio Caran
São Paulo,SP,Tupa,Conjunto Habitacional Vereador Joaquim Ribeiro Porto
São Paulo,SP,Tupa,Fredyville
São Paulo,SP,Tupa,Jardim America
São Paulo,SP,Tupa,Jardim Apoema
São Paulo,SP,Tupa,Jardim Aritana
São Paulo,SP,Tupa,Jardim Bela Vista
São Paulo,SP,Tupa,Jardim Cerejeiras
São Paulo,SP,Tupa,Jardim Cybelle
São Paulo,SP,Tupa,Jardim Guanabara
São Paulo,SP,Tupa,Jardim Guaruja
São Paulo,SP,Tupa,Jardim Ideal
São Paulo,SP,Tupa,Jardim Ipiranga
São Paulo,SP,Tupa,Jardim Itaipu
São Paulo,SP,Tupa,Jardim Itaipu (lotes Urbanizados)
São Paulo,SP,Tupa,Jardim Jacana
São Paulo,SP,Tupa,Jardim Maraba
São Paulo,SP,Tupa,Jardim Nossa Senhora de Fatima
São Paulo,SP,Tupa,Jardim Paulista
São Paulo,SP,Tupa,Jardim Rubiacea
São Paulo,SP,Tupa,Jardim Santa Adelia
São Paulo,SP,Tupa,Jardim Santa Maria
São Paulo,SP,Tupa,Jardim Santo Antonio
São Paulo,SP,Tupa,Jardim Sao Pedro
São Paulo,SP,Tupa,Nucleo Habitacional Augusto Rosin
São Paulo,SP,Tupa,Parque Alianca
São Paulo,SP,Tupa,Parque Bela Vista
São Paulo,SP,Tupa,Parque das Nacoes
São Paulo,SP,Tupa,Parque Dom Bosco
São Paulo,SP,Tupa,Parque Guaianazes
São Paulo,SP,Tupa,Parque Ibirapuera
São Paulo,SP,Tupa,Parque Industrial
São Paulo,SP,Tupa,Parque Industrial II
São Paulo,SP,Tupa,Parque Ipanema
São Paulo,SP,Tupa,Parque Ipiranga
São Paulo,SP,Tupa,Parque Iraja
São Paulo,SP,Tupa,Parque Maria Cristina
São Paulo,SP,Tupa,Parque Presidente Kenedy
São Paulo,SP,Tupa,Parque Sao Pedro
São Paulo,SP,Tupa,Parque Tabajaras
São Paulo,SP,Tupa,Parque Universitario
São Paulo,SP,Tupa,Vila Abarca
São Paulo,SP,Tupa,Vila Alvorada
São Paulo,SP,Tupa,Vila Aviacao
São Paulo,SP,Tupa,Vila Barcelona
São Paulo,SP,Tupa,Vila Brasilia
São Paulo,SP,Tupa,Vila das Industrias
São Paulo,SP,Tupa,Vila Espanha
São Paulo,SP,Tupa,Vila Europa
São Paulo,SP,Tupa,Vila Faut
São Paulo,SP,Tupa,Vila Formosa
São Paulo,SP,Tupa,Vila Frias
São Paulo,SP,Tupa,Vila Giovanetti
São Paulo,SP,Tupa,Vila Independencia
São Paulo,SP,Tupa,Vila Inglesa
São Paulo,SP,Tupa,Vila Jose Lemes Soares
São Paulo,SP,Tupa,Vila Lahoz
São Paulo,SP,Tupa,Vila Liberdade
São Paulo,SP,Tupa,Vila Marajoara
São Paulo,SP,Tupa,Vila Munhoz
São Paulo,SP,Tupa,Vila Naibra
São Paulo,SP,Tupa,Vila Nova I
São Paulo,SP,Tupa,Vila Nova II
São Paulo,SP,Tupa,Vila Paraiso
São Paulo,SP,Tupa,Vila Ricardo
São Paulo,SP,Tupa,Vila Romana
São Paulo,SP,Tupa,Vila Santa Amalia
São Paulo,SP,Tupa,Vila Santa Cecilia
São Paulo,SP,Tupa,Vila Santa Clara
São Paulo,SP,Tupa,Vila Santa Helena
São Paulo,SP,Tupa,Vila Santa Inez
São Paulo,SP,Tupa,Vila Santa Rita de Cassia
São Paulo,SP,Tupa,Vila Santa Terezinha
São Paulo,SP,Tupa,Vila Sao Jorge
São Paulo,SP,Tupa,Vila Sao Jose
São Paulo,SP,Tupa,Vila Sao Paulo
São Paulo,SP,Tupa,Vila Sevilha
São Paulo,SP,Tupa,Vila Siduro
São Paulo,SP,Tupa,Vila Teixeira
São Paulo,SP,Tupa,Vila Tupa Mirim I
São Paulo,SP,Tupa,Vila Tupa Mirim II
São Paulo,SP,Tupa,Vila Vargas
São Paulo,SP,Tupa,Vila Viaduto
São Paulo,SP,Tupa,Vila Vitoria
São Paulo,SP,Valinhos,Castelo
São Paulo,SP,Valinhos,Centro
São Paulo,SP,Valinhos,Chacara das Nacoes
São Paulo,SP,Valinhos,Chacara Flora
São Paulo,SP,Valinhos,Chacara Nova Era
São Paulo,SP,Valinhos,Chacara Previtale
São Paulo,SP,Valinhos,Chacaras Sao Bento
São Paulo,SP,Valinhos,Chacaras Silvania
São Paulo,SP,Valinhos,Colinas dos Alamos
São Paulo,SP,Valinhos,Dois Corregos
São Paulo,SP,Valinhos,Estancia Recreativa San Fernando
São Paulo,SP,Valinhos,Fazenda Hotel Sao Bento do Recreio
São Paulo,SP,Valinhos,Jardim Alto da Boa Vista
São Paulo,SP,Valinhos,Jardim Alto da Colina
São Paulo,SP,Valinhos,Jardim America II
São Paulo,SP,Valinhos,Jardim Bom Retiro
São Paulo,SP,Valinhos,Jardim Celani
São Paulo,SP,Valinhos,Jardim Centenario
São Paulo,SP,Valinhos,Jardim das Palmeiras
São Paulo,SP,Valinhos,Jardim das Vitorias Regias
São Paulo,SP,Valinhos,Jardim dos Manacas
São Paulo,SP,Valinhos,Jardim Eliza
São Paulo,SP,Valinhos,Jardim Europa
São Paulo,SP,Valinhos,Jardim Itapua
São Paulo,SP,Valinhos,Jardim Jurema
São Paulo,SP,Valinhos,Jardim Maria Rosa
São Paulo,SP,Valinhos,Jardim Monte Verde
São Paulo,SP,Valinhos,Jardim Nova Suica
São Paulo,SP,Valinhos,Jardim Novo Horizonte
São Paulo,SP,Valinhos,Jardim Novo Mundo
São Paulo,SP,Valinhos,Jardim Paiquere
São Paulo,SP,Valinhos,Jardim Pinheiros
São Paulo,SP,Valinhos,Jardim Planalto
São Paulo,SP,Valinhos,Jardim Portugal
São Paulo,SP,Valinhos,Jardim Primavera
São Paulo,SP,Valinhos,Jardim Recanto
São Paulo,SP,Valinhos,Jardim Ribeiro
São Paulo,SP,Valinhos,Jardim Santa Rosa
São Paulo,SP,Valinhos,Jardim Santana
São Paulo,SP,Valinhos,Jardim Sao Felipe
São Paulo,SP,Valinhos,Jardim Sao Francisco
São Paulo,SP,Valinhos,Jardim Sao Luiz
São Paulo,SP,Valinhos,Jardim Sao Paulo
São Paulo,SP,Valinhos,Jardim Sao Pedro
São Paulo,SP,Valinhos,Jardim Soleil
São Paulo,SP,Valinhos,Jardim Vila Rosa
São Paulo,SP,Valinhos,Joapiranga
São Paulo,SP,Valinhos,Lenheiro
São Paulo,SP,Valinhos,Macuco
São Paulo,SP,Valinhos,Ortizes
São Paulo,SP,Valinhos,Parque Cecap
São Paulo,SP,Valinhos,Parque das Colinas
São Paulo,SP,Valinhos,Parque Lausanne
São Paulo,SP,Valinhos,Parque Residencial Colina do Sol
São Paulo,SP,Valinhos,Parque Residencial Maison Blanche
São Paulo,SP,Valinhos,Parque Residencial Planalto Paulista
São Paulo,SP,Valinhos,Parque Santana
São Paulo,SP,Valinhos,Parque Terranova
São Paulo,SP,Valinhos,Residencial Sao Luiz
São Paulo,SP,Valinhos,Samambaia
São Paulo,SP,Valinhos,Santa Cruz
São Paulo,SP,Valinhos,Sitio de Recreio dos Cafezais
São Paulo,SP,Valinhos,Vale do Itamaraca
São Paulo,SP,Valinhos,Vale Verde
São Paulo,SP,Valinhos,Vila Angeli
São Paulo,SP,Valinhos,Vila Bissoto
São Paulo,SP,Valinhos,Vila Boa Esperanca
São Paulo,SP,Valinhos,Vila Capuava
São Paulo,SP,Valinhos,Vila Coqueiro
São Paulo,SP,Valinhos,Vila D'agostinho
São Paulo,SP,Valinhos,Vila El Aiub
São Paulo,SP,Valinhos,Vila Embare
São Paulo,SP,Valinhos,Vila Faustina I
São Paulo,SP,Valinhos,Vila Faustina II
São Paulo,SP,Valinhos,Vila Franceschini
São Paulo,SP,Valinhos,Vila Independencia
São Paulo,SP,Valinhos,Vila Martina
São Paulo,SP,Valinhos,Vila Molleta
São Paulo,SP,Valinhos,Vila Norma
São Paulo,SP,Valinhos,Vila Nova Valinhos
São Paulo,SP,Valinhos,Vila Santana
São Paulo,SP,Valinhos,Vila Santo Antonio
São Paulo,SP,Valinhos,Vila Sao Joaquim
São Paulo,SP,Valinhos,Vila Sao Jose
São Paulo,SP,Valinhos,Vila Sao Luiz
São Paulo,SP,Valinhos,Vila Sao Sebastiao
São Paulo,SP,Valinhos,Vila Sonia
São Paulo,SP,Valinhos,Vila Tegani
São Paulo,SP,Valinhos,Village Sans Souci
São Paulo,SP,Valinhos,Village Visconde do Itamaraca
São Paulo,SP,Varzea Paulista,Aldeia Primavera
São Paulo,SP,Varzea Paulista,Area Industrial
São Paulo,SP,Varzea Paulista,Centro
São Paulo,SP,Varzea Paulista,Chacaras Aracary
São Paulo,SP,Varzea Paulista,Chacaras Clube Castanheiro
São Paulo,SP,Varzea Paulista,Chacaras Paulista
São Paulo,SP,Varzea Paulista,Chacaras Santa Martha
São Paulo,SP,Varzea Paulista,Chacaras Sao Guido
São Paulo,SP,Varzea Paulista,Cidade Nova II
São Paulo,SP,Varzea Paulista,Ieiri
São Paulo,SP,Varzea Paulista,Jaardim Itapoan
São Paulo,SP,Varzea Paulista,Jardim Alessandra
São Paulo,SP,Varzea Paulista,Jardim America I
São Paulo,SP,Varzea Paulista,Jardim America II
São Paulo,SP,Varzea Paulista,Jardim America III
São Paulo,SP,Varzea Paulista,Jardim America IV
São Paulo,SP,Varzea Paulista,Jardim Bela Vista
São Paulo,SP,Varzea Paulista,Jardim Bertioga
São Paulo,SP,Varzea Paulista,Jardim Boa Vista
São Paulo,SP,Varzea Paulista,Jardim Buriti
São Paulo,SP,Varzea Paulista,Jardim Cruz Alta
São Paulo,SP,Varzea Paulista,Jardim da Felicidade
São Paulo,SP,Varzea Paulista,Jardim das Acacias
São Paulo,SP,Varzea Paulista,Jardim das Palmeiras
São Paulo,SP,Varzea Paulista,Jardim Diana
São Paulo,SP,Varzea Paulista,Jardim do Lar
São Paulo,SP,Varzea Paulista,Jardim Itajai
São Paulo,SP,Varzea Paulista,Jardim Maria de Fatima
São Paulo,SP,Varzea Paulista,Jardim Mirante
São Paulo,SP,Varzea Paulista,Jardim Olivio Moro
São Paulo,SP,Varzea Paulista,Jardim Paulista
São Paulo,SP,Varzea Paulista,Jardim Primavera
São Paulo,SP,Varzea Paulista,Jardim Promeca
São Paulo,SP,Varzea Paulista,Jardim Santa Lucia
São Paulo,SP,Varzea Paulista,Jardim Sao Goncalo
São Paulo,SP,Varzea Paulista,Nucleo Residencial Satelite
São Paulo,SP,Varzea Paulista,Nucleo Residencial Sequoia
São Paulo,SP,Varzea Paulista,Parque Guarani
São Paulo,SP,Varzea Paulista,Pinheirinho
São Paulo,SP,Varzea Paulista,Portal das Azaleias
São Paulo,SP,Varzea Paulista,Portal das Hortencias
São Paulo,SP,Varzea Paulista,Portal das Paineiras
São Paulo,SP,Varzea Paulista,Residencial Aimore
São Paulo,SP,Varzea Paulista,Residencial das Flores
São Paulo,SP,Varzea Paulista,Sitio do Moinho
São Paulo,SP,Varzea Paulista,Sitio do Morro
São Paulo,SP,Varzea Paulista,Sitio do Mursa
São Paulo,SP,Varzea Paulista,Vale da Colina
São Paulo,SP,Varzea Paulista,Vila Bela Cintra
São Paulo,SP,Varzea Paulista,Vila Cristo Redentor
São Paulo,SP,Varzea Paulista,Vila Iguacu
São Paulo,SP,Varzea Paulista,Vila Indaia
São Paulo,SP,Varzea Paulista,Vila Jeriva
São Paulo,SP,Varzea Paulista,Vila Marajo
São Paulo,SP,Varzea Paulista,Vila Paraiso
São Paulo,SP,Varzea Paulista,Vila Popular
São Paulo,SP,Varzea Paulista,Vila Santa Catarina
São Paulo,SP,Varzea Paulista,Vila Santa Terezinha
São Paulo,SP,Varzea Paulista,Vila Sao Jose
São Paulo,SP,Varzea Paulista,Vila Souza
São Paulo,SP,Varzea Paulista,Vila Tupi
São Paulo,SP,Votorantim,Barra Funda
São Paulo,SP,Votorantim,Centro
São Paulo,SP,Votorantim,Chacaras Residenciais Santa Maria
São Paulo,SP,Votorantim,Chave
São Paulo,SP,Votorantim,Colonia Santa Monica
São Paulo,SP,Votorantim,Conjunto Habitacional Jardim Cerrano
São Paulo,SP,Votorantim,Fornazari
São Paulo,SP,Votorantim,Green Valley
São Paulo,SP,Votorantim,Jardim Ana Claudia
São Paulo,SP,Votorantim,Jardim Antonio Cassillo
São Paulo,SP,Votorantim,Jardim Antonio Rodrigues e Rodrigues
São Paulo,SP,Votorantim,Jardim Araujo
São Paulo,SP,Votorantim,Jardim Archila
São Paulo,SP,Votorantim,Jardim Clarice I
São Paulo,SP,Votorantim,Jardim Clarice II
São Paulo,SP,Votorantim,Jardim Daniel Antonio
São Paulo,SP,Votorantim,Jardim das Colinas
São Paulo,SP,Votorantim,Jardim Devito
São Paulo,SP,Votorantim,Jardim dos Bandeirantes
São Paulo,SP,Votorantim,Jardim Icatu
São Paulo,SP,Votorantim,Jardim Maria Lucia
São Paulo,SP,Votorantim,Jardim Mirante dos Ovnis
São Paulo,SP,Votorantim,Jardim Monte Siao
São Paulo,SP,Votorantim,Jardim Novo Mundo
São Paulo,SP,Votorantim,Jardim Palmira
São Paulo,SP,Votorantim,Jardim Paraiso
São Paulo,SP,Votorantim,Jardim Paulista
São Paulo,SP,Votorantim,Jardim Progresso
São Paulo,SP,Votorantim,Jardim Sao Luis
São Paulo,SP,Votorantim,Jardim Sao Pedro
São Paulo,SP,Votorantim,Jardim Serrano
São Paulo,SP,Votorantim,Jardim Simoni
São Paulo,SP,Votorantim,Jardim Tatiana
São Paulo,SP,Votorantim,Jardim Toledo
São Paulo,SP,Votorantim,Jardim Uniao
São Paulo,SP,Votorantim,Monte Alegre
São Paulo,SP,Votorantim,Nova Votorantim
São Paulo,SP,Votorantim,Parque Bela Vista
São Paulo,SP,Votorantim,Parque Jatai
São Paulo,SP,Votorantim,Parque Morumbi
São Paulo,SP,Votorantim,Parque Santa Marcia
São Paulo,SP,Votorantim,Parque Santos Dumont
São Paulo,SP,Votorantim,Pro-morar
São Paulo,SP,Votorantim,Protestantes
São Paulo,SP,Votorantim,Rio Acima
São Paulo,SP,Votorantim,Santa Helena
São Paulo,SP,Votorantim,Vale do Sol
São Paulo,SP,Votorantim,Vila Albertina
São Paulo,SP,Votorantim,Vila Aldo Damini
São Paulo,SP,Votorantim,Vila Amorim
São Paulo,SP,Votorantim,Vila Angelo Vial
São Paulo,SP,Votorantim,Vila Castilho
São Paulo,SP,Votorantim,Vila Dilze
São Paulo,SP,Votorantim,Vila Domingues
São Paulo,SP,Votorantim,Vila Dominguinho
São Paulo,SP,Votorantim,Vila dos Indios
São Paulo,SP,Votorantim,Vila Galli
São Paulo,SP,Votorantim,Vila Garcia
São Paulo,SP,Votorantim,Vila Guilherme
São Paulo,SP,Votorantim,Vila Irineu
São Paulo,SP,Votorantim,Vila Jose Ramos
São Paulo,SP,Votorantim,Vila Mercedes
São Paulo,SP,Votorantim,Vila Monteiro
São Paulo,SP,Votorantim,Vila Pedroso
São Paulo,SP,Votorantim,Vila Rodrigues
São Paulo,SP,Votorantim,Vila Santo Antonio
São Paulo,SP,Votorantim,Vila Sao Jose
São Paulo,SP,Votorantim,Vila Sonia
São Paulo,SP,Votorantim,Vila Vasques
São Paulo,SP,Votorantim,Vila Votocel
São Paulo,SP,Votorantim,Vossoroca
São Paulo,SP,Votuporanga,Cafe
São Paulo,SP,Votuporanga,Campo Limpo
São Paulo,SP,Votuporanga,Cecap I
São Paulo,SP,Votuporanga,Cecap II
São Paulo,SP,Votuporanga,Chacara Aviacao
São Paulo,SP,Votuporanga,Chacara das Paineiras
São Paulo,SP,Votuporanga,Chacara Ferrari
São Paulo,SP,Votuporanga,Chacara Vera
São Paulo,SP,Votuporanga,Chris II
São Paulo,SP,Votuporanga,Cohab
São Paulo,SP,Votuporanga,Companhia Melhoramentos
São Paulo,SP,Votuporanga,Estacao
São Paulo,SP,Votuporanga,Estela Parque Residencial
São Paulo,SP,Votuporanga,Jardim Alvorada
São Paulo,SP,Votuporanga,Jardim Bela Vista
São Paulo,SP,Votuporanga,Jardim Bom Clima
São Paulo,SP,Votuporanga,Jardim Botura
São Paulo,SP,Votuporanga,Jardim das Palmeiras I
São Paulo,SP,Votuporanga,Jardim das Palmeiras II
São Paulo,SP,Votuporanga,Jardim Eldorado
São Paulo,SP,Votuporanga,Jardim Marin
São Paulo,SP,Votuporanga,Jardim Paulista
São Paulo,SP,Votuporanga,Jardim Planalto
São Paulo,SP,Votuporanga,Jardim Primavera
São Paulo,SP,Votuporanga,Jardim Progresso
São Paulo,SP,Votuporanga,Jardim Santo Antonio
São Paulo,SP,Votuporanga,Jardim Santos Dumont
São Paulo,SP,Votuporanga,Jardim Sao Judas Tadeu
São Paulo,SP,Votuporanga,Jardim Umuarama
São Paulo,SP,Votuporanga,Jardim Yolanda
São Paulo,SP,Votuporanga,Loteamento Bandeirantes
São Paulo,SP,Votuporanga,Loteamento Jose Marin Cruz
São Paulo,SP,Votuporanga,Loteamento Nova Boa Vista
São Paulo,SP,Votuporanga,Loteamento Residencial Jardim Santa Paula
São Paulo,SP,Votuporanga,Marao
São Paulo,SP,Votuporanga,Parque Brasilia
São Paulo,SP,Votuporanga,Parque das Brisas
São Paulo,SP,Votuporanga,Parque das Nacoes
São Paulo,SP,Votuporanga,Parque Guarani
São Paulo,SP,Votuporanga,Parque Industrial I
São Paulo,SP,Votuporanga,Parque Industrial II
São Paulo,SP,Votuporanga,Parque Oito de Agosto
São Paulo,SP,Votuporanga,Parque Residencial do Lago
São Paulo,SP,Votuporanga,Parque Residencial Friozi
São Paulo,SP,Votuporanga,Parque Residencial Martines
São Paulo,SP,Votuporanga,Parque Residencial Santa Amelia
São Paulo,SP,Votuporanga,Parque Rio Vermelho
São Paulo,SP,Votuporanga,Parque Roselandia
São Paulo,SP,Votuporanga,Parque Santa Felicia
São Paulo,SP,Votuporanga,Patrimonio Novo
São Paulo,SP,Votuporanga,Patrimonio Velho
São Paulo,SP,Votuporanga,Polo Comercial e Industrial de Votuporanga
São Paulo,SP,Votuporanga,Pozzobon
São Paulo,SP,Votuporanga,Propovo
São Paulo,SP,Votuporanga,Recanto dos Esportes
São Paulo,SP,Votuporanga,San Remo
São Paulo,SP,Votuporanga,Santa Eliza
São Paulo,SP,Votuporanga,Santa Luzia
São Paulo,SP,Votuporanga,Sao Cosme
São Paulo,SP,Votuporanga,Sao Damiao
São Paulo,SP,Votuporanga,Sao Joao
São Paulo,SP,Votuporanga,Vale do Sol
São Paulo,SP,Votuporanga,Vila America
São Paulo,SP,Votuporanga,Vila Budin
São Paulo,SP,Votuporanga,Vila Formosa
São Paulo,SP,Votuporanga,Vila Hercilia
São Paulo,SP,Votuporanga,Vila Marin
São Paulo,SP,Votuporanga,Vila Muniz
São Paulo,SP,Votuporanga,Vila Paes
São Paulo,SP,Votuporanga,Vila Sao Vicente
Tocantins,TO,Araguaina,Barra Lago
Tocantins,TO,Araguaina,Boa Sorte
Tocantins,TO,Araguaina,Dom Orione
Tocantins,TO,Araguaina,Eldorado
Tocantins,TO,Araguaina,Jardim California
Tocantins,TO,Araguaina,Jardim das Palmeiras
Tocantins,TO,Araguaina,Jardim Esplanada
Tocantins,TO,Araguaina,Jardim Filadelfia
Tocantins,TO,Araguaina,Jardim Goias
Tocantins,TO,Araguaina,Jardim Italia
Tocantins,TO,Araguaina,Jardim Mansoes Palmeiras
Tocantins,TO,Araguaina,Jardim Paulista
Tocantins,TO,Araguaina,Jardim Pedra Alta
Tocantins,TO,Araguaina,Jardim Santa Helena
Tocantins,TO,Araguaina,Jk
Tocantins,TO,Araguaina,Loteamento Araguaina Sul
Tocantins,TO,Araguaina,Loteamento Ceu Azul
Tocantins,TO,Araguaina,Loteamento Couto Magalhaes
Tocantins,TO,Araguaina,Loteamento Cruzeiro
Tocantins,TO,Araguaina,Loteamento Dona Nelcia
Tocantins,TO,Araguaina,Loteamento Manoel Gomes da Cunha
Tocantins,TO,Araguaina,Loteamento Maracana
Tocantins,TO,Araguaina,Loteamento Martins Jorge
Tocantins,TO,Araguaina,Loteamento Nova Araguaina
Tocantins,TO,Araguaina,Loteamento Pampulha
Tocantins,TO,Araguaina,Loteamento Panorama
Tocantins,TO,Araguaina,Loteamento Planalto
Tocantins,TO,Araguaina,Loteamento Sao Francisco
Tocantins,TO,Araguaina,Loteamento Sao Luiz
Tocantins,TO,Araguaina,Loteamento Sao Miguel
Tocantins,TO,Araguaina,Loteamento Sao Pedro
Tocantins,TO,Araguaina,Morada do Sol
Tocantins,TO,Araguaina,Parque Vale Araguaia
Tocantins,TO,Araguaina,Residencial Itaipu
Tocantins,TO,Araguaina,Santa Monica
Tocantins,TO,Araguaina,Santa Terezinha
Tocantins,TO,Araguaina,Senador
Tocantins,TO,Araguaina,Setor Aeroviario
Tocantins,TO,Araguaina,Setor Ana Maria
Tocantins,TO,Araguaina,Setor Anhanguera
Tocantins,TO,Araguaina,Setor Bela Vista
Tocantins,TO,Araguaina,Setor Brasil
Tocantins,TO,Araguaina,Setor Caraja
Tocantins,TO,Araguaina,Setor Oeste
Tocantins,TO,Araguaina,Setor Rodoviario
Tocantins,TO,Araguaina,Setor Sul
Tocantins,TO,Araguaina,Setor Universitario
Tocantins,TO,Araguaina,Vila Boa
Tocantins,TO,Araguaina,Vila Cardoso
Tocantins,TO,Araguaina,Vila Cearense
Tocantins,TO,Araguaina,Vila Couto Magalhaes
Tocantins,TO,Araguaina,Vila Ferreira
Tocantins,TO,Araguaina,Vila Nova
Tocantins,TO,Araguaina,Vila Santa Luzia
Tocantins,TO,Araguaina,Vila Santiago
Tocantins,TO,Gurupi,Alto da Boa Vista
Tocantins,TO,Gurupi,Alto dos Buritis
Tocantins,TO,Gurupi,Chacara de Recreio Morada do Sol
Tocantins,TO,Gurupi,Chacara Recreios Irmaos Ferreira
Tocantins,TO,Gurupi,Cidade Industrial
Tocantins,TO,Gurupi,Jardim das Bandeiras
Tocantins,TO,Gurupi,Jardim das Palmeiras
Tocantins,TO,Gurupi,Jardim Eldorado
Tocantins,TO,Gurupi,Jardim Flamboyant
Tocantins,TO,Gurupi,Jardim Medeiros
Tocantins,TO,Gurupi,Jardim Pauliceia
Tocantins,TO,Gurupi,Jardim Sao Lucas
Tocantins,TO,Gurupi,Jardim Sevilha
Tocantins,TO,Gurupi,Jardim Tocantins
Tocantins,TO,Gurupi,Jardim Tropical
Tocantins,TO,Gurupi,Muniz Santana
Tocantins,TO,Gurupi,Parque Industrial
Tocantins,TO,Gurupi,Parque Primavera
Tocantins,TO,Gurupi,Parque Residencial Nova Fronteira
Tocantins,TO,Gurupi,Parque Residencial Sao Jose
Tocantins,TO,Gurupi,Parque Sol Nascente
Tocantins,TO,Gurupi,Residencial Jardim dos Buritis
Tocantins,TO,Gurupi,Setor Aeroporto
Tocantins,TO,Gurupi,Setor Aeroporto II
Tocantins,TO,Gurupi,Setor Canaa
Tocantins,TO,Gurupi,Setor Casego
Tocantins,TO,Gurupi,Setor Central
Tocantins,TO,Gurupi,Setor Cruzeiro
Tocantins,TO,Gurupi,Setor Leste
Tocantins,TO,Gurupi,Setor Novo Horizonte
Tocantins,TO,Gurupi,Setor Uniao I
Tocantins,TO,Gurupi,Setor Uniao II
Tocantins,TO,Gurupi,Setor Uniao III
Tocantins,TO,Gurupi,Setor Uniao IV
Tocantins,TO,Gurupi,Setor Uniao V
Tocantins,TO,Gurupi,Shangri-la
Tocantins,TO,Gurupi,Trevo Oeste
Tocantins,TO,Gurupi,Vila Alagoana
Tocantins,TO,Gurupi,Vila Guaracy
Tocantins,TO,Gurupi,Vila Iris
Tocantins,TO,Gurupi,Vila Paulista
Tocantins,TO,Gurupi,Vila Pedroso
Tocantins,TO,Gurupi,Vila Sao Jose
Tocantins,TO,Gurupi,Waldir Lins
Tocantins,TO,Palmas,Area Central
Tocantins,TO,Palmas,Area Nordeste
Tocantins,TO,Palmas,Area Noroeste
Tocantins,TO,Palmas,Area Sudeste
Tocantins,TO,Palmas,Area Sudoeste
Tocantins,TO,Palmas,Eixo Norte
Tocantins,TO,Palmas,Eixo Sul
