Amapá,AP,Macapa,Alvorada
Amapá,AP,Macapa,Beirol
Amapá,AP,Macapa,Buritizal
Amapá,AP,Macapa,Central
Amapá,AP,Macapa,Congos
Amapá,AP,Macapa,Jardim Equatorial
Amapá,AP,Macapa,Jardim Felicidade
Amapá,AP,Macapa,Jardim Marco Zero
Amapá,AP,Macapa,Jesus de Nazare
Amapá,AP,Macapa,Laguinho
Amapá,AP,Macapa,Muca
Amapá,AP,Macapa,Nova Esperanca
Amapá,AP,Macapa,Pacoval
Amapá,AP,Macapa,Perpetuo Socorro
Amapá,AP,Macapa,Santa Ines
Amapá,AP,Macapa,Santa Rita
Amapá,AP,Macapa,Sao Lazaro
Amapá,AP,Macapa,Trem
Amazonas,AM,Manaus,Adrianopolis
Amazonas,AM,Manaus,Aleixo
Amazonas,AM,Manaus,Alvorada
Amazonas,AM,Manaus,Aparecida
Amazonas,AM,Manaus,Betania
Amazonas,AM,Manaus,Cachoeirinha
Amazonas,AM,Manaus,Centro
Amazonas,AM,Manaus,Chapada
Amazonas,AM,Manaus,Cidade Nova
Amazonas,AM,Manaus,Colonia Oliveira Machado
Amazonas,AM,Manaus,Compensa
Amazonas,AM,Manaus,Coroado
Amazonas,AM,Manaus,Distrito Industrial
Amazonas,AM,Manaus,Dom Pedro
Amazonas,AM,Manaus,Educandos
Amazonas,AM,Manaus,Flores
Amazonas,AM,Manaus,Gloria
Amazonas,AM,Manaus,Japiim
Amazonas,AM,Manaus,Lirio do Vale
Amazonas,AM,Manaus,Mauazinho
Amazonas,AM,Manaus,Morro da Liberdade
Amazonas,AM,Manaus,Nossa Senhora das Gracas
Amazonas,AM,Manaus,Nova Esperanca
Amazonas,AM,Manaus,Parque 10 de Novembro
Amazonas,AM,Manaus,Paz
Amazonas,AM,Manaus,Petropolis
Amazonas,AM,Manaus,Planalto
Amazonas,AM,Manaus,Ponta Negra
Amazonas,AM,Manaus,Praca 14 de Janeiro
Amazonas,AM,Manaus,Presidente Vargas
Amazonas,AM,Manaus,Raiz
Amazonas,AM,Manaus,Redencao
Amazonas,AM,Manaus,Santa Luzia
Amazonas,AM,Manaus,Santo Agostinho
Amazonas,AM,Manaus,Santo Antonio
Amazonas,AM,Manaus,Sao Francisco
Amazonas,AM,Manaus,Sao Geraldo
Amazonas,AM,Manaus,Sao Jorge
Amazonas,AM,Manaus,Sao Jose Operario
Amazonas,AM,Manaus,Sao Lazaro
Amazonas,AM,Manaus,Sao Raimundo
Amazonas,AM,Manaus,Vila da Prata
Amazonas,AM,Parintins,Centro
Amazonas,AM,Parintins,Djard Vieira
Amazonas,AM,Parintins,Emilio Moreira
Amazonas,AM,Parintins,Jose Esteves
Amazonas,AM,Parintins,Palmares
Amazonas,AM,Parintins,Santa Clara
Amazonas,AM,Parintins,Santa Rita de Cassia
Amazonas,AM,Parintins,Sao Benedito
Amazonas,AM,Parintins,Sao Francisco de Assis
Amazonas,AM,Parintins,Sao Jose
Amazonas,AM,Parintins,Sao Vicente
Ceará,CE,Caucaia,Acude
Ceará,CE,Caucaia,Araturi
Ceará,CE,Caucaia,Arianopolis
Ceará,CE,Caucaia,Camurupim
Ceará,CE,Caucaia,Capoeira
Ceará,CE,Caucaia,Capua
Ceará,CE,Caucaia,Centro
Ceará,CE,Caucaia,Cigana
Ceará,CE,Caucaia,Curicaca
Ceará,CE,Caucaia,Genipabu
Ceará,CE,Caucaia,Grilo
Ceará,CE,Caucaia,Icarai
Ceará,CE,Caucaia,Itambe
Ceará,CE,Caucaia,Marechal Rondon
Ceará,CE,Caucaia,Mestre Antonio
Ceará,CE,Caucaia,Nova Metropole
Ceará,CE,Caucaia,Pabussu
Ceará,CE,Caucaia,Pacheco
Ceará,CE,Caucaia,Padre Romualdo
Ceará,CE,Caucaia,Parque Albano
Ceará,CE,Caucaia,Parque das Nacoes
Ceará,CE,Caucaia,Parque Guadalajara
Ceará,CE,Caucaia,Parque Potira
Ceará,CE,Caucaia,Parque Tabapua
Ceará,CE,Caucaia,Planalto Caucaia
Ceará,CE,Caucaia,Sao Miguel
Ceará,CE,Caucaia,Tabapuazinho
Ceará,CE,Crato,Alto da Penha
Ceará,CE,Crato,Cacimbas
Ceará,CE,Crato,Centro
Ceará,CE,Crato,Cruz
Ceará,CE,Crato,Dom Francisco
Ceará,CE,Crato,Giselia Pinheiro
Ceará,CE,Crato,Independencia
Ceará,CE,Crato,Mirandao
Ceará,CE,Crato,Misericordia
Ceará,CE,Crato,Muriti
Ceará,CE,Crato,Ossian Araripe
Ceará,CE,Crato,Parque Granjeiro
Ceará,CE,Crato,Pimenta
Ceará,CE,Crato,Pinto Madeira
Ceará,CE,Crato,Santa Luzia
Ceará,CE,Crato,Sao Jose
Ceará,CE,Crato,Sao Miguel
Ceará,CE,Crato,Seminario
Ceará,CE,Crato,Sossego
Ceará,CE,Crato,Vila Alta
Ceará,CE,Fortaleza,Alagadico
Ceará,CE,Fortaleza,Alagadico Novo
Ceará,CE,Fortaleza,Aldeota
Ceará,CE,Fortaleza,Alto da Balanca
Ceará,CE,Fortaleza,Alvaro Weyne
Ceará,CE,Fortaleza,Amadeu Furtado
Ceará,CE,Fortaleza,Antonio Bezerra
Ceará,CE,Fortaleza,Barra do Ceara
Ceará,CE,Fortaleza,Bela Vista
Ceará,CE,Fortaleza,Benfica
Ceará,CE,Fortaleza,Bom Futuro
Ceará,CE,Fortaleza,Bom Jardim
Ceará,CE,Fortaleza,Bonsucesso
Ceará,CE,Fortaleza,Cachoeirinha
Ceará,CE,Fortaleza,Cambeba
Ceará,CE,Fortaleza,Castelao
Ceará,CE,Fortaleza,Centro
Ceará,CE,Fortaleza,Cidade dos Funcionarios
Ceará,CE,Fortaleza,Coco
Ceará,CE,Fortaleza,Cristo Redentor
Ceará,CE,Fortaleza,Damas
Ceará,CE,Fortaleza,Democrito Rocha
Ceará,CE,Fortaleza,Dias Macedo
Ceará,CE,Fortaleza,Dionisio Torres
Ceará,CE,Fortaleza,Edson Queiroz
Ceará,CE,Fortaleza,Farias Brito
Ceará,CE,Fortaleza,Fatima
Ceará,CE,Fortaleza,Genibau
Ceará,CE,Fortaleza,Granja Portugal
Ceará,CE,Fortaleza,Henrique Jorge
Ceará,CE,Fortaleza,Itaperi
Ceará,CE,Fortaleza,Jacarecanga
Ceará,CE,Fortaleza,Jangurussu
Ceará,CE,Fortaleza,Jardim America
Ceará,CE,Fortaleza,Joaquim Tavora
Ceará,CE,Fortaleza,Joquei Clube
Ceará,CE,Fortaleza,Jose Bonifacio
Ceará,CE,Fortaleza,Lagoa Redonda
Ceará,CE,Fortaleza,Manuel Satiro
Ceará,CE,Fortaleza,Maraponga
Ceará,CE,Fortaleza,Meireles
Ceará,CE,Fortaleza,Messejana
Ceará,CE,Fortaleza,Mondubim
Ceará,CE,Fortaleza,Monte Castelo
Ceará,CE,Fortaleza,Montese
Ceará,CE,Fortaleza,Moura Brasil
Ceará,CE,Fortaleza,Mucuripe
Ceará,CE,Fortaleza,Papicu
Ceará,CE,Fortaleza,Parangaba
Ceará,CE,Fortaleza,Parque Presidente Vargas
Ceará,CE,Fortaleza,Parque Sao Jose
Ceará,CE,Fortaleza,Passare
Ceará,CE,Fortaleza,Pici
Ceará,CE,Fortaleza,Praia de Iracema
Ceará,CE,Fortaleza,Prefeito Jose Walter
Ceará,CE,Fortaleza,Presidente Tancredo Neves
Ceará,CE,Fortaleza,Rodolfo Teofilo
Ceará,CE,Fortaleza,Serrinha
Ceará,CE,Fortaleza,Tauape
Ceará,CE,Fortaleza,Varjota
Ceará,CE,Fortaleza,Vicente Pinzon
Ceará,CE,Fortaleza,Vila Ellery
Ceará,CE,Fortaleza,Vila Peri
Ceará,CE,Fortaleza,Vila Uniao
Ceará,CE,Fortaleza,Vila Velha
Ceará,CE,Juazeiro do Norte,Aeroporto
Ceará,CE,Juazeiro do Norte,Centro
Ceará,CE,Juazeiro do Norte,Franciscanos
Ceará,CE,Juazeiro do Norte,Juvencio Santana
Ceará,CE,Juazeiro do Norte,Lagoa Seca
Ceará,CE,Juazeiro do Norte,Novo Juazeiro
Ceará,CE,Juazeiro do Norte,Pio XII
Ceará,CE,Juazeiro do Norte,Piraja
Ceará,CE,Juazeiro do Norte,Romeirao
Ceará,CE,Juazeiro do Norte,Salesianos
Ceará,CE,Juazeiro do Norte,Santa Tereza
Ceará,CE,Juazeiro do Norte,Sao Miguel
Ceará,CE,Juazeiro do Norte,Socorro
Ceará,CE,Juazeiro do Norte,Tiradentes
Ceará,CE,Juazeiro do Norte,Triangulo
Ceará,CE,Maracanau,Acaracuzinho
Ceará,CE,Maracanau,Alto Alegre
Ceará,CE,Maracanau,Alto da Bonanca
Ceará,CE,Maracanau,Alto da Mangueira
Ceará,CE,Maracanau,Cagado
Ceará,CE,Maracanau,Centro
Ceará,CE,Maracanau,Coqueiral
Ceará,CE,Maracanau,Distrito Industrial
Ceará,CE,Maracanau,Esplanada Novo Mondubim
Ceará,CE,Maracanau,Industrial
Ceará,CE,Maracanau,Jacanau
Ceará,CE,Maracanau,Jardim Bandeirante
Ceará,CE,Maracanau,Jardim Paraiso
Ceará,CE,Maracanau,Jereissati I
Ceará,CE,Maracanau,Jereissati II
Ceará,CE,Maracanau,Mucuna
Ceará,CE,Maracanau,Novo Maracanau
Ceará,CE,Maracanau,Novo Oriente
Ceará,CE,Maracanau,Pajucara
Ceará,CE,Maracanau,Parque Novo Mondubim
Ceará,CE,Maracanau,Parque Tropical
Ceará,CE,Maracanau,Piratininga
Ceará,CE,Maracanau,Planalto Cidade Nova
Ceará,CE,Maracanau,Santa Maria
Ceará,CE,Maracanau,Siqueira
Ceará,CE,Maracanau,Timbo
Ceará,CE,Sobral,Alto da Brasilia
Ceará,CE,Sobral,Alto da Expectativa
Ceará,CE,Sobral,Alto do Cristo
Ceará,CE,Sobral,Alto Novo
Ceará,CE,Sobral,Centro
Ceará,CE,Sobral,Cidao
Ceará,CE,Sobral,Colina Boa Vista
Ceará,CE,Sobral,Dom Expedito
Ceará,CE,Sobral,Junco
Ceará,CE,Sobral,Mucambinho
Ceará,CE,Sobral,Parque Alvorada
Ceará,CE,Sobral,Pedrinhas
Ceará,CE,Sobral,Sinha Saboia
Ceará,CE,Sobral,Sumare
Ceará,CE,Sobral,Tamarindo
Maranhão,MA,Caxias,Aeroporto Velho
Maranhão,MA,Caxias,Alto da Cruz
Maranhão,MA,Caxias,Baixinha
Maranhão,MA,Caxias,Caldeiroes Piraja
Maranhão,MA,Caxias,Campo de Belem
Maranhão,MA,Caxias,Cangalheiro
Maranhão,MA,Caxias,Castelo Branco
Maranhão,MA,Caxias,Centro
Maranhão,MA,Caxias,Conjunto Helio Queiroz
Maranhão,MA,Caxias,Ipem
Maranhão,MA,Caxias,Itapecuruzinho
Maranhão,MA,Caxias,Joao Viana
Maranhão,MA,Caxias,Matadouro Novo
Maranhão,MA,Caxias,Matadouro Velho
Maranhão,MA,Caxias,Morro do Alecrim
Maranhão,MA,Caxias,Mutirao
Maranhão,MA,Caxias,Nova Caxias
Maranhão,MA,Caxias,O Tres
Maranhão,MA,Caxias,Pai Geraldo
Maranhão,MA,Caxias,Pe da Ladeira
Maranhão,MA,Caxias,Piquizeiro
Maranhão,MA,Caxias,Ponte
Maranhão,MA,Caxias,Refinaria
Maranhão,MA,Caxias,Salobo
Maranhão,MA,Caxias,Sao Francisco
Maranhão,MA,Caxias,Seriema
Maranhão,MA,Caxias,Teso Duro
Maranhão,MA,Caxias,Trizidela
Maranhão,MA,Caxias,Vila Lobao
Maranhão,MA,Caxias,Volta Redonda
Maranhão,MA,Imperatriz,Bacuri
Maranhão,MA,Imperatriz,Beira Rio
Maranhão,MA,Imperatriz,Boca da Mata
Maranhão,MA,Imperatriz,Bom Sucesso
Maranhão,MA,Imperatriz,Caema
Maranhão,MA,Imperatriz,Centro
Maranhão,MA,Imperatriz,Conjunto Nova Vitoria I
Maranhão,MA,Imperatriz,Conjunto Vitoria
Maranhão,MA,Imperatriz,Entroncamento
Maranhão,MA,Imperatriz,Imigrantes
Maranhão,MA,Imperatriz,Jardim Imperatriz
Maranhão,MA,Imperatriz,Jardim Oriental
Maranhão,MA,Imperatriz,Jardim Sao Luis
Maranhão,MA,Imperatriz,Jucara
Maranhão,MA,Imperatriz,Maranhao Novo
Maranhão,MA,Imperatriz,Mercadinho
Maranhão,MA,Imperatriz,Morada do Sol
Maranhão,MA,Imperatriz,Nova Imperatriz
Maranhão,MA,Imperatriz,Parque Anhanguera
Maranhão,MA,Imperatriz,Parque do Buriti
Maranhão,MA,Imperatriz,Parque Planalto
Maranhão,MA,Imperatriz,Parque Santa Lucia
Maranhão,MA,Imperatriz,Parque Sao Jose
Maranhão,MA,Imperatriz,Residencial Cinco Estrelas
Maranhão,MA,Imperatriz,Rodoviarias
Maranhão,MA,Imperatriz,Santa Ines
Maranhão,MA,Imperatriz,Santa Luzia
Maranhão,MA,Imperatriz,Santa Rita
Maranhão,MA,Imperatriz,Sao Jose do Egito
Maranhão,MA,Imperatriz,Super Quadra 602
Maranhão,MA,Imperatriz,Tres Poderes
Maranhão,MA,Imperatriz,Uniao
Maranhão,MA,Imperatriz,Vila Albertina
Maranhão,MA,Imperatriz,Vila Carajas
Maranhão,MA,Imperatriz,Vila Lobao
Maranhão,MA,Imperatriz,Vila Nova
Maranhão,MA,Imperatriz,Vila Redencao
Maranhão,MA,Imperatriz,Vila Redencao I
Maranhão,MA,Sao Luis,Alemanha
Maranhão,MA,Sao Luis,Anil
Maranhão,MA,Sao Luis,Anjo da Guarda
Maranhão,MA,Sao Luis,Apeadouro
Maranhão,MA,Sao Luis,Apicum
Maranhão,MA,Sao Luis,Areinha
Maranhão,MA,Sao Luis,Aurora
Maranhão,MA,Sao Luis,Baixinha
Maranhão,MA,Sao Luis,Bares
Maranhão,MA,Sao Luis,Barreto
Maranhão,MA,Sao Luis,Belira
Maranhão,MA,Sao Luis,Bequimao
Maranhão,MA,Sao Luis,Boa Vista
Maranhão,MA,Sao Luis,Camboa
Maranhão,MA,Sao Luis,Cantinho do Ceu
Maranhão,MA,Sao Luis,Caratatiua
Maranhão,MA,Sao Luis,Centro
Maranhão,MA,Sao Luis,Codozinho
Maranhão,MA,Sao Luis,Cohab Anil IV
Maranhão,MA,Sao Luis,Coreia
Maranhão,MA,Sao Luis,Coroadinho
Maranhão,MA,Sao Luis,Cruzeiro do Anil
Maranhão,MA,Sao Luis,Cutim
Maranhão,MA,Sao Luis,Desterro
Maranhão,MA,Sao Luis,Diamante
Maranhão,MA,Sao Luis,Fabril
Maranhão,MA,Sao Luis,Fatima
Maranhão,MA,Sao Luis,Fe Em Deus
Maranhão,MA,Sao Luis,Filipinho
Maranhão,MA,Sao Luis,Floresta
Maranhão,MA,Sao Luis,Fonte do Bispo
Maranhão,MA,Sao Luis,Forquilha
Maranhão,MA,Sao Luis,Goiabal
Maranhão,MA,Sao Luis,Ingaura
Maranhão,MA,Sao Luis,Itaqui
Maranhão,MA,Sao Luis,Jardim Alvorada
Maranhão,MA,Sao Luis,Jardim Renascenca
Maranhão,MA,Sao Luis,Jardim Sao Francisco
Maranhão,MA,Sao Luis,Joao de Deus
Maranhão,MA,Sao Luis,Joao Paulo
Maranhão,MA,Sao Luis,Jordoa
Maranhão,MA,Sao Luis,Liberdade
Maranhão,MA,Sao Luis,Lira
Maranhão,MA,Sao Luis,Macauba
Maranhão,MA,Sao Luis,Madre Deus
Maranhão,MA,Sao Luis,Monte Castelo
Maranhão,MA,Sao Luis,Nova Sa Viana
Maranhão,MA,Sao Luis,Olho D Agua
Maranhão,MA,Sao Luis,Outeiro da Cruz
Maranhão,MA,Sao Luis,Pao de Acucar
Maranhão,MA,Sao Luis,Parque Amazonas
Maranhão,MA,Sao Luis,Parque Atlantico
Maranhão,MA,Sao Luis,Parque Jaguarema
Maranhão,MA,Sao Luis,Ponta do Farol
Maranhão,MA,Sao Luis,Recanto Vinhais
Maranhão,MA,Sao Luis,Retiro Natal
Maranhão,MA,Sao Luis,Ribeira
Maranhão,MA,Sao Luis,Sa Viana
Maranhão,MA,Sao Luis,Sacavem
Maranhão,MA,Sao Luis,Santa Cruz
Maranhão,MA,Sao Luis,Santo Antonio
Maranhão,MA,Sao Luis,Sao Bernardo
Maranhão,MA,Sao Luis,Sao Francisco
Maranhão,MA,Sao Luis,Sao Raimundo
Maranhão,MA,Sao Luis,Sitio do Meio
Maranhão,MA,Sao Luis,Sitio Leal
Maranhão,MA,Sao Luis,Tibiri
Maranhão,MA,Sao Luis,Tibirizinho
Maranhão,MA,Sao Luis,Tirirical
Maranhão,MA,Sao Luis,Tunel do Sacavem
Maranhão,MA,Sao Luis,Turu
Maranhão,MA,Sao Luis,Vila Bessa
Maranhão,MA,Sao Luis,Vila Ivar Saldanha
Maranhão,MA,Sao Luis,Vila Nova
Maranhão,MA,Sao Luis,Vila Palmeira
Maranhão,MA,Sao Luis,Vila Passos
Maranhão,MA,Sao Luis,Vila Vicente Fialho
Maranhão,MA,Timon,Arraial
Maranhão,MA,Timon,Bandeirante X
Maranhão,MA,Timon,Bela Vista
Maranhão,MA,Timon,Belarmina
Maranhão,MA,Timon,Boa Esperanca
Maranhão,MA,Timon,Boa Vista
Maranhão,MA,Timon,Centro
Maranhão,MA,Timon,Flores I
Maranhão,MA,Timon,Flores II
Maranhão,MA,Timon,Formosa
Maranhão,MA,Timon,Loteamento Boa Vista
Maranhão,MA,Timon,Mangueira
Maranhão,MA,Timon,Matadouro
Maranhão,MA,Timon,Mutirao
Maranhão,MA,Timon,Novo Horizonte
Maranhão,MA,Timon,Novo Parque Uniao
Maranhão,MA,Timon,Parque Alvorada
Maranhão,MA,Timon,Parque Piaui
Maranhão,MA,Timon,Parque Uniao
Maranhão,MA,Timon,Pedro Patricio
Maranhão,MA,Timon,Picarreira
Maranhão,MA,Timon,Santo Antonio
Maranhão,MA,Timon,Sao Benedito
Maranhão,MA,Timon,Sao Francisco
Maranhão,MA,Timon,Sao Marcos
Maranhão,MA,Timon,Sete Estrelas
Maranhão,MA,Timon,Sucessao
Maranhão,MA,Timon,Uirapuru
Maranhão,MA,Timon,Vila Angelica
Maranhão,MA,Timon,Vila Bandeirante
Maranhão,MA,Timon,Vila Bandeirante II
Maranhão,MA,Timon,Vila do Bec
Maranhão,MA,Timon,Vila Mariana
Maranhão,MA,Timon,Vila Monteiro
Paraná,PR,Almirante Tamandare,Jardim Alvorada
Paraná,PR,Almirante Tamandare,Jardim Amazonas
Paraná,PR,Almirante Tamandare,Jardim Anita Garibaldi
Paraná,PR,Almirante Tamandare,Jardim Apucarana
Paraná,PR,Almirante Tamandare,Jardim Arco Iris
Paraná,PR,Almirante Tamandare,Jardim Areias
Paraná,PR,Almirante Tamandare,Jardim Bela Vista
Paraná,PR,Almirante Tamandare,Jardim Benfica
Paraná,PR,Almirante Tamandare,Jardim Buenos Aires
Paraná,PR,Almirante Tamandare,Jardim Campo Verde
Paraná,PR,Almirante Tamandare,Jardim Campos Elisios
Paraná,PR,Almirante Tamandare,Jardim Casa Blanca
Paraná,PR,Almirante Tamandare,Jardim Cintia Mara
Paraná,PR,Almirante Tamandare,Jardim Colonial
Paraná,PR,Almirante Tamandare,Jardim Cristiane
Paraná,PR,Almirante Tamandare,Jardim das Oliveiras
Paraná,PR,Almirante Tamandare,Jardim do Norte
Paraná,PR,Almirante Tamandare,Jardim do Rocio
Paraná,PR,Almirante Tamandare,Jardim Dona Belizaria
Paraná,PR,Almirante Tamandare,Jardim Dona Luiza
Paraná,PR,Almirante Tamandare,Jardim Dona Wanda
Paraná,PR,Almirante Tamandare,Jardim Dourados
Paraná,PR,Almirante Tamandare,Jardim Dragao Verde
Paraná,PR,Almirante Tamandare,Jardim Formosa
Paraná,PR,Almirante Tamandare,Jardim Gerhusa
Paraná,PR,Almirante Tamandare,Jardim Giannini
Paraná,PR,Almirante Tamandare,Jardim Gineste
Paraná,PR,Almirante Tamandare,Jardim Gramados
Paraná,PR,Almirante Tamandare,Jardim Ipanema
Paraná,PR,Almirante Tamandare,Jardim Ipe
Paraná,PR,Almirante Tamandare,Jardim Iracema
Paraná,PR,Almirante Tamandare,Jardim Itamarati
Paraná,PR,Almirante Tamandare,Jardim Joao Paulo II
Paraná,PR,Almirante Tamandare,Jardim Josiane
Paraná,PR,Almirante Tamandare,Jardim Kokot
Paraná,PR,Almirante Tamandare,Jardim Marambaia
Paraná,PR,Almirante Tamandare,Jardim Marize
Paraná,PR,Almirante Tamandare,Jardim Marrocos
Paraná,PR,Almirante Tamandare,Jardim Mirage
Paraná,PR,Almirante Tamandare,Jardim Monte Santo
Paraná,PR,Almirante Tamandare,Jardim Monterrey
Paraná,PR,Almirante Tamandare,Jardim Napolis
Paraná,PR,Almirante Tamandare,Jardim Natal
Paraná,PR,Almirante Tamandare,Jardim Nossa Senhora de Fatima
Paraná,PR,Almirante Tamandare,Jardim Nossa Senhora do Pilar
Paraná,PR,Almirante Tamandare,Jardim Novo Horizonte da Cachoeira
Paraná,PR,Almirante Tamandare,Jardim Paraiso
Paraná,PR,Almirante Tamandare,Jardim Paris
Paraná,PR,Almirante Tamandare,Jardim Patricia
Paraná,PR,Almirante Tamandare,Jardim Planalto
Paraná,PR,Almirante Tamandare,Jardim Primavera
Paraná,PR,Almirante Tamandare,Jardim Rafaela
Paraná,PR,Almirante Tamandare,Jardim Roma
Paraná,PR,Almirante Tamandare,Jardim Rosana
Paraná,PR,Almirante Tamandare,Jardim Santa Fe
Paraná,PR,Almirante Tamandare,Jardim Santa Maria
Paraná,PR,Almirante Tamandare,Jardim Santa Rita de Cassia
Paraná,PR,Almirante Tamandare,Jardim Santo Antonio
Paraná,PR,Almirante Tamandare,Jardim Sao Carlos
Paraná,PR,Almirante Tamandare,Jardim Sao Domingos
Paraná,PR,Almirante Tamandare,Jardim Sao Francisco
Paraná,PR,Almirante Tamandare,Jardim Sao Jose
Paraná,PR,Almirante Tamandare,Jardim Silvana
Paraná,PR,Almirante Tamandare,Jardim Taiza
Paraná,PR,Almirante Tamandare,Jardim Tamboara
Paraná,PR,Almirante Tamandare,Jardim Tatiana
Paraná,PR,Almirante Tamandare,Jardim Valenca
Paraná,PR,Almirante Tamandare,Jardim Valma
Paraná,PR,Almirante Tamandare,Jardim Vitoria
Paraná,PR,Almirante Tamandare,Loteamento Montparnasse
Paraná,PR,Almirante Tamandare,Loteamento Recanto dos Papagaios
Paraná,PR,Almirante Tamandare,Parque Sao Jorge
Paraná,PR,Almirante Tamandare,Parque Timbu
Paraná,PR,Almirante Tamandare,Parque Uracap
Paraná,PR,Almirante Tamandare,Planta Almirante
Paraná,PR,Almirante Tamandare,Planta Maria Clara
Paraná,PR,Almirante Tamandare,Planta Mosacal
Paraná,PR,Almirante Tamandare,Planta Nossa Senhora de Lourdes
Paraná,PR,Almirante Tamandare,Planta Schultz
Paraná,PR,Almirante Tamandare,Planta Vila Rica
Paraná,PR,Almirante Tamandare,Vila Ajambi
Paraná,PR,Almirante Tamandare,Vila Alto Pinheiros
Paraná,PR,Almirante Tamandare,Vila Bela Vista
Paraná,PR,Almirante Tamandare,Vila Cachoeira
Paraná,PR,Almirante Tamandare,Vila Columbia
Paraná,PR,Almirante Tamandare,Vila Dolores
Paraná,PR,Almirante Tamandare,Vila Emerentina
Paraná,PR,Almirante Tamandare,Vila Feliz
Paraná,PR,Almirante Tamandare,Vila Formosa
Paraná,PR,Almirante Tamandare,Vila Graziela
Paraná,PR,Almirante Tamandare,Vila Grecia
Paraná,PR,Almirante Tamandare,Vila Guilhermina
Paraná,PR,Almirante Tamandare,Vila Joly
Paraná,PR,Almirante Tamandare,Vila Marta
Paraná,PR,Almirante Tamandare,Vila Otilia
Paraná,PR,Almirante Tamandare,Vila Primor
Paraná,PR,Almirante Tamandare,Vila Prosdocimo
Paraná,PR,Almirante Tamandare,Vila Rachel
Paraná,PR,Almirante Tamandare,Vila Santa Edwiges
Paraná,PR,Almirante Tamandare,Vila Santa Terezinha
Paraná,PR,Almirante Tamandare,Vila Sao Bernardo
Paraná,PR,Almirante Tamandare,Vila Sao Pedro
Paraná,PR,Almirante Tamandare,Vila Tangua
Paraná,PR,Almirante Tamandare,Vila Tefe
Paraná,PR,Apucarana,Barra Funda
Paraná,PR,Apucarana,Centro
Paraná,PR,Apucarana,Jardim Aclimacao
Paraná,PR,Apucarana,Jardim Adriane
Paraná,PR,Apucarana,Jardim Aeroporto
Paraná,PR,Apucarana,Jardim Albino Biacchi
Paraná,PR,Apucarana,Jardim Alvorada
Paraná,PR,Apucarana,Jardim America
Paraná,PR,Apucarana,Jardim Ana Maria
Paraná,PR,Apucarana,Jardim Apucarana
Paraná,PR,Apucarana,Jardim Bela Vista
Paraná,PR,Apucarana,Jardim Bom Jesus da Lapa
Paraná,PR,Apucarana,Jardim Celmira
Paraná,PR,Apucarana,Jardim Cidade Alta
Paraná,PR,Apucarana,Jardim da Amizade
Paraná,PR,Apucarana,Jardim das Flores 1
Paraná,PR,Apucarana,Jardim das Flores 3
Paraná,PR,Apucarana,Jardim Diamantina
Paraná,PR,Apucarana,Jardim Eldorado
Paraná,PR,Apucarana,Jardim Eliane
Paraná,PR,Apucarana,Jardim Esperanca
Paraná,PR,Apucarana,Jardim Europa
Paraná,PR,Apucarana,Jardim Figueira
Paraná,PR,Apucarana,Jardim Flamingos
Paraná,PR,Apucarana,Jardim Governador Lupion
Paraná,PR,Apucarana,Jardim Guanabara
Paraná,PR,Apucarana,Jardim Guaruja
Paraná,PR,Apucarana,Jardim Higienopolis
Paraná,PR,Apucarana,Jardim Iguatemi
Paraná,PR,Apucarana,Jardim Independencia
Paraná,PR,Apucarana,Jardim Kiri
Paraná,PR,Apucarana,Jardim Laranjeiras
Paraná,PR,Apucarana,Jardim Maraba
Paraná,PR,Apucarana,Jardim Menegazzo
Paraná,PR,Apucarana,Jardim Moncoes
Paraná,PR,Apucarana,Jardim Morada do Sol
Paraná,PR,Apucarana,Jardim Morumbi
Paraná,PR,Apucarana,Jardim Nossa Senhora de Lourdes
Paraná,PR,Apucarana,Jardim Nova America
Paraná,PR,Apucarana,Jardim Ouro Verde
Paraná,PR,Apucarana,Jardim Paraiso
Paraná,PR,Apucarana,Jardim Paulista
Paraná,PR,Apucarana,Jardim Ponta Grossa
Paraná,PR,Apucarana,Jardim Presidente Kennedy
Paraná,PR,Apucarana,Jardim Recanto dos Palmares
Paraná,PR,Apucarana,Jardim Sao Jose
Paraná,PR,Apucarana,Jardim Sao Pedro
Paraná,PR,Apucarana,Jardim Taroba
Paraná,PR,Apucarana,Jardim Tibagi
Paraná,PR,Apucarana,Jardim Trabalhista
Paraná,PR,Apucarana,Jardim Vale do Sol
Paraná,PR,Apucarana,Jardim Yamato
Paraná,PR,Apucarana,Loteamento Belvedere
Paraná,PR,Apucarana,Loteamento Biguacu
Paraná,PR,Apucarana,Loteamento Central
Paraná,PR,Apucarana,Loteamento Domicio Scaramello
Paraná,PR,Apucarana,Loteamento Fortaleza
Paraná,PR,Apucarana,Loteamento Santa Candida
Paraná,PR,Apucarana,Loteamento Santa Maria
Paraná,PR,Apucarana,Loteamento Santo Antonio
Paraná,PR,Apucarana,Loteamento Sao Geraldo
Paraná,PR,Apucarana,Loteamento Sao Joao
Paraná,PR,Apucarana,Loteamento Sao Sebastiao
Paraná,PR,Apucarana,Mutirao Projeto Boia Fria
Paraná,PR,Apucarana,Nucleo Bandeirantes
Paraná,PR,Apucarana,Nucleo Habitacional Adriano Correia
Paraná,PR,Apucarana,Nucleo Habitacional Afonso Alves de Camargo
Paraná,PR,Apucarana,Nucleo Habitacional Castelo Branco
Paraná,PR,Apucarana,Nucleo Habitacional da Fraternidade
Paraná,PR,Apucarana,Nucleo Habitacional Dom Romeu Alberti
Paraná,PR,Apucarana,Nucleo Habitacional Heitor S Pinheiro
Paraná,PR,Apucarana,Nucleo Habitacional Joao Goulart
Paraná,PR,Apucarana,Nucleo Habitacional Jose Mercadante
Paraná,PR,Apucarana,Nucleo Habitacional Marcos Freire
Paraná,PR,Apucarana,Nucleo Habitacional Michel Soni
Paraná,PR,Apucarana,Nucleo Habitacional Papa Joao Paulo I
Paraná,PR,Apucarana,Nucleo Habitacional Parigot de Souza
Paraná,PR,Apucarana,Nucleo Habitacional Tancredo Neves
Paraná,PR,Apucarana,Nucleo Habitacional Vale Verde
Paraná,PR,Apucarana,Nucleo Popular
Paraná,PR,Apucarana,Parque Bela Vista
Paraná,PR,Apucarana,Parque da Raposa
Paraná,PR,Apucarana,Parque de Exposicoes
Paraná,PR,Apucarana,Parque Industrial Zona Norte
Paraná,PR,Apucarana,Parque Residencial Milani
Paraná,PR,Apucarana,Parque Sao Jorge
Paraná,PR,Apucarana,Recanto das Araras
Paraná,PR,Apucarana,Recanto Estoril
Paraná,PR,Apucarana,Recanto Mundo Novo
Paraná,PR,Apucarana,Residencial Jaboti
Paraná,PR,Apucarana,Vila Agari
Paraná,PR,Apucarana,Vila Amin Maia
Paraná,PR,Apucarana,Vila Apucaraninha
Paraná,PR,Apucarana,Vila Boa Vista
Paraná,PR,Apucarana,Vila Brasil
Paraná,PR,Apucarana,Vila Bruna
Paraná,PR,Apucarana,Vila Cassala
Paraná,PR,Apucarana,Vila Cinco Irmaos
Paraná,PR,Apucarana,Vila Clementina
Paraná,PR,Apucarana,Vila Country Club
Paraná,PR,Apucarana,Vila das Lebres
Paraná,PR,Apucarana,Vila do Colegio
Paraná,PR,Apucarana,Vila Eulalia
Paraná,PR,Apucarana,Vila Feliz
Paraná,PR,Apucarana,Vila Flamboyant
Paraná,PR,Apucarana,Vila Formosa
Paraná,PR,Apucarana,Vila Franko
Paraná,PR,Apucarana,Vila Isabel
Paraná,PR,Apucarana,Vila Ivone
Paraná,PR,Apucarana,Vila Maria Eliza
Paraná,PR,Apucarana,Vila Marigilda
Paraná,PR,Apucarana,Vila Martins
Paraná,PR,Apucarana,Vila Monte Castelo
Paraná,PR,Apucarana,Vila Narciso
Paraná,PR,Apucarana,Vila Nossa Senhora da Aparecida
Paraná,PR,Apucarana,Vila Nossa Senhora da Conceicao
Paraná,PR,Apucarana,Vila Nova
Paraná,PR,Apucarana,Vila Nova Cidade
Paraná,PR,Apucarana,Vila Operaria 1
Paraná,PR,Apucarana,Vila Operaria 2
Paraná,PR,Apucarana,Vila Operaria Stabile
Paraná,PR,Apucarana,Vila Orizze
Paraná,PR,Apucarana,Vila Pirilli
Paraná,PR,Apucarana,Vila Regina
Paraná,PR,Apucarana,Vila Residencial Malibu
Paraná,PR,Apucarana,Vila Salete
Paraná,PR,Apucarana,Vila Santa Adelia
Paraná,PR,Apucarana,Vila Santa Catarina
Paraná,PR,Apucarana,Vila Santa Helena
Paraná,PR,Apucarana,Vila Santa Luzia
Paraná,PR,Apucarana,Vila Santa Rosa
Paraná,PR,Apucarana,Vila Santa Terezinha
Paraná,PR,Apucarana,Vila Santo Antonio
Paraná,PR,Apucarana,Vila Sao Carlos
Paraná,PR,Apucarana,Vila Sao Francisco
Paraná,PR,Apucarana,Vila Sao Jeronimo
Paraná,PR,Apucarana,Vila Sao Jorge
Paraná,PR,Apucarana,Vila Sao Jose
Paraná,PR,Apucarana,Vila Sao Jose Bassa
Paraná,PR,Apucarana,Vila Sao Luiz
Paraná,PR,Apucarana,Vila Sao Paulo
Paraná,PR,Apucarana,Vila Shangri-la
Paraná,PR,Apucarana,Vila Social
Paraná,PR,Apucarana,Vila Suzana
Paraná,PR,Apucarana,Vila Swain
Paraná,PR,Apucarana,Vila Urizzi
Paraná,PR,Apucarana,Vila Vera Cruz
Paraná,PR,Apucarana,Vila Vitoria
Paraná,PR,Apucarana,Vila Vitoria Regia
Paraná,PR,Arapongas,Aricanduva
Paraná,PR,Arapongas,Casa da Familia (baron)
Paraná,PR,Arapongas,Casa Familia Arapongas I
Paraná,PR,Arapongas,Casa Familia Arapongas II
Paraná,PR,Arapongas,Centro
Paraná,PR,Arapongas,Conjunto Aguias
Paraná,PR,Arapongas,Conjunto Centauro
Paraná,PR,Arapongas,Conjunto Del Condor
Paraná,PR,Arapongas,Conjunto Flamingos
Paraná,PR,Arapongas,Conjunto Flamingos III
Paraná,PR,Arapongas,Conjunto Jose Bretas Cupertino
Paraná,PR,Arapongas,Conjunto Novo Centauro
Paraná,PR,Arapongas,Conjunto Padre Bernardo Merckel
Paraná,PR,Arapongas,Conjunto Padre Chico
Paraná,PR,Arapongas,Conjunto Palmares
Paraná,PR,Arapongas,Conjunto Tropical
Paraná,PR,Arapongas,Conjunto Ulisses Guimaraes
Paraná,PR,Arapongas,Gleba Arapongas
Paraná,PR,Arapongas,Jardim Aeroporto
Paraná,PR,Arapongas,Jardim Asturias
Paraná,PR,Arapongas,Jardim Bandeirantes
Paraná,PR,Arapongas,Jardim Baroneza
Paraná,PR,Arapongas,Jardim Boa Vista
Paraná,PR,Arapongas,Jardim Bononi
Paraná,PR,Arapongas,Jardim Caravelle
Paraná,PR,Arapongas,Jardim Columbia I
Paraná,PR,Arapongas,Jardim Columbia III
Paraná,PR,Arapongas,Jardim Columbia IV
Paraná,PR,Arapongas,Jardim Coroados
Paraná,PR,Arapongas,Jardim Cultura
Paraná,PR,Arapongas,Jardim do Cafe
Paraná,PR,Arapongas,Jardim do Carmo
Paraná,PR,Arapongas,Jardim do Sol
Paraná,PR,Arapongas,Jardim dos Passaros
Paraná,PR,Arapongas,Jardim Eldorado
Paraná,PR,Arapongas,Jardim Europa
Paraná,PR,Arapongas,Jardim Imperial
Paraná,PR,Arapongas,Jardim Imperio
Paraná,PR,Arapongas,Jardim Liberdade
Paraná,PR,Arapongas,Jardim Lorena
Paraná,PR,Arapongas,Jardim Monte Carlo
Paraná,PR,Arapongas,Jardim Morumbi
Paraná,PR,Arapongas,Jardim Nova Baroneza
Paraná,PR,Arapongas,Jardim Panorama
Paraná,PR,Arapongas,Jardim Paulista
Paraná,PR,Arapongas,Jardim Petropolis
Paraná,PR,Arapongas,Jardim Portal das Flores
Paraná,PR,Arapongas,Jardim Primavera
Paraná,PR,Arapongas,Jardim Santo Antonio
Paraná,PR,Arapongas,Jardim Sao Cristovao
Paraná,PR,Arapongas,Jardim Sao Rafael
Paraná,PR,Arapongas,Jardim Universitario
Paraná,PR,Arapongas,Parque Industrial
Paraná,PR,Arapongas,Parque Industrial I
Paraná,PR,Arapongas,Parque Industrial II
Paraná,PR,Arapongas,Parque Industrial III
Paraná,PR,Arapongas,Parque Industrial IV
Paraná,PR,Arapongas,Parque Industrial V
Paraná,PR,Arapongas,Parque Siomara
Paraná,PR,Arapongas,Parque Veneza
Paraná,PR,Arapongas,Vila Alvorada
Paraná,PR,Arapongas,Vila Aparecida
Paraná,PR,Arapongas,Vila Araponguinha
Paraná,PR,Arapongas,Vila Aymore
Paraná,PR,Arapongas,Vila Bernardes
Paraná,PR,Arapongas,Vila Brasil
Paraná,PR,Arapongas,Vila Cascata
Paraná,PR,Arapongas,Vila Castelo
Paraná,PR,Arapongas,Vila Conceicao
Paraná,PR,Arapongas,Vila Dalva
Paraná,PR,Arapongas,Vila Edio
Paraná,PR,Arapongas,Vila Estrela
Paraná,PR,Arapongas,Vila Evereste
Paraná,PR,Arapongas,Vila Fortunato
Paraná,PR,Arapongas,Vila Gaucha
Paraná,PR,Arapongas,Vila Iguacu
Paraná,PR,Arapongas,Vila Industrial
Paraná,PR,Arapongas,Vila Lugrandi
Paraná,PR,Arapongas,Vila Natal
Paraná,PR,Arapongas,Vila Nova
Paraná,PR,Arapongas,Vila Passos
Paraná,PR,Arapongas,Vila Paulo
Paraná,PR,Arapongas,Vila Rugna
Paraná,PR,Arapongas,Vila Sampaio
Paraná,PR,Arapongas,Vila Sao Joao
Paraná,PR,Arapongas,Vila Sao Jose
Paraná,PR,Arapongas,Vila Sao Lazaro
Paraná,PR,Arapongas,Vila Sao Vicente
Paraná,PR,Arapongas,Vila Triangulo
Paraná,PR,Arapongas,Vila Trinta e Tres
Paraná,PR,Arapongas,Vila Vicentini
Paraná,PR,Arapongas,Vila Zanin
Paraná,PR,Araucaria,Barigui
Paraná,PR,Araucaria,Boqueirao
Paraná,PR,Araucaria,Cachoeira
Paraná,PR,Araucaria,Campina da Barra
Paraná,PR,Araucaria,Capela Velha
Paraná,PR,Araucaria,Centro
Paraná,PR,Araucaria,Chapada
Paraná,PR,Araucaria,Costeira
Paraná,PR,Araucaria,Estacao
Paraná,PR,Araucaria,Fazenda Velha
Paraná,PR,Araucaria,Iguacu
Paraná,PR,Araucaria,Porto das Laranjeiras
Paraná,PR,Araucaria,Sabia
Paraná,PR,Araucaria,Sao Miguel
Paraná,PR,Araucaria,Thomaz Coelho
Paraná,PR,Araucaria,Tindiquera
Paraná,PR,Araucaria,Vila Nova
Paraná,PR,Cambe,Centro
Paraná,PR,Cambe,Chacara Cambe Londrina
Paraná,PR,Cambe,Chacara Manela
Paraná,PR,Cambe,Conjunto Habitacional Collor de Melo
Paraná,PR,Cambe,Conjunto Habitacional Cristal
Paraná,PR,Cambe,Conjunto Habitacional Waldomiro M Gomes
Paraná,PR,Cambe,Conjunto Residencial Roberto Conceicao
Paraná,PR,Cambe,Jardim Alvorada
Paraná,PR,Cambe,Jardim Ana Eliza
Paraná,PR,Cambe,Jardim Boa Vista
Paraná,PR,Cambe,Jardim Dona Catarina
Paraná,PR,Cambe,Jardim Florida
Paraná,PR,Cambe,Jardim Josiane
Paraná,PR,Cambe,Jardim Morada do Sol
Paraná,PR,Cambe,Jardim Planalto Verde
Paraná,PR,Cambe,Jardim Riviera
Paraná,PR,Cambe,Jardim Santa Adelaide
Paraná,PR,Cambe,Jardim Santa Izabel
Paraná,PR,Cambe,Jardim Santana
Paraná,PR,Cambe,Jardim Santo Amaro
Paraná,PR,Cambe,Jardim Santo Antonio
Paraná,PR,Cambe,Jardim Sao Jose
Paraná,PR,Cambe,Jardim Sao Paulo
Paraná,PR,Cambe,Jardim Silvino
Paraná,PR,Cambe,Jardim Taroba
Paraná,PR,Cambe,Jardim Tupi
Paraná,PR,Cambe,Jardim Uniao
Paraná,PR,Cambe,Jardim Vila Rica
Paraná,PR,Cambe,Novo Bandeirantes
Paraná,PR,Cambe,Parque Maracana
Paraná,PR,Cambe,Parque Residencial Ana Rosa
Paraná,PR,Cambe,Parque Residencial Cambe
Paraná,PR,Cambe,Parque Residencial Manela
Paraná,PR,Cambe,Planta Sao Francisco
Paraná,PR,Cambe,Vila Atalaia
Paraná,PR,Cambe,Vila Guarani
Paraná,PR,Cambe,Vila Mesquita
Paraná,PR,Cambe,Vila Prata
Paraná,PR,Cambe,Vila Salome
Paraná,PR,Campo Largo,Bom Jesus
Paraná,PR,Campo Largo,Botiatuva
Paraná,PR,Campo Largo,Centro
Paraná,PR,Campo Largo,Conjunto Aguas Claras
Paraná,PR,Campo Largo,Conjunto Doutor Abranches Guimaraes
Paraná,PR,Campo Largo,Conjunto Joaquim Celestino Ferreira
Paraná,PR,Campo Largo,Ferraria
Paraná,PR,Campo Largo,Itaqui
Paraná,PR,Campo Largo,Jardim Bela Vista
Paraná,PR,Campo Largo,Jardim Boa Vista
Paraná,PR,Campo Largo,Jardim Busmayer
Paraná,PR,Campo Largo,Jardim Carmela
Paraná,PR,Campo Largo,Jardim Climax
Paraná,PR,Campo Largo,Jardim das Acacias
Paraná,PR,Campo Largo,Jardim das Americas
Paraná,PR,Campo Largo,Jardim Emilia
Paraná,PR,Campo Largo,Jardim Esmeralda
Paraná,PR,Campo Largo,Jardim Florestal
Paraná,PR,Campo Largo,Jardim Guairaca
Paraná,PR,Campo Largo,Jardim Itaqui
Paraná,PR,Campo Largo,Jardim Keli Cristina
Paraná,PR,Campo Largo,Jardim Lise
Paraná,PR,Campo Largo,Jardim Lorenzetti
Paraná,PR,Campo Largo,Jardim Nossa Senhora do Perpetuo Socorro
Paraná,PR,Campo Largo,Jardim Padre Jose de Anchieta
Paraná,PR,Campo Largo,Jardim Paraiso Mineral
Paraná,PR,Campo Largo,Jardim Rivabem
Paraná,PR,Campo Largo,Jardim Rondinha
Paraná,PR,Campo Largo,Jardim Santa Luzia
Paraná,PR,Campo Largo,Jardim Santa Nely
Paraná,PR,Campo Largo,Jardim Sao Vicente
Paraná,PR,Campo Largo,Jardim Social
Paraná,PR,Campo Largo,Jardim Tres Rios
Paraná,PR,Campo Largo,Loteamento Chulik
Paraná,PR,Campo Largo,Loteamento Divaldo Vaz da Silva
Paraná,PR,Campo Largo,Loteamento Itaboa
Paraná,PR,Campo Largo,Loteamento Jose Luiz Rivabem
Paraná,PR,Campo Largo,Loteamento Mina Clara Huber
Paraná,PR,Campo Largo,Loteamento Nelson Lopes
Paraná,PR,Campo Largo,Loteamento Ouro Verde I
Paraná,PR,Campo Largo,Loteamento Ouro Verde II
Paraná,PR,Campo Largo,Loteamento Santa Rita
Paraná,PR,Campo Largo,Loteamento Sao Geronimo
Paraná,PR,Campo Largo,Loteamento Sao Jose
Paraná,PR,Campo Largo,Loteamento Yara
Paraná,PR,Campo Largo,Loteameto Cavalin
Paraná,PR,Campo Largo,Loteameto Miranda
Paraná,PR,Campo Largo,Moradias Bom Jesus
Paraná,PR,Campo Largo,Parque Bom Jesus
Paraná,PR,Campo Largo,Planta Cyro Marques
Paraná,PR,Campo Largo,Planta Vila Gloria
Paraná,PR,Campo Largo,Rondinha
Paraná,PR,Campo Largo,Vila Bancaria
Paraná,PR,Campo Largo,Vila Campesi
Paraná,PR,Campo Largo,Vila Cilka
Paraná,PR,Campo Largo,Vila David Antonio
Paraná,PR,Campo Largo,Vila de Lurdes
Paraná,PR,Campo Largo,Vila Dea
Paraná,PR,Campo Largo,Vila Dom Pedro
Paraná,PR,Campo Largo,Vila Dom Pedro II
Paraná,PR,Campo Largo,Vila Dona Fina
Paraná,PR,Campo Largo,Vila Elizabeth
Paraná,PR,Campo Largo,Vila Ferrari
Paraná,PR,Campo Largo,Vila Ferrari II
Paraná,PR,Campo Largo,Vila Gilcy
Paraná,PR,Campo Largo,Vila Guarany I
Paraná,PR,Campo Largo,Vila Itaqui
Paraná,PR,Campo Largo,Vila Kuster
Paraná,PR,Campo Largo,Vila Mariano Torres
Paraná,PR,Campo Largo,Vila Nossa Senhora do Carmo
Paraná,PR,Campo Largo,Vila Nova
Paraná,PR,Campo Largo,Vila Operaria
Paraná,PR,Campo Largo,Vila Otto
Paraná,PR,Campo Largo,Vila Pompeia
Paraná,PR,Campo Largo,Vila Rivabem
Paraná,PR,Campo Largo,Vila Rondinha
Paraná,PR,Campo Largo,Vila Santa Terezinha
Paraná,PR,Campo Largo,Vila Santo Antonio
Paraná,PR,Campo Largo,Vila Solene
Paraná,PR,Campo Largo,Vila Torres I
Paraná,PR,Campo Largo,Vila Torres II
Paraná,PR,Campo Largo,Vila Vista Alegre
Paraná,PR,Campo Mourao,Centro
Paraná,PR,Campo Mourao,Conjunto Habitacional Mendes
Paraná,PR,Campo Mourao,Conjunto Habitacional Milton Luiz Pereira
Paraná,PR,Campo Mourao,Conjunto Habitacional Parigot de Souza
Paraná,PR,Campo Mourao,Conjunto Residencial Athilhas
Paraná,PR,Campo Mourao,Conjunto Residencial Ilha Bela
Paraná,PR,Campo Mourao,Conjunto Residencial Novo Mundo
Paraná,PR,Campo Mourao,Distrito Industrial I
Paraná,PR,Campo Mourao,Jardim Aeroporto
Paraná,PR,Campo Mourao,Jardim Alvorada
Paraná,PR,Campo Mourao,Jardim Ana Eliza
Paraná,PR,Campo Mourao,Jardim Araucaria
Paraná,PR,Campo Mourao,Jardim Bandeirantes
Paraná,PR,Campo Mourao,Jardim Capricornio
Paraná,PR,Campo Mourao,Jardim Cidade Nova
Paraná,PR,Campo Mourao,Jardim Conrado
Paraná,PR,Campo Mourao,Jardim Constantino
Paraná,PR,Campo Mourao,Jardim Copacabana
Paraná,PR,Campo Mourao,Jardim Corinthias
Paraná,PR,Campo Mourao,Jardim Country Club
Paraná,PR,Campo Mourao,Jardim Esperanca
Paraná,PR,Campo Mourao,Jardim Fernando
Paraná,PR,Campo Mourao,Jardim Florida
Paraná,PR,Campo Mourao,Jardim Francisco Ferreira Albuquerque
Paraná,PR,Campo Mourao,Jardim Gutierres
Paraná,PR,Campo Mourao,Jardim Ione
Paraná,PR,Campo Mourao,Jardim Izabel
Paraná,PR,Campo Mourao,Jardim Joana D'arc
Paraná,PR,Campo Mourao,Jardim Lar Parana
Paraná,PR,Campo Mourao,Jardim Laura
Paraná,PR,Campo Mourao,Jardim Lopes
Paraná,PR,Campo Mourao,Jardim Maia
Paraná,PR,Campo Mourao,Jardim Modelo
Paraná,PR,Campo Mourao,Jardim Nossa Senhora Aparecida
Paraná,PR,Campo Mourao,Jardim P Campo
Paraná,PR,Campo Mourao,Jardim Paulino
Paraná,PR,Campo Mourao,Jardim Paulista
Paraná,PR,Campo Mourao,Jardim Pio XII
Paraná,PR,Campo Mourao,Jardim Santa Cruz
Paraná,PR,Campo Mourao,Jardim Santa Nilce I
Paraná,PR,Campo Mourao,Jardim Santa Nilce II
Paraná,PR,Campo Mourao,Jardim Sao Sebastiao
Paraná,PR,Campo Mourao,Jardim Silvana
Paraná,PR,Campo Mourao,Jardim Tres Marias
Paraná,PR,Campo Mourao,Jardim Tropical I
Paraná,PR,Campo Mourao,Jardim Tropical II
Paraná,PR,Campo Mourao,Jardim Urupes
Paraná,PR,Campo Mourao,Jardim Vitoria
Paraná,PR,Campo Mourao,Parque Industrial II
Paraná,PR,Campo Mourao,Vila Candida
Paraná,PR,Campo Mourao,Vila Rio Grande
Paraná,PR,Campo Mourao,Vila Teixeira
Paraná,PR,Cascavel,14 de Novembro
Paraná,PR,Cascavel,Alto Alegre
Paraná,PR,Cascavel,Brasilia
Paraná,PR,Cascavel,Brasmadeira
Paraná,PR,Cascavel,Canada
Paraná,PR,Cascavel,Cancelli
Paraná,PR,Cascavel,Cascavel Velho
Paraná,PR,Cascavel,Cataratas
Paraná,PR,Cascavel,Centro
Paraná,PR,Cascavel,Ciro Nardi
Paraná,PR,Cascavel,Claudete
Paraná,PR,Cascavel,Coqueiral
Paraná,PR,Cascavel,Country
Paraná,PR,Cascavel,Esmeralda
Paraná,PR,Cascavel,Floresta
Paraná,PR,Cascavel,Gramado
Paraná,PR,Cascavel,Guaruja
Paraná,PR,Cascavel,Independencia
Paraná,PR,Cascavel,Interlagos
Paraná,PR,Cascavel,Maria Luiza
Paraná,PR,Cascavel,Morumbi
Paraná,PR,Cascavel,Nova Cidade
Paraná,PR,Cascavel,Pacaembu
Paraná,PR,Cascavel,Parque Sao Paulo
Paraná,PR,Cascavel,Parque Verde
Paraná,PR,Cascavel,Periolo
Paraná,PR,Cascavel,Pioneiros Catarinenses
Paraná,PR,Cascavel,Presidente
Paraná,PR,Cascavel,Recanto Tropical
Paraná,PR,Cascavel,Regiao do Lago
Paraná,PR,Cascavel,Regiao do Lago 1
Paraná,PR,Cascavel,Regiao do Lago 2
Paraná,PR,Cascavel,Regiao do Lago 3
Paraná,PR,Cascavel,Santa Cruz
Paraná,PR,Cascavel,Santa Felicidade
Paraná,PR,Cascavel,Santo Onofre
Paraná,PR,Cascavel,Santos Dumont
Paraná,PR,Cascavel,Sao Cristovao
Paraná,PR,Cascavel,Universitario
Paraná,PR,Cascavel,Vila Tolentino
Paraná,PR,Castro,Agua Suja
Paraná,PR,Castro,Bom Sucesso
Paraná,PR,Castro,Cantagalo
Paraná,PR,Castro,Castroville
Paraná,PR,Castro,Centro
Paraná,PR,Castro,Invernada do Matadouro
Paraná,PR,Castro,Jardim Bela Vista
Paraná,PR,Castro,Jardim Colonial
Paraná,PR,Castro,Jardim das Araucarias
Paraná,PR,Castro,Jardim das Araucarias II
Paraná,PR,Castro,Jardim das Nacoes
Paraná,PR,Castro,Jardim Dona Helena
Paraná,PR,Castro,Jardim dos Bancarios
Paraná,PR,Castro,Jardim Samambaia
Paraná,PR,Castro,Jardim Sao Francisco
Paraná,PR,Castro,Jardim Social Arapongas
Paraná,PR,Castro,Jardim Social Primavera
Paraná,PR,Castro,Jardim Termas Riviera
Paraná,PR,Castro,Morada do Sol
Paraná,PR,Castro,Nucleo Habitacional Padre Piva
Paraná,PR,Castro,Vila do Rosario
Paraná,PR,Castro,Vila Farias
Paraná,PR,Castro,Vila Frei Mathias
Paraná,PR,Castro,Vila Rio Branco
Paraná,PR,Castro,Vila Santa Cruz
Paraná,PR,Colombo,Centro
Paraná,PR,Colombo,Jardim Abigail
Paraná,PR,Colombo,Jardim Adriana
Paraná,PR,Colombo,Jardim Alvorada
Paraná,PR,Colombo,Jardim Amazonas
Paraná,PR,Colombo,Jardim Ana Rosa
Paraná,PR,Colombo,Jardim Ana Rosa II
Paraná,PR,Colombo,Jardim Anai
Paraná,PR,Colombo,Jardim Araguaia
Paraná,PR,Colombo,Jardim Arapongas
Paraná,PR,Colombo,Jardim Aurora
Paraná,PR,Colombo,Jardim Bandeirantes
Paraná,PR,Colombo,Jardim Baviera
Paraná,PR,Colombo,Jardim Bela Vista
Paraná,PR,Colombo,Jardim Brasilia
Paraná,PR,Colombo,Jardim California
Paraná,PR,Colombo,Jardim Campo Alto
Paraná,PR,Colombo,Jardim Central
Paraná,PR,Colombo,Jardim Cesar Augusto
Paraná,PR,Colombo,Jardim Columbia
Paraná,PR,Colombo,Jardim Cristina
Paraná,PR,Colombo,Jardim Cristina II
Paraná,PR,Colombo,Jardim Cristina III
Paraná,PR,Colombo,Jardim Cruzeiro
Paraná,PR,Colombo,Jardim Curitiba
Paraná,PR,Colombo,Jardim das Flores
Paraná,PR,Colombo,Jardim das Gracas
Paraná,PR,Colombo,Jardim das Oliveiras
Paraná,PR,Colombo,Jardim das Perdizes
Paraná,PR,Colombo,Jardim das Violetas
Paraná,PR,Colombo,Jardim Esmeralda
Paraná,PR,Colombo,Jardim Esperanca
Paraná,PR,Colombo,Jardim Esplanada
Paraná,PR,Colombo,Jardim Georgina
Paraná,PR,Colombo,Jardim Guadalajara
Paraná,PR,Colombo,Jardim Guaira
Paraná,PR,Colombo,Jardim Guanabara
Paraná,PR,Colombo,Jardim Guaraituba
Paraná,PR,Colombo,Jardim Guaruja
Paraná,PR,Colombo,Jardim Guilhermina
Paraná,PR,Colombo,Jardim Iracema
Paraná,PR,Colombo,Jardim Italia
Paraná,PR,Colombo,Jardim Itambe
Paraná,PR,Colombo,Jardim Ivair
Paraná,PR,Colombo,Jardim Jalisco
Paraná,PR,Colombo,Jardim Joao Paulo II
Paraná,PR,Colombo,Jardim Loanda
Paraná,PR,Colombo,Jardim Magnopolis
Paraná,PR,Colombo,Jardim Marambaia
Paraná,PR,Colombo,Jardim Maria Jose
Paraná,PR,Colombo,Jardim Maria Matutina
Paraná,PR,Colombo,Jardim Mediterraneo
Paraná,PR,Colombo,Jardim Milena
Paraná,PR,Colombo,Jardim Moinho Velho
Paraná,PR,Colombo,Jardim Monte Libano
Paraná,PR,Colombo,Jardim Monte Tabor
Paraná,PR,Colombo,Jardim Monza
Paraná,PR,Colombo,Jardim Nossa Senhora da Penha
Paraná,PR,Colombo,Jardim Nossa Senhora de Fatima
Paraná,PR,Colombo,Jardim Osasco
Paraná,PR,Colombo,Jardim Ouro Verde
Paraná,PR,Colombo,Jardim Palmares
Paraná,PR,Colombo,Jardim Palmital
Paraná,PR,Colombo,Jardim Quitandinha
Paraná,PR,Colombo,Jardim Rio Verde
Paraná,PR,Colombo,Jardim Samambaia
Paraná,PR,Colombo,Jardim Santa Angelina
Paraná,PR,Colombo,Jardim Santa Candida
Paraná,PR,Colombo,Jardim Santa Cruz
Paraná,PR,Colombo,Jardim Santa Fe
Paraná,PR,Colombo,Jardim Santa Helena
Paraná,PR,Colombo,Jardim Sao Gabriel
Paraná,PR,Colombo,Jardim Sao Jose
Paraná,PR,Colombo,Jardim Sao Marcos
Paraná,PR,Colombo,Jardim Sao Sebastiao
Paraná,PR,Colombo,Jardim Solimoes
Paraná,PR,Colombo,Jardim Uirapuru
Paraná,PR,Colombo,Jardim Videira
Paraná,PR,Colombo,Jardim Viviane
Paraná,PR,Colombo,Parque do Embu
Paraná,PR,Colombo,Parque Monte Castelo
Paraná,PR,Colombo,Parque Residencial Santa Terezinha
Paraná,PR,Colombo,Parque Sao Domingos
Paraná,PR,Colombo,Planta Bom Jesus
Paraná,PR,Colombo,Planta Boros
Paraná,PR,Colombo,Planta Cristovao Colombo
Paraná,PR,Colombo,Planta Gregorio Nadolni
Paraná,PR,Colombo,Planta Maracana
Paraná,PR,Colombo,Planta Santa Tereza
Paraná,PR,Colombo,Planta Santa Ursula
Paraná,PR,Colombo,Planta Santo Agostinho
Paraná,PR,Colombo,Planta Teixeira de Lara
Paraná,PR,Colombo,Planta Vila Nova
Paraná,PR,Colombo,Roca Grande
Paraná,PR,Colombo,Vila Alto da Cruz
Paraná,PR,Colombo,Vila Alto da Cruz II
Paraná,PR,Colombo,Vila Alto da Cruz III
Paraná,PR,Colombo,Vila Carrano Junior
Paraná,PR,Colombo,Vila Cordeiro
Paraná,PR,Colombo,Vila Esperanceta
Paraná,PR,Colombo,Vila Gorski
Paraná,PR,Colombo,Vila Guaraci
Paraná,PR,Colombo,Vila Guarani
Paraná,PR,Colombo,Vila Luiz Baron
Paraná,PR,Colombo,Vila Marcelina
Paraná,PR,Colombo,Vila Miracema
Paraná,PR,Colombo,Vila Petropolis
Paraná,PR,Colombo,Vila Rosemari Galvao
Paraná,PR,Colombo,Vila Santa Clara
Paraná,PR,Colombo,Vila Santa Helena
Paraná,PR,Colombo,Vila Santa Maria
Paraná,PR,Colombo,Vila Sao Gabriel
Paraná,PR,Colombo,Vila Sao Jose
Paraná,PR,Colombo,Vila Sao Lucas
Paraná,PR,Colombo,Vila Sao Paulo
Paraná,PR,Colombo,Vila Sao Pedro
Paraná,PR,Colombo,Vila Vale das Flores
Paraná,PR,Colombo,Vila Vale Verde
Paraná,PR,Colombo,Vila Yara
Paraná,PR,Colombo,Walfrido do Rosario
Paraná,PR,Curitiba,Abranches
Paraná,PR,Curitiba,Agua Verde
Paraná,PR,Curitiba,Ahu
Paraná,PR,Curitiba,Alto Boqueirao
Paraná,PR,Curitiba,Alto da Gloria
Paraná,PR,Curitiba,Alto da Rua XV
Paraná,PR,Curitiba,Atuba
Paraná,PR,Curitiba,Bacacheri
Paraná,PR,Curitiba,Bairro Alto
Paraná,PR,Curitiba,Barreirinha
Paraná,PR,Curitiba,Batel
Paraná,PR,Curitiba,Bigorrilho
Paraná,PR,Curitiba,Boa Vista
Paraná,PR,Curitiba,Bom Retiro
Paraná,PR,Curitiba,Boqueirao
Paraná,PR,Curitiba,Butiatuvinha
Paraná,PR,Curitiba,Cabral
Paraná,PR,Curitiba,Cachoeira
Paraná,PR,Curitiba,Cajuru
Paraná,PR,Curitiba,Campina do Siqueira
Paraná,PR,Curitiba,Campo Comprido
Paraná,PR,Curitiba,Campo de Santana
Paraná,PR,Curitiba,Capao da Imbuia
Paraná,PR,Curitiba,Capao Raso
Paraná,PR,Curitiba,Cascatinha
Paraná,PR,Curitiba,Centro
Paraná,PR,Curitiba,Centro Civico
Paraná,PR,Curitiba,Cidade Industrial
Paraná,PR,Curitiba,Cristo Rei
Paraná,PR,Curitiba,Fanny
Paraná,PR,Curitiba,Fazendinha
Paraná,PR,Curitiba,Guabirotuba
Paraná,PR,Curitiba,Guaira
Paraná,PR,Curitiba,Hauer
Paraná,PR,Curitiba,Hugo Lange
Paraná,PR,Curitiba,Jardim Botanico
Paraná,PR,Curitiba,Jardim das Americas
Paraná,PR,Curitiba,Jardim Social
Paraná,PR,Curitiba,Juveve
Paraná,PR,Curitiba,Lindoia
Paraná,PR,Curitiba,Merces
Paraná,PR,Curitiba,Mossungue
Paraná,PR,Curitiba,Novo Mundo
Paraná,PR,Curitiba,Orleans
Paraná,PR,Curitiba,Parolin
Paraná,PR,Curitiba,Pilarzinho
Paraná,PR,Curitiba,Pinheirinho
Paraná,PR,Curitiba,Portao
Paraná,PR,Curitiba,Prado Velho
Paraná,PR,Curitiba,Reboucas
Paraná,PR,Curitiba,Santa Candida
Paraná,PR,Curitiba,Santa Felicidade
Paraná,PR,Curitiba,Santa Quiteria
Paraná,PR,Curitiba,Santo Inacio
Paraná,PR,Curitiba,Sao Braz
Paraná,PR,Curitiba,Sao Francisco
Paraná,PR,Curitiba,Sao Joao
Paraná,PR,Curitiba,Sao Lourenco
Paraná,PR,Curitiba,Seminario
Paraná,PR,Curitiba,Sitio Cercado
Paraná,PR,Curitiba,Taboao
Paraná,PR,Curitiba,Taruma
Paraná,PR,Curitiba,Tatuquara
Paraná,PR,Curitiba,Tingui
Paraná,PR,Curitiba,Uberaba
Paraná,PR,Curitiba,Umbara
Paraná,PR,Curitiba,Vila Izabel
Paraná,PR,Curitiba,Vista Alegre
Paraná,PR,Curitiba,Xaxim
Paraná,PR,Foz do Iguacu,Alto Sao Francisco
Paraná,PR,Foz do Iguacu,Beverly Falls Park
Paraná,PR,Foz do Iguacu,Centro
Paraná,PR,Foz do Iguacu,Cohapar III
Paraná,PR,Foz do Iguacu,Conjunto A
Paraná,PR,Foz do Iguacu,Conjunto B
Paraná,PR,Foz do Iguacu,Conjunto C
Paraná,PR,Foz do Iguacu,Conjunto Libra
Paraná,PR,Foz do Iguacu,Conjunto Residencial Apora
Paraná,PR,Foz do Iguacu,Cr 1
Paraná,PR,Foz do Iguacu,Jardim Acaray
Paraná,PR,Foz do Iguacu,Jardim Alice II
Paraná,PR,Foz do Iguacu,Jardim Amazonas
Paraná,PR,Foz do Iguacu,Jardim America
Paraná,PR,Foz do Iguacu,Jardim Ana Cristina
Paraná,PR,Foz do Iguacu,Jardim Boa Vista
Paraná,PR,Foz do Iguacu,Jardim Central
Paraná,PR,Foz do Iguacu,Jardim Claudia
Paraná,PR,Foz do Iguacu,Jardim Comercial das Bandeiras
Paraná,PR,Foz do Iguacu,Jardim Copacabana
Paraná,PR,Foz do Iguacu,Jardim Copacabana II
Paraná,PR,Foz do Iguacu,Jardim Cristina
Paraná,PR,Foz do Iguacu,Jardim Curitibano
Paraná,PR,Foz do Iguacu,Jardim das Bandeiras
Paraná,PR,Foz do Iguacu,Jardim das Laranjeiras
Paraná,PR,Foz do Iguacu,Jardim das Nacoes
Paraná,PR,Foz do Iguacu,Jardim Duarte
Paraná,PR,Foz do Iguacu,Jardim Eldorado
Paraná,PR,Foz do Iguacu,Jardim Esmeralda
Paraná,PR,Foz do Iguacu,Jardim Festugato
Paraná,PR,Foz do Iguacu,Jardim Guarapuava
Paraná,PR,Foz do Iguacu,Jardim Guarapuava I
Paraná,PR,Foz do Iguacu,Jardim Guarapuava II
Paraná,PR,Foz do Iguacu,Jardim Iguacu
Paraná,PR,Foz do Iguacu,Jardim Itaipu
Paraná,PR,Foz do Iguacu,Jardim Jupira
Paraná,PR,Foz do Iguacu,Jardim Karla
Paraná,PR,Foz do Iguacu,Jardim Lancaster
Paraná,PR,Foz do Iguacu,Jardim Lancaster I
Paraná,PR,Foz do Iguacu,Jardim Lancaster II
Paraná,PR,Foz do Iguacu,Jardim Manaus
Paraná,PR,Foz do Iguacu,Jardim Naipi
Paraná,PR,Foz do Iguacu,Jardim Panorama
Paraná,PR,Foz do Iguacu,Jardim Panorama II
Paraná,PR,Foz do Iguacu,Jardim Parana
Paraná,PR,Foz do Iguacu,Jardim Petropolis
Paraná,PR,Foz do Iguacu,Jardim Polo Centro
Paraná,PR,Foz do Iguacu,Jardim Porto Belo
Paraná,PR,Foz do Iguacu,Jardim Santa Rosa
Paraná,PR,Foz do Iguacu,Jardim Sao Miguel
Paraná,PR,Foz do Iguacu,Jardim Sao Paulo I
Paraná,PR,Foz do Iguacu,Jardim Sao Paulo II
Paraná,PR,Foz do Iguacu,Jardim Social I
Paraná,PR,Foz do Iguacu,Jardim Taroba
Paraná,PR,Foz do Iguacu,Lago dos Cisnes
Paraná,PR,Foz do Iguacu,Loteamento Campos do Iguacu
Paraná,PR,Foz do Iguacu,Loteamento Joao Paulo II
Paraná,PR,Foz do Iguacu,Loteamento Paraguacu
Paraná,PR,Foz do Iguacu,Mutirao
Paraná,PR,Foz do Iguacu,Parque Morumbi
Paraná,PR,Foz do Iguacu,Parque Morumbi I
Paraná,PR,Foz do Iguacu,Parque Morumbi IV
Paraná,PR,Foz do Iguacu,Parque Residencial Santa Rita
Paraná,PR,Foz do Iguacu,Portal da Foz
Paraná,PR,Foz do Iguacu,Vila Bom Jesus
Paraná,PR,Foz do Iguacu,Vila Borges
Paraná,PR,Foz do Iguacu,Vila Brasilia
Paraná,PR,Foz do Iguacu,Vila Itajuba
Paraná,PR,Foz do Iguacu,Vila Maracana
Paraná,PR,Foz do Iguacu,Vila Matilde
Paraná,PR,Foz do Iguacu,Vila Militar
Paraná,PR,Foz do Iguacu,Vila Paraguaia
Paraná,PR,Foz do Iguacu,Vila Perola
Paraná,PR,Foz do Iguacu,Vila Portes
Paraná,PR,Foz do Iguacu,Vila Remigio
Paraná,PR,Foz do Iguacu,Vila Yolanda
Paraná,PR,Francisco Beltrao,Alvorada
Paraná,PR,Francisco Beltrao,Cango
Paraná,PR,Francisco Beltrao,Centro
Paraná,PR,Francisco Beltrao,Cristo Rei
Paraná,PR,Francisco Beltrao,Guanabara
Paraná,PR,Francisco Beltrao,Industrial
Paraná,PR,Francisco Beltrao,Jardim Antonio de Paiva Cantelmo
Paraná,PR,Francisco Beltrao,Jardim Floresta
Paraná,PR,Francisco Beltrao,Jardim Novo Mundo
Paraná,PR,Francisco Beltrao,Jardim Santa Fe
Paraná,PR,Francisco Beltrao,Loteamento Bordignon
Paraná,PR,Francisco Beltrao,Luther King
Paraná,PR,Francisco Beltrao,Maniguacu
Paraná,PR,Francisco Beltrao,Marrecas
Paraná,PR,Francisco Beltrao,Nossa Senhora Aparecida
Paraná,PR,Francisco Beltrao,Padre Eurico
Paraná,PR,Francisco Beltrao,Pinheirinho
Paraná,PR,Francisco Beltrao,Presidente Kennedy
Paraná,PR,Francisco Beltrao,Sadia
Paraná,PR,Francisco Beltrao,Sao Cristovao
Paraná,PR,Francisco Beltrao,Sao Miguel
Paraná,PR,Francisco Beltrao,Seminario
Paraná,PR,Francisco Beltrao,Vila Maria Delani
Paraná,PR,Francisco Beltrao,Vila Nova
Paraná,PR,Guarapuava,Alto Cascavel
Paraná,PR,Guarapuava,Alto da XV
Paraná,PR,Guarapuava,Batel
Paraná,PR,Guarapuava,Bonsucesso
Paraná,PR,Guarapuava,Boqueirao
Paraná,PR,Guarapuava,Cascavel
Paraná,PR,Guarapuava,Centro
Paraná,PR,Guarapuava,Conradinho
Paraná,PR,Guarapuava,Estados
Paraná,PR,Guarapuava,Industrial
Paraná,PR,Guarapuava,Jardim das Americas
Paraná,PR,Guarapuava,Morro Alto
Paraná,PR,Guarapuava,Primavera
Paraná,PR,Guarapuava,Santa Cruz
Paraná,PR,Guarapuava,Santana
Paraná,PR,Guarapuava,Sao Cristovao
Paraná,PR,Guarapuava,Trianon
Paraná,PR,Guarapuava,Vila Bela
Paraná,PR,Guarapuava,Vila Carli
Paraná,PR,Laranjeiras do Sul,Agua Verde
Paraná,PR,Laranjeiras do Sul,Centro
Paraná,PR,Laranjeiras do Sul,Cristo Rei
Paraná,PR,Laranjeiras do Sul,Getulio Vargas
Paraná,PR,Laranjeiras do Sul,Sao Francisco
Paraná,PR,Laranjeiras do Sul,Vila Industrial
Paraná,PR,Londrina,Adriana 1
Paraná,PR,Londrina,Adriana 2
Paraná,PR,Londrina,Aeroporto
Paraná,PR,Londrina,Agari
Paraná,PR,Londrina,Alah
Paraná,PR,Londrina,Albatroz
Paraná,PR,Londrina,Alberto J Zortea
Paraná,PR,Londrina,Alcantara
Paraná,PR,Londrina,Alpes
Paraná,PR,Londrina,Alpes II
Paraná,PR,Londrina,Alpes III
Paraná,PR,Londrina,Alphaville
Paraná,PR,Londrina,Amaro
Paraná,PR,Londrina,Andes
Paraná,PR,Londrina,Andrade
Paraná,PR,Londrina,Antares
Paraná,PR,Londrina,Aparecida
Paraná,PR,Londrina,Aquilles Sthengel
Paraná,PR,Londrina,Aragarca
Paraná,PR,Londrina,Araucarias
Paraná,PR,Londrina,Araxa
Paraná,PR,Londrina,Armindo Guazzi
Paraná,PR,Londrina,Arpoador
Paraná,PR,Londrina,Assis
Paraná,PR,Londrina,Aurea
Paraná,PR,Londrina,Baldan
Paraná,PR,Londrina,Bancarios
Paraná,PR,Londrina,Bandeirantes
Paraná,PR,Londrina,Barbeta
Paraná,PR,Londrina,Bela Suica
Paraná,PR,Londrina,Boa Vista
Paraná,PR,Londrina,Brasil
Paraná,PR,Londrina,Brasilia
Paraná,PR,Londrina,Cacique
Paraná,PR,Londrina,Cafezal 1
Paraná,PR,Londrina,Caicaras
Paraná,PR,Londrina,California
Paraná,PR,Londrina,Cambara
Paraná,PR,Londrina,Cambezinho
Paraná,PR,Londrina,Campo Belo
Paraná,PR,Londrina,Canaa
Paraná,PR,Londrina,Canada
Paraná,PR,Londrina,Canziani
Paraná,PR,Londrina,Caravelle
Paraná,PR,Londrina,Carlota
Paraná,PR,Londrina,Carnascialli
Paraná,PR,Londrina,Casarin
Paraná,PR,Londrina,Casoni
Paraná,PR,Londrina,Castelo
Paraná,PR,Londrina,Centro
Paraná,PR,Londrina,Champagnat
Paraná,PR,Londrina,Charrua
Paraná,PR,Londrina,Cidadela
Paraná,PR,Londrina,Cilo 2
Paraná,PR,Londrina,Claudia
Paraná,PR,Londrina,Colina Verde
Paraná,PR,Londrina,Colina Verde Leste
Paraná,PR,Londrina,Coliseu
Paraná,PR,Londrina,Colonial
Paraná,PR,Londrina,Columbia
Paraná,PR,Londrina,Conceicao
Paraná,PR,Londrina,Conjunto Cafe
Paraná,PR,Londrina,Conjunto Ernani Moura Lima 2
Paraná,PR,Londrina,Conjunto Guilherme Braga de Abreu Pires
Paraná,PR,Londrina,Conjunto Habitacional Bronzzetti
Paraná,PR,Londrina,Conjunto Habitacional Jesualdo Garcia Pessoa
Paraná,PR,Londrina,Conjunto Habitacional Jose Giordano
Paraná,PR,Londrina,Conjunto Habitacional Maria Cecilia Serrano de Oliveira
Paraná,PR,Londrina,Conjunto Habitacional Saltinho
Paraná,PR,Londrina,Conjunto Habitacional Violim
Paraná,PR,Londrina,Conjunto Oscavo Gomes Santos
Paraná,PR,Londrina,Conjunto Residencial Doutor Alberto Joao Zortea
Paraná,PR,Londrina,Conjunto Santa Rita 6
Paraná,PR,Londrina,Country Club
Paraná,PR,Londrina,Cristal
Paraná,PR,Londrina,Damasco
Paraná,PR,Londrina,Del Rey
Paraná,PR,Londrina,Dom Pedro
Paraná,PR,Londrina,Dom Pedro II
Paraná,PR,Londrina,Eldorado
Paraná,PR,Londrina,Eliza
Paraná,PR,Londrina,Ernani de Moura Lima
Paraná,PR,Londrina,Esperanca
Paraná,PR,Londrina,Estados
Paraná,PR,Londrina,Europa
Paraná,PR,Londrina,Flores
Paraná,PR,Londrina,Fortaleza
Paraná,PR,Londrina,Franciscato
Paraná,PR,Londrina,Franciscato II
Paraná,PR,Londrina,Fugman
Paraná,PR,Londrina,Gaion
Paraná,PR,Londrina,Gayon
Paraná,PR,Londrina,Giovani Lunardelli
Paraná,PR,Londrina,Guanabara
Paraná,PR,Londrina,Hedy
Paraná,PR,Londrina,Heimtal
Paraná,PR,Londrina,Helena
Paraná,PR,Londrina,Higienopolis
Paraná,PR,Londrina,Hipica
Paraná,PR,Londrina,Ideal
Paraná,PR,Londrina,Igapo
Paraná,PR,Londrina,Iguacu
Paraná,PR,Londrina,Ilha Bela
Paraná,PR,Londrina,Indianopolis
Paraná,PR,Londrina,Industrial
Paraná,PR,Londrina,Industrias
Paraná,PR,Londrina,Industrias Leves
Paraná,PR,Londrina,Indusville
Paraná,PR,Londrina,Interlagos
Paraná,PR,Londrina,Ipanema
Paraná,PR,Londrina,Ipiranga
Paraná,PR,Londrina,Itapoa
Paraná,PR,Londrina,Jacomo Violin
Paraná,PR,Londrina,Jamaica
Paraná,PR,Londrina,Jardim Acapulco
Paraná,PR,Londrina,Jardim Alvorada
Paraná,PR,Londrina,Jardim Bandeirantes
Paraná,PR,Londrina,Jardim das Americas
Paraná,PR,Londrina,Jardim do Lago
Paraná,PR,Londrina,Jardim Graziela
Paraná,PR,Londrina,Jardim Guararapes
Paraná,PR,Londrina,Jardim Itaipu
Paraná,PR,Londrina,Jardim Itatiaia 1
Paraná,PR,Londrina,Jardim Itatiaia 2
Paraná,PR,Londrina,Jardim Montreal
Paraná,PR,Londrina,Jardim Novo Sabara
Paraná,PR,Londrina,Jardim Pacaembu
Paraná,PR,Londrina,Jardim Palmares
Paraná,PR,Londrina,Jardim Perobal
Paraná,PR,Londrina,Jardim Rosicler
Paraná,PR,Londrina,Jardim Santo Andre
Paraná,PR,Londrina,Jardim Santo Antonio
Paraná,PR,Londrina,Jardim Sao Francisco de Assis
Paraná,PR,Londrina,Jardim Sao Paulo
Paraná,PR,Londrina,Jardim Tatiani
Paraná,PR,Londrina,Jardim Tokio
Paraná,PR,Londrina,Jatoba
Paraná,PR,Londrina,Jerumenha
Paraná,PR,Londrina,Joao Paz
Paraná,PR,Londrina,Judith
Paraná,PR,Londrina,Kase
Paraná,PR,Londrina,Kennedy
Paraná,PR,Londrina,Lago Igapo
Paraná,PR,Londrina,Lago Parque
Paraná,PR,Londrina,Lagoa Dourada
Paraná,PR,Londrina,Larsen
Paraná,PR,Londrina,Leonor
Paraná,PR,Londrina,Leste Oeste
Paraná,PR,Londrina,Lilian
Paraná,PR,Londrina,Lima Azevedo
Paraná,PR,Londrina,Lindoia
Paraná,PR,Londrina,Lolata
Paraná,PR,Londrina,Londrilar
Paraná,PR,Londrina,Londrina
Paraná,PR,Londrina,Los Angeles
Paraná,PR,Londrina,Luiz de Sa
Paraná,PR,Londrina,Lupercio Luppi
Paraná,PR,Londrina,Maira
Paraná,PR,Londrina,Maraba
Paraná,PR,Londrina,Maringa
Paraná,PR,Londrina,Marizia
Paraná,PR,Londrina,Marumbi
Paraná,PR,Londrina,Matarazzo
Paraná,PR,Londrina,Melleiro
Paraná,PR,Londrina,Messianico
Paraná,PR,Londrina,Meton
Paraná,PR,Londrina,Milton Gavetti
Paraná,PR,Londrina,Moncoes
Paraná,PR,Londrina,Monte Belo
Paraná,PR,Londrina,Monte Carlo
Paraná,PR,Londrina,Morumbi
Paraná,PR,Londrina,Newton Guimaraes
Paraná,PR,Londrina,Nikko
Paraná,PR,Londrina,Nobrega
Paraná,PR,Londrina,Nossa Senhora de Lourdes
Paraná,PR,Londrina,Nossa Senhora do Desterro
Paraná,PR,Londrina,Nova
Paraná,PR,Londrina,Nova Conquista
Paraná,PR,Londrina,Nova Londres
Paraná,PR,Londrina,Nova Olinda
Paraná,PR,Londrina,Novo Amparo
Paraná,PR,Londrina,Novo Antares
Paraná,PR,Londrina,Novo Mundo
Paraná,PR,Londrina,Oguido
Paraná,PR,Londrina,Ok
Paraná,PR,Londrina,Operaria
Paraná,PR,Londrina,Ouro Branco
Paraná,PR,Londrina,Ouro Verde
Paraná,PR,Londrina,Palermo
Paraná,PR,Londrina,Panorama
Paraná,PR,Londrina,Pantaneiro
Paraná,PR,Londrina,Paraiso
Paraná,PR,Londrina,Parigot de Souza 2
Paraná,PR,Londrina,Parque das Colinas
Paraná,PR,Londrina,Parque Residencial Joao Piza
Paraná,PR,Londrina,Paulista
Paraná,PR,Londrina,Penterich
Paraná,PR,Londrina,Petropolis
Paraná,PR,Londrina,Pinheiros
Paraná,PR,Londrina,Portal de Versalhes 1
Paraná,PR,Londrina,Portal de Versalhes 2
Paraná,PR,Londrina,Portal de Versalhes 3
Paraná,PR,Londrina,Portuguesa
Paraná,PR,Londrina,Progresso
Paraná,PR,Londrina,Quebec
Paraná,PR,Londrina,Real
Paraná,PR,Londrina,Recreio
Paraná,PR,Londrina,Rica
Paraná,PR,Londrina,Ricardo
Paraná,PR,Londrina,Rodocentro
Paraná,PR,Londrina,Roseira
Paraná,PR,Londrina,Roveri
Paraná,PR,Londrina,Sabara I
Paraná,PR,Londrina,San Conrado
Paraná,PR,Londrina,San Fernando
Paraná,PR,Londrina,San Izidro
Paraná,PR,Londrina,San Remo
Paraná,PR,Londrina,Santa Joana
Paraná,PR,Londrina,Santa Monica
Paraná,PR,Londrina,Santa Rita 1
Paraná,PR,Londrina,Santiago
Paraná,PR,Londrina,Santo Antonio
Paraná,PR,Londrina,Santos Dumont
Paraná,PR,Londrina,Sao Cristovao
Paraná,PR,Londrina,Sao Jorge
Paraná,PR,Londrina,Sao Lourenco
Paraná,PR,Londrina,Sao Pedro
Paraná,PR,Londrina,Sao Vicente
Paraná,PR,Londrina,Semiramis Barros Braga
Paraná,PR,Londrina,Shangri-la
Paraná,PR,Londrina,Siam
Paraná,PR,Londrina,Sol
Paraná,PR,Londrina,Tamandare
Paraná,PR,Londrina,Taroba
Paraná,PR,Londrina,Terra de Santana (i e Ii)
Paraná,PR,Londrina,Tiete
Paraná,PR,Londrina,Tomy
Paraná,PR,Londrina,Universitario
Paraná,PR,Londrina,Vale Verde
Paraná,PR,Londrina,Vania
Paraná,PR,Londrina,Veraliz
Paraná,PR,Londrina,Vila Galvao
Paraná,PR,Londrina,Vila Goes
Paraná,PR,Londrina,Vila Matsunaga
Paraná,PR,Londrina,Vila Monteiro
Paraná,PR,Londrina,Vila Nalin
Paraná,PR,Londrina,Vila Sao Caetano
Paraná,PR,Londrina,Vila Shima Bokuro
Paraná,PR,Londrina,Vila Simoes
Paraná,PR,Londrina,Vila Zanetti
Paraná,PR,Londrina,Vila Ziober
Paraná,PR,Londrina,Vitoria
Paraná,PR,Londrina,Vitoria Regia
Paraná,PR,Londrina,Vivi Xavier
Paraná,PR,Londrina,Waldemar Hauer
Paraná,PR,Londrina,Yara
Paraná,PR,Londrina,Zelina
Paraná,PR,Maringa,Chacara Assai
Paraná,PR,Maringa,Chacara Paulista
Paraná,PR,Maringa,Chacaras Morangueira
Paraná,PR,Maringa,Conjunto Habitacional Hermann Moraes Barros
Paraná,PR,Maringa,Conjunto Habitacional Inocente Vila Nova Junior
Paraná,PR,Maringa,Conjunto Habitacional Karina
Paraná,PR,Maringa,Conjunto Habitacional Lea Leal
Paraná,PR,Maringa,Conjunto Residencial Branca Vieira
Paraná,PR,Maringa,Conjunto Residencial Cidade Alta
Paraná,PR,Maringa,Conjunto Residencial Itamaraty
Paraná,PR,Maringa,Conjunto Residencial Ney Braga
Paraná,PR,Maringa,Conjunto Residencial Paulino Carlos Filho
Paraná,PR,Maringa,Conjunto Residencial Planalto
Paraná,PR,Maringa,Copacabana Residencial
Paraná,PR,Maringa,Ebenezer
Paraná,PR,Maringa,Jardim Acema
Paraná,PR,Maringa,Jardim Aclimacao
Paraná,PR,Maringa,Jardim Alamar
Paraná,PR,Maringa,Jardim Alvorada
Paraná,PR,Maringa,Jardim America
Paraná,PR,Maringa,Jardim Betty
Paraná,PR,Maringa,Jardim Campos Eliseos
Paraná,PR,Maringa,Jardim Canada
Paraná,PR,Maringa,Jardim Castor
Paraná,PR,Maringa,Jardim Cerro Azul
Paraná,PR,Maringa,Jardim da Gloria
Paraná,PR,Maringa,Jardim das Nacoes
Paraná,PR,Maringa,Jardim Guapore
Paraná,PR,Maringa,Jardim Internorte
Paraná,PR,Maringa,Jardim Ipiranga
Paraná,PR,Maringa,Jardim Kosmos
Paraná,PR,Maringa,Jardim Laodiceia
Paraná,PR,Maringa,Jardim Liberdade
Paraná,PR,Maringa,Jardim Los Angeles
Paraná,PR,Maringa,Jardim Mandacaru
Paraná,PR,Maringa,Jardim Maravilha
Paraná,PR,Maringa,Jardim Monte Carlo
Paraná,PR,Maringa,Jardim Novo Horizonte
Paraná,PR,Maringa,Jardim Oasis
Paraná,PR,Maringa,Jardim Ouro Cola
Paraná,PR,Maringa,Jardim San Remo
Paraná,PR,Maringa,Jardim Santa Rita
Paraná,PR,Maringa,Jardim Sao Francisco
Paraná,PR,Maringa,Jardim Sao Jorge
Paraná,PR,Maringa,Jardim Sao Silvestre
Paraná,PR,Maringa,Jardim Social
Paraná,PR,Maringa,Jardim Tabaete
Paraná,PR,Maringa,Jardim Tropical
Paraná,PR,Maringa,Jardim Tupinamba
Paraná,PR,Maringa,Jardim Universitario
Paraná,PR,Maringa,Jardim Universo
Paraná,PR,Maringa,Jardim Vila Rica
Paraná,PR,Maringa,Jardim Vitoria
Paraná,PR,Maringa,Parque Avenida
Paraná,PR,Maringa,Parque das Bandeiras
Paraná,PR,Maringa,Parque das Grevileas
Paraná,PR,Maringa,Parque das Laranjeiras
Paraná,PR,Maringa,Parque Hortencia
Paraná,PR,Maringa,Parque Industrial Bandeirantes
Paraná,PR,Maringa,Parque Industrial I e II
Paraná,PR,Maringa,Parque Itaipu
Paraná,PR,Maringa,Parque Palmeiras
Paraná,PR,Maringa,Parque Residencial Aeroporto
Paraná,PR,Maringa,Parque Residencial Aeroporto (2a Parte)
Paraná,PR,Maringa,Parque Residencial Aeroporto (3a Parte)
Paraná,PR,Maringa,Parque Residencial Cidade Nova
Paraná,PR,Maringa,Parque Residencial Patricia
Paraná,PR,Maringa,Parque Residencial Quebec
Paraná,PR,Maringa,Parque Residencial Rio Branco
Paraná,PR,Maringa,Vila Bosque
Paraná,PR,Maringa,Vila Cafelandia
Paraná,PR,Maringa,Vila Cleopatra
Paraná,PR,Maringa,Vila Emilia
Paraná,PR,Maringa,Vila Esperanca
Paraná,PR,Maringa,Vila Ipiranga
Paraná,PR,Maringa,Vila Marumby
Paraná,PR,Maringa,Vila Morangueira
Paraná,PR,Maringa,Vila Nova
Paraná,PR,Maringa,Vila Operaria
Paraná,PR,Maringa,Vila Progresso
Paraná,PR,Maringa,Vila Regina
Paraná,PR,Maringa,Vila Ruth
Paraná,PR,Maringa,Vila Santa Izabel
Paraná,PR,Maringa,Vila Santo Antonio
Paraná,PR,Maringa,Vila Vardelina
Paraná,PR,Maringa,Zona 01
Paraná,PR,Maringa,Zona 02
Paraná,PR,Maringa,Zona 03
Paraná,PR,Maringa,Zona 04
Paraná,PR,Maringa,Zona 05
Paraná,PR,Maringa,Zona 06
Paraná,PR,Maringa,Zona 07
Paraná,PR,Maringa,Zona 08
Paraná,PR,Maringa,Zona 09
Paraná,PR,Maringa,Zona 10
Paraná,PR,Maringa,Zona Central
Paraná,PR,Paranagua,Aeroporto
Paraná,PR,Paranagua,Alboitt
Paraná,PR,Paranagua,Alto Sao Sebastiao
Paraná,PR,Paranagua,Alvorada
Paraná,PR,Paranagua,Bockmann
Paraná,PR,Paranagua,Campo Grande
Paraná,PR,Paranagua,Centro Historico
Paraná,PR,Paranagua,Conjunto Nilson Neves
Paraná,PR,Paranagua,Conjunto Residencial Prefeito Cominese
Paraná,PR,Paranagua,Correia Velho
Paraná,PR,Paranagua,Costeira
Paraná,PR,Paranagua,Cruzeiro
Paraná,PR,Paranagua,Divineia
Paraná,PR,Paranagua,Dom Pedro II
Paraná,PR,Paranagua,Eldorado
Paraná,PR,Paranagua,Emboguacu
Paraná,PR,Paranagua,Estradinha
Paraná,PR,Paranagua,Industrial
Paraná,PR,Paranagua,Itibere
Paraná,PR,Paranagua,Jardim America
Paraná,PR,Paranagua,Jardim Araca
Paraná,PR,Paranagua,Jardim Guadalupe
Paraná,PR,Paranagua,Jardim Guaraituba
Paraná,PR,Paranagua,Jardim Paranagua
Paraná,PR,Paranagua,Jardim Samambaia
Paraná,PR,Paranagua,Joao Gualberto
Paraná,PR,Paranagua,Leblon
Paraná,PR,Paranagua,Oceania
Paraná,PR,Paranagua,Padre Jackson
Paraná,PR,Paranagua,Palmital
Paraná,PR,Paranagua,Parque Agari
Paraná,PR,Paranagua,Parque Sao Joao
Paraná,PR,Paranagua,Ponta do Caju
Paraná,PR,Paranagua,Porto dos Padres
Paraná,PR,Paranagua,Raia
Paraná,PR,Paranagua,Rocio
Paraná,PR,Paranagua,Santos Dumont
Paraná,PR,Paranagua,Sao Vicente
Paraná,PR,Paranagua,Serraria do Rocha
Paraná,PR,Paranagua,Tuiuti
Paraná,PR,Paranagua,Vale do Sol
Paraná,PR,Paranagua,Vila dos Comerciarios
Paraná,PR,Paranagua,Vila Garcia
Paraná,PR,Paranagua,Vila Guarani
Paraná,PR,Paranagua,Vila Paranagua
Paraná,PR,Paranagua,Vila Rute
Paraná,PR,Paranagua,Vinte e Nove de Julho
Paraná,PR,Paranavai,Centro
Paraná,PR,Paranavai,Conjunto Dona Josefa
Paraná,PR,Paranavai,Jardim Aeroporto
Paraná,PR,Paranavai,Jardim Alvorada
Paraná,PR,Paranavai,Jardim Alvorada do Sul
Paraná,PR,Paranavai,Jardim Alvorada do Sul I
Paraná,PR,Paranavai,Jardim America
Paraná,PR,Paranavai,Jardim Andre Luiz
Paraná,PR,Paranavai,Jardim Asa Branca
Paraná,PR,Paranavai,Jardim Avare
Paraná,PR,Paranavai,Jardim Belo Horizonte
Paraná,PR,Paranavai,Jardim Campo Belo
Paraná,PR,Paranavai,Jardim Campo Grande
Paraná,PR,Paranavai,Jardim Canada
Paraná,PR,Paranavai,Jardim Curitiba
Paraná,PR,Paranavai,Jardim do Sol
Paraná,PR,Paranavai,Jardim Estrela
Paraná,PR,Paranavai,Jardim Farropilha
Paraná,PR,Paranavai,Jardim Guanabara
Paraná,PR,Paranavai,Jardim Ibirapuera
Paraná,PR,Paranavai,Jardim Iguacu
Paraná,PR,Paranavai,Jardim Ipe
Paraná,PR,Paranavai,Jardim Maravilha
Paraná,PR,Paranavai,Jardim Marcela
Paraná,PR,Paranavai,Jardim Maringa
Paraná,PR,Paranavai,Jardim Moncoes
Paraná,PR,Paranavai,Jardim Nakamura
Paraná,PR,Paranavai,Jardim Nossa Senhora de Fatima
Paraná,PR,Paranavai,Jardim Novo Horizonte
Paraná,PR,Paranavai,Jardim Ouro Branco
Paraná,PR,Paranavai,Jardim Panorama
Paraná,PR,Paranavai,Jardim Paraiso
Paraná,PR,Paranavai,Jardim Paranavai
Paraná,PR,Paranavai,Jardim Paulista
Paraná,PR,Paranavai,Jardim Progresso
Paraná,PR,Paranavai,Jardim Prudente
Paraná,PR,Paranavai,Jardim Santa Cecilia
Paraná,PR,Paranavai,Jardim Santa Eugenia
Paraná,PR,Paranavai,Jardim Santos Dumont
Paraná,PR,Paranavai,Jardim Sao Cristovao
Paraná,PR,Paranavai,Jardim Sao Joao
Paraná,PR,Paranavai,Jardim Sao Jorge
Paraná,PR,Paranavai,Jardim Sao Luiz
Paraná,PR,Paranavai,Jardim Satelite
Paraná,PR,Paranavai,Jardim Simara
Paraná,PR,Paranavai,Jardim Vania
Paraná,PR,Paranavai,Jardim Vera Cruz
Paraná,PR,Paranavai,Jardim Videira
Paraná,PR,Paranavai,Parque Morumbi
Paraná,PR,Paranavai,Vila Alta
Paraná,PR,Paranavai,Vila Argus
Paraná,PR,Paranavai,Vila City
Paraná,PR,Paranavai,Vila Operaria
Paraná,PR,Paranavai,Vila Prudencio
Paraná,PR,Paranavai,Vila Sao Vicente
Paraná,PR,Paranavai,Vila Yara
Paraná,PR,Pato Branco,Aeroporto
Paraná,PR,Pato Branco,Alvorada
Paraná,PR,Pato Branco,Amadori
Paraná,PR,Pato Branco,Anchieta
Paraná,PR,Pato Branco,Baixada
Paraná,PR,Pato Branco,Bancarios
Paraná,PR,Pato Branco,Bela Vista
Paraná,PR,Pato Branco,Bonatto
Paraná,PR,Pato Branco,Bortot
Paraná,PR,Pato Branco,Brasilia
Paraná,PR,Pato Branco,Centro
Paraná,PR,Pato Branco,Chaparral
Paraná,PR,Pato Branco,Cristo Rei
Paraná,PR,Pato Branco,Fraron
Paraná,PR,Pato Branco,Fundabem
Paraná,PR,Pato Branco,Industrial
Paraná,PR,Pato Branco,Jardim America
Paraná,PR,Pato Branco,Jardim Primavera
Paraná,PR,Pato Branco,La Salle
Paraná,PR,Pato Branco,Menino Deus
Paraná,PR,Pato Branco,Morro da Cruz
Paraná,PR,Pato Branco,Novo Horizonte
Paraná,PR,Pato Branco,Pagnoncelli
Paraná,PR,Pato Branco,Parzianello
Paraná,PR,Pato Branco,Pinheirinho
Paraná,PR,Pato Branco,Pinheiros
Paraná,PR,Pato Branco,Planalto
Paraná,PR,Pato Branco,Sambugaro
Paraná,PR,Pato Branco,Santa Terezinha
Paraná,PR,Pato Branco,Santo Antonio
Paraná,PR,Pato Branco,Sao Cristovao
Paraná,PR,Pato Branco,Sao Roque
Paraná,PR,Pato Branco,Sao Vicente
Paraná,PR,Pato Branco,Sudoeste
Paraná,PR,Pato Branco,Trevo da Guarany
Paraná,PR,Pato Branco,Trevo Patinhos
Paraná,PR,Pato Branco,Vila Esperanca
Paraná,PR,Pato Branco,Vila Isabel
Paraná,PR,Pato Branco,Vila Verde
Paraná,PR,Pinhais,Capoeira Grande
Paraná,PR,Pinhais,Chacara Paulivinas
Paraná,PR,Pinhais,Chacaras Atuba
Paraná,PR,Pinhais,Conjunto Moradias Perdizes
Paraná,PR,Pinhais,Conjunto Residencial Aquila
Paraná,PR,Pinhais,Conjunto Residencial Graciosa
Paraná,PR,Pinhais,Conjunto Residencial Inocoop
Paraná,PR,Pinhais,Guilherme Weiss
Paraná,PR,Pinhais,Jardim Alto Taruma
Paraná,PR,Pinhais,Jardim Atuba I
Paraná,PR,Pinhais,Jardim Atuba II
Paraná,PR,Pinhais,Jardim Boa Esperanca
Paraná,PR,Pinhais,Jardim Boa Vista
Paraná,PR,Pinhais,Jardim Claudia
Paraná,PR,Pinhais,Jardim Dona Carmem
Paraná,PR,Pinhais,Jardim Dona Joaquina I
Paraná,PR,Pinhais,Jardim Dona Joaquina II
Paraná,PR,Pinhais,Jardim Fenix
Paraná,PR,Pinhais,Jardim Guairaca
Paraná,PR,Pinhais,Jardim Hipodromo
Paraná,PR,Pinhais,Jardim Luzitano
Paraná,PR,Pinhais,Jardim Marumby
Paraná,PR,Pinhais,Jardim Nossa Senhora do Sion
Paraná,PR,Pinhais,Jardim Parana
Paraná,PR,Pinhais,Jardim Pedro Demeterco
Paraná,PR,Pinhais,Jardim Pinhais
Paraná,PR,Pinhais,Jardim Pio XII
Paraná,PR,Pinhais,Jardim Triangulo
Paraná,PR,Pinhais,Nucleo Colonial de Pinhais
Paraná,PR,Pinhais,Planta Bairro Weisopolis
Paraná,PR,Pinhais,Planta Bernardo Luz
Paraná,PR,Pinhais,Planta Claudio Mehl
Paraná,PR,Pinhais,Planta Estancia Pinhais
Paraná,PR,Pinhais,Planta Jacob Mehl
Paraná,PR,Pinhais,Planta Karla
Paraná,PR,Pinhais,Planta Lazaro P Bayer
Paraná,PR,Pinhais,Planta Nucleo Colonial de Pinhais
Paraná,PR,Pinhais,Planta Portal da Serra
Paraná,PR,Pinhais,Planta Portland
Paraná,PR,Pinhais,Planta Ubirajara
Paraná,PR,Pinhais,Planta Walde Rosi Galvao
Paraná,PR,Pinhais,Planta Weissopolis
Paraná,PR,Pinhais,Prive Bois de Boulogne
Paraná,PR,Pinhais,Vale da Boa Esperanca
Paraná,PR,Pinhais,Vila Amelia
Paraná,PR,Pinhais,Vila Carolina
Paraná,PR,Pinhais,Vila Emiliano Perneta
Paraná,PR,Pinhais,Vila Esplanada
Paraná,PR,Pinhais,Vila Indiacui
Paraná,PR,Pinhais,Vila Irene Margarida
Paraná,PR,Pinhais,Vila Maria Antonieta
Paraná,PR,Pinhais,Vila Palmital
Paraná,PR,Pinhais,Vila Progresso
Paraná,PR,Pinhais,Vila Sao Pedro
Paraná,PR,Pinhais,Vila Taruma
Paraná,PR,Pinhais,Vila Tebas
Paraná,PR,Pinhais,Vila Varginha
Paraná,PR,Pinhais,Vl Dona Guiomar
Paraná,PR,Piraquara,Centro
Paraná,PR,Piraquara,Chacara Aguas Claras
Paraná,PR,Piraquara,Guarituba
Paraná,PR,Piraquara,Holandez
Paraná,PR,Piraquara,Jardim Bela Vista
Paraná,PR,Piraquara,Jardim Bom Jesus dos Passos
Paraná,PR,Piraquara,Jardim Diguimabri
Paraná,PR,Piraquara,Jardim dos Estados 1
Paraná,PR,Piraquara,Jardim dos Estados 2
Paraná,PR,Piraquara,Jardim dos Estados 3
Paraná,PR,Piraquara,Jardim Esmeralda
Paraná,PR,Piraquara,Jardim Primavera
Paraná,PR,Piraquara,Jardim Santa Monica
Paraná,PR,Piraquara,Jardim Tropical
Paraná,PR,Piraquara,Jardim Veneza
Paraná,PR,Piraquara,Planta Aracatuba
Paraná,PR,Piraquara,Planta Cruzeiro
Paraná,PR,Piraquara,Planta Meireles
Paraná,PR,Piraquara,Planta Meireles Souza
Paraná,PR,Piraquara,Planta O Recanto
Paraná,PR,Piraquara,Planta Sao Tiago
Paraná,PR,Piraquara,Planta York
Paraná,PR,Piraquara,Recreio da Serra
Paraná,PR,Piraquara,Vila Dalila
Paraná,PR,Piraquara,Vila Franca
Paraná,PR,Piraquara,Vila Fuck
Paraná,PR,Piraquara,Vila Ipanema
Paraná,PR,Piraquara,Vila Izabel
Paraná,PR,Piraquara,Vila Juliana
Paraná,PR,Piraquara,Vila Marumbi
Paraná,PR,Piraquara,Vila Militar I
Paraná,PR,Piraquara,Vila Rosa
Paraná,PR,Piraquara,Vila Sao Cristovao
Paraná,PR,Piraquara,Vila Sao Remo I
Paraná,PR,Piraquara,Vila Susi
Paraná,PR,Piraquara,Vila Vicente Macedo
Paraná,PR,Ponta Grossa,Boa Vista
Paraná,PR,Ponta Grossa,Cara-cara
Paraná,PR,Ponta Grossa,Centro
Paraná,PR,Ponta Grossa,Chapada
Paraná,PR,Ponta Grossa,Colonia Dona Luiza
Paraná,PR,Ponta Grossa,Contorno
Paraná,PR,Ponta Grossa,Estrela
Paraná,PR,Ponta Grossa,Jardim Carvalho
Paraná,PR,Ponta Grossa,Neves
Paraná,PR,Ponta Grossa,Nova Russia
Paraná,PR,Ponta Grossa,Oficinas
Paraná,PR,Ponta Grossa,Olarias
Paraná,PR,Ponta Grossa,Orfas
Paraná,PR,Ponta Grossa,Ronda
Paraná,PR,Ponta Grossa,Uvaranas
Paraná,PR,Sao Jose dos Pinhais,Afonso Pena
Paraná,PR,Sao Jose dos Pinhais,Aguas Belas
Paraná,PR,Sao Jose dos Pinhais,Aristocrata
Paraná,PR,Sao Jose dos Pinhais,Bom Jesus
Paraná,PR,Sao Jose dos Pinhais,Boneca do Iguacu
Paraná,PR,Sao Jose dos Pinhais,Braga
Paraná,PR,Sao Jose dos Pinhais,Campina
Paraná,PR,Sao Jose dos Pinhais,Carioca
Paraná,PR,Sao Jose dos Pinhais,Centro
Paraná,PR,Sao Jose dos Pinhais,Cidade Jardim
Paraná,PR,Sao Jose dos Pinhais,Colonia Rio Grande
Paraná,PR,Sao Jose dos Pinhais,Costeira
Paraná,PR,Sao Jose dos Pinhais,Cruzeiro
Paraná,PR,Sao Jose dos Pinhais,Dalvy
Paraná,PR,Sao Jose dos Pinhais,Guatupe
Paraná,PR,Sao Jose dos Pinhais,Ipe
Paraná,PR,Sao Jose dos Pinhais,Miringuava
Paraná,PR,Sao Jose dos Pinhais,Ouro Fino
Paraná,PR,Sao Jose dos Pinhais,Rio Pequeno
Paraná,PR,Sao Jose dos Pinhais,Roseira
Paraná,PR,Sao Jose dos Pinhais,Sao Cristovao
Paraná,PR,Sao Jose dos Pinhais,Sao Domingos
Paraná,PR,Sao Jose dos Pinhais,Sao Pedro
Paraná,PR,Sao Jose dos Pinhais,Sao Sebastiao
Paraná,PR,Sao Jose dos Pinhais,Silveira da Motta
Paraná,PR,Sao Jose dos Pinhais,Tres Marias
Paraná,PR,Sao Jose dos Pinhais,Zaniolo
Paraná,PR,Sarandi,Boa Vista
Paraná,PR,Sarandi,Centro
Paraná,PR,Sarandi,Conjunto Casa da Familia
Paraná,PR,Sarandi,Conjunto Floresta
Paraná,PR,Sarandi,Jaqueline
Paraná,PR,Sarandi,Jardim Ana Eliza
Paraná,PR,Sarandi,Jardim Belem
Paraná,PR,Sarandi,Jardim Castelo
Paraná,PR,Sarandi,Jardim Cometa
Paraná,PR,Sarandi,Jardim Cruzeiro
Paraná,PR,Sarandi,Jardim Dom Bosco
Paraná,PR,Sarandi,Jardim Escala
Paraná,PR,Sarandi,Jardim Esperanca (i Parte)
Paraná,PR,Sarandi,Jardim Esperanca (iii Parte)
Paraná,PR,Sarandi,Jardim Esperanca (iv Parte)
Paraná,PR,Sarandi,Jardim Esplanada
Paraná,PR,Sarandi,Jardim Europa
Paraná,PR,Sarandi,Jardim Gralha Azul
Paraná,PR,Sarandi,Jardim Higienopolis
Paraná,PR,Sarandi,Jardim Ibirapuera
Paraná,PR,Sarandi,Jardim Imperial
Paraná,PR,Sarandi,Jardim Independencia (i Parte)
Paraná,PR,Sarandi,Jardim Independencia (ii Parte)
Paraná,PR,Sarandi,Jardim Independencia (iii Parte)
Paraná,PR,Sarandi,Jardim Itamaraty
Paraná,PR,Sarandi,Jardim Jaqueline
Paraná,PR,Sarandi,Jardim Mercurio
Paraná,PR,Sarandi,Jardim Nova Independencia (i Parte)
Paraná,PR,Sarandi,Jardim Nova Paulista
Paraná,PR,Sarandi,Jardim Novo Mundo
Paraná,PR,Sarandi,Jardim Ouro Preto
Paraná,PR,Sarandi,Jardim Panorama
Paraná,PR,Sarandi,Jardim Parque
Paraná,PR,Sarandi,Jardim Perimetral
Paraná,PR,Sarandi,Jardim Primaverao
Paraná,PR,Sarandi,Jardim Universal
Paraná,PR,Sarandi,Jardim Verao
Paraná,PR,Sarandi,Novo Panorama
Paraná,PR,Sarandi,Parque Alvamar
Paraná,PR,Sarandi,Parque Alvamar II
Paraná,PR,Sarandi,Parque Industrial I
Paraná,PR,Sarandi,Parque Industrial II
Paraná,PR,Sarandi,Parque Pioneiros
Paraná,PR,Sarandi,Parque Sao Pedro
Paraná,PR,Sarandi,Primavera
Paraná,PR,Sarandi,Santa Tereza
Paraná,PR,Sarandi,Triangulo
Paraná,PR,Telemaco Borba,Alto das Oliveiras
Paraná,PR,Telemaco Borba,Area 01
Paraná,PR,Telemaco Borba,Area 02
Paraná,PR,Telemaco Borba,Area 03
Paraná,PR,Telemaco Borba,Area 04
Paraná,PR,Telemaco Borba,Area 06
Paraná,PR,Telemaco Borba,Area 07
Paraná,PR,Telemaco Borba,Area 08
Paraná,PR,Telemaco Borba,Area 10
Paraná,PR,Telemaco Borba,Bela Vista do Paraiso
Paraná,PR,Telemaco Borba,Centro
Paraná,PR,Telemaco Borba,Fazenda Limeira
Paraná,PR,Telemaco Borba,Jardim Adriane
Paraná,PR,Telemaco Borba,Jardim Alegre
Paraná,PR,Telemaco Borba,Jardim Bom Jesus
Paraná,PR,Telemaco Borba,Jardim Bonavila
Paraná,PR,Telemaco Borba,Jardim Brasilia
Paraná,PR,Telemaco Borba,Jardim Margarida
Paraná,PR,Telemaco Borba,Jardim Sao Silvestre
Paraná,PR,Telemaco Borba,Jardim Uniao
Paraná,PR,Telemaco Borba,Macopa
Paraná,PR,Telemaco Borba,Nossa Senhora de Fatima
Paraná,PR,Telemaco Borba,Nossa Senhora do Perpetuo Socorro
Paraná,PR,Telemaco Borba,Nucleo Bandeirantes
Paraná,PR,Telemaco Borba,Socomim
Paraná,PR,Telemaco Borba,Vila Ana Mari
Paraná,PR,Telemaco Borba,Vila Arcina
Paraná,PR,Telemaco Borba,Vila Cristina
Paraná,PR,Telemaco Borba,Vila Esperanca
Paraná,PR,Telemaco Borba,Vila Gomes
Paraná,PR,Telemaco Borba,Vila Monte Belo
Paraná,PR,Telemaco Borba,Vila Ozorio
Paraná,PR,Telemaco Borba,Vila Rosa
Paraná,PR,Telemaco Borba,Vila Santa Rita
Paraná,PR,Telemaco Borba,Vila Sao Francisco de Assis
Paraná,PR,Telemaco Borba,Vila Sao Jose
Paraná,PR,Telemaco Borba,Vila Sao Vicente de Paula
Paraná,PR,Telemaco Borba,Vila Siqueira
Paraná,PR,Toledo,Boa Esperanca
Paraná,PR,Toledo,Centro
Paraná,PR,Toledo,Centro Industrial Meinolfo H Heiss
Paraná,PR,Toledo,Cesar Park
Paraná,PR,Toledo,Conjunto Barao do Rio Brbanco II
Paraná,PR,Toledo,Conjunto Cohapar
Paraná,PR,Toledo,Conjunto Habitacional Britania
Paraná,PR,Toledo,Conjunto Habitacional Sao Francisco
Paraná,PR,Toledo,Conjunto Residencial Parizzotto
Paraná,PR,Toledo,Conjunto Residencial Rossani
Paraná,PR,Toledo,Conjunto Residencial Tocantins
Paraná,PR,Toledo,Coopagro
Paraná,PR,Toledo,Fogotti
Paraná,PR,Toledo,Independencia
Paraná,PR,Toledo,Jardim Alta Floresta
Paraná,PR,Toledo,Jardim Alto Alegre
Paraná,PR,Toledo,Jardim America
Paraná,PR,Toledo,Jardim Anapolis
Paraná,PR,Toledo,Jardim Arinela Grahl
Paraná,PR,Toledo,Jardim Bandeirantes
Paraná,PR,Toledo,Jardim Bela Vista
Paraná,PR,Toledo,Jardim Bressan
Paraná,PR,Toledo,Jardim Canaa
Paraná,PR,Toledo,Jardim Carelli
Paraná,PR,Toledo,Jardim Cassandra
Paraná,PR,Toledo,Jardim Concordia
Paraná,PR,Toledo,Jardim Europa
Paraná,PR,Toledo,Jardim Filadelpia
Paraná,PR,Toledo,Jardim La Salle
Paraná,PR,Toledo,Jardim Laranjeiras
Paraná,PR,Toledo,Jardim Maria do Carmo
Paraná,PR,Toledo,Jardim Maschio
Paraná,PR,Toledo,Jardim Modelo
Paraná,PR,Toledo,Jardim Panambi
Paraná,PR,Toledo,Jardim Parana
Paraná,PR,Toledo,Jardim Parigot
Paraná,PR,Toledo,Jardim Parque Verde
Paraná,PR,Toledo,Jardim Pasqualli
Paraná,PR,Toledo,Jardim Paulista
Paraná,PR,Toledo,Jardim Piccinin
Paraná,PR,Toledo,Jardim Planalto
Paraná,PR,Toledo,Jardim Porto Alegre
Paraná,PR,Toledo,Jardim Recanto
Paraná,PR,Toledo,Jardim Santa Maria
Paraná,PR,Toledo,Jardim Social
Paraná,PR,Toledo,Jardim Taioba
Paraná,PR,Toledo,Maracana
Paraná,PR,Toledo,Monaco
Paraná,PR,Toledo,Pacaembu
Paraná,PR,Toledo,Panorama
Paraná,PR,Toledo,Parque Residencial Gisela
Paraná,PR,Toledo,Parque Residencial Pancera
Paraná,PR,Toledo,Passarini IV
Paraná,PR,Toledo,Residencial Santa Clara
Paraná,PR,Toledo,Sachini
Paraná,PR,Toledo,Vila Becker
Paraná,PR,Toledo,Vila Bom Jesus
Paraná,PR,Toledo,Vila Brasil
Paraná,PR,Toledo,Vila Industrial
Paraná,PR,Toledo,Walter Fontana
Paraná,PR,Umuarama,Conjunto Residencial Corrego Longe
Paraná,PR,Umuarama,Conjunto Residencial Guarani I
Paraná,PR,Umuarama,Conjunto Residencial Guarani III
Paraná,PR,Umuarama,Conjunto Residencial Independencia
Paraná,PR,Umuarama,Conjunto Residencial Ouro Branco
Paraná,PR,Umuarama,Conjunto Residencial Ouro Preto
Paraná,PR,Umuarama,Conjunto Residencial Patrimonio Umuarama
Paraná,PR,Umuarama,Conjunto Residencial Vinte e Oito de Outubro
Paraná,PR,Umuarama,Conjunto Residencial Vinte e Seis de Junho
Paraná,PR,Umuarama,Jardim Alto da Boa Vista
Paraná,PR,Umuarama,Jardim Alvorada
Paraná,PR,Umuarama,Jardim America
Paraná,PR,Umuarama,Jardim Aratimbo
Paraná,PR,Umuarama,Jardim Beira Rio
Paraná,PR,Umuarama,Jardim Belvedere
Paraná,PR,Umuarama,Jardim Birigui
Paraná,PR,Umuarama,Jardim Campo Belo
Paraná,PR,Umuarama,Jardim Canada
Paraná,PR,Umuarama,Jardim Canada II
Paraná,PR,Umuarama,Jardim Carolina
Paraná,PR,Umuarama,Jardim Cidade Alta
Paraná,PR,Umuarama,Jardim Colibri
Paraná,PR,Umuarama,Jardim Cruzeiro
Paraná,PR,Umuarama,Jardim dos Principes
Paraná,PR,Umuarama,Jardim Europa
Paraná,PR,Umuarama,Jardim Iguacu
Paraná,PR,Umuarama,Jardim Indaia
Paraná,PR,Umuarama,Jardim Ipanema
Paraná,PR,Umuarama,Jardim Kennedy
Paraná,PR,Umuarama,Jardim Los Angeles
Paraná,PR,Umuarama,Jardim Maria Lucia
Paraná,PR,Umuarama,Jardim Monte Carlo
Paraná,PR,Umuarama,Jardim Paineiras
Paraná,PR,Umuarama,Jardim Panorama
Paraná,PR,Umuarama,Jardim Paraiso
Paraná,PR,Umuarama,Jardim Petropolis
Paraná,PR,Umuarama,Jardim Primavera
Paraná,PR,Umuarama,Jardim Residencial Porto Belo
Paraná,PR,Umuarama,Jardim San Fernando
Paraná,PR,Umuarama,Jardim San Martim
Paraná,PR,Umuarama,Jardim San Rafael
Paraná,PR,Umuarama,Jardim Sao Cristovao
Paraná,PR,Umuarama,Jardim Sao Marcos
Paraná,PR,Umuarama,Jardim Shangrila
Paraná,PR,Umuarama,Jardim Social
Paraná,PR,Umuarama,Jardim Sol Nascente
Paraná,PR,Umuarama,Jardim Tamoio
Paraná,PR,Umuarama,Jardim Tangara
Paraná,PR,Umuarama,Jardim Tropical
Paraná,PR,Umuarama,Jardim Uniao
Paraná,PR,Umuarama,Jardim Universitario
Paraná,PR,Umuarama,Jardim Vitoria
Paraná,PR,Umuarama,Mutirao Jardim Alvorada
Paraná,PR,Umuarama,Nucleo Cruzeiro
Paraná,PR,Umuarama,Parque 1 de Maio
Paraná,PR,Umuarama,Parque Bonfim
Paraná,PR,Umuarama,Parque Cidade Jardim
Paraná,PR,Umuarama,Parque Danielle
Paraná,PR,Umuarama,Parque das Jaboticabeiras
Paraná,PR,Umuarama,Parque das Laranjeiras
Paraná,PR,Umuarama,Parque Dom Bosco
Paraná,PR,Umuarama,Parque Dom Pedro I
Paraná,PR,Umuarama,Parque Dom Pedro II
Paraná,PR,Umuarama,Parque Industrial
Paraná,PR,Umuarama,Parque Industrial Comercial Novo Horizonte
Paraná,PR,Umuarama,Parque Industrial I
Paraná,PR,Umuarama,Parque Industrial II
Paraná,PR,Umuarama,Parque Presidente
Paraná,PR,Umuarama,Parque San Caetano
Paraná,PR,Umuarama,Parque San Marino
Paraná,PR,Umuarama,Parque San Remo I
Paraná,PR,Umuarama,Parque San Remo III
Paraná,PR,Umuarama,Parque Taruma
Paraná,PR,Umuarama,Zona I
Paraná,PR,Umuarama,Zona I-a
Paraná,PR,Umuarama,Zona II
Paraná,PR,Umuarama,Zona III
Paraná,PR,Umuarama,Zona IV
Paraná,PR,Umuarama,Zona V
Paraná,PR,Umuarama,Zona VI
Paraná,PR,Umuarama,Zona VII
Paraíba,PB,Bayeux,Aeroporto
Paraíba,PB,Bayeux,Alto da Boa Vista
Paraíba,PB,Bayeux,Baralho
Paraíba,PB,Bayeux,Brasilia
Paraíba,PB,Bayeux,Centro
Paraíba,PB,Bayeux,Imaculada
Paraíba,PB,Bayeux,Jardim Sao Severino
Paraíba,PB,Bayeux,Manguinhos
Paraíba,PB,Bayeux,Mutirao
Paraíba,PB,Bayeux,Rio do Meio
Paraíba,PB,Bayeux,Sao Bento
Paraíba,PB,Bayeux,Sesi
Paraíba,PB,Bayeux,Tambay
Paraíba,PB,Campina Grande,Bodocongo
Paraíba,PB,Campina Grande,Catole
Paraíba,PB,Campina Grande,Centro
Paraíba,PB,Campina Grande,Cidades
Paraíba,PB,Campina Grande,Cruzeiro
Paraíba,PB,Campina Grande,Jardim Paulistano
Paraíba,PB,Campina Grande,Jardim Quarenta
Paraíba,PB,Campina Grande,Jeremias
Paraíba,PB,Campina Grande,Jose Pinheiro
Paraíba,PB,Campina Grande,Liberdade
Paraíba,PB,Campina Grande,Mirante
Paraíba,PB,Campina Grande,Monte Castelo
Paraíba,PB,Campina Grande,Nacoes
Paraíba,PB,Campina Grande,Nova Brasilia
Paraíba,PB,Campina Grande,Santa Rosa
Paraíba,PB,Campina Grande,Sao Jose
Paraíba,PB,Campina Grande,Tambor
Paraíba,PB,Campina Grande,Vila Cabral
Paraíba,PB,Joao Pessoa,Alto Cabo Branco
Paraíba,PB,Joao Pessoa,Alto do Mateus
Paraíba,PB,Joao Pessoa,Bessa
Paraíba,PB,Joao Pessoa,Brisamar
Paraíba,PB,Joao Pessoa,Cabo Branco
Paraíba,PB,Joao Pessoa,Castelo Branco
Paraíba,PB,Joao Pessoa,Centro
Paraíba,PB,Joao Pessoa,Cidade dos Funcionarios
Paraíba,PB,Joao Pessoa,Cordao Encarnado
Paraíba,PB,Joao Pessoa,Costa e Silva
Paraíba,PB,Joao Pessoa,Cristo Redentor
Paraíba,PB,Joao Pessoa,Cruz das Armas
Paraíba,PB,Joao Pessoa,Distrito Industrial
Paraíba,PB,Joao Pessoa,Ernani Satiro
Paraíba,PB,Joao Pessoa,Ernesto Geisel
Paraíba,PB,Joao Pessoa,Estados
Paraíba,PB,Joao Pessoa,Expedicionarios
Paraíba,PB,Joao Pessoa,Funcionarios II
Paraíba,PB,Joao Pessoa,Ilha do Bispo
Paraíba,PB,Joao Pessoa,Industrias
Paraíba,PB,Joao Pessoa,Ipes
Paraíba,PB,Joao Pessoa,Jaguaribe
Paraíba,PB,Joao Pessoa,Jardim Cidade Universitaria
Paraíba,PB,Joao Pessoa,Jardim Planalto
Paraíba,PB,Joao Pessoa,Jardim Veneza
Paraíba,PB,Joao Pessoa,Jose Americo de Almeida
Paraíba,PB,Joao Pessoa,Manaira
Paraíba,PB,Joao Pessoa,Mandacaru
Paraíba,PB,Joao Pessoa,Mangabeira
Paraíba,PB,Joao Pessoa,Mares
Paraíba,PB,Joao Pessoa,Miramar
Paraíba,PB,Joao Pessoa,Novais
Paraíba,PB,Joao Pessoa,Rangel
Paraíba,PB,Joao Pessoa,Roger
Paraíba,PB,Joao Pessoa,Seixas
Paraíba,PB,Joao Pessoa,Tambau
Paraíba,PB,Joao Pessoa,Tambauzinho
Paraíba,PB,Joao Pessoa,Tambia
Paraíba,PB,Joao Pessoa,Torre
Paraíba,PB,Joao Pessoa,Treze de Maio
Paraíba,PB,Joao Pessoa,Valentina Figueiredo
Paraíba,PB,Joao Pessoa,Varadouro
Paraíba,PB,Patos,Belo Horizonte
Paraíba,PB,Patos,Brasilia
Paraíba,PB,Patos,Centro
Paraíba,PB,Patos,Conjunto Bivar Olinto
Paraíba,PB,Patos,Conjunto Noe Trajano
Paraíba,PB,Patos,Jardim Bela Vista
Paraíba,PB,Patos,Jardim California
Paraíba,PB,Patos,Jardim Europa
Paraíba,PB,Patos,Jardim Guanabara
Paraíba,PB,Patos,Jardim Lacerda
Paraíba,PB,Patos,Jardim Magnolia
Paraíba,PB,Patos,Jardim Queiroz
Paraíba,PB,Patos,Jardim Redencao
Paraíba,PB,Patos,Jatoba
Paraíba,PB,Patos,Jua Doce
Paraíba,PB,Patos,Liberdade
Paraíba,PB,Patos,Maternidade
Paraíba,PB,Patos,Monte Castelo
Paraíba,PB,Patos,Morro
Paraíba,PB,Patos,Salgadinho
Paraíba,PB,Patos,Santa Cecilia
Paraíba,PB,Patos,Santo Antonio
Paraíba,PB,Patos,Sao Sebastiao
Paraíba,PB,Patos,Vila Cavalcante
Paraíba,PB,Patos,Vitoria
Paraíba,PB,Santa Rita,Centro
Paraíba,PB,Santa Rita,Liberdade
Paraíba,PB,Santa Rita,Municipios
Paraíba,PB,Santa Rita,Popular
Paraíba,PB,Santa Rita,Vila Tibiri
Paraíba,PB,Sousa,Alto Capanema
Paraíba,PB,Sousa,Alto do Cruzeiro
Paraíba,PB,Sousa,Andre Gadelha
Paraíba,PB,Sousa,Angelim
Paraíba,PB,Sousa,Areia
Paraíba,PB,Sousa,Bela Vista
Paraíba,PB,Sousa,Centro
Paraíba,PB,Sousa,Estacao
Paraíba,PB,Sousa,Estreito
Paraíba,PB,Sousa,Gato Preto
Paraíba,PB,Sousa,Guanabara
Paraíba,PB,Sousa,Jardim Brasilia
Paraíba,PB,Sousa,Jardim Dezire
Paraíba,PB,Sousa,Jardim Iracema
Paraíba,PB,Sousa,Jardim Santana
Paraíba,PB,Sousa,Jardim Sorrilandia
Paraíba,PB,Sousa,Maria de Lourdes Sarmento Meira
Paraíba,PB,Sousa,Mutirao
Paraíba,PB,Sousa,Recreio
Paraíba,PB,Sousa,Sao Jose
Paraíba,PB,Sousa,Varzea da Cruz
Pernambuco,PE,Abreu e Lima,Alto da Bela Vista
Pernambuco,PE,Abreu e Lima,Alto Sao Miguel
Pernambuco,PE,Abreu e Lima,Caetes I
Pernambuco,PE,Abreu e Lima,Caetes II
Pernambuco,PE,Abreu e Lima,Caetes III
Pernambuco,PE,Abreu e Lima,Caetes Velho
Pernambuco,PE,Abreu e Lima,Centro
Pernambuco,PE,Abreu e Lima,Desterro
Pernambuco,PE,Abreu e Lima,Distrito Industrial
Pernambuco,PE,Abreu e Lima,Fosfato
Pernambuco,PE,Abreu e Lima,Matinha
Pernambuco,PE,Abreu e Lima,Planalto
Pernambuco,PE,Abreu e Lima,Timbo
Pernambuco,PE,Arcoverde,Boa Vista
Pernambuco,PE,Arcoverde,Centro
Pernambuco,PE,Arcoverde,Coronel Siqueira Campos
Pernambuco,PE,Arcoverde,Por do Sol
Pernambuco,PE,Arcoverde,Santa Luzia
Pernambuco,PE,Arcoverde,Santos Dumont
Pernambuco,PE,Arcoverde,Sao Cristovao
Pernambuco,PE,Arcoverde,Sao Geraldo
Pernambuco,PE,Arcoverde,Sao Miguel
Pernambuco,PE,Arcoverde,Tamboril
Pernambuco,PE,Cabo,Centro
Pernambuco,PE,Cabo,Charneca
Pernambuco,PE,Cabo,Charnequinha
Pernambuco,PE,Cabo,Cohab
Pernambuco,PE,Cabo,Nossa Senhora do Rosario
Pernambuco,PE,Cabo,Pirapama
Pernambuco,PE,Cabo,Santa Monica
Pernambuco,PE,Cabo,Santo Inacio
Pernambuco,PE,Cabo,Sao Francisco
Pernambuco,PE,Cabo,Torrinha
Pernambuco,PE,Cabo,Vila Social Contra Mucambo
Pernambuco,PE,Camaragibe,Alberto Maia
Pernambuco,PE,Camaragibe,Aldeia
Pernambuco,PE,Camaragibe,Centro
Pernambuco,PE,Camaragibe,Jardim Primavera
Pernambuco,PE,Camaragibe,Tabatinga
Pernambuco,PE,Camaragibe,Timbi
Pernambuco,PE,Camaragibe,Vila da Fabrica
Pernambuco,PE,Carpina,Bairro Novo
Pernambuco,PE,Carpina,Caja
Pernambuco,PE,Carpina,Cohab I
Pernambuco,PE,Carpina,Florestinha
Pernambuco,PE,Carpina,Santo Antonio
Pernambuco,PE,Carpina,Sao Jose
Pernambuco,PE,Carpina,Senzala
Pernambuco,PE,Carpina,Vila Ipsep
Pernambuco,PE,Caruaru,Cedro
Pernambuco,PE,Caruaru,Centenario
Pernambuco,PE,Caruaru,Centro
Pernambuco,PE,Caruaru,Cohab III
Pernambuco,PE,Caruaru,Divinopolis
Pernambuco,PE,Caruaru,Indianopolis
Pernambuco,PE,Caruaru,Joao Mota
Pernambuco,PE,Caruaru,Mauricio de Nassau
Pernambuco,PE,Caruaru,Morro do Bom Jesus
Pernambuco,PE,Caruaru,Nova Caruaru
Pernambuco,PE,Caruaru,Riachao
Pernambuco,PE,Caruaru,Salgado
Pernambuco,PE,Caruaru,Sao Francisco
Pernambuco,PE,Caruaru,Universitario
Pernambuco,PE,Garanhuns,Aloisio Pinto
Pernambuco,PE,Garanhuns,Boa Vista
Pernambuco,PE,Garanhuns,Heliopolis
Pernambuco,PE,Garanhuns,Magano
Pernambuco,PE,Garanhuns,Santo Antonio
Pernambuco,PE,Garanhuns,Sao Jose
Pernambuco,PE,Gravata,Bairro Novo
Pernambuco,PE,Gravata,Boa Vista
Pernambuco,PE,Gravata,Centro
Pernambuco,PE,Gravata,Cruzeiro
Pernambuco,PE,Gravata,Jardim Santana
Pernambuco,PE,Gravata,Norte
Pernambuco,PE,Gravata,Novo Gravata
Pernambuco,PE,Gravata,Prado
Pernambuco,PE,Gravata,Quinze de Novembro
Pernambuco,PE,Gravata,Santo Antonio
Pernambuco,PE,Gravata,Vale do Ipojuca
Pernambuco,PE,Igarassu,Arassoiaba
Pernambuco,PE,Igarassu,Centro
Pernambuco,PE,Igarassu,Cruz de Reboucas
Pernambuco,PE,Jaboatao dos Guararapes,Alto da Colina
Pernambuco,PE,Jaboatao dos Guararapes,Barra de Jangada
Pernambuco,PE,Jaboatao dos Guararapes,Bulhoes
Pernambuco,PE,Jaboatao dos Guararapes,Cajueiro Seco
Pernambuco,PE,Jaboatao dos Guararapes,Candeias
Pernambuco,PE,Jaboatao dos Guararapes,Cascata
Pernambuco,PE,Jaboatao dos Guararapes,Cavaleiro
Pernambuco,PE,Jaboatao dos Guararapes,Centro
Pernambuco,PE,Jaboatao dos Guararapes,Comporta
Pernambuco,PE,Jaboatao dos Guararapes,Cristo Redentor
Pernambuco,PE,Jaboatao dos Guararapes,Curado I
Pernambuco,PE,Jaboatao dos Guararapes,Curado II
Pernambuco,PE,Jaboatao dos Guararapes,Curado III
Pernambuco,PE,Jaboatao dos Guararapes,Dois Carneiros
Pernambuco,PE,Jaboatao dos Guararapes,Engenho Velho
Pernambuco,PE,Jaboatao dos Guararapes,Guararapes
Pernambuco,PE,Jaboatao dos Guararapes,Jangadinha
Pernambuco,PE,Jaboatao dos Guararapes,Jardim Jordao
Pernambuco,PE,Jaboatao dos Guararapes,Loteamento 92
Pernambuco,PE,Jaboatao dos Guararapes,Muribeca dos Guararapes
Pernambuco,PE,Jaboatao dos Guararapes,Padre Roma
Pernambuco,PE,Jaboatao dos Guararapes,Piedade
Pernambuco,PE,Jaboatao dos Guararapes,Prazeres
Pernambuco,PE,Jaboatao dos Guararapes,Santo Aleixo
Pernambuco,PE,Jaboatao dos Guararapes,Socorro
Pernambuco,PE,Jaboatao dos Guararapes,Sucupira
Pernambuco,PE,Jaboatao dos Guararapes,Tres Carneiros
Pernambuco,PE,Jaboatao dos Guararapes,Ur-11
Pernambuco,PE,Jaboatao dos Guararapes,Vila Rica
Pernambuco,PE,Jaboatao dos Guararapes,Vista Alegre
Pernambuco,PE,Jaboatao dos Guararapes,Zumbi do Pacheco
Pernambuco,PE,Olinda,7a/ro
Pernambuco,PE,Olinda,Aguas Compridas
Pernambuco,PE,Olinda,Alto da Mina
Pernambuco,PE,Olinda,Alto da Nacao
Pernambuco,PE,Olinda,Alto Jardim Conquista
Pernambuco,PE,Olinda,Alto Nova Olinda
Pernambuco,PE,Olinda,Alto Sol Nascente
Pernambuco,PE,Olinda,Amaro Branco
Pernambuco,PE,Olinda,Bairro Novo
Pernambuco,PE,Olinda,Bonsucesso
Pernambuco,PE,Olinda,Bultrins
Pernambuco,PE,Olinda,Caixa D'agua
Pernambuco,PE,Olinda,Carmo
Pernambuco,PE,Olinda,Casa Caiada
Pernambuco,PE,Olinda,Cidade Tabajara
Pernambuco,PE,Olinda,Corrego do Abacaxi
Pernambuco,PE,Olinda,Fragoso
Pernambuco,PE,Olinda,Guadalupe
Pernambuco,PE,Olinda,Jardim Atlantico
Pernambuco,PE,Olinda,Jardim Brasil
Pernambuco,PE,Olinda,Jatoba
Pernambuco,PE,Olinda,Monte
Pernambuco,PE,Olinda,Ouro Preto
Pernambuco,PE,Olinda,Passarinho
Pernambuco,PE,Olinda,Peixinhos
Pernambuco,PE,Olinda,Rio Doce
Pernambuco,PE,Olinda,Salgadinho
Pernambuco,PE,Olinda,Santa Tereza
Pernambuco,PE,Olinda,Sao Benedito
Pernambuco,PE,Olinda,Sapucaia
Pernambuco,PE,Olinda,Sitio Novo
Pernambuco,PE,Olinda,Umuarama
Pernambuco,PE,Olinda,Varadouro
Pernambuco,PE,Olinda,Vila Popular
Pernambuco,PE,Paulista,Aurora
Pernambuco,PE,Paulista,Centro
Pernambuco,PE,Paulista,Engenho Maranguape
Pernambuco,PE,Paulista,Janga
Pernambuco,PE,Paulista,Maranguape II
Pernambuco,PE,Paulista,Maria Farinha
Pernambuco,PE,Paulista,Mirueira
Pernambuco,PE,Paulista,Nobre
Pernambuco,PE,Paulista,Nossa Senhora da Conceicao
Pernambuco,PE,Paulista,Nossa Senhora do O
Pernambuco,PE,Paulista,Pau Amarelo
Pernambuco,PE,Paulista,Vila Torres Galvao
Pernambuco,PE,Petrolina,Alto Cheiroso
Pernambuco,PE,Petrolina,Areia Branca
Pernambuco,PE,Petrolina,Atraz da Banca
Pernambuco,PE,Petrolina,Caminho do Sol
Pernambuco,PE,Petrolina,Centro
Pernambuco,PE,Petrolina,Cohab Massangano
Pernambuco,PE,Petrolina,Distrito Industrial
Pernambuco,PE,Petrolina,Gercino Coelho
Pernambuco,PE,Petrolina,Jardim Amazonas
Pernambuco,PE,Petrolina,Jardim Maravilha
Pernambuco,PE,Petrolina,Jardim Sao Paulo
Pernambuco,PE,Petrolina,Joao de Deus
Pernambuco,PE,Petrolina,Jose e Maria
Pernambuco,PE,Petrolina,Km-2
Pernambuco,PE,Petrolina,Loteamento Recife
Pernambuco,PE,Petrolina,Maria Auxiliadora
Pernambuco,PE,Petrolina,Ouro Preto
Pernambuco,PE,Petrolina,Palhinhas
Pernambuco,PE,Petrolina,Pedro Raimundo
Pernambuco,PE,Petrolina,Portal da Cidade
Pernambuco,PE,Petrolina,Sao Goncalo
Pernambuco,PE,Petrolina,Vila Eduardo
Pernambuco,PE,Petrolina,Vila Moco
Pernambuco,PE,Recife,Aflitos
Pernambuco,PE,Recife,Afogados
Pernambuco,PE,Recife,Agua Fria
Pernambuco,PE,Recife,Alto do Mandu
Pernambuco,PE,Recife,Alto Jose Bonifacio
Pernambuco,PE,Recife,Alto Jose do Pinho
Pernambuco,PE,Recife,Alto Santa Terezinha
Pernambuco,PE,Recife,Apipucos
Pernambuco,PE,Recife,Areias
Pernambuco,PE,Recife,Arruda
Pernambuco,PE,Recife,Barro
Pernambuco,PE,Recife,Beberibe
Pernambuco,PE,Recife,Boa Viagem
Pernambuco,PE,Recife,Boa Vista
Pernambuco,PE,Recife,Bomba do Hemeterio
Pernambuco,PE,Recife,Bonji
Pernambuco,PE,Recife,Brasilia Teimosa
Pernambuco,PE,Recife,Brejo da Guabiraba
Pernambuco,PE,Recife,Brejo de Beberibe
Pernambuco,PE,Recife,Cabanga
Pernambuco,PE,Recife,Cajueiro
Pernambuco,PE,Recife,Campina do Barreto
Pernambuco,PE,Recife,Campo Grande
Pernambuco,PE,Recife,Casa Amarela
Pernambuco,PE,Recife,Casa Forte
Pernambuco,PE,Recife,Caxanga
Pernambuco,PE,Recife,Cidade Universitaria
Pernambuco,PE,Recife,Cohab
Pernambuco,PE,Recife,Coqueiral
Pernambuco,PE,Recife,Cordeiro
Pernambuco,PE,Recife,Corrego do Genipapo
Pernambuco,PE,Recife,Curado
Pernambuco,PE,Recife,Derby
Pernambuco,PE,Recife,Dois Unidos
Pernambuco,PE,Recife,Encruzilhada
Pernambuco,PE,Recife,Engenho do Meio
Pernambuco,PE,Recife,Espinheiro
Pernambuco,PE,Recife,Estancia
Pernambuco,PE,Recife,Fundao
Pernambuco,PE,Recife,Gracas
Pernambuco,PE,Recife,Guabiraba
Pernambuco,PE,Recife,Hipodromo
Pernambuco,PE,Recife,Ibura
Pernambuco,PE,Recife,Ilha do Leite
Pernambuco,PE,Recife,Ilha do Retiro
Pernambuco,PE,Recife,Ilha Joana Bezerra
Pernambuco,PE,Recife,Imbiribeira
Pernambuco,PE,Recife,Ipsep
Pernambuco,PE,Recife,Iputinga
Pernambuco,PE,Recife,Jardim Sao Paulo
Pernambuco,PE,Recife,Jiquia
Pernambuco,PE,Recife,Jordao
Pernambuco,PE,Recife,Linha do Tiro
Pernambuco,PE,Recife,Macaxeira
Pernambuco,PE,Recife,Madalena
Pernambuco,PE,Recife,Mangabeira
Pernambuco,PE,Recife,Mangueira
Pernambuco,PE,Recife,Morro da Conceicao
Pernambuco,PE,Recife,Mustardinha
Pernambuco,PE,Recife,Nova Descoberta
Pernambuco,PE,Recife,Parnamirim
Pernambuco,PE,Recife,Passarinho
Pernambuco,PE,Recife,Pina
Pernambuco,PE,Recife,Poco
Pernambuco,PE,Recife,Ponto de Parada
Pernambuco,PE,Recife,Prado
Pernambuco,PE,Recife,Recife
Pernambuco,PE,Recife,Rosarinho
Pernambuco,PE,Recife,San Martin
Pernambuco,PE,Recife,Sancho
Pernambuco,PE,Recife,Santana
Pernambuco,PE,Recife,Santo Amaro
Pernambuco,PE,Recife,Santo Antonio
Pernambuco,PE,Recife,Sao Jose
Pernambuco,PE,Recife,Sitio dos Pintos
Pernambuco,PE,Recife,Tamarineira
Pernambuco,PE,Recife,Tejipio
Pernambuco,PE,Recife,Torre
Pernambuco,PE,Recife,Torreao
Pernambuco,PE,Recife,Torroes
Pernambuco,PE,Recife,Toto
Pernambuco,PE,Recife,Varzea
Pernambuco,PE,Recife,Vasco da Gama
Pernambuco,PE,Recife,Zumbi
Pernambuco,PE,Sao Lourenco da Mata,Capibaribe
Pernambuco,PE,Sao Lourenco da Mata,Centro
Pernambuco,PE,Sao Lourenco da Mata,Cha da Tabua
Pernambuco,PE,Sao Lourenco da Mata,Muribara
Pernambuco,PE,Sao Lourenco da Mata,Penedo
Pernambuco,PE,Sao Lourenco da Mata,Pixete
Pernambuco,PE,Sao Lourenco da Mata,Tiuma
Pernambuco,PE,Serra Talhada,Aabb
Pernambuco,PE,Serra Talhada,Alto Bom Jesus
Pernambuco,PE,Serra Talhada,Alto da Conceicao
Pernambuco,PE,Serra Talhada,Bomba
Pernambuco,PE,Serra Talhada,Borborema
Pernambuco,PE,Serra Talhada,Cagep
Pernambuco,PE,Serra Talhada,Centro
Pernambuco,PE,Serra Talhada,Cohab
Pernambuco,PE,Serra Talhada,Jose Rufino Alves
Pernambuco,PE,Serra Talhada,Mutirao
Pernambuco,PE,Serra Talhada,Nossa Senhora da Penha
Pernambuco,PE,Serra Talhada,Rodoviaria
Pernambuco,PE,Serra Talhada,Sao Cristovao
Pernambuco,PE,Serra Talhada,Varzea
Pernambuco,PE,Vitoria de Santo Antao,Alto Jose Leal
Pernambuco,PE,Vitoria de Santo Antao,Bela Vista
Pernambuco,PE,Vitoria de Santo Antao,Caja
Pernambuco,PE,Vitoria de Santo Antao,Campinas
Pernambuco,PE,Vitoria de Santo Antao,Jardim Ipiranga
Pernambuco,PE,Vitoria de Santo Antao,Lidia Queiroz
Pernambuco,PE,Vitoria de Santo Antao,Livramento
Pernambuco,PE,Vitoria de Santo Antao,Matriz
Pernambuco,PE,Vitoria de Santo Antao,Maues
Pernambuco,PE,Vitoria de Santo Antao,Pirituba
Pernambuco,PE,Vitoria de Santo Antao,Redencao
Pernambuco,PE,Vitoria de Santo Antao,Santo Ivo
Piauí,PI,Parnaiba,Bebedouro
Piauí,PI,Parnaiba,Boa Esperanca
Piauí,PI,Parnaiba,Cantagalo
Piauí,PI,Parnaiba,Catanduvas
Piauí,PI,Parnaiba,Ceara
Piauí,PI,Parnaiba,Centro
Piauí,PI,Parnaiba,Nossa Senhora de Fatima
Piauí,PI,Parnaiba,Nossa Senhora do Carmo
Piauí,PI,Parnaiba,Nova Parnaiba
Piauí,PI,Parnaiba,Piaui
Piauí,PI,Parnaiba,Pindorama
Piauí,PI,Parnaiba,Reis Veloso
Piauí,PI,Parnaiba,Rodoviaria
Piauí,PI,Parnaiba,Santa Luzia
Piauí,PI,Parnaiba,Sao Benedito
Piauí,PI,Parnaiba,Sao Francisco da Guarita
Piauí,PI,Parnaiba,Sao Jose
Piauí,PI,Parnaiba,Sao Judas Tadeu
Piauí,PI,Parnaiba,Sao Vicente de Paula
Piauí,PI,Teresina,Acarape
Piauí,PI,Teresina,Aeroporto
Piauí,PI,Teresina,Agua Mineral
Piauí,PI,Teresina,Alto Alegre
Piauí,PI,Teresina,Alvorada
Piauí,PI,Teresina,Bela Vista
Piauí,PI,Teresina,Bom Jesus
Piauí,PI,Teresina,Buenos Aires
Piauí,PI,Teresina,Cabral
Piauí,PI,Teresina,Centro
Piauí,PI,Teresina,Cidade Nova
Piauí,PI,Teresina,Cristo Rei
Piauí,PI,Teresina,Fatima
Piauí,PI,Teresina,Frei Serafim
Piauí,PI,Teresina,Horto
Piauí,PI,Teresina,Ilhotas
Piauí,PI,Teresina,Ininga
Piauí,PI,Teresina,Itarare
Piauí,PI,Teresina,Joquei
Piauí,PI,Teresina,Lourival Parente
Piauí,PI,Teresina,Mafrense
Piauí,PI,Teresina,Mafua
Piauí,PI,Teresina,Matadouro
Piauí,PI,Teresina,Matinha
Piauí,PI,Teresina,Memorare
Piauí,PI,Teresina,Monte Castelo
Piauí,PI,Teresina,Morada do Sol
Piauí,PI,Teresina,Morro da Esperanca
Piauí,PI,Teresina,Noivos
Piauí,PI,Teresina,Nossa Senhora das Gracas
Piauí,PI,Teresina,Nova Brasilia
Piauí,PI,Teresina,Picarra
Piauí,PI,Teresina,Picarreira
Piauí,PI,Teresina,Piraja
Piauí,PI,Teresina,Planalto
Piauí,PI,Teresina,Porenquanto
Piauí,PI,Teresina,Poti Velho
Piauí,PI,Teresina,Primavera
Piauí,PI,Teresina,Real Copagri
Piauí,PI,Teresina,Saci
Piauí,PI,Teresina,Santa Isabel
Piauí,PI,Teresina,Santo Antonio
Piauí,PI,Teresina,Sao Cristovao
Piauí,PI,Teresina,Sao Joao
Piauí,PI,Teresina,Sao Joaquim
Piauí,PI,Teresina,Sao Pedro
Piauí,PI,Teresina,Satelite
Piauí,PI,Teresina,Taboleta
Piauí,PI,Teresina,Tres Andares
Piauí,PI,Teresina,Triunfo
Piauí,PI,Teresina,Vermelha
Piauí,PI,Teresina,Vila Operaria
province,provinceCode,city,link
Rio de Janeiro,RJ,Barra do Pirai,Areal
Rio de Janeiro,RJ,Barra do Pirai,Belvedere
Rio de Janeiro,RJ,Barra do Pirai,Boa Sorte
Rio de Janeiro,RJ,Barra do Pirai,Campo Bom
Rio de Janeiro,RJ,Barra do Pirai,Cantao
Rio de Janeiro,RJ,Barra do Pirai,Careira Vermelha
Rio de Janeiro,RJ,Barra do Pirai,Carvao
Rio de Janeiro,RJ,Barra do Pirai,Caueira Sao Pedro
Rio de Janeiro,RJ,Barra do Pirai,Centro
Rio de Janeiro,RJ,Barra do Pirai,Chalet
Rio de Janeiro,RJ,Barra do Pirai,Coimbra
Rio de Janeiro,RJ,Barra do Pirai,Ipiranga
Rio de Janeiro,RJ,Barra do Pirai,Jaqueira
Rio de Janeiro,RJ,Barra do Pirai,Lago Azul
Rio de Janeiro,RJ,Barra do Pirai,Maracana
Rio de Janeiro,RJ,Barra do Pirai,Matadouro
Rio de Janeiro,RJ,Barra do Pirai,Metalurgica
Rio de Janeiro,RJ,Barra do Pirai,Morro da Gama
Rio de Janeiro,RJ,Barra do Pirai,Muqueca
Rio de Janeiro,RJ,Barra do Pirai,Nossa Senhora de Santana
Rio de Janeiro,RJ,Barra do Pirai,Oficina Velha
Rio de Janeiro,RJ,Barra do Pirai,Parque Sao Joaquim
Rio de Janeiro,RJ,Barra do Pirai,Parque Sao Jose
Rio de Janeiro,RJ,Barra do Pirai,Ponte do Andrade
Rio de Janeiro,RJ,Barra do Pirai,Ponte Preta
Rio de Janeiro,RJ,Barra do Pirai,Ponte Vermelha
Rio de Janeiro,RJ,Barra do Pirai,Quimica
Rio de Janeiro,RJ,Barra do Pirai,Roseira
Rio de Janeiro,RJ,Barra do Pirai,Santana da Barra
Rio de Janeiro,RJ,Barra do Pirai,Santo Antonio
Rio de Janeiro,RJ,Barra do Pirai,Santo Cristo
Rio de Janeiro,RJ,Barra do Pirai,Sao Joao
Rio de Janeiro,RJ,Barra do Pirai,Sao Luis
Rio de Janeiro,RJ,Barra do Pirai,Vargem Grande
Rio de Janeiro,RJ,Barra do Pirai,Vila Helena
Rio de Janeiro,RJ,Barra Mansa,9 de Abril
Rio de Janeiro,RJ,Barra Mansa,Abelhas
Rio de Janeiro,RJ,Barra Mansa,Ano Bom
Rio de Janeiro,RJ,Barra Mansa,Barbara
Rio de Janeiro,RJ,Barra Mansa,Boa Sorte
Rio de Janeiro,RJ,Barra Mansa,Boa Vista
Rio de Janeiro,RJ,Barra Mansa,Bocaininha
Rio de Janeiro,RJ,Barra Mansa,Cantagalo
Rio de Janeiro,RJ,Barra Mansa,Centro
Rio de Janeiro,RJ,Barra Mansa,Colonia Santo Antonio
Rio de Janeiro,RJ,Barra Mansa,Cotiara
Rio de Janeiro,RJ,Barra Mansa,Floriano
Rio de Janeiro,RJ,Barra Mansa,Goiabal
Rio de Janeiro,RJ,Barra Mansa,Jardim America
Rio de Janeiro,RJ,Barra Mansa,Jardim Belmonte
Rio de Janeiro,RJ,Barra Mansa,Jardim Boa Vista
Rio de Janeiro,RJ,Barra Mansa,Jardim Roselandia
Rio de Janeiro,RJ,Barra Mansa,Loteamento Boa Vista
Rio de Janeiro,RJ,Barra Mansa,Loteamento Sao Vicente
Rio de Janeiro,RJ,Barra Mansa,Mangueira
Rio de Janeiro,RJ,Barra Mansa,Minerlandia
Rio de Janeiro,RJ,Barra Mansa,Monte Cristo
Rio de Janeiro,RJ,Barra Mansa,Nossa Senhora Aparecida
Rio de Janeiro,RJ,Barra Mansa,Nossa Senhora de Fatima
Rio de Janeiro,RJ,Barra Mansa,Nossa Senhora do Amparo
Rio de Janeiro,RJ,Barra Mansa,Parque Independencia
Rio de Janeiro,RJ,Barra Mansa,Piteiras
Rio de Janeiro,RJ,Barra Mansa,Ponte Alta
Rio de Janeiro,RJ,Barra Mansa,Quatis
Rio de Janeiro,RJ,Barra Mansa,Rialto
Rio de Janeiro,RJ,Barra Mansa,Roberto Silveira
Rio de Janeiro,RJ,Barra Mansa,Santa Clara
Rio de Janeiro,RJ,Barra Mansa,Santa Ines
Rio de Janeiro,RJ,Barra Mansa,Santa Rosa
Rio de Janeiro,RJ,Barra Mansa,Sao Cristovao
Rio de Janeiro,RJ,Barra Mansa,Sao Francisco de Assis
Rio de Janeiro,RJ,Barra Mansa,Sao Judas Tadeu
Rio de Janeiro,RJ,Barra Mansa,Sao Luis
Rio de Janeiro,RJ,Barra Mansa,Sao Luiz
Rio de Janeiro,RJ,Barra Mansa,Sao Pedro
Rio de Janeiro,RJ,Barra Mansa,Sao Silvestre
Rio de Janeiro,RJ,Barra Mansa,Saudade
Rio de Janeiro,RJ,Barra Mansa,Verbo Divino
Rio de Janeiro,RJ,Barra Mansa,Vila Coringa
Rio de Janeiro,RJ,Barra Mansa,Vila Independencia
Rio de Janeiro,RJ,Barra Mansa,Vila Nova
Rio de Janeiro,RJ,Barra Mansa,Vila Orlandelia
Rio de Janeiro,RJ,Barra Mansa,Vila Principal
Rio de Janeiro,RJ,Barra Mansa,Vila Santa Maria
Rio de Janeiro,RJ,Barra Mansa,Vila Ursulino
Rio de Janeiro,RJ,Barra Mansa,Vista Alegre
Rio de Janeiro,RJ,Belford Roxo,Albuquerque
Rio de Janeiro,RJ,Belford Roxo,Ambai
Rio de Janeiro,RJ,Belford Roxo,Amelia
Rio de Janeiro,RJ,Belford Roxo,Andrade Araujo
Rio de Janeiro,RJ,Belford Roxo,Apolo XI
Rio de Janeiro,RJ,Belford Roxo,Arco-iris
Rio de Janeiro,RJ,Belford Roxo,Areia Branca
Rio de Janeiro,RJ,Belford Roxo,Babi
Rio de Janeiro,RJ,Belford Roxo,Belford Roxo
Rio de Janeiro,RJ,Belford Roxo,Benfica
Rio de Janeiro,RJ,Belford Roxo,Boa Esperanca
Rio de Janeiro,RJ,Belford Roxo,Boa Sorte
Rio de Janeiro,RJ,Belford Roxo,Boa Ventura
Rio de Janeiro,RJ,Belford Roxo,Buriti
Rio de Janeiro,RJ,Belford Roxo,Chacara Santo Antonio
Rio de Janeiro,RJ,Belford Roxo,Dois Irmaos
Rio de Janeiro,RJ,Belford Roxo,Frei Fabiano
Rio de Janeiro,RJ,Belford Roxo,Gracas
Rio de Janeiro,RJ,Belford Roxo,Heliopolis
Rio de Janeiro,RJ,Belford Roxo,Hiterland
Rio de Janeiro,RJ,Belford Roxo,Itaipu
Rio de Janeiro,RJ,Belford Roxo,Jardim Almo
Rio de Janeiro,RJ,Belford Roxo,Jardim Amapa
Rio de Janeiro,RJ,Belford Roxo,Jardim America
Rio de Janeiro,RJ,Belford Roxo,Jardim Boa Vista
Rio de Janeiro,RJ,Belford Roxo,Jardim Bom Pastor
Rio de Janeiro,RJ,Belford Roxo,Jardim Brasil
Rio de Janeiro,RJ,Belford Roxo,Jardim das Acacias
Rio de Janeiro,RJ,Belford Roxo,Jardim das Estrelas
Rio de Janeiro,RJ,Belford Roxo,Jardim Dimas Filho
Rio de Janeiro,RJ,Belford Roxo,Jardim Glaucia
Rio de Janeiro,RJ,Belford Roxo,Jardim Ideal
Rio de Janeiro,RJ,Belford Roxo,Jardim Irma Branca
Rio de Janeiro,RJ,Belford Roxo,Jardim Itaipu
Rio de Janeiro,RJ,Belford Roxo,Jardim Limeira
Rio de Janeiro,RJ,Belford Roxo,Jardim Lisboa
Rio de Janeiro,RJ,Belford Roxo,Jardim Marques de Pombal
Rio de Janeiro,RJ,Belford Roxo,Jardim Meu Retiro
Rio de Janeiro,RJ,Belford Roxo,Jardim Patricia
Rio de Janeiro,RJ,Belford Roxo,Jardim Piedade
Rio de Janeiro,RJ,Belford Roxo,Jardim Portugal
Rio de Janeiro,RJ,Belford Roxo,Jardim Redentor
Rio de Janeiro,RJ,Belford Roxo,Jardim Santa Marta
Rio de Janeiro,RJ,Belford Roxo,Jardim Sao Bento
Rio de Janeiro,RJ,Belford Roxo,Jardim Sao Francisco
Rio de Janeiro,RJ,Belford Roxo,Jardim Tupiara
Rio de Janeiro,RJ,Belford Roxo,Jardim Xavantes
Rio de Janeiro,RJ,Belford Roxo,Lisboa
Rio de Janeiro,RJ,Belford Roxo,Luzes
Rio de Janeiro,RJ,Belford Roxo,Malhapao
Rio de Janeiro,RJ,Belford Roxo,Miguel Couto
Rio de Janeiro,RJ,Belford Roxo,Nossa Senhora das Gracas
Rio de Janeiro,RJ,Belford Roxo,Nossa Senhora de Fatima
Rio de Janeiro,RJ,Belford Roxo,Nova Aurora
Rio de Janeiro,RJ,Belford Roxo,Novo Eldorado
Rio de Janeiro,RJ,Belford Roxo,Orquideas
Rio de Janeiro,RJ,Belford Roxo,Outeiro
Rio de Janeiro,RJ,Belford Roxo,Parque Afonso
Rio de Janeiro,RJ,Belford Roxo,Parque Aida
Rio de Janeiro,RJ,Belford Roxo,Parque Alvorada
Rio de Janeiro,RJ,Belford Roxo,Parque Ambai
Rio de Janeiro,RJ,Belford Roxo,Parque Americano
Rio de Janeiro,RJ,Belford Roxo,Parque Amorim
Rio de Janeiro,RJ,Belford Roxo,Parque Boa Sorte
Rio de Janeiro,RJ,Belford Roxo,Parque Colonial
Rio de Janeiro,RJ,Belford Roxo,Parque das Flores
Rio de Janeiro,RJ,Belford Roxo,Parque dos Califas
Rio de Janeiro,RJ,Belford Roxo,Parque Esperanca
Rio de Janeiro,RJ,Belford Roxo,Parque Floresta
Rio de Janeiro,RJ,Belford Roxo,Parque Fluminense
Rio de Janeiro,RJ,Belford Roxo,Parque Gloria
Rio de Janeiro,RJ,Belford Roxo,Parque Jupiranguai
Rio de Janeiro,RJ,Belford Roxo,Parque Laranjeiras
Rio de Janeiro,RJ,Belford Roxo,Parque Martinho
Rio de Janeiro,RJ,Belford Roxo,Parque Nossa Senhora Aparecida
Rio de Janeiro,RJ,Belford Roxo,Parque Nova Aurea
Rio de Janeiro,RJ,Belford Roxo,Parque Roseiral
Rio de Janeiro,RJ,Belford Roxo,Parque Santa Amelia
Rio de Janeiro,RJ,Belford Roxo,Parque Santa Branca
Rio de Janeiro,RJ,Belford Roxo,Parque Santa Rita
Rio de Janeiro,RJ,Belford Roxo,Parque Sao Bento
Rio de Janeiro,RJ,Belford Roxo,Parque Sao Bernardo
Rio de Janeiro,RJ,Belford Roxo,Parque Sao Jose
Rio de Janeiro,RJ,Belford Roxo,Parque Sao Lucas
Rio de Janeiro,RJ,Belford Roxo,Parque Sao Vicente
Rio de Janeiro,RJ,Belford Roxo,Parque Saxonia
Rio de Janeiro,RJ,Belford Roxo,Parque Umari
Rio de Janeiro,RJ,Belford Roxo,Parque Uniao
Rio de Janeiro,RJ,Belford Roxo,Parque Uniao 4
Rio de Janeiro,RJ,Belford Roxo,Parque Veneza
Rio de Janeiro,RJ,Belford Roxo,Penapolis
Rio de Janeiro,RJ,Belford Roxo,Piam
Rio de Janeiro,RJ,Belford Roxo,Prata
Rio de Janeiro,RJ,Belford Roxo,Retiro dos Califas
Rio de Janeiro,RJ,Belford Roxo,Retiro Santa Isabel
Rio de Janeiro,RJ,Belford Roxo,Ribaslandia
Rio de Janeiro,RJ,Belford Roxo,Rocha Sobrinho
Rio de Janeiro,RJ,Belford Roxo,Santa Cecilia
Rio de Janeiro,RJ,Belford Roxo,Santa Emilia
Rio de Janeiro,RJ,Belford Roxo,Santa Helena
Rio de Janeiro,RJ,Belford Roxo,Santo Tirco
Rio de Janeiro,RJ,Belford Roxo,Sao Bernardo
Rio de Janeiro,RJ,Belford Roxo,Sao Jorge
Rio de Janeiro,RJ,Belford Roxo,Shangrila
Rio de Janeiro,RJ,Belford Roxo,Sicelandia
Rio de Janeiro,RJ,Belford Roxo,Sitio Floresta Linda
Rio de Janeiro,RJ,Belford Roxo,Sitio Real
Rio de Janeiro,RJ,Belford Roxo,Sitio Retiro Feliz
Rio de Janeiro,RJ,Belford Roxo,Sublime
Rio de Janeiro,RJ,Belford Roxo,Vergel dos Felix
Rio de Janeiro,RJ,Belford Roxo,Vila Borgerth
Rio de Janeiro,RJ,Belford Roxo,Vila Dagmar
Rio de Janeiro,RJ,Belford Roxo,Vila Entre Rios
Rio de Janeiro,RJ,Belford Roxo,Vila Esperanca
Rio de Janeiro,RJ,Belford Roxo,Vila Esteves
Rio de Janeiro,RJ,Belford Roxo,Vila Fluminense
Rio de Janeiro,RJ,Belford Roxo,Vila Heliopolis
Rio de Janeiro,RJ,Belford Roxo,Vila Herminia Maia
Rio de Janeiro,RJ,Belford Roxo,Vila Joana
Rio de Janeiro,RJ,Belford Roxo,Vila Joao Lima
Rio de Janeiro,RJ,Belford Roxo,Vila Joao Rodrigues
Rio de Janeiro,RJ,Belford Roxo,Vila Joema
Rio de Janeiro,RJ,Belford Roxo,Vila Jola
Rio de Janeiro,RJ,Belford Roxo,Vila Luz
Rio de Janeiro,RJ,Belford Roxo,Vila Madalena
Rio de Janeiro,RJ,Belford Roxo,Vila Maia
Rio de Janeiro,RJ,Belford Roxo,Vila Maria Ceu
Rio de Janeiro,RJ,Belford Roxo,Vila Marquesa de Santos
Rio de Janeiro,RJ,Belford Roxo,Vila Medeiros
Rio de Janeiro,RJ,Belford Roxo,Vila Monjardim
Rio de Janeiro,RJ,Belford Roxo,Vila Pauline
Rio de Janeiro,RJ,Belford Roxo,Vila Rica
Rio de Janeiro,RJ,Belford Roxo,Vila Sagres
Rio de Janeiro,RJ,Belford Roxo,Vila Santa Rita
Rio de Janeiro,RJ,Belford Roxo,Vila Santa Teresa
Rio de Janeiro,RJ,Belford Roxo,Vila Santo Antonio
Rio de Janeiro,RJ,Belford Roxo,Vila Santo Antonio da Prata
Rio de Janeiro,RJ,Belford Roxo,Vila Sao Sebastiao
Rio de Janeiro,RJ,Belford Roxo,Vila Sao Teodoro
Rio de Janeiro,RJ,Belford Roxo,Vila Seabra
Rio de Janeiro,RJ,Belford Roxo,Vila Sousa
Rio de Janeiro,RJ,Belford Roxo,Vila Tamoios
Rio de Janeiro,RJ,Belford Roxo,Vila Verde
Rio de Janeiro,RJ,Belford Roxo,Vila Vicosa
Rio de Janeiro,RJ,Belford Roxo,Vila Vitorio
Rio de Janeiro,RJ,Belford Roxo,Vilar Novo
Rio de Janeiro,RJ,Belford Roxo,Vilarinho
Rio de Janeiro,RJ,Cabo Frio,Algodoal
Rio de Janeiro,RJ,Cabo Frio,Braga
Rio de Janeiro,RJ,Cabo Frio,Canaan
Rio de Janeiro,RJ,Cabo Frio,Celula Mater
Rio de Janeiro,RJ,Cabo Frio,Centro
Rio de Janeiro,RJ,Cabo Frio,Gamboa
Rio de Janeiro,RJ,Cabo Frio,Guarani
Rio de Janeiro,RJ,Cabo Frio,Itajuru
Rio de Janeiro,RJ,Cabo Frio,Jardim Caicara
Rio de Janeiro,RJ,Cabo Frio,Jardim Esperanca
Rio de Janeiro,RJ,Cabo Frio,Jardim Excelcior
Rio de Janeiro,RJ,Cabo Frio,Jardim Flamboyam
Rio de Janeiro,RJ,Cabo Frio,Jardim Machado
Rio de Janeiro,RJ,Cabo Frio,Jardim Olinda
Rio de Janeiro,RJ,Cabo Frio,Jardim Pero
Rio de Janeiro,RJ,Cabo Frio,Jardim Sao Francisco
Rio de Janeiro,RJ,Cabo Frio,Jardim Waltilus
Rio de Janeiro,RJ,Cabo Frio,Juscelino Kubitschek de Oliveira
Rio de Janeiro,RJ,Cabo Frio,Manoel Correa
Rio de Janeiro,RJ,Cabo Frio,Ogiva
Rio de Janeiro,RJ,Cabo Frio,Palmeiras
Rio de Janeiro,RJ,Cabo Frio,Parque Burle
Rio de Janeiro,RJ,Cabo Frio,Parque Central
Rio de Janeiro,RJ,Cabo Frio,Parque Riviera
Rio de Janeiro,RJ,Cabo Frio,Parque Siqueira
Rio de Janeiro,RJ,Cabo Frio,Passagem
Rio de Janeiro,RJ,Cabo Frio,Portinho
Rio de Janeiro,RJ,Cabo Frio,Porto do Carro
Rio de Janeiro,RJ,Cabo Frio,Recanto das Dunas
Rio de Janeiro,RJ,Cabo Frio,Sao Bento
Rio de Janeiro,RJ,Cabo Frio,Sao Cristovao
Rio de Janeiro,RJ,Cabo Frio,Vila Blanch
Rio de Janeiro,RJ,Cabo Frio,Vila Nova
Rio de Janeiro,RJ,Campos dos Goytacazes,Bandeirante
Rio de Janeiro,RJ,Campos dos Goytacazes,Caju
Rio de Janeiro,RJ,Campos dos Goytacazes,Centro
Rio de Janeiro,RJ,Campos dos Goytacazes,Custodopolis
Rio de Janeiro,RJ,Campos dos Goytacazes,Nova Campos
Rio de Janeiro,RJ,Campos dos Goytacazes,Parque Aeroporto
Rio de Janeiro,RJ,Campos dos Goytacazes,Parque Aldeia
Rio de Janeiro,RJ,Campos dos Goytacazes,Parque Alvorada
Rio de Janeiro,RJ,Campos dos Goytacazes,Parque Aurora
Rio de Janeiro,RJ,Campos dos Goytacazes,Parque Brasilia
Rio de Janeiro,RJ,Campos dos Goytacazes,Parque Caju
Rio de Janeiro,RJ,Campos dos Goytacazes,Parque Calabouco
Rio de Janeiro,RJ,Campos dos Goytacazes,Parque California
Rio de Janeiro,RJ,Campos dos Goytacazes,Parque Ceasa
Rio de Janeiro,RJ,Campos dos Goytacazes,Parque Corrientes
Rio de Janeiro,RJ,Campos dos Goytacazes,Parque Dom Rodrigo
Rio de Janeiro,RJ,Campos dos Goytacazes,Parque Eldorado
Rio de Janeiro,RJ,Campos dos Goytacazes,Parque Fundao
Rio de Janeiro,RJ,Campos dos Goytacazes,Parque Guarus
Rio de Janeiro,RJ,Campos dos Goytacazes,Parque Jardim Carioca
Rio de Janeiro,RJ,Campos dos Goytacazes,Parque Joao Maria
Rio de Janeiro,RJ,Campos dos Goytacazes,Parque Joquei Club
Rio de Janeiro,RJ,Campos dos Goytacazes,Parque Leopoldina
Rio de Janeiro,RJ,Campos dos Goytacazes,Parque Maciel
Rio de Janeiro,RJ,Campos dos Goytacazes,Parque Novo Mundo
Rio de Janeiro,RJ,Campos dos Goytacazes,Parque Penha
Rio de Janeiro,RJ,Campos dos Goytacazes,Parque Prazeres
Rio de Janeiro,RJ,Campos dos Goytacazes,Parque Presidente Vargas
Rio de Janeiro,RJ,Campos dos Goytacazes,Parque Quinze de Novembro
Rio de Janeiro,RJ,Campos dos Goytacazes,Parque Rodoviario
Rio de Janeiro,RJ,Campos dos Goytacazes,Parque Rosario
Rio de Janeiro,RJ,Campos dos Goytacazes,Parque Salo Brand
Rio de Janeiro,RJ,Campos dos Goytacazes,Parque Santa Helena
Rio de Janeiro,RJ,Campos dos Goytacazes,Parque Santa Rosa
Rio de Janeiro,RJ,Campos dos Goytacazes,Parque Santo Amaro
Rio de Janeiro,RJ,Campos dos Goytacazes,Parque Santo Antonio
Rio de Janeiro,RJ,Campos dos Goytacazes,Parque Sao Benedito
Rio de Janeiro,RJ,Campos dos Goytacazes,Parque Sao Caetano
Rio de Janeiro,RJ,Campos dos Goytacazes,Parque Sao Jose
Rio de Janeiro,RJ,Campos dos Goytacazes,Parque Sao Mateus
Rio de Janeiro,RJ,Campos dos Goytacazes,Parque Sao Silvestre
Rio de Janeiro,RJ,Campos dos Goytacazes,Parque Tamandare
Rio de Janeiro,RJ,Campos dos Goytacazes,Parque Tarcisio Miranda
Rio de Janeiro,RJ,Campos dos Goytacazes,Parque Turf Club
Rio de Janeiro,RJ,Campos dos Goytacazes,Parque Vera Cruz
Rio de Janeiro,RJ,Campos dos Goytacazes,Parque Vicente Goncalves Dias
Rio de Janeiro,RJ,Campos dos Goytacazes,Parque Visconde de Ururai
Rio de Janeiro,RJ,Campos dos Goytacazes,Parque Zuza Mota
Rio de Janeiro,RJ,Campos dos Goytacazes,Santa Cruz
Rio de Janeiro,RJ,Campos dos Goytacazes,Tapera
Rio de Janeiro,RJ,Campos dos Goytacazes,Ururai
Rio de Janeiro,RJ,Duque de Caxias,Carolina
Rio de Janeiro,RJ,Duque de Caxias,Centro
Rio de Janeiro,RJ,Duque de Caxias,Chacaras Arcampo
Rio de Janeiro,RJ,Duque de Caxias,Chacaras Maria Helena
Rio de Janeiro,RJ,Duque de Caxias,Chacaras Rio-petropolis
Rio de Janeiro,RJ,Duque de Caxias,Chacrinha
Rio de Janeiro,RJ,Duque de Caxias,Circular
Rio de Janeiro,RJ,Duque de Caxias,Coriolano
Rio de Janeiro,RJ,Duque de Caxias,Divino
Rio de Janeiro,RJ,Duque de Caxias,Doutor Laureano
Rio de Janeiro,RJ,Duque de Caxias,Engenho do Porto
Rio de Janeiro,RJ,Duque de Caxias,Fonseca
Rio de Janeiro,RJ,Duque de Caxias,Jardim Anhanga
Rio de Janeiro,RJ,Duque de Caxias,Jardim Balneario Ana Clara
Rio de Janeiro,RJ,Duque de Caxias,Jardim Barro Branco
Rio de Janeiro,RJ,Duque de Caxias,Jardim California
Rio de Janeiro,RJ,Duque de Caxias,Jardim das Oliveiras
Rio de Janeiro,RJ,Duque de Caxias,Jardim Fim de Semana
Rio de Janeiro,RJ,Duque de Caxias,Jardim Gloria
Rio de Janeiro,RJ,Duque de Caxias,Jardim Gramacho
Rio de Janeiro,RJ,Duque de Caxias,Jardim Imbarie
Rio de Janeiro,RJ,Duque de Caxias,Jardim Leal
Rio de Janeiro,RJ,Duque de Caxias,Jardim Lider
Rio de Janeiro,RJ,Duque de Caxias,Jardim Maricen
Rio de Janeiro,RJ,Duque de Caxias,Jardim Nossa Senhora de Fatima
Rio de Janeiro,RJ,Duque de Caxias,Jardim Nossa Senhora do Carmo
Rio de Janeiro,RJ,Duque de Caxias,Jardim Olavo Bilac
Rio de Janeiro,RJ,Duque de Caxias,Jardim Olimpo
Rio de Janeiro,RJ,Duque de Caxias,Jardim Panama
Rio de Janeiro,RJ,Duque de Caxias,Jardim Porangaba
Rio de Janeiro,RJ,Duque de Caxias,Jardim Primavera
Rio de Janeiro,RJ,Duque de Caxias,Jardim Primeiro de Maio
Rio de Janeiro,RJ,Duque de Caxias,Jardim Rotsen
Rio de Janeiro,RJ,Duque de Caxias,Jardim Santa Rita
Rio de Janeiro,RJ,Duque de Caxias,Jardim Santos Meira
Rio de Janeiro,RJ,Duque de Caxias,Jardim Sao Lourenco
Rio de Janeiro,RJ,Duque de Caxias,Jardim Tres Marias
Rio de Janeiro,RJ,Duque de Caxias,Jardim Vila Nova
Rio de Janeiro,RJ,Duque de Caxias,Jardim Vinte e Cinco de Agosto
Rio de Janeiro,RJ,Duque de Caxias,Jardim Vista Alegre
Rio de Janeiro,RJ,Duque de Caxias,Jurema
Rio de Janeiro,RJ,Duque de Caxias,Loteamento Cachoeira
Rio de Janeiro,RJ,Duque de Caxias,Mantiquira
Rio de Janeiro,RJ,Duque de Caxias,Nossa Senhora do Carmo
Rio de Janeiro,RJ,Duque de Caxias,Parque Alvorada
Rio de Janeiro,RJ,Duque de Caxias,Parque Beira Mar
Rio de Janeiro,RJ,Duque de Caxias,Parque Boa Vista I
Rio de Janeiro,RJ,Duque de Caxias,Parque Bom Retiro
Rio de Janeiro,RJ,Duque de Caxias,Parque Capivari
Rio de Janeiro,RJ,Duque de Caxias,Parque Chuno
Rio de Janeiro,RJ,Duque de Caxias,Parque Duque de Caxias
Rio de Janeiro,RJ,Duque de Caxias,Parque Eldorado
Rio de Janeiro,RJ,Duque de Caxias,Parque Equitativa
Rio de Janeiro,RJ,Duque de Caxias,Parque Esperanca
Rio de Janeiro,RJ,Duque de Caxias,Parque Estrela
Rio de Janeiro,RJ,Duque de Caxias,Parque Felicidade
Rio de Janeiro,RJ,Duque de Caxias,Parque Fluminense
Rio de Janeiro,RJ,Duque de Caxias,Parque Joao Pessoa
Rio de Janeiro,RJ,Duque de Caxias,Parque Lafaiete
Rio de Janeiro,RJ,Duque de Caxias,Parque Marilandia
Rio de Janeiro,RJ,Duque de Caxias,Parque Moderno
Rio de Janeiro,RJ,Duque de Caxias,Parque Muisa
Rio de Janeiro,RJ,Duque de Caxias,Parque Nova Esperanca
Rio de Janeiro,RJ,Duque de Caxias,Parque Panorama
Rio de Janeiro,RJ,Duque de Caxias,Parque Pauliceia
Rio de Janeiro,RJ,Duque de Caxias,Parque Paulista
Rio de Janeiro,RJ,Duque de Caxias,Parque Redentor
Rio de Janeiro,RJ,Duque de Caxias,Parque Samiropolis
Rio de Janeiro,RJ,Duque de Caxias,Parque Santa Lucia
Rio de Janeiro,RJ,Duque de Caxias,Parque Santa Marta
Rio de Janeiro,RJ,Duque de Caxias,Parque Santos D'anunciacao
Rio de Janeiro,RJ,Duque de Caxias,Parque Sao Carlos
Rio de Janeiro,RJ,Duque de Caxias,Parque Sao Joao
Rio de Janeiro,RJ,Duque de Caxias,Parque Sao Pedro de Alcantara
Rio de Janeiro,RJ,Duque de Caxias,Parque Senhor do Bonfim
Rio de Janeiro,RJ,Duque de Caxias,Parque Uruguaiana
Rio de Janeiro,RJ,Duque de Caxias,Parque Virginia
Rio de Janeiro,RJ,Duque de Caxias,Parque Vitoria
Rio de Janeiro,RJ,Duque de Caxias,Quatorze de Julho
Rio de Janeiro,RJ,Duque de Caxias,Santa Cecilia
Rio de Janeiro,RJ,Duque de Caxias,Santa Isabel
Rio de Janeiro,RJ,Duque de Caxias,Santa Lucia
Rio de Janeiro,RJ,Duque de Caxias,Santo Antonio
Rio de Janeiro,RJ,Duque de Caxias,Sao Bento
Rio de Janeiro,RJ,Duque de Caxias,Saracuruna
Rio de Janeiro,RJ,Duque de Caxias,Silva
Rio de Janeiro,RJ,Duque de Caxias,Taquara
Rio de Janeiro,RJ,Duque de Caxias,Vila Actura
Rio de Janeiro,RJ,Duque de Caxias,Vila Amelia
Rio de Janeiro,RJ,Duque de Caxias,Vila Angelica
Rio de Janeiro,RJ,Duque de Caxias,Vila Araci
Rio de Janeiro,RJ,Duque de Caxias,Vila Bela Vista
Rio de Janeiro,RJ,Duque de Caxias,Vila Bernadete
Rio de Janeiro,RJ,Duque de Caxias,Vila Bonanca
Rio de Janeiro,RJ,Duque de Caxias,Vila Caetano Madeira
Rio de Janeiro,RJ,Duque de Caxias,Vila Canaan
Rio de Janeiro,RJ,Duque de Caxias,Vila Capixaba
Rio de Janeiro,RJ,Duque de Caxias,Vila Centenario
Rio de Janeiro,RJ,Duque de Caxias,Vila Cocota
Rio de Janeiro,RJ,Duque de Caxias,Vila Ema
Rio de Janeiro,RJ,Duque de Caxias,Vila Flavia
Rio de Janeiro,RJ,Duque de Caxias,Vila Guanabara
Rio de Janeiro,RJ,Duque de Caxias,Vila Ideal
Rio de Janeiro,RJ,Duque de Caxias,Vila Itamarati
Rio de Janeiro,RJ,Duque de Caxias,Vila Leopoldina
Rio de Janeiro,RJ,Duque de Caxias,Vila Maria Helena
Rio de Janeiro,RJ,Duque de Caxias,Vila Meriti
Rio de Janeiro,RJ,Duque de Caxias,Vila Nossa Senhora das Gracas
Rio de Janeiro,RJ,Duque de Caxias,Vila Oito de Maio
Rio de Janeiro,RJ,Duque de Caxias,Vila Operaria
Rio de Janeiro,RJ,Duque de Caxias,Vila Ouro Preto
Rio de Janeiro,RJ,Duque de Caxias,Vila Rosario
Rio de Janeiro,RJ,Duque de Caxias,Vila Santa Alice
Rio de Janeiro,RJ,Duque de Caxias,Vila Santa Cruz
Rio de Janeiro,RJ,Duque de Caxias,Vila Santo Antonio
Rio de Janeiro,RJ,Duque de Caxias,Vila Sao Luis
Rio de Janeiro,RJ,Duque de Caxias,Vila Sao Sebastiao
Rio de Janeiro,RJ,Duque de Caxias,Vila Sape
Rio de Janeiro,RJ,Duque de Caxias,Vila Sarapui
Rio de Janeiro,RJ,Duque de Caxias,Vila Teresa
Rio de Janeiro,RJ,Duque de Caxias,Vila Urussai
Rio de Janeiro,RJ,Itaguai,Aguas Lindas
Rio de Janeiro,RJ,Itaguai,Amendoeira
Rio de Janeiro,RJ,Itaguai,Brisa Mar
Rio de Janeiro,RJ,Itaguai,Cacador
Rio de Janeiro,RJ,Itaguai,California
Rio de Janeiro,RJ,Itaguai,Centro
Rio de Janeiro,RJ,Itaguai,Chapero
Rio de Janeiro,RJ,Itaguai,Cidade Industrial
Rio de Janeiro,RJ,Itaguai,Coroa Grande
Rio de Janeiro,RJ,Itaguai,Engenho
Rio de Janeiro,RJ,Itaguai,Estrela do Ceu
Rio de Janeiro,RJ,Itaguai,Fazenda Caxias
Rio de Janeiro,RJ,Itaguai,Fonte Limpa
Rio de Janeiro,RJ,Itaguai,Ibituporanga
Rio de Janeiro,RJ,Itaguai,Ilha da Madeira
Rio de Janeiro,RJ,Itaguai,Itimirim
Rio de Janeiro,RJ,Itaguai,Jardim Acacias
Rio de Janeiro,RJ,Itaguai,Jardim America
Rio de Janeiro,RJ,Itaguai,Jardim Central
Rio de Janeiro,RJ,Itaguai,Jardim Laia
Rio de Janeiro,RJ,Itaguai,Jardim Maracana
Rio de Janeiro,RJ,Itaguai,Jardim Veda
Rio de Janeiro,RJ,Itaguai,Leandro
Rio de Janeiro,RJ,Itaguai,Mazomba
Rio de Janeiro,RJ,Itaguai,Monte Serrat
Rio de Janeiro,RJ,Itaguai,Nazare
Rio de Janeiro,RJ,Itaguai,Parque Campo Lindo
Rio de Janeiro,RJ,Itaguai,Parque Dom Bosco
Rio de Janeiro,RJ,Itaguai,Parque Independencia
Rio de Janeiro,RJ,Itaguai,Parque Jocimar
Rio de Janeiro,RJ,Itaguai,Parque Paraiso
Rio de Janeiro,RJ,Itaguai,Parque Primavera
Rio de Janeiro,RJ,Itaguai,Parque Sao Jorge
Rio de Janeiro,RJ,Itaguai,Parque Vera Cruz
Rio de Janeiro,RJ,Itaguai,Pau Cheiroso
Rio de Janeiro,RJ,Itaguai,Piranema
Rio de Janeiro,RJ,Itaguai,Santa Alice
Rio de Janeiro,RJ,Itaguai,Santa Candida
Rio de Janeiro,RJ,Itaguai,Santa Sofia
Rio de Janeiro,RJ,Itaguai,Sao Miguel
Rio de Janeiro,RJ,Itaguai,Sao Salvador
Rio de Janeiro,RJ,Itaguai,Seropedica
Rio de Janeiro,RJ,Itaguai,Somel
Rio de Janeiro,RJ,Itaguai,Vila Geny
Rio de Janeiro,RJ,Itaguai,Vila Ibirapitanga
Rio de Janeiro,RJ,Itaguai,Vila Margarida
Rio de Janeiro,RJ,Itaguai,Vila Paraiso
Rio de Janeiro,RJ,Itaguai,Vila Sonia
Rio de Janeiro,RJ,Itaguai,Vista Alegre
Rio de Janeiro,RJ,Japeri,Alecrim
Rio de Janeiro,RJ,Japeri,Austin
Rio de Janeiro,RJ,Japeri,Carlos Sampaio
Rio de Janeiro,RJ,Japeri,Carmo
Rio de Janeiro,RJ,Japeri,Cidade Jardim Marajoara
Rio de Janeiro,RJ,Japeri,Cidade Senhor do Bonfim
Rio de Janeiro,RJ,Japeri,Citropolis
Rio de Janeiro,RJ,Japeri,Colinas
Rio de Janeiro,RJ,Japeri,Cosme e Damiao
Rio de Janeiro,RJ,Japeri,Engenheiro Pedreira
Rio de Janeiro,RJ,Japeri,Esperanca
Rio de Janeiro,RJ,Japeri,Granja Copacabana
Rio de Janeiro,RJ,Japeri,Granja Iguacu
Rio de Janeiro,RJ,Japeri,Irmaos Unidos
Rio de Janeiro,RJ,Japeri,Jaceruba
Rio de Janeiro,RJ,Japeri,Japeri
Rio de Janeiro,RJ,Japeri,Jardim Aljezur
Rio de Janeiro,RJ,Japeri,Jardim Americano
Rio de Janeiro,RJ,Japeri,Jardim Delamare
Rio de Janeiro,RJ,Japeri,Jardim Emilia
Rio de Janeiro,RJ,Japeri,Jardim Esperanca
Rio de Janeiro,RJ,Japeri,Jardim Normandia
Rio de Janeiro,RJ,Japeri,Jardim Paraiso
Rio de Janeiro,RJ,Japeri,Jardim Real
Rio de Janeiro,RJ,Japeri,Jardim Rio D'ouro
Rio de Janeiro,RJ,Japeri,Jardim Santa Branca
Rio de Janeiro,RJ,Japeri,Jardim Sao Geraldo
Rio de Janeiro,RJ,Japeri,Jardim Sao Joao
Rio de Janeiro,RJ,Japeri,Jardim Sao Sebastiao
Rio de Janeiro,RJ,Japeri,Jardim Transmontano
Rio de Janeiro,RJ,Japeri,Jardim Tri-campeao
Rio de Janeiro,RJ,Japeri,Jardim Willis
Rio de Janeiro,RJ,Japeri,Julima
Rio de Janeiro,RJ,Japeri,Laranjal Santo Antonio
Rio de Janeiro,RJ,Japeri,Linda Vista
Rio de Janeiro,RJ,Japeri,Luis de Camoes
Rio de Janeiro,RJ,Japeri,Mactube
Rio de Janeiro,RJ,Japeri,Madeira
Rio de Janeiro,RJ,Japeri,Mantiqueira
Rio de Janeiro,RJ,Japeri,Maria Jose
Rio de Janeiro,RJ,Japeri,Nossa Senhora da Penha
Rio de Janeiro,RJ,Japeri,Nossa Senhora de Fatima
Rio de Janeiro,RJ,Japeri,Nova Belem
Rio de Janeiro,RJ,Japeri,Parque Amaro
Rio de Janeiro,RJ,Japeri,Parque dos Feirantes
Rio de Janeiro,RJ,Japeri,Parque Engenheiro Pedreira
Rio de Janeiro,RJ,Japeri,Parque Guandu
Rio de Janeiro,RJ,Japeri,Parque Itaguare
Rio de Janeiro,RJ,Japeri,Parque Luis Gonzaga
Rio de Janeiro,RJ,Japeri,Parque Macaiba
Rio de Janeiro,RJ,Japeri,Parque Maraba
Rio de Janeiro,RJ,Japeri,Parque Mucaja
Rio de Janeiro,RJ,Japeri,Parque Professor Joao de Maria
Rio de Janeiro,RJ,Japeri,Parque Santo Antonio
Rio de Janeiro,RJ,Japeri,Parque Sao Bartolomeu
Rio de Janeiro,RJ,Japeri,Parque Sao Benedito
Rio de Janeiro,RJ,Japeri,Parque Triunfo
Rio de Janeiro,RJ,Japeri,Paz
Rio de Janeiro,RJ,Japeri,Pedra Lisa
Rio de Janeiro,RJ,Japeri,Ponte Preta
Rio de Janeiro,RJ,Japeri,Queimados
Rio de Janeiro,RJ,Japeri,Recreio dos Jornalistas
Rio de Janeiro,RJ,Japeri,Redentor
Rio de Janeiro,RJ,Japeri,Rio D'ouro
Rio de Janeiro,RJ,Japeri,Roncador
Rio de Janeiro,RJ,Japeri,Santa Ines
Rio de Janeiro,RJ,Japeri,Santa Sofia
Rio de Janeiro,RJ,Japeri,Santa Terezinha
Rio de Janeiro,RJ,Japeri,Sao Bernardo
Rio de Janeiro,RJ,Japeri,Sao Bras
Rio de Janeiro,RJ,Japeri,Sao Jorge
Rio de Janeiro,RJ,Japeri,Teofilo Cunha
Rio de Janeiro,RJ,Japeri,Tres Fontes
Rio de Janeiro,RJ,Japeri,Vila Bom Jardim
Rio de Janeiro,RJ,Japeri,Vila Carmelita
Rio de Janeiro,RJ,Japeri,Vila Central
Rio de Janeiro,RJ,Japeri,Vila Coqueiros
Rio de Janeiro,RJ,Japeri,Vila Cristine Maria
Rio de Janeiro,RJ,Japeri,Vila Japeri
Rio de Janeiro,RJ,Japeri,Vila Marica
Rio de Janeiro,RJ,Japeri,Vila Maringa
Rio de Janeiro,RJ,Japeri,Vila Nossa Senhora da Conceicao
Rio de Janeiro,RJ,Japeri,Vila Nossa Senhora do Rosario
Rio de Janeiro,RJ,Japeri,Vila Planetaria
Rio de Janeiro,RJ,Japeri,Vila Santa Amelia
Rio de Janeiro,RJ,Japeri,Vila Santa Helena
Rio de Janeiro,RJ,Japeri,Vila Sao Francisco
Rio de Janeiro,RJ,Japeri,Vila Sao Joao
Rio de Janeiro,RJ,Japeri,Vilar Grande
Rio de Janeiro,RJ,Japeri,Vitoria
Rio de Janeiro,RJ,Macae,Alto Cajueiros
Rio de Janeiro,RJ,Macae,Aroeiras
Rio de Janeiro,RJ,Macae,Barra
Rio de Janeiro,RJ,Macae,Bela Vista
Rio de Janeiro,RJ,Macae,Botafogo
Rio de Janeiro,RJ,Macae,Cajueiros
Rio de Janeiro,RJ,Macae,Campo do Oeste
Rio de Janeiro,RJ,Macae,Cancela Preta
Rio de Janeiro,RJ,Macae,Carapebus
Rio de Janeiro,RJ,Macae,Cavaleiros
Rio de Janeiro,RJ,Macae,Centro
Rio de Janeiro,RJ,Macae,Costa do Sol
Rio de Janeiro,RJ,Macae,Granja Cavaleiros
Rio de Janeiro,RJ,Macae,Jardim Maringa
Rio de Janeiro,RJ,Macae,Lagoa
Rio de Janeiro,RJ,Macae,Miramar
Rio de Janeiro,RJ,Macae,Novo Visconde
Rio de Janeiro,RJ,Macae,Parque Aeroporto
Rio de Janeiro,RJ,Macae,Praia Campista
Rio de Janeiro,RJ,Macae,Riviera Fluminense
Rio de Janeiro,RJ,Macae,Sol e Mar
Rio de Janeiro,RJ,Macae,Village
Rio de Janeiro,RJ,Macae,Vivenda da Lagoa
Rio de Janeiro,RJ,Nilopolis,Cabral
Rio de Janeiro,RJ,Nilopolis,Cabuis
Rio de Janeiro,RJ,Nilopolis,Centro
Rio de Janeiro,RJ,Nilopolis,Chatuba
Rio de Janeiro,RJ,Nilopolis,Nova Cidade
Rio de Janeiro,RJ,Nilopolis,Olinda
Rio de Janeiro,RJ,Nilopolis,Paiol de Polvora
Rio de Janeiro,RJ,Niteroi,Atalaia
Rio de Janeiro,RJ,Niteroi,Badu
Rio de Janeiro,RJ,Niteroi,Baldeador
Rio de Janeiro,RJ,Niteroi,Barreto
Rio de Janeiro,RJ,Niteroi,Boa Viagem
Rio de Janeiro,RJ,Niteroi,Camboinhas
Rio de Janeiro,RJ,Niteroi,Caramujo
Rio de Janeiro,RJ,Niteroi,Centro
Rio de Janeiro,RJ,Niteroi,Charitas
Rio de Janeiro,RJ,Niteroi,Cubango
Rio de Janeiro,RJ,Niteroi,Engenhoca
Rio de Janeiro,RJ,Niteroi,Fatima
Rio de Janeiro,RJ,Niteroi,Figueira
Rio de Janeiro,RJ,Niteroi,Fonseca
Rio de Janeiro,RJ,Niteroi,Gragoata
Rio de Janeiro,RJ,Niteroi,Icarai
Rio de Janeiro,RJ,Niteroi,Ilha da Conceicao
Rio de Janeiro,RJ,Niteroi,Inga
Rio de Janeiro,RJ,Niteroi,Itacoatiara
Rio de Janeiro,RJ,Niteroi,Itaipu
Rio de Janeiro,RJ,Niteroi,Ititioca
Rio de Janeiro,RJ,Niteroi,Jurujuba
Rio de Janeiro,RJ,Niteroi,Largo da Batalha
Rio de Janeiro,RJ,Niteroi,Largo do Barradas
Rio de Janeiro,RJ,Niteroi,Maceio
Rio de Janeiro,RJ,Niteroi,Maria Paula
Rio de Janeiro,RJ,Niteroi,Mata Paca
Rio de Janeiro,RJ,Niteroi,Muriqui
Rio de Janeiro,RJ,Niteroi,Pe Pequeno
Rio de Janeiro,RJ,Niteroi,Pendotiba
Rio de Janeiro,RJ,Niteroi,Piratininga
Rio de Janeiro,RJ,Niteroi,Ponta D'areia
Rio de Janeiro,RJ,Niteroi,Rio do Ouro
Rio de Janeiro,RJ,Niteroi,Santa Barbara
Rio de Janeiro,RJ,Niteroi,Santa Rosa
Rio de Janeiro,RJ,Niteroi,Sao Domingos
Rio de Janeiro,RJ,Niteroi,Sao Francisco
Rio de Janeiro,RJ,Niteroi,Sao Lourenco
Rio de Janeiro,RJ,Niteroi,Sape
Rio de Janeiro,RJ,Niteroi,Tenente Jardim
Rio de Janeiro,RJ,Niteroi,Varzea das Mocas
Rio de Janeiro,RJ,Niteroi,Venda da Cruz
Rio de Janeiro,RJ,Niteroi,Vila Progresso
Rio de Janeiro,RJ,Niteroi,Vital Brasil
Rio de Janeiro,RJ,Nova Friburgo,Amparo
Rio de Janeiro,RJ,Nova Friburgo,Aprazivel
Rio de Janeiro,RJ,Nova Friburgo,Bela Vista
Rio de Janeiro,RJ,Nova Friburgo,Braunes
Rio de Janeiro,RJ,Nova Friburgo,Campo do Coelho
Rio de Janeiro,RJ,Nova Friburgo,Cascatinha
Rio de Janeiro,RJ,Nova Friburgo,Catarcione
Rio de Janeiro,RJ,Nova Friburgo,Centro
Rio de Janeiro,RJ,Nova Friburgo,Chacara Paraiso
Rio de Janeiro,RJ,Nova Friburgo,Conego
Rio de Janeiro,RJ,Nova Friburgo,Conselheiro Paulino
Rio de Janeiro,RJ,Nova Friburgo,Cordoeira
Rio de Janeiro,RJ,Nova Friburgo,Corrego D'antas
Rio de Janeiro,RJ,Nova Friburgo,Debossan
Rio de Janeiro,RJ,Nova Friburgo,Duas Pedras
Rio de Janeiro,RJ,Nova Friburgo,Jardim Ouro Preto
Rio de Janeiro,RJ,Nova Friburgo,Lagoinha
Rio de Janeiro,RJ,Nova Friburgo,Loteamento Floresta
Rio de Janeiro,RJ,Nova Friburgo,Loteamento Nosso Sonho
Rio de Janeiro,RJ,Nova Friburgo,Loteamento Santa Teresinha
Rio de Janeiro,RJ,Nova Friburgo,Loteamento Sao Joao
Rio de Janeiro,RJ,Nova Friburgo,Loteamento Sao Jose
Rio de Janeiro,RJ,Nova Friburgo,Loteamento Sao Sebastiao
Rio de Janeiro,RJ,Nova Friburgo,Loteamento Sitio Jacina
Rio de Janeiro,RJ,Nova Friburgo,Lumiar
Rio de Janeiro,RJ,Nova Friburgo,Mury
Rio de Janeiro,RJ,Nova Friburgo,Olaria
Rio de Janeiro,RJ,Nova Friburgo,Parque Dom Joao VI
Rio de Janeiro,RJ,Nova Friburgo,Parque Fonte do Suspiro
Rio de Janeiro,RJ,Nova Friburgo,Parque Sao Clemente
Rio de Janeiro,RJ,Nova Friburgo,Perisse
Rio de Janeiro,RJ,Nova Friburgo,Ponte da Saudade
Rio de Janeiro,RJ,Nova Friburgo,Prado
Rio de Janeiro,RJ,Nova Friburgo,Riograndina
Rio de Janeiro,RJ,Nova Friburgo,Sao Pedro
Rio de Janeiro,RJ,Nova Friburgo,Suico
Rio de Janeiro,RJ,Nova Friburgo,Suspiro
Rio de Janeiro,RJ,Nova Friburgo,Vale dos Pinheiros
Rio de Janeiro,RJ,Nova Friburgo,Vargem Grande
Rio de Janeiro,RJ,Nova Friburgo,Vila Amelia
Rio de Janeiro,RJ,Nova Friburgo,Vila Guarani
Rio de Janeiro,RJ,Nova Friburgo,Vila Nova
Rio de Janeiro,RJ,Nova Friburgo,Vilage
Rio de Janeiro,RJ,Nova Friburgo,Ypu
Rio de Janeiro,RJ,Nova Iguacu,Ambai
Rio de Janeiro,RJ,Nova Iguacu,Andrade Araujo
Rio de Janeiro,RJ,Nova Iguacu,Barao de Amapa
Rio de Janeiro,RJ,Nova Iguacu,Bela Vista
Rio de Janeiro,RJ,Nova Iguacu,Boa Vista
Rio de Janeiro,RJ,Nova Iguacu,California
Rio de Janeiro,RJ,Nova Iguacu,Carolina
Rio de Janeiro,RJ,Nova Iguacu,Centenario
Rio de Janeiro,RJ,Nova Iguacu,Centro
Rio de Janeiro,RJ,Nova Iguacu,Chique
Rio de Janeiro,RJ,Nova Iguacu,Cidade Jardim Parque Estoril
Rio de Janeiro,RJ,Nova Iguacu,Edison Passos
Rio de Janeiro,RJ,Nova Iguacu,Engenheiro Rocha Freire
Rio de Janeiro,RJ,Nova Iguacu,Fabrica de Polvora
Rio de Janeiro,RJ,Nova Iguacu,Fazenda da Posse
Rio de Janeiro,RJ,Nova Iguacu,Figueiras
Rio de Janeiro,RJ,Nova Iguacu,Floresta
Rio de Janeiro,RJ,Nova Iguacu,Grajau
Rio de Janeiro,RJ,Nova Iguacu,Guarani
Rio de Janeiro,RJ,Nova Iguacu,Imperador
Rio de Janeiro,RJ,Nova Iguacu,Iolanda
Rio de Janeiro,RJ,Nova Iguacu,Jardim Canaan
Rio de Janeiro,RJ,Nova Iguacu,Jardim da Posse
Rio de Janeiro,RJ,Nova Iguacu,Jardim da Viga
Rio de Janeiro,RJ,Nova Iguacu,Jardim Felix
Rio de Janeiro,RJ,Nova Iguacu,Jardim Fonte Sao Miguel
Rio de Janeiro,RJ,Nova Iguacu,Jardim Iguacu
Rio de Janeiro,RJ,Nova Iguacu,Jardim Jasmim
Rio de Janeiro,RJ,Nova Iguacu,Jardim Javari
Rio de Janeiro,RJ,Nova Iguacu,Jardim Lumar
Rio de Janeiro,RJ,Nova Iguacu,Jardim Marilice
Rio de Janeiro,RJ,Nova Iguacu,Jardim Mato Grosso
Rio de Janeiro,RJ,Nova Iguacu,Jardim Monte Castelo
Rio de Janeiro,RJ,Nova Iguacu,Jardim Nova Era
Rio de Janeiro,RJ,Nova Iguacu,Jardim Palmares
Rio de Janeiro,RJ,Nova Iguacu,Jardim Santa Rita
Rio de Janeiro,RJ,Nova Iguacu,Jardim Tropical
Rio de Janeiro,RJ,Nova Iguacu,Luz
Rio de Janeiro,RJ,Nova Iguacu,Maio
Rio de Janeiro,RJ,Nova Iguacu,Margarida
Rio de Janeiro,RJ,Nova Iguacu,Maria da Luz
Rio de Janeiro,RJ,Nova Iguacu,Mesquita
Rio de Janeiro,RJ,Nova Iguacu,Metropole
Rio de Janeiro,RJ,Nova Iguacu,Miguel Couto
Rio de Janeiro,RJ,Nova Iguacu,Moqueta
Rio de Janeiro,RJ,Nova Iguacu,Morro Agudo
Rio de Janeiro,RJ,Nova Iguacu,Nova America
Rio de Janeiro,RJ,Nova Iguacu,Nova Luz
Rio de Janeiro,RJ,Nova Iguacu,Oliveira
Rio de Janeiro,RJ,Nova Iguacu,Palmeiras
Rio de Janeiro,RJ,Nova Iguacu,Parque Ambai
Rio de Janeiro,RJ,Nova Iguacu,Parque Antartica
Rio de Janeiro,RJ,Nova Iguacu,Parque Flora
Rio de Janeiro,RJ,Nova Iguacu,Parque Geneciano Luz
Rio de Janeiro,RJ,Nova Iguacu,Parque Princesa Isabel
Rio de Janeiro,RJ,Nova Iguacu,Parque Sao Carlos
Rio de Janeiro,RJ,Nova Iguacu,Parque Sao Vicente de Paulo
Rio de Janeiro,RJ,Nova Iguacu,Parque Saudade
Rio de Janeiro,RJ,Nova Iguacu,Parque Ulisses
Rio de Janeiro,RJ,Nova Iguacu,Peixoto
Rio de Janeiro,RJ,Nova Iguacu,Ponte Branca
Rio de Janeiro,RJ,Nova Iguacu,Presidente Juscelino
Rio de Janeiro,RJ,Nova Iguacu,Rancho Alegre
Rio de Janeiro,RJ,Nova Iguacu,Recanto Santo Antonio
Rio de Janeiro,RJ,Nova Iguacu,Recreio Paco da Marambaia
Rio de Janeiro,RJ,Nova Iguacu,Rocha Sobrinho
Rio de Janeiro,RJ,Nova Iguacu,Santa Cecilia
Rio de Janeiro,RJ,Nova Iguacu,Santa Eugenia
Rio de Janeiro,RJ,Nova Iguacu,Santos Neves
Rio de Janeiro,RJ,Nova Iguacu,Sao Francisco Xavier
Rio de Janeiro,RJ,Nova Iguacu,Sao Gabriel
Rio de Janeiro,RJ,Nova Iguacu,Sao Jose
Rio de Janeiro,RJ,Nova Iguacu,Sao Luiz Gonzaga
Rio de Janeiro,RJ,Nova Iguacu,Tingua
Rio de Janeiro,RJ,Nova Iguacu,Vila Avelina
Rio de Janeiro,RJ,Nova Iguacu,Vila Bandeirantes
Rio de Janeiro,RJ,Nova Iguacu,Vila Borges
Rio de Janeiro,RJ,Nova Iguacu,Vila Gaucha
Rio de Janeiro,RJ,Nova Iguacu,Vila Humaita
Rio de Janeiro,RJ,Nova Iguacu,Vila Itaci
Rio de Janeiro,RJ,Nova Iguacu,Vila Marines
Rio de Janeiro,RJ,Nova Iguacu,Vila Morro Agudo
Rio de Janeiro,RJ,Nova Iguacu,Vila Omega
Rio de Janeiro,RJ,Nova Iguacu,Vila Palmeiras
Rio de Janeiro,RJ,Nova Iguacu,Vila Pedro I
Rio de Janeiro,RJ,Nova Iguacu,Vila Santos Neto
Rio de Janeiro,RJ,Nova Iguacu,Vila Sao Jorge
Rio de Janeiro,RJ,Nova Iguacu,Vila Sao Luis
Rio de Janeiro,RJ,Nova Iguacu,Vila Tres Coracoes
Rio de Janeiro,RJ,Nova Iguacu,Vila Vieira
Rio de Janeiro,RJ,Petropolis,Alto da Serra
Rio de Janeiro,RJ,Petropolis,Araras
Rio de Janeiro,RJ,Petropolis,Bartolomeu de Gusmao
Rio de Janeiro,RJ,Petropolis,Bingen
Rio de Janeiro,RJ,Petropolis,Bonsucesso
Rio de Janeiro,RJ,Petropolis,Capela
Rio de Janeiro,RJ,Petropolis,Carangola
Rio de Janeiro,RJ,Petropolis,Cascatinha
Rio de Janeiro,RJ,Petropolis,Castelanea
Rio de Janeiro,RJ,Petropolis,Castrioto
Rio de Janeiro,RJ,Petropolis,Caxambu
Rio de Janeiro,RJ,Petropolis,Centro
Rio de Janeiro,RJ,Petropolis,Chacara Flora
Rio de Janeiro,RJ,Petropolis,Coronel Veiga
Rio de Janeiro,RJ,Petropolis,Correas
Rio de Janeiro,RJ,Petropolis,Cuiaba
Rio de Janeiro,RJ,Petropolis,Duarte Silveira
Rio de Janeiro,RJ,Petropolis,Duchas
Rio de Janeiro,RJ,Petropolis,Duques
Rio de Janeiro,RJ,Petropolis,Estrada da Saudade
Rio de Janeiro,RJ,Petropolis,Estrada do Contorno
Rio de Janeiro,RJ,Petropolis,Fazenda Inglesa
Rio de Janeiro,RJ,Petropolis,Floresta
Rio de Janeiro,RJ,Petropolis,Gloria
Rio de Janeiro,RJ,Petropolis,Indaia
Rio de Janeiro,RJ,Petropolis,Independencia
Rio de Janeiro,RJ,Petropolis,Itaipava
Rio de Janeiro,RJ,Petropolis,Itamarati
Rio de Janeiro,RJ,Petropolis,Morin
Rio de Janeiro,RJ,Petropolis,Mosela
Rio de Janeiro,RJ,Petropolis,Nogueira
Rio de Janeiro,RJ,Petropolis,Pedro do Rio
Rio de Janeiro,RJ,Petropolis,Posse
Rio de Janeiro,RJ,Petropolis,Provisoria
Rio de Janeiro,RJ,Petropolis,Quarteirao Brasileiro
Rio de Janeiro,RJ,Petropolis,Quarteirao Ingelhein
Rio de Janeiro,RJ,Petropolis,Quissama
Rio de Janeiro,RJ,Petropolis,Quitandinha
Rio de Janeiro,RJ,Petropolis,Retiro
Rio de Janeiro,RJ,Petropolis,Roseiral
Rio de Janeiro,RJ,Petropolis,Saldanha Marinho
Rio de Janeiro,RJ,Petropolis,Samambaia
Rio de Janeiro,RJ,Petropolis,Sao Sebastiao
Rio de Janeiro,RJ,Petropolis,Simeria
Rio de Janeiro,RJ,Petropolis,Trono de Fatima
Rio de Janeiro,RJ,Petropolis,Valparaiso
Rio de Janeiro,RJ,Petropolis,Vila Militar
Rio de Janeiro,RJ,Quatis,Falcao
Rio de Janeiro,RJ,Quatis,Jardim Boa Vista
Rio de Janeiro,RJ,Quatis,Loteamento Santo Antonio
Rio de Janeiro,RJ,Quatis,Nossa Senhora do Rosario
Rio de Janeiro,RJ,Quatis,Quatis
Rio de Janeiro,RJ,Quatis,Ribeirao de Sao Joaquim
Rio de Janeiro,RJ,Quatis,Vila Coringa
Rio de Janeiro,RJ,Queimados,A Noite
Rio de Janeiro,RJ,Queimados,Alianca
Rio de Janeiro,RJ,Queimados,Austin
Rio de Janeiro,RJ,Queimados,Belmonte
Rio de Janeiro,RJ,Queimados,Boa Esperanca
Rio de Janeiro,RJ,Queimados,Cacuia
Rio de Janeiro,RJ,Queimados,Carlos Sampaio
Rio de Janeiro,RJ,Queimados,Coqueiros
Rio de Janeiro,RJ,Queimados,Cruzeiro
Rio de Janeiro,RJ,Queimados,Dois Irmaos
Rio de Janeiro,RJ,Queimados,Eldorado
Rio de Janeiro,RJ,Queimados,Esperanca
Rio de Janeiro,RJ,Queimados,Eurico Miranda
Rio de Janeiro,RJ,Queimados,Flesmam
Rio de Janeiro,RJ,Queimados,Fluminense
Rio de Janeiro,RJ,Queimados,Granja Rosalina
Rio de Janeiro,RJ,Queimados,Guarani
Rio de Janeiro,RJ,Queimados,Jardim Alzira
Rio de Janeiro,RJ,Queimados,Jardim Campo Alegre
Rio de Janeiro,RJ,Queimados,Jardim Campo Belo
Rio de Janeiro,RJ,Queimados,Jardim Continental
Rio de Janeiro,RJ,Queimados,Jardim Guanabara
Rio de Janeiro,RJ,Queimados,Jardim Magnolia
Rio de Janeiro,RJ,Queimados,Jardim Paraiso
Rio de Janeiro,RJ,Queimados,Jardim Queimados
Rio de Janeiro,RJ,Queimados,Jardim Sao Silvestre
Rio de Janeiro,RJ,Queimados,Morro Agudo
Rio de Janeiro,RJ,Queimados,Nossa Senhora das Gracas
Rio de Janeiro,RJ,Queimados,Nossa Senhora de Fatima
Rio de Janeiro,RJ,Queimados,Novo Eldorado
Rio de Janeiro,RJ,Queimados,Parque Biquinha
Rio de Janeiro,RJ,Queimados,Parque da Conceicao
Rio de Janeiro,RJ,Queimados,Parque Eldorado
Rio de Janeiro,RJ,Queimados,Parque Ipanema
Rio de Janeiro,RJ,Queimados,Parque Luzitana
Rio de Janeiro,RJ,Queimados,Parque Santa Eugenia
Rio de Janeiro,RJ,Queimados,Parque Sao Carlos
Rio de Janeiro,RJ,Queimados,Parque Sao Tiago
Rio de Janeiro,RJ,Queimados,Parque Todos Os Santos
Rio de Janeiro,RJ,Queimados,Parque Valdairosa
Rio de Janeiro,RJ,Queimados,Piabas
Rio de Janeiro,RJ,Queimados,Primavera
Rio de Janeiro,RJ,Queimados,Queimados
Rio de Janeiro,RJ,Queimados,Rodoviario
Rio de Janeiro,RJ,Queimados,Sao Cristovao
Rio de Janeiro,RJ,Queimados,Sao Francisco
Rio de Janeiro,RJ,Queimados,Sao Humberto
Rio de Janeiro,RJ,Queimados,Sao Manuel
Rio de Janeiro,RJ,Queimados,Sao Sebastiao
Rio de Janeiro,RJ,Queimados,Sao Simao
Rio de Janeiro,RJ,Queimados,Sion
Rio de Janeiro,RJ,Queimados,Vila Amelia
Rio de Janeiro,RJ,Queimados,Vila Apolo
Rio de Janeiro,RJ,Queimados,Vila das Mangueiras
Rio de Janeiro,RJ,Queimados,Vila das Porteiras
Rio de Janeiro,RJ,Queimados,Vila do Tingua
Rio de Janeiro,RJ,Queimados,Vila Dona Branca
Rio de Janeiro,RJ,Queimados,Vila Gomes
Rio de Janeiro,RJ,Queimados,Vila Gratidao
Rio de Janeiro,RJ,Queimados,Vila Jurema
Rio de Janeiro,RJ,Queimados,Vila Marica
Rio de Janeiro,RJ,Queimados,Vila Nanci
Rio de Janeiro,RJ,Queimados,Vila Olimpio Alves
Rio de Janeiro,RJ,Queimados,Vila Santa Catarina
Rio de Janeiro,RJ,Queimados,Vila Santa Maria
Rio de Janeiro,RJ,Queimados,Vila Sao Francisco
Rio de Janeiro,RJ,Queimados,Vila Sao Jose
Rio de Janeiro,RJ,Queimados,Vila Sao Roque
Rio de Janeiro,RJ,Queimados,Vila Scintila
Rio de Janeiro,RJ,Queimados,Vila Taruma
Rio de Janeiro,RJ,Queimados,Vila Zenith
Rio de Janeiro,RJ,Queimados,Vilar Grande
Rio de Janeiro,RJ,Queimados,Vista Alegre
Rio de Janeiro,RJ,Resende,Alegria
Rio de Janeiro,RJ,Resende,Alvorada
Rio de Janeiro,RJ,Resende,Bola do Leao
Rio de Janeiro,RJ,Resende,Cabral
Rio de Janeiro,RJ,Resende,Campos Elisios
Rio de Janeiro,RJ,Resende,Casa da Lua
Rio de Janeiro,RJ,Resende,Castelo Branco
Rio de Janeiro,RJ,Resende,Centro
Rio de Janeiro,RJ,Resende,Cidade da Alegria
Rio de Janeiro,RJ,Resende,Comercial
Rio de Janeiro,RJ,Resende,Elite
Rio de Janeiro,RJ,Resende,Eucaliptal
Rio de Janeiro,RJ,Resende,Fazenda da Barra
Rio de Janeiro,RJ,Resende,Fazenda da Barra 2
Rio de Janeiro,RJ,Resende,Fazenda da Barra 3
Rio de Janeiro,RJ,Resende,Fazenda Penedo
Rio de Janeiro,RJ,Resende,Guarapes
Rio de Janeiro,RJ,Resende,Independencia
Rio de Janeiro,RJ,Resende,Itapuca
Rio de Janeiro,RJ,Resende,Jardim Brasilia
Rio de Janeiro,RJ,Resende,Jardim Brasilia 2
Rio de Janeiro,RJ,Resende,Jardim das Rosas
Rio de Janeiro,RJ,Resende,Jardim Martinelli
Rio de Janeiro,RJ,Resende,Jardim Tropical
Rio de Janeiro,RJ,Resende,Lavapes
Rio de Janeiro,RJ,Resende,Liberdade
Rio de Janeiro,RJ,Resende,Manejo
Rio de Janeiro,RJ,Resende,Monte Castelo
Rio de Janeiro,RJ,Resende,Montese
Rio de Janeiro,RJ,Resende,Morada da Colina
Rio de Janeiro,RJ,Resende,Nova Liberdade
Rio de Janeiro,RJ,Resende,Novo Surubi
Rio de Janeiro,RJ,Resende,Paraiso
Rio de Janeiro,RJ,Resende,Parque Embaixador
Rio de Janeiro,RJ,Resende,Parque Ipiranga
Rio de Janeiro,RJ,Resende,Santa Isabel
Rio de Janeiro,RJ,Resende,Santo Amaro
Rio de Janeiro,RJ,Resende,Sao Caetano
Rio de Janeiro,RJ,Resende,Surubi
Rio de Janeiro,RJ,Resende,Vale dos Reis
Rio de Janeiro,RJ,Resende,Vicentino
Rio de Janeiro,RJ,Resende,Vila Adelaide
Rio de Janeiro,RJ,Resende,Vila Cecilia
Rio de Janeiro,RJ,Resende,Vila Central
Rio de Janeiro,RJ,Resende,Vila Hulda Rocha
Rio de Janeiro,RJ,Resende,Vila Julieta
Rio de Janeiro,RJ,Resende,Vila Moderna
Rio de Janeiro,RJ,Resende,Vila Verde
Rio de Janeiro,RJ,Rio de Janeiro,Abolicao
Rio de Janeiro,RJ,Rio de Janeiro,Acari
Rio de Janeiro,RJ,Rio de Janeiro,Alto da Boa Vista
Rio de Janeiro,RJ,Rio de Janeiro,Anchieta
Rio de Janeiro,RJ,Rio de Janeiro,Andarai
Rio de Janeiro,RJ,Rio de Janeiro,Anil
Rio de Janeiro,RJ,Rio de Janeiro,Bancarios
Rio de Janeiro,RJ,Rio de Janeiro,Bangu
Rio de Janeiro,RJ,Rio de Janeiro,Barra da Tijuca
Rio de Janeiro,RJ,Rio de Janeiro,Barra de Guaratiba
Rio de Janeiro,RJ,Rio de Janeiro,Barros Filho
Rio de Janeiro,RJ,Rio de Janeiro,Benfica
Rio de Janeiro,RJ,Rio de Janeiro,Bento Ribeiro
Rio de Janeiro,RJ,Rio de Janeiro,Bonsucesso
Rio de Janeiro,RJ,Rio de Janeiro,Botafogo
Rio de Janeiro,RJ,Rio de Janeiro,Bras de Pina
Rio de Janeiro,RJ,Rio de Janeiro,Cachambi
Rio de Janeiro,RJ,Rio de Janeiro,Cacuia
Rio de Janeiro,RJ,Rio de Janeiro,Caju
Rio de Janeiro,RJ,Rio de Janeiro,Campinho
Rio de Janeiro,RJ,Rio de Janeiro,Campo dos Afonsos
Rio de Janeiro,RJ,Rio de Janeiro,Campo Grande
Rio de Janeiro,RJ,Rio de Janeiro,Cascadura
Rio de Janeiro,RJ,Rio de Janeiro,Catumbi
Rio de Janeiro,RJ,Rio de Janeiro,Cavalcanti
Rio de Janeiro,RJ,Rio de Janeiro,Centro
Rio de Janeiro,RJ,Rio de Janeiro,Cidade de Deus
Rio de Janeiro,RJ,Rio de Janeiro,Cidade Nova
Rio de Janeiro,RJ,Rio de Janeiro,Cocota
Rio de Janeiro,RJ,Rio de Janeiro,Coelho Neto
Rio de Janeiro,RJ,Rio de Janeiro,Copacabana
Rio de Janeiro,RJ,Rio de Janeiro,Cordovil
Rio de Janeiro,RJ,Rio de Janeiro,Cosmos
Rio de Janeiro,RJ,Rio de Janeiro,Costa Barros
Rio de Janeiro,RJ,Rio de Janeiro,Curicica
Rio de Janeiro,RJ,Rio de Janeiro,Del Castilho
Rio de Janeiro,RJ,Rio de Janeiro,Deodoro
Rio de Janeiro,RJ,Rio de Janeiro,Encantado
Rio de Janeiro,RJ,Rio de Janeiro,Engenheiro Leal
Rio de Janeiro,RJ,Rio de Janeiro,Engenho da Rainha
Rio de Janeiro,RJ,Rio de Janeiro,Engenho de Dentro
Rio de Janeiro,RJ,Rio de Janeiro,Engenho Novo
Rio de Janeiro,RJ,Rio de Janeiro,Estacio
Rio de Janeiro,RJ,Rio de Janeiro,Flamengo
Rio de Janeiro,RJ,Rio de Janeiro,Freguesia
Rio de Janeiro,RJ,Rio de Janeiro,Galeao
Rio de Janeiro,RJ,Rio de Janeiro,Gamboa
Rio de Janeiro,RJ,Rio de Janeiro,Gardenia Azul
Rio de Janeiro,RJ,Rio de Janeiro,Gavea
Rio de Janeiro,RJ,Rio de Janeiro,Gloria
Rio de Janeiro,RJ,Rio de Janeiro,Grajau
Rio de Janeiro,RJ,Rio de Janeiro,Guadalupe
Rio de Janeiro,RJ,Rio de Janeiro,Guaratiba
Rio de Janeiro,RJ,Rio de Janeiro,Higienopolis
Rio de Janeiro,RJ,Rio de Janeiro,Honorio Gurgel
Rio de Janeiro,RJ,Rio de Janeiro,Humaita
Rio de Janeiro,RJ,Rio de Janeiro,Inhauma
Rio de Janeiro,RJ,Rio de Janeiro,Inhoaiba
Rio de Janeiro,RJ,Rio de Janeiro,Ipanema
Rio de Janeiro,RJ,Rio de Janeiro,Iraja
Rio de Janeiro,RJ,Rio de Janeiro,Itanhanga
Rio de Janeiro,RJ,Rio de Janeiro,Jacare
Rio de Janeiro,RJ,Rio de Janeiro,Jacarepagua
Rio de Janeiro,RJ,Rio de Janeiro,Jardim America
Rio de Janeiro,RJ,Rio de Janeiro,Jardim Botanico
Rio de Janeiro,RJ,Rio de Janeiro,Jardim Carioca
Rio de Janeiro,RJ,Rio de Janeiro,Jardim Guanabara
Rio de Janeiro,RJ,Rio de Janeiro,Jardim Sulacap
Rio de Janeiro,RJ,Rio de Janeiro,Lagoa
Rio de Janeiro,RJ,Rio de Janeiro,Laranjeiras
Rio de Janeiro,RJ,Rio de Janeiro,Leblon
Rio de Janeiro,RJ,Rio de Janeiro,Lins de Vasconcelos
Rio de Janeiro,RJ,Rio de Janeiro,Madureira
Rio de Janeiro,RJ,Rio de Janeiro,Magalhaes Bastos
Rio de Janeiro,RJ,Rio de Janeiro,Maracana
Rio de Janeiro,RJ,Rio de Janeiro,Marechal Hermes
Rio de Janeiro,RJ,Rio de Janeiro,Maria da Graca
Rio de Janeiro,RJ,Rio de Janeiro,Meier
Rio de Janeiro,RJ,Rio de Janeiro,Olaria
Rio de Janeiro,RJ,Rio de Janeiro,Oswaldo Cruz
Rio de Janeiro,RJ,Rio de Janeiro,Paciencia
Rio de Janeiro,RJ,Rio de Janeiro,Padre Miguel
Rio de Janeiro,RJ,Rio de Janeiro,Paqueta
Rio de Janeiro,RJ,Rio de Janeiro,Parada de Lucas
Rio de Janeiro,RJ,Rio de Janeiro,Parque Anchieta
Rio de Janeiro,RJ,Rio de Janeiro,Pavuna
Rio de Janeiro,RJ,Rio de Janeiro,Pechincha
Rio de Janeiro,RJ,Rio de Janeiro,Pedra de Guaratiba
Rio de Janeiro,RJ,Rio de Janeiro,Penha
Rio de Janeiro,RJ,Rio de Janeiro,Penha Circular
Rio de Janeiro,RJ,Rio de Janeiro,Piedade
Rio de Janeiro,RJ,Rio de Janeiro,Pilares
Rio de Janeiro,RJ,Rio de Janeiro,Pitangueiras
Rio de Janeiro,RJ,Rio de Janeiro,Portuguesa
Rio de Janeiro,RJ,Rio de Janeiro,Praca da Bandeira
Rio de Janeiro,RJ,Rio de Janeiro,Praca Seca
Rio de Janeiro,RJ,Rio de Janeiro,Praia da Bandeira
Rio de Janeiro,RJ,Rio de Janeiro,Quintino Bocaiuva
Rio de Janeiro,RJ,Rio de Janeiro,Ramos
Rio de Janeiro,RJ,Rio de Janeiro,Realengo
Rio de Janeiro,RJ,Rio de Janeiro,Recreio dos Bandeirantes
Rio de Janeiro,RJ,Rio de Janeiro,Riachuelo
Rio de Janeiro,RJ,Rio de Janeiro,Ricardo de Albuquerque
Rio de Janeiro,RJ,Rio de Janeiro,Rocha
Rio de Janeiro,RJ,Rio de Janeiro,Rocha Miranda
Rio de Janeiro,RJ,Rio de Janeiro,Sampaio
Rio de Janeiro,RJ,Rio de Janeiro,Santa Cruz
Rio de Janeiro,RJ,Rio de Janeiro,Santa Teresa
Rio de Janeiro,RJ,Rio de Janeiro,Santissimo
Rio de Janeiro,RJ,Rio de Janeiro,Santo Cristo
Rio de Janeiro,RJ,Rio de Janeiro,Sao Conrado
Rio de Janeiro,RJ,Rio de Janeiro,Sao Cristovao
Rio de Janeiro,RJ,Rio de Janeiro,Senador Camara
Rio de Janeiro,RJ,Rio de Janeiro,Senador Vasconcelos
Rio de Janeiro,RJ,Rio de Janeiro,Sepetiba
Rio de Janeiro,RJ,Rio de Janeiro,Tanque
Rio de Janeiro,RJ,Rio de Janeiro,Taquara
Rio de Janeiro,RJ,Rio de Janeiro,Taua
Rio de Janeiro,RJ,Rio de Janeiro,Tijuca
Rio de Janeiro,RJ,Rio de Janeiro,Todos Os Santos
Rio de Janeiro,RJ,Rio de Janeiro,Tomas Coelho
Rio de Janeiro,RJ,Rio de Janeiro,Vargem Grande
Rio de Janeiro,RJ,Rio de Janeiro,Vaz Lobo
Rio de Janeiro,RJ,Rio de Janeiro,Vicente de Carvalho
Rio de Janeiro,RJ,Rio de Janeiro,Vigario Geral
Rio de Janeiro,RJ,Rio de Janeiro,Vila da Penha
Rio de Janeiro,RJ,Rio de Janeiro,Vila Isabel
Rio de Janeiro,RJ,Rio de Janeiro,Vila Kosmos
Rio de Janeiro,RJ,Rio de Janeiro,Vila Militar
Rio de Janeiro,RJ,Rio de Janeiro,Vila Valqueire
Rio de Janeiro,RJ,Sao Goncalo,Alcantara
Rio de Janeiro,RJ,Sao Goncalo,Almerinda
Rio de Janeiro,RJ,Sao Goncalo,Amendoeira
Rio de Janeiro,RJ,Sao Goncalo,Antonina
Rio de Janeiro,RJ,Sao Goncalo,Arsenal
Rio de Janeiro,RJ,Sao Goncalo,Barracao
Rio de Janeiro,RJ,Sao Goncalo,Barreto
Rio de Janeiro,RJ,Sao Goncalo,Barro Vermelho
Rio de Janeiro,RJ,Sao Goncalo,Boa Vista
Rio de Janeiro,RJ,Sao Goncalo,Boacu
Rio de Janeiro,RJ,Sao Goncalo,Boqueirao Pequeno
Rio de Janeiro,RJ,Sao Goncalo,Brasilandia
Rio de Janeiro,RJ,Sao Goncalo,Camarao
Rio de Janeiro,RJ,Sao Goncalo,Centro
Rio de Janeiro,RJ,Sao Goncalo,Coelho
Rio de Janeiro,RJ,Sao Goncalo,Colubande
Rio de Janeiro,RJ,Sao Goncalo,Covanca
Rio de Janeiro,RJ,Sao Goncalo,Engenho Pequeno
Rio de Janeiro,RJ,Sao Goncalo,Estrela do Norte
Rio de Janeiro,RJ,Sao Goncalo,Galo Branco
Rio de Janeiro,RJ,Sao Goncalo,Gradim
Rio de Janeiro,RJ,Sao Goncalo,Guaxindiba
Rio de Janeiro,RJ,Sao Goncalo,Itaoca
Rio de Janeiro,RJ,Sao Goncalo,Itauna
Rio de Janeiro,RJ,Sao Goncalo,Jardim California
Rio de Janeiro,RJ,Sao Goncalo,Jardim Catarina
Rio de Janeiro,RJ,Sao Goncalo,Joquei Clube
Rio de Janeiro,RJ,Sao Goncalo,Lagoinha
Rio de Janeiro,RJ,Sao Goncalo,Laranjal
Rio de Janeiro,RJ,Sao Goncalo,Lindo Parque
Rio de Janeiro,RJ,Sao Goncalo,Mangueira
Rio de Janeiro,RJ,Sao Goncalo,Maria Paula
Rio de Janeiro,RJ,Sao Goncalo,Miriambi
Rio de Janeiro,RJ,Sao Goncalo,Monjolo
Rio de Janeiro,RJ,Sao Goncalo,Morro do Castro
Rio de Janeiro,RJ,Sao Goncalo,Mutondo
Rio de Janeiro,RJ,Sao Goncalo,Mutua
Rio de Janeiro,RJ,Sao Goncalo,Mutuaguacu
Rio de Janeiro,RJ,Sao Goncalo,Mutuapira
Rio de Janeiro,RJ,Sao Goncalo,Neves
Rio de Janeiro,RJ,Sao Goncalo,Nossa Senhora da Paz
Rio de Janeiro,RJ,Sao Goncalo,Nova Cidade
Rio de Janeiro,RJ,Sao Goncalo,Nova Grecia
Rio de Janeiro,RJ,Sao Goncalo,Novo Mexico
Rio de Janeiro,RJ,Sao Goncalo,Pacheco
Rio de Janeiro,RJ,Sao Goncalo,Paraiso
Rio de Janeiro,RJ,Sao Goncalo,Patronato
Rio de Janeiro,RJ,Sao Goncalo,Piao
Rio de Janeiro,RJ,Sao Goncalo,Portao do Rosa
Rio de Janeiro,RJ,Sao Goncalo,Porto da Pedra
Rio de Janeiro,RJ,Sao Goncalo,Porto do Rosa
Rio de Janeiro,RJ,Sao Goncalo,Porto Novo
Rio de Janeiro,RJ,Sao Goncalo,Porto Velho
Rio de Janeiro,RJ,Sao Goncalo,Raul Veiga
Rio de Janeiro,RJ,Sao Goncalo,Rio do Ouro
Rio de Janeiro,RJ,Sao Goncalo,Rocha
Rio de Janeiro,RJ,Sao Goncalo,Sacramento
Rio de Janeiro,RJ,Sao Goncalo,Santa Catarina
Rio de Janeiro,RJ,Sao Goncalo,Santa Isabel
Rio de Janeiro,RJ,Sao Goncalo,Santa Luzia
Rio de Janeiro,RJ,Sao Goncalo,Sao Miguel
Rio de Janeiro,RJ,Sao Goncalo,Sete Pontes
Rio de Janeiro,RJ,Sao Goncalo,Tenente Jardim
Rio de Janeiro,RJ,Sao Goncalo,Tribobo
Rio de Janeiro,RJ,Sao Goncalo,Trindade
Rio de Janeiro,RJ,Sao Goncalo,Venda da Cruz
Rio de Janeiro,RJ,Sao Goncalo,Vila Iara
Rio de Janeiro,RJ,Sao Goncalo,Vila Lage
Rio de Janeiro,RJ,Sao Goncalo,Vista Alegre
Rio de Janeiro,RJ,Sao Goncalo,Ze Garoto
Rio de Janeiro,RJ,Sao Joao de Meriti,Agostinho Porto
Rio de Janeiro,RJ,Sao Joao de Meriti,Centro
Rio de Janeiro,RJ,Sao Joao de Meriti,Coelho da Rocha
Rio de Janeiro,RJ,Sao Joao de Meriti,Eden
Rio de Janeiro,RJ,Sao Joao de Meriti,Engenheiro Belford
Rio de Janeiro,RJ,Sao Joao de Meriti,Farrula
Rio de Janeiro,RJ,Sao Joao de Meriti,Fonte Carioca
Rio de Janeiro,RJ,Sao Joao de Meriti,Grande Rio
Rio de Janeiro,RJ,Sao Joao de Meriti,Indiara
Rio de Janeiro,RJ,Sao Joao de Meriti,Itapoa
Rio de Janeiro,RJ,Sao Joao de Meriti,Jardim da Alegria
Rio de Janeiro,RJ,Sao Joao de Meriti,Jardim Fatima
Rio de Janeiro,RJ,Sao Joao de Meriti,Jardim Iris
Rio de Janeiro,RJ,Sao Joao de Meriti,Jardim Jose Bonifacio
Rio de Janeiro,RJ,Sao Joao de Meriti,Jardim Jurema
Rio de Janeiro,RJ,Sao Joao de Meriti,Jardim Meriti
Rio de Janeiro,RJ,Sao Joao de Meriti,Jardim Metropole
Rio de Janeiro,RJ,Sao Joao de Meriti,Jardim Nova California
Rio de Janeiro,RJ,Sao Joao de Meriti,Jardim Noya
Rio de Janeiro,RJ,Sao Joao de Meriti,Jardim Olavo Bilac
Rio de Janeiro,RJ,Sao Joao de Meriti,Jardim Paraiso
Rio de Janeiro,RJ,Sao Joao de Meriti,Jardim Santa Rosa
Rio de Janeiro,RJ,Sao Joao de Meriti,Jardim Santo Antonio
Rio de Janeiro,RJ,Sao Joao de Meriti,Jardim Sumare
Rio de Janeiro,RJ,Sao Joao de Meriti,Lar Fluminense
Rio de Janeiro,RJ,Sao Joao de Meriti,Parque Alian
Rio de Janeiro,RJ,Sao Joao de Meriti,Parque Analandia
Rio de Janeiro,RJ,Sao Joao de Meriti,Parque Araruama
Rio de Janeiro,RJ,Sao Joao de Meriti,Parque Barreto
Rio de Janeiro,RJ,Sao Joao de Meriti,Parque Cruz Alta
Rio de Janeiro,RJ,Sao Joao de Meriti,Parque Elisabete
Rio de Janeiro,RJ,Sao Joao de Meriti,Parque Juriti
Rio de Janeiro,RJ,Sao Joao de Meriti,Parque Novo Rio
Rio de Janeiro,RJ,Sao Joao de Meriti,Parque Regina
Rio de Janeiro,RJ,Sao Joao de Meriti,Parque Sao Judas Tadeu
Rio de Janeiro,RJ,Sao Joao de Meriti,Parque Sao Nicolau
Rio de Janeiro,RJ,Sao Joao de Meriti,Parque Sao Roque
Rio de Janeiro,RJ,Sao Joao de Meriti,Parque Siqueira
Rio de Janeiro,RJ,Sao Joao de Meriti,Parque Teles de Menezes
Rio de Janeiro,RJ,Sao Joao de Meriti,Parque Tiete
Rio de Janeiro,RJ,Sao Joao de Meriti,Parque Vitoria
Rio de Janeiro,RJ,Sao Joao de Meriti,Sao Mateus
Rio de Janeiro,RJ,Sao Joao de Meriti,Sitio dos Gansos
Rio de Janeiro,RJ,Sao Joao de Meriti,Tomazinho
Rio de Janeiro,RJ,Sao Joao de Meriti,Vale da Simpatia
Rio de Janeiro,RJ,Sao Joao de Meriti,Vila Andorinhas
Rio de Janeiro,RJ,Sao Joao de Meriti,Vila Columbia
Rio de Janeiro,RJ,Sao Joao de Meriti,Vila dos Guedes
Rio de Janeiro,RJ,Sao Joao de Meriti,Vila Fluminense
Rio de Janeiro,RJ,Sao Joao de Meriti,Vila Gentil
Rio de Janeiro,RJ,Sao Joao de Meriti,Vila Jurandir
Rio de Janeiro,RJ,Sao Joao de Meriti,Vila Lais
Rio de Janeiro,RJ,Sao Joao de Meriti,Vila Nadir
Rio de Janeiro,RJ,Sao Joao de Meriti,Vila Norma
Rio de Janeiro,RJ,Sao Joao de Meriti,Vila Nossa Senhora Aparecida
Rio de Janeiro,RJ,Sao Joao de Meriti,Vila Nossa Senhora de Fatima
Rio de Janeiro,RJ,Sao Joao de Meriti,Vila Rosali
Rio de Janeiro,RJ,Sao Joao de Meriti,Vila Santa Rita
Rio de Janeiro,RJ,Sao Joao de Meriti,Vila Sao Joao
Rio de Janeiro,RJ,Sao Joao de Meriti,Vila Saudade
Rio de Janeiro,RJ,Sao Joao de Meriti,Vila Tiradentes
Rio de Janeiro,RJ,Sao Joao de Meriti,Vila Venus
Rio de Janeiro,RJ,Sao Joao de Meriti,Vila Zulmira
Rio de Janeiro,RJ,Sao Joao de Meriti,Vilar dos Teles
Rio de Janeiro,RJ,Sao Joao de Meriti,Vilar Formoso
Rio de Janeiro,RJ,Teresopolis,Agrioes
Rio de Janeiro,RJ,Teresopolis,Albuquerque
Rio de Janeiro,RJ,Teresopolis,Alto
Rio de Janeiro,RJ,Teresopolis,Araras
Rio de Janeiro,RJ,Teresopolis,Artistas
Rio de Janeiro,RJ,Teresopolis,Barra do Imbui
Rio de Janeiro,RJ,Teresopolis,Barroso
Rio de Janeiro,RJ,Teresopolis,Bom Retiro
Rio de Janeiro,RJ,Teresopolis,Bonsucesso
Rio de Janeiro,RJ,Teresopolis,Caleme
Rio de Janeiro,RJ,Teresopolis,Carlos Guinle
Rio de Janeiro,RJ,Teresopolis,Cascata do Imbui
Rio de Janeiro,RJ,Teresopolis,Cascata dos Amores
Rio de Janeiro,RJ,Teresopolis,Cascata Guarani
Rio de Janeiro,RJ,Teresopolis,Corta Vento
Rio de Janeiro,RJ,Teresopolis,Ermitage
Rio de Janeiro,RJ,Teresopolis,Fazendinha
Rio de Janeiro,RJ,Teresopolis,Fonte Santa
Rio de Janeiro,RJ,Teresopolis,Golfe
Rio de Janeiro,RJ,Teresopolis,Granja Florestal
Rio de Janeiro,RJ,Teresopolis,Granja Guarani
Rio de Janeiro,RJ,Teresopolis,Itapemirim
Rio de Janeiro,RJ,Teresopolis,Iucas
Rio de Janeiro,RJ,Teresopolis,Jardim Cascata
Rio de Janeiro,RJ,Teresopolis,Jardim Europa
Rio de Janeiro,RJ,Teresopolis,Jardim Meudon
Rio de Janeiro,RJ,Teresopolis,Jardim Pinheiros
Rio de Janeiro,RJ,Teresopolis,Jardim Salaco
Rio de Janeiro,RJ,Teresopolis,Meudon
Rio de Janeiro,RJ,Teresopolis,Paineira
Rio de Janeiro,RJ,Teresopolis,Panorama
Rio de Janeiro,RJ,Teresopolis,Parque do Imbui
Rio de Janeiro,RJ,Teresopolis,Parque do Inga
Rio de Janeiro,RJ,Teresopolis,Parque Sao Luiz
Rio de Janeiro,RJ,Teresopolis,Pimenteiras
Rio de Janeiro,RJ,Teresopolis,Posse
Rio de Janeiro,RJ,Teresopolis,Prata
Rio de Janeiro,RJ,Teresopolis,Quebra Frascos
Rio de Janeiro,RJ,Teresopolis,Quinta da Barra
Rio de Janeiro,RJ,Teresopolis,Quinta Lebrao
Rio de Janeiro,RJ,Teresopolis,Santa Cecilia
Rio de Janeiro,RJ,Teresopolis,Sao Pedro
Rio de Janeiro,RJ,Teresopolis,Soberbo
Rio de Janeiro,RJ,Teresopolis,Taumaturgo
Rio de Janeiro,RJ,Teresopolis,Tijuca
Rio de Janeiro,RJ,Teresopolis,Vale do Paraiso
Rio de Janeiro,RJ,Teresopolis,Varzea
Rio de Janeiro,RJ,Teresopolis,Vila Muqui
Rio de Janeiro,RJ,Tres Rios,Boa Uniao
Rio de Janeiro,RJ,Tres Rios,Caixa D'agua
Rio de Janeiro,RJ,Tres Rios,Cantagalo
Rio de Janeiro,RJ,Tres Rios,Centro
Rio de Janeiro,RJ,Tres Rios,Cidade Nova
Rio de Janeiro,RJ,Tres Rios,Hermogenio Silva
Rio de Janeiro,RJ,Tres Rios,Jardim Primavera
Rio de Janeiro,RJ,Tres Rios,Ladeira das Palmeiras
Rio de Janeiro,RJ,Tres Rios,Monte Castelo
Rio de Janeiro,RJ,Tres Rios,Morro da Ctb
Rio de Janeiro,RJ,Tres Rios,Moura Brasil
Rio de Janeiro,RJ,Tres Rios,Nova Niteroi
Rio de Janeiro,RJ,Tres Rios,Patio da Estacao
Rio de Janeiro,RJ,Tres Rios,Piloes
Rio de Janeiro,RJ,Tres Rios,Ponte das Garcas
Rio de Janeiro,RJ,Tres Rios,Ponto Azul
Rio de Janeiro,RJ,Tres Rios,Portao Vermelho
Rio de Janeiro,RJ,Tres Rios,Puriz
Rio de Janeiro,RJ,Tres Rios,Santa Rosa
Rio de Janeiro,RJ,Tres Rios,Santa Teresinha
Rio de Janeiro,RJ,Tres Rios,Triangulo
Rio de Janeiro,RJ,Tres Rios,Vila Isabel
Rio de Janeiro,RJ,Volta Redonda,Acude
Rio de Janeiro,RJ,Volta Redonda,Aero Clube
Rio de Janeiro,RJ,Volta Redonda,Agua Limpa
Rio de Janeiro,RJ,Volta Redonda,Aterrado
Rio de Janeiro,RJ,Volta Redonda,Barreira Cravo
Rio de Janeiro,RJ,Volta Redonda,Bela Vista
Rio de Janeiro,RJ,Volta Redonda,Belmonte
Rio de Janeiro,RJ,Volta Redonda,Belo Horizonte
Rio de Janeiro,RJ,Volta Redonda,Bom Jesus
Rio de Janeiro,RJ,Volta Redonda,Brasilandia
Rio de Janeiro,RJ,Volta Redonda,Candelaria
Rio de Janeiro,RJ,Volta Redonda,Centro
Rio de Janeiro,RJ,Volta Redonda,Conforto
Rio de Janeiro,RJ,Volta Redonda,Coqueiros
Rio de Janeiro,RJ,Volta Redonda,Divineia
Rio de Janeiro,RJ,Volta Redonda,Dom Bosco
Rio de Janeiro,RJ,Volta Redonda,Eldorado
Rio de Janeiro,RJ,Volta Redonda,Eucaliptal
Rio de Janeiro,RJ,Volta Redonda,Jardim Amalia
Rio de Janeiro,RJ,Volta Redonda,Jardim Belvedere
Rio de Janeiro,RJ,Volta Redonda,Jardim Cidade do Aco
Rio de Janeiro,RJ,Volta Redonda,Jardim Europa
Rio de Janeiro,RJ,Volta Redonda,Jardim Normandia
Rio de Janeiro,RJ,Volta Redonda,Jardim Paraiba
Rio de Janeiro,RJ,Volta Redonda,Jardim Primavera
Rio de Janeiro,RJ,Volta Redonda,Jardim Suica
Rio de Janeiro,RJ,Volta Redonda,Jardim Veneza
Rio de Janeiro,RJ,Volta Redonda,Laranjal
Rio de Janeiro,RJ,Volta Redonda,Limoeiro
Rio de Janeiro,RJ,Volta Redonda,Mariana Torres
Rio de Janeiro,RJ,Volta Redonda,Minerlandia
Rio de Janeiro,RJ,Volta Redonda,Morro da Conquista
Rio de Janeiro,RJ,Volta Redonda,Niteroi
Rio de Janeiro,RJ,Volta Redonda,Nossa Senhora das Gracas
Rio de Janeiro,RJ,Volta Redonda,Ponte Alta
Rio de Janeiro,RJ,Volta Redonda,Retiro
Rio de Janeiro,RJ,Volta Redonda,Rustico
Rio de Janeiro,RJ,Volta Redonda,Santa Rita do Zarur
Rio de Janeiro,RJ,Volta Redonda,Santo Agostinho
Rio de Janeiro,RJ,Volta Redonda,Sao Carlos
Rio de Janeiro,RJ,Volta Redonda,Sao Cristovao
Rio de Janeiro,RJ,Volta Redonda,Sao Geraldo
Rio de Janeiro,RJ,Volta Redonda,Sao Joao
Rio de Janeiro,RJ,Volta Redonda,Sao Joao Batista
Rio de Janeiro,RJ,Volta Redonda,Sao Lucas
Rio de Janeiro,RJ,Volta Redonda,Sao Luis
Rio de Janeiro,RJ,Volta Redonda,Sessenta
Rio de Janeiro,RJ,Volta Redonda,Siderlandia
Rio de Janeiro,RJ,Volta Redonda,Vila Americana
Rio de Janeiro,RJ,Volta Redonda,Vila Brasilia
Rio de Janeiro,RJ,Volta Redonda,Vila Grande
Rio de Janeiro,RJ,Volta Redonda,Vila Mury
Rio de Janeiro,RJ,Volta Redonda,Vila Santa Cecilia
Rio de Janeiro,RJ,Volta Redonda,Voldac
Rio Grande do Sul,RS,Alegrete,Atlantida
Rio Grande do Sul,RS,Alegrete,Balneario Cavera
Rio Grande do Sul,RS,Alegrete,Boa Vista
Rio Grande do Sul,RS,Alegrete,Canudos
Rio Grande do Sul,RS,Alegrete,Capao do Angico
Rio Grande do Sul,RS,Alegrete,Centro
Rio Grande do Sul,RS,Alegrete,Cidade Alta
Rio Grande do Sul,RS,Alegrete,Cohab Restinga
Rio Grande do Sul,RS,Alegrete,Coxilha
Rio Grande do Sul,RS,Alegrete,e Zuneda
Rio Grande do Sul,RS,Alegrete,Favila
Rio Grande do Sul,RS,Alegrete,Gamino
Rio Grande do Sul,RS,Alegrete,Ibirapuita
Rio Grande do Sul,RS,Alegrete,Independencia
Rio Grande do Sul,RS,Alegrete,Inez
Rio Grande do Sul,RS,Alegrete,Jardim Planalto
Rio Grande do Sul,RS,Alegrete,Lara
Rio Grande do Sul,RS,Alegrete,Macedo
Rio Grande do Sul,RS,Alegrete,Nova Brasilia
Rio Grande do Sul,RS,Alegrete,Novo Lar
Rio Grande do Sul,RS,Alegrete,Petropolis
Rio Grande do Sul,RS,Alegrete,Piola
Rio Grande do Sul,RS,Alegrete,Prado
Rio Grande do Sul,RS,Alegrete,Progresso
Rio Grande do Sul,RS,Alegrete,Promorar
Rio Grande do Sul,RS,Alegrete,Restinga
Rio Grande do Sul,RS,Alegrete,Santos Dumont
Rio Grande do Sul,RS,Alegrete,Vera Cruz
Rio Grande do Sul,RS,Alegrete,Vila Kennedy
Rio Grande do Sul,RS,Alegrete,Vila Nova
Rio Grande do Sul,RS,Alvorada,Americana
Rio Grande do Sul,RS,Alvorada,Aparecida
Rio Grande do Sul,RS,Alvorada,Bela Vista
Rio Grande do Sul,RS,Alvorada,Formoza
Rio Grande do Sul,RS,Alvorada,Jardim Algarve
Rio Grande do Sul,RS,Alvorada,Maria Regina
Rio Grande do Sul,RS,Alvorada,Maringa
Rio Grande do Sul,RS,Alvorada,Passo do Feijo
Rio Grande do Sul,RS,Alvorada,Piratini
Rio Grande do Sul,RS,Alvorada,Stella Maris
Rio Grande do Sul,RS,Alvorada,Sumare
Rio Grande do Sul,RS,Alvorada,Tijuca
Rio Grande do Sul,RS,Alvorada,Vila Tupa
Rondônia,RO,Ariquemes,Conjunto Habitacional Parque Tropical
Rondônia,RO,Ariquemes,Jardim das Palmeiras
Rondônia,RO,Ariquemes,Jardim Jorge Teixeira
Rondônia,RO,Ariquemes,Marechal Rondon
Rondônia,RO,Ariquemes,Monte Cristo
Rondônia,RO,Ariquemes,Parque das Gemas
Rondônia,RO,Ariquemes,Setor 1
Rondônia,RO,Ariquemes,Setor 10
Rondônia,RO,Ariquemes,Setor 11
Rondônia,RO,Ariquemes,Setor 2
Rondônia,RO,Ariquemes,Setor 3
Rondônia,RO,Ariquemes,Setor 4
Rondônia,RO,Ariquemes,Setor 5
Rondônia,RO,Ariquemes,Setor 6
Rondônia,RO,Ariquemes,Setor 7
Rondônia,RO,Ariquemes,Setor 8
Rondônia,RO,Ariquemes,Setor 9
Rondônia,RO,Ariquemes,Setor e Areas Especiais
Rondônia,RO,Ariquemes,Trevo
Rondônia,RO,Cacoal,Centro
Rondônia,RO,Cacoal,Conjunto Haley
Rondônia,RO,Cacoal,Cristal do Arco Iris
Rondônia,RO,Cacoal,Floresta
Rondônia,RO,Cacoal,Incra
Rondônia,RO,Cacoal,Industrial
Rondônia,RO,Cacoal,Jardim Bandeirante
Rondônia,RO,Cacoal,Jardim Clodoaldo
Rondônia,RO,Cacoal,Liberdade
Rondônia,RO,Cacoal,Nova Esperanca
Rondônia,RO,Cacoal,Novo Cacoal
Rondônia,RO,Cacoal,Novo Horizonte
Rondônia,RO,Cacoal,Princesa Izabel
Rondônia,RO,Cacoal,Projeto Mutirao
Rondônia,RO,Cacoal,Residencial Parque Brizon
Rondônia,RO,Cacoal,Saude
Rondônia,RO,Cacoal,Teixeirao
Rondônia,RO,Cacoal,Village do Sol
Rondônia,RO,Ji-parana,2 de Abril
Rondônia,RO,Ji-parana,Cafezinho
Rondônia,RO,Ji-parana,Casa Preta
Rondônia,RO,Ji-parana,Centro
Rondônia,RO,Ji-parana,Dom Bosco
Rondônia,RO,Ji-parana,Duque de Caxias
Rondônia,RO,Ji-parana,Jardim das Seringueiras
Rondônia,RO,Ji-parana,Jardim dos Migrantes
Rondônia,RO,Ji-parana,Jardim Presidencial
Rondônia,RO,Ji-parana,Nova Brasilia
Rondônia,RO,Ji-parana,Parque Sao Pedro
Rondônia,RO,Ji-parana,Primavera
Rondônia,RO,Ji-parana,Riachuelo
Rondônia,RO,Ji-parana,Sao Bernardo
Rondônia,RO,Ji-parana,Sao Francisco
Rondônia,RO,Ji-parana,Urupa
Rondônia,RO,Ji-parana,Vila Jotao
Rondônia,RO,Porto Velho,22 de Dezembro
Rondônia,RO,Porto Velho,Areal
Rondônia,RO,Porto Velho,Areal da Floresta
Rondônia,RO,Porto Velho,Arigolandia
Rondônia,RO,Porto Velho,Bela Vista
Rondônia,RO,Porto Velho,Belvederes
Rondônia,RO,Porto Velho,Caiari
Rondônia,RO,Porto Velho,Caladinho
Rondônia,RO,Porto Velho,Calama
Rondônia,RO,Porto Velho,Cascalheira
Rondônia,RO,Porto Velho,Centro
Rondônia,RO,Porto Velho,Cidade do Lobo
Rondônia,RO,Porto Velho,Cohab-floresta II
Rondônia,RO,Porto Velho,Conjunto 4 de Janeiro I
Rondônia,RO,Porto Velho,Conjunto 4 de Janeiro V
Rondônia,RO,Porto Velho,Conjunto Alphaville
Rondônia,RO,Porto Velho,Conjunto Chagas Neto
Rondônia,RO,Porto Velho,Conjunto Jamari
Rondônia,RO,Porto Velho,Conjunto Juscelino Kubitschek
Rondônia,RO,Porto Velho,Conjunto Marechal Rondon
Rondônia,RO,Porto Velho,Conjunto Rio Guapore
Rondônia,RO,Porto Velho,Conjunto Rio Mamore
Rondônia,RO,Porto Velho,Conjunto Santo Antonio
Rondônia,RO,Porto Velho,Conquista
Rondônia,RO,Porto Velho,Costa e Silva
Rondônia,RO,Porto Velho,Embratel
Rondônia,RO,Porto Velho,Ipanema
Rondônia,RO,Porto Velho,Jardim America
Rondônia,RO,Porto Velho,Jardim das Mangueiras I
Rondônia,RO,Porto Velho,Jardim das Mangueiras II
Rondônia,RO,Porto Velho,Jardim Eldorado
Rondônia,RO,Porto Velho,Jardim Miraflores
Rondônia,RO,Porto Velho,Jardim Primavera
Rondônia,RO,Porto Velho,Jardim Vitoria Regia
Rondônia,RO,Porto Velho,Lagoa
Rondônia,RO,Porto Velho,Liberdade
Rondônia,RO,Porto Velho,Marcos Freire
Rondônia,RO,Porto Velho,Mato Grosso
Rondônia,RO,Porto Velho,Mucambo
Rondônia,RO,Porto Velho,Nacional
Rondônia,RO,Porto Velho,Nossa Senhora das Gracas
Rondônia,RO,Porto Velho,Nova Caiari I
Rondônia,RO,Porto Velho,Nova Caiari II
Rondônia,RO,Porto Velho,Nova Floresta
Rondônia,RO,Porto Velho,Nova Porto Velho
Rondônia,RO,Porto Velho,Parque Ceara
Rondônia,RO,Porto Velho,Pedacinho de Chao
Rondônia,RO,Porto Velho,Rasgado
Rondônia,RO,Porto Velho,Residencial Pontal Europa
Rondônia,RO,Porto Velho,Sao Cristovao
Rondônia,RO,Porto Velho,Sao Joao Bosco
Rondônia,RO,Porto Velho,Sao Sebastiao I
Rondônia,RO,Porto Velho,Sao Sebastiao II
Rondônia,RO,Porto Velho,Setor Industrial
Rondônia,RO,Porto Velho,Tancredo Neves
Rondônia,RO,Porto Velho,Tucumanzal
Rondônia,RO,Porto Velho,Tupy
Rondônia,RO,Porto Velho,Ulisses Guimaraes
Rondônia,RO,Porto Velho,Vila Eletronorte
Sergipe,SE,Aracaju,Aeroporto
Sergipe,SE,Aracaju,America
Sergipe,SE,Aracaju,Atalaia
Sergipe,SE,Aracaju,Bugio
Sergipe,SE,Aracaju,Centro
Sergipe,SE,Aracaju,Cidade Nova
Sergipe,SE,Aracaju,Cirurgia
Sergipe,SE,Aracaju,Coroa do Meio
Sergipe,SE,Aracaju,Dezoito do Forte
Sergipe,SE,Aracaju,Farolandia
Sergipe,SE,Aracaju,Getulio Vargas
Sergipe,SE,Aracaju,Grageru
Sergipe,SE,Aracaju,Inacio Barbosa
Sergipe,SE,Aracaju,Industrial
Sergipe,SE,Aracaju,Jabotiana
Sergipe,SE,Aracaju,Jose Conrado de Araujo
Sergipe,SE,Aracaju,Lamarao
Sergipe,SE,Aracaju,Luzia
Sergipe,SE,Aracaju,Novo Paraiso
Sergipe,SE,Aracaju,Olaria
Sergipe,SE,Aracaju,Palestina
Sergipe,SE,Aracaju,Pereira Lobo
Sergipe,SE,Aracaju,Ponto Novo
Sergipe,SE,Aracaju,Porto D'antas
Sergipe,SE,Aracaju,Salgado Filho
Sergipe,SE,Aracaju,Santo Antonio
Sergipe,SE,Aracaju,Santos Dumont
Sergipe,SE,Aracaju,Sao Jose
Sergipe,SE,Aracaju,Siqueira Campos
Sergipe,SE,Aracaju,Soledade
Sergipe,SE,Aracaju,Suica
Sergipe,SE,Aracaju,Treze de Julho
Tocantins,TO,Araguaina,Barra Lago
Tocantins,TO,Araguaina,Boa Sorte
Tocantins,TO,Araguaina,Dom Orione
Tocantins,TO,Araguaina,Eldorado
Tocantins,TO,Araguaina,Jardim California
Tocantins,TO,Araguaina,Jardim das Palmeiras
Tocantins,TO,Araguaina,Jardim Esplanada
Tocantins,TO,Araguaina,Jardim Filadelfia
Tocantins,TO,Araguaina,Jardim Goias
Tocantins,TO,Araguaina,Jardim Italia
Tocantins,TO,Araguaina,Jardim Mansoes Palmeiras
Tocantins,TO,Araguaina,Jardim Paulista
Tocantins,TO,Araguaina,Jardim Pedra Alta
Tocantins,TO,Araguaina,Jardim Santa Helena
Tocantins,TO,Araguaina,Jk
Tocantins,TO,Araguaina,Loteamento Araguaina Sul
Tocantins,TO,Araguaina,Loteamento Ceu Azul
Tocantins,TO,Araguaina,Loteamento Couto Magalhaes
Tocantins,TO,Araguaina,Loteamento Cruzeiro
Tocantins,TO,Araguaina,Loteamento Dona Nelcia
Tocantins,TO,Araguaina,Loteamento Manoel Gomes da Cunha
Tocantins,TO,Araguaina,Loteamento Maracana
Tocantins,TO,Araguaina,Loteamento Martins Jorge
Tocantins,TO,Araguaina,Loteamento Nova Araguaina
Tocantins,TO,Araguaina,Loteamento Pampulha
Tocantins,TO,Araguaina,Loteamento Panorama
Tocantins,TO,Araguaina,Loteamento Planalto
Tocantins,TO,Araguaina,Loteamento Sao Francisco
Tocantins,TO,Araguaina,Loteamento Sao Luiz
Tocantins,TO,Araguaina,Loteamento Sao Miguel
Tocantins,TO,Araguaina,Loteamento Sao Pedro
Tocantins,TO,Araguaina,Morada do Sol
Tocantins,TO,Araguaina,Parque Vale Araguaia
Tocantins,TO,Araguaina,Residencial Itaipu
Tocantins,TO,Araguaina,Santa Monica
Tocantins,TO,Araguaina,Santa Terezinha
Tocantins,TO,Araguaina,Senador
Tocantins,TO,Araguaina,Setor Aeroviario
Tocantins,TO,Araguaina,Setor Ana Maria
Tocantins,TO,Araguaina,Setor Anhanguera
Tocantins,TO,Araguaina,Setor Bela Vista
Tocantins,TO,Araguaina,Setor Brasil
Tocantins,TO,Araguaina,Setor Caraja
Tocantins,TO,Araguaina,Setor Oeste
Tocantins,TO,Araguaina,Setor Rodoviario
Tocantins,TO,Araguaina,Setor Sul
Tocantins,TO,Araguaina,Setor Universitario
Tocantins,TO,Araguaina,Vila Boa
Tocantins,TO,Araguaina,Vila Cardoso
Tocantins,TO,Araguaina,Vila Cearense
Tocantins,TO,Araguaina,Vila Couto Magalhaes
Tocantins,TO,Araguaina,Vila Ferreira
Tocantins,TO,Araguaina,Vila Nova
Tocantins,TO,Araguaina,Vila Santa Luzia
Tocantins,TO,Araguaina,Vila Santiago
Tocantins,TO,Gurupi,Alto da Boa Vista
Tocantins,TO,Gurupi,Alto dos Buritis
Tocantins,TO,Gurupi,Chacara de Recreio Morada do Sol
Tocantins,TO,Gurupi,Chacara Recreios Irmaos Ferreira
Tocantins,TO,Gurupi,Cidade Industrial
Tocantins,TO,Gurupi,Jardim das Bandeiras
Tocantins,TO,Gurupi,Jardim das Palmeiras
Tocantins,TO,Gurupi,Jardim Eldorado
Tocantins,TO,Gurupi,Jardim Flamboyant
Tocantins,TO,Gurupi,Jardim Medeiros
Tocantins,TO,Gurupi,Jardim Pauliceia
Tocantins,TO,Gurupi,Jardim Sao Lucas
Tocantins,TO,Gurupi,Jardim Sevilha
Tocantins,TO,Gurupi,Jardim Tocantins
Tocantins,TO,Gurupi,Jardim Tropical
Tocantins,TO,Gurupi,Muniz Santana
Tocantins,TO,Gurupi,Parque Industrial
Tocantins,TO,Gurupi,Parque Primavera
Tocantins,TO,Gurupi,Parque Residencial Nova Fronteira
Tocantins,TO,Gurupi,Parque Residencial Sao Jose
Tocantins,TO,Gurupi,Parque Sol Nascente
Tocantins,TO,Gurupi,Residencial Jardim dos Buritis
Tocantins,TO,Gurupi,Setor Aeroporto
Tocantins,TO,Gurupi,Setor Aeroporto II
Tocantins,TO,Gurupi,Setor Canaa
Tocantins,TO,Gurupi,Setor Casego
Tocantins,TO,Gurupi,Setor Central
Tocantins,TO,Gurupi,Setor Cruzeiro
Tocantins,TO,Gurupi,Setor Leste
Tocantins,TO,Gurupi,Setor Novo Horizonte
Tocantins,TO,Gurupi,Setor Uniao I
Tocantins,TO,Gurupi,Setor Uniao II
Tocantins,TO,Gurupi,Setor Uniao III
Tocantins,TO,Gurupi,Setor Uniao IV
Tocantins,TO,Gurupi,Setor Uniao V
Tocantins,TO,Gurupi,Shangri-la
Tocantins,TO,Gurupi,Trevo Oeste
Tocantins,TO,Gurupi,Vila Alagoana
Tocantins,TO,Gurupi,Vila Guaracy
Tocantins,TO,Gurupi,Vila Iris
Tocantins,TO,Gurupi,Vila Paulista
Tocantins,TO,Gurupi,Vila Pedroso
Tocantins,TO,Gurupi,Vila Sao Jose
Tocantins,TO,Gurupi,Waldir Lins
Tocantins,TO,Palmas,Area Central
Tocantins,TO,Palmas,Area Nordeste
Tocantins,TO,Palmas,Area Noroeste
Tocantins,TO,Palmas,Area Sudeste
Tocantins,TO,Palmas,Area Sudoeste
Tocantins,TO,Palmas,Eixo Norte
Tocantins,TO,Palmas,Eixo Sul
