province,city,link
Busan/부산,Buk-gu/북구,Bokhyeon 1(il)-dong/복현1동
Busan/부산,Buk-gu/북구,Bokhyeon 2(i)-dong/복현2동
Busan/부산,Buk-gu/북구,Bokhyeon-dong/복현동
Busan/부산,Buk-gu/북구,Bonchon-dong/본촌동
Busan/부산,Buk-gu/북구,Bukbusanucheguksaseoham/북부산우체국사서함
Busan/부산,Buk-gu/북구,Bukdaeguucheguksaseoham/북대구우체국사서함
Busan/부산,Buk-gu/북구,Buk-dong/북동
Busan/부산,Buk-gu/북구,Bukgwangjuucheguksaseoham/북광주우체국사서함
Busan/부산,Buk-gu/북구,Changpyeong-dong/창평동
Busan/부산,Buk-gu/북구,Cheongok-dong/천곡동
Busan/부산,Buk-gu/북구,Cheongpung-dong/청풍동
Busan/부산,Buk-gu/북구,Chilseongdong 1(il)-ga/칠성동1가
Busan/부산,Buk-gu/북구,Chilseongdong 2(i)-ga/칠성동2가
Busan/부산,Buk-gu/북구,Chimsan 1(il)-dong/침산1동
Busan/부산,Buk-gu/북구,Chimsan 2(i)-dong/침산2동
Busan/부산,Buk-gu/북구,Chimsan 3(sam)-dong/침산3동
Busan/부산,Buk-gu/북구,Chimsan-dong/침산동
Busan/부산,Buk-gu/북구,Chunghyo-dong/충효동
Busan/부산,Buk-gu/북구,Daean-dong/대안동
Busan/부산,Buk-gu/북구,Daechon-dong/대촌동
Busan/부산,Buk-gu/북구,Daehyeon 1(il)-dong/대현1동
Busan/부산,Buk-gu/북구,Daehyeon 2(i)-dong/대현2동
Busan/부산,Buk-gu/북구,Daehyeon-dong/대현동
Busan/부산,Buk-gu/북구,Dalcheon-dong/달천동
Busan/부산,Buk-gu/북구,Dangsa-dong/당사동
Busan/부산,Buk-gu/북구,Deogui-dong/덕의동
Busan/부산,Buk-gu/북구,Deokcheon 1(il)-dong/덕천1동
Busan/부산,Buk-gu/북구,Deokcheon 2(i)-dong/덕천2동
Busan/부산,Buk-gu/북구,Deokcheon 3(sam)-dong/덕천3동
Busan/부산,Buk-gu/북구,Deokcheon-dong/덕천동
Busan/부산,Buk-gu/북구,Donam-dong/도남동
Busan/부산,Buk-gu/북구,Dongbyeon-dong/동변동
Busan/부산,Buk-gu/북구,Dongcheon-dong/동천동
Busan/부산,Buk-gu/북구,Dongho-dong/동호동
Busan/부산,Buk-gu/북구,Dongrim-dong/동림동
Busan/부산,Buk-gu/북구,Duam 1(il)-dong/두암1동
Busan/부산,Buk-gu/북구,Duam 2(i)-dong/두암2동
Busan/부산,Buk-gu/북구,Duam 3(sam)-dong/두암3동
Busan/부산,Buk-gu/북구,Duam-dong/두암동
Busan/부산,Buk-gu/북구,Eomul-dong/어물동
Busan/부산,Buk-gu/북구,Eupnae-dong/읍내동
Busan/부산,Buk-gu/북구,Gadae-dong/가대동
Busan/부산,Buk-gu/북구,Gakhwa-dong/각화동
Busan/부산,Buk-gu/북구,Geomdan-dong/검단동
Busan/부산,Buk-gu/북구,Geumgok-dong/금곡동
Busan/부산,Buk-gu/북구,Geumgok-dong/금곡동
Busan/부산,Buk-gu/북구,Geumho-dong/금호동
Busan/부산,Buk-gu/북구,Goseongdong 1(il)-ga/고성동1가
Busan/부산,Buk-gu/북구,Goseongdong 2(i)-ga/고성동2가
Busan/부산,Buk-gu/북구,Goseongdong 3(sam)-ga/고성동3가
Busan/부산,Buk-gu/북구,Guam-dong/구암동
Busan/부산,Buk-gu/북구,Gugu-dong/국우동
Busan/부산,Buk-gu/북구,Gupo 1(il)-dong/구포1동
Busan/부산,Buk-gu/북구,Gupo 2(i)-dong/구포2동
Busan/부산,Buk-gu/북구,Gupo 3(sam)-dong/구포3동
Busan/부산,Buk-gu/북구,Gupo-dong/구포동
Busan/부산,Buk-gu/북구,Guyu-dong/구유동
Busan/부산,Buk-gu/북구,Gwaneum-dong/관음동
Busan/부산,Buk-gu/북구,Hakjeong-dong/학정동
Busan/부산,Buk-gu/북구,Hogye-dong/호계동
Busan/부산,Buk-gu/북구,Hwaam-dong/화암동
Busan/부산,Buk-gu/북구,Hwabong-dong/화봉동
Busan/부산,Buk-gu/북구,Hwamyeong 1(il)-dong/화명1동
Busan/부산,Buk-gu/북구,Hwamyeong 2(i)-dong/화명2동
Busan/부산,Buk-gu/북구,Hwamyeong 3(sam)-dong/화명3동
Busan/부산,Buk-gu/북구,Hwamyeong-dong/화명동
Busan/부산,Buk-gu/북구,Hyomun-dong/효문동
Busan/부산,Buk-gu/북구,Hyoryeong-dong/효령동
Busan/부산,Buk-gu/북구,Ilgok-dong/일곡동
Busan/부산,Buk-gu/북구,Im-dong/임동
Busan/부산,Buk-gu/북구,Jangdeung-dong/장등동
Busan/부산,Buk-gu/북구,Jeongja-dong/정자동
Busan/부산,Buk-gu/북구,Jinjang-dong/진장동
Busan/부산,Buk-gu/북구,Jiya-dong/지야동
Busan/부산,Buk-gu/북구,Joya-dong/조야동
Busan/부산,Buk-gu/북구,Jungheung 1(il)-dong/중흥1동
Busan/부산,Buk-gu/북구,Jungheung 2(i)-dong/중흥2동
Busan/부산,Buk-gu/북구,Jungheung 3(sam)-dong/중흥3동
Busan/부산,Buk-gu/북구,Jungheung-dong/중흥동
Busan/부산,Buk-gu/북구,Jungsan-dong/중산동
Busan/부산,Buk-gu/북구,Maecheon-dong/매천동
Busan/부산,Buk-gu/북구,Maegok-dong/매곡동
Busan/부산,Buk-gu/북구,Maegok-dong/매곡동
Busan/부산,Buk-gu/북구,Mandeog 1(il)-dong/만덕1동
Busan/부산,Buk-gu/북구,Mandeog 2(i)-dong/만덕2동
Busan/부산,Buk-gu/북구,Mandeog 3(sam)-dong/만덕3동
Busan/부산,Buk-gu/북구,Mandeok-dong/만덕동
Busan/부산,Buk-gu/북구,Mangwol-dong/망월동
Busan/부산,Buk-gu/북구,Munheung 1(il)-dong/문흥1동
Busan/부산,Buk-gu/북구,Munheung 2(i)-dong/문흥2동
Busan/부산,Buk-gu/북구,Munheung-dong/문흥동
Busan/부산,Buk-gu/북구,Muryong-dong/무룡동
Busan/부산,Buk-gu/북구,Myeongchon-dong/명촌동
Busan/부산,Buk-gu/북구,Nogok-dong/노곡동
Busan/부산,Buk-gu/북구,Nowondong 1(il)-ga/노원동1가
Busan/부산,Buk-gu/북구,Nowondong 2(i)-ga/노원동2가
Busan/부산,Buk-gu/북구,Nowondong 3(sam)-ga/노원동3가
Busan/부산,Buk-gu/북구,Numun-dong/누문동
Busan/부산,Buk-gu/북구,Ochi 1(il)-dong/오치1동
Busan/부산,Buk-gu/북구,Ochi 2(i)-dong/오치2동
Busan/부산,Buk-gu/북구,Ochi-dong/오치동
Busan/부산,Buk-gu/북구,Oryong-dong/오룡동
Busan/부산,Buk-gu/북구,Paldal-dong/팔달동
Busan/부산,Buk-gu/북구,Punghyang-dong/풍향동
Busan/부산,Buk-gu/북구,Saengyong-dong/생용동
Busan/부산,Buk-gu/북구,Samgak-dong/삼각동
Busan/부산,Buk-gu/북구,Sangan-dong/상안동
Busan/부산,Buk-gu/북구,Sangyeog 1(il)-dong/산격1동
Busan/부산,Buk-gu/북구,Sangyeog 2(i)-dong/산격2동
Busan/부산,Buk-gu/북구,Sangyeog 3(sam)-dong/산격3동
Busan/부산,Buk-gu/북구,Sangyeog 4(sa)-dong/산격4동
Busan/부산,Buk-gu/북구,Sangyeok-dong/산격동
Busan/부산,Buk-gu/북구,Sanha-dong/산하동
Busan/부산,Buk-gu/북구,Sasu-dong/사수동
Busan/부산,Buk-gu/북구,Seobyeon-dong/서변동
Busan/부산,Buk-gu/북구,Sinan-dong/신안동
Busan/부산,Buk-gu/북구,Sincheon-dong/신천동
Busan/부산,Buk-gu/북구,Sinhyeon-dong/신현동
Busan/부산,Buk-gu/북구,Sinmyeong-dong/신명동
Busan/부산,Buk-gu/북구,Sinyong-dong/신용동
Busan/부산,Buk-gu/북구,Sirye-dong/시례동
Busan/부산,Buk-gu/북구,Songjeong-dong/송정동
Busan/부산,Buk-gu/북구,Sugok-dong/수곡동
Busan/부산,Buk-gu/북구,Taejeon 1(il)-dong/태전1동
Busan/부산,Buk-gu/북구,Taejeon 2(i)-dong/태전2동
Busan/부산,Buk-gu/북구,Taejeon-dong/태전동
Busan/부산,Buk-gu/북구,Taeryeong-dong/태령동
Busan/부산,Buk-gu/북구,Unam 1(il)-dong/운암1동
Busan/부산,Buk-gu/북구,Unam 2(i)-dong/운암2동
Busan/부산,Buk-gu/북구,Unam 3(sam)-dong/운암3동
Busan/부산,Buk-gu/북구,Unam-dong/운암동
Busan/부산,Buk-gu/북구,Unjeong-dong/운정동
Busan/부산,Buk-gu/북구,Usan-dong/우산동
Busan/부산,Buk-gu/북구,Wolchul-dong/월출동
Busan/부산,Buk-gu/북구,Yangjeong-dong/양정동
Busan/부산,Buk-gu/북구,Yangsan-dong/양산동
Busan/부산,Buk-gu/북구,Yeompo-dong/염포동
Busan/부산,Buk-gu/북구,Yeonam-dong/연암동
Busan/부산,Buk-gu/북구,Yeongyeong-dong/연경동
Busan/부산,Buk-gu/북구,Yeonje-dong/연제동
Busan/부산,Buk-gu/북구,Yongbong-dong/용봉동
Busan/부산,Buk-gu/북구,Yongdu-dong/용두동
Busan/부산,Buk-gu/북구,Yonggang-dong/용강동
Busan/부산,Buk-gu/북구,Yongjeon-dong/용전동
Busan/부산,Buk-gu/북구,Yu-dong/유동
Busan/부산,Busanjin-gu/부산진구,Beomcheon 1(il)-dong/범천1동
Busan/부산,Busanjin-gu/부산진구,Beomcheon 2(i)-dong/범천2동
Busan/부산,Busanjin-gu/부산진구,Beomcheon 4(sa)-dong/범천4동
Busan/부산,Busanjin-gu/부산진구,Beomcheon-dong/범천동
Busan/부산,Busanjin-gu/부산진구,Beomjeon-dong/범전동
Busan/부산,Busanjin-gu/부산진구,Buam 1(il)-dong/부암1동
Busan/부산,Busanjin-gu/부산진구,Buam 3(sam)-dong/부암3동
Busan/부산,Busanjin-gu/부산진구,Buam-dong/부암동
Busan/부산,Busanjin-gu/부산진구,Bujeon 1(il)-dong/부전1동
Busan/부산,Busanjin-gu/부산진구,Bujeon 2(i)-dong/부전2동
Busan/부산,Busanjin-gu/부산진구,Bujeon-dong/부전동
Busan/부산,Busanjin-gu/부산진구,Busanjinucheguksaseoham/부산진우체국사서함
Busan/부산,Busanjin-gu/부산진구,Choeup-dong/초읍동
Busan/부산,Busanjin-gu/부산진구,Danggam 1(il)-dong/당감1동
Busan/부산,Busanjin-gu/부산진구,Danggam 2(i)-dong/당감2동
Busan/부산,Busanjin-gu/부산진구,Danggam 3(sam)-dong/당감3동
Busan/부산,Busanjin-gu/부산진구,Danggam 4(sa)-dong/당감4동
Busan/부산,Busanjin-gu/부산진구,Danggam-dong/당감동
Busan/부산,Busanjin-gu/부산진구,Gaegeum 1(il)-dong/개금1동
Busan/부산,Busanjin-gu/부산진구,Gaegeum 2(i)-dong/개금2동
Busan/부산,Busanjin-gu/부산진구,Gaegeum 3(sam)-dong/개금3동
Busan/부산,Busanjin-gu/부산진구,Gaegeum-dong/개금동
Busan/부산,Busanjin-gu/부산진구,Gaya 1(il)-dong/가야1동
Busan/부산,Busanjin-gu/부산진구,Gaya 2(i)-dong/가야2동
Busan/부산,Busanjin-gu/부산진구,Gaya 3(sam)-dong/가야3동
Busan/부산,Busanjin-gu/부산진구,Gaya-dong/가야동
Busan/부산,Busanjin-gu/부산진구,Jeonpo 1(il)-dong/전포1동
Busan/부산,Busanjin-gu/부산진구,Jeonpo 2(i)-dong/전포2동
Busan/부산,Busanjin-gu/부산진구,Jeonpo 3(sam)-dong/전포3동
Busan/부산,Busanjin-gu/부산진구,Jeonpo-dong/전포동
Busan/부산,Busanjin-gu/부산진구,Yangjeong 1(il)-dong/양정1동
Busan/부산,Busanjin-gu/부산진구,Yangjeong 2(i)-dong/양정2동
Busan/부산,Busanjin-gu/부산진구,Yangjeong-dong/양정동
Busan/부산,Busanjin-gu/부산진구,Yeonji-dong/연지동
Busan/부산,Dong-gu/동구,Baegan-dong/백안동
Busan/부산,Dong-gu/동구,Bangchon-dong/방촌동
Busan/부산,Dong-gu/동구,Bangeo-dong/방어동
Busan/부산,Dong-gu/동구,Beomil-dong/범일동
Busan/부산,Dong-gu/동구,Beomir 1(il)-dong/범일1동
Busan/부산,Dong-gu/동구,Beomir 2(i)-dong/범일2동
Busan/부산,Dong-gu/동구,Beomir 4(sa)-dong/범일4동
Busan/부산,Dong-gu/동구,Beomir 5(o)-dong/범일5동
Busan/부산,Dong-gu/동구,Biryong-dong/비룡동
Busan/부산,Dong-gu/동구,Bongmu-dong/봉무동
Busan/부산,Dong-gu/동구,Bu-dong/부동
Busan/부산,Dong-gu/동구,Bullo-dong/불로동
Busan/부산,Dong-gu/동구,Bullo-dong/불로동
Busan/부산,Dong-gu/동구,Changyeong-dong/창영동
Busan/부산,Dong-gu/동구,Cheon-dong/천동
Busan/부산,Dong-gu/동구,Choryang 1(il)-dong/초량1동
Busan/부산,Dong-gu/동구,Choryang 2(i)-dong/초량2동
Busan/부산,Dong-gu/동구,Choryang 3(sam)-dong/초량3동
Busan/부산,Dong-gu/동구,Choryang 6(yuk)-dong/초량6동
Busan/부산,Dong-gu/동구,Choryang-dong/초량동
Busan/부산,Dong-gu/동구,Chu-dong/추동
Busan/부산,Dong-gu/동구,Chungjangro 1(il)-ga/충장로1가
Busan/부산,Dong-gu/동구,Chungjangro 2(i)-ga/충장로2가
Busan/부산,Dong-gu/동구,Chungjangro 3(sam)-ga/충장로3가
Busan/부산,Dong-gu/동구,Chungjangro 4(sa)-ga/충장로4가
Busan/부산,Dong-gu/동구,Chungjangro 5(o)-ga/충장로5가
Busan/부산,Dong-gu/동구,Dae 1(il)-dong/대1동
Busan/부산,Dong-gu/동구,Dae 2(i)-dong/대2동
Busan/부산,Dong-gu/동구,Daebyeol-dong/대별동
Busan/부산,Dong-gu/동구,Dae-dong/대동
Busan/부산,Dong-gu/동구,Daein-dong/대인동
Busan/부산,Dong-gu/동구,Daejeonucheguksaseoham/대전우체국사서함
Busan/부산,Dong-gu/동구,Daerim-dong/대림동
Busan/부산,Dong-gu/동구,Daeseong-dong/대성동
Busan/부산,Dong-gu/동구,Daesong-dong/대송동
Busan/부산,Dong-gu/동구,Daeui-dong/대의동
Busan/부산,Dong-gu/동구,Deokgok-dong/덕곡동
Busan/부산,Dong-gu/동구,Do-dong/도동
Busan/부산,Dong-gu/동구,Dohak-dong/도학동
Busan/부산,Dong-gu/동구,Dongbu-dong/동부동
Busan/부산,Dong-gu/동구,Dongbusanucheguksaseoham/동부산우체국사서함
Busan/부산,Dong-gu/동구,Dongdaeguucheguksaseoham/동대구우체국사서함
Busan/부산,Dong-gu/동구,Dongho-dong/동호동
Busan/부산,Dong-gu/동구,Dongmyeong-dong/동명동
Busan/부산,Dong-gu/동구,Dongnae-dong/동내동
Busan/부산,Dong-gu/동구,Dongulsanucheguksaseoham/동울산우체국사서함
Busan/부산,Dong-gu/동구,Dunsan-dong/둔산동
Busan/부산,Dong-gu/동구,Gaksan-dong/각산동
Busan/부산,Dong-gu/동구,Gao-dong/가오동
Busan/부산,Dong-gu/동구,Gayang 1(il)-dong/가양1동
Busan/부산,Dong-gu/동구,Gayang 2(i)-dong/가양2동
Busan/부산,Dong-gu/동구,Gayang-dong/가양동
Busan/부산,Dong-gu/동구,Geomsa-dong/검사동
Busan/부산,Dong-gu/동구,Geum-dong/금동
Busan/부산,Dong-gu/동구,Geumgang-dong/금강동
Busan/부산,Dong-gu/동구,Geumgok-dong/금곡동
Busan/부산,Dong-gu/동구,Geumnamro 1(il)-ga/금남로1가
Busan/부산,Dong-gu/동구,Geumnamro 2(i)-ga/금남로2가
Busan/부산,Dong-gu/동구,Geumnamro 3(sam)-ga/금남로3가
Busan/부산,Dong-gu/동구,Geumnamro 4(sa)-ga/금남로4가
Busan/부산,Dong-gu/동구,Geumnamro 5(o)-ga/금남로5가
Busan/부산,Dong-gu/동구,Goejeon-dong/괴전동
Busan/부산,Dong-gu/동구,Gudo-dong/구도동
Busan/부산,Dong-gu/동구,Gung-dong/궁동
Busan/부산,Dong-gu/동구,Gwangjuucheguksaseoham/광주우체국사서함
Busan/부산,Dong-gu/동구,Gwangsan-dong/광산동
Busan/부산,Dong-gu/동구,Gyerim 1(il)-dong/계림1동
Busan/부산,Dong-gu/동구,Gyerim 2(i)-dong/계림2동
Busan/부산,Dong-gu/동구,Gyerim-dong/계림동
Busan/부산,Dong-gu/동구,Hak-dong/학동
Busan/부산,Dong-gu/동구,Haso-dong/하소동
Busan/부산,Dong-gu/동구,Honam-dong/호남동
Busan/부산,Dong-gu/동구,Hongdo-dong/홍도동
Busan/부산,Dong-gu/동구,Hwajeong-dong/화정동
Busan/부산,Dong-gu/동구,Hwanggeum-dong/황금동
Busan/부산,Dong-gu/동구,Hwapyeong-dong/화평동
Busan/부산,Dong-gu/동구,Hwasu 1(il)-dong/화수1동
Busan/부산,Dong-gu/동구,Hwasu 2(i)-dong/화수2동
Busan/부산,Dong-gu/동구,Hwasu-dong/화수동
Busan/부산,Dong-gu/동구,Hyo-dong/효동
Busan/부산,Dong-gu/동구,Hyomog 1(il)-dong/효목1동
Busan/부산,Dong-gu/동구,Hyomog 2(i)-dong/효목2동
Busan/부산,Dong-gu/동구,Hyomok-dong/효목동
Busan/부산,Dong-gu/동구,Hyopyeong-dong/효평동
Busan/부산,Dong-gu/동구,Ilsan-dong/일산동
Busan/부산,Dong-gu/동구,In-dong/인동
Busan/부산,Dong-gu/동구,Ipseok-dong/입석동
Busan/부산,Dong-gu/동구,Isa-dong/이사동
Busan/부산,Dong-gu/동구,Jangcheok-dong/장척동
Busan/부산,Dong-gu/동구,Jang-dong/장동
Busan/부산,Dong-gu/동구,Jayang-dong/자양동
Busan/부산,Dong-gu/동구,Jeong-dong/정동
Busan/부산,Dong-gu/동구,Jeonha 1(il)-dong/전하1동
Busan/부산,Dong-gu/동구,Jeonha 2(i)-dong/전하2동
Busan/부산,Dong-gu/동구,Jeonha-dong/전하동
Busan/부산,Dong-gu/동구,Jijeo-dong/지저동
Busan/부산,Dong-gu/동구,Jik-dong/직동
Busan/부산,Dong-gu/동구,Jimyo-dong/지묘동
Busan/부산,Dong-gu/동구,Jinin-dong/진인동
Busan/부산,Dong-gu/동구,Jisan 1(il)-dong/지산1동
Busan/부산,Dong-gu/동구,Jisan 2(i)-dong/지산2동
Busan/부산,Dong-gu/동구,Jisan-dong/지산동
Busan/부산,Dong-gu/동구,Juchon-dong/주촌동
Busan/부산,Dong-gu/동구,Jujeon-dong/주전동
Busan/부산,Dong-gu/동구,Jungdae-dong/중대동
Busan/부산,Dong-gu/동구,Jung-dong/중동
Busan/부산,Dong-gu/동구,Jusan-dong/주산동
Busan/부산,Dong-gu/동구,Jwacheon 1(il)-dong/좌천1동
Busan/부산,Dong-gu/동구,Jwacheon 4(sa)-dong/좌천4동
Busan/부산,Dong-gu/동구,Jwacheon-dong/좌천동
Busan/부산,Dong-gu/동구,Maeyeo-dong/매여동
Busan/부산,Dong-gu/동구,Manseok-dong/만석동
Busan/부산,Dong-gu/동구,Masan-dong/마산동
Busan/부산,Dong-gu/동구,Midae-dong/미대동
Busan/부산,Dong-gu/동구,Migok-dong/미곡동
Busan/부산,Dong-gu/동구,Nae-dong/내동
Busan/부산,Dong-gu/동구,Naegok-dong/내곡동
Busan/부산,Dong-gu/동구,Naenam-dong/내남동
Busan/부산,Dong-gu/동구,Naetap-dong/내탑동
Busan/부산,Dong-gu/동구,Nam-dong/남동
Busan/부산,Dong-gu/동구,Nangwol-dong/낭월동
Busan/부산,Dong-gu/동구,Neungseong-dong/능성동
Busan/부산,Dong-gu/동구,O-dong/오동
Busan/부산,Dong-gu/동구,Panam 1(il)-dong/판암1동
Busan/부산,Dong-gu/동구,Panam 2(i)-dong/판암2동
Busan/부산,Dong-gu/동구,Panam-dong/판암동
Busan/부산,Dong-gu/동구,Pyeonggwang-dong/평광동
Busan/부산,Dong-gu/동구,Sabok-dong/사복동
Busan/부산,Dong-gu/동구,Samgoe-dong/삼괴동
Busan/부산,Dong-gu/동구,Samjeong-dong/삼정동
Busan/부산,Dong-gu/동구,Samseong-dong/삼성동
Busan/부산,Dong-gu/동구,Sangmae-dong/상매동
Busan/부산,Dong-gu/동구,Sangso-dong/상소동
Busan/부산,Dong-gu/동구,Sansu 1(il)-dong/산수1동
Busan/부산,Dong-gu/동구,Sansu 2(i)-dong/산수2동
Busan/부산,Dong-gu/동구,Sansu-dong/산수동
Busan/부산,Dong-gu/동구,Saseong-dong/사성동
Busan/부산,Dong-gu/동구,Secheon-dong/세천동
Busan/부산,Dong-gu/동구,Seobu-dong/서부동
Busan/부산,Dong-gu/동구,Seoho-dong/서호동
Busan/부산,Dong-gu/동구,Seongnam-dong/성남동
Busan/부산,Dong-gu/동구,Seongyo-dong/선교동
Busan/부산,Dong-gu/동구,Seoseok-dong/서석동
Busan/부산,Dong-gu/동구,Sinam 1(il)-dong/신암1동
Busan/부산,Dong-gu/동구,Sinam 2(i)-dong/신암2동
Busan/부산,Dong-gu/동구,Sinam 3(sam)-dong/신암3동
Busan/부산,Dong-gu/동구,Sinam 4(sa)-dong/신암4동
Busan/부산,Dong-gu/동구,Sinam 5(o)-dong/신암5동
Busan/부산,Dong-gu/동구,Sinam-dong/신암동
Busan/부산,Dong-gu/동구,Sinan-dong/신안동
Busan/부산,Dong-gu/동구,Sincheon 2(i)-dong/신천1.2동
Busan/부산,Dong-gu/동구,Sincheon 3(sam)-dong/신천3동
Busan/부산,Dong-gu/동구,Sincheon 4(sa)-dong/신천4동
Busan/부산,Dong-gu/동구,Sincheon-dong/신천동
Busan/부산,Dong-gu/동구,Sinchon-dong/신촌동
Busan/부산,Dong-gu/동구,Singi-dong/신기동
Busan/부산,Dong-gu/동구,Sinha-dong/신하동
Busan/부산,Dong-gu/동구,Sinheung-dong/신흥동
Busan/부산,Dong-gu/동구,Sinmu-dong/신무동
Busan/부산,Dong-gu/동구,Sinpyeong-dong/신평동
Busan/부산,Dong-gu/동구,Sinsang-dong/신상동
Busan/부산,Dong-gu/동구,Sinseo-dong/신서동
Busan/부산,Dong-gu/동구,Sinyong-dong/신용동
Busan/부산,Dong-gu/동구,Soho-dong/소호동
Busan/부산,Dong-gu/동구,Soje-dong/소제동
Busan/부산,Dong-gu/동구,Songhyeon 1(il)-dong/송현1동
Busan/부산,Dong-gu/동구,Songhyeon 2(i)-dong/송현2동
Busan/부산,Dong-gu/동구,Songhyeon 3(sam)-dong/송현3동
Busan/부산,Dong-gu/동구,Songhyeon-dong/송현동
Busan/부산,Dong-gu/동구,Songjeong-dong/송정동
Busan/부산,Dong-gu/동구,Songrim 1(il)-dong/송림1동
Busan/부산,Dong-gu/동구,Songrim 2(i)-dong/송림2동
Busan/부산,Dong-gu/동구,Songrim 3(sam)-dong/송림3동
Busan/부산,Dong-gu/동구,Songrim 4(sa)-dong/송림4동
Busan/부산,Dong-gu/동구,Songrim 5(o)-dong/송림5동
Busan/부산,Dong-gu/동구,Songrim 6(yuk)-dong/송림6동
Busan/부산,Dong-gu/동구,Songrim-dong/송림동
Busan/부산,Dong-gu/동구,Sotae-dong/소태동
Busan/부산,Dong-gu/동구,Sugi-dong/수기동
Busan/부산,Dong-gu/동구,Sujeong 1(il)-dong/수정1동
Busan/부산,Dong-gu/동구,Sujeong 2(i)-dong/수정2동
Busan/부산,Dong-gu/동구,Sujeong 4(sa)-dong/수정4동
Busan/부산,Dong-gu/동구,Sujeong 5(o)-dong/수정5동
Busan/부산,Dong-gu/동구,Sujeong-dong/수정동
Busan/부산,Dong-gu/동구,Sukcheon-dong/숙천동
Busan/부산,Dong-gu/동구,Unrim-dong/운림동
Busan/부산,Dong-gu/동구,Wolnam-dong/월남동
Busan/부산,Dong-gu/동구,Won-dong/원동
Busan/부산,Dong-gu/동구,Yonggye-dong/용계동
Busan/부산,Dong-gu/동구,Yonggye-dong/용계동
Busan/부산,Dong-gu/동구,Yongjeon-dong/용전동
Busan/부산,Dong-gu/동구,Yongsan-dong/용산동
Busan/부산,Dong-gu/동구,Yongsu-dong/용수동
Busan/부산,Dong-gu/동구,Yongun-dong/용운동
Busan/부산,Dong-gu/동구,Yongyeon-dong/용연동
Busan/부산,Dong-gu/동구,Yulha-dong/율하동
Busan/부산,Dong-gu/동구,Yuram-dong/율암동
Busan/부산,Dongrae-gu/동래구,Anrag 1(il)-dong/안락1동
Busan/부산,Dongrae-gu/동래구,Anrag 2(i)-dong/안락2동
Busan/부산,Dongrae-gu/동래구,Anrak-dong/안락동
Busan/부산,Dongrae-gu/동래구,Bokcheon-dong/복천동
Busan/부산,Dongrae-gu/동래구,Chilsan-dong/칠산동
Busan/부산,Dongrae-gu/동래구,Dongraeucheguksaseoham/동래우체국사서함
Busan/부산,Dongrae-gu/동래구,Myeongjang 1(il)-dong/명장1동
Busan/부산,Dongrae-gu/동래구,Myeongjang 2(i)-dong/명장2동
Busan/부산,Dongrae-gu/동래구,Myeongjang-dong/명장동
Busan/부산,Dongrae-gu/동래구,Myeongryun 1(il)-dong/명륜1동
Busan/부산,Dongrae-gu/동래구,Myeongryun 2(i)-dong/명륜2동
Busan/부산,Dongrae-gu/동래구,Myeongryun-dong/명륜동
Busan/부산,Dongrae-gu/동래구,Nakmin-dong/낙민동
Busan/부산,Dongrae-gu/동래구,Oncheon 1(il)-dong/온천1동
Busan/부산,Dongrae-gu/동래구,Oncheon 2(i)-dong/온천2동
Busan/부산,Dongrae-gu/동래구,Oncheon 3(sam)-dong/온천3동
Busan/부산,Dongrae-gu/동래구,Oncheon-dong/온천동
Busan/부산,Dongrae-gu/동래구,Sajig 1(il)-dong/사직1동
Busan/부산,Dongrae-gu/동래구,Sajig 2(i)-dong/사직2동
Busan/부산,Dongrae-gu/동래구,Sajig 3(sam)-dong/사직3동
Busan/부산,Dongrae-gu/동래구,Sajik-dong/사직동
Busan/부산,Dongrae-gu/동래구,Suan-dong/수안동
Busan/부산,Gangseo-gu/강서구,Banghwa 1(il)-dong/방화1동
Busan/부산,Gangseo-gu/강서구,Banghwa 2(i)-dong/방화2동
Busan/부산,Gangseo-gu/강서구,Banghwa 3(sam)-dong/방화3동
Busan/부산,Gangseo-gu/강서구,Banghwa-dong/방화동
Busan/부산,Gangseo-gu/강서구,Beombang-dong/범방동
Busan/부산,Gangseo-gu/강서구,Bongrim-dong/봉림동
Busan/부산,Gangseo-gu/강서구,Busangangseoucheguksaseoham/부산강서우체국사서함
Busan/부산,Gangseo-gu/강서구,Cheonseong-dong/천성동
Busan/부산,Gangseo-gu/강서구,Daehang-dong/대항동
Busan/부산,Gangseo-gu/강서구,Daejeo 1(il)-dong/대저1동
Busan/부산,Gangseo-gu/강서구,Daejeo 2(i)-dong/대저2동
Busan/부산,Gangseo-gu/강서구,Deungchon 1(il)-dong/등촌1동
Busan/부산,Gangseo-gu/강서구,Deungchon 2(i)-dong/등촌2동
Busan/부산,Gangseo-gu/강서구,Deungchon 3(sam)-dong/등촌3동
Busan/부산,Gangseo-gu/강서구,Deungchon-dong/등촌동
Busan/부산,Gangseo-gu/강서구,Dongseon-dong/동선동
Busan/부산,Gangseo-gu/강서구,Gaehwa-dong/개화동
Busan/부산,Gangseo-gu/강서구,Gangdong-dong/강동동
Busan/부산,Gangseo-gu/강서구,Gayang 1(il)-dong/가양1동
Busan/부산,Gangseo-gu/강서구,Gayang 2(i)-dong/가양2동
Busan/부산,Gangseo-gu/강서구,Gayang 3(sam)-dong/가양3동
Busan/부산,Gangseo-gu/강서구,Gayang-dong/가양동
Busan/부산,Gangseo-gu/강서구,Gonghang-dong/공항동
Busan/부산,Gangseo-gu/강서구,Gurang-dong/구랑동
Busan/부산,Gangseo-gu/강서구,Gwahae-dong/과해동
Busan/부산,Gangseo-gu/강서구,Hwagog 1(il)-dong/화곡1동
Busan/부산,Gangseo-gu/강서구,Hwagog 2(i)-dong/화곡2동
Busan/부산,Gangseo-gu/강서구,Hwagog 3(sam)-dong/화곡3동
Busan/부산,Gangseo-gu/강서구,Hwagog 4(sa)-dong/화곡4동
Busan/부산,Gangseo-gu/강서구,Hwagog 6(yuk)-dong/화곡6동
Busan/부산,Gangseo-gu/강서구,Hwagog 8(pal)-dong/화곡8동
Busan/부산,Gangseo-gu/강서구,Hwagokbon-dong/화곡본동
Busan/부산,Gangseo-gu/강서구,Hwagok-dong/화곡동
Busan/부산,Gangseo-gu/강서구,Hwajeon-dong/화전동
Busan/부산,Gangseo-gu/강서구,Jisa-dong/지사동
Busan/부산,Gangseo-gu/강서구,Jukdong-dong/죽동동
Busan/부산,Gangseo-gu/강서구,Jukrim-dong/죽림동
Busan/부산,Gangseo-gu/강서구,Magok-dong/마곡동
Busan/부산,Gangseo-gu/강서구,Mieum-dong/미음동
Busan/부산,Gangseo-gu/강서구,Myeongji-dong/명지동
Busan/부산,Gangseo-gu/강서구,Naebalsan 1(il)-dong/내발산1동
Busan/부산,Gangseo-gu/강서구,Naebalsan-dong/내발산동
Busan/부산,Gangseo-gu/강서구,Noksan-dong/녹산동
Busan/부산,Gangseo-gu/강서구,Nulcha-dong/눌차동
Busan/부산,Gangseo-gu/강서구,Oebalsan-dong/외발산동
Busan/부산,Gangseo-gu/강서구,Ogok-dong/오곡동
Busan/부산,Gangseo-gu/강서구,Osoe-dong/오쇠동
Busan/부산,Gangseo-gu/강서구,Saenggok-dong/생곡동
Busan/부산,Gangseo-gu/강서구,Seongbuk-dong/성북동
Busan/부산,Gangseo-gu/강서구,Seoulgangseoucheguksaseoham/서울강서우체국사서함
Busan/부산,Gangseo-gu/강서구,Seoulhwagogucheguksaseoham/서울화곡우체국사서함
Busan/부산,Gangseo-gu/강서구,Sikman-dong/식만동
Busan/부산,Gangseo-gu/강서구,Sinho-dong/신호동
Busan/부산,Gangseo-gu/강서구,Songjeong-dong/송정동
Busan/부산,Gangseo-gu/강서구,Ujangsan-dong/우장산동
Busan/부산,Gangseo-gu/강서구,Yeomchang-dong/염창동
Busan/부산,Geumjeong-gu/금정구,Bugog 1(il)-dong/부곡1동
Busan/부산,Geumjeong-gu/금정구,Bugog 2(i)-dong/부곡2동
Busan/부산,Geumjeong-gu/금정구,Bugog 3(sam)-dong/부곡3동
Busan/부산,Geumjeong-gu/금정구,Bugog 4(sa)-dong/부곡4동
Busan/부산,Geumjeong-gu/금정구,Bugok-dong/부곡동
Busan/부산,Geumjeong-gu/금정구,Busangeumjeongucheguksaseoham/부산금정우체국사서함
Busan/부산,Geumjeong-gu/금정구,Cheongryong-dong/청룡동
Busan/부산,Geumjeong-gu/금정구,Dugu-dong/두구동
Busan/부산,Geumjeong-gu/금정구,Geumsa-dong/금사동
Busan/부산,Geumjeong-gu/금정구,Geumseong-dong/금성동
Busan/부산,Geumjeong-gu/금정구,Guseo 1(il)-dong/구서1동
Busan/부산,Geumjeong-gu/금정구,Guseo 2(i)-dong/구서2동
Busan/부산,Geumjeong-gu/금정구,Guseo-dong/구서동
Busan/부산,Geumjeong-gu/금정구,Hoedong-dong/회동동
Busan/부산,Geumjeong-gu/금정구,Jangjeon 1(il)-dong/장전1동
Busan/부산,Geumjeong-gu/금정구,Jangjeon 2(i)-dong/장전2동
Busan/부산,Geumjeong-gu/금정구,Jangjeon 3(sam)-dong/장전3동
Busan/부산,Geumjeong-gu/금정구,Jangjeon-dong/장전동
Busan/부산,Geumjeong-gu/금정구,Namsan-dong/남산동
Busan/부산,Geumjeong-gu/금정구,Nopo-dong/노포동
Busan/부산,Geumjeong-gu/금정구,Oryun-dong/오륜동
Busan/부산,Geumjeong-gu/금정구,Seo 1(il)-dong/서1동
Busan/부산,Geumjeong-gu/금정구,Seo 2(i)-dong/서2동
Busan/부산,Geumjeong-gu/금정구,Seo 3(sam)-dong/서3동
Busan/부산,Geumjeong-gu/금정구,Seo-dong/서동
Busan/부산,Geumjeong-gu/금정구,Seon-dong/선동
Busan/부산,Gijang-gun/기장군,Cheolma-myeon/철마면
Busan/부산,Gijang-gun/기장군,Gijang-eup/기장읍
Busan/부산,Gijang-gun/기장군,Ilgwang-myeon/일광면
Busan/부산,Gijang-gun/기장군,Jangan-eup/장안읍
Busan/부산,Gijang-gun/기장군,Jeonggwan-myeon/정관면
Busan/부산,Haeundae-gu/해운대구,Bansong 1(il)-dong/반송1동
Busan/부산,Haeundae-gu/해운대구,Bansong 2(i)-dong/반송2동
Busan/부산,Haeundae-gu/해운대구,Bansong 3(sam)-dong/반송3동
Busan/부산,Haeundae-gu/해운대구,Bansong-dong/반송동
Busan/부산,Haeundae-gu/해운대구,Banyeo 1(il)-dong/반여1동
Busan/부산,Haeundae-gu/해운대구,Banyeo 2(i)-dong/반여2동
Busan/부산,Haeundae-gu/해운대구,Banyeo 3(sam)-dong/반여3동
Busan/부산,Haeundae-gu/해운대구,Banyeo 4(sa)-dong/반여4동
Busan/부산,Haeundae-gu/해운대구,Banyeo-dong/반여동
Busan/부산,Haeundae-gu/해운대구,Haeundaeucheguksaseoham/해운대우체국사서함
Busan/부산,Haeundae-gu/해운대구,Jaesong 1(il)-dong/재송1동
Busan/부산,Haeundae-gu/해운대구,Jaesong 2(i)-dong/재송2동
Busan/부산,Haeundae-gu/해운대구,Jaesong-dong/재송동
Busan/부산,Haeundae-gu/해운대구,Jung 1(il)-dong/중1동
Busan/부산,Haeundae-gu/해운대구,Jung 2(i)-dong/중2동
Busan/부산,Haeundae-gu/해운대구,Jung-dong/중동
Busan/부산,Haeundae-gu/해운대구,Jwa 1(il)-dong/좌1동
Busan/부산,Haeundae-gu/해운대구,Jwa 2(i)-dong/좌2동
Busan/부산,Haeundae-gu/해운대구,Jwa 3(sam)-dong/좌3동
Busan/부산,Haeundae-gu/해운대구,Jwa 4(sa)-dong/좌4동
Busan/부산,Haeundae-gu/해운대구,Jwa-dong/좌동
Busan/부산,Haeundae-gu/해운대구,Seokdae-dong/석대동
Busan/부산,Haeundae-gu/해운대구,Songjeong-dong/송정동
Busan/부산,Haeundae-gu/해운대구,U 1(il)-dong/우1동
Busan/부산,Haeundae-gu/해운대구,U 2(i)-dong/우2동
Busan/부산,Haeundae-gu/해운대구,U-dong/우동
Busan/부산,Jung-gu/중구,Anyeong-dong/안영동
Busan/부산,Jung-gu/중구,Bangsan-dong/방산동
Busan/부산,Jung-gu/중구,Bangu 1(il)-dong/반구1동
Busan/부산,Jung-gu/중구,Bangu 2(i)-dong/반구2동
Busan/부산,Jung-gu/중구,Bangu-dong/반구동
Busan/부산,Jung-gu/중구,Boksan 1(il)-dong/복산1동
Busan/부산,Jung-gu/중구,Boksan 2(i)-dong/복산2동
Busan/부산,Jung-gu/중구,Boksan-dong/복산동
Busan/부산,Jung-gu/중구,Bongraedong 1(il)-ga/봉래동1가
Busan/부산,Jung-gu/중구,Bongraedong 2(i)-ga/봉래동2가
Busan/부산,Jung-gu/중구,Bongsan-dong/봉산동
Busan/부산,Jung-gu/중구,Bosudong 1(il)-ga/보수동1가
Busan/부산,Jung-gu/중구,Bosudong 2(i)-ga/보수동2가
Busan/부산,Jung-gu/중구,Bosudong 3(sam)-ga/보수동3가
Busan/부산,Jung-gu/중구,Bosu-dong/보수동
Busan/부산,Jung-gu/중구,Bukchang-dong/북창동
Busan/부산,Jung-gu/중구,Bukjeong-dong/북정동
Busan/부산,Jung-gu/중구,Buknae-dong/북내동
Busan/부산,Jung-gu/중구,Bukseongdong 1(il)-ga/북성동1가
Busan/부산,Jung-gu/중구,Bukseongdong 2(i)-ga/북성동2가
Busan/부산,Jung-gu/중구,Bukseongdong 3(sam)-ga/북성동3가
Busan/부산,Jung-gu/중구,Bukseongro 1(il)-ga/북성로1가
Busan/부산,Jung-gu/중구,Bukseongro 2(i)-ga/북성로2가
Busan/부산,Jung-gu/중구,Bupyeongdong 1(il)-ga/부평동1가
Busan/부산,Jung-gu/중구,Bupyeongdong 2(i)-ga/부평동2가
Busan/부산,Jung-gu/중구,Bupyeongdong 3(sam)-ga/부평동3가
Busan/부산,Jung-gu/중구,Bupyeongdong 4(sa)-ga/부평동4가
Busan/부산,Jung-gu/중구,Bupyeong-dong/부평동
Busan/부산,Jung-gu/중구,Busa-dong/부사동
Busan/부산,Jung-gu/중구,Busanucheguksaseoham/부산우체국사서함
Busan/부산,Jung-gu/중구,Changseondong 1(il)-ga/창선동1가
Busan/부산,Jung-gu/중구,Changseondong 2(i)-ga/창선동2가
Busan/부산,Jung-gu/중구,Changseon-dong/창선동
Busan/부산,Jung-gu/중구,Chimsan-dong/침산동
Busan/부산,Jung-gu/중구,Cho-dong/초동
Busan/부산,Jung-gu/중구,Chungjeongro 1(il)-ga/충정로1가
Busan/부산,Jung-gu/중구,Chungmuro 1(il)-ga/충무로1가
Busan/부산,Jung-gu/중구,Chungmuro 2(i)-ga/충무로2가
Busan/부산,Jung-gu/중구,Chungmuro 3(sam)-ga/충무로3가
Busan/부산,Jung-gu/중구,Chungmuro 4(sa)-ga/충무로4가
Busan/부산,Jung-gu/중구,Chungmuro 5(o)-ga/충무로5가
Busan/부산,Jung-gu/중구,Da-dong/다동
Busan/부산,Jung-gu/중구,Daean-dong/대안동
Busan/부산,Jung-gu/중구,Daebong 1(il)-dong/대봉1동
Busan/부산,Jung-gu/중구,Daebong 2(i)-dong/대봉2동
Busan/부산,Jung-gu/중구,Daebong-dong/대봉동
Busan/부산,Jung-gu/중구,Daechangdong 1(il)-ga/대창동1가
Busan/부산,Jung-gu/중구,Daechangdong 2(i)-ga/대창동2가
Busan/부산,Jung-gu/중구,Daechang-dong/대창동
Busan/부산,Jung-gu/중구,Daecheongdong 1(il)-ga/대청동1가
Busan/부산,Jung-gu/중구,Daecheongdong 2(i)-ga/대청동2가
Busan/부산,Jung-gu/중구,Daecheongdong 3(sam)-ga/대청동3가
Busan/부산,Jung-gu/중구,Daecheongdong 4(sa)-ga/대청동4가
Busan/부산,Jung-gu/중구,Daecheong-dong/대청동
Busan/부산,Jung-gu/중구,Daeguucheguksaseoham/대구우체국사서함
Busan/부산,Jung-gu/중구,Daeheung-dong/대흥동
Busan/부산,Jung-gu/중구,Daesa-dong/대사동
Busan/부산,Jung-gu/중구,Daesin-dong/대신동
Busan/부산,Jung-gu/중구,Dalseong-dong/달성동
Busan/부산,Jung-gu/중구,Dap-dong/답동
Busan/부산,Jung-gu/중구,Daun-dong/다운동
Busan/부산,Jung-gu/중구,Deokgyo-dong/덕교동
Busan/부산,Jung-gu/중구,Deoksan-dong/덕산동
Busan/부산,Jung-gu/중구,Dong-dong/동동
Busan/부산,Jung-gu/중구,Donggwangdong 1(il)-ga/동광동1가
Busan/부산,Jung-gu/중구,Donggwangdong 2(i)-ga/동광동2가
Busan/부산,Jung-gu/중구,Donggwangdong 3(sam)-ga/동광동3가
Busan/부산,Jung-gu/중구,Donggwangdong 4(sa)-ga/동광동4가
Busan/부산,Jung-gu/중구,Donggwangdong 5(o)-ga/동광동5가
Busan/부산,Jung-gu/중구,Donggwang-dong/동광동
Busan/부산,Jung-gu/중구,Dongil-dong/동일동
Busan/부산,Jung-gu/중구,Dongindong 1(il)-ga/동인동1가
Busan/부산,Jung-gu/중구,Dongindong 2(i)-ga/동인동2가
Busan/부산,Jung-gu/중구,Dongindong 3(sam)-ga/동인동3가
Busan/부산,Jung-gu/중구,Dongindong 4(sa)-ga/동인동4가
Busan/부산,Jung-gu/중구,Dongmun-dong/동문동
Busan/부산,Jung-gu/중구,Dongsan-dong/동산동
Busan/부산,Jung-gu/중구,Dongseongro 1(il)-ga/동성로1가
Busan/부산,Jung-gu/중구,Dongseongro 2(i)-ga/동성로2가
Busan/부산,Jung-gu/중구,Dongseongro 3(sam)-ga/동성로3가
Busan/부산,Jung-gu/중구,Dowon-dong/도원동
Busan/부산,Jung-gu/중구,Dowon-dong/도원동
Busan/부산,Jung-gu/중구,Eonam-dong/어남동
Busan/부산,Jung-gu/중구,Euljiro 1(il)-ga/을지로1가
Busan/부산,Jung-gu/중구,Euljiro 2(i)-ga/을지로2가
Busan/부산,Jung-gu/중구,Euljiro 3(sam)-ga/을지로3가
Busan/부산,Jung-gu/중구,Euljiro 4(sa)-ga/을지로4가
Busan/부산,Jung-gu/중구,Euljiro 5(o)-ga/을지로5가
Busan/부산,Jung-gu/중구,Euljiro 6(yuk)-ga/을지로6가
Busan/부산,Jung-gu/중구,Euljiro 7(chil)-ga/을지로7가
Busan/부산,Jung-gu/중구,Eunhaeng-dong/은행동
Busan/부산,Jung-gu/중구,Eurwang-dong/을왕동
Busan/부산,Jung-gu/중구,Geum-dong/금동
Busan/부산,Jung-gu/중구,Gongpyeong-dong/공평동
Busan/부산,Jung-gu/중구,Guwan-dong/구완동
Busan/부산,Jung-gu/중구,Gwandong 1(il)-ga/관동1가
Busan/부산,Jung-gu/중구,Gwandong 2(i)-ga/관동2가
Busan/부산,Jung-gu/중구,Gwandong 3(sam)-ga/관동3가
Busan/부산,Jung-gu/중구,Gwangbokdong 1(il)-ga/광복동1가
Busan/부산,Jung-gu/중구,Gwangbokdong 2(i)-ga/광복동2가
Busan/부산,Jung-gu/중구,Gwangbokdong 3(sam)-ga/광복동3가
Busan/부산,Jung-gu/중구,Gwangbok-dong/광복동
Busan/부산,Jung-gu/중구,Gwanghuidong 1(il)-ga/광희동1가
Busan/부산,Jung-gu/중구,Gwanghuidong 2(i)-ga/광희동2가
Busan/부산,Jung-gu/중구,Gyeong-dong/경동
Busan/부산,Jung-gu/중구,Gyesandong 1(il)-ga/계산동1가
Busan/부산,Jung-gu/중구,Gyesandong 2(i)-ga/계산동2가
Busan/부산,Jung-gu/중구,Gyo-dong/교동
Busan/부산,Jung-gu/중구,Gyo-dong/교동
Busan/부산,Jung-gu/중구,Haeandong 1(il)-ga/해안동1가
Busan/부산,Jung-gu/중구,Haeandong 2(i)-ga/해안동2가
Busan/부산,Jung-gu/중구,Haeandong 3(sam)-ga/해안동3가
Busan/부산,Jung-gu/중구,Haeandong 4(sa)-ga/해안동4가
Busan/부산,Jung-gu/중구,Haksan-dong/학산동
Busan/부산,Jung-gu/중구,Hakseong-dong/학성동
Busan/부산,Jung-gu/중구,Hangdong 1(il)-ga/항동1가
Busan/부산,Jung-gu/중구,Hangdong 2(i)-ga/항동2가
Busan/부산,Jung-gu/중구,Hangdong 3(sam)-ga/항동3가
Busan/부산,Jung-gu/중구,Hangdong 4(sa)-ga/항동4가
Busan/부산,Jung-gu/중구,Hangdong 5(o)-ga/항동5가
Busan/부산,Jung-gu/중구,Hangdong 6(yuk)-ga/항동6가
Busan/부산,Jung-gu/중구,Hangdong 7(chil)-ga/항동7가
Busan/부산,Jung-gu/중구,Haseo-dong/하서동
Busan/부산,Jung-gu/중구,Heungin-dong/흥인동
Busan/부산,Jung-gu/중구,Ho-dong/호동
Busan/부산,Jung-gu/중구,Hoehyeondong 1(il)-ga/회현동1가
Busan/부산,Jung-gu/중구,Hoehyeondong 2(i)-ga/회현동2가
Busan/부산,Jung-gu/중구,Hoehyeondong 3(sam)-ga/회현동3가
Busan/부산,Jung-gu/중구,Hwajeon-dong/화전동
Busan/부산,Jung-gu/중구,Hwanghak-dong/황학동
Busan/부산,Jung-gu/중구,Hyangchon-dong/향촌동
Busan/부산,Jung-gu/중구,Incheongonghangucheguksaseoham/인천공항우체국사서함
Busan/부산,Jung-gu/중구,Ingyo-dong/인교동
Busan/부산,Jung-gu/중구,Inhyeondong 1(il)-ga/인현동1가
Busan/부산,Jung-gu/중구,Inhyeondong 2(i)-ga/인현동2가
Busan/부산,Jung-gu/중구,Inhyeon-dong/인현동
Busan/부산,Jung-gu/중구,Ipjeong-dong/입정동
Busan/부산,Jung-gu/중구,Jangchungdong 1(il)-ga/장충동1가
Busan/부산,Jung-gu/중구,Jangchungdong 2(i)-ga/장충동2가
Busan/부산,Jung-gu/중구,Janggwan-dong/장관동
Busan/부산,Jung-gu/중구,Janggyo-dong/장교동
Busan/부산,Jung-gu/중구,Janghyeon-dong/장현동
Busan/부산,Jung-gu/중구,Jeodong 1(il)-ga/저동1가
Busan/부산,Jung-gu/중구,Jeodong 2(i)-ga/저동2가
Busan/부산,Jung-gu/중구,Jeon-dong/전동
Busan/부산,Jung-gu/중구,Jeon-dong/전동
Busan/부산,Jung-gu/중구,Jeong-dong/정동
Busan/부산,Jung-gu/중구,Jeongsaeng-dong/정생동
Busan/부산,Jung-gu/중구,Jongro 1(il)-ga/종로1가
Busan/부산,Jung-gu/중구,Jongro 2(i)-ga/종로2가
Busan/부산,Jung-gu/중구,Jugyo-dong/주교동
Busan/부산,Jung-gu/중구,Juja-dong/주자동
Busan/부산,Jung-gu/중구,Jungangdong 1(il)-ga/중앙동1가
Busan/부산,Jung-gu/중구,Jungangdong 1(il)-ga/중앙동1가
Busan/부산,Jung-gu/중구,Jungangdong 2(i)-ga/중앙동2가
Busan/부산,Jung-gu/중구,Jungangdong 2(i)-ga/중앙동2가
Busan/부산,Jung-gu/중구,Jungangdong 3(sam)-ga/중앙동3가
Busan/부산,Jung-gu/중구,Jungangdong 3(sam)-ga/중앙동3가
Busan/부산,Jung-gu/중구,Jungangdong 4(sa)-ga/중앙동4가
Busan/부산,Jung-gu/중구,Jungangdong 4(sa)-ga/중앙동4가
Busan/부산,Jung-gu/중구,Jungangdong 5(o)-ga/중앙동5가
Busan/부산,Jung-gu/중구,Jungangdong 6(yuk)-ga/중앙동6가
Busan/부산,Jung-gu/중구,Jungangdong 7(chil)-ga/중앙동7가
Busan/부산,Jung-gu/중구,Jungang-dong/중앙동
Busan/부산,Jung-gu/중구,Jungangucheguksaseoham/중앙우체국사서함
Busan/부산,Jung-gu/중구,Jungchon-dong/중촌동
Busan/부산,Jung-gu/중구,Jungrim-dong/중림동
Busan/부산,Jung-gu/중구,Jungsan-dong/중산동
Busan/부산,Jung-gu/중구,Manridong 1(il)-ga/만리동1가
Busan/부산,Jung-gu/중구,Manridong 2(i)-ga/만리동2가
Busan/부산,Jung-gu/중구,Mokdal-dong/목달동
Busan/부산,Jung-gu/중구,Mok-dong/목동
Busan/부산,Jung-gu/중구,Mugyo-dong/무교동
Busan/부산,Jung-gu/중구,Muhak-dong/무학동
Busan/부산,Jung-gu/중구,Mukjeong-dong/묵정동
Busan/부산,Jung-gu/중구,Munchang-dong/문창동
Busan/부산,Jung-gu/중구,Munhwa 1(il)-dong/문화1동
Busan/부산,Jung-gu/중구,Munhwa 2(i)-dong/문화2동
Busan/부산,Jung-gu/중구,Munhwa-dong/문화동
Busan/부산,Jung-gu/중구,Munhwa-dong/문화동
Busan/부산,Jung-gu/중구,Musu-dong/무수동
Busan/부산,Jung-gu/중구,Muui-dong/무의동
Busan/부산,Jung-gu/중구,Myeongdong 1(il)-ga/명동1가
Busan/부산,Jung-gu/중구,Myeongdong 2(i)-ga/명동2가
Busan/부산,Jung-gu/중구,Nae-dong/내동
Busan/부산,Jung-gu/중구,Nambuk-dong/남북동
Busan/부산,Jung-gu/중구,Namchang-dong/남창동
Busan/부산,Jung-gu/중구,Namdaemunro 1(il)-ga/남대문로1가
Busan/부산,Jung-gu/중구,Namdaemunro 2(i)-ga/남대문로2가
Busan/부산,Jung-gu/중구,Namdaemunro 3(sam)-ga/남대문로3가
Busan/부산,Jung-gu/중구,Namdaemunro 4(sa)-ga/남대문로4가
Busan/부산,Jung-gu/중구,Namdaemunro 5(o)-ga/남대문로5가
Busan/부산,Jung-gu/중구,Namhak-dong/남학동
Busan/부산,Jung-gu/중구,Namil-dong/남일동
Busan/부산,Jung-gu/중구,Namoe-dong/남외동
Busan/부산,Jung-gu/중구,Nampodong 1(il)-ga/남포동1가
Busan/부산,Jung-gu/중구,Nampodong 2(i)-ga/남포동2가
Busan/부산,Jung-gu/중구,Nampodong 3(sam)-ga/남포동3가
Busan/부산,Jung-gu/중구,Nampodong 4(sa)-ga/남포동4가
Busan/부산,Jung-gu/중구,Nampodong 5(o)-ga/남포동5가
Busan/부산,Jung-gu/중구,Nampodong 6(yuk)-ga/남포동6가
Busan/부산,Jung-gu/중구,Nampo-dong/남포동
Busan/부산,Jung-gu/중구,Namsan 1(il)-dong/남산1동
Busan/부산,Jung-gu/중구,Namsan 2(i)-dong/남산2동
Busan/부산,Jung-gu/중구,Namsan 3(sam)-dong/남산3동
Busan/부산,Jung-gu/중구,Namsan 4(sa)-dong/남산4동
Busan/부산,Jung-gu/중구,Namsandong 1(il)-ga/남산동1가
Busan/부산,Jung-gu/중구,Namsandong 2(i)-ga/남산동2가
Busan/부산,Jung-gu/중구,Namsandong 3(sam)-ga/남산동3가
Busan/부산,Jung-gu/중구,Namsan-dong/남산동
Busan/부산,Jung-gu/중구,Namseongno/남성로
Busan/부산,Jung-gu/중구,Ojang-dong/오장동
Busan/부산,Jung-gu/중구,Okgye-dong/옥계동
Busan/부산,Jung-gu/중구,Okgyo-dong/옥교동
Busan/부산,Jung-gu/중구,Oryu-dong/오류동
Busan/부산,Jung-gu/중구,Pildong 1(il)-ga/필동1가
Busan/부산,Jung-gu/중구,Pildong 2(i)-ga/필동2가
Busan/부산,Jung-gu/중구,Pildong 3(sam)-ga/필동3가
Busan/부산,Jung-gu/중구,Pojeong-dong/포정동
Busan/부산,Jung-gu/중구,Sa-dong/사동
Busan/부산,Jung-gu/중구,Sail-dong/사일동
Busan/부산,Jung-gu/중구,Sajeong-dong/사정동
Busan/부산,Jung-gu/중구,Samdeokdong 1(il)-ga/삼덕동1가
Busan/부산,Jung-gu/중구,Samdeokdong 2(i)-ga/삼덕동2가
Busan/부산,Jung-gu/중구,Samdeokdong 3(sam)-ga/삼덕동3가
Busan/부산,Jung-gu/중구,Samgak-dong/삼각동
Busan/부산,Jung-gu/중구,Sangdeok-dong/상덕동
Busan/부산,Jung-gu/중구,Sangseo-dong/상서동
Busan/부산,Jung-gu/중구,Sanrim-dong/산림동
Busan/부산,Jung-gu/중구,Sanseong-dong/산성동
Busan/부산,Jung-gu/중구,Seodaejeonucheguksaseoham/서대전우체국사서함
Busan/부산,Jung-gu/중구,Seo-dong/서동
Busan/부산,Jung-gu/중구,Seokgyo-dong/석교동
Busan/부산,Jung-gu/중구,Seomunro 1(il)-ga/서문로1가
Busan/부산,Jung-gu/중구,Seomunro 2(i)-ga/서문로2가
Busan/부산,Jung-gu/중구,Seonae-dong/서내동
Busan/부산,Jung-gu/중구,Seongan-dong/성안동
Busan/부산,Jung-gu/중구,Seongnam-dong/성남동
Busan/부산,Jung-gu/중구,Seonhwa-dong/선화동
Busan/부산,Jung-gu/중구,Seonhwa-dong/선화동
Busan/부산,Jung-gu/중구,Seonrin-dong/선린동
Busan/부산,Jung-gu/중구,Seoseongro 1(il)-ga/서성로1가
Busan/부산,Jung-gu/중구,Seoseongro 2(i)-ga/서성로2가
Busan/부산,Jung-gu/중구,Seosomun-dong/서소문동
Busan/부산,Jung-gu/중구,Seoya-dong/서야동
Busan/부산,Jung-gu/중구,Sijangbugno/시장북로
Busan/부산,Jung-gu/중구,Sinchangdong 1(il)-ga/신창동1가
Busan/부산,Jung-gu/중구,Sinchangdong 2(i)-ga/신창동2가
Busan/부산,Jung-gu/중구,Sinchangdong 3(sam)-ga/신창동3가
Busan/부산,Jung-gu/중구,Sinchangdong 4(sa)-ga/신창동4가
Busan/부산,Jung-gu/중구,Sinchang-dong/신창동
Busan/부산,Jung-gu/중구,Sindang 1(il)-dong/신당1동
Busan/부산,Jung-gu/중구,Sindang 2(i)-dong/신당2동
Busan/부산,Jung-gu/중구,Sindang 3(sam)-dong/신당3동
Busan/부산,Jung-gu/중구,Sindang 4(sa)-dong/신당4동
Busan/부산,Jung-gu/중구,Sindang 5(o)-dong/신당5동
Busan/부산,Jung-gu/중구,Sindang 6(yuk)-dong/신당6동
Busan/부산,Jung-gu/중구,Sindang-dong/신당동
Busan/부산,Jung-gu/중구,Sinheungdong 1(il)-ga/신흥동1가
Busan/부산,Jung-gu/중구,Sinheungdong 2(i)-ga/신흥동2가
Busan/부산,Jung-gu/중구,Sinheungdong 3(sam)-ga/신흥동3가
Busan/부산,Jung-gu/중구,Sinpo-dong/신포동
Busan/부산,Jung-gu/중구,Sinsaeng-dong/신생동
Busan/부산,Jung-gu/중구,Sogong-dong/소공동
Busan/부산,Jung-gu/중구,Songhakdong 1(il)-ga/송학동1가
Busan/부산,Jung-gu/중구,Songhakdong 2(i)-ga/송학동2가
Busan/부산,Jung-gu/중구,Songhakdong 3(sam)-ga/송학동3가
Busan/부산,Jung-gu/중구,Songwoldong 1(il)-ga/송월동1가
Busan/부산,Jung-gu/중구,Songwoldong 2(i)-ga/송월동2가
Busan/부산,Jung-gu/중구,Songwoldong 3(sam)-ga/송월동3가
Busan/부산,Jung-gu/중구,Ssangrim-dong/쌍림동
Busan/부산,Jung-gu/중구,Suchang-dong/수창동
Busan/부산,Jung-gu/중구,Su-dong/수동
Busan/부산,Jung-gu/중구,Suha-dong/수하동
Busan/부산,Jung-gu/중구,Sunhwa-dong/순화동
Busan/부산,Jung-gu/중구,Supyo-dong/수표동
Busan/부산,Jung-gu/중구,Taehwa-dong/태화동
Busan/부산,Jung-gu/중구,Taepyeong 1(il)-dong/태평1동
Busan/부산,Jung-gu/중구,Taepyeong 2(i)-dong/태평2동
Busan/부산,Jung-gu/중구,Taepyeong-dong/태평동
Busan/부산,Jung-gu/중구,Taepyeongro 1(il)-ga/태평로1가
Busan/부산,Jung-gu/중구,Taepyeongro 1(il)-ga/태평로1가
Busan/부산,Jung-gu/중구,Taepyeongro 2(i)-ga/태평로2가
Busan/부산,Jung-gu/중구,Taepyeongro 2(i)-ga/태평로2가
Busan/부산,Jung-gu/중구,Taepyeongro 3(sam)-ga/태평로3가
Busan/부산,Jung-gu/중구,Uijuro 1(il)-ga/의주로1가
Busan/부산,Jung-gu/중구,Uijuro 2(i)-ga/의주로2가
Busan/부산,Jung-gu/중구,Ujeong-dong/우정동
Busan/부산,Jung-gu/중구,Ulsanucheguksaseoham/울산우체국사서함
Busan/부산,Jung-gu/중구,Unbuk-dong/운북동
Busan/부산,Jung-gu/중구,Unnam-dong/운남동
Busan/부산,Jung-gu/중구,Unseo-dong/운서동
Busan/부산,Jung-gu/중구,Wanjeon-dong/완전동
Busan/부산,Jung-gu/중구,Yaksa-dong/약사동
Busan/부산,Jung-gu/중구,Yegwan-dong/예관동
Busan/부산,Jung-gu/중구,Yejang-dong/예장동
Busan/부산,Jung-gu/중구,Yeongju 1(il)-dong/영주1동
Busan/부산,Jung-gu/중구,Yeongju 2(i)-dong/영주2동
Busan/부산,Jung-gu/중구,Yeongju-dong/영주동
Busan/부산,Jung-gu/중구,Yongdeok-dong/용덕동
Busan/부산,Jung-gu/중구,Yong-dong/용동
Busan/부산,Jung-gu/중구,Yongdu-dong/용두동
Busan/부산,Jung-gu/중구,Yucheon 1(il)-dong/유천1동
Busan/부산,Jung-gu/중구,Yucheon 2(i)-dong/유천2동
Busan/부산,Jung-gu/중구,Yucheon-dong/유천동
Busan/부산,Jung-gu/중구,Yu-dong/유동
Busan/부산,Jung-gu/중구,Yugok-dong/유곡동
Busan/부산,Jung-gu/중구,Yulmok-dong/율목동
Busan/부산,Nam-gu/남구,Apchon-dong/압촌동
Busan/부산,Nam-gu/남구,Baegun 1(il)-dong/백운1동
Busan/부산,Nam-gu/남구,Baegun 2(i)-dong/백운2동
Busan/부산,Nam-gu/남구,Baegun-dong/백운동
Busan/부산,Nam-gu/남구,Bangrim 1(il)-dong/방림1동
Busan/부산,Nam-gu/남구,Bangrim 2(i)-dong/방림2동
Busan/부산,Nam-gu/남구,Bangrim-dong/방림동
Busan/부산,Nam-gu/남구,Bongdeog 1(il)-dong/봉덕1동
Busan/부산,Nam-gu/남구,Bongdeog 2(i)-dong/봉덕2동
Busan/부산,Nam-gu/남구,Bongdeog 3(sam)-dong/봉덕3동
Busan/부산,Nam-gu/남구,Bongdeok-dong/봉덕동
Busan/부산,Nam-gu/남구,Bongseon 1(il)-dong/봉선1동
Busan/부산,Nam-gu/남구,Bongseon 2(i)-dong/봉선2동
Busan/부산,Nam-gu/남구,Bongseon-dong/봉선동
Busan/부산,Nam-gu/남구,Bugok-dong/부곡동
Busan/부산,Nam-gu/남구,Chilseok-dong/칠석동
Busan/부산,Nam-gu/남구,Daeji-dong/대지동
Busan/부산,Nam-gu/남구,Daemyeong 1(il)-dong/대명1동
Busan/부산,Nam-gu/남구,Daemyeong 10(sip)-dong/대명10동
Busan/부산,Nam-gu/남구,Daemyeong 11(sibil)-dong/대명11동
Busan/부산,Nam-gu/남구,Daemyeong 2(i)-dong/대명2동
Busan/부산,Nam-gu/남구,Daemyeong 3(sam)-dong/대명3동
Busan/부산,Nam-gu/남구,Daemyeong 4(sa)-dong/대명4동
Busan/부산,Nam-gu/남구,Daemyeong 5(o)-dong/대명5동
Busan/부산,Nam-gu/남구,Daemyeong 6(yuk)-dong/대명6동
Busan/부산,Nam-gu/남구,Daemyeong 9(gu)-dong/대명9동
Busan/부산,Nam-gu/남구,Daemyeong-dong/대명동
Busan/부산,Nam-gu/남구,Daeyeon 1(il)-dong/대연1동
Busan/부산,Nam-gu/남구,Daeyeon 2(i)-dong/대연2동
Busan/부산,Nam-gu/남구,Daeyeon 3(sam)-dong/대연3동
Busan/부산,Nam-gu/남구,Daeyeon 4(sa)-dong/대연4동
Busan/부산,Nam-gu/남구,Daeyeon 5(o)-dong/대연5동
Busan/부산,Nam-gu/남구,Daeyeon 6(yuk)-dong/대연6동
Busan/부산,Nam-gu/남구,Daeyeon-dong/대연동
Busan/부산,Nam-gu/남구,Dal-dong/달동
Busan/부산,Nam-gu/남구,Deoknam-dong/덕남동
Busan/부산,Nam-gu/남구,Dogeum-dong/도금동
Busan/부산,Nam-gu/남구,Dohwa 1(il)-dong/도화1동
Busan/부산,Nam-gu/남구,Dohwa 2(i)-dong/도화2동
Busan/부산,Nam-gu/남구,Dohwa 3(sam)-dong/도화3동
Busan/부산,Nam-gu/남구,Dohwa-dong/도화동
Busan/부산,Nam-gu/남구,Duwang-dong/두왕동
Busan/부산,Nam-gu/남구,Gaeun-dong/개운동
Busan/부산,Nam-gu/남구,Gamman 1(il)-dong/감만1동
Busan/부산,Nam-gu/남구,Gamman 2(i)-dong/감만2동
Busan/부산,Nam-gu/남구,Gamman-dong/감만동
Busan/부산,Nam-gu/남구,Gosa-dong/고사동
Busan/부산,Nam-gu/남구,Gu-dong/구동
Busan/부산,Nam-gu/남구,Guso-dong/구소동
Busan/부산,Nam-gu/남구,Gwangyo-dong/관교동
Busan/부산,Nam-gu/남구,Haengam-dong/행암동
Busan/부산,Nam-gu/남구,Hagig 1(il)-dong/학익1동
Busan/부산,Nam-gu/남구,Hagig 2(i)-dong/학익2동
Busan/부산,Nam-gu/남구,Hagik-dong/학익동
Busan/부산,Nam-gu/남구,Hwajang-dong/화장동
Busan/부산,Nam-gu/남구,Hwangseong-dong/황성동
Busan/부산,Nam-gu/남구,Icheon-dong/이천동
Busan/부산,Nam-gu/남구,Ijang-dong/이장동
Busan/부산,Nam-gu/남구,Imam-dong/임암동
Busan/부산,Nam-gu/남구,Jangsaengpo-dong/장생포동
Busan/부산,Nam-gu/남구,Jinwol-dong/진월동
Busan/부산,Nam-gu/남구,Jiseok-dong/지석동
Busan/부산,Nam-gu/남구,Juan 1(il)-dong/주안1동
Busan/부산,Nam-gu/남구,Juan 2(i)-dong/주안2동
Busan/부산,Nam-gu/남구,Juan 3(sam)-dong/주안3동
Busan/부산,Nam-gu/남구,Juan 4(sa)-dong/주안4동
Busan/부산,Nam-gu/남구,Juan 5(o)-dong/주안5동
Busan/부산,Nam-gu/남구,Juan 6(yuk)-dong/주안6동
Busan/부산,Nam-gu/남구,Juan 7(chil)-dong/주안7동
Busan/부산,Nam-gu/남구,Juan 8(pal)-dong/주안8동
Busan/부산,Nam-gu/남구,Juan-dong/주안동
Busan/부산,Nam-gu/남구,Juwol-dong/주월동
Busan/부산,Nam-gu/남구,Juwor 1(il)-dong/주월1동
Busan/부산,Nam-gu/남구,Juwor 2(i)-dong/주월2동
Busan/부산,Nam-gu/남구,Maeam-dong/매암동
Busan/부산,Nam-gu/남구,Mugeo-dong/무거동
Busan/부산,Nam-gu/남구,Munhak-dong/문학동
Busan/부산,Nam-gu/남구,Munhyeon 1(il)-dong/문현1동
Busan/부산,Nam-gu/남구,Munhyeon 2(i)-dong/문현2동
Busan/부산,Nam-gu/남구,Munhyeon 3(sam)-dong/문현3동
Busan/부산,Nam-gu/남구,Munhyeon 4(sa)-dong/문현4동
Busan/부산,Nam-gu/남구,Munhyeon-dong/문현동
Busan/부산,Nam-gu/남구,Namdaeguucheguksaseoham/남대구우체국사서함
Busan/부산,Nam-gu/남구,Namhwa-dong/남화동
Busan/부산,Nam-gu/남구,Namulsanucheguksaseoham/남울산우체국사서함
Busan/부산,Nam-gu/남구,Nodae-dong/노대동
Busan/부산,Nam-gu/남구,Ok-dong/옥동
Busan/부산,Nam-gu/남구,Sa-dong/사동
Busan/부산,Nam-gu/남구,Samsan-dong/삼산동
Busan/부산,Nam-gu/남구,Sanggae-dong/상개동
Busan/부산,Nam-gu/남구,Seo 1(il)-dong/서1동
Busan/부산,Nam-gu/남구,Seo 2(i)-dong/서2동
Busan/부산,Nam-gu/남구,Seo-dong/서동
Busan/부산,Nam-gu/남구,Seokjeong-dong/석정동
Busan/부산,Nam-gu/남구,Seonam-dong/선암동
Busan/부산,Nam-gu/남구,Seongam-dong/성암동
Busan/부산,Nam-gu/남구,Seungchon-dong/승촌동
Busan/부산,Nam-gu/남구,Sinjang-dong/신장동
Busan/부산,Nam-gu/남구,Sinjeong 1(il)-dong/신정1동
Busan/부산,Nam-gu/남구,Sinjeong 2(i)-dong/신정2동
Busan/부산,Nam-gu/남구,Sinjeong 3(sam)-dong/신정3동
Busan/부산,Nam-gu/남구,Sinjeong 4(sa)-dong/신정4동
Busan/부산,Nam-gu/남구,Sinjeong 5(o)-dong/신정5동
Busan/부산,Nam-gu/남구,Sinjeong-dong/신정동
Busan/부산,Nam-gu/남구,Songha-dong/송하동
Busan/부산,Nam-gu/남구,Sungui 1(il)-dong/숭의1동
Busan/부산,Nam-gu/남구,Sungui 2(i)-dong/숭의2동
Busan/부산,Nam-gu/남구,Sungui 3(sam)-dong/숭의3동
Busan/부산,Nam-gu/남구,Sungui 4(sa)-dong/숭의4동
Busan/부산,Nam-gu/남구,Sungui-dong/숭의동
Busan/부산,Nam-gu/남구,Uam 1(il)-dong/우암1동
Busan/부산,Nam-gu/남구,Uam 2(i)-dong/우암2동
Busan/부산,Nam-gu/남구,Uam-dong/우암동
Busan/부산,Nam-gu/남구,Wolsan 1(il)-dong/월산1동
Busan/부산,Nam-gu/남구,Wolsan 2(i)-dong/월산2동
Busan/부산,Nam-gu/남구,Wolsan 3(sam)-dong/월산3동
Busan/부산,Nam-gu/남구,Wolsan 4(sa)-dong/월산4동
Busan/부산,Nam-gu/남구,Wolsan 5(o)-dong/월산5동
Busan/부산,Nam-gu/남구,Wolsan-dong/월산동
Busan/부산,Nam-gu/남구,Wolseong-dong/월성동
Busan/부산,Nam-gu/남구,Wonsan-dong/원산동
Busan/부산,Nam-gu/남구,Yaeum-dong/야음동
Busan/부산,Nam-gu/남구,Yangchon-dong/양촌동
Busan/부산,Nam-gu/남구,Yanggwa-dong/양과동
Busan/부산,Nam-gu/남구,Yangrim-dong/양림동
Busan/부산,Nam-gu/남구,Yeocheon-dong/여천동
Busan/부산,Nam-gu/남구,Yongdang-dong/용당동
Busan/부산,Nam-gu/남구,Yongho 1(il)-dong/용호1동
Busan/부산,Nam-gu/남구,Yongho 2(i)-dong/용호2동
Busan/부산,Nam-gu/남구,Yongho 3(sam)-dong/용호3동
Busan/부산,Nam-gu/남구,Yongho 4(sa)-dong/용호4동
Busan/부산,Nam-gu/남구,Yongho-dong/용호동
Busan/부산,Nam-gu/남구,Yonghyeon 1(il)-dong/용현1동
Busan/부산,Nam-gu/남구,Yonghyeon 2(i)-dong/용현2동
Busan/부산,Nam-gu/남구,Yonghyeon 3(sam)-dong/용현3동
Busan/부산,Nam-gu/남구,Yonghyeon 4(sa)-dong/용현4동
Busan/부산,Nam-gu/남구,Yonghyeon 5(o)-dong/용현5동
Busan/부산,Nam-gu/남구,Yonghyeon-dong/용현동
Busan/부산,Nam-gu/남구,Yongjam-dong/용잠동
Busan/부산,Nam-gu/남구,Yongyeon-dong/용연동
Busan/부산,Saha-gu/사하구,Busansahaucheguksaseoham/부산사하우체국사서함
Busan/부산,Saha-gu/사하구,Dadae 1(il)-dong/다대1동
Busan/부산,Saha-gu/사하구,Dadae 2(i)-dong/다대2동
Busan/부산,Saha-gu/사하구,Dadae-dong/다대동
Busan/부산,Saha-gu/사하구,Dangri-dong/당리동
Busan/부산,Saha-gu/사하구,Gamcheon 1(il)-dong/감천1동
Busan/부산,Saha-gu/사하구,Gamcheon 2(i)-dong/감천2동
Busan/부산,Saha-gu/사하구,Gamcheon-dong/감천동
Busan/부산,Saha-gu/사하구,Goejeong 1(il)-dong/괴정1동
Busan/부산,Saha-gu/사하구,Goejeong 2(i)-dong/괴정2동
Busan/부산,Saha-gu/사하구,Goejeong 3(sam)-dong/괴정3동
Busan/부산,Saha-gu/사하구,Goejeong 4(sa)-dong/괴정4동
Busan/부산,Saha-gu/사하구,Goejeong-dong/괴정동
Busan/부산,Saha-gu/사하구,Gupyeong-dong/구평동
Busan/부산,Saha-gu/사하구,Hadan 1(il)-dong/하단1동
Busan/부산,Saha-gu/사하구,Hadan 2(i)-dong/하단2동
Busan/부산,Saha-gu/사하구,Hadan-dong/하단동
Busan/부산,Saha-gu/사하구,Jangrim 1(il)-dong/장림1동
Busan/부산,Saha-gu/사하구,Jangrim 2(i)-dong/장림2동
Busan/부산,Saha-gu/사하구,Jangrim-dong/장림동
Busan/부산,Saha-gu/사하구,Sinpyeong 1(il)-dong/신평1동
Busan/부산,Saha-gu/사하구,Sinpyeong 2(i)-dong/신평2동
Busan/부산,Saha-gu/사하구,Sinpyeong-dong/신평동
Busan/부산,Sasang-gu/사상구,Busansasangucheguksaseoham/부산사상우체국사서함
Busan/부산,Sasang-gu/사상구,Deokpo 1(il)-dong/덕포1동
Busan/부산,Sasang-gu/사상구,Deokpo 2(i)-dong/덕포2동
Busan/부산,Sasang-gu/사상구,Deokpo-dong/덕포동
Busan/부산,Sasang-gu/사상구,Eomgung-dong/엄궁동
Busan/부산,Sasang-gu/사상구,Gamjeon-dong/감전동
Busan/부산,Sasang-gu/사상구,Gwaebeop-dong/괘법동
Busan/부산,Sasang-gu/사상구,Hakjang-dong/학장동
Busan/부산,Sasang-gu/사상구,Jurye 1(il)-dong/주례1동
Busan/부산,Sasang-gu/사상구,Jurye 2(i)-dong/주례2동
Busan/부산,Sasang-gu/사상구,Jurye 3(sam)-dong/주례3동
Busan/부산,Sasang-gu/사상구,Jurye-dong/주례동
Busan/부산,Sasang-gu/사상구,Mora 1(il)-dong/모라1동
Busan/부산,Sasang-gu/사상구,Mora 3(sam)-dong/모라3동
Busan/부산,Sasang-gu/사상구,Mora-dong/모라동
Busan/부산,Sasang-gu/사상구,Samrak-dong/삼락동
Busan/부산,Seo-gu/서구,Amidong 1(il)-ga/아미동1가
Busan/부산,Seo-gu/서구,Amidong 2(i)-ga/아미동2가
Busan/부산,Seo-gu/서구,Ami-dong/아미동
Busan/부산,Seo-gu/서구,Amnam-dong/암남동
Busan/부산,Seo-gu/서구,Baekseok-dong/백석동
Busan/부산,Seo-gu/서구,Bisan 1(il)-dong/비산1동
Busan/부산,Seo-gu/서구,Bisan 2.3-dong/비산2.3동
Busan/부산,Seo-gu/서구,Bisan 4(sa)-dong/비산4동
Busan/부산,Seo-gu/서구,Bisan 5(o)-dong/비산5동
Busan/부산,Seo-gu/서구,Bisan 6(yuk)-dong/비산6동
Busan/부산,Seo-gu/서구,Bisan 7(chil)-dong/비산7동
Busan/부산,Seo-gu/서구,Bisan-dong/비산동
Busan/부산,Seo-gu/서구,Boksu-dong/복수동
Busan/부산,Seo-gu/서구,Bonggok-dong/봉곡동
Busan/부산,Seo-gu/서구,Bullo-dong/불로동
Busan/부산,Seo-gu/서구,Bumindong 1(il)-ga/부민동1가
Busan/부산,Seo-gu/서구,Bumindong 2(i)-ga/부민동2가
Busan/부산,Seo-gu/서구,Bumindong 3(sam)-ga/부민동3가
Busan/부산,Seo-gu/서구,Bumin-dong/부민동
Busan/부산,Seo-gu/서구,Buyongdong 1(il)-ga/부용동1가
Busan/부산,Seo-gu/서구,Buyongdong 2(i)-ga/부용동2가
Busan/부산,Seo-gu/서구,Buyong-dong/부용동
Busan/부산,Seo-gu/서구,Byeokjin-dong/벽진동
Busan/부산,Seo-gu/서구,Byeon-dong/변동
Busan/부산,Seo-gu/서구,Chipyeong-dong/치평동
Busan/부산,Seo-gu/서구,Chojang-dong/초장동
Busan/부산,Seo-gu/서구,Chungmudong 1(il)-ga/충무동1가
Busan/부산,Seo-gu/서구,Chungmudong 2(i)-ga/충무동2가
Busan/부산,Seo-gu/서구,Chungmudong 3(sam)-ga/충무동3가
Busan/부산,Seo-gu/서구,Chungmu-dong/충무동
Busan/부산,Seo-gu/서구,Daegok-dong/대곡동
Busan/부산,Seo-gu/서구,Daejeondunsanucheguksaseoham/대전둔산우체국사서함
Busan/부산,Seo-gu/서구,Dangha-dong/당하동
Busan/부산,Seo-gu/서구,Deokheung-dong/덕흥동
Busan/부산,Seo-gu/서구,Doan-dong/도안동
Busan/부산,Seo-gu/서구,Doma 1(il)-dong/도마1동
Busan/부산,Seo-gu/서구,Doma 2(i)-dong/도마2동
Busan/부산,Seo-gu/서구,Doma-dong/도마동
Busan/부산,Seo-gu/서구,Dongdaesindong 1(il)-ga/동대신동1가
Busan/부산,Seo-gu/서구,Dongdaesindong 2(i)-ga/동대신동2가
Busan/부산,Seo-gu/서구,Dongdaesindong 3(sam)-ga/동대신동3가
Busan/부산,Seo-gu/서구,Dunsan 1(il)-dong/둔산1동
Busan/부산,Seo-gu/서구,Dunsan 2(i)-dong/둔산2동
Busan/부산,Seo-gu/서구,Dunsan-dong/둔산동
Busan/부산,Seo-gu/서구,Gajang-dong/가장동
Busan/부산,Seo-gu/서구,Gajeong 1(il)-dong/가정1동
Busan/부산,Seo-gu/서구,Gajeong 2(i)-dong/가정2동
Busan/부산,Seo-gu/서구,Gajeong 3(sam)-dong/가정3동
Busan/부산,Seo-gu/서구,Gajeong-dong/가정동
Busan/부산,Seo-gu/서구,Gajwa 1(il)-dong/가좌1동
Busan/부산,Seo-gu/서구,Gajwa 2(i)-dong/가좌2동
Busan/부산,Seo-gu/서구,Gajwa 3(sam)-dong/가좌3동
Busan/부산,Seo-gu/서구,Gajwa 4(sa)-dong/가좌4동
Busan/부산,Seo-gu/서구,Gajwa-dong/가좌동
Busan/부산,Seo-gu/서구,Galma 1(il)-dong/갈마1동
Busan/부산,Seo-gu/서구,Galma 2(i)-dong/갈마2동
Busan/부산,Seo-gu/서구,Galma-dong/갈마동
Busan/부산,Seo-gu/서구,Gasuwon-dong/가수원동
Busan/부산,Seo-gu/서구,Geomam-dong/검암동
Busan/부산,Seo-gu/서구,Geumgok-dong/금곡동
Busan/부산,Seo-gu/서구,Geumho-dong/금호동
Busan/부산,Seo-gu/서구,Goegok-dong/괴곡동
Busan/부산,Seo-gu/서구,Goejeong-dong/괴정동
Busan/부산,Seo-gu/서구,Gongchon-dong/공촌동
Busan/부산,Seo-gu/서구,Gwangcheon-dong/광천동
Busan/부산,Seo-gu/서구,Gwanjeo 1(il)-dong/관저1동
Busan/부산,Seo-gu/서구,Gwanjeo 2(i)-dong/관저2동
Busan/부산,Seo-gu/서구,Gwanjeo-dong/관저동
Busan/부산,Seo-gu/서구,Gyeongseo-dong/경서동
Busan/부산,Seo-gu/서구,Heukseok-dong/흑석동
Busan/부산,Seo-gu/서구,Hwajeong 1(il)-dong/화정1동
Busan/부산,Seo-gu/서구,Hwajeong 2(i)-dong/화정2동
Busan/부산,Seo-gu/서구,Hwajeong 3(sam)-dong/화정3동
Busan/부산,Seo-gu/서구,Hwajeong 4(sa)-dong/화정4동
Busan/부산,Seo-gu/서구,Hwajeong-dong/화정동
Busan/부산,Seo-gu/서구,Ihyeon-dong/이현동
Busan/부산,Seo-gu/서구,Jangan-dong/장안동
Busan/부산,Seo-gu/서구,Jeongrim-dong/정림동
Busan/부산,Seo-gu/서구,Jungri-dong/중리동
Busan/부산,Seo-gu/서구,Maeno-dong/매노동
Busan/부산,Seo-gu/서구,Maewol-dong/매월동
Busan/부산,Seo-gu/서구,Majeon-dong/마전동
Busan/부산,Seo-gu/서구,Mannyeon-dong/만년동
Busan/부산,Seo-gu/서구,Mareuk-dong/마륵동
Busan/부산,Seo-gu/서구,Naebang-dong/내방동
Busan/부산,Seo-gu/서구,Naedang 1(il)-dong/내당1동
Busan/부산,Seo-gu/서구,Naedang 2.3-dong/내당2.3동
Busan/부산,Seo-gu/서구,Naedang 4(sa)-dong/내당4동
Busan/부산,Seo-gu/서구,Naedang-dong/내당동
Busan/부산,Seo-gu/서구,Nae-dong/내동
Busan/부산,Seo-gu/서구,Nambumin 1(il)-dong/남부민1동
Busan/부산,Seo-gu/서구,Nambumin 2(i)-dong/남부민2동
Busan/부산,Seo-gu/서구,Nambumin-dong/남부민동
Busan/부산,Seo-gu/서구,Nongseong 1(il)-dong/농성1동
Busan/부산,Seo-gu/서구,Nongseong 2(i)-dong/농성2동
Busan/부산,Seo-gu/서구,Nongseong-dong/농성동
Busan/부산,Seo-gu/서구,O-dong/오동
Busan/부산,Seo-gu/서구,Oryu-dong/오류동
Busan/부산,Seo-gu/서구,Pungam-dong/풍암동
Busan/부산,Seo-gu/서구,Pyeongchon-dong/평촌동
Busan/부산,Seo-gu/서구,Pyeongri 1(il)-dong/평리1동
Busan/부산,Seo-gu/서구,Pyeongri 2(i)-dong/평리2동
Busan/부산,Seo-gu/서구,Pyeongri 3(sam)-dong/평리3동
Busan/부산,Seo-gu/서구,Pyeongri 4(sa)-dong/평리4동
Busan/부산,Seo-gu/서구,Pyeongri 5(o)-dong/평리5동
Busan/부산,Seo-gu/서구,Pyeongri 6(yuk)-dong/평리6동
Busan/부산,Seo-gu/서구,Pyeongri-dong/평리동
Busan/부산,Seo-gu/서구,Samcheon-dong/삼천동
Busan/부산,Seo-gu/서구,Sangmu 1(il)-dong/상무1동
Busan/부산,Seo-gu/서구,Sangmu 2(i)-dong/상무2동
Busan/부산,Seo-gu/서구,Sangmu-dong/상무동
Busan/부산,Seo-gu/서구,Sangri-dong/상리동
Busan/부산,Seo-gu/서구,Sanjik-dong/산직동
Busan/부산,Seo-gu/서구,Seha-dong/세하동
Busan/부산,Seo-gu/서구,Seochang-dong/서창동
Busan/부산,Seo-gu/서구,Seodaeguucheguksaseoham/서대구우체국사서함
Busan/부산,Seo-gu/서구,Seodaesindong 1(il)-ga/서대신동1가
Busan/부산,Seo-gu/서구,Seodaesindong 2(i)-ga/서대신동2가
Busan/부산,Seo-gu/서구,Seodaesindong 3(sam)-ga/서대신동3가
Busan/부산,Seo-gu/서구,Seogwangjuucheguksaseoham/서광주우체국사서함
Busan/부산,Seo-gu/서구,Seoincheonucheguksaseoham/서인천우체국사서함
Busan/부산,Seo-gu/서구,Seoknam 1(il)-dong/석남1동
Busan/부산,Seo-gu/서구,Seoknam 2(i)-dong/석남2동
Busan/부산,Seo-gu/서구,Seoknam 3(sam)-dong/석남3동
Busan/부산,Seo-gu/서구,Seoknam-dong/석남동
Busan/부산,Seo-gu/서구,Sicheon-dong/시천동
Busan/부산,Seo-gu/서구,Simgok-dong/심곡동
Busan/부산,Seo-gu/서구,Sinhyeon-dong/신현동
Busan/부산,Seo-gu/서구,Ssangchon-dong/쌍촌동
Busan/부산,Seo-gu/서구,Tanbang-dong/탄방동
Busan/부산,Seo-gu/서구,Toseongdong 1(il)-ga/토성동1가
Busan/부산,Seo-gu/서구,Toseongdong 2(i)-ga/토성동2가
Busan/부산,Seo-gu/서구,Toseongdong 3(sam)-ga/토성동3가
Busan/부산,Seo-gu/서구,Toseongdong 4(sa)-ga/토성동4가
Busan/부산,Seo-gu/서구,Toseongdong 5(o)-ga/토성동5가
Busan/부산,Seo-gu/서구,Toseong-dong/토성동
Busan/부산,Seo-gu/서구,Umyeong-dong/우명동
Busan/부산,Seo-gu/서구,Wanggil-dong/왕길동
Busan/부산,Seo-gu/서구,Wolpyeong 1(il)-dong/월평1동
Busan/부산,Seo-gu/서구,Wolpyeong 2(i)-dong/월평2동
Busan/부산,Seo-gu/서구,Wolpyeong 3(sam)-dong/월평3동
Busan/부산,Seo-gu/서구,Wolpyeong-dong/월평동
Busan/부산,Seo-gu/서구,Wonchang-dong/원창동
Busan/부산,Seo-gu/서구,Wondaedong 1(il)-ga/원대동1가
Busan/부산,Seo-gu/서구,Wondaedong 2(i)-ga/원대동2가
Busan/부산,Seo-gu/서구,Wondaedong 3(sam)-ga/원대동3가
Busan/부산,Seo-gu/서구,Wondang-dong/원당동
Busan/부산,Seo-gu/서구,Wonjeong-dong/원정동
Busan/부산,Seo-gu/서구,Yang 1(il)-dong/양1동
Busan/부산,Seo-gu/서구,Yang 2(i)-dong/양2동
Busan/부산,Seo-gu/서구,Yang 3(sam)-dong/양3동
Busan/부산,Seo-gu/서구,Yang-dong/양동
Busan/부산,Seo-gu/서구,Yeonhui-dong/연희동
Busan/부산,Seo-gu/서구,Yongchon-dong/용촌동
Busan/부산,Seo-gu/서구,Yongdu-dong/용두동
Busan/부산,Seo-gu/서구,Yongmun-dong/용문동
Busan/부산,Seo-gu/서구,Yuchon-dong/유촌동
Busan/부산,Suyeong-gu/수영구,Gwangan 1(il)-dong/광안1동
Busan/부산,Suyeong-gu/수영구,Gwangan 2(i)-dong/광안2동
Busan/부산,Suyeong-gu/수영구,Gwangan 3(sam)-dong/광안3동
Busan/부산,Suyeong-gu/수영구,Gwangan 4(sa)-dong/광안4동
Busan/부산,Suyeong-gu/수영구,Gwangan-dong/광안동
Busan/부산,Suyeong-gu/수영구,Mangmi 1(il)-dong/망미1동
Busan/부산,Suyeong-gu/수영구,Mangmi 2(i)-dong/망미2동
Busan/부산,Suyeong-gu/수영구,Mangmi-dong/망미동
Busan/부산,Suyeong-gu/수영구,Minrak-dong/민락동
Busan/부산,Suyeong-gu/수영구,Nambusanucheguksaseoham/남부산우체국사서함
Busan/부산,Suyeong-gu/수영구,Namcheon 1(il)-dong/남천1동
Busan/부산,Suyeong-gu/수영구,Namcheon 2(i)-dong/남천2동
Busan/부산,Suyeong-gu/수영구,Namcheon-dong/남천동
Busan/부산,Suyeong-gu/수영구,Suyeong-dong/수영동
Busan/부산,Yeongdo-gu/영도구,Bongraedong 1(il)-ga/봉래동1가
Busan/부산,Yeongdo-gu/영도구,Bongraedong 2(i)-ga/봉래동2가
Busan/부산,Yeongdo-gu/영도구,Bongraedong 3(sam)-ga/봉래동3가
Busan/부산,Yeongdo-gu/영도구,Bongraedong 4(sa)-ga/봉래동4가
Busan/부산,Yeongdo-gu/영도구,Bongraedong 5(o)-ga/봉래동5가
Busan/부산,Yeongdo-gu/영도구,Bongrae-dong/봉래동
Busan/부산,Yeongdo-gu/영도구,Busanyeongdoucheguksaseoham/부산영도우체국사서함
Busan/부산,Yeongdo-gu/영도구,Cheonghag 1(il)-dong/청학1동
Busan/부산,Yeongdo-gu/영도구,Cheonghag 2(i)-dong/청학2동
Busan/부산,Yeongdo-gu/영도구,Cheonghak-dong/청학동
Busan/부산,Yeongdo-gu/영도구,Daegyodong 1(il)-ga/대교동1가
Busan/부산,Yeongdo-gu/영도구,Daegyodong 2(i)-ga/대교동2가
Busan/부산,Yeongdo-gu/영도구,Daegyo-dong/대교동
Busan/부산,Yeongdo-gu/영도구,Daepyeongdong 1(il)-ga/대평동1가
Busan/부산,Yeongdo-gu/영도구,Daepyeongdong 2(i)-ga/대평동2가
Busan/부산,Yeongdo-gu/영도구,Daepyeong-dong/대평동
Busan/부산,Yeongdo-gu/영도구,Dongsam 1(il)-dong/동삼1동
Busan/부산,Yeongdo-gu/영도구,Dongsam 2(i)-dong/동삼2동
Busan/부산,Yeongdo-gu/영도구,Dongsam 3(sam)-dong/동삼3동
Busan/부산,Yeongdo-gu/영도구,Dongsam-dong/동삼동
Busan/부산,Yeongdo-gu/영도구,Namhangdong 1(il)-ga/남항동1가
Busan/부산,Yeongdo-gu/영도구,Namhangdong 2(i)-ga/남항동2가
Busan/부산,Yeongdo-gu/영도구,Namhangdong 3(sam)-ga/남항동3가
Busan/부산,Yeongdo-gu/영도구,Namhang-dong/남항동
Busan/부산,Yeongdo-gu/영도구,Sinseondong 1(il)-ga/신선동1가
Busan/부산,Yeongdo-gu/영도구,Sinseondong 2(i)-ga/신선동2가
Busan/부산,Yeongdo-gu/영도구,Sinseondong 3(sam)-ga/신선동3가
Busan/부산,Yeongdo-gu/영도구,Sinseon-dong/신선동
Busan/부산,Yeongdo-gu/영도구,Yeongseondong 1(il)-ga/영선동1가
Busan/부산,Yeongdo-gu/영도구,Yeongseondong 2(i)-ga/영선동2가
Busan/부산,Yeongdo-gu/영도구,Yeongseondong 3(sam)-ga/영선동3가
Busan/부산,Yeongdo-gu/영도구,Yeongseondong 4(sa)-ga/영선동4가
Busan/부산,Yeongdo-gu/영도구,Yeongseon-dong/영선동
Busan/부산,Yeonje-gu/연제구,Geoje 1(il)-dong/거제1동
Busan/부산,Yeonje-gu/연제구,Geoje 2(i)-dong/거제2동
Busan/부산,Yeonje-gu/연제구,Geoje 3(sam)-dong/거제3동
Busan/부산,Yeonje-gu/연제구,Geoje 4(sa)-dong/거제4동
Busan/부산,Yeonje-gu/연제구,Geoje-dong/거제동
Busan/부산,Yeonje-gu/연제구,Yeonsan 1(il)-dong/연산1동
Busan/부산,Yeonje-gu/연제구,Yeonsan 2(i)-dong/연산2동
Busan/부산,Yeonje-gu/연제구,Yeonsan 3(sam)-dong/연산3동
Busan/부산,Yeonje-gu/연제구,Yeonsan 4(sa)-dong/연산4동
Busan/부산,Yeonje-gu/연제구,Yeonsan 5(o)-dong/연산5동
Busan/부산,Yeonje-gu/연제구,Yeonsan 6(yuk)-dong/연산6동
Busan/부산,Yeonje-gu/연제구,Yeonsan 8(pal)-dong/연산8동
Busan/부산,Yeonje-gu/연제구,Yeonsan 9(gu)-dong/연산9동
Busan/부산,Yeonje-gu/연제구,Yeonsan-dong/연산동
Chungcheongbuk-do/충북,Boeun-gun/보은군,Boeun-eup/보은읍
Chungcheongbuk-do/충북,Boeun-gun/보은군,Hoein-myeon/회인면
Chungcheongbuk-do/충북,Boeun-gun/보은군,Hoenam-myeon/회남면
Chungcheongbuk-do/충북,Boeun-gun/보은군,Jangan-myeon/장안면
Chungcheongbuk-do/충북,Boeun-gun/보은군,Maro-myeon/마로면
Chungcheongbuk-do/충북,Boeun-gun/보은군,Naebuk-myeon/내북면
Chungcheongbuk-do/충북,Boeun-gun/보은군,Samseung-myeon/삼승면
Chungcheongbuk-do/충북,Boeun-gun/보은군,Sanoe-myeon/산외면
Chungcheongbuk-do/충북,Boeun-gun/보은군,Sokrisan-myeon/속리산면
Chungcheongbuk-do/충북,Boeun-gun/보은군,Suhan-myeon/수한면
Chungcheongbuk-do/충북,Boeun-gun/보은군,Tanbu-myeon/탄부면
Chungcheongbuk-do/충북,Cheongwon-gun/청원군,Bugi-myeon/북이면
Chungcheongbuk-do/충북,Cheongwon-gun/청원군,Buyong-myeon/부용면
Chungcheongbuk-do/충북,Cheongwon-gun/청원군,Gadeok-myeon/가덕면
Chungcheongbuk-do/충북,Cheongwon-gun/청원군,Gangnae-myeon/강내면
Chungcheongbuk-do/충북,Cheongwon-gun/청원군,Gangoe-myeon/강외면
Chungcheongbuk-do/충북,Cheongwon-gun/청원군,Hyeondo-myeon/현도면
Chungcheongbuk-do/충북,Cheongwon-gun/청원군,Miwon-myeon/미원면
Chungcheongbuk-do/충북,Cheongwon-gun/청원군,Munui-myeon/문의면
Chungcheongbuk-do/충북,Cheongwon-gun/청원군,Naesu-eup/내수읍
Chungcheongbuk-do/충북,Cheongwon-gun/청원군,Namil-myeon/남일면
Chungcheongbuk-do/충북,Cheongwon-gun/청원군,Nami-myeon/남이면
Chungcheongbuk-do/충북,Cheongwon-gun/청원군,Nangseong-myeon/낭성면
Chungcheongbuk-do/충북,Cheongwon-gun/청원군,Ochang-eup/오창읍
Chungcheongbuk-do/충북,Cheongwon-gun/청원군,Oksan-myeon/옥산면
Chungcheongbuk-do/충북,Chungju-si/충주시,Angseong-myeon/앙성면
Chungcheongbuk-do/충북,Chungju-si/충주시,Anrim-dong/안림동
Chungcheongbuk-do/충북,Chungju-si/충주시,Bongbang-dong/봉방동
Chungcheongbuk-do/충북,Chungju-si/충주시,Chilgeum-dong/칠금동
Chungcheongbuk-do/충북,Chungju-si/충주시,Chungin-dong/충인동
Chungcheongbuk-do/충북,Chungju-si/충주시,Chungjuucheguksaseoham/충주우체국사서함
Chungcheongbuk-do/충북,Chungju-si/충주시,Chungui-dong/충의동
Chungcheongbuk-do/충북,Chungju-si/충주시,Dalcheon-dong/달천동
Chungcheongbuk-do/충북,Chungju-si/충주시,Danwol-dong/단월동
Chungcheongbuk-do/충북,Chungju-si/충주시,Dongryang-myeon/동량면
Chungcheongbuk-do/충북,Chungju-si/충주시,Eomjeong-myeon/엄정면
Chungcheongbuk-do/충북,Chungju-si/충주시,Gageum-myeon/가금면
Chungcheongbuk-do/충북,Chungju-si/충주시,Gaju-dong/가주동
Chungcheongbuk-do/충북,Chungju-si/충주시,Geumga-myeon/금가면
Chungcheongbuk-do/충북,Chungju-si/충주시,Geumreung-dong/금릉동
Chungcheongbuk-do/충북,Chungju-si/충주시,Gyohyeon 1(il)-dong/교현1동
Chungcheongbuk-do/충북,Chungju-si/충주시,Gyohyeon 2(i)-dong/교현2동
Chungcheongbuk-do/충북,Chungju-si/충주시,Gyohyeon-dong/교현동
Chungcheongbuk-do/충북,Chungju-si/충주시,Hoam-dong/호암동
Chungcheongbuk-do/충북,Chungju-si/충주시,Iryu-myeon/이류면
Chungcheongbuk-do/충북,Chungju-si/충주시,Jihyeon-dong/지현동
Chungcheongbuk-do/충북,Chungju-si/충주시,Jik-dong/직동
Chungcheongbuk-do/충북,Chungju-si/충주시,Jongmin-dong/종민동
Chungcheongbuk-do/충북,Chungju-si/충주시,Judeog-eup/주덕읍
Chungcheongbuk-do/충북,Chungju-si/충주시,Mokbeol-dong/목벌동
Chungcheongbuk-do/충북,Chungju-si/충주시,Mokhaeng-dong/목행동
Chungcheongbuk-do/충북,Chungju-si/충주시,Munhwa-dong/문화동
Chungcheongbuk-do/충북,Chungju-si/충주시,Noeun-myeon/노은면
Chungcheongbuk-do/충북,Chungju-si/충주시,Pung-dong/풍동
Chungcheongbuk-do/충북,Chungju-si/충주시,Salmi-myeon/살미면
Chungcheongbuk-do/충북,Chungju-si/충주시,Sancheok-myeon/산척면
Chungcheongbuk-do/충북,Chungju-si/충주시,Seongnae-dong/성내동
Chungcheongbuk-do/충북,Chungju-si/충주시,Seongnam-dong/성남동
Chungcheongbuk-do/충북,Chungju-si/충주시,Seongseo-dong/성서동
Chungcheongbuk-do/충북,Chungju-si/충주시,Sinni-myeon/신니면
Chungcheongbuk-do/충북,Chungju-si/충주시,Sotae-myeon/소태면
Chungcheongbuk-do/충북,Chungju-si/충주시,Suanbo-myeon/수안보면
Chungcheongbuk-do/충북,Chungju-si/충주시,Yeonsu-dong/연수동
Chungcheongbuk-do/충북,Chungju-si/충주시,Yongdu-dong/용두동
Chungcheongbuk-do/충북,Chungju-si/충주시,Yonggwan-dong/용관동
Chungcheongbuk-do/충북,Chungju-si/충주시,Yongsan-dong/용산동
Chungcheongbuk-do/충북,Chungju-si/충주시,Yongtan-dong/용탄동
Chungcheongbuk-do/충북,Danyang-gun/단양군,Daegang-myeon/대강면
Chungcheongbuk-do/충북,Danyang-gun/단양군,Danseong-myeon/단성면
Chungcheongbuk-do/충북,Danyang-gun/단양군,Danyang-eup/단양읍
Chungcheongbuk-do/충북,Danyang-gun/단양군,Eosangcheon-myeon/어상천면
Chungcheongbuk-do/충북,Danyang-gun/단양군,Gagok-myeon/가곡면
Chungcheongbuk-do/충북,Danyang-gun/단양군,Jeokseong-myeon/적성면
Chungcheongbuk-do/충북,Danyang-gun/단양군,Maepo-eup/매포읍
Chungcheongbuk-do/충북,Danyang-gun/단양군,Yeongchun-myeon/영춘면
Chungcheongbuk-do/충북,Eumseong-gun/음성군,Daeso-myeon/대소면
Chungcheongbuk-do/충북,Eumseong-gun/음성군,Eumseong-eup/음성읍
Chungcheongbuk-do/충북,Eumseong-gun/음성군,Gamgok-myeon/감곡면
Chungcheongbuk-do/충북,Eumseong-gun/음성군,Geumwang-eup/금왕읍
Chungcheongbuk-do/충북,Eumseong-gun/음성군,Maengdong-myeon/맹동면
Chungcheongbuk-do/충북,Eumseong-gun/음성군,Saenggeuk-myeon/생극면
Chungcheongbuk-do/충북,Eumseong-gun/음성군,Samseong-myeon/삼성면
Chungcheongbuk-do/충북,Eumseong-gun/음성군,Soi-myeon/소이면
Chungcheongbuk-do/충북,Eumseong-gun/음성군,Wonnam-myeon/원남면
Chungcheongbuk-do/충북,Goesan-gun/괴산군,Buljeong-myeon/불정면
Chungcheongbuk-do/충북,Goesan-gun/괴산군,Cheongan-myeon/청안면
Chungcheongbuk-do/충북,Goesan-gun/괴산군,Cheongcheon-myeon/청천면
Chungcheongbuk-do/충북,Goesan-gun/괴산군,Chilseong-myeon/칠성면
Chungcheongbuk-do/충북,Goesan-gun/괴산군,Gammul-myeon/감물면
Chungcheongbuk-do/충북,Goesan-gun/괴산군,Goesan-eup/괴산읍
Chungcheongbuk-do/충북,Goesan-gun/괴산군,Jangyeon-myeon/장연면
Chungcheongbuk-do/충북,Goesan-gun/괴산군,Mungwang-myeon/문광면
Chungcheongbuk-do/충북,Goesan-gun/괴산군,Sari-myeon/사리면
Chungcheongbuk-do/충북,Goesan-gun/괴산군,Sosu-myeon/소수면
Chungcheongbuk-do/충북,Goesan-gun/괴산군,Yeonpung-myeon/연풍면
Chungcheongbuk-do/충북,Heungdeok-gu Cheongju-si/청주시 흥덕구,Biha-dong/비하동
Chungcheongbuk-do/충북,Heungdeok-gu Cheongju-si/청주시 흥덕구,Bokdae 1(il)-dong/복대1동
Chungcheongbuk-do/충북,Heungdeok-gu Cheongju-si/청주시 흥덕구,Bokdae 2(i)-dong/복대2동
Chungcheongbuk-do/충북,Heungdeok-gu Cheongju-si/청주시 흥덕구,Bokdae-dong/복대동
Chungcheongbuk-do/충북,Heungdeok-gu Cheongju-si/청주시 흥덕구,Bongmyeong 1(il)-dong/봉명1동
Chungcheongbuk-do/충북,Heungdeok-gu Cheongju-si/청주시 흥덕구,Bongmyeong 2(i)-dong/봉명2동
Chungcheongbuk-do/충북,Heungdeok-gu Cheongju-si/청주시 흥덕구,Bongmyeong-dong/봉명동
Chungcheongbuk-do/충북,Heungdeok-gu Cheongju-si/청주시 흥덕구,Bunpyeong-dong/분평동
Chungcheongbuk-do/충북,Heungdeok-gu Cheongju-si/청주시 흥덕구,Dongmak-dong/동막동
Chungcheongbuk-do/충북,Heungdeok-gu Cheongju-si/청주시 흥덕구,Gaesin-dong/개신동
Chungcheongbuk-do/충북,Heungdeok-gu Cheongju-si/청주시 흥덕구,Gagyeong-dong/가경동
Chungcheongbuk-do/충북,Heungdeok-gu Cheongju-si/청주시 흥덕구,Gangseo 1(il)-dong/강서1동
Chungcheongbuk-do/충북,Heungdeok-gu Cheongju-si/청주시 흥덕구,Gangseo 2(i)-dong/강서2동
Chungcheongbuk-do/충북,Heungdeok-gu Cheongju-si/청주시 흥덕구,Gangseo-dong/강서동
Chungcheongbuk-do/충북,Heungdeok-gu Cheongju-si/청주시 흥덕구,Hwagye-dong/화계동
Chungcheongbuk-do/충북,Heungdeok-gu Cheongju-si/청주시 흥덕구,Hyangjeong-dong/향정동
Chungcheongbuk-do/충북,Heungdeok-gu Cheongju-si/청주시 흥덕구,Hyeonam-dong/현암동
Chungcheongbuk-do/충북,Heungdeok-gu Cheongju-si/청주시 흥덕구,Hyuam-dong/휴암동
Chungcheongbuk-do/충북,Heungdeok-gu Cheongju-si/청주시 흥덕구,Jangam-dong/장암동
Chungcheongbuk-do/충북,Heungdeok-gu Cheongju-si/청주시 흥덕구,Jangseong-dong/장성동
Chungcheongbuk-do/충북,Heungdeok-gu Cheongju-si/청주시 흥덕구,Jeongbong-dong/정봉동
Chungcheongbuk-do/충북,Heungdeok-gu Cheongju-si/청주시 흥덕구,Jidong-dong/지동동
Chungcheongbuk-do/충북,Heungdeok-gu Cheongju-si/청주시 흥덕구,Jukrim-dong/죽림동
Chungcheongbuk-do/충북,Heungdeok-gu Cheongju-si/청주시 흥덕구,Mipyeong-dong/미평동
Chungcheongbuk-do/충북,Heungdeok-gu Cheongju-si/청주시 흥덕구,Mochung-dong/모충동
Chungcheongbuk-do/충북,Heungdeok-gu Cheongju-si/청주시 흥덕구,Munam-dong/문암동
Chungcheongbuk-do/충북,Heungdeok-gu Cheongju-si/청주시 흥덕구,Naegok-dong/내곡동
Chungcheongbuk-do/충북,Heungdeok-gu Cheongju-si/청주시 흥덕구,Namchon-dong/남촌동
Chungcheongbuk-do/충북,Heungdeok-gu Cheongju-si/청주시 흥덕구,Oebuk-dong/외북동
Chungcheongbuk-do/충북,Heungdeok-gu Cheongju-si/청주시 흥덕구,Pyeong-dong/평동
Chungcheongbuk-do/충북,Heungdeok-gu Cheongju-si/청주시 흥덕구,Sachang-dong/사창동
Chungcheongbuk-do/충북,Heungdeok-gu Cheongju-si/청주시 흥덕구,Sajig 1(il)-dong/사직1동
Chungcheongbuk-do/충북,Heungdeok-gu Cheongju-si/청주시 흥덕구,Sajig 2(i)-dong/사직2동
Chungcheongbuk-do/충북,Heungdeok-gu Cheongju-si/청주시 흥덕구,Sajik-dong/사직동
Chungcheongbuk-do/충북,Heungdeok-gu Cheongju-si/청주시 흥덕구,Sangsin-dong/상신동
Chungcheongbuk-do/충북,Heungdeok-gu Cheongju-si/청주시 흥덕구,Sannam-dong/산남동
Chungcheongbuk-do/충북,Heungdeok-gu Cheongju-si/청주시 흥덕구,Seocheongjuucheguksaseoham/서청주우체국사서함
Chungcheongbuk-do/충북,Heungdeok-gu Cheongju-si/청주시 흥덕구,Seochon-dong/서촌동
Chungcheongbuk-do/충북,Heungdeok-gu Cheongju-si/청주시 흥덕구,Seokgok-dong/석곡동
Chungcheongbuk-do/충북,Heungdeok-gu Cheongju-si/청주시 흥덕구,Seokso-dong/석소동
Chungcheongbuk-do/충북,Heungdeok-gu Cheongju-si/청주시 흥덕구,Seonghwa-dong/성화동
Chungcheongbuk-do/충북,Heungdeok-gu Cheongju-si/청주시 흥덕구,Sinbong-dong/신봉동
Chungcheongbuk-do/충북,Heungdeok-gu Cheongju-si/청주시 흥덕구,Sinchon-dong/신촌동
Chungcheongbuk-do/충북,Heungdeok-gu Cheongju-si/청주시 흥덕구,Sindae-dong/신대동
Chungcheongbuk-do/충북,Heungdeok-gu Cheongju-si/청주시 흥덕구,Sinjeon-dong/신전동
Chungcheongbuk-do/충북,Heungdeok-gu Cheongju-si/청주시 흥덕구,Sinseong-dong/신성동
Chungcheongbuk-do/충북,Heungdeok-gu Cheongju-si/청주시 흥덕구,Songjeol-dong/송절동
Chungcheongbuk-do/충북,Heungdeok-gu Cheongju-si/청주시 흥덕구,Songjeong-dong/송정동
Chungcheongbuk-do/충북,Heungdeok-gu Cheongju-si/청주시 흥덕구,Sugog 1(il)-dong/수곡1동
Chungcheongbuk-do/충북,Heungdeok-gu Cheongju-si/청주시 흥덕구,Sugog 2(i)-dong/수곡2동
Chungcheongbuk-do/충북,Heungdeok-gu Cheongju-si/청주시 흥덕구,Sugok-dong/수곡동
Chungcheongbuk-do/충북,Heungdeok-gu Cheongju-si/청주시 흥덕구,Suui-dong/수의동
Chungcheongbuk-do/충북,Heungdeok-gu Cheongju-si/청주시 흥덕구,Uncheon-dong/운천동
Chungcheongbuk-do/충북,Heungdeok-gu Cheongju-si/청주시 흥덕구,Wonpyeong-dong/원평동
Chungcheongbuk-do/충북,Jecheon-si/제천시,Baegun-myeon/백운면
Chungcheongbuk-do/충북,Jecheon-si/제천시,Bongyang-eup/봉양읍
Chungcheongbuk-do/충북,Jecheon-si/제천시,Cheongjeon-dong/청전동
Chungcheongbuk-do/충북,Jecheon-si/제천시,Cheongpung-myeon/청풍면
Chungcheongbuk-do/충북,Jecheon-si/제천시,Cheonnam-dong/천남동
Chungcheongbuk-do/충북,Jecheon-si/제천시,Daerang-dong/대랑동
Chungcheongbuk-do/충북,Jecheon-si/제천시,Deoksan-myeon/덕산면
Chungcheongbuk-do/충북,Jecheon-si/제천시,Donghyeon-dong/동현동
Chungcheongbuk-do/충북,Jecheon-si/제천시,Duhak-dong/두학동
Chungcheongbuk-do/충북,Jecheon-si/제천시,Gangje-dong/강제동
Chungcheongbuk-do/충북,Jecheon-si/제천시,Geumseong-myeon/금성면
Chungcheongbuk-do/충북,Jecheon-si/제천시,Goam-dong/고암동
Chungcheongbuk-do/충북,Jecheon-si/제천시,Gomyeong-dong/고명동
Chungcheongbuk-do/충북,Jecheon-si/제천시,Gyo-dong/교동
Chungcheongbuk-do/충북,Jecheon-si/제천시,Hansu-myeon/한수면
Chungcheongbuk-do/충북,Jecheon-si/제천시,Haso-dong/하소동
Chungcheongbuk-do/충북,Jecheon-si/제천시,Heukseok-dong/흑석동
Chungcheongbuk-do/충북,Jecheon-si/제천시,Hwasan-dong/화산동
Chungcheongbuk-do/충북,Jecheon-si/제천시,Jajak-dong/자작동
Chungcheongbuk-do/충북,Jecheon-si/제천시,Jangrak-dong/장락동
Chungcheongbuk-do/충북,Jecheon-si/제천시,Jecheonucheguksaseoham/제천우체국사서함
Chungcheongbuk-do/충북,Jecheon-si/제천시,Jungangro 1(il)-ga/중앙로1가
Chungcheongbuk-do/충북,Jecheon-si/제천시,Jungangro 2(i)-ga/중앙로2가
Chungcheongbuk-do/충북,Jecheon-si/제천시,Mosan-dong/모산동
Chungcheongbuk-do/충북,Jecheon-si/제천시,Myeong-dong/명동
Chungcheongbuk-do/충북,Jecheon-si/제천시,Myeongji-dong/명지동
Chungcheongbuk-do/충북,Jecheon-si/제천시,Namcheon-dong/남천동
Chungcheongbuk-do/충북,Jecheon-si/제천시,Sangok-dong/산곡동
Chungcheongbuk-do/충북,Jecheon-si/제천시,Seobu-dong/서부동
Chungcheongbuk-do/충북,Jecheon-si/제천시,Sinbaek-dong/신백동
Chungcheongbuk-do/충북,Jecheon-si/제천시,Sin-dong/신동
Chungcheongbuk-do/충북,Jecheon-si/제천시,Sinwol-dong/신월동
Chungcheongbuk-do/충북,Jecheon-si/제천시,Songhak-myeon/송학면
Chungcheongbuk-do/충북,Jecheon-si/제천시,Susan-myeon/수산면
Chungcheongbuk-do/충북,Jecheon-si/제천시,Uirim-dong/의림동
Chungcheongbuk-do/충북,Jecheon-si/제천시,Wangam-dong/왕암동
Chungcheongbuk-do/충북,Jecheon-si/제천시,Yeongcheon-dong/영천동
Chungcheongbuk-do/충북,Jeungpyeong-gun/증평군,Doan-myeon/도안면
Chungcheongbuk-do/충북,Jeungpyeong-gun/증평군,Jeungpyeong-eup/증평읍
Chungcheongbuk-do/충북,Jincheon-gun/진천군,Baekgok-myeon/백곡면
Chungcheongbuk-do/충북,Jincheon-gun/진천군,Chopyeong-myeon/초평면
Chungcheongbuk-do/충북,Jincheon-gun/진천군,Deoksan-myeon/덕산면
Chungcheongbuk-do/충북,Jincheon-gun/진천군,Gwanghyewon-myeon/광혜원면
Chungcheongbuk-do/충북,Jincheon-gun/진천군,Iwol-myeon/이월면
Chungcheongbuk-do/충북,Jincheon-gun/진천군,Jincheon-eup/진천읍
Chungcheongbuk-do/충북,Jincheon-gun/진천군,Munbaek-myeon/문백면
Chungcheongbuk-do/충북,Okcheon-gun/옥천군,Annae-myeon/안내면
Chungcheongbuk-do/충북,Okcheon-gun/옥천군,Annam-myeon/안남면
Chungcheongbuk-do/충북,Okcheon-gun/옥천군,Cheongsan-myeon/청산면
Chungcheongbuk-do/충북,Okcheon-gun/옥천군,Cheongseong-myeon/청성면
Chungcheongbuk-do/충북,Okcheon-gun/옥천군,Dongi-myeon/동이면
Chungcheongbuk-do/충북,Okcheon-gun/옥천군,Gunbuk-myeon/군북면
Chungcheongbuk-do/충북,Okcheon-gun/옥천군,Gunseo-myeon/군서면
Chungcheongbuk-do/충북,Okcheon-gun/옥천군,Iwon-myeon/이원면
Chungcheongbuk-do/충북,Okcheon-gun/옥천군,Okcheon-eup/옥천읍
Chungcheongbuk-do/충북,Sangdang-gu Cheongju-si/청주시 상당구,Bangseo-dong/방서동
Chungcheongbuk-do/충북,Sangdang-gu Cheongju-si/청주시 상당구,Bukmunro 1(il)-ga/북문로1가
Chungcheongbuk-do/충북,Sangdang-gu Cheongju-si/청주시 상당구,Bukmunro 2(i)-ga/북문로2가
Chungcheongbuk-do/충북,Sangdang-gu Cheongju-si/청주시 상당구,Bukmunro 3(sam)-ga/북문로3가
Chungcheongbuk-do/충북,Sangdang-gu Cheongju-si/청주시 상당구,Cheongjuucheguksaseoham/청주우체국사서함
Chungcheongbuk-do/충북,Sangdang-gu Cheongju-si/청주시 상당구,Daeseong-dong/대성동
Chungcheongbuk-do/충북,Sangdang-gu Cheongju-si/청주시 상당구,Geumcheon-dong/금천동
Chungcheongbuk-do/충북,Sangdang-gu Cheongju-si/청주시 상당구,Jeongbuk-dong/정북동
Chungcheongbuk-do/충북,Sangdang-gu Cheongju-si/청주시 상당구,Jeongha-dong/정하동
Chungcheongbuk-do/충북,Sangdang-gu Cheongju-si/청주시 상당구,Jeongsang-dong/정상동
Chungcheongbuk-do/충북,Sangdang-gu Cheongju-si/청주시 상당구,Jibuk-dong/지북동
Chungcheongbuk-do/충북,Sangdang-gu Cheongju-si/청주시 상당구,Jujung-dong/주중동
Chungcheongbuk-do/충북,Sangdang-gu Cheongju-si/청주시 상당구,Juseong-dong/주성동
Chungcheongbuk-do/충북,Sangdang-gu Cheongju-si/청주시 상당구,Munhwa-dong/문화동
Chungcheongbuk-do/충북,Sangdang-gu Cheongju-si/청주시 상당구,Myeongam-dong/명암동
Chungcheongbuk-do/충북,Sangdang-gu Cheongju-si/청주시 상당구,Naedeog 1(il)-dong/내덕1동
Chungcheongbuk-do/충북,Sangdang-gu Cheongju-si/청주시 상당구,Naedeog 2(i)-dong/내덕2동
Chungcheongbuk-do/충북,Sangdang-gu Cheongju-si/청주시 상당구,Naedeok-dong/내덕동
Chungcheongbuk-do/충북,Sangdang-gu Cheongju-si/청주시 상당구,Namju-dong/남주동
Chungcheongbuk-do/충북,Sangdang-gu Cheongju-si/청주시 상당구,Nammunro 1(il)-ga/남문로1가
Chungcheongbuk-do/충북,Sangdang-gu Cheongju-si/청주시 상당구,Nammunro 2(i)-ga/남문로2가
Chungcheongbuk-do/충북,Sangdang-gu Cheongju-si/청주시 상당구,Odong-dong/오동동
Chungcheongbuk-do/충북,Sangdang-gu Cheongju-si/청주시 상당구,Oeha-dong/외하동
Chungcheongbuk-do/충북,Sangdang-gu Cheongju-si/청주시 상당구,Oenam-dong/외남동
Chungcheongbuk-do/충북,Sangdang-gu Cheongju-si/청주시 상당구,Oepyeong-dong/외평동
Chungcheongbuk-do/충북,Sangdang-gu Cheongju-si/청주시 상당구,Pyeongchon-dong/평촌동
Chungcheongbuk-do/충북,Sangdang-gu Cheongju-si/청주시 상당구,Sacheon-dong/사천동
Chungcheongbuk-do/충북,Sangdang-gu Cheongju-si/청주시 상당구,Sanseong-dong/산성동
Chungcheongbuk-do/충북,Sangdang-gu Cheongju-si/청주시 상당구,Seokgyo-dong/석교동
Chungcheongbuk-do/충북,Sangdang-gu Cheongju-si/청주시 상당구,Seomun-dong/서문동
Chungcheongbuk-do/충북,Sangdang-gu Cheongju-si/청주시 상당구,Seoun-dong/서운동
Chungcheongbuk-do/충북,Sangdang-gu Cheongju-si/청주시 상당구,Su-dong/수동
Chungcheongbuk-do/충북,Sangdang-gu Cheongju-si/청주시 상당구,Tap-dong/탑동
Chungcheongbuk-do/충북,Sangdang-gu Cheongju-si/청주시 상당구,Uam-dong/우암동
Chungcheongbuk-do/충북,Sangdang-gu Cheongju-si/청주시 상당구,Undong-dong/운동동
Chungcheongbuk-do/충북,Sangdang-gu Cheongju-si/청주시 상당구,Woro-dong/월오동
Chungcheongbuk-do/충북,Sangdang-gu Cheongju-si/청주시 상당구,Yeong-dong/영동
Chungcheongbuk-do/충북,Sangdang-gu Cheongju-si/청주시 상당구,Yeongun-dong/영운동
Chungcheongbuk-do/충북,Sangdang-gu Cheongju-si/청주시 상당구,Yongam 1(il)-dong/용암1동
Chungcheongbuk-do/충북,Sangdang-gu Cheongju-si/청주시 상당구,Yongam 2(i)-dong/용암2동
Chungcheongbuk-do/충북,Sangdang-gu Cheongju-si/청주시 상당구,Yongam-dong/용암동
Chungcheongbuk-do/충북,Sangdang-gu Cheongju-si/청주시 상당구,Yongdam-dong/용담동
Chungcheongbuk-do/충북,Sangdang-gu Cheongju-si/청주시 상당구,Yongjeong-dong/용정동
Chungcheongbuk-do/충북,Sangdang-gu Cheongju-si/청주시 상당구,Yullyang-dong/율량동
Chungcheongbuk-do/충북,Yeongdong-gun/영동군,Chupungryeong-myeon/추풍령면
Chungcheongbuk-do/충북,Yeongdong-gun/영동군,Haksan-myeon/학산면
Chungcheongbuk-do/충북,Yeongdong-gun/영동군,Hwanggan-myeon/황간면
Chungcheongbuk-do/충북,Yeongdong-gun/영동군,Maegok-myeon/매곡면
Chungcheongbuk-do/충북,Yeongdong-gun/영동군,Sangchon-myeon/상촌면
Chungcheongbuk-do/충북,Yeongdong-gun/영동군,Simcheon-myeon/심천면
Chungcheongbuk-do/충북,Yeongdong-gun/영동군,Yanggang-myeon/양강면
Chungcheongbuk-do/충북,Yeongdong-gun/영동군,Yangsan-myeon/양산면
Chungcheongbuk-do/충북,Yeongdong-gun/영동군,Yeongdong-eup/영동읍
Chungcheongbuk-do/충북,Yeongdong-gun/영동군,Yonghwa-myeon/용화면
Chungcheongbuk-do/충북,Yeongdong-gun/영동군,Yongsan-myeon/용산면
Chungcheongnam-do/충남,Asan-si/아산시,Asanucheguksaseoham/아산우체국사서함
Chungcheongnam-do/충남,Asan-si/아산시,Baebang-myeon/배방면
Chungcheongnam-do/충남,Asan-si/아산시,Baemi-dong/배미동
Chungcheongnam-do/충남,Asan-si/아산시,Bangchuk-dong/방축동
Chungcheongnam-do/충남,Asan-si/아산시,Beopgok-dong/법곡동
Chungcheongnam-do/충남,Asan-si/아산시,Chosa-dong/초사동
Chungcheongnam-do/충남,Asan-si/아산시,Deuksan-dong/득산동
Chungcheongnam-do/충남,Asan-si/아산시,Dogo-myeon/도고면
Chungcheongnam-do/충남,Asan-si/아산시,Dunpo-myeon/둔포면
Chungcheongnam-do/충남,Asan-si/아산시,Eumbong-myeon/음봉면
Chungcheongnam-do/충남,Asan-si/아산시,Eupnae-dong/읍내동
Chungcheongnam-do/충남,Asan-si/아산시,Gisan-dong/기산동
Chungcheongnam-do/충남,Asan-si/아산시,Gwongok-dong/권곡동
Chungcheongnam-do/충남,Asan-si/아산시,Inju-myeon/인주면
Chungcheongnam-do/충남,Asan-si/아산시,Jangjon-dong/장존동
Chungcheongnam-do/충남,Asan-si/아산시,Jeomyang-dong/점양동
Chungcheongnam-do/충남,Asan-si/아산시,Jwabu-dong/좌부동
Chungcheongnam-do/충남,Asan-si/아산시,Mojong-dong/모종동
Chungcheongnam-do/충남,Asan-si/아산시,Nam-dong/남동
Chungcheongnam-do/충남,Asan-si/아산시,Oncheon 1(il)-dong/온천1동
Chungcheongnam-do/충남,Asan-si/아산시,Oncheon 2(i)-dong/온천2동
Chungcheongnam-do/충남,Asan-si/아산시,Oncheon-dong/온천동
Chungcheongnam-do/충남,Asan-si/아산시,Punggi-dong/풍기동
Chungcheongnam-do/충남,Asan-si/아산시,Seonjang-myeon/선장면
Chungcheongnam-do/충남,Asan-si/아산시,Sinchang-myeon/신창면
Chungcheongnam-do/충남,Asan-si/아산시,Sin-dong/신동
Chungcheongnam-do/충남,Asan-si/아산시,Sinin-dong/신인동
Chungcheongnam-do/충남,Asan-si/아산시,Sirok-dong/실옥동
Chungcheongnam-do/충남,Asan-si/아산시,Songak-myeon/송악면
Chungcheongnam-do/충남,Asan-si/아산시,Tangjeong-myeon/탕정면
Chungcheongnam-do/충남,Asan-si/아산시,Yeomchi-eup/염치읍
Chungcheongnam-do/충남,Asan-si/아산시,Yeongin-myeon/영인면
Chungcheongnam-do/충남,Asan-si/아산시,Yonghwa-dong/용화동
Chungcheongnam-do/충남,Boryeong-si/보령시,Boryeongucheguksaseoham/보령우체국사서함
Chungcheongnam-do/충남,Boryeong-si/보령시,Cheonbuk-myeon/천북면
Chungcheongnam-do/충남,Boryeong-si/보령시,Cheongra-myeon/청라면
Chungcheongnam-do/충남,Boryeong-si/보령시,Cheongso-myeon/청소면
Chungcheongnam-do/충남,Boryeong-si/보령시,Daecheon 1(il)-dong/대천1동
Chungcheongnam-do/충남,Boryeong-si/보령시,Daecheon 2(i)-dong/대천2동
Chungcheongnam-do/충남,Boryeong-si/보령시,Daecheon-dong/대천동
Chungcheongnam-do/충남,Boryeong-si/보령시,Dongdae-dong/동대동
Chungcheongnam-do/충남,Boryeong-si/보령시,Gungchon-dong/궁촌동
Chungcheongnam-do/충남,Boryeong-si/보령시,Hwasan-dong/화산동
Chungcheongnam-do/충남,Boryeong-si/보령시,Jugyo-myeon/주교면
Chungcheongnam-do/충남,Boryeong-si/보령시,Jukjeong-dong/죽정동
Chungcheongnam-do/충남,Boryeong-si/보령시,Jupo-myeon/주포면
Chungcheongnam-do/충남,Boryeong-si/보령시,Jusan-myeon/주산면
Chungcheongnam-do/충남,Boryeong-si/보령시,Misan-myeon/미산면
Chungcheongnam-do/충남,Boryeong-si/보령시,Myeongcheon-dong/명천동
Chungcheongnam-do/충남,Boryeong-si/보령시,Naehang-dong/내항동
Chungcheongnam-do/충남,Boryeong-si/보령시,Namgok-dong/남곡동
Chungcheongnam-do/충남,Boryeong-si/보령시,Nampo-myeon/남포면
Chungcheongnam-do/충남,Boryeong-si/보령시,Ocheon-myeon/오천면
Chungcheongnam-do/충남,Boryeong-si/보령시,Seongju-myeon/성주면
Chungcheongnam-do/충남,Boryeong-si/보령시,Sinheuk-dong/신흑동
Chungcheongnam-do/충남,Boryeong-si/보령시,Ungcheon-eup/웅천읍
Chungcheongnam-do/충남,Boryeong-si/보령시,Yoam-dong/요암동
Chungcheongnam-do/충남,Buyeo-gun/부여군,Buyeo-eup/부여읍
Chungcheongnam-do/충남,Buyeo-gun/부여군,Chochon-myeon/초촌면
Chungcheongnam-do/충남,Buyeo-gun/부여군,Chunghwa-myeon/충화면
Chungcheongnam-do/충남,Buyeo-gun/부여군,Eunsan-myeon/은산면
Chungcheongnam-do/충남,Buyeo-gun/부여군,Guryong-myeon/구룡면
Chungcheongnam-do/충남,Buyeo-gun/부여군,Gyuam-myeon/규암면
Chungcheongnam-do/충남,Buyeo-gun/부여군,Hongsan-myeon/홍산면
Chungcheongnam-do/충남,Buyeo-gun/부여군,Imcheon-myeon/임천면
Chungcheongnam-do/충남,Buyeo-gun/부여군,Jangam-myeon/장암면
Chungcheongnam-do/충남,Buyeo-gun/부여군,Naesan-myeon/내산면
Chungcheongnam-do/충남,Buyeo-gun/부여군,Nam-myeon/남면
Chungcheongnam-do/충남,Buyeo-gun/부여군,Oesan-myeon/외산면
Chungcheongnam-do/충남,Buyeo-gun/부여군,Oksan-myeon/옥산면
Chungcheongnam-do/충남,Buyeo-gun/부여군,Sedo-myeon/세도면
Chungcheongnam-do/충남,Buyeo-gun/부여군,Seokseong-myeon/석성면
Chungcheongnam-do/충남,Buyeo-gun/부여군,Yanghwa-myeon/양화면
Chungcheongnam-do/충남,Cheongyang-gun/청양군,Bibong-myeon/비봉면
Chungcheongnam-do/충남,Cheongyang-gun/청양군,Cheongnam-myeon/청남면
Chungcheongnam-do/충남,Cheongyang-gun/청양군,Cheongyang-eup/청양읍
Chungcheongnam-do/충남,Cheongyang-gun/청양군,Daechi-myeon/대치면
Chungcheongnam-do/충남,Cheongyang-gun/청양군,Hwaseong-myeon/화성면
Chungcheongnam-do/충남,Cheongyang-gun/청양군,Jangpyeong-myeon/장평면
Chungcheongnam-do/충남,Cheongyang-gun/청양군,Jeongsan-myeon/정산면
Chungcheongnam-do/충남,Cheongyang-gun/청양군,Mok-myeon/목면
Chungcheongnam-do/충남,Cheongyang-gun/청양군,Namyang-myeon/남양면
Chungcheongnam-do/충남,Cheongyang-gun/청양군,Ungok-myeon/운곡면
Chungcheongnam-do/충남,Dangjin-gun/당진군,Daehoji-myeon/대호지면
Chungcheongnam-do/충남,Dangjin-gun/당진군,Dangjin-eup/당진읍
Chungcheongnam-do/충남,Dangjin-gun/당진군,Godae-myeon/고대면
Chungcheongnam-do/충남,Dangjin-gun/당진군,Hapdeog-eup/합덕읍
Chungcheongnam-do/충남,Dangjin-gun/당진군,Jeongmi-myeon/정미면
Chungcheongnam-do/충남,Dangjin-gun/당진군,Myeoncheon-myeon/면천면
Chungcheongnam-do/충남,Dangjin-gun/당진군,Seokmun-myeon/석문면
Chungcheongnam-do/충남,Dangjin-gun/당진군,Sinpyeong-myeon/신평면
Chungcheongnam-do/충남,Dangjin-gun/당진군,Songak-myeon/송악면
Chungcheongnam-do/충남,Dangjin-gun/당진군,Songsan-myeon/송산면
Chungcheongnam-do/충남,Dangjin-gun/당진군,Sunseong-myeon/순성면
Chungcheongnam-do/충남,Dangjin-gun/당진군,Ugang-myeon/우강면
Chungcheongnam-do/충남,Dongnam-gu Cheonan-si/천안시 동남구,Anseo-dong/안서동
Chungcheongnam-do/충남,Dongnam-gu Cheonan-si/천안시 동남구,Bongmyeong-dong/봉명동
Chungcheongnam-do/충남,Dongnam-gu Cheonan-si/천안시 동남구,Buk-myeon/북면
Chungcheongnam-do/충남,Dongnam-gu Cheonan-si/천안시 동남구,Byeongcheon-myeon/병천면
Chungcheongnam-do/충남,Dongnam-gu Cheonan-si/천안시 동남구,Cheonanucheguksaseoham/천안우체국사서함
Chungcheongnam-do/충남,Dongnam-gu Cheonan-si/천안시 동남구,Cheongdang-dong/청당동
Chungcheongnam-do/충남,Dongnam-gu Cheonan-si/천안시 동남구,Cheongsu-dong/청수동
Chungcheongnam-do/충남,Dongnam-gu Cheonan-si/천안시 동남구,Daeheung-dong/대흥동
Chungcheongnam-do/충남,Dongnam-gu Cheonan-si/천안시 동남구,Daga-dong/다가동
Chungcheongnam-do/충남,Dongnam-gu Cheonan-si/천안시 동남구,Dong-myeon/동면
Chungcheongnam-do/충남,Dongnam-gu Cheonan-si/천안시 동남구,Guryong-dong/구룡동
Chungcheongnam-do/충남,Dongnam-gu Cheonan-si/천안시 동남구,Guseong-dong/구성동
Chungcheongnam-do/충남,Dongnam-gu Cheonan-si/천안시 동남구,Gwangdeok-myeon/광덕면
Chungcheongnam-do/충남,Dongnam-gu Cheonan-si/천안시 동남구,Mokcheon-eup/목천읍
Chungcheongnam-do/충남,Dongnam-gu Cheonan-si/천안시 동남구,Munhwa-dong/문화동
Chungcheongnam-do/충남,Dongnam-gu Cheonan-si/천안시 동남구,Oryong-dong/오룡동
Chungcheongnam-do/충남,Dongnam-gu Cheonan-si/천안시 동남구,Pungse-myeon/풍세면
Chungcheongnam-do/충남,Dongnam-gu Cheonan-si/천안시 동남구,Sajik-dong/사직동
Chungcheongnam-do/충남,Dongnam-gu Cheonan-si/천안시 동남구,Samryong-dong/삼룡동
Chungcheongnam-do/충남,Dongnam-gu Cheonan-si/천안시 동남구,Seonghwang-dong/성황동
Chungcheongnam-do/충남,Dongnam-gu Cheonan-si/천안시 동남구,Seongnam-myeon/성남면
Chungcheongnam-do/충남,Dongnam-gu Cheonan-si/천안시 동남구,Sinbang-dong/신방동
Chungcheongnam-do/충남,Dongnam-gu Cheonan-si/천안시 동남구,Sinbu-dong/신부동
Chungcheongnam-do/충남,Dongnam-gu Cheonan-si/천안시 동남구,Susin-myeon/수신면
Chungcheongnam-do/충남,Dongnam-gu Cheonan-si/천안시 동남구,Wonseong 1(il)-dong/원성1동
Chungcheongnam-do/충남,Dongnam-gu Cheonan-si/천안시 동남구,Wonseong 2(i)-dong/원성2동
Chungcheongnam-do/충남,Dongnam-gu Cheonan-si/천안시 동남구,Wonseong-dong/원성동
Chungcheongnam-do/충남,Dongnam-gu Cheonan-si/천안시 동남구,Yeongseong-dong/영성동
Chungcheongnam-do/충남,Dongnam-gu Cheonan-si/천안시 동남구,Yonggok-dong/용곡동
Chungcheongnam-do/충남,Dongnam-gu Cheonan-si/천안시 동남구,Yuryang-dong/유량동
Chungcheongnam-do/충남,Geumsan-gun/금산군,Boksu-myeon/복수면
Chungcheongnam-do/충남,Geumsan-gun/금산군,Buri-myeon/부리면
Chungcheongnam-do/충남,Geumsan-gun/금산군,Chubu-myeon/추부면
Chungcheongnam-do/충남,Geumsan-gun/금산군,Geumsan-eup/금산읍
Chungcheongnam-do/충남,Geumsan-gun/금산군,Geumseong-myeon/금성면
Chungcheongnam-do/충남,Geumsan-gun/금산군,Gunbuk-myeon/군북면
Chungcheongnam-do/충남,Geumsan-gun/금산군,Jewon-myeon/제원면
Chungcheongnam-do/충남,Geumsan-gun/금산군,Jinsan-myeon/진산면
Chungcheongnam-do/충남,Geumsan-gun/금산군,Namil-myeon/남일면
Chungcheongnam-do/충남,Geumsan-gun/금산군,Nami-myeon/남이면
Chungcheongnam-do/충남,Gongju-si/공주시,Banjuk-dong/반죽동
Chungcheongnam-do/충남,Gongju-si/공주시,Banpo-myeon/반포면
Chungcheongnam-do/충남,Gongju-si/공주시,Bonghwang-dong/봉황동
Chungcheongnam-do/충남,Gongju-si/공주시,Bongjeong-dong/봉정동
Chungcheongnam-do/충남,Gongju-si/공주시,Geomsang-dong/검상동
Chungcheongnam-do/충남,Gongju-si/공주시,Geumhak-dong/금학동
Chungcheongnam-do/충남,Gongju-si/공주시,Geumheung-dong/금흥동
Chungcheongnam-do/충남,Gongju-si/공주시,Geumseong-dong/금성동
Chungcheongnam-do/충남,Gongju-si/공주시,Gongjuucheguksaseoham/공주우체국사서함
Chungcheongnam-do/충남,Gongju-si/공주시,Gyeryong-myeon/계룡면
Chungcheongnam-do/충남,Gongju-si/공주시,Gyo-dong/교동
Chungcheongnam-do/충남,Gongju-si/공주시,Iin-myeon/이인면
Chungcheongnam-do/충남,Gongju-si/공주시,Janggi-myeon/장기면
Chungcheongnam-do/충남,Gongju-si/공주시,Jeongan-myeon/정안면
Chungcheongnam-do/충남,Gongju-si/공주시,Jumi-dong/주미동
Chungcheongnam-do/충남,Gongju-si/공주시,Jung-dong/중동
Chungcheongnam-do/충남,Gongju-si/공주시,Junghak-dong/중학동
Chungcheongnam-do/충남,Gongju-si/공주시,Mureung-dong/무릉동
Chungcheongnam-do/충남,Gongju-si/공주시,Ogok-dong/오곡동
Chungcheongnam-do/충남,Gongju-si/공주시,Okryong-dong/옥룡동
Chungcheongnam-do/충남,Gongju-si/공주시,Sagok-myeon/사곡면
Chungcheongnam-do/충남,Gongju-si/공주시,Sangwang-dong/상왕동
Chungcheongnam-do/충남,Gongju-si/공주시,Sanseong-dong/산성동
Chungcheongnam-do/충남,Gongju-si/공주시,Singi-dong/신기동
Chungcheongnam-do/충남,Gongju-si/공주시,Singwan-dong/신관동
Chungcheongnam-do/충남,Gongju-si/공주시,Sinpung-myeon/신풍면
Chungcheongnam-do/충남,Gongju-si/공주시,Sohak-dong/소학동
Chungcheongnam-do/충남,Gongju-si/공주시,Ssangsin-dong/쌍신동
Chungcheongnam-do/충남,Gongju-si/공주시,Taebong-dong/태봉동
Chungcheongnam-do/충남,Gongju-si/공주시,Tancheon-myeon/탄천면
Chungcheongnam-do/충남,Gongju-si/공주시,Uidang-myeon/의당면
Chungcheongnam-do/충남,Gongju-si/공주시,Ungjin-dong/웅진동
Chungcheongnam-do/충남,Gongju-si/공주시,Useong-myeon/우성면
Chungcheongnam-do/충남,Gongju-si/공주시,Wolmi-dong/월미동
Chungcheongnam-do/충남,Gongju-si/공주시,Wolsong-dong/월송동
Chungcheongnam-do/충남,Gongju-si/공주시,Yugu-eup/유구읍
Chungcheongnam-do/충남,Gyeryong-si/계룡시,Duma-myeon/두마면
Chungcheongnam-do/충남,Gyeryong-si/계룡시,Eomsa-myeon/엄사면
Chungcheongnam-do/충남,Gyeryong-si/계룡시,Geumam-dong/금암동
Chungcheongnam-do/충남,Gyeryong-si/계룡시,Namseon-myeon/남선면
Chungcheongnam-do/충남,Hongseong-gun/홍성군,Eunha-myeon/은하면
Chungcheongnam-do/충남,Hongseong-gun/홍성군,Galsan-myeon/갈산면
Chungcheongnam-do/충남,Hongseong-gun/홍성군,Geumma-myeon/금마면
Chungcheongnam-do/충남,Hongseong-gun/홍성군,Guhang-myeon/구항면
Chungcheongnam-do/충남,Hongseong-gun/홍성군,Gwangcheon-eup/광천읍
Chungcheongnam-do/충남,Hongseong-gun/홍성군,Gyeolseong-myeon/결성면
Chungcheongnam-do/충남,Hongseong-gun/홍성군,Hongbuk-myeon/홍북면
Chungcheongnam-do/충남,Hongseong-gun/홍성군,Hongdong-myeon/홍동면
Chungcheongnam-do/충남,Hongseong-gun/홍성군,Hongseong-eup/홍성읍
Chungcheongnam-do/충남,Hongseong-gun/홍성군,Janggok-myeon/장곡면
Chungcheongnam-do/충남,Hongseong-gun/홍성군,Seobu-myeon/서부면
Chungcheongnam-do/충남,Nonsan-si/논산시,Banwol-dong/반월동
Chungcheongnam-do/충남,Nonsan-si/논산시,Beolgok-myeon/벌곡면
Chungcheongnam-do/충남,Nonsan-si/논산시,Buchang-dong/부창동
Chungcheongnam-do/충남,Nonsan-si/논산시,Bujeok-myeon/부적면
Chungcheongnam-do/충남,Nonsan-si/논산시,Chaeun-myeon/채운면
Chungcheongnam-do/충남,Nonsan-si/논산시,Chwiam-dong/취암동
Chungcheongnam-do/충남,Nonsan-si/논산시,Daegyo-dong/대교동
Chungcheongnam-do/충남,Nonsan-si/논산시,Deokji-dong/덕지동
Chungcheongnam-do/충남,Nonsan-si/논산시,Deunghwa-dong/등화동
Chungcheongnam-do/충남,Nonsan-si/논산시,Eunjin-myeon/은진면
Chungcheongnam-do/충남,Nonsan-si/논산시,Ganggyeong-eup/강경읍
Chungcheongnam-do/충남,Nonsan-si/논산시,Gangsan-dong/강산동
Chungcheongnam-do/충남,Nonsan-si/논산시,Gayagok-myeon/가야곡면
Chungcheongnam-do/충남,Nonsan-si/논산시,Gwanchok-dong/관촉동
Chungcheongnam-do/충남,Nonsan-si/논산시,Gwangseok-myeon/광석면
Chungcheongnam-do/충남,Nonsan-si/논산시,Hwaji-dong/화지동
Chungcheongnam-do/충남,Nonsan-si/논산시,Jisan-dong/지산동
Chungcheongnam-do/충남,Nonsan-si/논산시,Nae-dong/내동
Chungcheongnam-do/충남,Nonsan-si/논산시,Nonsanucheguksaseoham/논산우체국사서함
Chungcheongnam-do/충남,Nonsan-si/논산시,Noseong-myeon/노성면
Chungcheongnam-do/충남,Nonsan-si/논산시,Sangwol-myeon/상월면
Chungcheongnam-do/충남,Nonsan-si/논산시,Seongdong-myeon/성동면
Chungcheongnam-do/충남,Nonsan-si/논산시,Yangchon-myeon/양촌면
Chungcheongnam-do/충남,Nonsan-si/논산시,Yeonmu-eup/연무읍
Chungcheongnam-do/충남,Nonsan-si/논산시,Yeonsan-myeon/연산면
Chungcheongnam-do/충남,Seobuk-gu Cheonan-si/천안시 서북구,Baekseok-dong/백석동
Chungcheongnam-do/충남,Seobuk-gu Cheonan-si/천안시 서북구,Budae-dong/부대동
Chungcheongnam-do/충남,Seobuk-gu Cheonan-si/천안시 서북구,Buldang-dong/불당동
Chungcheongnam-do/충남,Seobuk-gu Cheonan-si/천안시 서북구,Chaam-dong/차암동
Chungcheongnam-do/충남,Seobuk-gu Cheonan-si/천안시 서북구,Dujeong-dong/두정동
Chungcheongnam-do/충남,Seobuk-gu Cheonan-si/천안시 서북구,Eopseong-dong/업성동
Chungcheongnam-do/충남,Seobuk-gu Cheonan-si/천안시 서북구,Ipjang-myeon/입장면
Chungcheongnam-do/충남,Seobuk-gu Cheonan-si/천안시 서북구,Jiksan-eup/직산읍
Chungcheongnam-do/충남,Seobuk-gu Cheonan-si/천안시 서북구,Seonggeo-eup/성거읍
Chungcheongnam-do/충남,Seobuk-gu Cheonan-si/천안시 서북구,Seonghwan-eup/성환읍
Chungcheongnam-do/충남,Seobuk-gu Cheonan-si/천안시 서북구,Seongjeong 1(il)-dong/성정1동
Chungcheongnam-do/충남,Seobuk-gu Cheonan-si/천안시 서북구,Seongjeong 2(i)-dong/성정2동
Chungcheongnam-do/충남,Seobuk-gu Cheonan-si/천안시 서북구,Seongjeong-dong/성정동
Chungcheongnam-do/충남,Seobuk-gu Cheonan-si/천안시 서북구,Seongseong-dong/성성동
Chungcheongnam-do/충남,Seobuk-gu Cheonan-si/천안시 서북구,Sindang-dong/신당동
Chungcheongnam-do/충남,Seobuk-gu Cheonan-si/천안시 서북구,Ssangyong 1(il)-dong/쌍용1동
Chungcheongnam-do/충남,Seobuk-gu Cheonan-si/천안시 서북구,Ssangyong 2(i)-dong/쌍용2동
Chungcheongnam-do/충남,Seobuk-gu Cheonan-si/천안시 서북구,Ssangyong 3(sam)-dong/쌍용3동
Chungcheongnam-do/충남,Seobuk-gu Cheonan-si/천안시 서북구,Ssangyong-dong/쌍용동
Chungcheongnam-do/충남,Seobuk-gu Cheonan-si/천안시 서북구,Wachon-dong/와촌동
Chungcheongnam-do/충남,Seocheon-gun/서천군,Biin-myeon/비인면
Chungcheongnam-do/충남,Seocheon-gun/서천군,Gisan-myeon/기산면
Chungcheongnam-do/충남,Seocheon-gun/서천군,Hansan-myeon/한산면
Chungcheongnam-do/충남,Seocheon-gun/서천군,Hwayang-myeon/화양면
Chungcheongnam-do/충남,Seocheon-gun/서천군,Janghang-eup/장항읍
Chungcheongnam-do/충남,Seocheon-gun/서천군,Jongcheon-myeon/종천면
Chungcheongnam-do/충남,Seocheon-gun/서천군,Masan-myeon/마산면
Chungcheongnam-do/충남,Seocheon-gun/서천군,Maseo-myeon/마서면
Chungcheongnam-do/충남,Seocheon-gun/서천군,Munsan-myeon/문산면
Chungcheongnam-do/충남,Seocheon-gun/서천군,Pangyo-myeon/판교면
Chungcheongnam-do/충남,Seocheon-gun/서천군,Seocheon-eup/서천읍
Chungcheongnam-do/충남,Seocheon-gun/서천군,Seo-myeon/서면
Chungcheongnam-do/충남,Seocheon-gun/서천군,Sicho-myeon/시초면
Chungcheongnam-do/충남,Seosan-si/서산시,Buseok-myeon/부석면
Chungcheongnam-do/충남,Seosan-si/서산시,Daesan-eup/대산읍
Chungcheongnam-do/충남,Seosan-si/서산시,Daesanucheguksaseoham/대산우체국사서함
Chungcheongnam-do/충남,Seosan-si/서산시,Deokjicheon-dong/덕지천동
Chungcheongnam-do/충남,Seosan-si/서산시,Dongmun-dong/동문동
Chungcheongnam-do/충남,Seosan-si/서산시,Eumam-myeon/음암면
Chungcheongnam-do/충남,Seosan-si/서산시,Eupnae-dong/읍내동
Chungcheongnam-do/충남,Seosan-si/서산시,Galsan-dong/갈산동
Chungcheongnam-do/충남,Seosan-si/서산시,Gobuk-myeon/고북면
Chungcheongnam-do/충남,Seosan-si/서산시,Haemi-myeon/해미면
Chungcheongnam-do/충남,Seosan-si/서산시,Inji-myeon/인지면
Chungcheongnam-do/충남,Seosan-si/서산시,Jamhong-dong/잠홍동
Chungcheongnam-do/충남,Seosan-si/서산시,Jang-dong/장동
Chungcheongnam-do/충남,Seosan-si/서산시,Jigok-myeon/지곡면
Chungcheongnam-do/충남,Seosan-si/서산시,Jukseong-dong/죽성동
Chungcheongnam-do/충남,Seosan-si/서산시,Onam-dong/오남동
Chungcheongnam-do/충남,Seosan-si/서산시,Onseok-dong/온석동
Chungcheongnam-do/충남,Seosan-si/서산시,Palbong-myeon/팔봉면
Chungcheongnam-do/충남,Seosan-si/서산시,Seoknam-dong/석남동
Chungcheongnam-do/충남,Seosan-si/서산시,Seokrim-dong/석림동
Chungcheongnam-do/충남,Seosan-si/서산시,Seongyeon-myeon/성연면
Chungcheongnam-do/충남,Seosan-si/서산시,Seosanucheguksaseoham/서산우체국사서함
Chungcheongnam-do/충남,Seosan-si/서산시,Suseok-dong/수석동
Chungcheongnam-do/충남,Seosan-si/서산시,Unsan-myeon/운산면
Chungcheongnam-do/충남,Seosan-si/서산시,Yangdae-dong/양대동
Chungcheongnam-do/충남,Seosan-si/서산시,Yecheon-dong/예천동
Chungcheongnam-do/충남,Taean-gun/태안군,Anmyeon-eup/안면읍
Chungcheongnam-do/충남,Taean-gun/태안군,Geunheung-myeon/근흥면
Chungcheongnam-do/충남,Taean-gun/태안군,Gonam-myeon/고남면
Chungcheongnam-do/충남,Taean-gun/태안군,Iwon-myeon/이원면
Chungcheongnam-do/충남,Taean-gun/태안군,Nam-myeon/남면
Chungcheongnam-do/충남,Taean-gun/태안군,Sowon-myeon/소원면
Chungcheongnam-do/충남,Taean-gun/태안군,Taean-eup/태안읍
Chungcheongnam-do/충남,Taean-gun/태안군,Wonbuk-myeon/원북면
Chungcheongnam-do/충남,Yeongi-gun/연기군,Dong-myeon/동면
Chungcheongnam-do/충남,Yeongi-gun/연기군,Geumnam-myeon/금남면
Chungcheongnam-do/충남,Yeongi-gun/연기군,Jeondong-myeon/전동면
Chungcheongnam-do/충남,Yeongi-gun/연기군,Jeonui-myeon/전의면
Chungcheongnam-do/충남,Yeongi-gun/연기군,Jochiwon-eup/조치원읍
Chungcheongnam-do/충남,Yeongi-gun/연기군,Nam-myeon/남면
Chungcheongnam-do/충남,Yeongi-gun/연기군,Seo-myeon/서면
Chungcheongnam-do/충남,Yeongi-gun/연기군,Sojeong-myeon/소정면
Chungcheongnam-do/충남,Yesan-gun/예산군,Bongsan-myeon/봉산면
Chungcheongnam-do/충남,Yesan-gun/예산군,Daeheung-myeon/대흥면
Chungcheongnam-do/충남,Yesan-gun/예산군,Daesul-myeon/대술면
Chungcheongnam-do/충남,Yesan-gun/예산군,Deoksan-myeon/덕산면
Chungcheongnam-do/충남,Yesan-gun/예산군,Eungbong-myeon/응봉면
Chungcheongnam-do/충남,Yesan-gun/예산군,Godeok-myeon/고덕면
Chungcheongnam-do/충남,Yesan-gun/예산군,Gwangsi-myeon/광시면
Chungcheongnam-do/충남,Yesan-gun/예산군,Oga-myeon/오가면
Chungcheongnam-do/충남,Yesan-gun/예산군,Sapgyo-eup/삽교읍
Chungcheongnam-do/충남,Yesan-gun/예산군,Sinam-myeon/신암면
Chungcheongnam-do/충남,Yesan-gun/예산군,Sinyang-myeon/신양면
Chungcheongnam-do/충남,Yesan-gun/예산군,Yesan-eup/예산읍
Daegu/대구,Buk-gu/북구,Bokhyeon 1(il)-dong/복현1동
Daegu/대구,Buk-gu/북구,Bokhyeon 2(i)-dong/복현2동
Daegu/대구,Buk-gu/북구,Bokhyeon-dong/복현동
Daegu/대구,Buk-gu/북구,Bonchon-dong/본촌동
Daegu/대구,Buk-gu/북구,Bukbusanucheguksaseoham/북부산우체국사서함
Daegu/대구,Buk-gu/북구,Bukdaeguucheguksaseoham/북대구우체국사서함
Daegu/대구,Buk-gu/북구,Buk-dong/북동
Daegu/대구,Buk-gu/북구,Bukgwangjuucheguksaseoham/북광주우체국사서함
Daegu/대구,Buk-gu/북구,Changpyeong-dong/창평동
Daegu/대구,Buk-gu/북구,Cheongok-dong/천곡동
Daegu/대구,Buk-gu/북구,Cheongpung-dong/청풍동
Daegu/대구,Buk-gu/북구,Chilseongdong 1(il)-ga/칠성동1가
Daegu/대구,Buk-gu/북구,Chilseongdong 2(i)-ga/칠성동2가
Daegu/대구,Buk-gu/북구,Chimsan 1(il)-dong/침산1동
Daegu/대구,Buk-gu/북구,Chimsan 2(i)-dong/침산2동
Daegu/대구,Buk-gu/북구,Chimsan 3(sam)-dong/침산3동
Daegu/대구,Buk-gu/북구,Chimsan-dong/침산동
Daegu/대구,Buk-gu/북구,Chunghyo-dong/충효동
Daegu/대구,Buk-gu/북구,Daean-dong/대안동
Daegu/대구,Buk-gu/북구,Daechon-dong/대촌동
Daegu/대구,Buk-gu/북구,Daehyeon 1(il)-dong/대현1동
Daegu/대구,Buk-gu/북구,Daehyeon 2(i)-dong/대현2동
Daegu/대구,Buk-gu/북구,Daehyeon-dong/대현동
Daegu/대구,Buk-gu/북구,Dalcheon-dong/달천동
Daegu/대구,Buk-gu/북구,Dangsa-dong/당사동
Daegu/대구,Buk-gu/북구,Deogui-dong/덕의동
Daegu/대구,Buk-gu/북구,Deokcheon 1(il)-dong/덕천1동
Daegu/대구,Buk-gu/북구,Deokcheon 2(i)-dong/덕천2동
Daegu/대구,Buk-gu/북구,Deokcheon 3(sam)-dong/덕천3동
Daegu/대구,Buk-gu/북구,Deokcheon-dong/덕천동
Daegu/대구,Buk-gu/북구,Donam-dong/도남동
Daegu/대구,Buk-gu/북구,Dongbyeon-dong/동변동
Daegu/대구,Buk-gu/북구,Dongcheon-dong/동천동
Daegu/대구,Buk-gu/북구,Dongho-dong/동호동
Daegu/대구,Buk-gu/북구,Dongrim-dong/동림동
Daegu/대구,Buk-gu/북구,Duam 1(il)-dong/두암1동
Daegu/대구,Buk-gu/북구,Duam 2(i)-dong/두암2동
Daegu/대구,Buk-gu/북구,Duam 3(sam)-dong/두암3동
Daegu/대구,Buk-gu/북구,Duam-dong/두암동
Daegu/대구,Buk-gu/북구,Eomul-dong/어물동
Daegu/대구,Buk-gu/북구,Eupnae-dong/읍내동
Daegu/대구,Buk-gu/북구,Gadae-dong/가대동
Daegu/대구,Buk-gu/북구,Gakhwa-dong/각화동
Daegu/대구,Buk-gu/북구,Geomdan-dong/검단동
Daegu/대구,Buk-gu/북구,Geumgok-dong/금곡동
Daegu/대구,Buk-gu/북구,Geumgok-dong/금곡동
Daegu/대구,Buk-gu/북구,Geumho-dong/금호동
Daegu/대구,Buk-gu/북구,Goseongdong 1(il)-ga/고성동1가
Daegu/대구,Buk-gu/북구,Goseongdong 2(i)-ga/고성동2가
Daegu/대구,Buk-gu/북구,Goseongdong 3(sam)-ga/고성동3가
Daegu/대구,Buk-gu/북구,Guam-dong/구암동
Daegu/대구,Buk-gu/북구,Gugu-dong/국우동
Daegu/대구,Buk-gu/북구,Gupo 1(il)-dong/구포1동
Daegu/대구,Buk-gu/북구,Gupo 2(i)-dong/구포2동
Daegu/대구,Buk-gu/북구,Gupo 3(sam)-dong/구포3동
Daegu/대구,Buk-gu/북구,Gupo-dong/구포동
Daegu/대구,Buk-gu/북구,Guyu-dong/구유동
Daegu/대구,Buk-gu/북구,Gwaneum-dong/관음동
Daegu/대구,Buk-gu/북구,Hakjeong-dong/학정동
Daegu/대구,Buk-gu/북구,Hogye-dong/호계동
Daegu/대구,Buk-gu/북구,Hwaam-dong/화암동
Daegu/대구,Buk-gu/북구,Hwabong-dong/화봉동
Daegu/대구,Buk-gu/북구,Hwamyeong 1(il)-dong/화명1동
Daegu/대구,Buk-gu/북구,Hwamyeong 2(i)-dong/화명2동
Daegu/대구,Buk-gu/북구,Hwamyeong 3(sam)-dong/화명3동
Daegu/대구,Buk-gu/북구,Hwamyeong-dong/화명동
Daegu/대구,Buk-gu/북구,Hyomun-dong/효문동
Daegu/대구,Buk-gu/북구,Hyoryeong-dong/효령동
Daegu/대구,Buk-gu/북구,Ilgok-dong/일곡동
Daegu/대구,Buk-gu/북구,Im-dong/임동
Daegu/대구,Buk-gu/북구,Jangdeung-dong/장등동
Daegu/대구,Buk-gu/북구,Jeongja-dong/정자동
Daegu/대구,Buk-gu/북구,Jinjang-dong/진장동
Daegu/대구,Buk-gu/북구,Jiya-dong/지야동
Daegu/대구,Buk-gu/북구,Joya-dong/조야동
Daegu/대구,Buk-gu/북구,Jungheung 1(il)-dong/중흥1동
Daegu/대구,Buk-gu/북구,Jungheung 2(i)-dong/중흥2동
Daegu/대구,Buk-gu/북구,Jungheung 3(sam)-dong/중흥3동
Daegu/대구,Buk-gu/북구,Jungheung-dong/중흥동
Daegu/대구,Buk-gu/북구,Jungsan-dong/중산동
Daegu/대구,Buk-gu/북구,Maecheon-dong/매천동
Daegu/대구,Buk-gu/북구,Maegok-dong/매곡동
Daegu/대구,Buk-gu/북구,Maegok-dong/매곡동
Daegu/대구,Buk-gu/북구,Mandeog 1(il)-dong/만덕1동
Daegu/대구,Buk-gu/북구,Mandeog 2(i)-dong/만덕2동
Daegu/대구,Buk-gu/북구,Mandeog 3(sam)-dong/만덕3동
Daegu/대구,Buk-gu/북구,Mandeok-dong/만덕동
Daegu/대구,Buk-gu/북구,Mangwol-dong/망월동
Daegu/대구,Buk-gu/북구,Munheung 1(il)-dong/문흥1동
Daegu/대구,Buk-gu/북구,Munheung 2(i)-dong/문흥2동
Daegu/대구,Buk-gu/북구,Munheung-dong/문흥동
Daegu/대구,Buk-gu/북구,Muryong-dong/무룡동
Daegu/대구,Buk-gu/북구,Myeongchon-dong/명촌동
Daegu/대구,Buk-gu/북구,Nogok-dong/노곡동
Daegu/대구,Buk-gu/북구,Nowondong 1(il)-ga/노원동1가
Daegu/대구,Buk-gu/북구,Nowondong 2(i)-ga/노원동2가
Daegu/대구,Buk-gu/북구,Nowondong 3(sam)-ga/노원동3가
Daegu/대구,Buk-gu/북구,Numun-dong/누문동
Daegu/대구,Buk-gu/북구,Ochi 1(il)-dong/오치1동
Daegu/대구,Buk-gu/북구,Ochi 2(i)-dong/오치2동
Daegu/대구,Buk-gu/북구,Ochi-dong/오치동
Daegu/대구,Buk-gu/북구,Oryong-dong/오룡동
Daegu/대구,Buk-gu/북구,Paldal-dong/팔달동
Daegu/대구,Buk-gu/북구,Punghyang-dong/풍향동
Daegu/대구,Buk-gu/북구,Saengyong-dong/생용동
Daegu/대구,Buk-gu/북구,Samgak-dong/삼각동
Daegu/대구,Buk-gu/북구,Sangan-dong/상안동
Daegu/대구,Buk-gu/북구,Sangyeog 1(il)-dong/산격1동
Daegu/대구,Buk-gu/북구,Sangyeog 2(i)-dong/산격2동
Daegu/대구,Buk-gu/북구,Sangyeog 3(sam)-dong/산격3동
Daegu/대구,Buk-gu/북구,Sangyeog 4(sa)-dong/산격4동
Daegu/대구,Buk-gu/북구,Sangyeok-dong/산격동
Daegu/대구,Buk-gu/북구,Sanha-dong/산하동
Daegu/대구,Buk-gu/북구,Sasu-dong/사수동
Daegu/대구,Buk-gu/북구,Seobyeon-dong/서변동
Daegu/대구,Buk-gu/북구,Sinan-dong/신안동
Daegu/대구,Buk-gu/북구,Sincheon-dong/신천동
Daegu/대구,Buk-gu/북구,Sinhyeon-dong/신현동
Daegu/대구,Buk-gu/북구,Sinmyeong-dong/신명동
Daegu/대구,Buk-gu/북구,Sinyong-dong/신용동
Daegu/대구,Buk-gu/북구,Sirye-dong/시례동
Daegu/대구,Buk-gu/북구,Songjeong-dong/송정동
Daegu/대구,Buk-gu/북구,Sugok-dong/수곡동
Daegu/대구,Buk-gu/북구,Taejeon 1(il)-dong/태전1동
Daegu/대구,Buk-gu/북구,Taejeon 2(i)-dong/태전2동
Daegu/대구,Buk-gu/북구,Taejeon-dong/태전동
Daegu/대구,Buk-gu/북구,Taeryeong-dong/태령동
Daegu/대구,Buk-gu/북구,Unam 1(il)-dong/운암1동
Daegu/대구,Buk-gu/북구,Unam 2(i)-dong/운암2동
Daegu/대구,Buk-gu/북구,Unam 3(sam)-dong/운암3동
Daegu/대구,Buk-gu/북구,Unam-dong/운암동
Daegu/대구,Buk-gu/북구,Unjeong-dong/운정동
Daegu/대구,Buk-gu/북구,Usan-dong/우산동
Daegu/대구,Buk-gu/북구,Wolchul-dong/월출동
Daegu/대구,Buk-gu/북구,Yangjeong-dong/양정동
Daegu/대구,Buk-gu/북구,Yangsan-dong/양산동
Daegu/대구,Buk-gu/북구,Yeompo-dong/염포동
Daegu/대구,Buk-gu/북구,Yeonam-dong/연암동
Daegu/대구,Buk-gu/북구,Yeongyeong-dong/연경동
Daegu/대구,Buk-gu/북구,Yeonje-dong/연제동
Daegu/대구,Buk-gu/북구,Yongbong-dong/용봉동
Daegu/대구,Buk-gu/북구,Yongdu-dong/용두동
Daegu/대구,Buk-gu/북구,Yonggang-dong/용강동
Daegu/대구,Buk-gu/북구,Yongjeon-dong/용전동
Daegu/대구,Buk-gu/북구,Yu-dong/유동
Daegu/대구,Dalseo-gu/달서구,Bon-dong/본동
Daegu/대구,Dalseo-gu/달서구,Bonri-dong/본리동
Daegu/대구,Dalseo-gu/달서구,Daecheon-dong/대천동
Daegu/대구,Dalseo-gu/달서구,Daegok-dong/대곡동
Daegu/대구,Dalseo-gu/달서구,Daegudalseoucheguksaseoham/대구달서우체국사서함
Daegu/대구,Dalseo-gu/달서구,Daeguseongseoucheguksaseoham/대구성서우체국사서함
Daegu/대구,Dalseo-gu/달서구,Dowon-dong/도원동
Daegu/대구,Dalseo-gu/달서구,Duryu 1(il)-dong/두류1동
Daegu/대구,Dalseo-gu/달서구,Duryu 2(i)-dong/두류2동
Daegu/대구,Dalseo-gu/달서구,Duryu 3(sam)-dong/두류3동
Daegu/대구,Dalseo-gu/달서구,Duryu-dong/두류동
Daegu/대구,Dalseo-gu/달서구,Galsan-dong/갈산동
Daegu/대구,Dalseo-gu/달서구,Gamsam-dong/감삼동
Daegu/대구,Dalseo-gu/달서구,Horim-dong/호림동
Daegu/대구,Dalseo-gu/달서구,Hosan-dong/호산동
Daegu/대구,Dalseo-gu/달서구,Igog 1(il)-dong/이곡1동
Daegu/대구,Dalseo-gu/달서구,Igog 2(i)-dong/이곡2동
Daegu/대구,Dalseo-gu/달서구,Igok-dong/이곡동
Daegu/대구,Dalseo-gu/달서구,Jang-dong/장동
Daegu/대구,Dalseo-gu/달서구,Janggi-dong/장기동
Daegu/대구,Dalseo-gu/달서구,Jincheon-dong/진천동
Daegu/대구,Dalseo-gu/달서구,Jukjeon-dong/죽전동
Daegu/대구,Dalseo-gu/달서구,Paho-dong/파호동
Daegu/대구,Dalseo-gu/달서구,Sangin 1(il)-dong/상인1동
Daegu/대구,Dalseo-gu/달서구,Sangin 2(i)-dong/상인2동
Daegu/대구,Dalseo-gu/달서구,Sangin 3(sam)-dong/상인3동
Daegu/대구,Dalseo-gu/달서구,Sangin-dong/상인동
Daegu/대구,Dalseo-gu/달서구,Seongdang 1(il)-dong/성당1동
Daegu/대구,Dalseo-gu/달서구,Seongdang 2(i)-dong/성당2동
Daegu/대구,Dalseo-gu/달서구,Seongdang-dong/성당동
Daegu/대구,Dalseo-gu/달서구,Sindang-dong/신당동
Daegu/대구,Dalseo-gu/달서구,Songhyeon 1(il)-dong/송현1동
Daegu/대구,Dalseo-gu/달서구,Songhyeon 2(i)-dong/송현2동
Daegu/대구,Dalseo-gu/달서구,Songhyeon-dong/송현동
Daegu/대구,Dalseo-gu/달서구,Wolseong 1(il)-dong/월성1동
Daegu/대구,Dalseo-gu/달서구,Wolseong 2(i)-dong/월성2동
Daegu/대구,Dalseo-gu/달서구,Wolseong-dong/월성동
Daegu/대구,Dalseo-gu/달서구,Woram-dong/월암동
Daegu/대구,Dalseo-gu/달서구,Yongsan 1(il)-dong/용산1동
Daegu/대구,Dalseo-gu/달서구,Yongsan 2(i)-dong/용산2동
Daegu/대구,Dalseo-gu/달서구,Yongsan-dong/용산동
Daegu/대구,Dalseo-gu/달서구,Yucheon-dong/유천동
Daegu/대구,Dalseong-gun/달성군,Dasa-eup/다사읍
Daegu/대구,Dalseong-gun/달성군,Gachang-myeon/가창면
Daegu/대구,Dalseong-gun/달성군,Guji-myeon/구지면
Daegu/대구,Dalseong-gun/달성군,Habin-myeon/하빈면
Daegu/대구,Dalseong-gun/달성군,Hwawon-eup/화원읍
Daegu/대구,Dalseong-gun/달성군,Hyeonpung-myeon/현풍면
Daegu/대구,Dalseong-gun/달성군,Nongong-eup/논공읍
Daegu/대구,Dalseong-gun/달성군,Okpo-myeon/옥포면
Daegu/대구,Dalseong-gun/달성군,Yuga-myeon/유가면
Daegu/대구,Dong-gu/동구,Baegan-dong/백안동
Daegu/대구,Dong-gu/동구,Bangchon-dong/방촌동
Daegu/대구,Dong-gu/동구,Bangeo-dong/방어동
Daegu/대구,Dong-gu/동구,Beomil-dong/범일동
Daegu/대구,Dong-gu/동구,Beomir 1(il)-dong/범일1동
Daegu/대구,Dong-gu/동구,Beomir 2(i)-dong/범일2동
Daegu/대구,Dong-gu/동구,Beomir 4(sa)-dong/범일4동
Daegu/대구,Dong-gu/동구,Beomir 5(o)-dong/범일5동
Daegu/대구,Dong-gu/동구,Biryong-dong/비룡동
Daegu/대구,Dong-gu/동구,Bongmu-dong/봉무동
Daegu/대구,Dong-gu/동구,Bu-dong/부동
Daegu/대구,Dong-gu/동구,Bullo-dong/불로동
Daegu/대구,Dong-gu/동구,Bullo-dong/불로동
Daegu/대구,Dong-gu/동구,Changyeong-dong/창영동
Daegu/대구,Dong-gu/동구,Cheon-dong/천동
Daegu/대구,Dong-gu/동구,Choryang 1(il)-dong/초량1동
Daegu/대구,Dong-gu/동구,Choryang 2(i)-dong/초량2동
Daegu/대구,Dong-gu/동구,Choryang 3(sam)-dong/초량3동
Daegu/대구,Dong-gu/동구,Choryang 6(yuk)-dong/초량6동
Daegu/대구,Dong-gu/동구,Choryang-dong/초량동
Daegu/대구,Dong-gu/동구,Chu-dong/추동
Daegu/대구,Dong-gu/동구,Chungjangro 1(il)-ga/충장로1가
Daegu/대구,Dong-gu/동구,Chungjangro 2(i)-ga/충장로2가
Daegu/대구,Dong-gu/동구,Chungjangro 3(sam)-ga/충장로3가
Daegu/대구,Dong-gu/동구,Chungjangro 4(sa)-ga/충장로4가
Daegu/대구,Dong-gu/동구,Chungjangro 5(o)-ga/충장로5가
Daegu/대구,Dong-gu/동구,Dae 1(il)-dong/대1동
Daegu/대구,Dong-gu/동구,Dae 2(i)-dong/대2동
Daegu/대구,Dong-gu/동구,Daebyeol-dong/대별동
Daegu/대구,Dong-gu/동구,Dae-dong/대동
Daegu/대구,Dong-gu/동구,Daein-dong/대인동
Daegu/대구,Dong-gu/동구,Daejeonucheguksaseoham/대전우체국사서함
Daegu/대구,Dong-gu/동구,Daerim-dong/대림동
Daegu/대구,Dong-gu/동구,Daeseong-dong/대성동
Daegu/대구,Dong-gu/동구,Daesong-dong/대송동
Daegu/대구,Dong-gu/동구,Daeui-dong/대의동
Daegu/대구,Dong-gu/동구,Deokgok-dong/덕곡동
Daegu/대구,Dong-gu/동구,Do-dong/도동
Daegu/대구,Dong-gu/동구,Dohak-dong/도학동
Daegu/대구,Dong-gu/동구,Dongbu-dong/동부동
Daegu/대구,Dong-gu/동구,Dongbusanucheguksaseoham/동부산우체국사서함
Daegu/대구,Dong-gu/동구,Dongdaeguucheguksaseoham/동대구우체국사서함
Daegu/대구,Dong-gu/동구,Dongho-dong/동호동
Daegu/대구,Dong-gu/동구,Dongmyeong-dong/동명동
Daegu/대구,Dong-gu/동구,Dongnae-dong/동내동
Daegu/대구,Dong-gu/동구,Dongulsanucheguksaseoham/동울산우체국사서함
Daegu/대구,Dong-gu/동구,Dunsan-dong/둔산동
Daegu/대구,Dong-gu/동구,Gaksan-dong/각산동
Daegu/대구,Dong-gu/동구,Gao-dong/가오동
Daegu/대구,Dong-gu/동구,Gayang 1(il)-dong/가양1동
Daegu/대구,Dong-gu/동구,Gayang 2(i)-dong/가양2동
Daegu/대구,Dong-gu/동구,Gayang-dong/가양동
Daegu/대구,Dong-gu/동구,Geomsa-dong/검사동
Daegu/대구,Dong-gu/동구,Geum-dong/금동
Daegu/대구,Dong-gu/동구,Geumgang-dong/금강동
Daegu/대구,Dong-gu/동구,Geumgok-dong/금곡동
Daegu/대구,Dong-gu/동구,Geumnamro 1(il)-ga/금남로1가
Daegu/대구,Dong-gu/동구,Geumnamro 2(i)-ga/금남로2가
Daegu/대구,Dong-gu/동구,Geumnamro 3(sam)-ga/금남로3가
Daegu/대구,Dong-gu/동구,Geumnamro 4(sa)-ga/금남로4가
Daegu/대구,Dong-gu/동구,Geumnamro 5(o)-ga/금남로5가
Daegu/대구,Dong-gu/동구,Goejeon-dong/괴전동
Daegu/대구,Dong-gu/동구,Gudo-dong/구도동
Daegu/대구,Dong-gu/동구,Gung-dong/궁동
Daegu/대구,Dong-gu/동구,Gwangjuucheguksaseoham/광주우체국사서함
Daegu/대구,Dong-gu/동구,Gwangsan-dong/광산동
Daegu/대구,Dong-gu/동구,Gyerim 1(il)-dong/계림1동
Daegu/대구,Dong-gu/동구,Gyerim 2(i)-dong/계림2동
Daegu/대구,Dong-gu/동구,Gyerim-dong/계림동
Daegu/대구,Dong-gu/동구,Hak-dong/학동
Daegu/대구,Dong-gu/동구,Haso-dong/하소동
Daegu/대구,Dong-gu/동구,Honam-dong/호남동
Daegu/대구,Dong-gu/동구,Hongdo-dong/홍도동
Daegu/대구,Dong-gu/동구,Hwajeong-dong/화정동
Daegu/대구,Dong-gu/동구,Hwanggeum-dong/황금동
Daegu/대구,Dong-gu/동구,Hwapyeong-dong/화평동
Daegu/대구,Dong-gu/동구,Hwasu 1(il)-dong/화수1동
Daegu/대구,Dong-gu/동구,Hwasu 2(i)-dong/화수2동
Daegu/대구,Dong-gu/동구,Hwasu-dong/화수동
Daegu/대구,Dong-gu/동구,Hyo-dong/효동
Daegu/대구,Dong-gu/동구,Hyomog 1(il)-dong/효목1동
Daegu/대구,Dong-gu/동구,Hyomog 2(i)-dong/효목2동
Daegu/대구,Dong-gu/동구,Hyomok-dong/효목동
Daegu/대구,Dong-gu/동구,Hyopyeong-dong/효평동
Daegu/대구,Dong-gu/동구,Ilsan-dong/일산동
Daegu/대구,Dong-gu/동구,In-dong/인동
Daegu/대구,Dong-gu/동구,Ipseok-dong/입석동
Daegu/대구,Dong-gu/동구,Isa-dong/이사동
Daegu/대구,Dong-gu/동구,Jangcheok-dong/장척동
Daegu/대구,Dong-gu/동구,Jang-dong/장동
Daegu/대구,Dong-gu/동구,Jayang-dong/자양동
Daegu/대구,Dong-gu/동구,Jeong-dong/정동
Daegu/대구,Dong-gu/동구,Jeonha 1(il)-dong/전하1동
Daegu/대구,Dong-gu/동구,Jeonha 2(i)-dong/전하2동
Daegu/대구,Dong-gu/동구,Jeonha-dong/전하동
Daegu/대구,Dong-gu/동구,Jijeo-dong/지저동
Daegu/대구,Dong-gu/동구,Jik-dong/직동
Daegu/대구,Dong-gu/동구,Jimyo-dong/지묘동
Daegu/대구,Dong-gu/동구,Jinin-dong/진인동
Daegu/대구,Dong-gu/동구,Jisan 1(il)-dong/지산1동
Daegu/대구,Dong-gu/동구,Jisan 2(i)-dong/지산2동
Daegu/대구,Dong-gu/동구,Jisan-dong/지산동
Daegu/대구,Dong-gu/동구,Juchon-dong/주촌동
Daegu/대구,Dong-gu/동구,Jujeon-dong/주전동
Daegu/대구,Dong-gu/동구,Jungdae-dong/중대동
Daegu/대구,Dong-gu/동구,Jung-dong/중동
Daegu/대구,Dong-gu/동구,Jusan-dong/주산동
Daegu/대구,Dong-gu/동구,Jwacheon 1(il)-dong/좌천1동
Daegu/대구,Dong-gu/동구,Jwacheon 4(sa)-dong/좌천4동
Daegu/대구,Dong-gu/동구,Jwacheon-dong/좌천동
Daegu/대구,Dong-gu/동구,Maeyeo-dong/매여동
Daegu/대구,Dong-gu/동구,Manseok-dong/만석동
Daegu/대구,Dong-gu/동구,Masan-dong/마산동
Daegu/대구,Dong-gu/동구,Midae-dong/미대동
Daegu/대구,Dong-gu/동구,Migok-dong/미곡동
Daegu/대구,Dong-gu/동구,Nae-dong/내동
Daegu/대구,Dong-gu/동구,Naegok-dong/내곡동
Daegu/대구,Dong-gu/동구,Naenam-dong/내남동
Daegu/대구,Dong-gu/동구,Naetap-dong/내탑동
Daegu/대구,Dong-gu/동구,Nam-dong/남동
Daegu/대구,Dong-gu/동구,Nangwol-dong/낭월동
Daegu/대구,Dong-gu/동구,Neungseong-dong/능성동
Daegu/대구,Dong-gu/동구,O-dong/오동
Daegu/대구,Dong-gu/동구,Panam 1(il)-dong/판암1동
Daegu/대구,Dong-gu/동구,Panam 2(i)-dong/판암2동
Daegu/대구,Dong-gu/동구,Panam-dong/판암동
Daegu/대구,Dong-gu/동구,Pyeonggwang-dong/평광동
Daegu/대구,Dong-gu/동구,Sabok-dong/사복동
Daegu/대구,Dong-gu/동구,Samgoe-dong/삼괴동
Daegu/대구,Dong-gu/동구,Samjeong-dong/삼정동
Daegu/대구,Dong-gu/동구,Samseong-dong/삼성동
Daegu/대구,Dong-gu/동구,Sangmae-dong/상매동
Daegu/대구,Dong-gu/동구,Sangso-dong/상소동
Daegu/대구,Dong-gu/동구,Sansu 1(il)-dong/산수1동
Daegu/대구,Dong-gu/동구,Sansu 2(i)-dong/산수2동
Daegu/대구,Dong-gu/동구,Sansu-dong/산수동
Daegu/대구,Dong-gu/동구,Saseong-dong/사성동
Daegu/대구,Dong-gu/동구,Secheon-dong/세천동
Daegu/대구,Dong-gu/동구,Seobu-dong/서부동
Daegu/대구,Dong-gu/동구,Seoho-dong/서호동
Daegu/대구,Dong-gu/동구,Seongnam-dong/성남동
Daegu/대구,Dong-gu/동구,Seongyo-dong/선교동
Daegu/대구,Dong-gu/동구,Seoseok-dong/서석동
Daegu/대구,Dong-gu/동구,Sinam 1(il)-dong/신암1동
Daegu/대구,Dong-gu/동구,Sinam 2(i)-dong/신암2동
Daegu/대구,Dong-gu/동구,Sinam 3(sam)-dong/신암3동
Daegu/대구,Dong-gu/동구,Sinam 4(sa)-dong/신암4동
Daegu/대구,Dong-gu/동구,Sinam 5(o)-dong/신암5동
Daegu/대구,Dong-gu/동구,Sinam-dong/신암동
Daegu/대구,Dong-gu/동구,Sinan-dong/신안동
Daegu/대구,Dong-gu/동구,Sincheon 2(i)-dong/신천1.2동
Daegu/대구,Dong-gu/동구,Sincheon 3(sam)-dong/신천3동
Daegu/대구,Dong-gu/동구,Sincheon 4(sa)-dong/신천4동
Daegu/대구,Dong-gu/동구,Sincheon-dong/신천동
Daegu/대구,Dong-gu/동구,Sinchon-dong/신촌동
Daegu/대구,Dong-gu/동구,Singi-dong/신기동
Daegu/대구,Dong-gu/동구,Sinha-dong/신하동
Daegu/대구,Dong-gu/동구,Sinheung-dong/신흥동
Daegu/대구,Dong-gu/동구,Sinmu-dong/신무동
Daegu/대구,Dong-gu/동구,Sinpyeong-dong/신평동
Daegu/대구,Dong-gu/동구,Sinsang-dong/신상동
Daegu/대구,Dong-gu/동구,Sinseo-dong/신서동
Daegu/대구,Dong-gu/동구,Sinyong-dong/신용동
Daegu/대구,Dong-gu/동구,Soho-dong/소호동
Daegu/대구,Dong-gu/동구,Soje-dong/소제동
Daegu/대구,Dong-gu/동구,Songhyeon 1(il)-dong/송현1동
Daegu/대구,Dong-gu/동구,Songhyeon 2(i)-dong/송현2동
Daegu/대구,Dong-gu/동구,Songhyeon 3(sam)-dong/송현3동
Daegu/대구,Dong-gu/동구,Songhyeon-dong/송현동
Daegu/대구,Dong-gu/동구,Songjeong-dong/송정동
Daegu/대구,Dong-gu/동구,Songrim 1(il)-dong/송림1동
Daegu/대구,Dong-gu/동구,Songrim 2(i)-dong/송림2동
Daegu/대구,Dong-gu/동구,Songrim 3(sam)-dong/송림3동
Daegu/대구,Dong-gu/동구,Songrim 4(sa)-dong/송림4동
Daegu/대구,Dong-gu/동구,Songrim 5(o)-dong/송림5동
Daegu/대구,Dong-gu/동구,Songrim 6(yuk)-dong/송림6동
Daegu/대구,Dong-gu/동구,Songrim-dong/송림동
Daegu/대구,Dong-gu/동구,Sotae-dong/소태동
Daegu/대구,Dong-gu/동구,Sugi-dong/수기동
Daegu/대구,Dong-gu/동구,Sujeong 1(il)-dong/수정1동
Daegu/대구,Dong-gu/동구,Sujeong 2(i)-dong/수정2동
Daegu/대구,Dong-gu/동구,Sujeong 4(sa)-dong/수정4동
Daegu/대구,Dong-gu/동구,Sujeong 5(o)-dong/수정5동
Daegu/대구,Dong-gu/동구,Sujeong-dong/수정동
Daegu/대구,Dong-gu/동구,Sukcheon-dong/숙천동
Daegu/대구,Dong-gu/동구,Unrim-dong/운림동
Daegu/대구,Dong-gu/동구,Wolnam-dong/월남동
Daegu/대구,Dong-gu/동구,Won-dong/원동
Daegu/대구,Dong-gu/동구,Yonggye-dong/용계동
Daegu/대구,Dong-gu/동구,Yonggye-dong/용계동
Daegu/대구,Dong-gu/동구,Yongjeon-dong/용전동
Daegu/대구,Dong-gu/동구,Yongsan-dong/용산동
Daegu/대구,Dong-gu/동구,Yongsu-dong/용수동
Daegu/대구,Dong-gu/동구,Yongun-dong/용운동
Daegu/대구,Dong-gu/동구,Yongyeon-dong/용연동
Daegu/대구,Dong-gu/동구,Yulha-dong/율하동
Daegu/대구,Dong-gu/동구,Yuram-dong/율암동
Daegu/대구,Jung-gu/중구,Anyeong-dong/안영동
Daegu/대구,Jung-gu/중구,Bangsan-dong/방산동
Daegu/대구,Jung-gu/중구,Bangu 1(il)-dong/반구1동
Daegu/대구,Jung-gu/중구,Bangu 2(i)-dong/반구2동
Daegu/대구,Jung-gu/중구,Bangu-dong/반구동
Daegu/대구,Jung-gu/중구,Boksan 1(il)-dong/복산1동
Daegu/대구,Jung-gu/중구,Boksan 2(i)-dong/복산2동
Daegu/대구,Jung-gu/중구,Boksan-dong/복산동
Daegu/대구,Jung-gu/중구,Bongraedong 1(il)-ga/봉래동1가
Daegu/대구,Jung-gu/중구,Bongraedong 2(i)-ga/봉래동2가
Daegu/대구,Jung-gu/중구,Bongsan-dong/봉산동
Daegu/대구,Jung-gu/중구,Bosudong 1(il)-ga/보수동1가
Daegu/대구,Jung-gu/중구,Bosudong 2(i)-ga/보수동2가
Daegu/대구,Jung-gu/중구,Bosudong 3(sam)-ga/보수동3가
Daegu/대구,Jung-gu/중구,Bosu-dong/보수동
Daegu/대구,Jung-gu/중구,Bukchang-dong/북창동
Daegu/대구,Jung-gu/중구,Bukjeong-dong/북정동
Daegu/대구,Jung-gu/중구,Buknae-dong/북내동
Daegu/대구,Jung-gu/중구,Bukseongdong 1(il)-ga/북성동1가
Daegu/대구,Jung-gu/중구,Bukseongdong 2(i)-ga/북성동2가
Daegu/대구,Jung-gu/중구,Bukseongdong 3(sam)-ga/북성동3가
Daegu/대구,Jung-gu/중구,Bukseongro 1(il)-ga/북성로1가
Daegu/대구,Jung-gu/중구,Bukseongro 2(i)-ga/북성로2가
Daegu/대구,Jung-gu/중구,Bupyeongdong 1(il)-ga/부평동1가
Daegu/대구,Jung-gu/중구,Bupyeongdong 2(i)-ga/부평동2가
Daegu/대구,Jung-gu/중구,Bupyeongdong 3(sam)-ga/부평동3가
Daegu/대구,Jung-gu/중구,Bupyeongdong 4(sa)-ga/부평동4가
Daegu/대구,Jung-gu/중구,Bupyeong-dong/부평동
Daegu/대구,Jung-gu/중구,Busa-dong/부사동
Daegu/대구,Jung-gu/중구,Busanucheguksaseoham/부산우체국사서함
Daegu/대구,Jung-gu/중구,Changseondong 1(il)-ga/창선동1가
Daegu/대구,Jung-gu/중구,Changseondong 2(i)-ga/창선동2가
Daegu/대구,Jung-gu/중구,Changseon-dong/창선동
Daegu/대구,Jung-gu/중구,Chimsan-dong/침산동
Daegu/대구,Jung-gu/중구,Cho-dong/초동
Daegu/대구,Jung-gu/중구,Chungjeongro 1(il)-ga/충정로1가
Daegu/대구,Jung-gu/중구,Chungmuro 1(il)-ga/충무로1가
Daegu/대구,Jung-gu/중구,Chungmuro 2(i)-ga/충무로2가
Daegu/대구,Jung-gu/중구,Chungmuro 3(sam)-ga/충무로3가
Daegu/대구,Jung-gu/중구,Chungmuro 4(sa)-ga/충무로4가
Daegu/대구,Jung-gu/중구,Chungmuro 5(o)-ga/충무로5가
Daegu/대구,Jung-gu/중구,Da-dong/다동
Daegu/대구,Jung-gu/중구,Daean-dong/대안동
Daegu/대구,Jung-gu/중구,Daebong 1(il)-dong/대봉1동
Daegu/대구,Jung-gu/중구,Daebong 2(i)-dong/대봉2동
Daegu/대구,Jung-gu/중구,Daebong-dong/대봉동
Daegu/대구,Jung-gu/중구,Daechangdong 1(il)-ga/대창동1가
Daegu/대구,Jung-gu/중구,Daechangdong 2(i)-ga/대창동2가
Daegu/대구,Jung-gu/중구,Daechang-dong/대창동
Daegu/대구,Jung-gu/중구,Daecheongdong 1(il)-ga/대청동1가
Daegu/대구,Jung-gu/중구,Daecheongdong 2(i)-ga/대청동2가
Daegu/대구,Jung-gu/중구,Daecheongdong 3(sam)-ga/대청동3가
Daegu/대구,Jung-gu/중구,Daecheongdong 4(sa)-ga/대청동4가
Daegu/대구,Jung-gu/중구,Daecheong-dong/대청동
Daegu/대구,Jung-gu/중구,Daeguucheguksaseoham/대구우체국사서함
Daegu/대구,Jung-gu/중구,Daeheung-dong/대흥동
Daegu/대구,Jung-gu/중구,Daesa-dong/대사동
Daegu/대구,Jung-gu/중구,Daesin-dong/대신동
Daegu/대구,Jung-gu/중구,Dalseong-dong/달성동
Daegu/대구,Jung-gu/중구,Dap-dong/답동
Daegu/대구,Jung-gu/중구,Daun-dong/다운동
Daegu/대구,Jung-gu/중구,Deokgyo-dong/덕교동
Daegu/대구,Jung-gu/중구,Deoksan-dong/덕산동
Daegu/대구,Jung-gu/중구,Dong-dong/동동
Daegu/대구,Jung-gu/중구,Donggwangdong 1(il)-ga/동광동1가
Daegu/대구,Jung-gu/중구,Donggwangdong 2(i)-ga/동광동2가
Daegu/대구,Jung-gu/중구,Donggwangdong 3(sam)-ga/동광동3가
Daegu/대구,Jung-gu/중구,Donggwangdong 4(sa)-ga/동광동4가
Daegu/대구,Jung-gu/중구,Donggwangdong 5(o)-ga/동광동5가
Daegu/대구,Jung-gu/중구,Donggwang-dong/동광동
Daegu/대구,Jung-gu/중구,Dongil-dong/동일동
Daegu/대구,Jung-gu/중구,Dongindong 1(il)-ga/동인동1가
Daegu/대구,Jung-gu/중구,Dongindong 2(i)-ga/동인동2가
Daegu/대구,Jung-gu/중구,Dongindong 3(sam)-ga/동인동3가
Daegu/대구,Jung-gu/중구,Dongindong 4(sa)-ga/동인동4가
Daegu/대구,Jung-gu/중구,Dongmun-dong/동문동
Daegu/대구,Jung-gu/중구,Dongsan-dong/동산동
Daegu/대구,Jung-gu/중구,Dongseongro 1(il)-ga/동성로1가
Daegu/대구,Jung-gu/중구,Dongseongro 2(i)-ga/동성로2가
Daegu/대구,Jung-gu/중구,Dongseongro 3(sam)-ga/동성로3가
Daegu/대구,Jung-gu/중구,Dowon-dong/도원동
Daegu/대구,Jung-gu/중구,Dowon-dong/도원동
Daegu/대구,Jung-gu/중구,Eonam-dong/어남동
Daegu/대구,Jung-gu/중구,Euljiro 1(il)-ga/을지로1가
Daegu/대구,Jung-gu/중구,Euljiro 2(i)-ga/을지로2가
Daegu/대구,Jung-gu/중구,Euljiro 3(sam)-ga/을지로3가
Daegu/대구,Jung-gu/중구,Euljiro 4(sa)-ga/을지로4가
Daegu/대구,Jung-gu/중구,Euljiro 5(o)-ga/을지로5가
Daegu/대구,Jung-gu/중구,Euljiro 6(yuk)-ga/을지로6가
Daegu/대구,Jung-gu/중구,Euljiro 7(chil)-ga/을지로7가
Daegu/대구,Jung-gu/중구,Eunhaeng-dong/은행동
Daegu/대구,Jung-gu/중구,Eurwang-dong/을왕동
Daegu/대구,Jung-gu/중구,Geum-dong/금동
Daegu/대구,Jung-gu/중구,Gongpyeong-dong/공평동
Daegu/대구,Jung-gu/중구,Guwan-dong/구완동
Daegu/대구,Jung-gu/중구,Gwandong 1(il)-ga/관동1가
Daegu/대구,Jung-gu/중구,Gwandong 2(i)-ga/관동2가
Daegu/대구,Jung-gu/중구,Gwandong 3(sam)-ga/관동3가
Daegu/대구,Jung-gu/중구,Gwangbokdong 1(il)-ga/광복동1가
Daegu/대구,Jung-gu/중구,Gwangbokdong 2(i)-ga/광복동2가
Daegu/대구,Jung-gu/중구,Gwangbokdong 3(sam)-ga/광복동3가
Daegu/대구,Jung-gu/중구,Gwangbok-dong/광복동
Daegu/대구,Jung-gu/중구,Gwanghuidong 1(il)-ga/광희동1가
Daegu/대구,Jung-gu/중구,Gwanghuidong 2(i)-ga/광희동2가
Daegu/대구,Jung-gu/중구,Gyeong-dong/경동
Daegu/대구,Jung-gu/중구,Gyesandong 1(il)-ga/계산동1가
Daegu/대구,Jung-gu/중구,Gyesandong 2(i)-ga/계산동2가
Daegu/대구,Jung-gu/중구,Gyo-dong/교동
Daegu/대구,Jung-gu/중구,Gyo-dong/교동
Daegu/대구,Jung-gu/중구,Haeandong 1(il)-ga/해안동1가
Daegu/대구,Jung-gu/중구,Haeandong 2(i)-ga/해안동2가
Daegu/대구,Jung-gu/중구,Haeandong 3(sam)-ga/해안동3가
Daegu/대구,Jung-gu/중구,Haeandong 4(sa)-ga/해안동4가
Daegu/대구,Jung-gu/중구,Haksan-dong/학산동
Daegu/대구,Jung-gu/중구,Hakseong-dong/학성동
Daegu/대구,Jung-gu/중구,Hangdong 1(il)-ga/항동1가
Daegu/대구,Jung-gu/중구,Hangdong 2(i)-ga/항동2가
Daegu/대구,Jung-gu/중구,Hangdong 3(sam)-ga/항동3가
Daegu/대구,Jung-gu/중구,Hangdong 4(sa)-ga/항동4가
Daegu/대구,Jung-gu/중구,Hangdong 5(o)-ga/항동5가
Daegu/대구,Jung-gu/중구,Hangdong 6(yuk)-ga/항동6가
Daegu/대구,Jung-gu/중구,Hangdong 7(chil)-ga/항동7가
Daegu/대구,Jung-gu/중구,Haseo-dong/하서동
Daegu/대구,Jung-gu/중구,Heungin-dong/흥인동
Daegu/대구,Jung-gu/중구,Ho-dong/호동
Daegu/대구,Jung-gu/중구,Hoehyeondong 1(il)-ga/회현동1가
Daegu/대구,Jung-gu/중구,Hoehyeondong 2(i)-ga/회현동2가
Daegu/대구,Jung-gu/중구,Hoehyeondong 3(sam)-ga/회현동3가
Daegu/대구,Jung-gu/중구,Hwajeon-dong/화전동
Daegu/대구,Jung-gu/중구,Hwanghak-dong/황학동
Daegu/대구,Jung-gu/중구,Hyangchon-dong/향촌동
Daegu/대구,Jung-gu/중구,Incheongonghangucheguksaseoham/인천공항우체국사서함
Daegu/대구,Jung-gu/중구,Ingyo-dong/인교동
Daegu/대구,Jung-gu/중구,Inhyeondong 1(il)-ga/인현동1가
Daegu/대구,Jung-gu/중구,Inhyeondong 2(i)-ga/인현동2가
Daegu/대구,Jung-gu/중구,Inhyeon-dong/인현동
Daegu/대구,Jung-gu/중구,Ipjeong-dong/입정동
Daegu/대구,Jung-gu/중구,Jangchungdong 1(il)-ga/장충동1가
Daegu/대구,Jung-gu/중구,Jangchungdong 2(i)-ga/장충동2가
Daegu/대구,Jung-gu/중구,Janggwan-dong/장관동
Daegu/대구,Jung-gu/중구,Janggyo-dong/장교동
Daegu/대구,Jung-gu/중구,Janghyeon-dong/장현동
Daegu/대구,Jung-gu/중구,Jeodong 1(il)-ga/저동1가
Daegu/대구,Jung-gu/중구,Jeodong 2(i)-ga/저동2가
Daegu/대구,Jung-gu/중구,Jeon-dong/전동
Daegu/대구,Jung-gu/중구,Jeon-dong/전동
Daegu/대구,Jung-gu/중구,Jeong-dong/정동
Daegu/대구,Jung-gu/중구,Jeongsaeng-dong/정생동
Daegu/대구,Jung-gu/중구,Jongro 1(il)-ga/종로1가
Daegu/대구,Jung-gu/중구,Jongro 2(i)-ga/종로2가
Daegu/대구,Jung-gu/중구,Jugyo-dong/주교동
Daegu/대구,Jung-gu/중구,Juja-dong/주자동
Daegu/대구,Jung-gu/중구,Jungangdong 1(il)-ga/중앙동1가
Daegu/대구,Jung-gu/중구,Jungangdong 1(il)-ga/중앙동1가
Daegu/대구,Jung-gu/중구,Jungangdong 2(i)-ga/중앙동2가
Daegu/대구,Jung-gu/중구,Jungangdong 2(i)-ga/중앙동2가
Daegu/대구,Jung-gu/중구,Jungangdong 3(sam)-ga/중앙동3가
Daegu/대구,Jung-gu/중구,Jungangdong 3(sam)-ga/중앙동3가
Daegu/대구,Jung-gu/중구,Jungangdong 4(sa)-ga/중앙동4가
Daegu/대구,Jung-gu/중구,Jungangdong 4(sa)-ga/중앙동4가
Daegu/대구,Jung-gu/중구,Jungangdong 5(o)-ga/중앙동5가
Daegu/대구,Jung-gu/중구,Jungangdong 6(yuk)-ga/중앙동6가
Daegu/대구,Jung-gu/중구,Jungangdong 7(chil)-ga/중앙동7가
Daegu/대구,Jung-gu/중구,Jungang-dong/중앙동
Daegu/대구,Jung-gu/중구,Jungangucheguksaseoham/중앙우체국사서함
Daegu/대구,Jung-gu/중구,Jungchon-dong/중촌동
Daegu/대구,Jung-gu/중구,Jungrim-dong/중림동
Daegu/대구,Jung-gu/중구,Jungsan-dong/중산동
Daegu/대구,Jung-gu/중구,Manridong 1(il)-ga/만리동1가
Daegu/대구,Jung-gu/중구,Manridong 2(i)-ga/만리동2가
Daegu/대구,Jung-gu/중구,Mokdal-dong/목달동
Daegu/대구,Jung-gu/중구,Mok-dong/목동
Daegu/대구,Jung-gu/중구,Mugyo-dong/무교동
Daegu/대구,Jung-gu/중구,Muhak-dong/무학동
Daegu/대구,Jung-gu/중구,Mukjeong-dong/묵정동
Daegu/대구,Jung-gu/중구,Munchang-dong/문창동
Daegu/대구,Jung-gu/중구,Munhwa 1(il)-dong/문화1동
Daegu/대구,Jung-gu/중구,Munhwa 2(i)-dong/문화2동
Daegu/대구,Jung-gu/중구,Munhwa-dong/문화동
Daegu/대구,Jung-gu/중구,Munhwa-dong/문화동
Daegu/대구,Jung-gu/중구,Musu-dong/무수동
Daegu/대구,Jung-gu/중구,Muui-dong/무의동
Daegu/대구,Jung-gu/중구,Myeongdong 1(il)-ga/명동1가
Daegu/대구,Jung-gu/중구,Myeongdong 2(i)-ga/명동2가
Daegu/대구,Jung-gu/중구,Nae-dong/내동
Daegu/대구,Jung-gu/중구,Nambuk-dong/남북동
Daegu/대구,Jung-gu/중구,Namchang-dong/남창동
Daegu/대구,Jung-gu/중구,Namdaemunro 1(il)-ga/남대문로1가
Daegu/대구,Jung-gu/중구,Namdaemunro 2(i)-ga/남대문로2가
Daegu/대구,Jung-gu/중구,Namdaemunro 3(sam)-ga/남대문로3가
Daegu/대구,Jung-gu/중구,Namdaemunro 4(sa)-ga/남대문로4가
Daegu/대구,Jung-gu/중구,Namdaemunro 5(o)-ga/남대문로5가
Daegu/대구,Jung-gu/중구,Namhak-dong/남학동
Daegu/대구,Jung-gu/중구,Namil-dong/남일동
Daegu/대구,Jung-gu/중구,Namoe-dong/남외동
Daegu/대구,Jung-gu/중구,Nampodong 1(il)-ga/남포동1가
Daegu/대구,Jung-gu/중구,Nampodong 2(i)-ga/남포동2가
Daegu/대구,Jung-gu/중구,Nampodong 3(sam)-ga/남포동3가
Daegu/대구,Jung-gu/중구,Nampodong 4(sa)-ga/남포동4가
Daegu/대구,Jung-gu/중구,Nampodong 5(o)-ga/남포동5가
Daegu/대구,Jung-gu/중구,Nampodong 6(yuk)-ga/남포동6가
Daegu/대구,Jung-gu/중구,Nampo-dong/남포동
Daegu/대구,Jung-gu/중구,Namsan 1(il)-dong/남산1동
Daegu/대구,Jung-gu/중구,Namsan 2(i)-dong/남산2동
Daegu/대구,Jung-gu/중구,Namsan 3(sam)-dong/남산3동
Daegu/대구,Jung-gu/중구,Namsan 4(sa)-dong/남산4동
Daegu/대구,Jung-gu/중구,Namsandong 1(il)-ga/남산동1가
Daegu/대구,Jung-gu/중구,Namsandong 2(i)-ga/남산동2가
Daegu/대구,Jung-gu/중구,Namsandong 3(sam)-ga/남산동3가
Daegu/대구,Jung-gu/중구,Namsan-dong/남산동
Daegu/대구,Jung-gu/중구,Namseongno/남성로
Daegu/대구,Jung-gu/중구,Ojang-dong/오장동
Daegu/대구,Jung-gu/중구,Okgye-dong/옥계동
Daegu/대구,Jung-gu/중구,Okgyo-dong/옥교동
Daegu/대구,Jung-gu/중구,Oryu-dong/오류동
Daegu/대구,Jung-gu/중구,Pildong 1(il)-ga/필동1가
Daegu/대구,Jung-gu/중구,Pildong 2(i)-ga/필동2가
Daegu/대구,Jung-gu/중구,Pildong 3(sam)-ga/필동3가
Daegu/대구,Jung-gu/중구,Pojeong-dong/포정동
Daegu/대구,Jung-gu/중구,Sa-dong/사동
Daegu/대구,Jung-gu/중구,Sail-dong/사일동
Daegu/대구,Jung-gu/중구,Sajeong-dong/사정동
Daegu/대구,Jung-gu/중구,Samdeokdong 1(il)-ga/삼덕동1가
Daegu/대구,Jung-gu/중구,Samdeokdong 2(i)-ga/삼덕동2가
Daegu/대구,Jung-gu/중구,Samdeokdong 3(sam)-ga/삼덕동3가
Daegu/대구,Jung-gu/중구,Samgak-dong/삼각동
Daegu/대구,Jung-gu/중구,Sangdeok-dong/상덕동
Daegu/대구,Jung-gu/중구,Sangseo-dong/상서동
Daegu/대구,Jung-gu/중구,Sanrim-dong/산림동
Daegu/대구,Jung-gu/중구,Sanseong-dong/산성동
Daegu/대구,Jung-gu/중구,Seodaejeonucheguksaseoham/서대전우체국사서함
Daegu/대구,Jung-gu/중구,Seo-dong/서동
Daegu/대구,Jung-gu/중구,Seokgyo-dong/석교동
Daegu/대구,Jung-gu/중구,Seomunro 1(il)-ga/서문로1가
Daegu/대구,Jung-gu/중구,Seomunro 2(i)-ga/서문로2가
Daegu/대구,Jung-gu/중구,Seonae-dong/서내동
Daegu/대구,Jung-gu/중구,Seongan-dong/성안동
Daegu/대구,Jung-gu/중구,Seongnam-dong/성남동
Daegu/대구,Jung-gu/중구,Seonhwa-dong/선화동
Daegu/대구,Jung-gu/중구,Seonhwa-dong/선화동
Daegu/대구,Jung-gu/중구,Seonrin-dong/선린동
Daegu/대구,Jung-gu/중구,Seoseongro 1(il)-ga/서성로1가
Daegu/대구,Jung-gu/중구,Seoseongro 2(i)-ga/서성로2가
Daegu/대구,Jung-gu/중구,Seosomun-dong/서소문동
Daegu/대구,Jung-gu/중구,Seoya-dong/서야동
Daegu/대구,Jung-gu/중구,Sijangbugno/시장북로
Daegu/대구,Jung-gu/중구,Sinchangdong 1(il)-ga/신창동1가
Daegu/대구,Jung-gu/중구,Sinchangdong 2(i)-ga/신창동2가
Daegu/대구,Jung-gu/중구,Sinchangdong 3(sam)-ga/신창동3가
Daegu/대구,Jung-gu/중구,Sinchangdong 4(sa)-ga/신창동4가
Daegu/대구,Jung-gu/중구,Sinchang-dong/신창동
Daegu/대구,Jung-gu/중구,Sindang 1(il)-dong/신당1동
Daegu/대구,Jung-gu/중구,Sindang 2(i)-dong/신당2동
Daegu/대구,Jung-gu/중구,Sindang 3(sam)-dong/신당3동
Daegu/대구,Jung-gu/중구,Sindang 4(sa)-dong/신당4동
Daegu/대구,Jung-gu/중구,Sindang 5(o)-dong/신당5동
Daegu/대구,Jung-gu/중구,Sindang 6(yuk)-dong/신당6동
Daegu/대구,Jung-gu/중구,Sindang-dong/신당동
Daegu/대구,Jung-gu/중구,Sinheungdong 1(il)-ga/신흥동1가
Daegu/대구,Jung-gu/중구,Sinheungdong 2(i)-ga/신흥동2가
Daegu/대구,Jung-gu/중구,Sinheungdong 3(sam)-ga/신흥동3가
Daegu/대구,Jung-gu/중구,Sinpo-dong/신포동
Daegu/대구,Jung-gu/중구,Sinsaeng-dong/신생동
Daegu/대구,Jung-gu/중구,Sogong-dong/소공동
Daegu/대구,Jung-gu/중구,Songhakdong 1(il)-ga/송학동1가
Daegu/대구,Jung-gu/중구,Songhakdong 2(i)-ga/송학동2가
Daegu/대구,Jung-gu/중구,Songhakdong 3(sam)-ga/송학동3가
Daegu/대구,Jung-gu/중구,Songwoldong 1(il)-ga/송월동1가
Daegu/대구,Jung-gu/중구,Songwoldong 2(i)-ga/송월동2가
Daegu/대구,Jung-gu/중구,Songwoldong 3(sam)-ga/송월동3가
Daegu/대구,Jung-gu/중구,Ssangrim-dong/쌍림동
Daegu/대구,Jung-gu/중구,Suchang-dong/수창동
Daegu/대구,Jung-gu/중구,Su-dong/수동
Daegu/대구,Jung-gu/중구,Suha-dong/수하동
Daegu/대구,Jung-gu/중구,Sunhwa-dong/순화동
Daegu/대구,Jung-gu/중구,Supyo-dong/수표동
Daegu/대구,Jung-gu/중구,Taehwa-dong/태화동
Daegu/대구,Jung-gu/중구,Taepyeong 1(il)-dong/태평1동
Daegu/대구,Jung-gu/중구,Taepyeong 2(i)-dong/태평2동
Daegu/대구,Jung-gu/중구,Taepyeong-dong/태평동
Daegu/대구,Jung-gu/중구,Taepyeongro 1(il)-ga/태평로1가
Daegu/대구,Jung-gu/중구,Taepyeongro 1(il)-ga/태평로1가
Daegu/대구,Jung-gu/중구,Taepyeongro 2(i)-ga/태평로2가
Daegu/대구,Jung-gu/중구,Taepyeongro 2(i)-ga/태평로2가
Daegu/대구,Jung-gu/중구,Taepyeongro 3(sam)-ga/태평로3가
Daegu/대구,Jung-gu/중구,Uijuro 1(il)-ga/의주로1가
Daegu/대구,Jung-gu/중구,Uijuro 2(i)-ga/의주로2가
Daegu/대구,Jung-gu/중구,Ujeong-dong/우정동
Daegu/대구,Jung-gu/중구,Ulsanucheguksaseoham/울산우체국사서함
Daegu/대구,Jung-gu/중구,Unbuk-dong/운북동
Daegu/대구,Jung-gu/중구,Unnam-dong/운남동
Daegu/대구,Jung-gu/중구,Unseo-dong/운서동
Daegu/대구,Jung-gu/중구,Wanjeon-dong/완전동
Daegu/대구,Jung-gu/중구,Yaksa-dong/약사동
Daegu/대구,Jung-gu/중구,Yegwan-dong/예관동
Daegu/대구,Jung-gu/중구,Yejang-dong/예장동
Daegu/대구,Jung-gu/중구,Yeongju 1(il)-dong/영주1동
Daegu/대구,Jung-gu/중구,Yeongju 2(i)-dong/영주2동
Daegu/대구,Jung-gu/중구,Yeongju-dong/영주동
Daegu/대구,Jung-gu/중구,Yongdeok-dong/용덕동
Daegu/대구,Jung-gu/중구,Yong-dong/용동
Daegu/대구,Jung-gu/중구,Yongdu-dong/용두동
Daegu/대구,Jung-gu/중구,Yucheon 1(il)-dong/유천1동
Daegu/대구,Jung-gu/중구,Yucheon 2(i)-dong/유천2동
Daegu/대구,Jung-gu/중구,Yucheon-dong/유천동
Daegu/대구,Jung-gu/중구,Yu-dong/유동
Daegu/대구,Jung-gu/중구,Yugok-dong/유곡동
Daegu/대구,Jung-gu/중구,Yulmok-dong/율목동
Daegu/대구,Nam-gu/남구,Apchon-dong/압촌동
Daegu/대구,Nam-gu/남구,Baegun 1(il)-dong/백운1동
Daegu/대구,Nam-gu/남구,Baegun 2(i)-dong/백운2동
Daegu/대구,Nam-gu/남구,Baegun-dong/백운동
Daegu/대구,Nam-gu/남구,Bangrim 1(il)-dong/방림1동
Daegu/대구,Nam-gu/남구,Bangrim 2(i)-dong/방림2동
Daegu/대구,Nam-gu/남구,Bangrim-dong/방림동
Daegu/대구,Nam-gu/남구,Bongdeog 1(il)-dong/봉덕1동
Daegu/대구,Nam-gu/남구,Bongdeog 2(i)-dong/봉덕2동
Daegu/대구,Nam-gu/남구,Bongdeog 3(sam)-dong/봉덕3동
Daegu/대구,Nam-gu/남구,Bongdeok-dong/봉덕동
Daegu/대구,Nam-gu/남구,Bongseon 1(il)-dong/봉선1동
Daegu/대구,Nam-gu/남구,Bongseon 2(i)-dong/봉선2동
Daegu/대구,Nam-gu/남구,Bongseon-dong/봉선동
Daegu/대구,Nam-gu/남구,Bugok-dong/부곡동
Daegu/대구,Nam-gu/남구,Chilseok-dong/칠석동
Daegu/대구,Nam-gu/남구,Daeji-dong/대지동
Daegu/대구,Nam-gu/남구,Daemyeong 1(il)-dong/대명1동
Daegu/대구,Nam-gu/남구,Daemyeong 10(sip)-dong/대명10동
Daegu/대구,Nam-gu/남구,Daemyeong 11(sibil)-dong/대명11동
Daegu/대구,Nam-gu/남구,Daemyeong 2(i)-dong/대명2동
Daegu/대구,Nam-gu/남구,Daemyeong 3(sam)-dong/대명3동
Daegu/대구,Nam-gu/남구,Daemyeong 4(sa)-dong/대명4동
Daegu/대구,Nam-gu/남구,Daemyeong 5(o)-dong/대명5동
Daegu/대구,Nam-gu/남구,Daemyeong 6(yuk)-dong/대명6동
Daegu/대구,Nam-gu/남구,Daemyeong 9(gu)-dong/대명9동
Daegu/대구,Nam-gu/남구,Daemyeong-dong/대명동
Daegu/대구,Nam-gu/남구,Daeyeon 1(il)-dong/대연1동
Daegu/대구,Nam-gu/남구,Daeyeon 2(i)-dong/대연2동
Daegu/대구,Nam-gu/남구,Daeyeon 3(sam)-dong/대연3동
Daegu/대구,Nam-gu/남구,Daeyeon 4(sa)-dong/대연4동
Daegu/대구,Nam-gu/남구,Daeyeon 5(o)-dong/대연5동
Daegu/대구,Nam-gu/남구,Daeyeon 6(yuk)-dong/대연6동
Daegu/대구,Nam-gu/남구,Daeyeon-dong/대연동
Daegu/대구,Nam-gu/남구,Dal-dong/달동
Daegu/대구,Nam-gu/남구,Deoknam-dong/덕남동
Daegu/대구,Nam-gu/남구,Dogeum-dong/도금동
Daegu/대구,Nam-gu/남구,Dohwa 1(il)-dong/도화1동
Daegu/대구,Nam-gu/남구,Dohwa 2(i)-dong/도화2동
Daegu/대구,Nam-gu/남구,Dohwa 3(sam)-dong/도화3동
Daegu/대구,Nam-gu/남구,Dohwa-dong/도화동
Daegu/대구,Nam-gu/남구,Duwang-dong/두왕동
Daegu/대구,Nam-gu/남구,Gaeun-dong/개운동
Daegu/대구,Nam-gu/남구,Gamman 1(il)-dong/감만1동
Daegu/대구,Nam-gu/남구,Gamman 2(i)-dong/감만2동
Daegu/대구,Nam-gu/남구,Gamman-dong/감만동
Daegu/대구,Nam-gu/남구,Gosa-dong/고사동
Daegu/대구,Nam-gu/남구,Gu-dong/구동
Daegu/대구,Nam-gu/남구,Guso-dong/구소동
Daegu/대구,Nam-gu/남구,Gwangyo-dong/관교동
Daegu/대구,Nam-gu/남구,Haengam-dong/행암동
Daegu/대구,Nam-gu/남구,Hagig 1(il)-dong/학익1동
Daegu/대구,Nam-gu/남구,Hagig 2(i)-dong/학익2동
Daegu/대구,Nam-gu/남구,Hagik-dong/학익동
Daegu/대구,Nam-gu/남구,Hwajang-dong/화장동
Daegu/대구,Nam-gu/남구,Hwangseong-dong/황성동
Daegu/대구,Nam-gu/남구,Icheon-dong/이천동
Daegu/대구,Nam-gu/남구,Ijang-dong/이장동
Daegu/대구,Nam-gu/남구,Imam-dong/임암동
Daegu/대구,Nam-gu/남구,Jangsaengpo-dong/장생포동
Daegu/대구,Nam-gu/남구,Jinwol-dong/진월동
Daegu/대구,Nam-gu/남구,Jiseok-dong/지석동
Daegu/대구,Nam-gu/남구,Juan 1(il)-dong/주안1동
Daegu/대구,Nam-gu/남구,Juan 2(i)-dong/주안2동
Daegu/대구,Nam-gu/남구,Juan 3(sam)-dong/주안3동
Daegu/대구,Nam-gu/남구,Juan 4(sa)-dong/주안4동
Daegu/대구,Nam-gu/남구,Juan 5(o)-dong/주안5동
Daegu/대구,Nam-gu/남구,Juan 6(yuk)-dong/주안6동
Daegu/대구,Nam-gu/남구,Juan 7(chil)-dong/주안7동
Daegu/대구,Nam-gu/남구,Juan 8(pal)-dong/주안8동
Daegu/대구,Nam-gu/남구,Juan-dong/주안동
Daegu/대구,Nam-gu/남구,Juwol-dong/주월동
Daegu/대구,Nam-gu/남구,Juwor 1(il)-dong/주월1동
Daegu/대구,Nam-gu/남구,Juwor 2(i)-dong/주월2동
Daegu/대구,Nam-gu/남구,Maeam-dong/매암동
Daegu/대구,Nam-gu/남구,Mugeo-dong/무거동
Daegu/대구,Nam-gu/남구,Munhak-dong/문학동
Daegu/대구,Nam-gu/남구,Munhyeon 1(il)-dong/문현1동
Daegu/대구,Nam-gu/남구,Munhyeon 2(i)-dong/문현2동
Daegu/대구,Nam-gu/남구,Munhyeon 3(sam)-dong/문현3동
Daegu/대구,Nam-gu/남구,Munhyeon 4(sa)-dong/문현4동
Daegu/대구,Nam-gu/남구,Munhyeon-dong/문현동
Daegu/대구,Nam-gu/남구,Namdaeguucheguksaseoham/남대구우체국사서함
Daegu/대구,Nam-gu/남구,Namhwa-dong/남화동
Daegu/대구,Nam-gu/남구,Namulsanucheguksaseoham/남울산우체국사서함
Daegu/대구,Nam-gu/남구,Nodae-dong/노대동
Daegu/대구,Nam-gu/남구,Ok-dong/옥동
Daegu/대구,Nam-gu/남구,Sa-dong/사동
Daegu/대구,Nam-gu/남구,Samsan-dong/삼산동
Daegu/대구,Nam-gu/남구,Sanggae-dong/상개동
Daegu/대구,Nam-gu/남구,Seo 1(il)-dong/서1동
Daegu/대구,Nam-gu/남구,Seo 2(i)-dong/서2동
Daegu/대구,Nam-gu/남구,Seo-dong/서동
Daegu/대구,Nam-gu/남구,Seokjeong-dong/석정동
Daegu/대구,Nam-gu/남구,Seonam-dong/선암동
Daegu/대구,Nam-gu/남구,Seongam-dong/성암동
Daegu/대구,Nam-gu/남구,Seungchon-dong/승촌동
Daegu/대구,Nam-gu/남구,Sinjang-dong/신장동
Daegu/대구,Nam-gu/남구,Sinjeong 1(il)-dong/신정1동
Daegu/대구,Nam-gu/남구,Sinjeong 2(i)-dong/신정2동
Daegu/대구,Nam-gu/남구,Sinjeong 3(sam)-dong/신정3동
Daegu/대구,Nam-gu/남구,Sinjeong 4(sa)-dong/신정4동
Daegu/대구,Nam-gu/남구,Sinjeong 5(o)-dong/신정5동
Daegu/대구,Nam-gu/남구,Sinjeong-dong/신정동
Daegu/대구,Nam-gu/남구,Songha-dong/송하동
Daegu/대구,Nam-gu/남구,Sungui 1(il)-dong/숭의1동
Daegu/대구,Nam-gu/남구,Sungui 2(i)-dong/숭의2동
Daegu/대구,Nam-gu/남구,Sungui 3(sam)-dong/숭의3동
Daegu/대구,Nam-gu/남구,Sungui 4(sa)-dong/숭의4동
Daegu/대구,Nam-gu/남구,Sungui-dong/숭의동
Daegu/대구,Nam-gu/남구,Uam 1(il)-dong/우암1동
Daegu/대구,Nam-gu/남구,Uam 2(i)-dong/우암2동
Daegu/대구,Nam-gu/남구,Uam-dong/우암동
Daegu/대구,Nam-gu/남구,Wolsan 1(il)-dong/월산1동
Daegu/대구,Nam-gu/남구,Wolsan 2(i)-dong/월산2동
Daegu/대구,Nam-gu/남구,Wolsan 3(sam)-dong/월산3동
Daegu/대구,Nam-gu/남구,Wolsan 4(sa)-dong/월산4동
Daegu/대구,Nam-gu/남구,Wolsan 5(o)-dong/월산5동
Daegu/대구,Nam-gu/남구,Wolsan-dong/월산동
Daegu/대구,Nam-gu/남구,Wolseong-dong/월성동
Daegu/대구,Nam-gu/남구,Wonsan-dong/원산동
Daegu/대구,Nam-gu/남구,Yaeum-dong/야음동
Daegu/대구,Nam-gu/남구,Yangchon-dong/양촌동
Daegu/대구,Nam-gu/남구,Yanggwa-dong/양과동
Daegu/대구,Nam-gu/남구,Yangrim-dong/양림동
Daegu/대구,Nam-gu/남구,Yeocheon-dong/여천동
Daegu/대구,Nam-gu/남구,Yongdang-dong/용당동
Daegu/대구,Nam-gu/남구,Yongho 1(il)-dong/용호1동
Daegu/대구,Nam-gu/남구,Yongho 2(i)-dong/용호2동
Daegu/대구,Nam-gu/남구,Yongho 3(sam)-dong/용호3동
Daegu/대구,Nam-gu/남구,Yongho 4(sa)-dong/용호4동
Daegu/대구,Nam-gu/남구,Yongho-dong/용호동
Daegu/대구,Nam-gu/남구,Yonghyeon 1(il)-dong/용현1동
Daegu/대구,Nam-gu/남구,Yonghyeon 2(i)-dong/용현2동
Daegu/대구,Nam-gu/남구,Yonghyeon 3(sam)-dong/용현3동
Daegu/대구,Nam-gu/남구,Yonghyeon 4(sa)-dong/용현4동
Daegu/대구,Nam-gu/남구,Yonghyeon 5(o)-dong/용현5동
Daegu/대구,Nam-gu/남구,Yonghyeon-dong/용현동
Daegu/대구,Nam-gu/남구,Yongjam-dong/용잠동
Daegu/대구,Nam-gu/남구,Yongyeon-dong/용연동
Daegu/대구,Seo-gu/서구,Amidong 1(il)-ga/아미동1가
Daegu/대구,Seo-gu/서구,Amidong 2(i)-ga/아미동2가
Daegu/대구,Seo-gu/서구,Ami-dong/아미동
Daegu/대구,Seo-gu/서구,Amnam-dong/암남동
Daegu/대구,Seo-gu/서구,Baekseok-dong/백석동
Daegu/대구,Seo-gu/서구,Bisan 1(il)-dong/비산1동
Daegu/대구,Seo-gu/서구,Bisan 2.3-dong/비산2.3동
Daegu/대구,Seo-gu/서구,Bisan 4(sa)-dong/비산4동
Daegu/대구,Seo-gu/서구,Bisan 5(o)-dong/비산5동
Daegu/대구,Seo-gu/서구,Bisan 6(yuk)-dong/비산6동
Daegu/대구,Seo-gu/서구,Bisan 7(chil)-dong/비산7동
Daegu/대구,Seo-gu/서구,Bisan-dong/비산동
Daegu/대구,Seo-gu/서구,Boksu-dong/복수동
Daegu/대구,Seo-gu/서구,Bonggok-dong/봉곡동
Daegu/대구,Seo-gu/서구,Bullo-dong/불로동
Daegu/대구,Seo-gu/서구,Bumindong 1(il)-ga/부민동1가
Daegu/대구,Seo-gu/서구,Bumindong 2(i)-ga/부민동2가
Daegu/대구,Seo-gu/서구,Bumindong 3(sam)-ga/부민동3가
Daegu/대구,Seo-gu/서구,Bumin-dong/부민동
Daegu/대구,Seo-gu/서구,Buyongdong 1(il)-ga/부용동1가
Daegu/대구,Seo-gu/서구,Buyongdong 2(i)-ga/부용동2가
Daegu/대구,Seo-gu/서구,Buyong-dong/부용동
Daegu/대구,Seo-gu/서구,Byeokjin-dong/벽진동
Daegu/대구,Seo-gu/서구,Byeon-dong/변동
Daegu/대구,Seo-gu/서구,Chipyeong-dong/치평동
Daegu/대구,Seo-gu/서구,Chojang-dong/초장동
Daegu/대구,Seo-gu/서구,Chungmudong 1(il)-ga/충무동1가
Daegu/대구,Seo-gu/서구,Chungmudong 2(i)-ga/충무동2가
Daegu/대구,Seo-gu/서구,Chungmudong 3(sam)-ga/충무동3가
Daegu/대구,Seo-gu/서구,Chungmu-dong/충무동
Daegu/대구,Seo-gu/서구,Daegok-dong/대곡동
Daegu/대구,Seo-gu/서구,Daejeondunsanucheguksaseoham/대전둔산우체국사서함
Daegu/대구,Seo-gu/서구,Dangha-dong/당하동
Daegu/대구,Seo-gu/서구,Deokheung-dong/덕흥동
Daegu/대구,Seo-gu/서구,Doan-dong/도안동
Daegu/대구,Seo-gu/서구,Doma 1(il)-dong/도마1동
Daegu/대구,Seo-gu/서구,Doma 2(i)-dong/도마2동
Daegu/대구,Seo-gu/서구,Doma-dong/도마동
Daegu/대구,Seo-gu/서구,Dongdaesindong 1(il)-ga/동대신동1가
Daegu/대구,Seo-gu/서구,Dongdaesindong 2(i)-ga/동대신동2가
Daegu/대구,Seo-gu/서구,Dongdaesindong 3(sam)-ga/동대신동3가
Daegu/대구,Seo-gu/서구,Dunsan 1(il)-dong/둔산1동
Daegu/대구,Seo-gu/서구,Dunsan 2(i)-dong/둔산2동
Daegu/대구,Seo-gu/서구,Dunsan-dong/둔산동
Daegu/대구,Seo-gu/서구,Gajang-dong/가장동
Daegu/대구,Seo-gu/서구,Gajeong 1(il)-dong/가정1동
Daegu/대구,Seo-gu/서구,Gajeong 2(i)-dong/가정2동
Daegu/대구,Seo-gu/서구,Gajeong 3(sam)-dong/가정3동
Daegu/대구,Seo-gu/서구,Gajeong-dong/가정동
Daegu/대구,Seo-gu/서구,Gajwa 1(il)-dong/가좌1동
Daegu/대구,Seo-gu/서구,Gajwa 2(i)-dong/가좌2동
Daegu/대구,Seo-gu/서구,Gajwa 3(sam)-dong/가좌3동
Daegu/대구,Seo-gu/서구,Gajwa 4(sa)-dong/가좌4동
Daegu/대구,Seo-gu/서구,Gajwa-dong/가좌동
Daegu/대구,Seo-gu/서구,Galma 1(il)-dong/갈마1동
Daegu/대구,Seo-gu/서구,Galma 2(i)-dong/갈마2동
Daegu/대구,Seo-gu/서구,Galma-dong/갈마동
Daegu/대구,Seo-gu/서구,Gasuwon-dong/가수원동
Daegu/대구,Seo-gu/서구,Geomam-dong/검암동
Daegu/대구,Seo-gu/서구,Geumgok-dong/금곡동
Daegu/대구,Seo-gu/서구,Geumho-dong/금호동
Daegu/대구,Seo-gu/서구,Goegok-dong/괴곡동
Daegu/대구,Seo-gu/서구,Goejeong-dong/괴정동
Daegu/대구,Seo-gu/서구,Gongchon-dong/공촌동
Daegu/대구,Seo-gu/서구,Gwangcheon-dong/광천동
Daegu/대구,Seo-gu/서구,Gwanjeo 1(il)-dong/관저1동
Daegu/대구,Seo-gu/서구,Gwanjeo 2(i)-dong/관저2동
Daegu/대구,Seo-gu/서구,Gwanjeo-dong/관저동
Daegu/대구,Seo-gu/서구,Gyeongseo-dong/경서동
Daegu/대구,Seo-gu/서구,Heukseok-dong/흑석동
Daegu/대구,Seo-gu/서구,Hwajeong 1(il)-dong/화정1동
Daegu/대구,Seo-gu/서구,Hwajeong 2(i)-dong/화정2동
Daegu/대구,Seo-gu/서구,Hwajeong 3(sam)-dong/화정3동
Daegu/대구,Seo-gu/서구,Hwajeong 4(sa)-dong/화정4동
Daegu/대구,Seo-gu/서구,Hwajeong-dong/화정동
Daegu/대구,Seo-gu/서구,Ihyeon-dong/이현동
Daegu/대구,Seo-gu/서구,Jangan-dong/장안동
Daegu/대구,Seo-gu/서구,Jeongrim-dong/정림동
Daegu/대구,Seo-gu/서구,Jungri-dong/중리동
Daegu/대구,Seo-gu/서구,Maeno-dong/매노동
Daegu/대구,Seo-gu/서구,Maewol-dong/매월동
Daegu/대구,Seo-gu/서구,Majeon-dong/마전동
Daegu/대구,Seo-gu/서구,Mannyeon-dong/만년동
Daegu/대구,Seo-gu/서구,Mareuk-dong/마륵동
Daegu/대구,Seo-gu/서구,Naebang-dong/내방동
Daegu/대구,Seo-gu/서구,Naedang 1(il)-dong/내당1동
Daegu/대구,Seo-gu/서구,Naedang 2.3-dong/내당2.3동
Daegu/대구,Seo-gu/서구,Naedang 4(sa)-dong/내당4동
Daegu/대구,Seo-gu/서구,Naedang-dong/내당동
Daegu/대구,Seo-gu/서구,Nae-dong/내동
Daegu/대구,Seo-gu/서구,Nambumin 1(il)-dong/남부민1동
Daegu/대구,Seo-gu/서구,Nambumin 2(i)-dong/남부민2동
Daegu/대구,Seo-gu/서구,Nambumin-dong/남부민동
Daegu/대구,Seo-gu/서구,Nongseong 1(il)-dong/농성1동
Daegu/대구,Seo-gu/서구,Nongseong 2(i)-dong/농성2동
Daegu/대구,Seo-gu/서구,Nongseong-dong/농성동
Daegu/대구,Seo-gu/서구,O-dong/오동
Daegu/대구,Seo-gu/서구,Oryu-dong/오류동
Daegu/대구,Seo-gu/서구,Pungam-dong/풍암동
Daegu/대구,Seo-gu/서구,Pyeongchon-dong/평촌동
Daegu/대구,Seo-gu/서구,Pyeongri 1(il)-dong/평리1동
Daegu/대구,Seo-gu/서구,Pyeongri 2(i)-dong/평리2동
Daegu/대구,Seo-gu/서구,Pyeongri 3(sam)-dong/평리3동
Daegu/대구,Seo-gu/서구,Pyeongri 4(sa)-dong/평리4동
Daegu/대구,Seo-gu/서구,Pyeongri 5(o)-dong/평리5동
Daegu/대구,Seo-gu/서구,Pyeongri 6(yuk)-dong/평리6동
Daegu/대구,Seo-gu/서구,Pyeongri-dong/평리동
Daegu/대구,Seo-gu/서구,Samcheon-dong/삼천동
Daegu/대구,Seo-gu/서구,Sangmu 1(il)-dong/상무1동
Daegu/대구,Seo-gu/서구,Sangmu 2(i)-dong/상무2동
Daegu/대구,Seo-gu/서구,Sangmu-dong/상무동
Daegu/대구,Seo-gu/서구,Sangri-dong/상리동
Daegu/대구,Seo-gu/서구,Sanjik-dong/산직동
Daegu/대구,Seo-gu/서구,Seha-dong/세하동
Daegu/대구,Seo-gu/서구,Seochang-dong/서창동
Daegu/대구,Seo-gu/서구,Seodaeguucheguksaseoham/서대구우체국사서함
Daegu/대구,Seo-gu/서구,Seodaesindong 1(il)-ga/서대신동1가
Daegu/대구,Seo-gu/서구,Seodaesindong 2(i)-ga/서대신동2가
Daegu/대구,Seo-gu/서구,Seodaesindong 3(sam)-ga/서대신동3가
Daegu/대구,Seo-gu/서구,Seogwangjuucheguksaseoham/서광주우체국사서함
Daegu/대구,Seo-gu/서구,Seoincheonucheguksaseoham/서인천우체국사서함
Daegu/대구,Seo-gu/서구,Seoknam 1(il)-dong/석남1동
Daegu/대구,Seo-gu/서구,Seoknam 2(i)-dong/석남2동
Daegu/대구,Seo-gu/서구,Seoknam 3(sam)-dong/석남3동
Daegu/대구,Seo-gu/서구,Seoknam-dong/석남동
Daegu/대구,Seo-gu/서구,Sicheon-dong/시천동
Daegu/대구,Seo-gu/서구,Simgok-dong/심곡동
Daegu/대구,Seo-gu/서구,Sinhyeon-dong/신현동
Daegu/대구,Seo-gu/서구,Ssangchon-dong/쌍촌동
Daegu/대구,Seo-gu/서구,Tanbang-dong/탄방동
Daegu/대구,Seo-gu/서구,Toseongdong 1(il)-ga/토성동1가
Daegu/대구,Seo-gu/서구,Toseongdong 2(i)-ga/토성동2가
Daegu/대구,Seo-gu/서구,Toseongdong 3(sam)-ga/토성동3가
Daegu/대구,Seo-gu/서구,Toseongdong 4(sa)-ga/토성동4가
Daegu/대구,Seo-gu/서구,Toseongdong 5(o)-ga/토성동5가
Daegu/대구,Seo-gu/서구,Toseong-dong/토성동
Daegu/대구,Seo-gu/서구,Umyeong-dong/우명동
Daegu/대구,Seo-gu/서구,Wanggil-dong/왕길동
Daegu/대구,Seo-gu/서구,Wolpyeong 1(il)-dong/월평1동
Daegu/대구,Seo-gu/서구,Wolpyeong 2(i)-dong/월평2동
Daegu/대구,Seo-gu/서구,Wolpyeong 3(sam)-dong/월평3동
Daegu/대구,Seo-gu/서구,Wolpyeong-dong/월평동
Daegu/대구,Seo-gu/서구,Wonchang-dong/원창동
Daegu/대구,Seo-gu/서구,Wondaedong 1(il)-ga/원대동1가
Daegu/대구,Seo-gu/서구,Wondaedong 2(i)-ga/원대동2가
Daegu/대구,Seo-gu/서구,Wondaedong 3(sam)-ga/원대동3가
Daegu/대구,Seo-gu/서구,Wondang-dong/원당동
Daegu/대구,Seo-gu/서구,Wonjeong-dong/원정동
Daegu/대구,Seo-gu/서구,Yang 1(il)-dong/양1동
Daegu/대구,Seo-gu/서구,Yang 2(i)-dong/양2동
Daegu/대구,Seo-gu/서구,Yang 3(sam)-dong/양3동
Daegu/대구,Seo-gu/서구,Yang-dong/양동
Daegu/대구,Seo-gu/서구,Yeonhui-dong/연희동
Daegu/대구,Seo-gu/서구,Yongchon-dong/용촌동
Daegu/대구,Seo-gu/서구,Yongdu-dong/용두동
Daegu/대구,Seo-gu/서구,Yongmun-dong/용문동
Daegu/대구,Seo-gu/서구,Yuchon-dong/유촌동
Daegu/대구,Suseong-gu/수성구,Beomeo 1(il)-dong/범어1동
Daegu/대구,Suseong-gu/수성구,Beomeo 2(i)-dong/범어2동
Daegu/대구,Suseong-gu/수성구,Beomeo 3(sam)-dong/범어3동
Daegu/대구,Suseong-gu/수성구,Beomeo 4(sa)-dong/범어4동
Daegu/대구,Suseong-gu/수성구,Beomeo-dong/범어동
Daegu/대구,Suseong-gu/수성구,Beommul-dong/범물동
Daegu/대구,Suseong-gu/수성구,Beommur 1(il)-dong/범물1동
Daegu/대구,Suseong-gu/수성구,Beommur 2(i)-dong/범물2동
Daegu/대구,Suseong-gu/수성구,Daegususeongucheguksaseoham/대구수성우체국사서함
Daegu/대구,Suseong-gu/수성구,Daeheung-dong/대흥동
Daegu/대구,Suseong-gu/수성구,Dusan-dong/두산동
Daegu/대구,Suseong-gu/수성구,Gacheon-dong/가천동
Daegu/대구,Suseong-gu/수성구,Gomo-dong/고모동
Daegu/대구,Suseong-gu/수성구,Hwanggeum 1(il)-dong/황금1동
Daegu/대구,Suseong-gu/수성구,Hwanggeum 2(i)-dong/황금2동
Daegu/대구,Suseong-gu/수성구,Hwanggeum-dong/황금동
Daegu/대구,Suseong-gu/수성구,Icheon-dong/이천동
Daegu/대구,Suseong-gu/수성구,Jisan 1(il)-dong/지산1동
Daegu/대구,Suseong-gu/수성구,Jisan 2(i)-dong/지산2동
Daegu/대구,Suseong-gu/수성구,Jisan-dong/지산동
Daegu/대구,Suseong-gu/수성구,Jung-dong/중동
Daegu/대구,Suseong-gu/수성구,Maeho-dong/매호동
Daegu/대구,Suseong-gu/수성구,Manchon 1(il)-dong/만촌1동
Daegu/대구,Suseong-gu/수성구,Manchon 2(i)-dong/만촌2동
Daegu/대구,Suseong-gu/수성구,Manchon 3(sam)-dong/만촌3동
Daegu/대구,Suseong-gu/수성구,Manchon-dong/만촌동
Daegu/대구,Suseong-gu/수성구,Nobyeon-dong/노변동
Daegu/대구,Suseong-gu/수성구,Pa-dong/파동
Daegu/대구,Suseong-gu/수성구,Samdeok-dong/삼덕동
Daegu/대구,Suseong-gu/수성구,Sang-dong/상동
Daegu/대구,Suseong-gu/수성구,Sawol-dong/사월동
Daegu/대구,Suseong-gu/수성구,Seong-dong/성동
Daegu/대구,Suseong-gu/수성구,Siji-dong/시지동
Daegu/대구,Suseong-gu/수성구,Sinmae-dong/신매동
Daegu/대구,Suseong-gu/수성구,Suseongdong 1(il)-ga/수성동1가
Daegu/대구,Suseong-gu/수성구,Suseongdong 2(i)-ga/수성동2가
Daegu/대구,Suseong-gu/수성구,Suseongdong 3(sam)-ga/수성동3가
Daegu/대구,Suseong-gu/수성구,Suseongdong 4(sa)-ga/수성동4가
Daegu/대구,Suseong-gu/수성구,Uksu-dong/욱수동
Daegu/대구,Suseong-gu/수성구,Yeonho-dong/연호동
Daejeon/대전,Daedeok-gu/대덕구,Beob 1(il)-dong/법1동
Daejeon/대전,Daedeok-gu/대덕구,Beob 2(i)-dong/법2동
Daejeon/대전,Daedeok-gu/대덕구,Beop-dong/법동
Daejeon/대전,Daedeok-gu/대덕구,Birae-dong/비래동
Daejeon/대전,Daedeok-gu/대덕구,Busu-dong/부수동
Daejeon/대전,Daedeok-gu/대덕구,Daehwa-dong/대화동
Daejeon/대전,Daedeok-gu/대덕구,Daejeondaedeogucheguksaseoham/대전대덕우체국사서함
Daejeon/대전,Daedeok-gu/대덕구,Deogam-dong/덕암동
Daejeon/대전,Daedeok-gu/대덕구,Eupnae-dong/읍내동
Daejeon/대전,Daedeok-gu/대덕구,Galjeon-dong/갈전동
Daejeon/대전,Daedeok-gu/대덕구,Hwangho-dong/황호동
Daejeon/대전,Daedeok-gu/대덕구,Ihyeon-dong/이현동
Daejeon/대전,Daedeok-gu/대덕구,Jang-dong/장동
Daejeon/대전,Daedeok-gu/대덕구,Jungri-dong/중리동
Daejeon/대전,Daedeok-gu/대덕구,Miho-dong/미호동
Daejeon/대전,Daedeok-gu/대덕구,Moksang-dong/목상동
Daejeon/대전,Daedeok-gu/대덕구,Munpyeong-dong/문평동
Daejeon/대전,Daedeok-gu/대덕구,Ojeong-dong/오정동
Daejeon/대전,Daedeok-gu/대덕구,Pyeongchon-dong/평촌동
Daejeon/대전,Daedeok-gu/대덕구,Samjeong-dong/삼정동
Daejeon/대전,Daedeok-gu/대덕구,Sangseo-dong/상서동
Daejeon/대전,Daedeok-gu/대덕구,Seokbong-dong/석봉동
Daejeon/대전,Daedeok-gu/대덕구,Sindae-dong/신대동
Daejeon/대전,Daedeok-gu/대덕구,Sinil-dong/신일동
Daejeon/대전,Daedeok-gu/대덕구,Sintanjin-dong/신탄진동
Daejeon/대전,Daedeok-gu/대덕구,Songchon-dong/송촌동
Daejeon/대전,Daedeok-gu/대덕구,Wa-dong/와동
Daejeon/대전,Daedeok-gu/대덕구,Yeonchuk-dong/연축동
Daejeon/대전,Daedeok-gu/대덕구,Yongho-dong/용호동
Daejeon/대전,Dong-gu/동구,Baegan-dong/백안동
Daejeon/대전,Dong-gu/동구,Bangchon-dong/방촌동
Daejeon/대전,Dong-gu/동구,Bangeo-dong/방어동
Daejeon/대전,Dong-gu/동구,Beomil-dong/범일동
Daejeon/대전,Dong-gu/동구,Beomir 1(il)-dong/범일1동
Daejeon/대전,Dong-gu/동구,Beomir 2(i)-dong/범일2동
Daejeon/대전,Dong-gu/동구,Beomir 4(sa)-dong/범일4동
Daejeon/대전,Dong-gu/동구,Beomir 5(o)-dong/범일5동
Daejeon/대전,Dong-gu/동구,Biryong-dong/비룡동
Daejeon/대전,Dong-gu/동구,Bongmu-dong/봉무동
Daejeon/대전,Dong-gu/동구,Bu-dong/부동
Daejeon/대전,Dong-gu/동구,Bullo-dong/불로동
Daejeon/대전,Dong-gu/동구,Bullo-dong/불로동
Daejeon/대전,Dong-gu/동구,Changyeong-dong/창영동
Daejeon/대전,Dong-gu/동구,Cheon-dong/천동
Daejeon/대전,Dong-gu/동구,Choryang 1(il)-dong/초량1동
Daejeon/대전,Dong-gu/동구,Choryang 2(i)-dong/초량2동
Daejeon/대전,Dong-gu/동구,Choryang 3(sam)-dong/초량3동
Daejeon/대전,Dong-gu/동구,Choryang 6(yuk)-dong/초량6동
Daejeon/대전,Dong-gu/동구,Choryang-dong/초량동
Daejeon/대전,Dong-gu/동구,Chu-dong/추동
Daejeon/대전,Dong-gu/동구,Chungjangro 1(il)-ga/충장로1가
Daejeon/대전,Dong-gu/동구,Chungjangro 2(i)-ga/충장로2가
Daejeon/대전,Dong-gu/동구,Chungjangro 3(sam)-ga/충장로3가
Daejeon/대전,Dong-gu/동구,Chungjangro 4(sa)-ga/충장로4가
Daejeon/대전,Dong-gu/동구,Chungjangro 5(o)-ga/충장로5가
Daejeon/대전,Dong-gu/동구,Dae 1(il)-dong/대1동
Daejeon/대전,Dong-gu/동구,Dae 2(i)-dong/대2동
Daejeon/대전,Dong-gu/동구,Daebyeol-dong/대별동
Daejeon/대전,Dong-gu/동구,Dae-dong/대동
Daejeon/대전,Dong-gu/동구,Daein-dong/대인동
Daejeon/대전,Dong-gu/동구,Daejeonucheguksaseoham/대전우체국사서함
Daejeon/대전,Dong-gu/동구,Daerim-dong/대림동
Daejeon/대전,Dong-gu/동구,Daeseong-dong/대성동
Daejeon/대전,Dong-gu/동구,Daesong-dong/대송동
Daejeon/대전,Dong-gu/동구,Daeui-dong/대의동
Daejeon/대전,Dong-gu/동구,Deokgok-dong/덕곡동
Daejeon/대전,Dong-gu/동구,Do-dong/도동
Daejeon/대전,Dong-gu/동구,Dohak-dong/도학동
Daejeon/대전,Dong-gu/동구,Dongbu-dong/동부동
Daejeon/대전,Dong-gu/동구,Dongbusanucheguksaseoham/동부산우체국사서함
Daejeon/대전,Dong-gu/동구,Dongdaeguucheguksaseoham/동대구우체국사서함
Daejeon/대전,Dong-gu/동구,Dongho-dong/동호동
Daejeon/대전,Dong-gu/동구,Dongmyeong-dong/동명동
Daejeon/대전,Dong-gu/동구,Dongnae-dong/동내동
Daejeon/대전,Dong-gu/동구,Dongulsanucheguksaseoham/동울산우체국사서함
Daejeon/대전,Dong-gu/동구,Dunsan-dong/둔산동
Daejeon/대전,Dong-gu/동구,Gaksan-dong/각산동
Daejeon/대전,Dong-gu/동구,Gao-dong/가오동
Daejeon/대전,Dong-gu/동구,Gayang 1(il)-dong/가양1동
Daejeon/대전,Dong-gu/동구,Gayang 2(i)-dong/가양2동
Daejeon/대전,Dong-gu/동구,Gayang-dong/가양동
Daejeon/대전,Dong-gu/동구,Geomsa-dong/검사동
Daejeon/대전,Dong-gu/동구,Geum-dong/금동
Daejeon/대전,Dong-gu/동구,Geumgang-dong/금강동
Daejeon/대전,Dong-gu/동구,Geumgok-dong/금곡동
Daejeon/대전,Dong-gu/동구,Geumnamro 1(il)-ga/금남로1가
Daejeon/대전,Dong-gu/동구,Geumnamro 2(i)-ga/금남로2가
Daejeon/대전,Dong-gu/동구,Geumnamro 3(sam)-ga/금남로3가
Daejeon/대전,Dong-gu/동구,Geumnamro 4(sa)-ga/금남로4가
Daejeon/대전,Dong-gu/동구,Geumnamro 5(o)-ga/금남로5가
Daejeon/대전,Dong-gu/동구,Goejeon-dong/괴전동
Daejeon/대전,Dong-gu/동구,Gudo-dong/구도동
Daejeon/대전,Dong-gu/동구,Gung-dong/궁동
Daejeon/대전,Dong-gu/동구,Gwangjuucheguksaseoham/광주우체국사서함
Daejeon/대전,Dong-gu/동구,Gwangsan-dong/광산동
Daejeon/대전,Dong-gu/동구,Gyerim 1(il)-dong/계림1동
Daejeon/대전,Dong-gu/동구,Gyerim 2(i)-dong/계림2동
Daejeon/대전,Dong-gu/동구,Gyerim-dong/계림동
Daejeon/대전,Dong-gu/동구,Hak-dong/학동
Daejeon/대전,Dong-gu/동구,Haso-dong/하소동
Daejeon/대전,Dong-gu/동구,Honam-dong/호남동
Daejeon/대전,Dong-gu/동구,Hongdo-dong/홍도동
Daejeon/대전,Dong-gu/동구,Hwajeong-dong/화정동
Daejeon/대전,Dong-gu/동구,Hwanggeum-dong/황금동
Daejeon/대전,Dong-gu/동구,Hwapyeong-dong/화평동
Daejeon/대전,Dong-gu/동구,Hwasu 1(il)-dong/화수1동
Daejeon/대전,Dong-gu/동구,Hwasu 2(i)-dong/화수2동
Daejeon/대전,Dong-gu/동구,Hwasu-dong/화수동
Daejeon/대전,Dong-gu/동구,Hyo-dong/효동
Daejeon/대전,Dong-gu/동구,Hyomog 1(il)-dong/효목1동
Daejeon/대전,Dong-gu/동구,Hyomog 2(i)-dong/효목2동
Daejeon/대전,Dong-gu/동구,Hyomok-dong/효목동
Daejeon/대전,Dong-gu/동구,Hyopyeong-dong/효평동
Daejeon/대전,Dong-gu/동구,Ilsan-dong/일산동
Daejeon/대전,Dong-gu/동구,In-dong/인동
Daejeon/대전,Dong-gu/동구,Ipseok-dong/입석동
Daejeon/대전,Dong-gu/동구,Isa-dong/이사동
Daejeon/대전,Dong-gu/동구,Jangcheok-dong/장척동
Daejeon/대전,Dong-gu/동구,Jang-dong/장동
Daejeon/대전,Dong-gu/동구,Jayang-dong/자양동
Daejeon/대전,Dong-gu/동구,Jeong-dong/정동
Daejeon/대전,Dong-gu/동구,Jeonha 1(il)-dong/전하1동
Daejeon/대전,Dong-gu/동구,Jeonha 2(i)-dong/전하2동
Daejeon/대전,Dong-gu/동구,Jeonha-dong/전하동
Daejeon/대전,Dong-gu/동구,Jijeo-dong/지저동
Daejeon/대전,Dong-gu/동구,Jik-dong/직동
Daejeon/대전,Dong-gu/동구,Jimyo-dong/지묘동
Daejeon/대전,Dong-gu/동구,Jinin-dong/진인동
Daejeon/대전,Dong-gu/동구,Jisan 1(il)-dong/지산1동
Daejeon/대전,Dong-gu/동구,Jisan 2(i)-dong/지산2동
Daejeon/대전,Dong-gu/동구,Jisan-dong/지산동
Daejeon/대전,Dong-gu/동구,Juchon-dong/주촌동
Daejeon/대전,Dong-gu/동구,Jujeon-dong/주전동
Daejeon/대전,Dong-gu/동구,Jungdae-dong/중대동
Daejeon/대전,Dong-gu/동구,Jung-dong/중동
Daejeon/대전,Dong-gu/동구,Jusan-dong/주산동
Daejeon/대전,Dong-gu/동구,Jwacheon 1(il)-dong/좌천1동
Daejeon/대전,Dong-gu/동구,Jwacheon 4(sa)-dong/좌천4동
Daejeon/대전,Dong-gu/동구,Jwacheon-dong/좌천동
Daejeon/대전,Dong-gu/동구,Maeyeo-dong/매여동
Daejeon/대전,Dong-gu/동구,Manseok-dong/만석동
Daejeon/대전,Dong-gu/동구,Masan-dong/마산동
Daejeon/대전,Dong-gu/동구,Midae-dong/미대동
Daejeon/대전,Dong-gu/동구,Migok-dong/미곡동
Daejeon/대전,Dong-gu/동구,Nae-dong/내동
Daejeon/대전,Dong-gu/동구,Naegok-dong/내곡동
Daejeon/대전,Dong-gu/동구,Naenam-dong/내남동
Daejeon/대전,Dong-gu/동구,Naetap-dong/내탑동
Daejeon/대전,Dong-gu/동구,Nam-dong/남동
Daejeon/대전,Dong-gu/동구,Nangwol-dong/낭월동
Daejeon/대전,Dong-gu/동구,Neungseong-dong/능성동
Daejeon/대전,Dong-gu/동구,O-dong/오동
Daejeon/대전,Dong-gu/동구,Panam 1(il)-dong/판암1동
Daejeon/대전,Dong-gu/동구,Panam 2(i)-dong/판암2동
Daejeon/대전,Dong-gu/동구,Panam-dong/판암동
Daejeon/대전,Dong-gu/동구,Pyeonggwang-dong/평광동
Daejeon/대전,Dong-gu/동구,Sabok-dong/사복동
Daejeon/대전,Dong-gu/동구,Samgoe-dong/삼괴동
Daejeon/대전,Dong-gu/동구,Samjeong-dong/삼정동
Daejeon/대전,Dong-gu/동구,Samseong-dong/삼성동
Daejeon/대전,Dong-gu/동구,Sangmae-dong/상매동
Daejeon/대전,Dong-gu/동구,Sangso-dong/상소동
Daejeon/대전,Dong-gu/동구,Sansu 1(il)-dong/산수1동
Daejeon/대전,Dong-gu/동구,Sansu 2(i)-dong/산수2동
Daejeon/대전,Dong-gu/동구,Sansu-dong/산수동
Daejeon/대전,Dong-gu/동구,Saseong-dong/사성동
Daejeon/대전,Dong-gu/동구,Secheon-dong/세천동
Daejeon/대전,Dong-gu/동구,Seobu-dong/서부동
Daejeon/대전,Dong-gu/동구,Seoho-dong/서호동
Daejeon/대전,Dong-gu/동구,Seongnam-dong/성남동
Daejeon/대전,Dong-gu/동구,Seongyo-dong/선교동
Daejeon/대전,Dong-gu/동구,Seoseok-dong/서석동
Daejeon/대전,Dong-gu/동구,Sinam 1(il)-dong/신암1동
Daejeon/대전,Dong-gu/동구,Sinam 2(i)-dong/신암2동
Daejeon/대전,Dong-gu/동구,Sinam 3(sam)-dong/신암3동
Daejeon/대전,Dong-gu/동구,Sinam 4(sa)-dong/신암4동
Daejeon/대전,Dong-gu/동구,Sinam 5(o)-dong/신암5동
Daejeon/대전,Dong-gu/동구,Sinam-dong/신암동
Daejeon/대전,Dong-gu/동구,Sinan-dong/신안동
Daejeon/대전,Dong-gu/동구,Sincheon 2(i)-dong/신천1.2동
Daejeon/대전,Dong-gu/동구,Sincheon 3(sam)-dong/신천3동
Daejeon/대전,Dong-gu/동구,Sincheon 4(sa)-dong/신천4동
Daejeon/대전,Dong-gu/동구,Sincheon-dong/신천동
Daejeon/대전,Dong-gu/동구,Sinchon-dong/신촌동
Daejeon/대전,Dong-gu/동구,Singi-dong/신기동
Daejeon/대전,Dong-gu/동구,Sinha-dong/신하동
Daejeon/대전,Dong-gu/동구,Sinheung-dong/신흥동
Daejeon/대전,Dong-gu/동구,Sinmu-dong/신무동
Daejeon/대전,Dong-gu/동구,Sinpyeong-dong/신평동
Daejeon/대전,Dong-gu/동구,Sinsang-dong/신상동
Daejeon/대전,Dong-gu/동구,Sinseo-dong/신서동
Daejeon/대전,Dong-gu/동구,Sinyong-dong/신용동
Daejeon/대전,Dong-gu/동구,Soho-dong/소호동
Daejeon/대전,Dong-gu/동구,Soje-dong/소제동
Daejeon/대전,Dong-gu/동구,Songhyeon 1(il)-dong/송현1동
Daejeon/대전,Dong-gu/동구,Songhyeon 2(i)-dong/송현2동
Daejeon/대전,Dong-gu/동구,Songhyeon 3(sam)-dong/송현3동
Daejeon/대전,Dong-gu/동구,Songhyeon-dong/송현동
Daejeon/대전,Dong-gu/동구,Songjeong-dong/송정동
Daejeon/대전,Dong-gu/동구,Songrim 1(il)-dong/송림1동
Daejeon/대전,Dong-gu/동구,Songrim 2(i)-dong/송림2동
Daejeon/대전,Dong-gu/동구,Songrim 3(sam)-dong/송림3동
Daejeon/대전,Dong-gu/동구,Songrim 4(sa)-dong/송림4동
Daejeon/대전,Dong-gu/동구,Songrim 5(o)-dong/송림5동
Daejeon/대전,Dong-gu/동구,Songrim 6(yuk)-dong/송림6동
Daejeon/대전,Dong-gu/동구,Songrim-dong/송림동
Daejeon/대전,Dong-gu/동구,Sotae-dong/소태동
Daejeon/대전,Dong-gu/동구,Sugi-dong/수기동
Daejeon/대전,Dong-gu/동구,Sujeong 1(il)-dong/수정1동
Daejeon/대전,Dong-gu/동구,Sujeong 2(i)-dong/수정2동
Daejeon/대전,Dong-gu/동구,Sujeong 4(sa)-dong/수정4동
Daejeon/대전,Dong-gu/동구,Sujeong 5(o)-dong/수정5동
Daejeon/대전,Dong-gu/동구,Sujeong-dong/수정동
Daejeon/대전,Dong-gu/동구,Sukcheon-dong/숙천동
Daejeon/대전,Dong-gu/동구,Unrim-dong/운림동
Daejeon/대전,Dong-gu/동구,Wolnam-dong/월남동
Daejeon/대전,Dong-gu/동구,Won-dong/원동
Daejeon/대전,Dong-gu/동구,Yonggye-dong/용계동
Daejeon/대전,Dong-gu/동구,Yonggye-dong/용계동
Daejeon/대전,Dong-gu/동구,Yongjeon-dong/용전동
Daejeon/대전,Dong-gu/동구,Yongsan-dong/용산동
Daejeon/대전,Dong-gu/동구,Yongsu-dong/용수동
Daejeon/대전,Dong-gu/동구,Yongun-dong/용운동
Daejeon/대전,Dong-gu/동구,Yongyeon-dong/용연동
Daejeon/대전,Dong-gu/동구,Yulha-dong/율하동
Daejeon/대전,Dong-gu/동구,Yuram-dong/율암동
Daejeon/대전,Jung-gu/중구,Anyeong-dong/안영동
Daejeon/대전,Jung-gu/중구,Bangsan-dong/방산동
Daejeon/대전,Jung-gu/중구,Bangu 1(il)-dong/반구1동
Daejeon/대전,Jung-gu/중구,Bangu 2(i)-dong/반구2동
Daejeon/대전,Jung-gu/중구,Bangu-dong/반구동
Daejeon/대전,Jung-gu/중구,Boksan 1(il)-dong/복산1동
Daejeon/대전,Jung-gu/중구,Boksan 2(i)-dong/복산2동
Daejeon/대전,Jung-gu/중구,Boksan-dong/복산동
Daejeon/대전,Jung-gu/중구,Bongraedong 1(il)-ga/봉래동1가
Daejeon/대전,Jung-gu/중구,Bongraedong 2(i)-ga/봉래동2가
Daejeon/대전,Jung-gu/중구,Bongsan-dong/봉산동
Daejeon/대전,Jung-gu/중구,Bosudong 1(il)-ga/보수동1가
Daejeon/대전,Jung-gu/중구,Bosudong 2(i)-ga/보수동2가
Daejeon/대전,Jung-gu/중구,Bosudong 3(sam)-ga/보수동3가
Daejeon/대전,Jung-gu/중구,Bosu-dong/보수동
Daejeon/대전,Jung-gu/중구,Bukchang-dong/북창동
Daejeon/대전,Jung-gu/중구,Bukjeong-dong/북정동
Daejeon/대전,Jung-gu/중구,Buknae-dong/북내동
Daejeon/대전,Jung-gu/중구,Bukseongdong 1(il)-ga/북성동1가
Daejeon/대전,Jung-gu/중구,Bukseongdong 2(i)-ga/북성동2가
Daejeon/대전,Jung-gu/중구,Bukseongdong 3(sam)-ga/북성동3가
Daejeon/대전,Jung-gu/중구,Bukseongro 1(il)-ga/북성로1가
Daejeon/대전,Jung-gu/중구,Bukseongro 2(i)-ga/북성로2가
Daejeon/대전,Jung-gu/중구,Bupyeongdong 1(il)-ga/부평동1가
Daejeon/대전,Jung-gu/중구,Bupyeongdong 2(i)-ga/부평동2가
Daejeon/대전,Jung-gu/중구,Bupyeongdong 3(sam)-ga/부평동3가
Daejeon/대전,Jung-gu/중구,Bupyeongdong 4(sa)-ga/부평동4가
Daejeon/대전,Jung-gu/중구,Bupyeong-dong/부평동
Daejeon/대전,Jung-gu/중구,Busa-dong/부사동
Daejeon/대전,Jung-gu/중구,Busanucheguksaseoham/부산우체국사서함
Daejeon/대전,Jung-gu/중구,Changseondong 1(il)-ga/창선동1가
Daejeon/대전,Jung-gu/중구,Changseondong 2(i)-ga/창선동2가
Daejeon/대전,Jung-gu/중구,Changseon-dong/창선동
Daejeon/대전,Jung-gu/중구,Chimsan-dong/침산동
Daejeon/대전,Jung-gu/중구,Cho-dong/초동
Daejeon/대전,Jung-gu/중구,Chungjeongro 1(il)-ga/충정로1가
Daejeon/대전,Jung-gu/중구,Chungmuro 1(il)-ga/충무로1가
Daejeon/대전,Jung-gu/중구,Chungmuro 2(i)-ga/충무로2가
Daejeon/대전,Jung-gu/중구,Chungmuro 3(sam)-ga/충무로3가
Daejeon/대전,Jung-gu/중구,Chungmuro 4(sa)-ga/충무로4가
Daejeon/대전,Jung-gu/중구,Chungmuro 5(o)-ga/충무로5가
Daejeon/대전,Jung-gu/중구,Da-dong/다동
Daejeon/대전,Jung-gu/중구,Daean-dong/대안동
Daejeon/대전,Jung-gu/중구,Daebong 1(il)-dong/대봉1동
Daejeon/대전,Jung-gu/중구,Daebong 2(i)-dong/대봉2동
Daejeon/대전,Jung-gu/중구,Daebong-dong/대봉동
Daejeon/대전,Jung-gu/중구,Daechangdong 1(il)-ga/대창동1가
Daejeon/대전,Jung-gu/중구,Daechangdong 2(i)-ga/대창동2가
Daejeon/대전,Jung-gu/중구,Daechang-dong/대창동
Daejeon/대전,Jung-gu/중구,Daecheongdong 1(il)-ga/대청동1가
Daejeon/대전,Jung-gu/중구,Daecheongdong 2(i)-ga/대청동2가
Daejeon/대전,Jung-gu/중구,Daecheongdong 3(sam)-ga/대청동3가
Daejeon/대전,Jung-gu/중구,Daecheongdong 4(sa)-ga/대청동4가
Daejeon/대전,Jung-gu/중구,Daecheong-dong/대청동
Daejeon/대전,Jung-gu/중구,Daeguucheguksaseoham/대구우체국사서함
Daejeon/대전,Jung-gu/중구,Daeheung-dong/대흥동
Daejeon/대전,Jung-gu/중구,Daesa-dong/대사동
Daejeon/대전,Jung-gu/중구,Daesin-dong/대신동
Daejeon/대전,Jung-gu/중구,Dalseong-dong/달성동
Daejeon/대전,Jung-gu/중구,Dap-dong/답동
Daejeon/대전,Jung-gu/중구,Daun-dong/다운동
Daejeon/대전,Jung-gu/중구,Deokgyo-dong/덕교동
Daejeon/대전,Jung-gu/중구,Deoksan-dong/덕산동
Daejeon/대전,Jung-gu/중구,Dong-dong/동동
Daejeon/대전,Jung-gu/중구,Donggwangdong 1(il)-ga/동광동1가
Daejeon/대전,Jung-gu/중구,Donggwangdong 2(i)-ga/동광동2가
Daejeon/대전,Jung-gu/중구,Donggwangdong 3(sam)-ga/동광동3가
Daejeon/대전,Jung-gu/중구,Donggwangdong 4(sa)-ga/동광동4가
Daejeon/대전,Jung-gu/중구,Donggwangdong 5(o)-ga/동광동5가
Daejeon/대전,Jung-gu/중구,Donggwang-dong/동광동
Daejeon/대전,Jung-gu/중구,Dongil-dong/동일동
Daejeon/대전,Jung-gu/중구,Dongindong 1(il)-ga/동인동1가
Daejeon/대전,Jung-gu/중구,Dongindong 2(i)-ga/동인동2가
Daejeon/대전,Jung-gu/중구,Dongindong 3(sam)-ga/동인동3가
Daejeon/대전,Jung-gu/중구,Dongindong 4(sa)-ga/동인동4가
Daejeon/대전,Jung-gu/중구,Dongmun-dong/동문동
Daejeon/대전,Jung-gu/중구,Dongsan-dong/동산동
Daejeon/대전,Jung-gu/중구,Dongseongro 1(il)-ga/동성로1가
Daejeon/대전,Jung-gu/중구,Dongseongro 2(i)-ga/동성로2가
Daejeon/대전,Jung-gu/중구,Dongseongro 3(sam)-ga/동성로3가
Daejeon/대전,Jung-gu/중구,Dowon-dong/도원동
Daejeon/대전,Jung-gu/중구,Dowon-dong/도원동
Daejeon/대전,Jung-gu/중구,Eonam-dong/어남동
Daejeon/대전,Jung-gu/중구,Euljiro 1(il)-ga/을지로1가
Daejeon/대전,Jung-gu/중구,Euljiro 2(i)-ga/을지로2가
Daejeon/대전,Jung-gu/중구,Euljiro 3(sam)-ga/을지로3가
Daejeon/대전,Jung-gu/중구,Euljiro 4(sa)-ga/을지로4가
Daejeon/대전,Jung-gu/중구,Euljiro 5(o)-ga/을지로5가
Daejeon/대전,Jung-gu/중구,Euljiro 6(yuk)-ga/을지로6가
Daejeon/대전,Jung-gu/중구,Euljiro 7(chil)-ga/을지로7가
Daejeon/대전,Jung-gu/중구,Eunhaeng-dong/은행동
Daejeon/대전,Jung-gu/중구,Eurwang-dong/을왕동
Daejeon/대전,Jung-gu/중구,Geum-dong/금동
Daejeon/대전,Jung-gu/중구,Gongpyeong-dong/공평동
Daejeon/대전,Jung-gu/중구,Guwan-dong/구완동
Daejeon/대전,Jung-gu/중구,Gwandong 1(il)-ga/관동1가
Daejeon/대전,Jung-gu/중구,Gwandong 2(i)-ga/관동2가
Daejeon/대전,Jung-gu/중구,Gwandong 3(sam)-ga/관동3가
Daejeon/대전,Jung-gu/중구,Gwangbokdong 1(il)-ga/광복동1가
Daejeon/대전,Jung-gu/중구,Gwangbokdong 2(i)-ga/광복동2가
Daejeon/대전,Jung-gu/중구,Gwangbokdong 3(sam)-ga/광복동3가
Daejeon/대전,Jung-gu/중구,Gwangbok-dong/광복동
Daejeon/대전,Jung-gu/중구,Gwanghuidong 1(il)-ga/광희동1가
Daejeon/대전,Jung-gu/중구,Gwanghuidong 2(i)-ga/광희동2가
Daejeon/대전,Jung-gu/중구,Gyeong-dong/경동
Daejeon/대전,Jung-gu/중구,Gyesandong 1(il)-ga/계산동1가
Daejeon/대전,Jung-gu/중구,Gyesandong 2(i)-ga/계산동2가
Daejeon/대전,Jung-gu/중구,Gyo-dong/교동
Daejeon/대전,Jung-gu/중구,Gyo-dong/교동
Daejeon/대전,Jung-gu/중구,Haeandong 1(il)-ga/해안동1가
Daejeon/대전,Jung-gu/중구,Haeandong 2(i)-ga/해안동2가
Daejeon/대전,Jung-gu/중구,Haeandong 3(sam)-ga/해안동3가
Daejeon/대전,Jung-gu/중구,Haeandong 4(sa)-ga/해안동4가
Daejeon/대전,Jung-gu/중구,Haksan-dong/학산동
Daejeon/대전,Jung-gu/중구,Hakseong-dong/학성동
Daejeon/대전,Jung-gu/중구,Hangdong 1(il)-ga/항동1가
Daejeon/대전,Jung-gu/중구,Hangdong 2(i)-ga/항동2가
Daejeon/대전,Jung-gu/중구,Hangdong 3(sam)-ga/항동3가
Daejeon/대전,Jung-gu/중구,Hangdong 4(sa)-ga/항동4가
Daejeon/대전,Jung-gu/중구,Hangdong 5(o)-ga/항동5가
Daejeon/대전,Jung-gu/중구,Hangdong 6(yuk)-ga/항동6가
Daejeon/대전,Jung-gu/중구,Hangdong 7(chil)-ga/항동7가
Daejeon/대전,Jung-gu/중구,Haseo-dong/하서동
Daejeon/대전,Jung-gu/중구,Heungin-dong/흥인동
Daejeon/대전,Jung-gu/중구,Ho-dong/호동
Daejeon/대전,Jung-gu/중구,Hoehyeondong 1(il)-ga/회현동1가
Daejeon/대전,Jung-gu/중구,Hoehyeondong 2(i)-ga/회현동2가
Daejeon/대전,Jung-gu/중구,Hoehyeondong 3(sam)-ga/회현동3가
Daejeon/대전,Jung-gu/중구,Hwajeon-dong/화전동
Daejeon/대전,Jung-gu/중구,Hwanghak-dong/황학동
Daejeon/대전,Jung-gu/중구,Hyangchon-dong/향촌동
Daejeon/대전,Jung-gu/중구,Incheongonghangucheguksaseoham/인천공항우체국사서함
Daejeon/대전,Jung-gu/중구,Ingyo-dong/인교동
Daejeon/대전,Jung-gu/중구,Inhyeondong 1(il)-ga/인현동1가
Daejeon/대전,Jung-gu/중구,Inhyeondong 2(i)-ga/인현동2가
Daejeon/대전,Jung-gu/중구,Inhyeon-dong/인현동
Daejeon/대전,Jung-gu/중구,Ipjeong-dong/입정동
Daejeon/대전,Jung-gu/중구,Jangchungdong 1(il)-ga/장충동1가
Daejeon/대전,Jung-gu/중구,Jangchungdong 2(i)-ga/장충동2가
Daejeon/대전,Jung-gu/중구,Janggwan-dong/장관동
Daejeon/대전,Jung-gu/중구,Janggyo-dong/장교동
Daejeon/대전,Jung-gu/중구,Janghyeon-dong/장현동
Daejeon/대전,Jung-gu/중구,Jeodong 1(il)-ga/저동1가
Daejeon/대전,Jung-gu/중구,Jeodong 2(i)-ga/저동2가
Daejeon/대전,Jung-gu/중구,Jeon-dong/전동
Daejeon/대전,Jung-gu/중구,Jeon-dong/전동
Daejeon/대전,Jung-gu/중구,Jeong-dong/정동
Daejeon/대전,Jung-gu/중구,Jeongsaeng-dong/정생동
Daejeon/대전,Jung-gu/중구,Jongro 1(il)-ga/종로1가
Daejeon/대전,Jung-gu/중구,Jongro 2(i)-ga/종로2가
Daejeon/대전,Jung-gu/중구,Jugyo-dong/주교동
Daejeon/대전,Jung-gu/중구,Juja-dong/주자동
Daejeon/대전,Jung-gu/중구,Jungangdong 1(il)-ga/중앙동1가
Daejeon/대전,Jung-gu/중구,Jungangdong 1(il)-ga/중앙동1가
Daejeon/대전,Jung-gu/중구,Jungangdong 2(i)-ga/중앙동2가
Daejeon/대전,Jung-gu/중구,Jungangdong 2(i)-ga/중앙동2가
Daejeon/대전,Jung-gu/중구,Jungangdong 3(sam)-ga/중앙동3가
Daejeon/대전,Jung-gu/중구,Jungangdong 3(sam)-ga/중앙동3가
Daejeon/대전,Jung-gu/중구,Jungangdong 4(sa)-ga/중앙동4가
Daejeon/대전,Jung-gu/중구,Jungangdong 4(sa)-ga/중앙동4가
Daejeon/대전,Jung-gu/중구,Jungangdong 5(o)-ga/중앙동5가
Daejeon/대전,Jung-gu/중구,Jungangdong 6(yuk)-ga/중앙동6가
Daejeon/대전,Jung-gu/중구,Jungangdong 7(chil)-ga/중앙동7가
Daejeon/대전,Jung-gu/중구,Jungang-dong/중앙동
Daejeon/대전,Jung-gu/중구,Jungangucheguksaseoham/중앙우체국사서함
Daejeon/대전,Jung-gu/중구,Jungchon-dong/중촌동
Daejeon/대전,Jung-gu/중구,Jungrim-dong/중림동
Daejeon/대전,Jung-gu/중구,Jungsan-dong/중산동
Daejeon/대전,Jung-gu/중구,Manridong 1(il)-ga/만리동1가
Daejeon/대전,Jung-gu/중구,Manridong 2(i)-ga/만리동2가
Daejeon/대전,Jung-gu/중구,Mokdal-dong/목달동
Daejeon/대전,Jung-gu/중구,Mok-dong/목동
Daejeon/대전,Jung-gu/중구,Mugyo-dong/무교동
Daejeon/대전,Jung-gu/중구,Muhak-dong/무학동
Daejeon/대전,Jung-gu/중구,Mukjeong-dong/묵정동
Daejeon/대전,Jung-gu/중구,Munchang-dong/문창동
Daejeon/대전,Jung-gu/중구,Munhwa 1(il)-dong/문화1동
Daejeon/대전,Jung-gu/중구,Munhwa 2(i)-dong/문화2동
Daejeon/대전,Jung-gu/중구,Munhwa-dong/문화동
Daejeon/대전,Jung-gu/중구,Munhwa-dong/문화동
Daejeon/대전,Jung-gu/중구,Musu-dong/무수동
Daejeon/대전,Jung-gu/중구,Muui-dong/무의동
Daejeon/대전,Jung-gu/중구,Myeongdong 1(il)-ga/명동1가
Daejeon/대전,Jung-gu/중구,Myeongdong 2(i)-ga/명동2가
Daejeon/대전,Jung-gu/중구,Nae-dong/내동
Daejeon/대전,Jung-gu/중구,Nambuk-dong/남북동
Daejeon/대전,Jung-gu/중구,Namchang-dong/남창동
Daejeon/대전,Jung-gu/중구,Namdaemunro 1(il)-ga/남대문로1가
Daejeon/대전,Jung-gu/중구,Namdaemunro 2(i)-ga/남대문로2가
Daejeon/대전,Jung-gu/중구,Namdaemunro 3(sam)-ga/남대문로3가
Daejeon/대전,Jung-gu/중구,Namdaemunro 4(sa)-ga/남대문로4가
Daejeon/대전,Jung-gu/중구,Namdaemunro 5(o)-ga/남대문로5가
Daejeon/대전,Jung-gu/중구,Namhak-dong/남학동
Daejeon/대전,Jung-gu/중구,Namil-dong/남일동
Daejeon/대전,Jung-gu/중구,Namoe-dong/남외동
Daejeon/대전,Jung-gu/중구,Nampodong 1(il)-ga/남포동1가
Daejeon/대전,Jung-gu/중구,Nampodong 2(i)-ga/남포동2가
Daejeon/대전,Jung-gu/중구,Nampodong 3(sam)-ga/남포동3가
Daejeon/대전,Jung-gu/중구,Nampodong 4(sa)-ga/남포동4가
Daejeon/대전,Jung-gu/중구,Nampodong 5(o)-ga/남포동5가
Daejeon/대전,Jung-gu/중구,Nampodong 6(yuk)-ga/남포동6가
Daejeon/대전,Jung-gu/중구,Nampo-dong/남포동
Daejeon/대전,Jung-gu/중구,Namsan 1(il)-dong/남산1동
Daejeon/대전,Jung-gu/중구,Namsan 2(i)-dong/남산2동
Daejeon/대전,Jung-gu/중구,Namsan 3(sam)-dong/남산3동
Daejeon/대전,Jung-gu/중구,Namsan 4(sa)-dong/남산4동
Daejeon/대전,Jung-gu/중구,Namsandong 1(il)-ga/남산동1가
Daejeon/대전,Jung-gu/중구,Namsandong 2(i)-ga/남산동2가
Daejeon/대전,Jung-gu/중구,Namsandong 3(sam)-ga/남산동3가
Daejeon/대전,Jung-gu/중구,Namsan-dong/남산동
Daejeon/대전,Jung-gu/중구,Namseongno/남성로
Daejeon/대전,Jung-gu/중구,Ojang-dong/오장동
Daejeon/대전,Jung-gu/중구,Okgye-dong/옥계동
Daejeon/대전,Jung-gu/중구,Okgyo-dong/옥교동
Daejeon/대전,Jung-gu/중구,Oryu-dong/오류동
Daejeon/대전,Jung-gu/중구,Pildong 1(il)-ga/필동1가
Daejeon/대전,Jung-gu/중구,Pildong 2(i)-ga/필동2가
Daejeon/대전,Jung-gu/중구,Pildong 3(sam)-ga/필동3가
Daejeon/대전,Jung-gu/중구,Pojeong-dong/포정동
Daejeon/대전,Jung-gu/중구,Sa-dong/사동
Daejeon/대전,Jung-gu/중구,Sail-dong/사일동
Daejeon/대전,Jung-gu/중구,Sajeong-dong/사정동
Daejeon/대전,Jung-gu/중구,Samdeokdong 1(il)-ga/삼덕동1가
Daejeon/대전,Jung-gu/중구,Samdeokdong 2(i)-ga/삼덕동2가
Daejeon/대전,Jung-gu/중구,Samdeokdong 3(sam)-ga/삼덕동3가
Daejeon/대전,Jung-gu/중구,Samgak-dong/삼각동
Daejeon/대전,Jung-gu/중구,Sangdeok-dong/상덕동
Daejeon/대전,Jung-gu/중구,Sangseo-dong/상서동
Daejeon/대전,Jung-gu/중구,Sanrim-dong/산림동
Daejeon/대전,Jung-gu/중구,Sanseong-dong/산성동
Daejeon/대전,Jung-gu/중구,Seodaejeonucheguksaseoham/서대전우체국사서함
Daejeon/대전,Jung-gu/중구,Seo-dong/서동
Daejeon/대전,Jung-gu/중구,Seokgyo-dong/석교동
Daejeon/대전,Jung-gu/중구,Seomunro 1(il)-ga/서문로1가
Daejeon/대전,Jung-gu/중구,Seomunro 2(i)-ga/서문로2가
Daejeon/대전,Jung-gu/중구,Seonae-dong/서내동
Daejeon/대전,Jung-gu/중구,Seongan-dong/성안동
Daejeon/대전,Jung-gu/중구,Seongnam-dong/성남동
Daejeon/대전,Jung-gu/중구,Seonhwa-dong/선화동
Daejeon/대전,Jung-gu/중구,Seonhwa-dong/선화동
Daejeon/대전,Jung-gu/중구,Seonrin-dong/선린동
Daejeon/대전,Jung-gu/중구,Seoseongro 1(il)-ga/서성로1가
Daejeon/대전,Jung-gu/중구,Seoseongro 2(i)-ga/서성로2가
Daejeon/대전,Jung-gu/중구,Seosomun-dong/서소문동
Daejeon/대전,Jung-gu/중구,Seoya-dong/서야동
Daejeon/대전,Jung-gu/중구,Sijangbugno/시장북로
Daejeon/대전,Jung-gu/중구,Sinchangdong 1(il)-ga/신창동1가
Daejeon/대전,Jung-gu/중구,Sinchangdong 2(i)-ga/신창동2가
Daejeon/대전,Jung-gu/중구,Sinchangdong 3(sam)-ga/신창동3가
Daejeon/대전,Jung-gu/중구,Sinchangdong 4(sa)-ga/신창동4가
Daejeon/대전,Jung-gu/중구,Sinchang-dong/신창동
Daejeon/대전,Jung-gu/중구,Sindang 1(il)-dong/신당1동
Daejeon/대전,Jung-gu/중구,Sindang 2(i)-dong/신당2동
Daejeon/대전,Jung-gu/중구,Sindang 3(sam)-dong/신당3동
Daejeon/대전,Jung-gu/중구,Sindang 4(sa)-dong/신당4동
Daejeon/대전,Jung-gu/중구,Sindang 5(o)-dong/신당5동
Daejeon/대전,Jung-gu/중구,Sindang 6(yuk)-dong/신당6동
Daejeon/대전,Jung-gu/중구,Sindang-dong/신당동
Daejeon/대전,Jung-gu/중구,Sinheungdong 1(il)-ga/신흥동1가
Daejeon/대전,Jung-gu/중구,Sinheungdong 2(i)-ga/신흥동2가
Daejeon/대전,Jung-gu/중구,Sinheungdong 3(sam)-ga/신흥동3가
Daejeon/대전,Jung-gu/중구,Sinpo-dong/신포동
Daejeon/대전,Jung-gu/중구,Sinsaeng-dong/신생동
Daejeon/대전,Jung-gu/중구,Sogong-dong/소공동
Daejeon/대전,Jung-gu/중구,Songhakdong 1(il)-ga/송학동1가
Daejeon/대전,Jung-gu/중구,Songhakdong 2(i)-ga/송학동2가
Daejeon/대전,Jung-gu/중구,Songhakdong 3(sam)-ga/송학동3가
Daejeon/대전,Jung-gu/중구,Songwoldong 1(il)-ga/송월동1가
Daejeon/대전,Jung-gu/중구,Songwoldong 2(i)-ga/송월동2가
Daejeon/대전,Jung-gu/중구,Songwoldong 3(sam)-ga/송월동3가
Daejeon/대전,Jung-gu/중구,Ssangrim-dong/쌍림동
Daejeon/대전,Jung-gu/중구,Suchang-dong/수창동
Daejeon/대전,Jung-gu/중구,Su-dong/수동
Daejeon/대전,Jung-gu/중구,Suha-dong/수하동
Daejeon/대전,Jung-gu/중구,Sunhwa-dong/순화동
Daejeon/대전,Jung-gu/중구,Supyo-dong/수표동
Daejeon/대전,Jung-gu/중구,Taehwa-dong/태화동
Daejeon/대전,Jung-gu/중구,Taepyeong 1(il)-dong/태평1동
Daejeon/대전,Jung-gu/중구,Taepyeong 2(i)-dong/태평2동
Daejeon/대전,Jung-gu/중구,Taepyeong-dong/태평동
Daejeon/대전,Jung-gu/중구,Taepyeongro 1(il)-ga/태평로1가
Daejeon/대전,Jung-gu/중구,Taepyeongro 1(il)-ga/태평로1가
Daejeon/대전,Jung-gu/중구,Taepyeongro 2(i)-ga/태평로2가
Daejeon/대전,Jung-gu/중구,Taepyeongro 2(i)-ga/태평로2가
Daejeon/대전,Jung-gu/중구,Taepyeongro 3(sam)-ga/태평로3가
Daejeon/대전,Jung-gu/중구,Uijuro 1(il)-ga/의주로1가
Daejeon/대전,Jung-gu/중구,Uijuro 2(i)-ga/의주로2가
Daejeon/대전,Jung-gu/중구,Ujeong-dong/우정동
Daejeon/대전,Jung-gu/중구,Ulsanucheguksaseoham/울산우체국사서함
Daejeon/대전,Jung-gu/중구,Unbuk-dong/운북동
Daejeon/대전,Jung-gu/중구,Unnam-dong/운남동
Daejeon/대전,Jung-gu/중구,Unseo-dong/운서동
Daejeon/대전,Jung-gu/중구,Wanjeon-dong/완전동
Daejeon/대전,Jung-gu/중구,Yaksa-dong/약사동
Daejeon/대전,Jung-gu/중구,Yegwan-dong/예관동
Daejeon/대전,Jung-gu/중구,Yejang-dong/예장동
Daejeon/대전,Jung-gu/중구,Yeongju 1(il)-dong/영주1동
Daejeon/대전,Jung-gu/중구,Yeongju 2(i)-dong/영주2동
Daejeon/대전,Jung-gu/중구,Yeongju-dong/영주동
Daejeon/대전,Jung-gu/중구,Yongdeok-dong/용덕동
Daejeon/대전,Jung-gu/중구,Yong-dong/용동
Daejeon/대전,Jung-gu/중구,Yongdu-dong/용두동
Daejeon/대전,Jung-gu/중구,Yucheon 1(il)-dong/유천1동
Daejeon/대전,Jung-gu/중구,Yucheon 2(i)-dong/유천2동
Daejeon/대전,Jung-gu/중구,Yucheon-dong/유천동
Daejeon/대전,Jung-gu/중구,Yu-dong/유동
Daejeon/대전,Jung-gu/중구,Yugok-dong/유곡동
Daejeon/대전,Jung-gu/중구,Yulmok-dong/율목동
Daejeon/대전,Seo-gu/서구,Amidong 1(il)-ga/아미동1가
Daejeon/대전,Seo-gu/서구,Amidong 2(i)-ga/아미동2가
Daejeon/대전,Seo-gu/서구,Ami-dong/아미동
Daejeon/대전,Seo-gu/서구,Amnam-dong/암남동
Daejeon/대전,Seo-gu/서구,Baekseok-dong/백석동
Daejeon/대전,Seo-gu/서구,Bisan 1(il)-dong/비산1동
Daejeon/대전,Seo-gu/서구,Bisan 2.3-dong/비산2.3동
Daejeon/대전,Seo-gu/서구,Bisan 4(sa)-dong/비산4동
Daejeon/대전,Seo-gu/서구,Bisan 5(o)-dong/비산5동
Daejeon/대전,Seo-gu/서구,Bisan 6(yuk)-dong/비산6동
Daejeon/대전,Seo-gu/서구,Bisan 7(chil)-dong/비산7동
Daejeon/대전,Seo-gu/서구,Bisan-dong/비산동
Daejeon/대전,Seo-gu/서구,Boksu-dong/복수동
Daejeon/대전,Seo-gu/서구,Bonggok-dong/봉곡동
Daejeon/대전,Seo-gu/서구,Bullo-dong/불로동
Daejeon/대전,Seo-gu/서구,Bumindong 1(il)-ga/부민동1가
Daejeon/대전,Seo-gu/서구,Bumindong 2(i)-ga/부민동2가
Daejeon/대전,Seo-gu/서구,Bumindong 3(sam)-ga/부민동3가
Daejeon/대전,Seo-gu/서구,Bumin-dong/부민동
Daejeon/대전,Seo-gu/서구,Buyongdong 1(il)-ga/부용동1가
Daejeon/대전,Seo-gu/서구,Buyongdong 2(i)-ga/부용동2가
Daejeon/대전,Seo-gu/서구,Buyong-dong/부용동
Daejeon/대전,Seo-gu/서구,Byeokjin-dong/벽진동
Daejeon/대전,Seo-gu/서구,Byeon-dong/변동
Daejeon/대전,Seo-gu/서구,Chipyeong-dong/치평동
Daejeon/대전,Seo-gu/서구,Chojang-dong/초장동
Daejeon/대전,Seo-gu/서구,Chungmudong 1(il)-ga/충무동1가
Daejeon/대전,Seo-gu/서구,Chungmudong 2(i)-ga/충무동2가
Daejeon/대전,Seo-gu/서구,Chungmudong 3(sam)-ga/충무동3가
Daejeon/대전,Seo-gu/서구,Chungmu-dong/충무동
Daejeon/대전,Seo-gu/서구,Daegok-dong/대곡동
Daejeon/대전,Seo-gu/서구,Daejeondunsanucheguksaseoham/대전둔산우체국사서함
Daejeon/대전,Seo-gu/서구,Dangha-dong/당하동
Daejeon/대전,Seo-gu/서구,Deokheung-dong/덕흥동
Daejeon/대전,Seo-gu/서구,Doan-dong/도안동
Daejeon/대전,Seo-gu/서구,Doma 1(il)-dong/도마1동
Daejeon/대전,Seo-gu/서구,Doma 2(i)-dong/도마2동
Daejeon/대전,Seo-gu/서구,Doma-dong/도마동
Daejeon/대전,Seo-gu/서구,Dongdaesindong 1(il)-ga/동대신동1가
Daejeon/대전,Seo-gu/서구,Dongdaesindong 2(i)-ga/동대신동2가
Daejeon/대전,Seo-gu/서구,Dongdaesindong 3(sam)-ga/동대신동3가
Daejeon/대전,Seo-gu/서구,Dunsan 1(il)-dong/둔산1동
Daejeon/대전,Seo-gu/서구,Dunsan 2(i)-dong/둔산2동
Daejeon/대전,Seo-gu/서구,Dunsan-dong/둔산동
Daejeon/대전,Seo-gu/서구,Gajang-dong/가장동
Daejeon/대전,Seo-gu/서구,Gajeong 1(il)-dong/가정1동
Daejeon/대전,Seo-gu/서구,Gajeong 2(i)-dong/가정2동
Daejeon/대전,Seo-gu/서구,Gajeong 3(sam)-dong/가정3동
Daejeon/대전,Seo-gu/서구,Gajeong-dong/가정동
Daejeon/대전,Seo-gu/서구,Gajwa 1(il)-dong/가좌1동
Daejeon/대전,Seo-gu/서구,Gajwa 2(i)-dong/가좌2동
Daejeon/대전,Seo-gu/서구,Gajwa 3(sam)-dong/가좌3동
Daejeon/대전,Seo-gu/서구,Gajwa 4(sa)-dong/가좌4동
Daejeon/대전,Seo-gu/서구,Gajwa-dong/가좌동
Daejeon/대전,Seo-gu/서구,Galma 1(il)-dong/갈마1동
Daejeon/대전,Seo-gu/서구,Galma 2(i)-dong/갈마2동
Daejeon/대전,Seo-gu/서구,Galma-dong/갈마동
Daejeon/대전,Seo-gu/서구,Gasuwon-dong/가수원동
Daejeon/대전,Seo-gu/서구,Geomam-dong/검암동
Daejeon/대전,Seo-gu/서구,Geumgok-dong/금곡동
Daejeon/대전,Seo-gu/서구,Geumho-dong/금호동
Daejeon/대전,Seo-gu/서구,Goegok-dong/괴곡동
Daejeon/대전,Seo-gu/서구,Goejeong-dong/괴정동
Daejeon/대전,Seo-gu/서구,Gongchon-dong/공촌동
Daejeon/대전,Seo-gu/서구,Gwangcheon-dong/광천동
Daejeon/대전,Seo-gu/서구,Gwanjeo 1(il)-dong/관저1동
Daejeon/대전,Seo-gu/서구,Gwanjeo 2(i)-dong/관저2동
Daejeon/대전,Seo-gu/서구,Gwanjeo-dong/관저동
Daejeon/대전,Seo-gu/서구,Gyeongseo-dong/경서동
Daejeon/대전,Seo-gu/서구,Heukseok-dong/흑석동
Daejeon/대전,Seo-gu/서구,Hwajeong 1(il)-dong/화정1동
Daejeon/대전,Seo-gu/서구,Hwajeong 2(i)-dong/화정2동
Daejeon/대전,Seo-gu/서구,Hwajeong 3(sam)-dong/화정3동
Daejeon/대전,Seo-gu/서구,Hwajeong 4(sa)-dong/화정4동
Daejeon/대전,Seo-gu/서구,Hwajeong-dong/화정동
Daejeon/대전,Seo-gu/서구,Ihyeon-dong/이현동
Daejeon/대전,Seo-gu/서구,Jangan-dong/장안동
Daejeon/대전,Seo-gu/서구,Jeongrim-dong/정림동
Daejeon/대전,Seo-gu/서구,Jungri-dong/중리동
Daejeon/대전,Seo-gu/서구,Maeno-dong/매노동
Daejeon/대전,Seo-gu/서구,Maewol-dong/매월동
Daejeon/대전,Seo-gu/서구,Majeon-dong/마전동
Daejeon/대전,Seo-gu/서구,Mannyeon-dong/만년동
Daejeon/대전,Seo-gu/서구,Mareuk-dong/마륵동
Daejeon/대전,Seo-gu/서구,Naebang-dong/내방동
Daejeon/대전,Seo-gu/서구,Naedang 1(il)-dong/내당1동
Daejeon/대전,Seo-gu/서구,Naedang 2.3-dong/내당2.3동
Daejeon/대전,Seo-gu/서구,Naedang 4(sa)-dong/내당4동
Daejeon/대전,Seo-gu/서구,Naedang-dong/내당동
Daejeon/대전,Seo-gu/서구,Nae-dong/내동
Daejeon/대전,Seo-gu/서구,Nambumin 1(il)-dong/남부민1동
Daejeon/대전,Seo-gu/서구,Nambumin 2(i)-dong/남부민2동
Daejeon/대전,Seo-gu/서구,Nambumin-dong/남부민동
Daejeon/대전,Seo-gu/서구,Nongseong 1(il)-dong/농성1동
Daejeon/대전,Seo-gu/서구,Nongseong 2(i)-dong/농성2동
Daejeon/대전,Seo-gu/서구,Nongseong-dong/농성동
Daejeon/대전,Seo-gu/서구,O-dong/오동
Daejeon/대전,Seo-gu/서구,Oryu-dong/오류동
Daejeon/대전,Seo-gu/서구,Pungam-dong/풍암동
Daejeon/대전,Seo-gu/서구,Pyeongchon-dong/평촌동
Daejeon/대전,Seo-gu/서구,Pyeongri 1(il)-dong/평리1동
Daejeon/대전,Seo-gu/서구,Pyeongri 2(i)-dong/평리2동
Daejeon/대전,Seo-gu/서구,Pyeongri 3(sam)-dong/평리3동
Daejeon/대전,Seo-gu/서구,Pyeongri 4(sa)-dong/평리4동
Daejeon/대전,Seo-gu/서구,Pyeongri 5(o)-dong/평리5동
Daejeon/대전,Seo-gu/서구,Pyeongri 6(yuk)-dong/평리6동
Daejeon/대전,Seo-gu/서구,Pyeongri-dong/평리동
Daejeon/대전,Seo-gu/서구,Samcheon-dong/삼천동
Daejeon/대전,Seo-gu/서구,Sangmu 1(il)-dong/상무1동
Daejeon/대전,Seo-gu/서구,Sangmu 2(i)-dong/상무2동
Daejeon/대전,Seo-gu/서구,Sangmu-dong/상무동
Daejeon/대전,Seo-gu/서구,Sangri-dong/상리동
Daejeon/대전,Seo-gu/서구,Sanjik-dong/산직동
Daejeon/대전,Seo-gu/서구,Seha-dong/세하동
Daejeon/대전,Seo-gu/서구,Seochang-dong/서창동
Daejeon/대전,Seo-gu/서구,Seodaeguucheguksaseoham/서대구우체국사서함
Daejeon/대전,Seo-gu/서구,Seodaesindong 1(il)-ga/서대신동1가
Daejeon/대전,Seo-gu/서구,Seodaesindong 2(i)-ga/서대신동2가
Daejeon/대전,Seo-gu/서구,Seodaesindong 3(sam)-ga/서대신동3가
Daejeon/대전,Seo-gu/서구,Seogwangjuucheguksaseoham/서광주우체국사서함
Daejeon/대전,Seo-gu/서구,Seoincheonucheguksaseoham/서인천우체국사서함
Daejeon/대전,Seo-gu/서구,Seoknam 1(il)-dong/석남1동
Daejeon/대전,Seo-gu/서구,Seoknam 2(i)-dong/석남2동
Daejeon/대전,Seo-gu/서구,Seoknam 3(sam)-dong/석남3동
Daejeon/대전,Seo-gu/서구,Seoknam-dong/석남동
Daejeon/대전,Seo-gu/서구,Sicheon-dong/시천동
Daejeon/대전,Seo-gu/서구,Simgok-dong/심곡동
Daejeon/대전,Seo-gu/서구,Sinhyeon-dong/신현동
Daejeon/대전,Seo-gu/서구,Ssangchon-dong/쌍촌동
Daejeon/대전,Seo-gu/서구,Tanbang-dong/탄방동
Daejeon/대전,Seo-gu/서구,Toseongdong 1(il)-ga/토성동1가
Daejeon/대전,Seo-gu/서구,Toseongdong 2(i)-ga/토성동2가
Daejeon/대전,Seo-gu/서구,Toseongdong 3(sam)-ga/토성동3가
Daejeon/대전,Seo-gu/서구,Toseongdong 4(sa)-ga/토성동4가
Daejeon/대전,Seo-gu/서구,Toseongdong 5(o)-ga/토성동5가
Daejeon/대전,Seo-gu/서구,Toseong-dong/토성동
Daejeon/대전,Seo-gu/서구,Umyeong-dong/우명동
Daejeon/대전,Seo-gu/서구,Wanggil-dong/왕길동
Daejeon/대전,Seo-gu/서구,Wolpyeong 1(il)-dong/월평1동
Daejeon/대전,Seo-gu/서구,Wolpyeong 2(i)-dong/월평2동
Daejeon/대전,Seo-gu/서구,Wolpyeong 3(sam)-dong/월평3동
Daejeon/대전,Seo-gu/서구,Wolpyeong-dong/월평동
Daejeon/대전,Seo-gu/서구,Wonchang-dong/원창동
Daejeon/대전,Seo-gu/서구,Wondaedong 1(il)-ga/원대동1가
Daejeon/대전,Seo-gu/서구,Wondaedong 2(i)-ga/원대동2가
Daejeon/대전,Seo-gu/서구,Wondaedong 3(sam)-ga/원대동3가
Daejeon/대전,Seo-gu/서구,Wondang-dong/원당동
Daejeon/대전,Seo-gu/서구,Wonjeong-dong/원정동
Daejeon/대전,Seo-gu/서구,Yang 1(il)-dong/양1동
Daejeon/대전,Seo-gu/서구,Yang 2(i)-dong/양2동
Daejeon/대전,Seo-gu/서구,Yang 3(sam)-dong/양3동
Daejeon/대전,Seo-gu/서구,Yang-dong/양동
Daejeon/대전,Seo-gu/서구,Yeonhui-dong/연희동
Daejeon/대전,Seo-gu/서구,Yongchon-dong/용촌동
Daejeon/대전,Seo-gu/서구,Yongdu-dong/용두동
Daejeon/대전,Seo-gu/서구,Yongmun-dong/용문동
Daejeon/대전,Seo-gu/서구,Yuchon-dong/유촌동
Daejeon/대전,Yuseong-gu/유성구,Ansan-dong/안산동
Daejeon/대전,Yuseong-gu/유성구,Bang-dong/방동
Daejeon/대전,Yuseong-gu/유성구,Banghyeon-dong/방현동
Daejeon/대전,Yuseong-gu/유성구,Banseok-dong/반석동
Daejeon/대전,Yuseong-gu/유성구,Bogyong-dong/복용동
Daejeon/대전,Yuseong-gu/유성구,Bongmyeong-dong/봉명동
Daejeon/대전,Yuseong-gu/유성구,Bongsan-dong/봉산동
Daejeon/대전,Yuseong-gu/유성구,Chumok-dong/추목동
Daejeon/대전,Yuseong-gu/유성구,Dae-dong/대동
Daejeon/대전,Yuseong-gu/유성구,Daejeong-dong/대정동
Daejeon/대전,Yuseong-gu/유성구,Daejeonyuseongucheguksaseoham/대전유성우체국사서함
Daejeon/대전,Yuseong-gu/유성구,Deokjin-dong/덕진동
Daejeon/대전,Yuseong-gu/유성구,Deokmyeong-dong/덕명동
Daejeon/대전,Yuseong-gu/유성구,Doryong-dong/도룡동
Daejeon/대전,Yuseong-gu/유성구,Dungok-dong/둔곡동
Daejeon/대전,Yuseong-gu/유성구,Eoeun-dong/어은동
Daejeon/대전,Yuseong-gu/유성구,Gajeong-dong/가정동
Daejeon/대전,Yuseong-gu/유성구,Gap-dong/갑동
Daejeon/대전,Yuseong-gu/유성구,Geumgo-dong/금고동
Daejeon/대전,Yuseong-gu/유성구,Geumtan-dong/금탄동
Daejeon/대전,Yuseong-gu/유성구,Guam-dong/구암동
Daejeon/대전,Yuseong-gu/유성구,Gung-dong/궁동
Daejeon/대전,Yuseong-gu/유성구,Guryong-dong/구룡동
Daejeon/대전,Yuseong-gu/유성구,Guseong-dong/구성동
Daejeon/대전,Yuseong-gu/유성구,Gwanpyeong-dong/관평동
Daejeon/대전,Yuseong-gu/유성구,Gyesan-dong/계산동
Daejeon/대전,Yuseong-gu/유성구,Gyochon-dong/교촌동
Daejeon/대전,Yuseong-gu/유성구,Hagi-dong/하기동
Daejeon/대전,Yuseong-gu/유성구,Hakha-dong/학하동
Daejeon/대전,Yuseong-gu/유성구,Hwaam-dong/화암동
Daejeon/대전,Yuseong-gu/유성구,Jangdae-dong/장대동
Daejeon/대전,Yuseong-gu/유성구,Jang-dong/장동
Daejeon/대전,Yuseong-gu/유성구,Jaun-dong/자운동
Daejeon/대전,Yuseong-gu/유성구,Jeonmin-dong/전민동
Daejeon/대전,Yuseong-gu/유성구,Jijok-dong/지족동
Daejeon/대전,Yuseong-gu/유성구,Juk-dong/죽동
Daejeon/대전,Yuseong-gu/유성구,Munji-dong/문지동
Daejeon/대전,Yuseong-gu/유성구,Noeun-dong/노은동
Daejeon/대전,Yuseong-gu/유성구,Oesam-dong/외삼동
Daejeon/대전,Yuseong-gu/유성구,Sangdae-dong/상대동
Daejeon/대전,Yuseong-gu/유성구,Se-dong/세동
Daejeon/대전,Yuseong-gu/유성구,Seongbuk-dong/성북동
Daejeon/대전,Yuseong-gu/유성구,Sinbong-dong/신봉동
Daejeon/대전,Yuseong-gu/유성구,Sin-dong/신동
Daejeon/대전,Yuseong-gu/유성구,Sinseong-dong/신성동
Daejeon/대전,Yuseong-gu/유성구,Songgang-dong/송강동
Daejeon/대전,Yuseong-gu/유성구,Songjeong-dong/송정동
Daejeon/대전,Yuseong-gu/유성구,Sunam-dong/수남동
Daejeon/대전,Yuseong-gu/유성구,Taprip-dong/탑립동
Daejeon/대전,Yuseong-gu/유성구,Wonchon-dong/원촌동
Daejeon/대전,Yuseong-gu/유성구,Wonnae-dong/원내동
Daejeon/대전,Yuseong-gu/유성구,Wonsinheung-dong/원신흥동
Daejeon/대전,Yuseong-gu/유성구,Yonggye-dong/용계동
Daejeon/대전,Yuseong-gu/유성구,Yongsan-dong/용산동
Gangwon-do/강원,Cheorwon-gun/철원군,Cheorwon-eup/철원읍
Gangwon-do/강원,Cheorwon-gun/철원군,Dongsong-eup/동송읍
Gangwon-do/강원,Cheorwon-gun/철원군,Galmar-eup/갈말읍
Gangwon-do/강원,Cheorwon-gun/철원군,Geunbuk-myeon/근북면
Gangwon-do/강원,Cheorwon-gun/철원군,Geunnam-myeon/근남면
Gangwon-do/강원,Cheorwon-gun/철원군,Gimhwa-eup/김화읍
Gangwon-do/강원,Cheorwon-gun/철원군,Seo-myeon/서면
Gangwon-do/강원,Chuncheon-si/춘천시,Bongui-dong/봉의동
Gangwon-do/강원,Chuncheon-si/춘천시,Buksan-myeon/북산면
Gangwon-do/강원,Chuncheon-si/춘천시,Chiljeon-dong/칠전동
Gangwon-do/강원,Chuncheon-si/춘천시,Chuncheonucheguksaseoham/춘천우체국사서함
Gangwon-do/강원,Chuncheon-si/춘천시,Dong-myeon/동면
Gangwon-do/강원,Chuncheon-si/춘천시,Dongnae-myeon/동내면
Gangwon-do/강원,Chuncheon-si/춘천시,Dongsan-myeon/동산면
Gangwon-do/강원,Chuncheon-si/춘천시,Geunhwa-dong/근화동
Gangwon-do/강원,Chuncheon-si/춘천시,Gyo-dong/교동
Gangwon-do/강원,Chuncheon-si/춘천시,Hupyeong 1(il)-dong/후평1동
Gangwon-do/강원,Chuncheon-si/춘천시,Hupyeong 2(i)-dong/후평2동
Gangwon-do/강원,Chuncheon-si/춘천시,Hupyeong 3(sam)-dong/후평3동
Gangwon-do/강원,Chuncheon-si/춘천시,Hupyeong-dong/후평동
Gangwon-do/강원,Chuncheon-si/춘천시,Hyoja 1(il)-dong/효자1동
Gangwon-do/강원,Chuncheon-si/춘천시,Hyoja 2(i)-dong/효자2동
Gangwon-do/강원,Chuncheon-si/춘천시,Hyoja 3(sam)-dong/효자3동
Gangwon-do/강원,Chuncheon-si/춘천시,Hyoja-dong/효자동
Gangwon-do/강원,Chuncheon-si/춘천시,Joyang-dong/조양동
Gangwon-do/강원,Chuncheon-si/춘천시,Jukrim-dong/죽림동
Gangwon-do/강원,Chuncheon-si/춘천시,Jungangro 1(il)-ga/중앙로1가
Gangwon-do/강원,Chuncheon-si/춘천시,Jungangro 2(i)-ga/중앙로2가
Gangwon-do/강원,Chuncheon-si/춘천시,Jungangro 3(sam)-ga/중앙로3가
Gangwon-do/강원,Chuncheon-si/춘천시,Jungdo-dong/중도동
Gangwon-do/강원,Chuncheon-si/춘천시,Nagwon-dong/낙원동
Gangwon-do/강원,Chuncheon-si/춘천시,Nam-myeon/남면
Gangwon-do/강원,Chuncheon-si/춘천시,Namsan-myeon/남산면
Gangwon-do/강원,Chuncheon-si/춘천시,Okcheon-dong/옥천동
Gangwon-do/강원,Chuncheon-si/춘천시,Onui-dong/온의동
Gangwon-do/강원,Chuncheon-si/춘천시,Sabuk-myeon/사북면
Gangwon-do/강원,Chuncheon-si/춘천시,Samcheon-dong/삼천동
Gangwon-do/강원,Chuncheon-si/춘천시,Sanong-dong/사농동
Gangwon-do/강원,Chuncheon-si/춘천시,Seoksa-dong/석사동
Gangwon-do/강원,Chuncheon-si/춘천시,Seo-myeon/서면
Gangwon-do/강원,Chuncheon-si/춘천시,Sinbug-eup/신북읍
Gangwon-do/강원,Chuncheon-si/춘천시,Sin-dong/신동
Gangwon-do/강원,Chuncheon-si/춘천시,Sindong-myeon/신동면
Gangwon-do/강원,Chuncheon-si/춘천시,Songam-dong/송암동
Gangwon-do/강원,Chuncheon-si/춘천시,Soyangro 1(il)-ga/소양로1가
Gangwon-do/강원,Chuncheon-si/춘천시,Soyangro 2(i)-ga/소양로2가
Gangwon-do/강원,Chuncheon-si/춘천시,Soyangro 3(sam)-ga/소양로3가
Gangwon-do/강원,Chuncheon-si/춘천시,Soyangro 4(sa)-ga/소양로4가
Gangwon-do/강원,Chuncheon-si/춘천시,Toegye-dong/퇴계동
Gangwon-do/강원,Chuncheon-si/춘천시,Udu-dong/우두동
Gangwon-do/강원,Chuncheon-si/춘천시,Ungyo-dong/운교동
Gangwon-do/강원,Chuncheon-si/춘천시,Yaksa-dong/약사동
Gangwon-do/강원,Chuncheon-si/춘천시,Yoseon-dong/요선동
Gangwon-do/강원,Donghae-si/동해시,Balhan-dong/발한동
Gangwon-do/강원,Donghae-si/동해시,Bicheon-dong/비천동
Gangwon-do/강원,Donghae-si/동해시,Bugok-dong/부곡동
Gangwon-do/강원,Donghae-si/동해시,Bukpyeong-dong/북평동
Gangwon-do/강원,Donghae-si/동해시,Cheongok-dong/천곡동
Gangwon-do/강원,Donghae-si/동해시,Chogu-dong/초구동
Gangwon-do/강원,Donghae-si/동해시,Chuam-dong/추암동
Gangwon-do/강원,Donghae-si/동해시,Daegu-dong/대구동
Gangwon-do/강원,Donghae-si/동해시,Daejin-dong/대진동
Gangwon-do/강원,Donghae-si/동해시,Dalbang-dong/달방동
Gangwon-do/강원,Donghae-si/동해시,Danbong-dong/단봉동
Gangwon-do/강원,Donghae-si/동해시,Donghaeucheguksaseoham/동해우체국사서함
Gangwon-do/강원,Donghae-si/동해시,Dongho-dong/동호동
Gangwon-do/강원,Donghae-si/동해시,Donghoe-dong/동회동
Gangwon-do/강원,Donghae-si/동해시,Eodal-dong/어달동
Gangwon-do/강원,Donghae-si/동해시,Goeran-dong/괴란동
Gangwon-do/강원,Donghae-si/동해시,Guho-dong/구호동
Gangwon-do/강원,Donghae-si/동해시,Gumi-dong/구미동
Gangwon-do/강원,Donghae-si/동해시,Gwiun-dong/귀운동
Gangwon-do/강원,Donghae-si/동해시,Hohyeon-dong/호현동
Gangwon-do/강원,Donghae-si/동해시,Hyoga-dong/효가동
Gangwon-do/강원,Donghae-si/동해시,Ido-dong/이도동
Gangwon-do/강원,Donghae-si/동해시,Igi-dong/이기동
Gangwon-do/강원,Donghae-si/동해시,Iro-dong/이로동
Gangwon-do/강원,Donghae-si/동해시,Jiga-dong/지가동
Gangwon-do/강원,Donghae-si/동해시,Jiheung-dong/지흥동
Gangwon-do/강원,Donghae-si/동해시,Mangsang-dong/망상동
Gangwon-do/강원,Donghae-si/동해시,Manu-dong/만우동
Gangwon-do/강원,Donghae-si/동해시,Mukhojin-dong/묵호진동
Gangwon-do/강원,Donghae-si/동해시,Naan-dong/나안동
Gangwon-do/강원,Donghae-si/동해시,Nae-dong/내동
Gangwon-do/강원,Donghae-si/동해시,Pyeongreung-dong/평릉동
Gangwon-do/강원,Donghae-si/동해시,Samhwa-dong/삼화동
Gangwon-do/강원,Donghae-si/동해시,Simgok-dong/심곡동
Gangwon-do/강원,Donghae-si/동해시,Sinheung-dong/신흥동
Gangwon-do/강원,Donghae-si/동해시,Songjeong-dong/송정동
Gangwon-do/강원,Donghae-si/동해시,Swaeun-dong/쇄운동
Gangwon-do/강원,Donghae-si/동해시,Yongjeong-dong/용정동
Gangwon-do/강원,Gangreung-si/강릉시,Anhyeon-dong/안현동
Gangwon-do/강원,Gangreung-si/강릉시,Bagwol-dong/박월동
Gangwon-do/강원,Gangreung-si/강릉시,Byeongsan-dong/병산동
Gangwon-do/강원,Gangreung-si/강릉시,Cheongryang-dong/청량동
Gangwon-do/강원,Gangreung-si/강릉시,Chodang-dong/초당동
Gangwon-do/강원,Gangreung-si/강릉시,Daejeon-dong/대전동
Gangwon-do/강원,Gangreung-si/강릉시,Damsan-dong/담산동
Gangwon-do/강원,Gangreung-si/강릉시,Dusan-dong/두산동
Gangwon-do/강원,Gangreung-si/강릉시,Gangdong-myeon/강동면
Gangwon-do/강원,Gangreung-si/강릉시,Gangmun-dong/강문동
Gangwon-do/강원,Gangreung-si/강릉시,Gangreungucheguksaseoham/강릉우체국사서함
Gangwon-do/강원,Gangreung-si/강릉시,Geumhak-dong/금학동
Gangwon-do/강원,Gangreung-si/강릉시,Gujeong-myeon/구정면
Gangwon-do/강원,Gangreung-si/강릉시,Gyeonso-dong/견소동
Gangwon-do/강원,Gangreung-si/강릉시,Gyo 1(il)-dong/교1동
Gangwon-do/강원,Gangreung-si/강릉시,Gyo 2(i)-dong/교2동
Gangwon-do/강원,Gangreung-si/강릉시,Gyo-dong/교동
Gangwon-do/강원,Gangreung-si/강릉시,Hak-dong/학동
Gangwon-do/강원,Gangreung-si/강릉시,Hoesan-dong/회산동
Gangwon-do/강원,Gangreung-si/강릉시,Hongje-dong/홍제동
Gangwon-do/강원,Gangreung-si/강릉시,Ibam-dong/입암동
Gangwon-do/강원,Gangreung-si/강릉시,Imdang-dong/임당동
Gangwon-do/강원,Gangreung-si/강릉시,Janghyeon-dong/장현동
Gangwon-do/강원,Gangreung-si/강릉시,Jeo-dong/저동
Gangwon-do/강원,Gangreung-si/강릉시,Jibyeon-dong/지변동
Gangwon-do/강원,Gangreung-si/강릉시,Jukheon-dong/죽헌동
Gangwon-do/강원,Gangreung-si/강릉시,Jumunjin-eup/주문진읍
Gangwon-do/강원,Gangreung-si/강릉시,Myeongju-dong/명주동
Gangwon-do/강원,Gangreung-si/강릉시,Naegok-dong/내곡동
Gangwon-do/강원,Gangreung-si/강릉시,Namhangjin-dong/남항진동
Gangwon-do/강원,Gangreung-si/강릉시,Nammun-dong/남문동
Gangwon-do/강원,Gangreung-si/강릉시,Nangok-dong/난곡동
Gangwon-do/강원,Gangreung-si/강릉시,Noam-dong/노암동
Gangwon-do/강원,Gangreung-si/강릉시,Okcheon-dong/옥천동
Gangwon-do/강원,Gangreung-si/강릉시,Okgye-myeon/옥계면
Gangwon-do/강원,Gangreung-si/강릉시,Ponam 1(il)-dong/포남1동
Gangwon-do/강원,Gangreung-si/강릉시,Ponam 2(i)-dong/포남2동
Gangwon-do/강원,Gangreung-si/강릉시,Ponam-dong/포남동
Gangwon-do/강원,Gangreung-si/강릉시,Sacheon-myeon/사천면
Gangwon-do/강원,Gangreung-si/강릉시,Seongnae-dong/성내동
Gangwon-do/강원,Gangreung-si/강릉시,Seongnam-dong/성남동
Gangwon-do/강원,Gangreung-si/강릉시,Seongsan-myeon/성산면
Gangwon-do/강원,Gangreung-si/강릉시,Sinseok-dong/신석동
Gangwon-do/강원,Gangreung-si/강릉시,Songjeong-dong/송정동
Gangwon-do/강원,Gangreung-si/강릉시,Unjeong-dong/운정동
Gangwon-do/강원,Gangreung-si/강릉시,Unsan-dong/운산동
Gangwon-do/강원,Gangreung-si/강릉시,Wangsan-myeon/왕산면
Gangwon-do/강원,Gangreung-si/강릉시,Wolhopyeong-dong/월호평동
Gangwon-do/강원,Gangreung-si/강릉시,Yeongok-myeon/연곡면
Gangwon-do/강원,Gangreung-si/강릉시,Yonggang-dong/용강동
Gangwon-do/강원,Gangreung-si/강릉시,Yucheon-dong/유천동
Gangwon-do/강원,Gangreung-si/강릉시,Yusan-dong/유산동
Gangwon-do/강원,Goseong-gun/고성군,Daega-myeon/대가면
Gangwon-do/강원,Goseong-gun/고성군,Donghae-myeon/동해면
Gangwon-do/강원,Goseong-gun/고성군,Gaecheon-myeon/개천면
Gangwon-do/강원,Goseong-gun/고성군,Ganseong-eup/간성읍
Gangwon-do/강원,Goseong-gun/고성군,Geojin-eup/거진읍
Gangwon-do/강원,Goseong-gun/고성군,Georyu-myeon/거류면
Gangwon-do/강원,Goseong-gun/고성군,Goseong-eup/고성읍
Gangwon-do/강원,Goseong-gun/고성군,Guman-myeon/구만면
Gangwon-do/강원,Goseong-gun/고성군,Hail-myeon/하일면
Gangwon-do/강원,Goseong-gun/고성군,Hai-myeon/하이면
Gangwon-do/강원,Goseong-gun/고성군,Hoehwa-myeon/회화면
Gangwon-do/강원,Goseong-gun/고성군,Hyeonnae-myeon/현내면
Gangwon-do/강원,Goseong-gun/고성군,Jugwang-myeon/죽왕면
Gangwon-do/강원,Goseong-gun/고성군,Maam-myeon/마암면
Gangwon-do/강원,Goseong-gun/고성군,Samsan-myeon/삼산면
Gangwon-do/강원,Goseong-gun/고성군,Sangri-myeon/상리면
Gangwon-do/강원,Goseong-gun/고성군,Toseong-myeon/토성면
Gangwon-do/강원,Goseong-gun/고성군,Yeonghyeon-myeon/영현면
Gangwon-do/강원,Goseong-gun/고성군,Yeongo-myeon/영오면
Gangwon-do/강원,Hoengseong-gun/횡성군,Anheung-myeon/안흥면
Gangwon-do/강원,Hoengseong-gun/횡성군,Cheongil-myeon/청일면
Gangwon-do/강원,Hoengseong-gun/횡성군,Dunnae-myeon/둔내면
Gangwon-do/강원,Hoengseong-gun/횡성군,Gangrim-myeon/강림면
Gangwon-do/강원,Hoengseong-gun/횡성군,Gapcheon-myeon/갑천면
Gangwon-do/강원,Hoengseong-gun/횡성군,Gonggeun-myeon/공근면
Gangwon-do/강원,Hoengseong-gun/횡성군,Hoengseong-eup/횡성읍
Gangwon-do/강원,Hoengseong-gun/횡성군,Seowon-myeon/서원면
Gangwon-do/강원,Hoengseong-gun/횡성군,Ucheon-myeon/우천면
Gangwon-do/강원,Hongcheon-gun/홍천군,Bukbang-myeon/북방면
Gangwon-do/강원,Hongcheon-gun/홍천군,Dong-myeon/동면
Gangwon-do/강원,Hongcheon-gun/홍천군,Duchon-myeon/두촌면
Gangwon-do/강원,Hongcheon-gun/홍천군,Hongcheon-eup/홍천읍
Gangwon-do/강원,Hongcheon-gun/홍천군,Hwachon-myeon/화촌면
Gangwon-do/강원,Hongcheon-gun/홍천군,Naechon-myeon/내촌면
Gangwon-do/강원,Hongcheon-gun/홍천군,Nae-myeon/내면
Gangwon-do/강원,Hongcheon-gun/홍천군,Nam-myeon/남면
Gangwon-do/강원,Hongcheon-gun/홍천군,Seo-myeon/서면
Gangwon-do/강원,Hongcheon-gun/홍천군,Seoseok-myeon/서석면
Gangwon-do/강원,Hwacheon-gun/화천군,Gandong-myeon/간동면
Gangwon-do/강원,Hwacheon-gun/화천군,Hanam-myeon/하남면
Gangwon-do/강원,Hwacheon-gun/화천군,Hwacheon-eup/화천읍
Gangwon-do/강원,Hwacheon-gun/화천군,Sanae-myeon/사내면
Gangwon-do/강원,Hwacheon-gun/화천군,Sangseo-myeon/상서면
Gangwon-do/강원,Inje-gun/인제군,Buk-myeon/북면
Gangwon-do/강원,Inje-gun/인제군,Girin-myeon/기린면
Gangwon-do/강원,Inje-gun/인제군,Inje-eup/인제읍
Gangwon-do/강원,Inje-gun/인제군,Nam-myeon/남면
Gangwon-do/강원,Inje-gun/인제군,Sangnam-myeon/상남면
Gangwon-do/강원,Inje-gun/인제군,Seohwa-myeon/서화면
Gangwon-do/강원,Jeongseon-gun/정선군,Buk-myeon/북면
Gangwon-do/강원,Jeongseon-gun/정선군,Bukpyeong-myeon/북평면
Gangwon-do/강원,Jeongseon-gun/정선군,Dong-myeon/동면
Gangwon-do/강원,Jeongseon-gun/정선군,Gohan-eup/고한읍
Gangwon-do/강원,Jeongseon-gun/정선군,Imgye-myeon/임계면
Gangwon-do/강원,Jeongseon-gun/정선군,Jeongseon-eup/정선읍
Gangwon-do/강원,Jeongseon-gun/정선군,Nam-myeon/남면
Gangwon-do/강원,Jeongseon-gun/정선군,Sabug-eup/사북읍
Gangwon-do/강원,Jeongseon-gun/정선군,Sindong-eup/신동읍
Gangwon-do/강원,Pyeongchang-gun/평창군,Bangrim-myeon/방림면
Gangwon-do/강원,Pyeongchang-gun/평창군,Bongpyeong-myeon/봉평면
Gangwon-do/강원,Pyeongchang-gun/평창군,Daegwanryeong-myeon/대관령면
Gangwon-do/강원,Pyeongchang-gun/평창군,Daehwa-myeon/대화면
Gangwon-do/강원,Pyeongchang-gun/평창군,Jinbu-myeon/진부면
Gangwon-do/강원,Pyeongchang-gun/평창군,Mitan-myeon/미탄면
Gangwon-do/강원,Pyeongchang-gun/평창군,Pyeongchang-eup/평창읍
Gangwon-do/강원,Pyeongchang-gun/평창군,Yongpyeong-myeon/용평면
Gangwon-do/강원,Samcheok-si/삼척시,Dangjeo-dong/당저동
Gangwon-do/강원,Samcheok-si/삼척시,Deungbong-dong/등봉동
Gangwon-do/강원,Samcheok-si/삼척시,Dogye-eup/도계읍
Gangwon-do/강원,Samcheok-si/삼척시,Dogyeong-dong/도경동
Gangwon-do/강원,Samcheok-si/삼척시,Eupjung-dong/읍중동
Gangwon-do/강원,Samcheok-si/삼척시,Eupsang-dong/읍상동
Gangwon-do/강원,Samcheok-si/삼척시,Gagok-myeon/가곡면
Gangwon-do/강원,Samcheok-si/삼척시,Galcheon-dong/갈천동
Gangwon-do/강원,Samcheok-si/삼척시,Geonji-dong/건지동
Gangwon-do/강원,Samcheok-si/삼척시,Geundeok-myeon/근덕면
Gangwon-do/강원,Samcheok-si/삼척시,Geunsan-dong/근산동
Gangwon-do/강원,Samcheok-si/삼척시,Gyo-dong/교동
Gangwon-do/강원,Samcheok-si/삼척시,Hajang-myeon/하장면
Gangwon-do/강원,Samcheok-si/삼척시,Jawon-dong/자원동
Gangwon-do/강원,Samcheok-si/삼척시,Jeokno-dong/적노동
Gangwon-do/강원,Samcheok-si/삼척시,Jeongha-dong/정하동
Gangwon-do/강원,Samcheok-si/삼척시,Jeongsang-dong/정상동
Gangwon-do/강원,Samcheok-si/삼척시,Jeungsan-dong/증산동
Gangwon-do/강원,Samcheok-si/삼척시,Jobi-dong/조비동
Gangwon-do/강원,Samcheok-si/삼척시,Madal-dong/마달동
Gangwon-do/강원,Samcheok-si/삼척시,Mapyeong-dong/마평동
Gangwon-do/강원,Samcheok-si/삼척시,Miro-myeon/미로면
Gangwon-do/강원,Samcheok-si/삼척시,Namyang-dong/남양동
Gangwon-do/강원,Samcheok-si/삼척시,Nogok-myeon/노곡면
Gangwon-do/강원,Samcheok-si/삼척시,Obun-dong/오분동
Gangwon-do/강원,Samcheok-si/삼척시,Osa-dong/오사동
Gangwon-do/강원,Samcheok-si/삼척시,Pyeongjeon-dong/평전동
Gangwon-do/강원,Samcheok-si/삼척시,Sajik-dong/사직동
Gangwon-do/강원,Samcheok-si/삼척시,Samcheogucheguksaseoham/삼척우체국사서함
Gangwon-do/강원,Samcheok-si/삼척시,Seongbuk-dong/성북동
Gangwon-do/강원,Samcheok-si/삼척시,Seongnae-dong/성내동
Gangwon-do/강원,Samcheok-si/삼척시,Seongnam-dong/성남동
Gangwon-do/강원,Samcheok-si/삼척시,Singi-myeon/신기면
Gangwon-do/강원,Samcheok-si/삼척시,Uji-dong/우지동
Gangwon-do/강원,Samcheok-si/삼척시,Wondang-dong/원당동
Gangwon-do/강원,Samcheok-si/삼척시,Wondeog-eup/원덕읍
Gangwon-do/강원,Sokcho-si/속초시,Cheonghak-dong/청학동
Gangwon-do/강원,Sokcho-si/속초시,Cheongho-dong/청호동
Gangwon-do/강원,Sokcho-si/속초시,Daepo-dong/대포동
Gangwon-do/강원,Sokcho-si/속초시,Domun-dong/도문동
Gangwon-do/강원,Sokcho-si/속초시,Dongmyeong-dong/동명동
Gangwon-do/강원,Sokcho-si/속초시,Geumho-dong/금호동
Gangwon-do/강원,Sokcho-si/속초시,Gyo-dong/교동
Gangwon-do/강원,Sokcho-si/속초시,Jangsa-dong/장사동
Gangwon-do/강원,Sokcho-si/속초시,Joyang-dong/조양동
Gangwon-do/강원,Sokcho-si/속초시,Jungang-dong/중앙동
Gangwon-do/강원,Sokcho-si/속초시,Nohak-dong/노학동
Gangwon-do/강원,Sokcho-si/속초시,Seorak-dong/설악동
Gangwon-do/강원,Sokcho-si/속초시,Sokchoucheguksaseoham/속초우체국사서함
Gangwon-do/강원,Sokcho-si/속초시,Yeongrang-dong/영랑동
Gangwon-do/강원,Taebaek-si/태백시,Baeksan-dong/백산동
Gangwon-do/강원,Taebaek-si/태백시,Changjuk-dong/창죽동
Gangwon-do/강원,Taebaek-si/태백시,Cheoram-dong/철암동
Gangwon-do/강원,Taebaek-si/태백시,Dongjeom-dong/동점동
Gangwon-do/강원,Taebaek-si/태백시,Geumcheon-dong/금천동
Gangwon-do/강원,Taebaek-si/태백시,Gumunso-dong/구문소동
Gangwon-do/강원,Taebaek-si/태백시,Hasami-dong/하사미동
Gangwon-do/강원,Taebaek-si/태백시,Hwajeon-dong/화전동
Gangwon-do/강원,Taebaek-si/태백시,Hwangji-dong/황지동
Gangwon-do/강원,Taebaek-si/태백시,Hwangyeon-dong/황연동
Gangwon-do/강원,Taebaek-si/태백시,Hyeol-dong/혈동
Gangwon-do/강원,Taebaek-si/태백시,Jangseong-dong/장성동
Gangwon-do/강원,Taebaek-si/태백시,Jeokgak-dong/적각동
Gangwon-do/강원,Taebaek-si/태백시,Jotan-dong/조탄동
Gangwon-do/강원,Taebaek-si/태백시,Mungok-dong/문곡동
Gangwon-do/강원,Taebaek-si/태백시,Samsu-dong/삼수동
Gangwon-do/강원,Taebaek-si/태백시,Sangjang-dong/상장동
Gangwon-do/강원,Taebaek-si/태백시,Sangsami-dong/상사미동
Gangwon-do/강원,Taebaek-si/태백시,Sodo-dong/소도동
Gangwon-do/강원,Taebaek-si/태백시,Taebaegucheguksaseoham/태백우체국사서함
Gangwon-do/강원,Taebaek-si/태백시,Tong-dong/통동
Gangwon-do/강원,Taebaek-si/태백시,Won-dong/원동
Gangwon-do/강원,Wonju-si/원주시,Bangok-dong/반곡동
Gangwon-do/강원,Wonju-si/원주시,Bongsan-dong/봉산동
Gangwon-do/강원,Wonju-si/원주시,Buron-myeon/부론면
Gangwon-do/강원,Wonju-si/원주시,Dangu-dong/단구동
Gangwon-do/강원,Wonju-si/원주시,Dangye-dong/단계동
Gangwon-do/강원,Wonju-si/원주시,Gaeun-dong/개운동
Gangwon-do/강원,Wonju-si/원주시,Gahyeon-dong/가현동
Gangwon-do/강원,Wonju-si/원주시,Gwanseol-dong/관설동
Gangwon-do/강원,Wonju-si/원주시,Gwirae-myeon/귀래면
Gangwon-do/강원,Wonju-si/원주시,Haenggu-dong/행구동
Gangwon-do/강원,Wonju-si/원주시,Hakseong-dong/학성동
Gangwon-do/강원,Wonju-si/원주시,Heungeop-myeon/흥업면
Gangwon-do/강원,Wonju-si/원주시,Hojeo-myeon/호저면
Gangwon-do/강원,Wonju-si/원주시,Ilsan-dong/일산동
Gangwon-do/강원,Wonju-si/원주시,In-dong/인동
Gangwon-do/강원,Wonju-si/원주시,Jijeong-myeon/지정면
Gangwon-do/강원,Wonju-si/원주시,Jungang-dong/중앙동
Gangwon-do/강원,Wonju-si/원주시,Munmag-eup/문막읍
Gangwon-do/강원,Wonju-si/원주시,Musil-dong/무실동
Gangwon-do/강원,Wonju-si/원주시,Myeongryun 1(il)-dong/명륜1동
Gangwon-do/강원,Wonju-si/원주시,Myeongryun 2(i)-dong/명륜2동
Gangwon-do/강원,Wonju-si/원주시,Myeongryun-dong/명륜동
Gangwon-do/강원,Wonju-si/원주시,Panbu-myeon/판부면
Gangwon-do/강원,Wonju-si/원주시,Pyeongwon-dong/평원동
Gangwon-do/강원,Wonju-si/원주시,Sinrim-myeon/신림면
Gangwon-do/강원,Wonju-si/원주시,Socho-myeon/소초면
Gangwon-do/강원,Wonju-si/원주시,Taejang 1(il)-dong/태장1동
Gangwon-do/강원,Wonju-si/원주시,Taejang 2(i)-dong/태장2동
Gangwon-do/강원,Wonju-si/원주시,Taejang-dong/태장동
Gangwon-do/강원,Wonju-si/원주시,Usan-dong/우산동
Gangwon-do/강원,Wonju-si/원주시,Won-dong/원동
Gangwon-do/강원,Wonju-si/원주시,Wonjuucheguksaseoham/원주우체국사서함
Gangwon-do/강원,Yanggu-gun/양구군,Bangsan-myeon/방산면
Gangwon-do/강원,Yanggu-gun/양구군,Dong-myeon/동면
Gangwon-do/강원,Yanggu-gun/양구군,Haean-myeon/해안면
Gangwon-do/강원,Yanggu-gun/양구군,Nam-myeon/남면
Gangwon-do/강원,Yanggu-gun/양구군,Yanggu-eup/양구읍
Gangwon-do/강원,Yangyang-gun/양양군,Ganghyeon-myeon/강현면
Gangwon-do/강원,Yangyang-gun/양양군,Hyeonbuk-myeon/현북면
Gangwon-do/강원,Yangyang-gun/양양군,Hyeonnam-myeon/현남면
Gangwon-do/강원,Yangyang-gun/양양군,Seo-myeon/서면
Gangwon-do/강원,Yangyang-gun/양양군,Sonyang-myeon/손양면
Gangwon-do/강원,Yangyang-gun/양양군,Yangyang-eup/양양읍
Gangwon-do/강원,Yeongwol-gun/영월군,Buk-myeon/북면
Gangwon-do/강원,Yeongwol-gun/영월군,Hadong-myeon/하동면
Gangwon-do/강원,Yeongwol-gun/영월군,Jucheon-myeon/주천면
Gangwon-do/강원,Yeongwol-gun/영월군,Jungdong-myeon/중동면
Gangwon-do/강원,Yeongwol-gun/영월군,Nam-myeon/남면
Gangwon-do/강원,Yeongwol-gun/영월군,Sangdong-eup/상동읍
Gangwon-do/강원,Yeongwol-gun/영월군,Seo-myeon/서면
Gangwon-do/강원,Yeongwol-gun/영월군,Suju-myeon/수주면
Gangwon-do/강원,Yeongwol-gun/영월군,Yeongwor-eup/영월읍
Gwangju/광주,Buk-gu/북구,Bokhyeon 1(il)-dong/복현1동
Gwangju/광주,Buk-gu/북구,Bokhyeon 2(i)-dong/복현2동
Gwangju/광주,Buk-gu/북구,Bokhyeon-dong/복현동
Gwangju/광주,Buk-gu/북구,Bonchon-dong/본촌동
Gwangju/광주,Buk-gu/북구,Bukbusanucheguksaseoham/북부산우체국사서함
Gwangju/광주,Buk-gu/북구,Bukdaeguucheguksaseoham/북대구우체국사서함
Gwangju/광주,Buk-gu/북구,Buk-dong/북동
Gwangju/광주,Buk-gu/북구,Bukgwangjuucheguksaseoham/북광주우체국사서함
Gwangju/광주,Buk-gu/북구,Changpyeong-dong/창평동
Gwangju/광주,Buk-gu/북구,Cheongok-dong/천곡동
Gwangju/광주,Buk-gu/북구,Cheongpung-dong/청풍동
Gwangju/광주,Buk-gu/북구,Chilseongdong 1(il)-ga/칠성동1가
Gwangju/광주,Buk-gu/북구,Chilseongdong 2(i)-ga/칠성동2가
Gwangju/광주,Buk-gu/북구,Chimsan 1(il)-dong/침산1동
Gwangju/광주,Buk-gu/북구,Chimsan 2(i)-dong/침산2동
Gwangju/광주,Buk-gu/북구,Chimsan 3(sam)-dong/침산3동
Gwangju/광주,Buk-gu/북구,Chimsan-dong/침산동
Gwangju/광주,Buk-gu/북구,Chunghyo-dong/충효동
Gwangju/광주,Buk-gu/북구,Daean-dong/대안동
Gwangju/광주,Buk-gu/북구,Daechon-dong/대촌동
Gwangju/광주,Buk-gu/북구,Daehyeon 1(il)-dong/대현1동
Gwangju/광주,Buk-gu/북구,Daehyeon 2(i)-dong/대현2동
Gwangju/광주,Buk-gu/북구,Daehyeon-dong/대현동
Gwangju/광주,Buk-gu/북구,Dalcheon-dong/달천동
Gwangju/광주,Buk-gu/북구,Dangsa-dong/당사동
Gwangju/광주,Buk-gu/북구,Deogui-dong/덕의동
Gwangju/광주,Buk-gu/북구,Deokcheon 1(il)-dong/덕천1동
Gwangju/광주,Buk-gu/북구,Deokcheon 2(i)-dong/덕천2동
Gwangju/광주,Buk-gu/북구,Deokcheon 3(sam)-dong/덕천3동
Gwangju/광주,Buk-gu/북구,Deokcheon-dong/덕천동
Gwangju/광주,Buk-gu/북구,Donam-dong/도남동
Gwangju/광주,Buk-gu/북구,Dongbyeon-dong/동변동
Gwangju/광주,Buk-gu/북구,Dongcheon-dong/동천동
Gwangju/광주,Buk-gu/북구,Dongho-dong/동호동
Gwangju/광주,Buk-gu/북구,Dongrim-dong/동림동
Gwangju/광주,Buk-gu/북구,Duam 1(il)-dong/두암1동
Gwangju/광주,Buk-gu/북구,Duam 2(i)-dong/두암2동
Gwangju/광주,Buk-gu/북구,Duam 3(sam)-dong/두암3동
Gwangju/광주,Buk-gu/북구,Duam-dong/두암동
Gwangju/광주,Buk-gu/북구,Eomul-dong/어물동
Gwangju/광주,Buk-gu/북구,Eupnae-dong/읍내동
Gwangju/광주,Buk-gu/북구,Gadae-dong/가대동
Gwangju/광주,Buk-gu/북구,Gakhwa-dong/각화동
Gwangju/광주,Buk-gu/북구,Geomdan-dong/검단동
Gwangju/광주,Buk-gu/북구,Geumgok-dong/금곡동
Gwangju/광주,Buk-gu/북구,Geumgok-dong/금곡동
Gwangju/광주,Buk-gu/북구,Geumho-dong/금호동
Gwangju/광주,Buk-gu/북구,Goseongdong 1(il)-ga/고성동1가
Gwangju/광주,Buk-gu/북구,Goseongdong 2(i)-ga/고성동2가
Gwangju/광주,Buk-gu/북구,Goseongdong 3(sam)-ga/고성동3가
Gwangju/광주,Buk-gu/북구,Guam-dong/구암동
Gwangju/광주,Buk-gu/북구,Gugu-dong/국우동
Gwangju/광주,Buk-gu/북구,Gupo 1(il)-dong/구포1동
Gwangju/광주,Buk-gu/북구,Gupo 2(i)-dong/구포2동
Gwangju/광주,Buk-gu/북구,Gupo 3(sam)-dong/구포3동
Gwangju/광주,Buk-gu/북구,Gupo-dong/구포동
Gwangju/광주,Buk-gu/북구,Guyu-dong/구유동
Gwangju/광주,Buk-gu/북구,Gwaneum-dong/관음동
Gwangju/광주,Buk-gu/북구,Hakjeong-dong/학정동
Gwangju/광주,Buk-gu/북구,Hogye-dong/호계동
Gwangju/광주,Buk-gu/북구,Hwaam-dong/화암동
Gwangju/광주,Buk-gu/북구,Hwabong-dong/화봉동
Gwangju/광주,Buk-gu/북구,Hwamyeong 1(il)-dong/화명1동
Gwangju/광주,Buk-gu/북구,Hwamyeong 2(i)-dong/화명2동
Gwangju/광주,Buk-gu/북구,Hwamyeong 3(sam)-dong/화명3동
Gwangju/광주,Buk-gu/북구,Hwamyeong-dong/화명동
Gwangju/광주,Buk-gu/북구,Hyomun-dong/효문동
Gwangju/광주,Buk-gu/북구,Hyoryeong-dong/효령동
Gwangju/광주,Buk-gu/북구,Ilgok-dong/일곡동
Gwangju/광주,Buk-gu/북구,Im-dong/임동
Gwangju/광주,Buk-gu/북구,Jangdeung-dong/장등동
Gwangju/광주,Buk-gu/북구,Jeongja-dong/정자동
Gwangju/광주,Buk-gu/북구,Jinjang-dong/진장동
Gwangju/광주,Buk-gu/북구,Jiya-dong/지야동
Gwangju/광주,Buk-gu/북구,Joya-dong/조야동
Gwangju/광주,Buk-gu/북구,Jungheung 1(il)-dong/중흥1동
Gwangju/광주,Buk-gu/북구,Jungheung 2(i)-dong/중흥2동
Gwangju/광주,Buk-gu/북구,Jungheung 3(sam)-dong/중흥3동
Gwangju/광주,Buk-gu/북구,Jungheung-dong/중흥동
Gwangju/광주,Buk-gu/북구,Jungsan-dong/중산동
Gwangju/광주,Buk-gu/북구,Maecheon-dong/매천동
Gwangju/광주,Buk-gu/북구,Maegok-dong/매곡동
Gwangju/광주,Buk-gu/북구,Maegok-dong/매곡동
Gwangju/광주,Buk-gu/북구,Mandeog 1(il)-dong/만덕1동
Gwangju/광주,Buk-gu/북구,Mandeog 2(i)-dong/만덕2동
Gwangju/광주,Buk-gu/북구,Mandeog 3(sam)-dong/만덕3동
Gwangju/광주,Buk-gu/북구,Mandeok-dong/만덕동
Gwangju/광주,Buk-gu/북구,Mangwol-dong/망월동
Gwangju/광주,Buk-gu/북구,Munheung 1(il)-dong/문흥1동
Gwangju/광주,Buk-gu/북구,Munheung 2(i)-dong/문흥2동
Gwangju/광주,Buk-gu/북구,Munheung-dong/문흥동
Gwangju/광주,Buk-gu/북구,Muryong-dong/무룡동
Gwangju/광주,Buk-gu/북구,Myeongchon-dong/명촌동
Gwangju/광주,Buk-gu/북구,Nogok-dong/노곡동
Gwangju/광주,Buk-gu/북구,Nowondong 1(il)-ga/노원동1가
Gwangju/광주,Buk-gu/북구,Nowondong 2(i)-ga/노원동2가
Gwangju/광주,Buk-gu/북구,Nowondong 3(sam)-ga/노원동3가
Gwangju/광주,Buk-gu/북구,Numun-dong/누문동
Gwangju/광주,Buk-gu/북구,Ochi 1(il)-dong/오치1동
Gwangju/광주,Buk-gu/북구,Ochi 2(i)-dong/오치2동
Gwangju/광주,Buk-gu/북구,Ochi-dong/오치동
Gwangju/광주,Buk-gu/북구,Oryong-dong/오룡동
Gwangju/광주,Buk-gu/북구,Paldal-dong/팔달동
Gwangju/광주,Buk-gu/북구,Punghyang-dong/풍향동
Gwangju/광주,Buk-gu/북구,Saengyong-dong/생용동
Gwangju/광주,Buk-gu/북구,Samgak-dong/삼각동
Gwangju/광주,Buk-gu/북구,Sangan-dong/상안동
Gwangju/광주,Buk-gu/북구,Sangyeog 1(il)-dong/산격1동
Gwangju/광주,Buk-gu/북구,Sangyeog 2(i)-dong/산격2동
Gwangju/광주,Buk-gu/북구,Sangyeog 3(sam)-dong/산격3동
Gwangju/광주,Buk-gu/북구,Sangyeog 4(sa)-dong/산격4동
Gwangju/광주,Buk-gu/북구,Sangyeok-dong/산격동
Gwangju/광주,Buk-gu/북구,Sanha-dong/산하동
Gwangju/광주,Buk-gu/북구,Sasu-dong/사수동
Gwangju/광주,Buk-gu/북구,Seobyeon-dong/서변동
Gwangju/광주,Buk-gu/북구,Sinan-dong/신안동
Gwangju/광주,Buk-gu/북구,Sincheon-dong/신천동
Gwangju/광주,Buk-gu/북구,Sinhyeon-dong/신현동
Gwangju/광주,Buk-gu/북구,Sinmyeong-dong/신명동
Gwangju/광주,Buk-gu/북구,Sinyong-dong/신용동
Gwangju/광주,Buk-gu/북구,Sirye-dong/시례동
Gwangju/광주,Buk-gu/북구,Songjeong-dong/송정동
Gwangju/광주,Buk-gu/북구,Sugok-dong/수곡동
Gwangju/광주,Buk-gu/북구,Taejeon 1(il)-dong/태전1동
Gwangju/광주,Buk-gu/북구,Taejeon 2(i)-dong/태전2동
Gwangju/광주,Buk-gu/북구,Taejeon-dong/태전동
Gwangju/광주,Buk-gu/북구,Taeryeong-dong/태령동
Gwangju/광주,Buk-gu/북구,Unam 1(il)-dong/운암1동
Gwangju/광주,Buk-gu/북구,Unam 2(i)-dong/운암2동
Gwangju/광주,Buk-gu/북구,Unam 3(sam)-dong/운암3동
Gwangju/광주,Buk-gu/북구,Unam-dong/운암동
Gwangju/광주,Buk-gu/북구,Unjeong-dong/운정동
Gwangju/광주,Buk-gu/북구,Usan-dong/우산동
Gwangju/광주,Buk-gu/북구,Wolchul-dong/월출동
Gwangju/광주,Buk-gu/북구,Yangjeong-dong/양정동
Gwangju/광주,Buk-gu/북구,Yangsan-dong/양산동
Gwangju/광주,Buk-gu/북구,Yeompo-dong/염포동
Gwangju/광주,Buk-gu/북구,Yeonam-dong/연암동
Gwangju/광주,Buk-gu/북구,Yeongyeong-dong/연경동
Gwangju/광주,Buk-gu/북구,Yeonje-dong/연제동
Gwangju/광주,Buk-gu/북구,Yongbong-dong/용봉동
Gwangju/광주,Buk-gu/북구,Yongdu-dong/용두동
Gwangju/광주,Buk-gu/북구,Yonggang-dong/용강동
Gwangju/광주,Buk-gu/북구,Yongjeon-dong/용전동
Gwangju/광주,Buk-gu/북구,Yu-dong/유동
Gwangju/광주,Dong-gu/동구,Baegan-dong/백안동
Gwangju/광주,Dong-gu/동구,Bangchon-dong/방촌동
Gwangju/광주,Dong-gu/동구,Bangeo-dong/방어동
Gwangju/광주,Dong-gu/동구,Beomil-dong/범일동
Gwangju/광주,Dong-gu/동구,Beomir 1(il)-dong/범일1동
Gwangju/광주,Dong-gu/동구,Beomir 2(i)-dong/범일2동
Gwangju/광주,Dong-gu/동구,Beomir 4(sa)-dong/범일4동
Gwangju/광주,Dong-gu/동구,Beomir 5(o)-dong/범일5동
Gwangju/광주,Dong-gu/동구,Biryong-dong/비룡동
Gwangju/광주,Dong-gu/동구,Bongmu-dong/봉무동
Gwangju/광주,Dong-gu/동구,Bu-dong/부동
Gwangju/광주,Dong-gu/동구,Bullo-dong/불로동
Gwangju/광주,Dong-gu/동구,Bullo-dong/불로동
Gwangju/광주,Dong-gu/동구,Changyeong-dong/창영동
Gwangju/광주,Dong-gu/동구,Cheon-dong/천동
Gwangju/광주,Dong-gu/동구,Choryang 1(il)-dong/초량1동
Gwangju/광주,Dong-gu/동구,Choryang 2(i)-dong/초량2동
Gwangju/광주,Dong-gu/동구,Choryang 3(sam)-dong/초량3동
Gwangju/광주,Dong-gu/동구,Choryang 6(yuk)-dong/초량6동
Gwangju/광주,Dong-gu/동구,Choryang-dong/초량동
Gwangju/광주,Dong-gu/동구,Chu-dong/추동
Gwangju/광주,Dong-gu/동구,Chungjangro 1(il)-ga/충장로1가
Gwangju/광주,Dong-gu/동구,Chungjangro 2(i)-ga/충장로2가
Gwangju/광주,Dong-gu/동구,Chungjangro 3(sam)-ga/충장로3가
Gwangju/광주,Dong-gu/동구,Chungjangro 4(sa)-ga/충장로4가
Gwangju/광주,Dong-gu/동구,Chungjangro 5(o)-ga/충장로5가
Gwangju/광주,Dong-gu/동구,Dae 1(il)-dong/대1동
Gwangju/광주,Dong-gu/동구,Dae 2(i)-dong/대2동
Gwangju/광주,Dong-gu/동구,Daebyeol-dong/대별동
Gwangju/광주,Dong-gu/동구,Dae-dong/대동
Gwangju/광주,Dong-gu/동구,Daein-dong/대인동
Gwangju/광주,Dong-gu/동구,Daejeonucheguksaseoham/대전우체국사서함
Gwangju/광주,Dong-gu/동구,Daerim-dong/대림동
Gwangju/광주,Dong-gu/동구,Daeseong-dong/대성동
Gwangju/광주,Dong-gu/동구,Daesong-dong/대송동
Gwangju/광주,Dong-gu/동구,Daeui-dong/대의동
Gwangju/광주,Dong-gu/동구,Deokgok-dong/덕곡동
Gwangju/광주,Dong-gu/동구,Do-dong/도동
Gwangju/광주,Dong-gu/동구,Dohak-dong/도학동
Gwangju/광주,Dong-gu/동구,Dongbu-dong/동부동
Gwangju/광주,Dong-gu/동구,Dongbusanucheguksaseoham/동부산우체국사서함
Gwangju/광주,Dong-gu/동구,Dongdaeguucheguksaseoham/동대구우체국사서함
Gwangju/광주,Dong-gu/동구,Dongho-dong/동호동
Gwangju/광주,Dong-gu/동구,Dongmyeong-dong/동명동
Gwangju/광주,Dong-gu/동구,Dongnae-dong/동내동
Gwangju/광주,Dong-gu/동구,Dongulsanucheguksaseoham/동울산우체국사서함
Gwangju/광주,Dong-gu/동구,Dunsan-dong/둔산동
Gwangju/광주,Dong-gu/동구,Gaksan-dong/각산동
Gwangju/광주,Dong-gu/동구,Gao-dong/가오동
Gwangju/광주,Dong-gu/동구,Gayang 1(il)-dong/가양1동
Gwangju/광주,Dong-gu/동구,Gayang 2(i)-dong/가양2동
Gwangju/광주,Dong-gu/동구,Gayang-dong/가양동
Gwangju/광주,Dong-gu/동구,Geomsa-dong/검사동
Gwangju/광주,Dong-gu/동구,Geum-dong/금동
Gwangju/광주,Dong-gu/동구,Geumgang-dong/금강동
Gwangju/광주,Dong-gu/동구,Geumgok-dong/금곡동
Gwangju/광주,Dong-gu/동구,Geumnamro 1(il)-ga/금남로1가
Gwangju/광주,Dong-gu/동구,Geumnamro 2(i)-ga/금남로2가
Gwangju/광주,Dong-gu/동구,Geumnamro 3(sam)-ga/금남로3가
Gwangju/광주,Dong-gu/동구,Geumnamro 4(sa)-ga/금남로4가
Gwangju/광주,Dong-gu/동구,Geumnamro 5(o)-ga/금남로5가
Gwangju/광주,Dong-gu/동구,Goejeon-dong/괴전동
Gwangju/광주,Dong-gu/동구,Gudo-dong/구도동
Gwangju/광주,Dong-gu/동구,Gung-dong/궁동
Gwangju/광주,Dong-gu/동구,Gwangjuucheguksaseoham/광주우체국사서함
Gwangju/광주,Dong-gu/동구,Gwangsan-dong/광산동
Gwangju/광주,Dong-gu/동구,Gyerim 1(il)-dong/계림1동
Gwangju/광주,Dong-gu/동구,Gyerim 2(i)-dong/계림2동
Gwangju/광주,Dong-gu/동구,Gyerim-dong/계림동
Gwangju/광주,Dong-gu/동구,Hak-dong/학동
Gwangju/광주,Dong-gu/동구,Haso-dong/하소동
Gwangju/광주,Dong-gu/동구,Honam-dong/호남동
Gwangju/광주,Dong-gu/동구,Hongdo-dong/홍도동
Gwangju/광주,Dong-gu/동구,Hwajeong-dong/화정동
Gwangju/광주,Dong-gu/동구,Hwanggeum-dong/황금동
Gwangju/광주,Dong-gu/동구,Hwapyeong-dong/화평동
Gwangju/광주,Dong-gu/동구,Hwasu 1(il)-dong/화수1동
Gwangju/광주,Dong-gu/동구,Hwasu 2(i)-dong/화수2동
Gwangju/광주,Dong-gu/동구,Hwasu-dong/화수동
Gwangju/광주,Dong-gu/동구,Hyo-dong/효동
Gwangju/광주,Dong-gu/동구,Hyomog 1(il)-dong/효목1동
Gwangju/광주,Dong-gu/동구,Hyomog 2(i)-dong/효목2동
Gwangju/광주,Dong-gu/동구,Hyomok-dong/효목동
Gwangju/광주,Dong-gu/동구,Hyopyeong-dong/효평동
Gwangju/광주,Dong-gu/동구,Ilsan-dong/일산동
Gwangju/광주,Dong-gu/동구,In-dong/인동
Gwangju/광주,Dong-gu/동구,Ipseok-dong/입석동
Gwangju/광주,Dong-gu/동구,Isa-dong/이사동
Gwangju/광주,Dong-gu/동구,Jangcheok-dong/장척동
Gwangju/광주,Dong-gu/동구,Jang-dong/장동
Gwangju/광주,Dong-gu/동구,Jayang-dong/자양동
Gwangju/광주,Dong-gu/동구,Jeong-dong/정동
Gwangju/광주,Dong-gu/동구,Jeonha 1(il)-dong/전하1동
Gwangju/광주,Dong-gu/동구,Jeonha 2(i)-dong/전하2동
Gwangju/광주,Dong-gu/동구,Jeonha-dong/전하동
Gwangju/광주,Dong-gu/동구,Jijeo-dong/지저동
Gwangju/광주,Dong-gu/동구,Jik-dong/직동
Gwangju/광주,Dong-gu/동구,Jimyo-dong/지묘동
Gwangju/광주,Dong-gu/동구,Jinin-dong/진인동
Gwangju/광주,Dong-gu/동구,Jisan 1(il)-dong/지산1동
Gwangju/광주,Dong-gu/동구,Jisan 2(i)-dong/지산2동
Gwangju/광주,Dong-gu/동구,Jisan-dong/지산동
Gwangju/광주,Dong-gu/동구,Juchon-dong/주촌동
Gwangju/광주,Dong-gu/동구,Jujeon-dong/주전동
Gwangju/광주,Dong-gu/동구,Jungdae-dong/중대동
Gwangju/광주,Dong-gu/동구,Jung-dong/중동
Gwangju/광주,Dong-gu/동구,Jusan-dong/주산동
Gwangju/광주,Dong-gu/동구,Jwacheon 1(il)-dong/좌천1동
Gwangju/광주,Dong-gu/동구,Jwacheon 4(sa)-dong/좌천4동
Gwangju/광주,Dong-gu/동구,Jwacheon-dong/좌천동
Gwangju/광주,Dong-gu/동구,Maeyeo-dong/매여동
Gwangju/광주,Dong-gu/동구,Manseok-dong/만석동
Gwangju/광주,Dong-gu/동구,Masan-dong/마산동
Gwangju/광주,Dong-gu/동구,Midae-dong/미대동
Gwangju/광주,Dong-gu/동구,Migok-dong/미곡동
Gwangju/광주,Dong-gu/동구,Nae-dong/내동
Gwangju/광주,Dong-gu/동구,Naegok-dong/내곡동
Gwangju/광주,Dong-gu/동구,Naenam-dong/내남동
Gwangju/광주,Dong-gu/동구,Naetap-dong/내탑동
Gwangju/광주,Dong-gu/동구,Nam-dong/남동
Gwangju/광주,Dong-gu/동구,Nangwol-dong/낭월동
Gwangju/광주,Dong-gu/동구,Neungseong-dong/능성동
Gwangju/광주,Dong-gu/동구,O-dong/오동
Gwangju/광주,Dong-gu/동구,Panam 1(il)-dong/판암1동
Gwangju/광주,Dong-gu/동구,Panam 2(i)-dong/판암2동
Gwangju/광주,Dong-gu/동구,Panam-dong/판암동
Gwangju/광주,Dong-gu/동구,Pyeonggwang-dong/평광동
Gwangju/광주,Dong-gu/동구,Sabok-dong/사복동
Gwangju/광주,Dong-gu/동구,Samgoe-dong/삼괴동
Gwangju/광주,Dong-gu/동구,Samjeong-dong/삼정동
Gwangju/광주,Dong-gu/동구,Samseong-dong/삼성동
Gwangju/광주,Dong-gu/동구,Sangmae-dong/상매동
Gwangju/광주,Dong-gu/동구,Sangso-dong/상소동
Gwangju/광주,Dong-gu/동구,Sansu 1(il)-dong/산수1동
Gwangju/광주,Dong-gu/동구,Sansu 2(i)-dong/산수2동
Gwangju/광주,Dong-gu/동구,Sansu-dong/산수동
Gwangju/광주,Dong-gu/동구,Saseong-dong/사성동
Gwangju/광주,Dong-gu/동구,Secheon-dong/세천동
Gwangju/광주,Dong-gu/동구,Seobu-dong/서부동
Gwangju/광주,Dong-gu/동구,Seoho-dong/서호동
Gwangju/광주,Dong-gu/동구,Seongnam-dong/성남동
Gwangju/광주,Dong-gu/동구,Seongyo-dong/선교동
Gwangju/광주,Dong-gu/동구,Seoseok-dong/서석동
Gwangju/광주,Dong-gu/동구,Sinam 1(il)-dong/신암1동
Gwangju/광주,Dong-gu/동구,Sinam 2(i)-dong/신암2동
Gwangju/광주,Dong-gu/동구,Sinam 3(sam)-dong/신암3동
Gwangju/광주,Dong-gu/동구,Sinam 4(sa)-dong/신암4동
Gwangju/광주,Dong-gu/동구,Sinam 5(o)-dong/신암5동
Gwangju/광주,Dong-gu/동구,Sinam-dong/신암동
Gwangju/광주,Dong-gu/동구,Sinan-dong/신안동
Gwangju/광주,Dong-gu/동구,Sincheon 2(i)-dong/신천1.2동
Gwangju/광주,Dong-gu/동구,Sincheon 3(sam)-dong/신천3동
Gwangju/광주,Dong-gu/동구,Sincheon 4(sa)-dong/신천4동
Gwangju/광주,Dong-gu/동구,Sincheon-dong/신천동
Gwangju/광주,Dong-gu/동구,Sinchon-dong/신촌동
Gwangju/광주,Dong-gu/동구,Singi-dong/신기동
Gwangju/광주,Dong-gu/동구,Sinha-dong/신하동
Gwangju/광주,Dong-gu/동구,Sinheung-dong/신흥동
Gwangju/광주,Dong-gu/동구,Sinmu-dong/신무동
Gwangju/광주,Dong-gu/동구,Sinpyeong-dong/신평동
Gwangju/광주,Dong-gu/동구,Sinsang-dong/신상동
Gwangju/광주,Dong-gu/동구,Sinseo-dong/신서동
Gwangju/광주,Dong-gu/동구,Sinyong-dong/신용동
Gwangju/광주,Dong-gu/동구,Soho-dong/소호동
Gwangju/광주,Dong-gu/동구,Soje-dong/소제동
Gwangju/광주,Dong-gu/동구,Songhyeon 1(il)-dong/송현1동
Gwangju/광주,Dong-gu/동구,Songhyeon 2(i)-dong/송현2동
Gwangju/광주,Dong-gu/동구,Songhyeon 3(sam)-dong/송현3동
Gwangju/광주,Dong-gu/동구,Songhyeon-dong/송현동
Gwangju/광주,Dong-gu/동구,Songjeong-dong/송정동
Gwangju/광주,Dong-gu/동구,Songrim 1(il)-dong/송림1동
Gwangju/광주,Dong-gu/동구,Songrim 2(i)-dong/송림2동
Gwangju/광주,Dong-gu/동구,Songrim 3(sam)-dong/송림3동
Gwangju/광주,Dong-gu/동구,Songrim 4(sa)-dong/송림4동
Gwangju/광주,Dong-gu/동구,Songrim 5(o)-dong/송림5동
Gwangju/광주,Dong-gu/동구,Songrim 6(yuk)-dong/송림6동
Gwangju/광주,Dong-gu/동구,Songrim-dong/송림동
Gwangju/광주,Dong-gu/동구,Sotae-dong/소태동
Gwangju/광주,Dong-gu/동구,Sugi-dong/수기동
Gwangju/광주,Dong-gu/동구,Sujeong 1(il)-dong/수정1동
Gwangju/광주,Dong-gu/동구,Sujeong 2(i)-dong/수정2동
Gwangju/광주,Dong-gu/동구,Sujeong 4(sa)-dong/수정4동
Gwangju/광주,Dong-gu/동구,Sujeong 5(o)-dong/수정5동
Gwangju/광주,Dong-gu/동구,Sujeong-dong/수정동
Gwangju/광주,Dong-gu/동구,Sukcheon-dong/숙천동
Gwangju/광주,Dong-gu/동구,Unrim-dong/운림동
Gwangju/광주,Dong-gu/동구,Wolnam-dong/월남동
Gwangju/광주,Dong-gu/동구,Won-dong/원동
Gwangju/광주,Dong-gu/동구,Yonggye-dong/용계동
Gwangju/광주,Dong-gu/동구,Yonggye-dong/용계동
Gwangju/광주,Dong-gu/동구,Yongjeon-dong/용전동
Gwangju/광주,Dong-gu/동구,Yongsan-dong/용산동
Gwangju/광주,Dong-gu/동구,Yongsu-dong/용수동
Gwangju/광주,Dong-gu/동구,Yongun-dong/용운동
Gwangju/광주,Dong-gu/동구,Yongyeon-dong/용연동
Gwangju/광주,Dong-gu/동구,Yulha-dong/율하동
Gwangju/광주,Dong-gu/동구,Yuram-dong/율암동
Gwangju/광주,Gwangsan-gu/광산구,Ancheong-dong/안청동
Gwangju/광주,Gwangsan-gu/광산구,Bakho-dong/박호동
Gwangju/광주,Gwangsan-gu/광산구,Bia-dong/비아동
Gwangju/광주,Gwangsan-gu/광산구,Bokryong-dong/복룡동
Gwangju/광주,Gwangsan-gu/광산구,Bondeok-dong/본덕동
Gwangju/광주,Gwangsan-gu/광산구,Buksan-dong/북산동
Gwangju/광주,Gwangsan-gu/광산구,Daesan-dong/대산동
Gwangju/광주,Gwangsan-gu/광산구,Deokrim-dong/덕림동
Gwangju/광주,Gwangsan-gu/광산구,Deungim-dong/등임동
Gwangju/광주,Gwangsan-gu/광산구,Docheon-dong/도천동
Gwangju/광주,Gwangsan-gu/광산구,Dodeok-dong/도덕동
Gwangju/광주,Gwangsan-gu/광산구,Doho-dong/도호동
Gwangju/광주,Gwangsan-gu/광산구,Dongho-dong/동호동
Gwangju/광주,Gwangsan-gu/광산구,Dongrim-dong/동림동
Gwangju/광주,Gwangsan-gu/광산구,Dongsan-dong/동산동
Gwangju/광주,Gwangsan-gu/광산구,Dosan-dong/도산동
Gwangju/광주,Gwangsan-gu/광산구,Dujeong-dong/두정동
Gwangju/광주,Gwangsan-gu/광산구,Eoryong-dong/어룡동
Gwangju/광주,Gwangsan-gu/광산구,Goryong-dong/고룡동
Gwangju/광주,Gwangsan-gu/광산구,Gwangjugwangsanucheguksaseoham/광주광산우체국사서함
Gwangju/광주,Gwangsan-gu/광산구,Gwangsan-dong/광산동
Gwangju/광주,Gwangsan-gu/광산구,Hanam-dong/하남동
Gwangju/광주,Gwangsan-gu/광산구,Hasan-dong/하산동
Gwangju/광주,Gwangsan-gu/광산구,Heukseok-dong/흑석동
Gwangju/광주,Gwangsan-gu/광산구,Hwangryong-dong/황룡동
Gwangju/광주,Gwangsan-gu/광산구,Imgok-dong/임곡동
Gwangju/광주,Gwangsan-gu/광산구,Jangdeok-dong/장덕동
Gwangju/광주,Gwangsan-gu/광산구,Jangrok-dong/장록동
Gwangju/광주,Gwangsan-gu/광산구,Jangsu-dong/장수동
Gwangju/광주,Gwangsan-gu/광산구,Jijeong-dong/지정동
Gwangju/광주,Gwangsan-gu/광산구,Jijuk-dong/지죽동
Gwangju/광주,Gwangsan-gu/광산구,Jingok-dong/진곡동
Gwangju/광주,Gwangsan-gu/광산구,Jipyeong-dong/지평동
Gwangju/광주,Gwangsan-gu/광산구,Jisan-dong/지산동
Gwangju/광주,Gwangsan-gu/광산구,Myeongdo-dong/명도동
Gwangju/광주,Gwangsan-gu/광산구,Myeonghwa-dong/명화동
Gwangju/광주,Gwangsan-gu/광산구,Naesan-dong/내산동
Gwangju/광주,Gwangsan-gu/광산구,Namsan-dong/남산동
Gwangju/광주,Gwangsan-gu/광산구,Ok-dong/옥동
Gwangju/광주,Gwangsan-gu/광산구,Osan-dong/오산동
Gwangju/광주,Gwangsan-gu/광산구,Oseon-dong/오선동
Gwangju/광주,Gwangsan-gu/광산구,Oun-dong/오운동
Gwangju/광주,Gwangsan-gu/광산구,Saho-dong/사호동
Gwangju/광주,Gwangsan-gu/광산구,Samdo-dong/삼도동
Gwangju/광주,Gwangsan-gu/광산구,Samgeo-dong/삼거동
Gwangju/광주,Gwangsan-gu/광산구,Sanjeong-dong/산정동
Gwangju/광주,Gwangsan-gu/광산구,Sanmak-dong/산막동
Gwangju/광주,Gwangsan-gu/광산구,Sansu-dong/산수동
Gwangju/광주,Gwangsan-gu/광산구,Sanwol-dong/산월동
Gwangju/광주,Gwangsan-gu/광산구,Seobong-dong/서봉동
Gwangju/광주,Gwangsan-gu/광산구,Seonam-dong/선암동
Gwangju/광주,Gwangsan-gu/광산구,Seon-dong/선동
Gwangju/광주,Gwangsan-gu/광산구,Sinchang-dong/신창동
Gwangju/광주,Gwangsan-gu/광산구,Sinchon-dong/신촌동
Gwangju/광주,Gwangsan-gu/광산구,Sin-dong/신동
Gwangju/광주,Gwangsan-gu/광산구,Singa-dong/신가동
Gwangju/광주,Gwangsan-gu/광산구,Sinryong-dong/신룡동
Gwangju/광주,Gwangsan-gu/광산구,Sochon-dong/소촌동
Gwangju/광주,Gwangsan-gu/광산구,Songchi-dong/송치동
Gwangju/광주,Gwangsan-gu/광산구,Songchon-dong/송촌동
Gwangju/광주,Gwangsan-gu/광산구,Songdae-dong/송대동
Gwangju/광주,Gwangsan-gu/광산구,Songhak-dong/송학동
Gwangju/광주,Gwangsan-gu/광산구,Songjeong 1(il)-dong/송정1동
Gwangju/광주,Gwangsan-gu/광산구,Songjeong 2(i)-dong/송정2동
Gwangju/광주,Gwangsan-gu/광산구,Songjeong-dong/송정동
Gwangju/광주,Gwangsan-gu/광산구,Songsan-dong/송산동
Gwangju/광주,Gwangsan-gu/광산구,Ssangam-dong/쌍암동
Gwangju/광주,Gwangsan-gu/광산구,Suwan-dong/수완동
Gwangju/광주,Gwangsan-gu/광산구,Unnam-dong/운남동
Gwangju/광주,Gwangsan-gu/광산구,Unsu-dong/운수동
Gwangju/광주,Gwangsan-gu/광산구,Usan-dong/우산동
Gwangju/광주,Gwangsan-gu/광산구,Wang-dong/왕동
Gwangju/광주,Gwangsan-gu/광산구,Wolgog 1(il)-dong/월곡1동
Gwangju/광주,Gwangsan-gu/광산구,Wolgog 2(i)-dong/월곡2동
Gwangju/광주,Gwangsan-gu/광산구,Wolgok-dong/월곡동
Gwangju/광주,Gwangsan-gu/광산구,Wolgye-dong/월계동
Gwangju/광주,Gwangsan-gu/광산구,Woljeon-dong/월전동
Gwangju/광주,Gwangsan-gu/광산구,Yang-dong/양동
Gwangju/광주,Gwangsan-gu/광산구,Yangsan-dong/양산동
Gwangju/광주,Gwangsan-gu/광산구,Yeonsan-dong/연산동
Gwangju/광주,Gwangsan-gu/광산구,Yogi-dong/요기동
Gwangju/광주,Gwangsan-gu/광산구,Yongbong-dong/용봉동
Gwangju/광주,Gwangsan-gu/광산구,Yong-dong/용동
Gwangju/광주,Gwangsan-gu/광산구,Yonggok-dong/용곡동
Gwangju/광주,Gwangsan-gu/광산구,Yugye-dong/유계동
Gwangju/광주,Nam-gu/남구,Apchon-dong/압촌동
Gwangju/광주,Nam-gu/남구,Baegun 1(il)-dong/백운1동
Gwangju/광주,Nam-gu/남구,Baegun 2(i)-dong/백운2동
Gwangju/광주,Nam-gu/남구,Baegun-dong/백운동
Gwangju/광주,Nam-gu/남구,Bangrim 1(il)-dong/방림1동
Gwangju/광주,Nam-gu/남구,Bangrim 2(i)-dong/방림2동
Gwangju/광주,Nam-gu/남구,Bangrim-dong/방림동
Gwangju/광주,Nam-gu/남구,Bongdeog 1(il)-dong/봉덕1동
Gwangju/광주,Nam-gu/남구,Bongdeog 2(i)-dong/봉덕2동
Gwangju/광주,Nam-gu/남구,Bongdeog 3(sam)-dong/봉덕3동
Gwangju/광주,Nam-gu/남구,Bongdeok-dong/봉덕동
Gwangju/광주,Nam-gu/남구,Bongseon 1(il)-dong/봉선1동
Gwangju/광주,Nam-gu/남구,Bongseon 2(i)-dong/봉선2동
Gwangju/광주,Nam-gu/남구,Bongseon-dong/봉선동
Gwangju/광주,Nam-gu/남구,Bugok-dong/부곡동
Gwangju/광주,Nam-gu/남구,Chilseok-dong/칠석동
Gwangju/광주,Nam-gu/남구,Daeji-dong/대지동
Gwangju/광주,Nam-gu/남구,Daemyeong 1(il)-dong/대명1동
Gwangju/광주,Nam-gu/남구,Daemyeong 10(sip)-dong/대명10동
Gwangju/광주,Nam-gu/남구,Daemyeong 11(sibil)-dong/대명11동
Gwangju/광주,Nam-gu/남구,Daemyeong 2(i)-dong/대명2동
Gwangju/광주,Nam-gu/남구,Daemyeong 3(sam)-dong/대명3동
Gwangju/광주,Nam-gu/남구,Daemyeong 4(sa)-dong/대명4동
Gwangju/광주,Nam-gu/남구,Daemyeong 5(o)-dong/대명5동
Gwangju/광주,Nam-gu/남구,Daemyeong 6(yuk)-dong/대명6동
Gwangju/광주,Nam-gu/남구,Daemyeong 9(gu)-dong/대명9동
Gwangju/광주,Nam-gu/남구,Daemyeong-dong/대명동
Gwangju/광주,Nam-gu/남구,Daeyeon 1(il)-dong/대연1동
Gwangju/광주,Nam-gu/남구,Daeyeon 2(i)-dong/대연2동
Gwangju/광주,Nam-gu/남구,Daeyeon 3(sam)-dong/대연3동
Gwangju/광주,Nam-gu/남구,Daeyeon 4(sa)-dong/대연4동
Gwangju/광주,Nam-gu/남구,Daeyeon 5(o)-dong/대연5동
Gwangju/광주,Nam-gu/남구,Daeyeon 6(yuk)-dong/대연6동
Gwangju/광주,Nam-gu/남구,Daeyeon-dong/대연동
Gwangju/광주,Nam-gu/남구,Dal-dong/달동
Gwangju/광주,Nam-gu/남구,Deoknam-dong/덕남동
Gwangju/광주,Nam-gu/남구,Dogeum-dong/도금동
Gwangju/광주,Nam-gu/남구,Dohwa 1(il)-dong/도화1동
Gwangju/광주,Nam-gu/남구,Dohwa 2(i)-dong/도화2동
Gwangju/광주,Nam-gu/남구,Dohwa 3(sam)-dong/도화3동
Gwangju/광주,Nam-gu/남구,Dohwa-dong/도화동
Gwangju/광주,Nam-gu/남구,Duwang-dong/두왕동
Gwangju/광주,Nam-gu/남구,Gaeun-dong/개운동
Gwangju/광주,Nam-gu/남구,Gamman 1(il)-dong/감만1동
Gwangju/광주,Nam-gu/남구,Gamman 2(i)-dong/감만2동
Gwangju/광주,Nam-gu/남구,Gamman-dong/감만동
Gwangju/광주,Nam-gu/남구,Gosa-dong/고사동
Gwangju/광주,Nam-gu/남구,Gu-dong/구동
Gwangju/광주,Nam-gu/남구,Guso-dong/구소동
Gwangju/광주,Nam-gu/남구,Gwangyo-dong/관교동
Gwangju/광주,Nam-gu/남구,Haengam-dong/행암동
Gwangju/광주,Nam-gu/남구,Hagig 1(il)-dong/학익1동
Gwangju/광주,Nam-gu/남구,Hagig 2(i)-dong/학익2동
Gwangju/광주,Nam-gu/남구,Hagik-dong/학익동
Gwangju/광주,Nam-gu/남구,Hwajang-dong/화장동
Gwangju/광주,Nam-gu/남구,Hwangseong-dong/황성동
Gwangju/광주,Nam-gu/남구,Icheon-dong/이천동
Gwangju/광주,Nam-gu/남구,Ijang-dong/이장동
Gwangju/광주,Nam-gu/남구,Imam-dong/임암동
Gwangju/광주,Nam-gu/남구,Jangsaengpo-dong/장생포동
Gwangju/광주,Nam-gu/남구,Jinwol-dong/진월동
Gwangju/광주,Nam-gu/남구,Jiseok-dong/지석동
Gwangju/광주,Nam-gu/남구,Juan 1(il)-dong/주안1동
Gwangju/광주,Nam-gu/남구,Juan 2(i)-dong/주안2동
Gwangju/광주,Nam-gu/남구,Juan 3(sam)-dong/주안3동
Gwangju/광주,Nam-gu/남구,Juan 4(sa)-dong/주안4동
Gwangju/광주,Nam-gu/남구,Juan 5(o)-dong/주안5동
Gwangju/광주,Nam-gu/남구,Juan 6(yuk)-dong/주안6동
Gwangju/광주,Nam-gu/남구,Juan 7(chil)-dong/주안7동
Gwangju/광주,Nam-gu/남구,Juan 8(pal)-dong/주안8동
Gwangju/광주,Nam-gu/남구,Juan-dong/주안동
Gwangju/광주,Nam-gu/남구,Juwol-dong/주월동
Gwangju/광주,Nam-gu/남구,Juwor 1(il)-dong/주월1동
Gwangju/광주,Nam-gu/남구,Juwor 2(i)-dong/주월2동
Gwangju/광주,Nam-gu/남구,Maeam-dong/매암동
Gwangju/광주,Nam-gu/남구,Mugeo-dong/무거동
Gwangju/광주,Nam-gu/남구,Munhak-dong/문학동
Gwangju/광주,Nam-gu/남구,Munhyeon 1(il)-dong/문현1동
Gwangju/광주,Nam-gu/남구,Munhyeon 2(i)-dong/문현2동
Gwangju/광주,Nam-gu/남구,Munhyeon 3(sam)-dong/문현3동
Gwangju/광주,Nam-gu/남구,Munhyeon 4(sa)-dong/문현4동
Gwangju/광주,Nam-gu/남구,Munhyeon-dong/문현동
Gwangju/광주,Nam-gu/남구,Namdaeguucheguksaseoham/남대구우체국사서함
Gwangju/광주,Nam-gu/남구,Namhwa-dong/남화동
Gwangju/광주,Nam-gu/남구,Namulsanucheguksaseoham/남울산우체국사서함
Gwangju/광주,Nam-gu/남구,Nodae-dong/노대동
Gwangju/광주,Nam-gu/남구,Ok-dong/옥동
Gwangju/광주,Nam-gu/남구,Sa-dong/사동
Gwangju/광주,Nam-gu/남구,Samsan-dong/삼산동
Gwangju/광주,Nam-gu/남구,Sanggae-dong/상개동
Gwangju/광주,Nam-gu/남구,Seo 1(il)-dong/서1동
Gwangju/광주,Nam-gu/남구,Seo 2(i)-dong/서2동
Gwangju/광주,Nam-gu/남구,Seo-dong/서동
Gwangju/광주,Nam-gu/남구,Seokjeong-dong/석정동
Gwangju/광주,Nam-gu/남구,Seonam-dong/선암동
Gwangju/광주,Nam-gu/남구,Seongam-dong/성암동
Gwangju/광주,Nam-gu/남구,Seungchon-dong/승촌동
Gwangju/광주,Nam-gu/남구,Sinjang-dong/신장동
Gwangju/광주,Nam-gu/남구,Sinjeong 1(il)-dong/신정1동
Gwangju/광주,Nam-gu/남구,Sinjeong 2(i)-dong/신정2동
Gwangju/광주,Nam-gu/남구,Sinjeong 3(sam)-dong/신정3동
Gwangju/광주,Nam-gu/남구,Sinjeong 4(sa)-dong/신정4동
Gwangju/광주,Nam-gu/남구,Sinjeong 5(o)-dong/신정5동
Gwangju/광주,Nam-gu/남구,Sinjeong-dong/신정동
Gwangju/광주,Nam-gu/남구,Songha-dong/송하동
Gwangju/광주,Nam-gu/남구,Sungui 1(il)-dong/숭의1동
Gwangju/광주,Nam-gu/남구,Sungui 2(i)-dong/숭의2동
Gwangju/광주,Nam-gu/남구,Sungui 3(sam)-dong/숭의3동
Gwangju/광주,Nam-gu/남구,Sungui 4(sa)-dong/숭의4동
Gwangju/광주,Nam-gu/남구,Sungui-dong/숭의동
Gwangju/광주,Nam-gu/남구,Uam 1(il)-dong/우암1동
Gwangju/광주,Nam-gu/남구,Uam 2(i)-dong/우암2동
Gwangju/광주,Nam-gu/남구,Uam-dong/우암동
Gwangju/광주,Nam-gu/남구,Wolsan 1(il)-dong/월산1동
Gwangju/광주,Nam-gu/남구,Wolsan 2(i)-dong/월산2동
Gwangju/광주,Nam-gu/남구,Wolsan 3(sam)-dong/월산3동
Gwangju/광주,Nam-gu/남구,Wolsan 4(sa)-dong/월산4동
Gwangju/광주,Nam-gu/남구,Wolsan 5(o)-dong/월산5동
Gwangju/광주,Nam-gu/남구,Wolsan-dong/월산동
Gwangju/광주,Nam-gu/남구,Wolseong-dong/월성동
Gwangju/광주,Nam-gu/남구,Wonsan-dong/원산동
Gwangju/광주,Nam-gu/남구,Yaeum-dong/야음동
Gwangju/광주,Nam-gu/남구,Yangchon-dong/양촌동
Gwangju/광주,Nam-gu/남구,Yanggwa-dong/양과동
Gwangju/광주,Nam-gu/남구,Yangrim-dong/양림동
Gwangju/광주,Nam-gu/남구,Yeocheon-dong/여천동
Gwangju/광주,Nam-gu/남구,Yongdang-dong/용당동
Gwangju/광주,Nam-gu/남구,Yongho 1(il)-dong/용호1동
Gwangju/광주,Nam-gu/남구,Yongho 2(i)-dong/용호2동
Gwangju/광주,Nam-gu/남구,Yongho 3(sam)-dong/용호3동
Gwangju/광주,Nam-gu/남구,Yongho 4(sa)-dong/용호4동
Gwangju/광주,Nam-gu/남구,Yongho-dong/용호동
Gwangju/광주,Nam-gu/남구,Yonghyeon 1(il)-dong/용현1동
Gwangju/광주,Nam-gu/남구,Yonghyeon 2(i)-dong/용현2동
Gwangju/광주,Nam-gu/남구,Yonghyeon 3(sam)-dong/용현3동
Gwangju/광주,Nam-gu/남구,Yonghyeon 4(sa)-dong/용현4동
Gwangju/광주,Nam-gu/남구,Yonghyeon 5(o)-dong/용현5동
Gwangju/광주,Nam-gu/남구,Yonghyeon-dong/용현동
Gwangju/광주,Nam-gu/남구,Yongjam-dong/용잠동
Gwangju/광주,Nam-gu/남구,Yongyeon-dong/용연동
Gwangju/광주,Seo-gu/서구,Amidong 1(il)-ga/아미동1가
Gwangju/광주,Seo-gu/서구,Amidong 2(i)-ga/아미동2가
Gwangju/광주,Seo-gu/서구,Ami-dong/아미동
Gwangju/광주,Seo-gu/서구,Amnam-dong/암남동
Gwangju/광주,Seo-gu/서구,Baekseok-dong/백석동
Gwangju/광주,Seo-gu/서구,Bisan 1(il)-dong/비산1동
Gwangju/광주,Seo-gu/서구,Bisan 2.3-dong/비산2.3동
Gwangju/광주,Seo-gu/서구,Bisan 4(sa)-dong/비산4동
Gwangju/광주,Seo-gu/서구,Bisan 5(o)-dong/비산5동
Gwangju/광주,Seo-gu/서구,Bisan 6(yuk)-dong/비산6동
Gwangju/광주,Seo-gu/서구,Bisan 7(chil)-dong/비산7동
Gwangju/광주,Seo-gu/서구,Bisan-dong/비산동
Gwangju/광주,Seo-gu/서구,Boksu-dong/복수동
Gwangju/광주,Seo-gu/서구,Bonggok-dong/봉곡동
Gwangju/광주,Seo-gu/서구,Bullo-dong/불로동
Gwangju/광주,Seo-gu/서구,Bumindong 1(il)-ga/부민동1가
Gwangju/광주,Seo-gu/서구,Bumindong 2(i)-ga/부민동2가
Gwangju/광주,Seo-gu/서구,Bumindong 3(sam)-ga/부민동3가
Gwangju/광주,Seo-gu/서구,Bumin-dong/부민동
Gwangju/광주,Seo-gu/서구,Buyongdong 1(il)-ga/부용동1가
Gwangju/광주,Seo-gu/서구,Buyongdong 2(i)-ga/부용동2가
Gwangju/광주,Seo-gu/서구,Buyong-dong/부용동
Gwangju/광주,Seo-gu/서구,Byeokjin-dong/벽진동
Gwangju/광주,Seo-gu/서구,Byeon-dong/변동
Gwangju/광주,Seo-gu/서구,Chipyeong-dong/치평동
Gwangju/광주,Seo-gu/서구,Chojang-dong/초장동
Gwangju/광주,Seo-gu/서구,Chungmudong 1(il)-ga/충무동1가
Gwangju/광주,Seo-gu/서구,Chungmudong 2(i)-ga/충무동2가
Gwangju/광주,Seo-gu/서구,Chungmudong 3(sam)-ga/충무동3가
Gwangju/광주,Seo-gu/서구,Chungmu-dong/충무동
Gwangju/광주,Seo-gu/서구,Daegok-dong/대곡동
Gwangju/광주,Seo-gu/서구,Daejeondunsanucheguksaseoham/대전둔산우체국사서함
Gwangju/광주,Seo-gu/서구,Dangha-dong/당하동
Gwangju/광주,Seo-gu/서구,Deokheung-dong/덕흥동
Gwangju/광주,Seo-gu/서구,Doan-dong/도안동
Gwangju/광주,Seo-gu/서구,Doma 1(il)-dong/도마1동
Gwangju/광주,Seo-gu/서구,Doma 2(i)-dong/도마2동
Gwangju/광주,Seo-gu/서구,Doma-dong/도마동
Gwangju/광주,Seo-gu/서구,Dongdaesindong 1(il)-ga/동대신동1가
Gwangju/광주,Seo-gu/서구,Dongdaesindong 2(i)-ga/동대신동2가
Gwangju/광주,Seo-gu/서구,Dongdaesindong 3(sam)-ga/동대신동3가
Gwangju/광주,Seo-gu/서구,Dunsan 1(il)-dong/둔산1동
Gwangju/광주,Seo-gu/서구,Dunsan 2(i)-dong/둔산2동
Gwangju/광주,Seo-gu/서구,Dunsan-dong/둔산동
Gwangju/광주,Seo-gu/서구,Gajang-dong/가장동
Gwangju/광주,Seo-gu/서구,Gajeong 1(il)-dong/가정1동
Gwangju/광주,Seo-gu/서구,Gajeong 2(i)-dong/가정2동
Gwangju/광주,Seo-gu/서구,Gajeong 3(sam)-dong/가정3동
Gwangju/광주,Seo-gu/서구,Gajeong-dong/가정동
Gwangju/광주,Seo-gu/서구,Gajwa 1(il)-dong/가좌1동
Gwangju/광주,Seo-gu/서구,Gajwa 2(i)-dong/가좌2동
Gwangju/광주,Seo-gu/서구,Gajwa 3(sam)-dong/가좌3동
Gwangju/광주,Seo-gu/서구,Gajwa 4(sa)-dong/가좌4동
Gwangju/광주,Seo-gu/서구,Gajwa-dong/가좌동
Gwangju/광주,Seo-gu/서구,Galma 1(il)-dong/갈마1동
Gwangju/광주,Seo-gu/서구,Galma 2(i)-dong/갈마2동
Gwangju/광주,Seo-gu/서구,Galma-dong/갈마동
Gwangju/광주,Seo-gu/서구,Gasuwon-dong/가수원동
Gwangju/광주,Seo-gu/서구,Geomam-dong/검암동
Gwangju/광주,Seo-gu/서구,Geumgok-dong/금곡동
Gwangju/광주,Seo-gu/서구,Geumho-dong/금호동
Gwangju/광주,Seo-gu/서구,Goegok-dong/괴곡동
Gwangju/광주,Seo-gu/서구,Goejeong-dong/괴정동
Gwangju/광주,Seo-gu/서구,Gongchon-dong/공촌동
Gwangju/광주,Seo-gu/서구,Gwangcheon-dong/광천동
Gwangju/광주,Seo-gu/서구,Gwanjeo 1(il)-dong/관저1동
Gwangju/광주,Seo-gu/서구,Gwanjeo 2(i)-dong/관저2동
Gwangju/광주,Seo-gu/서구,Gwanjeo-dong/관저동
Gwangju/광주,Seo-gu/서구,Gyeongseo-dong/경서동
Gwangju/광주,Seo-gu/서구,Heukseok-dong/흑석동
Gwangju/광주,Seo-gu/서구,Hwajeong 1(il)-dong/화정1동
Gwangju/광주,Seo-gu/서구,Hwajeong 2(i)-dong/화정2동
Gwangju/광주,Seo-gu/서구,Hwajeong 3(sam)-dong/화정3동
Gwangju/광주,Seo-gu/서구,Hwajeong 4(sa)-dong/화정4동
Gwangju/광주,Seo-gu/서구,Hwajeong-dong/화정동
Gwangju/광주,Seo-gu/서구,Ihyeon-dong/이현동
Gwangju/광주,Seo-gu/서구,Jangan-dong/장안동
Gwangju/광주,Seo-gu/서구,Jeongrim-dong/정림동
Gwangju/광주,Seo-gu/서구,Jungri-dong/중리동
Gwangju/광주,Seo-gu/서구,Maeno-dong/매노동
Gwangju/광주,Seo-gu/서구,Maewol-dong/매월동
Gwangju/광주,Seo-gu/서구,Majeon-dong/마전동
Gwangju/광주,Seo-gu/서구,Mannyeon-dong/만년동
Gwangju/광주,Seo-gu/서구,Mareuk-dong/마륵동
Gwangju/광주,Seo-gu/서구,Naebang-dong/내방동
Gwangju/광주,Seo-gu/서구,Naedang 1(il)-dong/내당1동
Gwangju/광주,Seo-gu/서구,Naedang 2.3-dong/내당2.3동
Gwangju/광주,Seo-gu/서구,Naedang 4(sa)-dong/내당4동
Gwangju/광주,Seo-gu/서구,Naedang-dong/내당동
Gwangju/광주,Seo-gu/서구,Nae-dong/내동
Gwangju/광주,Seo-gu/서구,Nambumin 1(il)-dong/남부민1동
Gwangju/광주,Seo-gu/서구,Nambumin 2(i)-dong/남부민2동
Gwangju/광주,Seo-gu/서구,Nambumin-dong/남부민동
Gwangju/광주,Seo-gu/서구,Nongseong 1(il)-dong/농성1동
Gwangju/광주,Seo-gu/서구,Nongseong 2(i)-dong/농성2동
Gwangju/광주,Seo-gu/서구,Nongseong-dong/농성동
Gwangju/광주,Seo-gu/서구,O-dong/오동
Gwangju/광주,Seo-gu/서구,Oryu-dong/오류동
Gwangju/광주,Seo-gu/서구,Pungam-dong/풍암동
Gwangju/광주,Seo-gu/서구,Pyeongchon-dong/평촌동
Gwangju/광주,Seo-gu/서구,Pyeongri 1(il)-dong/평리1동
Gwangju/광주,Seo-gu/서구,Pyeongri 2(i)-dong/평리2동
Gwangju/광주,Seo-gu/서구,Pyeongri 3(sam)-dong/평리3동
Gwangju/광주,Seo-gu/서구,Pyeongri 4(sa)-dong/평리4동
Gwangju/광주,Seo-gu/서구,Pyeongri 5(o)-dong/평리5동
Gwangju/광주,Seo-gu/서구,Pyeongri 6(yuk)-dong/평리6동
Gwangju/광주,Seo-gu/서구,Pyeongri-dong/평리동
Gwangju/광주,Seo-gu/서구,Samcheon-dong/삼천동
Gwangju/광주,Seo-gu/서구,Sangmu 1(il)-dong/상무1동
Gwangju/광주,Seo-gu/서구,Sangmu 2(i)-dong/상무2동
Gwangju/광주,Seo-gu/서구,Sangmu-dong/상무동
Gwangju/광주,Seo-gu/서구,Sangri-dong/상리동
Gwangju/광주,Seo-gu/서구,Sanjik-dong/산직동
Gwangju/광주,Seo-gu/서구,Seha-dong/세하동
Gwangju/광주,Seo-gu/서구,Seochang-dong/서창동
Gwangju/광주,Seo-gu/서구,Seodaeguucheguksaseoham/서대구우체국사서함
Gwangju/광주,Seo-gu/서구,Seodaesindong 1(il)-ga/서대신동1가
Gwangju/광주,Seo-gu/서구,Seodaesindong 2(i)-ga/서대신동2가
Gwangju/광주,Seo-gu/서구,Seodaesindong 3(sam)-ga/서대신동3가
Gwangju/광주,Seo-gu/서구,Seogwangjuucheguksaseoham/서광주우체국사서함
Gwangju/광주,Seo-gu/서구,Seoincheonucheguksaseoham/서인천우체국사서함
Gwangju/광주,Seo-gu/서구,Seoknam 1(il)-dong/석남1동
Gwangju/광주,Seo-gu/서구,Seoknam 2(i)-dong/석남2동
Gwangju/광주,Seo-gu/서구,Seoknam 3(sam)-dong/석남3동
Gwangju/광주,Seo-gu/서구,Seoknam-dong/석남동
Gwangju/광주,Seo-gu/서구,Sicheon-dong/시천동
Gwangju/광주,Seo-gu/서구,Simgok-dong/심곡동
Gwangju/광주,Seo-gu/서구,Sinhyeon-dong/신현동
Gwangju/광주,Seo-gu/서구,Ssangchon-dong/쌍촌동
Gwangju/광주,Seo-gu/서구,Tanbang-dong/탄방동
Gwangju/광주,Seo-gu/서구,Toseongdong 1(il)-ga/토성동1가
Gwangju/광주,Seo-gu/서구,Toseongdong 2(i)-ga/토성동2가
Gwangju/광주,Seo-gu/서구,Toseongdong 3(sam)-ga/토성동3가
Gwangju/광주,Seo-gu/서구,Toseongdong 4(sa)-ga/토성동4가
Gwangju/광주,Seo-gu/서구,Toseongdong 5(o)-ga/토성동5가
Gwangju/광주,Seo-gu/서구,Toseong-dong/토성동
Gwangju/광주,Seo-gu/서구,Umyeong-dong/우명동
Gwangju/광주,Seo-gu/서구,Wanggil-dong/왕길동
Gwangju/광주,Seo-gu/서구,Wolpyeong 1(il)-dong/월평1동
Gwangju/광주,Seo-gu/서구,Wolpyeong 2(i)-dong/월평2동
Gwangju/광주,Seo-gu/서구,Wolpyeong 3(sam)-dong/월평3동
Gwangju/광주,Seo-gu/서구,Wolpyeong-dong/월평동
Gwangju/광주,Seo-gu/서구,Wonchang-dong/원창동
Gwangju/광주,Seo-gu/서구,Wondaedong 1(il)-ga/원대동1가
Gwangju/광주,Seo-gu/서구,Wondaedong 2(i)-ga/원대동2가
Gwangju/광주,Seo-gu/서구,Wondaedong 3(sam)-ga/원대동3가
Gwangju/광주,Seo-gu/서구,Wondang-dong/원당동
Gwangju/광주,Seo-gu/서구,Wonjeong-dong/원정동
Gwangju/광주,Seo-gu/서구,Yang 1(il)-dong/양1동
Gwangju/광주,Seo-gu/서구,Yang 2(i)-dong/양2동
Gwangju/광주,Seo-gu/서구,Yang 3(sam)-dong/양3동
Gwangju/광주,Seo-gu/서구,Yang-dong/양동
Gwangju/광주,Seo-gu/서구,Yeonhui-dong/연희동
Gwangju/광주,Seo-gu/서구,Yongchon-dong/용촌동
Gwangju/광주,Seo-gu/서구,Yongdu-dong/용두동
Gwangju/광주,Seo-gu/서구,Yongmun-dong/용문동
Gwangju/광주,Seo-gu/서구,Yuchon-dong/유촌동
Gyeonggi-do/경기,Anseong-si/안성시,Anseongucheguksaseoham/안성우체국사서함
Gyeonggi-do/경기,Anseong-si/안성시,Ayang-dong/아양동
Gyeonggi-do/경기,Anseong-si/안성시,Balhwa-dong/발화동
Gyeonggi-do/경기,Anseong-si/안성시,Bogae-myeon/보개면
Gyeonggi-do/경기,Anseong-si/안성시,Bongnam-dong/봉남동
Gyeonggi-do/경기,Anseong-si/안성시,Bongsan-dong/봉산동
Gyeonggi-do/경기,Anseong-si/안성시,Changjeon-dong/창전동
Gyeonggi-do/경기,Anseong-si/안성시,Daecheon-dong/대천동
Gyeonggi-do/경기,Anseong-si/안성시,Daedeok-myeon/대덕면
Gyeonggi-do/경기,Anseong-si/안성시,Dangwang-dong/당왕동
Gyeonggi-do/경기,Anseong-si/안성시,Dogi-dong/도기동
Gyeonggi-do/경기,Anseong-si/안성시,Dongbon-dong/동본동
Gyeonggi-do/경기,Anseong-si/안성시,Gahyeon-dong/가현동
Gyeonggi-do/경기,Anseong-si/안성시,Gasa-dong/가사동
Gyeonggi-do/경기,Anseong-si/안성시,Geumgwang-myeon/금광면
Gyeonggi-do/경기,Anseong-si/안성시,Geumsan-dong/금산동
Gyeonggi-do/경기,Anseong-si/안성시,Geumseok-dong/금석동
Gyeonggi-do/경기,Anseong-si/안성시,Gongdo-eup/공도읍
Gyeonggi-do/경기,Anseong-si/안성시,Gosam-myeon/고삼면
Gyeonggi-do/경기,Anseong-si/안성시,Gupo-dong/구포동
Gyeonggi-do/경기,Anseong-si/안성시,Gye-dong/계동
Gyeonggi-do/경기,Anseong-si/안성시,Hyeonsu-dong/현수동
Gyeonggi-do/경기,Anseong-si/안성시,Iljuk-myeon/일죽면
Gyeonggi-do/경기,Anseong-si/안성시,Inji-dong/인지동
Gyeonggi-do/경기,Anseong-si/안성시,Juksan-myeon/죽산면
Gyeonggi-do/경기,Anseong-si/안성시,Jungri-dong/중리동
Gyeonggi-do/경기,Anseong-si/안성시,Miyang-myeon/미양면
Gyeonggi-do/경기,Anseong-si/안성시,Myeongryun-dong/명륜동
Gyeonggi-do/경기,Anseong-si/안성시,Nagwon-dong/낙원동
Gyeonggi-do/경기,Anseong-si/안성시,Okcheon-dong/옥천동
Gyeonggi-do/경기,Anseong-si/안성시,Oksan-dong/옥산동
Gyeonggi-do/경기,Anseong-si/안성시,Sagok-dong/사곡동
Gyeonggi-do/경기,Anseong-si/안성시,Samjuk-myeon/삼죽면
Gyeonggi-do/경기,Anseong-si/안성시,Seoin-dong/서인동
Gyeonggi-do/경기,Anseong-si/안성시,Seokjeong-dong/석정동
Gyeonggi-do/경기,Anseong-si/안성시,Seongnam-dong/성남동
Gyeonggi-do/경기,Anseong-si/안성시,Seoun-myeon/서운면
Gyeonggi-do/경기,Anseong-si/안성시,Singeonji-dong/신건지동
Gyeonggi-do/경기,Anseong-si/안성시,Sinheung-dong/신흥동
Gyeonggi-do/경기,Anseong-si/안성시,Sinmosan-dong/신모산동
Gyeonggi-do/경기,Anseong-si/안성시,Sinsohyeon-dong/신소현동
Gyeonggi-do/경기,Anseong-si/안성시,Sungin-dong/숭인동
Gyeonggi-do/경기,Anseong-si/안성시,Wongok-myeon/원곡면
Gyeonggi-do/경기,Anseong-si/안성시,Yangseong-myeon/양성면
Gyeonggi-do/경기,Anseong-si/안성시,Yeong-dong/영동
Gyeonggi-do/경기,Anseong-si/안성시,Yeonji-dong/연지동
Gyeonggi-do/경기,Bundang-gu Seongnam-si/성남시 분당구,Baekhyeon-dong/백현동
Gyeonggi-do/경기,Bundang-gu Seongnam-si/성남시 분당구,Bundang-dong/분당동
Gyeonggi-do/경기,Bundang-gu Seongnam-si/성남시 분당구,Daejang-dong/대장동
Gyeonggi-do/경기,Bundang-gu Seongnam-si/성남시 분당구,Dongwon-dong/동원동
Gyeonggi-do/경기,Bundang-gu Seongnam-si/성남시 분당구,Geumgok-dong/금곡동
Gyeonggi-do/경기,Bundang-gu Seongnam-si/성남시 분당구,Gumi-dong/구미동
Gyeonggi-do/경기,Bundang-gu Seongnam-si/성남시 분당구,Gungnae-dong/궁내동
Gyeonggi-do/경기,Bundang-gu Seongnam-si/성남시 분당구,Hasanun-dong/하산운동
Gyeonggi-do/경기,Bundang-gu Seongnam-si/성남시 분당구,Imae-dong/이매동
Gyeonggi-do/경기,Bundang-gu Seongnam-si/성남시 분당구,Jeongja-dong/정자동
Gyeonggi-do/경기,Bundang-gu Seongnam-si/성남시 분당구,Pangyo-dong/판교동
Gyeonggi-do/경기,Bundang-gu Seongnam-si/성남시 분당구,Sampyeong-dong/삼평동
Gyeonggi-do/경기,Bundang-gu Seongnam-si/성남시 분당구,Seogun-dong/석운동
Gyeonggi-do/경기,Bundang-gu Seongnam-si/성남시 분당구,Seohyeon-dong/서현동
Gyeonggi-do/경기,Bundang-gu Seongnam-si/성남시 분당구,Seongnambundangucheguksaseoham/성남분당우체국사서함
Gyeonggi-do/경기,Bundang-gu Seongnam-si/성남시 분당구,Seongnamupyeonjipjungguksaseoham/성남우편집중국사서함
Gyeonggi-do/경기,Bundang-gu Seongnam-si/성남시 분당구,Sunae-dong/수내동
Gyeonggi-do/경기,Bundang-gu Seongnam-si/성남시 분당구,Unjung-dong/운중동
Gyeonggi-do/경기,Bundang-gu Seongnam-si/성남시 분당구,Yatap-dong/야탑동
Gyeonggi-do/경기,Bundang-gu Seongnam-si/성남시 분당구,Yul-dong/율동
Gyeonggi-do/경기,Cheoin-gu Yongin-si/용인시 처인구,Baegam-myeon/백암면
Gyeonggi-do/경기,Cheoin-gu Yongin-si/용인시 처인구,Gimryangjang-dong/김량장동
Gyeonggi-do/경기,Cheoin-gu Yongin-si/용인시 처인구,Gorim-dong/고림동
Gyeonggi-do/경기,Cheoin-gu Yongin-si/용인시 처인구,Haegok-dong/해곡동
Gyeonggi-do/경기,Cheoin-gu Yongin-si/용인시 처인구,Ho-dong/호동
Gyeonggi-do/경기,Cheoin-gu Yongin-si/용인시 처인구,Idong-myeon/이동면
Gyeonggi-do/경기,Cheoin-gu Yongin-si/용인시 처인구,Mapyeong-dong/마평동
Gyeonggi-do/경기,Cheoin-gu Yongin-si/용인시 처인구,Mohyeon-myeon/모현면
Gyeonggi-do/경기,Cheoin-gu Yongin-si/용인시 처인구,Nam-dong/남동
Gyeonggi-do/경기,Cheoin-gu Yongin-si/용인시 처인구,Namsa-myeon/남사면
Gyeonggi-do/경기,Cheoin-gu Yongin-si/용인시 처인구,Pogog-eup/포곡읍
Gyeonggi-do/경기,Cheoin-gu Yongin-si/용인시 처인구,Samga-dong/삼가동
Gyeonggi-do/경기,Cheoin-gu Yongin-si/용인시 처인구,Unhak-dong/운학동
Gyeonggi-do/경기,Cheoin-gu Yongin-si/용인시 처인구,Wonsam-myeon/원삼면
Gyeonggi-do/경기,Cheoin-gu Yongin-si/용인시 처인구,Yangji-myeon/양지면
Gyeonggi-do/경기,Cheoin-gu Yongin-si/용인시 처인구,Yeokbuk-dong/역북동
Gyeonggi-do/경기,Cheoin-gu Yongin-si/용인시 처인구,Yonginucheguksaseoham/용인우체국사서함
Gyeonggi-do/경기,Cheoin-gu Yongin-si/용인시 처인구,Yubang-dong/유방동
Gyeonggi-do/경기,Danwon-gu Ansan-si/안산시 단원구,Ansanucheguksaseoham/안산우체국사서함
Gyeonggi-do/경기,Danwon-gu Ansan-si/안산시 단원구,Choji-dong/초지동
Gyeonggi-do/경기,Danwon-gu Ansan-si/안산시 단원구,Daebubuk-dong/대부북동
Gyeonggi-do/경기,Danwon-gu Ansan-si/안산시 단원구,Daebudong-dong/대부동동
Gyeonggi-do/경기,Danwon-gu Ansan-si/안산시 단원구,Daebunam-dong/대부남동
Gyeonggi-do/경기,Danwon-gu Ansan-si/안산시 단원구,Gojan 1(il)-dong/고잔1동
Gyeonggi-do/경기,Danwon-gu Ansan-si/안산시 단원구,Gojan 2(i)-dong/고잔2동
Gyeonggi-do/경기,Danwon-gu Ansan-si/안산시 단원구,Gojan-dong/고잔동
Gyeonggi-do/경기,Danwon-gu Ansan-si/안산시 단원구,Hwajeong-dong/화정동
Gyeonggi-do/경기,Danwon-gu Ansan-si/안산시 단원구,Moknae-dong/목내동
Gyeonggi-do/경기,Danwon-gu Ansan-si/안산시 단원구,Pungdo-dong/풍도동
Gyeonggi-do/경기,Danwon-gu Ansan-si/안산시 단원구,Seonbu 1(il)-dong/선부1동
Gyeonggi-do/경기,Danwon-gu Ansan-si/안산시 단원구,Seonbu 2(i)-dong/선부2동
Gyeonggi-do/경기,Danwon-gu Ansan-si/안산시 단원구,Seonbu 3(sam)-dong/선부3동
Gyeonggi-do/경기,Danwon-gu Ansan-si/안산시 단원구,Seonbu-dong/선부동
Gyeonggi-do/경기,Danwon-gu Ansan-si/안산시 단원구,Seongam-dong/선감동
Gyeonggi-do/경기,Danwon-gu Ansan-si/안산시 단원구,Seonggok-dong/성곡동
Gyeonggi-do/경기,Danwon-gu Ansan-si/안산시 단원구,Singil-dong/신길동
Gyeonggi-do/경기,Danwon-gu Ansan-si/안산시 단원구,Wa-dong/와동
Gyeonggi-do/경기,Danwon-gu Ansan-si/안산시 단원구,Wongog 1(il)-dong/원곡1동
Gyeonggi-do/경기,Danwon-gu Ansan-si/안산시 단원구,Wongog 2(i)-dong/원곡2동
Gyeonggi-do/경기,Danwon-gu Ansan-si/안산시 단원구,Wongok-dong/원곡동
Gyeonggi-do/경기,Danwon-gu Ansan-si/안산시 단원구,Wonsi-dong/원시동
Gyeonggi-do/경기,Deogyang-gu Goyang-si/고양시 덕양구,Bukhan-dong/북한동
Gyeonggi-do/경기,Deogyang-gu Goyang-si/고양시 덕양구,Byeokje-dong/벽제동
Gyeonggi-do/경기,Deogyang-gu Goyang-si/고양시 덕양구,Daeja-dong/대자동
Gyeonggi-do/경기,Deogyang-gu Goyang-si/고양시 덕양구,Daejang-dong/대장동
Gyeonggi-do/경기,Deogyang-gu Goyang-si/고양시 덕양구,Deogeun-dong/덕은동
Gyeonggi-do/경기,Deogyang-gu Goyang-si/고양시 덕양구,Donae-dong/도내동
Gyeonggi-do/경기,Deogyang-gu Goyang-si/고양시 덕양구,Dongsan-dong/동산동
Gyeonggi-do/경기,Deogyang-gu Goyang-si/고양시 덕양구,Gangmae-dong/강매동
Gyeonggi-do/경기,Deogyang-gu Goyang-si/고양시 덕양구,Goyangdeogyangucheguksaseoham/고양덕양우체국사서함
Gyeonggi-do/경기,Deogyang-gu Goyang-si/고양시 덕양구,Goyang-dong/고양동
Gyeonggi-do/경기,Deogyang-gu Goyang-si/고양시 덕양구,Gwansan-dong/관산동
Gyeonggi-do/경기,Deogyang-gu Goyang-si/고양시 덕양구,Haengjunae-dong/행주내동
Gyeonggi-do/경기,Deogyang-gu Goyang-si/고양시 덕양구,Haengjuoe-dong/행주외동
Gyeonggi-do/경기,Deogyang-gu Goyang-si/고양시 덕양구,Haengsin 1(il)-dong/행신1동
Gyeonggi-do/경기,Deogyang-gu Goyang-si/고양시 덕양구,Haengsin 2(i)-dong/행신2동
Gyeonggi-do/경기,Deogyang-gu Goyang-si/고양시 덕양구,Haengsin 3(sam)-dong/행신3동
Gyeonggi-do/경기,Deogyang-gu Goyang-si/고양시 덕양구,Haengsin-dong/행신동
Gyeonggi-do/경기,Deogyang-gu Goyang-si/고양시 덕양구,Hwajeon-dong/화전동
Gyeonggi-do/경기,Deogyang-gu Goyang-si/고양시 덕양구,Hwajeong 1(il)-dong/화정1동
Gyeonggi-do/경기,Deogyang-gu Goyang-si/고양시 덕양구,Hwajeong 2(i)-dong/화정2동
Gyeonggi-do/경기,Deogyang-gu Goyang-si/고양시 덕양구,Hwajeong-dong/화정동
Gyeonggi-do/경기,Deogyang-gu Goyang-si/고양시 덕양구,Hyangdong-dong/향동동
Gyeonggi-do/경기,Deogyang-gu Goyang-si/고양시 덕양구,Hyeoncheon-dong/현천동
Gyeonggi-do/경기,Deogyang-gu Goyang-si/고양시 덕양구,Hyoja-dong/효자동
Gyeonggi-do/경기,Deogyang-gu Goyang-si/고양시 덕양구,Jichuk-dong/지축동
Gyeonggi-do/경기,Deogyang-gu Goyang-si/고양시 덕양구,Jugyo-dong/주교동
Gyeonggi-do/경기,Deogyang-gu Goyang-si/고양시 덕양구,Naegok-dong/내곡동
Gyeonggi-do/경기,Deogyang-gu Goyang-si/고양시 덕양구,Naeyu-dong/내유동
Gyeonggi-do/경기,Deogyang-gu Goyang-si/고양시 덕양구,Ogeum-dong/오금동
Gyeonggi-do/경기,Deogyang-gu Goyang-si/고양시 덕양구,Samsong-dong/삼송동
Gyeonggi-do/경기,Deogyang-gu Goyang-si/고양시 덕양구,Seongsa 1(il)-dong/성사1동
Gyeonggi-do/경기,Deogyang-gu Goyang-si/고양시 덕양구,Seongsa 2(i)-dong/성사2동
Gyeonggi-do/경기,Deogyang-gu Goyang-si/고양시 덕양구,Seongsa-dong/성사동
Gyeonggi-do/경기,Deogyang-gu Goyang-si/고양시 덕양구,Seonyu-dong/선유동
Gyeonggi-do/경기,Deogyang-gu Goyang-si/고양시 덕양구,Sinpyeong-dong/신평동
Gyeonggi-do/경기,Deogyang-gu Goyang-si/고양시 덕양구,Sinwon-dong/신원동
Gyeonggi-do/경기,Deogyang-gu Goyang-si/고양시 덕양구,Todang-dong/토당동
Gyeonggi-do/경기,Deogyang-gu Goyang-si/고양시 덕양구,Wondang-dong/원당동
Gyeonggi-do/경기,Deogyang-gu Goyang-si/고양시 덕양구,Wonheung-dong/원흥동
Gyeonggi-do/경기,Deogyang-gu Goyang-si/고양시 덕양구,Yongdu-dong/용두동
Gyeonggi-do/경기,Dongan-gu Anyang-si/안양시 동안구,Anyangucheguksaseoham/안양우체국사서함
Gyeonggi-do/경기,Dongan-gu Anyang-si/안양시 동안구,Anyangupyeonjipjungguksaseoham/안양우편집중국사서함
Gyeonggi-do/경기,Dongan-gu Anyang-si/안양시 동안구,Beomgye-dong/범계동
Gyeonggi-do/경기,Dongan-gu Anyang-si/안양시 동안구,Bisan 1(il)-dong/비산1동
Gyeonggi-do/경기,Dongan-gu Anyang-si/안양시 동안구,Bisan 2(i)-dong/비산2동
Gyeonggi-do/경기,Dongan-gu Anyang-si/안양시 동안구,Bisan 3(sam)-dong/비산3동
Gyeonggi-do/경기,Dongan-gu Anyang-si/안양시 동안구,Bisan-dong/비산동
Gyeonggi-do/경기,Dongan-gu Anyang-si/안양시 동안구,Buheung-dong/부흥동
Gyeonggi-do/경기,Dongan-gu Anyang-si/안양시 동안구,Burim-dong/부림동
Gyeonggi-do/경기,Dongan-gu Anyang-si/안양시 동안구,Daran-dong/달안동
Gyeonggi-do/경기,Dongan-gu Anyang-si/안양시 동안구,Galsan-dong/갈산동
Gyeonggi-do/경기,Dongan-gu Anyang-si/안양시 동안구,Gwanyang 1(il)-dong/관양1동
Gyeonggi-do/경기,Dongan-gu Anyang-si/안양시 동안구,Gwanyang 2(i)-dong/관양2동
Gyeonggi-do/경기,Dongan-gu Anyang-si/안양시 동안구,Gwanyang-dong/관양동
Gyeonggi-do/경기,Dongan-gu Anyang-si/안양시 동안구,Gwiin-dong/귀인동
Gyeonggi-do/경기,Dongan-gu Anyang-si/안양시 동안구,Hogye 1(il)-dong/호계1동
Gyeonggi-do/경기,Dongan-gu Anyang-si/안양시 동안구,Hogye 2(i)-dong/호계2동
Gyeonggi-do/경기,Dongan-gu Anyang-si/안양시 동안구,Hogye 3(sam)-dong/호계3동
Gyeonggi-do/경기,Dongan-gu Anyang-si/안양시 동안구,Hogye-dong/호계동
Gyeonggi-do/경기,Dongan-gu Anyang-si/안양시 동안구,Pyeongan-dong/평안동
Gyeonggi-do/경기,Dongan-gu Anyang-si/안양시 동안구,Pyeongchon-dong/평촌동
Gyeonggi-do/경기,Dongan-gu Anyang-si/안양시 동안구,Sinchon-dong/신촌동
Gyeonggi-do/경기,Dongducheon-si/동두천시,Anheung-dong/안흥동
Gyeonggi-do/경기,Dongducheon-si/동두천시,Bosan-dong/보산동
Gyeonggi-do/경기,Dongducheon-si/동두천시,Dongducheon-dong/동두천동
Gyeonggi-do/경기,Dongducheon-si/동두천시,Dongducheonucheguksaseoham/동두천우체국사서함
Gyeonggi-do/경기,Dongducheon-si/동두천시,Geolsan-dong/걸산동
Gyeonggi-do/경기,Dongducheon-si/동두천시,Gwangam-dong/광암동
Gyeonggi-do/경기,Dongducheon-si/동두천시,Habongam-dong/하봉암동
Gyeonggi-do/경기,Dongducheon-si/동두천시,Jihaeng-dong/지행동
Gyeonggi-do/경기,Dongducheon-si/동두천시,Jungang-dong/중앙동
Gyeonggi-do/경기,Dongducheon-si/동두천시,Saengyeon 1(il)-dong/생연1동
Gyeonggi-do/경기,Dongducheon-si/동두천시,Saengyeon 2(i)-dong/생연2동
Gyeonggi-do/경기,Dongducheon-si/동두천시,Saengyeon-dong/생연동
Gyeonggi-do/경기,Dongducheon-si/동두천시,Sangbongam-dong/상봉암동
Gyeonggi-do/경기,Dongducheon-si/동두천시,Sangpae-dong/상패동
Gyeonggi-do/경기,Dongducheon-si/동두천시,Songnae-dong/송내동
Gyeonggi-do/경기,Dongducheon-si/동두천시,Tapdong-dong/탑동동
Gyeonggi-do/경기,Gapyeong-gun/가평군,Buk-myeon/북면
Gyeonggi-do/경기,Gapyeong-gun/가평군,Cheongpyeong-myeon/청평면
Gyeonggi-do/경기,Gapyeong-gun/가평군,Gapyeong-eup/가평읍
Gyeonggi-do/경기,Gapyeong-gun/가평군,Ha-myeon/하면
Gyeonggi-do/경기,Gapyeong-gun/가평군,Sang-myeon/상면
Gyeonggi-do/경기,Gapyeong-gun/가평군,Seorak-myeon/설악면
Gyeonggi-do/경기,Giheung-gu Yongin-si/용인시 기흥구,Bojeong-dong/보정동
Gyeonggi-do/경기,Giheung-gu Yongin-si/용인시 기흥구,Bora-dong/보라동
Gyeonggi-do/경기,Giheung-gu Yongin-si/용인시 기흥구,Cheongdeok-dong/청덕동
Gyeonggi-do/경기,Giheung-gu Yongin-si/용인시 기흥구,Dongbaek-dong/동백동
Gyeonggi-do/경기,Giheung-gu Yongin-si/용인시 기흥구,Eonnam-dong/언남동
Gyeonggi-do/경기,Giheung-gu Yongin-si/용인시 기흥구,Gomae-dong/고매동
Gyeonggi-do/경기,Giheung-gu Yongin-si/용인시 기흥구,Gongse-dong/공세동
Gyeonggi-do/경기,Giheung-gu Yongin-si/용인시 기흥구,Gugal-dong/구갈동
Gyeonggi-do/경기,Giheung-gu Yongin-si/용인시 기흥구,Hagal-dong/하갈동
Gyeonggi-do/경기,Giheung-gu Yongin-si/용인시 기흥구,Jigok-dong/지곡동
Gyeonggi-do/경기,Giheung-gu Yongin-si/용인시 기흥구,Jung-dong/중동
Gyeonggi-do/경기,Giheung-gu Yongin-si/용인시 기흥구,Mabuk-dong/마북동
Gyeonggi-do/경기,Giheung-gu Yongin-si/용인시 기흥구,Nongseo-dong/농서동
Gyeonggi-do/경기,Giheung-gu Yongin-si/용인시 기흥구,Sanggal-dong/상갈동
Gyeonggi-do/경기,Giheung-gu Yongin-si/용인시 기흥구,Sangha-dong/상하동
Gyeonggi-do/경기,Giheung-gu Yongin-si/용인시 기흥구,Seocheon-dong/서천동
Gyeonggi-do/경기,Giheung-gu Yongin-si/용인시 기흥구,Singal-dong/신갈동
Gyeonggi-do/경기,Giheung-gu Yongin-si/용인시 기흥구,Yeongdeok-dong/영덕동
Gyeonggi-do/경기,Gimpo-si/김포시,Bukbyeon-dong/북변동
Gyeonggi-do/경기,Gimpo-si/김포시,Daegot-myeon/대곶면
Gyeonggi-do/경기,Gimpo-si/김포시,Gamjeong-dong/감정동
Gyeonggi-do/경기,Gimpo-si/김포시,Geolpo-dong/걸포동
Gyeonggi-do/경기,Gimpo-si/김포시,Gochon-myeon/고촌면
Gyeonggi-do/경기,Gimpo-si/김포시,Haseong-myeon/하성면
Gyeonggi-do/경기,Gimpo-si/김포시,Janggi-dong/장기동
Gyeonggi-do/경기,Gimpo-si/김포시,Pungmu-dong/풍무동
Gyeonggi-do/경기,Gimpo-si/김포시,Sau-dong/사우동
Gyeonggi-do/경기,Gimpo-si/김포시,Tongjin-eup/통진읍
Gyeonggi-do/경기,Gimpo-si/김포시,Unyang-dong/운양동
Gyeonggi-do/경기,Gimpo-si/김포시,Wolgot-myeon/월곶면
Gyeonggi-do/경기,Gimpo-si/김포시,Yangchon-myeon/양촌면
Gyeonggi-do/경기,Gunpo-si/군포시,Bugok-dong/부곡동
Gyeonggi-do/경기,Gunpo-si/군포시,Daeyami-dong/대야미동
Gyeonggi-do/경기,Gunpo-si/군포시,Dang-dong/당동
Gyeonggi-do/경기,Gunpo-si/군포시,Dangjeong-dong/당정동
Gyeonggi-do/경기,Gunpo-si/군포시,Domagyo-dong/도마교동
Gyeonggi-do/경기,Gunpo-si/군포시,Dundae-dong/둔대동
Gyeonggi-do/경기,Gunpo-si/군포시,Geumjeong-dong/금정동
Gyeonggi-do/경기,Gunpo-si/군포시,Gungnae-dong/궁내동
Gyeonggi-do/경기,Gunpo-si/군포시,Gunpo 1(il)-dong/군포1동
Gyeonggi-do/경기,Gunpo-si/군포시,Gunpo 2(i)-dong/군포2동
Gyeonggi-do/경기,Gunpo-si/군포시,Gunpoucheguksaseoham/군포우체국사서함
Gyeonggi-do/경기,Gunpo-si/군포시,Gwangjeong-dong/광정동
Gyeonggi-do/경기,Gunpo-si/군포시,Jaegung-dong/재궁동
Gyeonggi-do/경기,Gunpo-si/군포시,Ogeum-dong/오금동
Gyeonggi-do/경기,Gunpo-si/군포시,Sanbon 1(il)-dong/산본1동
Gyeonggi-do/경기,Gunpo-si/군포시,Sanbon 2(i)-dong/산본2동
Gyeonggi-do/경기,Gunpo-si/군포시,Sanbon-dong/산본동
Gyeonggi-do/경기,Gunpo-si/군포시,Sokdal-dong/속달동
Gyeonggi-do/경기,Gunpo-si/군포시,Suri-dong/수리동
Gyeonggi-do/경기,Guri-si/구리시,Acheon-dong/아천동
Gyeonggi-do/경기,Guri-si/구리시,Donggu-dong/동구동
Gyeonggi-do/경기,Guri-si/구리시,Galmae-dong/갈매동
Gyeonggi-do/경기,Guri-si/구리시,Guriucheguksaseoham/구리우체국사서함
Gyeonggi-do/경기,Guri-si/구리시,Gyomun 1(il)-dong/교문1동
Gyeonggi-do/경기,Guri-si/구리시,Gyomun 2(i)-dong/교문2동
Gyeonggi-do/경기,Guri-si/구리시,Gyomun-dong/교문동
Gyeonggi-do/경기,Guri-si/구리시,Inchang-dong/인창동
Gyeonggi-do/경기,Guri-si/구리시,Sano-dong/사노동
Gyeonggi-do/경기,Guri-si/구리시,Sutaeg 1(il)-dong/수택1동
Gyeonggi-do/경기,Guri-si/구리시,Sutaeg 2(i)-dong/수택2동
Gyeonggi-do/경기,Guri-si/구리시,Sutaeg 3(sam)-dong/수택3동
Gyeonggi-do/경기,Guri-si/구리시,Sutaek-dong/수택동
Gyeonggi-do/경기,Guri-si/구리시,Topyeong-dong/토평동
Gyeonggi-do/경기,Gwacheon-si/과천시,Burim-dong/부림동
Gyeonggi-do/경기,Gwacheon-si/과천시,Byeoryang-dong/별양동
Gyeonggi-do/경기,Gwacheon-si/과천시,Galhyeon-dong/갈현동
Gyeonggi-do/경기,Gwacheon-si/과천시,Gwacheon-dong/과천동
Gyeonggi-do/경기,Gwacheon-si/과천시,Gwacheonucheguksaseoham/과천우체국사서함
Gyeonggi-do/경기,Gwacheon-si/과천시,Gwanmun-dong/관문동
Gyeonggi-do/경기,Gwacheon-si/과천시,Juam-dong/주암동
Gyeonggi-do/경기,Gwacheon-si/과천시,Jungang-dong/중앙동
Gyeonggi-do/경기,Gwacheon-si/과천시,Makgye-dong/막계동
Gyeonggi-do/경기,Gwacheon-si/과천시,Munwon-dong/문원동
Gyeonggi-do/경기,Gwacheon-si/과천시,Wonmun-dong/원문동
Gyeonggi-do/경기,Gwangju-si/광주시,Chowor-eup/초월읍
Gyeonggi-do/경기,Gwangju-si/광주시,Docheok-myeon/도척면
Gyeonggi-do/경기,Gwangju-si/광주시,Gyeongan-dong/경안동
Gyeonggi-do/경기,Gwangju-si/광주시,Hoedeok-dong/회덕동
Gyeonggi-do/경기,Gwangju-si/광주시,Jangji-dong/장지동
Gyeonggi-do/경기,Gwangju-si/광주시,Jik-dong/직동
Gyeonggi-do/경기,Gwangju-si/광주시,Jungbu-myeon/중부면
Gyeonggi-do/경기,Gwangju-si/광주시,Jungdae-dong/중대동
Gyeonggi-do/경기,Gwangju-si/광주시,Mok-dong/목동
Gyeonggi-do/경기,Gwangju-si/광주시,Mokhyeon-dong/목현동
Gyeonggi-do/경기,Gwangju-si/광주시,Namjong-myeon/남종면
Gyeonggi-do/경기,Gwangju-si/광주시,Opo-eup/오포읍
Gyeonggi-do/경기,Gwangju-si/광주시,Sam-dong/삼동
Gyeonggi-do/경기,Gwangju-si/광주시,Silchon-eup/실촌읍
Gyeonggi-do/경기,Gwangju-si/광주시,Songjeong-dong/송정동
Gyeonggi-do/경기,Gwangju-si/광주시,Ssangryeong-dong/쌍령동
Gyeonggi-do/경기,Gwangju-si/광주시,Taejeon-dong/태전동
Gyeonggi-do/경기,Gwangju-si/광주시,Tanbeol-dong/탄벌동
Gyeonggi-do/경기,Gwangju-si/광주시,Toechon-myeon/퇴촌면
Gyeonggi-do/경기,Gwangju-si/광주시,Yeok-dong/역동
Gyeonggi-do/경기,Gwangmyeong-si/광명시,Cheolsan 1(il)-dong/철산1동
Gyeonggi-do/경기,Gwangmyeong-si/광명시,Cheolsan 2(i)-dong/철산2동
Gyeonggi-do/경기,Gwangmyeong-si/광명시,Cheolsan 3(sam)-dong/철산3동
Gyeonggi-do/경기,Gwangmyeong-si/광명시,Cheolsan 4(sa)-dong/철산4동
Gyeonggi-do/경기,Gwangmyeong-si/광명시,Cheolsan-dong/철산동
Gyeonggi-do/경기,Gwangmyeong-si/광명시,Gahak-dong/가학동
Gyeonggi-do/경기,Gwangmyeong-si/광명시,Gwangmyeong 1(il)-dong/광명1동
Gyeonggi-do/경기,Gwangmyeong-si/광명시,Gwangmyeong 2(i)-dong/광명2동
Gyeonggi-do/경기,Gwangmyeong-si/광명시,Gwangmyeong 3(sam)-dong/광명3동
Gyeonggi-do/경기,Gwangmyeong-si/광명시,Gwangmyeong 4(sa)-dong/광명4동
Gyeonggi-do/경기,Gwangmyeong-si/광명시,Gwangmyeong 5(o)-dong/광명5동
Gyeonggi-do/경기,Gwangmyeong-si/광명시,Gwangmyeong 6(yuk)-dong/광명6동
Gyeonggi-do/경기,Gwangmyeong-si/광명시,Gwangmyeong 7(chil)-dong/광명7동
Gyeonggi-do/경기,Gwangmyeong-si/광명시,Gwangmyeong-dong/광명동
Gyeonggi-do/경기,Gwangmyeong-si/광명시,Gwangmyeongucheguksaseoham/광명우체국사서함
Gyeonggi-do/경기,Gwangmyeong-si/광명시,Haan 1(il)-dong/하안1동
Gyeonggi-do/경기,Gwangmyeong-si/광명시,Haan 2(i)-dong/하안2동
Gyeonggi-do/경기,Gwangmyeong-si/광명시,Haan 3(sam)-dong/하안3동
Gyeonggi-do/경기,Gwangmyeong-si/광명시,Haan 4(sa)-dong/하안4동
Gyeonggi-do/경기,Gwangmyeong-si/광명시,Haan-dong/하안동
Gyeonggi-do/경기,Gwangmyeong-si/광명시,Iljik-dong/일직동
Gyeonggi-do/경기,Gwangmyeong-si/광명시,Noonsa-dong/노온사동
Gyeonggi-do/경기,Gwangmyeong-si/광명시,Okgil-dong/옥길동
Gyeonggi-do/경기,Gwangmyeong-si/광명시,Soha 1(il)-dong/소하1동
Gyeonggi-do/경기,Gwangmyeong-si/광명시,Soha 2(i)-dong/소하2동
Gyeonggi-do/경기,Gwangmyeong-si/광명시,Soha-dong/소하동
Gyeonggi-do/경기,Gwonseon-gu Suwon-si/수원시 권선구,Daehwanggyo-dong/대황교동
Gyeonggi-do/경기,Gwonseon-gu Suwon-si/수원시 권선구,Dangsu-dong/당수동
Gyeonggi-do/경기,Gwonseon-gu Suwon-si/수원시 권선구,Geumgok-dong/금곡동
Gyeonggi-do/경기,Gwonseon-gu Suwon-si/수원시 권선구,Gokbanjeong-dong/곡반정동
Gyeonggi-do/경기,Gwonseon-gu Suwon-si/수원시 권선구,Gosaek-dong/고색동
Gyeonggi-do/경기,Gwonseon-gu Suwon-si/수원시 권선구,Guun-dong/구운동
Gyeonggi-do/경기,Gwonseon-gu Suwon-si/수원시 권선구,Gwonseon-dong/권선동
Gyeonggi-do/경기,Gwonseon-gu Suwon-si/수원시 권선구,Homaesil-dong/호매실동
Gyeonggi-do/경기,Gwonseon-gu Suwon-si/수원시 권선구,Ipbuk-dong/입북동
Gyeonggi-do/경기,Gwonseon-gu Suwon-si/수원시 권선구,Jangji-dong/장지동
Gyeonggi-do/경기,Gwonseon-gu Suwon-si/수원시 권선구,Omokcheon-dong/오목천동
Gyeonggi-do/경기,Gwonseon-gu Suwon-si/수원시 권선구,Pyeong-dong/평동
Gyeonggi-do/경기,Gwonseon-gu Suwon-si/수원시 권선구,Pyeongri-dong/평리동
Gyeonggi-do/경기,Gwonseon-gu Suwon-si/수원시 권선구,Seodun-dong/서둔동
Gyeonggi-do/경기,Gwonseon-gu Suwon-si/수원시 권선구,Seryu 1(il)-dong/세류1동
Gyeonggi-do/경기,Gwonseon-gu Suwon-si/수원시 권선구,Seryu 2(i)-dong/세류2동
Gyeonggi-do/경기,Gwonseon-gu Suwon-si/수원시 권선구,Seryu 3(sam)-dong/세류3동
Gyeonggi-do/경기,Gwonseon-gu Suwon-si/수원시 권선구,Seryu-dong/세류동
Gyeonggi-do/경기,Gwonseon-gu Suwon-si/수원시 권선구,Tap-dong/탑동
Gyeonggi-do/경기,Hanam-si/하남시,Baealmi-dong/배알미동
Gyeonggi-do/경기,Hanam-si/하남시,Changu-dong/창우동
Gyeonggi-do/경기,Hanam-si/하남시,Cheonhyeon-dong/천현동
Gyeonggi-do/경기,Hanam-si/하남시,Choi-dong/초이동
Gyeonggi-do/경기,Hanam-si/하남시,Choil-dong/초일동
Gyeonggi-do/경기,Hanam-si/하남시,Chungung-dong/춘궁동
Gyeonggi-do/경기,Hanam-si/하남시,Deokpung 1(il)-dong/덕풍1동
Gyeonggi-do/경기,Hanam-si/하남시,Deokpung 2(i)-dong/덕풍2동
Gyeonggi-do/경기,Hanam-si/하남시,Deokpung 3(sam)-dong/덕풍3동
Gyeonggi-do/경기,Hanam-si/하남시,Deokpung-dong/덕풍동
Gyeonggi-do/경기,Hanam-si/하남시,Gambuk-dong/감북동
Gyeonggi-do/경기,Hanam-si/하남시,Gami-dong/감이동
Gyeonggi-do/경기,Hanam-si/하남시,Gamil-dong/감일동
Gyeonggi-do/경기,Hanam-si/하남시,Gwangam-dong/광암동
Gyeonggi-do/경기,Hanam-si/하남시,Gyosan-dong/교산동
Gyeonggi-do/경기,Hanam-si/하남시,Hagam-dong/학암동
Gyeonggi-do/경기,Hanam-si/하남시,Hang-dong/항동
Gyeonggi-do/경기,Hanam-si/하남시,Hasachang-dong/하사창동
Gyeonggi-do/경기,Hanam-si/하남시,Hasangok-dong/하산곡동
Gyeonggi-do/경기,Hanam-si/하남시,Mangwol-dong/망월동
Gyeonggi-do/경기,Hanam-si/하남시,Misa-dong/미사동
Gyeonggi-do/경기,Hanam-si/하남시,Pungsan-dong/풍산동
Gyeonggi-do/경기,Hanam-si/하남시,Sangsachang-dong/상사창동
Gyeonggi-do/경기,Hanam-si/하남시,Sangsangok-dong/상산곡동
Gyeonggi-do/경기,Hanam-si/하남시,Seon-dong/선동
Gyeonggi-do/경기,Hanam-si/하남시,Sinjang 1(il)-dong/신장1동
Gyeonggi-do/경기,Hanam-si/하남시,Sinjang 2(i)-dong/신장2동
Gyeonggi-do/경기,Hanam-si/하남시,Sinjang-dong/신장동
Gyeonggi-do/경기,Hwaseong-si/화성시,Annyeong-dong/안녕동
Gyeonggi-do/경기,Hwaseong-si/화성시,Anseok-dong/안석동
Gyeonggi-do/경기,Hwaseong-si/화성시,Baeyang-dong/배양동
Gyeonggi-do/경기,Hwaseong-si/화성시,Banjeong-dong/반정동
Gyeonggi-do/경기,Hwaseong-si/화성시,Bansong-dong/반송동
Gyeonggi-do/경기,Hwaseong-si/화성시,Banwol-dong/반월동
Gyeonggi-do/경기,Hwaseong-si/화성시,Bibong-myeon/비봉면
Gyeonggi-do/경기,Hwaseong-si/화성시,Bongdam-eup/봉담읍
Gyeonggi-do/경기,Hwaseong-si/화성시,Bugyang-dong/북양동
Gyeonggi-do/경기,Hwaseong-si/화성시,Byeongjeom-dong/병점동
Gyeonggi-do/경기,Hwaseong-si/화성시,Dongtan-myeon/동탄면
Gyeonggi-do/경기,Hwaseong-si/화성시,Gian-dong/기안동
Gyeonggi-do/경기,Hwaseong-si/화성시,Gisan-dong/기산동
Gyeonggi-do/경기,Hwaseong-si/화성시,Hwalcho-dong/활초동
Gyeonggi-do/경기,Hwaseong-si/화성시,Hwanggye-dong/황계동
Gyeonggi-do/경기,Hwaseong-si/화성시,Hyangnam-eup/향남읍
Gyeonggi-do/경기,Hwaseong-si/화성시,Jangan-myeon/장안면
Gyeonggi-do/경기,Hwaseong-si/화성시,Jangdeok-dong/장덕동
Gyeonggi-do/경기,Hwaseong-si/화성시,Jangjeon-dong/장전동
Gyeonggi-do/경기,Hwaseong-si/화성시,Jeongnam-myeon/정남면
Gyeonggi-do/경기,Hwaseong-si/화성시,Jinan-dong/진안동
Gyeonggi-do/경기,Hwaseong-si/화성시,Mado-myeon/마도면
Gyeonggi-do/경기,Hwaseong-si/화성시,Maesong-myeon/매송면
Gyeonggi-do/경기,Hwaseong-si/화성시,Munho-dong/문호동
Gyeonggi-do/경기,Hwaseong-si/화성시,Musong-dong/무송동
Gyeonggi-do/경기,Hwaseong-si/화성시,Namyang-dong/남양동
Gyeonggi-do/경기,Hwaseong-si/화성시,Neung-dong/능동
Gyeonggi-do/경기,Hwaseong-si/화성시,Onseok-dong/온석동
Gyeonggi-do/경기,Hwaseong-si/화성시,Paltan-myeon/팔탄면
Gyeonggi-do/경기,Hwaseong-si/화성시,Seogu-dong/석우동
Gyeonggi-do/경기,Hwaseong-si/화성시,Seosin-myeon/서신면
Gyeonggi-do/경기,Hwaseong-si/화성시,Si-dong/시동
Gyeonggi-do/경기,Hwaseong-si/화성시,Sinnam-dong/신남동
Gyeonggi-do/경기,Hwaseong-si/화성시,Sinoe-dong/신외동
Gyeonggi-do/경기,Hwaseong-si/화성시,Songrim-dong/송림동
Gyeonggi-do/경기,Hwaseong-si/화성시,Songsan-dong/송산동
Gyeonggi-do/경기,Hwaseong-si/화성시,Songsan-myeon/송산면
Gyeonggi-do/경기,Hwaseong-si/화성시,Suhwa-dong/수화동
Gyeonggi-do/경기,Hwaseong-si/화성시,Ujeong-eup/우정읍
Gyeonggi-do/경기,Hwaseong-si/화성시,Woncheon-dong/원천동
Gyeonggi-do/경기,Hwaseong-si/화성시,Yanggam-myeon/양감면
Gyeonggi-do/경기,Icheon-si/이천시,Anheung-dong/안흥동
Gyeonggi-do/경기,Icheon-si/이천시,Baeksa-myeon/백사면
Gyeonggi-do/경기,Icheon-si/이천시,Bubar-eup/부발읍
Gyeonggi-do/경기,Icheon-si/이천시,Changjeon-dong/창전동
Gyeonggi-do/경기,Icheon-si/이천시,Daepo-dong/대포동
Gyeonggi-do/경기,Icheon-si/이천시,Daewol-myeon/대월면
Gyeonggi-do/경기,Icheon-si/이천시,Danwol-dong/단월동
Gyeonggi-do/경기,Icheon-si/이천시,Galsan-dong/갈산동
Gyeonggi-do/경기,Icheon-si/이천시,Godam-dong/고담동
Gyeonggi-do/경기,Icheon-si/이천시,Gwango-dong/관고동
Gyeonggi-do/경기,Icheon-si/이천시,Hobeop-myeon/호법면
Gyeonggi-do/경기,Icheon-si/이천시,Icheonucheguksaseoham/이천우체국사서함
Gyeonggi-do/경기,Icheon-si/이천시,Janghowon-eup/장호원읍
Gyeonggi-do/경기,Icheon-si/이천시,Jangrok-dong/장록동
Gyeonggi-do/경기,Icheon-si/이천시,Jeungil-dong/증일동
Gyeonggi-do/경기,Icheon-si/이천시,Jeungpo-dong/증포동
Gyeonggi-do/경기,Icheon-si/이천시,Jinri-dong/진리동
Gyeonggi-do/경기,Icheon-si/이천시,Jungri-dong/중리동
Gyeonggi-do/경기,Icheon-si/이천시,Majang-myeon/마장면
Gyeonggi-do/경기,Icheon-si/이천시,Moga-myeon/모가면
Gyeonggi-do/경기,Icheon-si/이천시,Saeum-dong/사음동
Gyeonggi-do/경기,Icheon-si/이천시,Seolseong-myeon/설성면
Gyeonggi-do/경기,Icheon-si/이천시,Sindun-myeon/신둔면
Gyeonggi-do/경기,Icheon-si/이천시,Songjeong-dong/송정동
Gyeonggi-do/경기,Icheon-si/이천시,Yulhyeon-dong/율현동
Gyeonggi-do/경기,Icheon-si/이천시,Yul-myeon/율면
Gyeonggi-do/경기,Ilsandong-gu Goyang-si/고양시 일산동구,Baekseog 1(il)-dong/백석1동
Gyeonggi-do/경기,Ilsandong-gu Goyang-si/고양시 일산동구,Baekseog 2(i)-dong/백석2동
Gyeonggi-do/경기,Ilsandong-gu Goyang-si/고양시 일산동구,Baekseok-dong/백석동
Gyeonggi-do/경기,Ilsandong-gu Goyang-si/고양시 일산동구,Goyangilsanucheguksaseoham/고양일산우체국사서함
Gyeonggi-do/경기,Ilsandong-gu Goyang-si/고양시 일산동구,Goyangupyeonjipjungguksaseoham/고양우편집중국사서함
Gyeonggi-do/경기,Ilsandong-gu Goyang-si/고양시 일산동구,Janghang 1(il)-dong/장항1동
Gyeonggi-do/경기,Ilsandong-gu Goyang-si/고양시 일산동구,Janghang 2(i)-dong/장항2동
Gyeonggi-do/경기,Ilsandong-gu Goyang-si/고양시 일산동구,Janghang-dong/장항동
Gyeonggi-do/경기,Ilsandong-gu Goyang-si/고양시 일산동구,Jeongbalsan-dong/정발산동
Gyeonggi-do/경기,Ilsandong-gu Goyang-si/고양시 일산동구,Jiyeong-dong/지영동
Gyeonggi-do/경기,Ilsandong-gu Goyang-si/고양시 일산동구,Jungsan-dong/중산동
Gyeonggi-do/경기,Ilsandong-gu Goyang-si/고양시 일산동구,Madu 1(il)-dong/마두1동
Gyeonggi-do/경기,Ilsandong-gu Goyang-si/고양시 일산동구,Madu 2(i)-dong/마두2동
Gyeonggi-do/경기,Ilsandong-gu Goyang-si/고양시 일산동구,Madu-dong/마두동
Gyeonggi-do/경기,Ilsandong-gu Goyang-si/고양시 일산동구,Munbong-dong/문봉동
Gyeonggi-do/경기,Ilsandong-gu Goyang-si/고양시 일산동구,Pung-dong/풍동
Gyeonggi-do/경기,Ilsandong-gu Goyang-si/고양시 일산동구,Sanhwang-dong/산황동
Gyeonggi-do/경기,Ilsandong-gu Goyang-si/고양시 일산동구,Sarihyeon-dong/사리현동
Gyeonggi-do/경기,Ilsandong-gu Goyang-si/고양시 일산동구,Seolmun-dong/설문동
Gyeonggi-do/경기,Ilsandong-gu Goyang-si/고양시 일산동구,Seongseok-dong/성석동
Gyeonggi-do/경기,Ilsandong-gu Goyang-si/고양시 일산동구,Siksa-dong/식사동
Gyeonggi-do/경기,Ilsanseo-gu Goyang-si/고양시 일산서구,Beopgot-dong/법곳동
Gyeonggi-do/경기,Ilsanseo-gu Goyang-si/고양시 일산서구,Daehwa-dong/대화동
Gyeonggi-do/경기,Ilsanseo-gu Goyang-si/고양시 일산서구,Deogi-dong/덕이동
Gyeonggi-do/경기,Ilsanseo-gu Goyang-si/고양시 일산서구,Gajwa-dong/가좌동
Gyeonggi-do/경기,Ilsanseo-gu Goyang-si/고양시 일산서구,Gusan-dong/구산동
Gyeonggi-do/경기,Ilsanseo-gu Goyang-si/고양시 일산서구,Ilsan 1(il)-dong/일산1동
Gyeonggi-do/경기,Ilsanseo-gu Goyang-si/고양시 일산서구,Ilsan 2(i)-dong/일산2동
Gyeonggi-do/경기,Ilsanseo-gu Goyang-si/고양시 일산서구,Ilsan 3(sam)-dong/일산3동
Gyeonggi-do/경기,Ilsanseo-gu Goyang-si/고양시 일산서구,Ilsan-dong/일산동
Gyeonggi-do/경기,Ilsanseo-gu Goyang-si/고양시 일산서구,Juyeob 1(il)-dong/주엽1동
Gyeonggi-do/경기,Ilsanseo-gu Goyang-si/고양시 일산서구,Juyeob 2(i)-dong/주엽2동
Gyeonggi-do/경기,Ilsanseo-gu Goyang-si/고양시 일산서구,Juyeop-dong/주엽동
Gyeonggi-do/경기,Ilsanseo-gu Goyang-si/고양시 일산서구,Tanhyeon-dong/탄현동
Gyeonggi-do/경기,Jangan-gu Suwon-si/수원시 장안구,Cheoncheon-dong/천천동
Gyeonggi-do/경기,Jangan-gu Suwon-si/수원시 장안구,Hagwanggyo-dong/하광교동
Gyeonggi-do/경기,Jangan-gu Suwon-si/수원시 장안구,Imok-dong/이목동
Gyeonggi-do/경기,Jangan-gu Suwon-si/수원시 장안구,Jeongja 1(il)-dong/정자1동
Gyeonggi-do/경기,Jangan-gu Suwon-si/수원시 장안구,Jeongja 2(i)-dong/정자2동
Gyeonggi-do/경기,Jangan-gu Suwon-si/수원시 장안구,Jeongja 3(sam)-dong/정자3동
Gyeonggi-do/경기,Jangan-gu Suwon-si/수원시 장안구,Jeongja-dong/정자동
Gyeonggi-do/경기,Jangan-gu Suwon-si/수원시 장안구,Jowon-dong/조원동
Gyeonggi-do/경기,Jangan-gu Suwon-si/수원시 장안구,Pajang-dong/파장동
Gyeonggi-do/경기,Jangan-gu Suwon-si/수원시 장안구,Sanggwanggyo-dong/상광교동
Gyeonggi-do/경기,Jangan-gu Suwon-si/수원시 장안구,Songjuk-dong/송죽동
Gyeonggi-do/경기,Jangan-gu Suwon-si/수원시 장안구,Suwonucheguksaseoham/수원우체국사서함
Gyeonggi-do/경기,Jangan-gu Suwon-si/수원시 장안구,Yeonghwa-dong/영화동
Gyeonggi-do/경기,Jangan-gu Suwon-si/수원시 장안구,Yeonmu-dong/연무동
Gyeonggi-do/경기,Jangan-gu Suwon-si/수원시 장안구,Yuljeon-dong/율전동
Gyeonggi-do/경기,Jungwon-gu Seongnam-si/성남시 중원구,Dochon-dong/도촌동
Gyeonggi-do/경기,Jungwon-gu Seongnam-si/성남시 중원구,Eunhaeng 1(il)-dong/은행1동
Gyeonggi-do/경기,Jungwon-gu Seongnam-si/성남시 중원구,Eunhaeng 2(i)-dong/은행2동
Gyeonggi-do/경기,Jungwon-gu Seongnam-si/성남시 중원구,Eunhaeng-dong/은행동
Gyeonggi-do/경기,Jungwon-gu Seongnam-si/성남시 중원구,Galhyeon-dong/갈현동
Gyeonggi-do/경기,Jungwon-gu Seongnam-si/성남시 중원구,Geumgwang 1(il)-dong/금광1동
Gyeonggi-do/경기,Jungwon-gu Seongnam-si/성남시 중원구,Geumgwang 2(i)-dong/금광2동
Gyeonggi-do/경기,Jungwon-gu Seongnam-si/성남시 중원구,Geumgwang-dong/금광동
Gyeonggi-do/경기,Jungwon-gu Seongnam-si/성남시 중원구,Hadaewon-dong/하대원동
Gyeonggi-do/경기,Jungwon-gu Seongnam-si/성남시 중원구,Jung-dong/중동
Gyeonggi-do/경기,Jungwon-gu Seongnam-si/성남시 중원구,Sangdaewon 1(il)-dong/상대원1동
Gyeonggi-do/경기,Jungwon-gu Seongnam-si/성남시 중원구,Sangdaewon 2(i)-dong/상대원2동
Gyeonggi-do/경기,Jungwon-gu Seongnam-si/성남시 중원구,Sangdaewon 3(sam)-dong/상대원3동
Gyeonggi-do/경기,Jungwon-gu Seongnam-si/성남시 중원구,Sangdaewon-dong/상대원동
Gyeonggi-do/경기,Jungwon-gu Seongnam-si/성남시 중원구,Seongnam-dong/성남동
Gyeonggi-do/경기,Jungwon-gu Seongnam-si/성남시 중원구,Yeosu-dong/여수동
Gyeonggi-do/경기,Manan-gu Anyang-si/안양시 만안구,Anyang 1(il)-dong/안양1동
Gyeonggi-do/경기,Manan-gu Anyang-si/안양시 만안구,Anyang 2(i)-dong/안양2동
Gyeonggi-do/경기,Manan-gu Anyang-si/안양시 만안구,Anyang 3(sam)-dong/안양3동
Gyeonggi-do/경기,Manan-gu Anyang-si/안양시 만안구,Anyang 4(sa)-dong/안양4동
Gyeonggi-do/경기,Manan-gu Anyang-si/안양시 만안구,Anyang 5(o)-dong/안양5동
Gyeonggi-do/경기,Manan-gu Anyang-si/안양시 만안구,Anyang 6(yuk)-dong/안양6동
Gyeonggi-do/경기,Manan-gu Anyang-si/안양시 만안구,Anyang 7(chil)-dong/안양7동
Gyeonggi-do/경기,Manan-gu Anyang-si/안양시 만안구,Anyang 8(pal)-dong/안양8동
Gyeonggi-do/경기,Manan-gu Anyang-si/안양시 만안구,Anyang 9(gu)-dong/안양9동
Gyeonggi-do/경기,Manan-gu Anyang-si/안양시 만안구,Anyang-dong/안양동
Gyeonggi-do/경기,Manan-gu Anyang-si/안양시 만안구,Bakdal-dong/박달동
Gyeonggi-do/경기,Manan-gu Anyang-si/안양시 만안구,Bakdar 1(il)-dong/박달1동
Gyeonggi-do/경기,Manan-gu Anyang-si/안양시 만안구,Bakdar 2(i)-dong/박달2동
Gyeonggi-do/경기,Manan-gu Anyang-si/안양시 만안구,Seoanyangucheguksaseoham/서안양우체국사서함
Gyeonggi-do/경기,Manan-gu Anyang-si/안양시 만안구,Seoksu 1(il)-dong/석수1동
Gyeonggi-do/경기,Manan-gu Anyang-si/안양시 만안구,Seoksu 2(i)-dong/석수2동
Gyeonggi-do/경기,Manan-gu Anyang-si/안양시 만안구,Seoksu 3(sam)-dong/석수3동
Gyeonggi-do/경기,Manan-gu Anyang-si/안양시 만안구,Seoksu-dong/석수동
Gyeonggi-do/경기,Namyangju-si/남양주시,Byeolnae-myeon/별내면
Gyeonggi-do/경기,Namyangju-si/남양주시,Donong-dong/도농동
Gyeonggi-do/경기,Namyangju-si/남양주시,Gaun-dong/가운동
Gyeonggi-do/경기,Namyangju-si/남양주시,Geumgok-dong/금곡동
Gyeonggi-do/경기,Namyangju-si/남양주시,Hopyeong-dong/호평동
Gyeonggi-do/경기,Namyangju-si/남양주시,Hwado-eup/화도읍
Gyeonggi-do/경기,Namyangju-si/남양주시,Ilpae-dong/일패동
Gyeonggi-do/경기,Namyangju-si/남양주시,Ipae-dong/이패동
Gyeonggi-do/경기,Namyangju-si/남양주시,Jigeum-dong/지금동
Gyeonggi-do/경기,Namyangju-si/남양주시,Jingeon-eup/진건읍
Gyeonggi-do/경기,Namyangju-si/남양주시,Jinjeob-eup/진접읍
Gyeonggi-do/경기,Namyangju-si/남양주시,Joan-myeon/조안면
Gyeonggi-do/경기,Namyangju-si/남양주시,Onam-eup/오남읍
Gyeonggi-do/경기,Namyangju-si/남양주시,Pyeongnae-dong/평내동
Gyeonggi-do/경기,Namyangju-si/남양주시,Sampae-dong/삼패동
Gyeonggi-do/경기,Namyangju-si/남양주시,Sudong-myeon/수동면
Gyeonggi-do/경기,Namyangju-si/남양주시,Suseok-dong/수석동
Gyeonggi-do/경기,Namyangju-si/남양주시,Toegyewon-myeon/퇴계원면
Gyeonggi-do/경기,Namyangju-si/남양주시,Wabu-eup/와부읍
Gyeonggi-do/경기,Namyangju-si/남양주시,Yangjeong-dong/양정동
Gyeonggi-do/경기,Ojeong-gu Bucheon-si/부천시 오정구,Bucheonupyeonjipjungguksaseoham/부천우편집중국사서함
Gyeonggi-do/경기,Ojeong-gu Bucheon-si/부천시 오정구,Daejang-dong/대장동
Gyeonggi-do/경기,Ojeong-gu Bucheon-si/부천시 오정구,Gogang 1(il)-dong/고강1동
Gyeonggi-do/경기,Ojeong-gu Bucheon-si/부천시 오정구,Gogangbon-dong/고강본동
Gyeonggi-do/경기,Ojeong-gu Bucheon-si/부천시 오정구,Gogang-dong/고강동
Gyeonggi-do/경기,Ojeong-gu Bucheon-si/부천시 오정구,Jak-dong/작동
Gyeonggi-do/경기,Ojeong-gu Bucheon-si/부천시 오정구,Nae-dong/내동
Gyeonggi-do/경기,Ojeong-gu Bucheon-si/부천시 오정구,Ojeong-dong/오정동
Gyeonggi-do/경기,Ojeong-gu Bucheon-si/부천시 오정구,Samjeong-dong/삼정동
Gyeonggi-do/경기,Ojeong-gu Bucheon-si/부천시 오정구,Wonjong 1(il)-dong/원종1동
Gyeonggi-do/경기,Ojeong-gu Bucheon-si/부천시 오정구,Wonjong 2(i)-dong/원종2동
Gyeonggi-do/경기,Ojeong-gu Bucheon-si/부천시 오정구,Wonjong-dong/원종동
Gyeonggi-do/경기,Ojeong-gu Bucheon-si/부천시 오정구,Yeowol-dong/여월동
Gyeonggi-do/경기,Osan-si/오산시,Beoreum-dong/벌음동
Gyeonggi-do/경기,Osan-si/오산시,Busan-dong/부산동
Gyeonggi-do/경기,Osan-si/오산시,Cheonghak-dong/청학동
Gyeonggi-do/경기,Osan-si/오산시,Cheongho-dong/청호동
Gyeonggi-do/경기,Osan-si/오산시,Dugok-dong/두곡동
Gyeonggi-do/경기,Osan-si/오산시,Eungye-dong/은계동
Gyeonggi-do/경기,Osan-si/오산시,Gajang-dong/가장동
Gyeonggi-do/경기,Osan-si/오산시,Galgot-dong/갈곶동
Gyeonggi-do/경기,Osan-si/오산시,Gasu-dong/가수동
Gyeonggi-do/경기,Osan-si/오산시,Geumam-dong/금암동
Gyeonggi-do/경기,Osan-si/오산시,Gohyeon-dong/고현동
Gyeonggi-do/경기,Osan-si/오산시,Gwol-dong/궐동
Gyeonggi-do/경기,Osan-si/오산시,Jigot-dong/지곶동
Gyeonggi-do/경기,Osan-si/오산시,Naesammi-dong/내삼미동
Gyeonggi-do/경기,Osan-si/오산시,Nueup-dong/누읍동
Gyeonggi-do/경기,Osan-si/오산시,Oesammi-dong/외삼미동
Gyeonggi-do/경기,Osan-si/오산시,Osan-dong/오산동
Gyeonggi-do/경기,Osan-si/오산시,Osanucheguksaseoham/오산우체국사서함
Gyeonggi-do/경기,Osan-si/오산시,Segyo-dong/세교동
Gyeonggi-do/경기,Osan-si/오산시,Seo-dong/서동
Gyeonggi-do/경기,Osan-si/오산시,Seorang-dong/서랑동
Gyeonggi-do/경기,Osan-si/오산시,Sucheong-dong/수청동
Gyeonggi-do/경기,Osan-si/오산시,Tap-dong/탑동
Gyeonggi-do/경기,Osan-si/오산시,Won-dong/원동
Gyeonggi-do/경기,Osan-si/오산시,Yangsan-dong/양산동
Gyeonggi-do/경기,Paju-si/파주시,Adong-dong/아동동
Gyeonggi-do/경기,Paju-si/파주시,Beobwon-eup/법원읍
Gyeonggi-do/경기,Paju-si/파주시,Geomsan-dong/검산동
Gyeonggi-do/경기,Paju-si/파주시,Geumchon 1(il)-dong/금촌1동
Gyeonggi-do/경기,Paju-si/파주시,Geumchon 2(i)-dong/금촌2동
Gyeonggi-do/경기,Paju-si/파주시,Geumchon-dong/금촌동
Gyeonggi-do/경기,Paju-si/파주시,Geumneung-dong/금능동
Gyeonggi-do/경기,Paju-si/파주시,Gunnae-myeon/군내면
Gyeonggi-do/경기,Paju-si/파주시,Gwangtan-myeon/광탄면
Gyeonggi-do/경기,Paju-si/파주시,Gyoha-eup/교하읍
Gyeonggi-do/경기,Paju-si/파주시,Jangdan-myeon/장단면
Gyeonggi-do/경기,Paju-si/파주시,Jeokseong-myeon/적성면
Gyeonggi-do/경기,Paju-si/파주시,Jindong-myeon/진동면
Gyeonggi-do/경기,Paju-si/파주시,Jinseo-myeon/진서면
Gyeonggi-do/경기,Paju-si/파주시,Jori-eup/조리읍
Gyeonggi-do/경기,Paju-si/파주시,Maekgeum-dong/맥금동
Gyeonggi-do/경기,Paju-si/파주시,Munsan-eup/문산읍
Gyeonggi-do/경기,Paju-si/파주시,Munsanucheguksaseoham/문산우체국사서함
Gyeonggi-do/경기,Paju-si/파주시,Paju-eup/파주읍
Gyeonggi-do/경기,Paju-si/파주시,Pajuucheguksaseoham/파주우체국사서함
Gyeonggi-do/경기,Paju-si/파주시,Papyeong-myeon/파평면
Gyeonggi-do/경기,Paju-si/파주시,Tanhyeon-myeon/탄현면
Gyeonggi-do/경기,Paju-si/파주시,Wollong-myeon/월롱면
Gyeonggi-do/경기,Paju-si/파주시,Yadong-dong/야동동
Gyeonggi-do/경기,Paldal-gu Suwon-si/수원시 팔달구,Buksu-dong/북수동
Gyeonggi-do/경기,Paldal-gu Suwon-si/수원시 팔달구,Dongsuwonucheguksaseoham/동수원우체국사서함
Gyeonggi-do/경기,Paldal-gu Suwon-si/수원시 팔달구,Godeung-dong/고등동
Gyeonggi-do/경기,Paldal-gu Suwon-si/수원시 팔달구,Gucheon-dong/구천동
Gyeonggi-do/경기,Paldal-gu Suwon-si/수원시 팔달구,Gyo-dong/교동
Gyeonggi-do/경기,Paldal-gu Suwon-si/수원시 팔달구,Hwaseo 1(il)-dong/화서1동
Gyeonggi-do/경기,Paldal-gu Suwon-si/수원시 팔달구,Hwaseo 2(i)-dong/화서2동
Gyeonggi-do/경기,Paldal-gu Suwon-si/수원시 팔달구,Hwaseo-dong/화서동
Gyeonggi-do/경기,Paldal-gu Suwon-si/수원시 팔달구,Ingye-dong/인계동
Gyeonggi-do/경기,Paldal-gu Suwon-si/수원시 팔달구,Jangan-dong/장안동
Gyeonggi-do/경기,Paldal-gu Suwon-si/수원시 팔달구,Ji-dong/지동
Gyeonggi-do/경기,Paldal-gu Suwon-si/수원시 팔달구,Jung-dong/중동
Gyeonggi-do/경기,Paldal-gu Suwon-si/수원시 팔달구,Maegyo-dong/매교동
Gyeonggi-do/경기,Paldal-gu Suwon-si/수원시 팔달구,Maehyang-dong/매향동
Gyeonggi-do/경기,Paldal-gu Suwon-si/수원시 팔달구,Maesanro 1(il)-ga/매산로1가
Gyeonggi-do/경기,Paldal-gu Suwon-si/수원시 팔달구,Maesanro 2(i)-ga/매산로2가
Gyeonggi-do/경기,Paldal-gu Suwon-si/수원시 팔달구,Maesanro 3(sam)-ga/매산로3가
Gyeonggi-do/경기,Paldal-gu Suwon-si/수원시 팔달구,Namchang-dong/남창동
Gyeonggi-do/경기,Paldal-gu Suwon-si/수원시 팔달구,Namsu-dong/남수동
Gyeonggi-do/경기,Paldal-gu Suwon-si/수원시 팔달구,Paldallo 1(il)-ga/팔달로1가
Gyeonggi-do/경기,Paldal-gu Suwon-si/수원시 팔달구,Paldallo 2(i)-ga/팔달로2가
Gyeonggi-do/경기,Paldal-gu Suwon-si/수원시 팔달구,Paldallo 3(sam)-ga/팔달로3가
Gyeonggi-do/경기,Paldal-gu Suwon-si/수원시 팔달구,Sinpung-dong/신풍동
Gyeonggi-do/경기,Paldal-gu Suwon-si/수원시 팔달구,Uman 1(il)-dong/우만1동
Gyeonggi-do/경기,Paldal-gu Suwon-si/수원시 팔달구,Uman 2(i)-dong/우만2동
Gyeonggi-do/경기,Paldal-gu Suwon-si/수원시 팔달구,Uman-dong/우만동
Gyeonggi-do/경기,Paldal-gu Suwon-si/수원시 팔달구,Yeong-dong/영동
Gyeonggi-do/경기,Pocheon-si/포천시,Changsu-myeon/창수면
Gyeonggi-do/경기,Pocheon-si/포천시,Donggyo-dong/동교동
Gyeonggi-do/경기,Pocheon-si/포천시,Eoryong-dong/어룡동
Gyeonggi-do/경기,Pocheon-si/포천시,Gasan-myeon/가산면
Gyeonggi-do/경기,Pocheon-si/포천시,Gunnae-myeon/군내면
Gyeonggi-do/경기,Pocheon-si/포천시,Gwanin-myeon/관인면
Gyeonggi-do/경기,Pocheon-si/포천시,Hwahyeon-myeon/화현면
Gyeonggi-do/경기,Pocheon-si/포천시,Idong-myeon/이동면
Gyeonggi-do/경기,Pocheon-si/포천시,Ildong-myeon/일동면
Gyeonggi-do/경기,Pocheon-si/포천시,Jajak-dong/자작동
Gyeonggi-do/경기,Pocheon-si/포천시,Naechon-myeon/내촌면
Gyeonggi-do/경기,Pocheon-si/포천시,Seondan-dong/선단동
Gyeonggi-do/경기,Pocheon-si/포천시,Seorun-dong/설운동
Gyeonggi-do/경기,Pocheon-si/포천시,Sinbuk-myeon/신북면
Gyeonggi-do/경기,Pocheon-si/포천시,Sineup-dong/신읍동
Gyeonggi-do/경기,Pocheon-si/포천시,Soheur-eup/소흘읍
Gyeonggi-do/경기,Pocheon-si/포천시,Yeongbuk-myeon/영북면
Gyeonggi-do/경기,Pocheon-si/포천시,Yeongjung-myeon/영중면
Gyeonggi-do/경기,Pyeongtaek-si/평택시,Anjung-eup/안중읍
Gyeonggi-do/경기,Pyeongtaek-si/평택시,Bijeon 1(il)-dong/비전1동
Gyeonggi-do/경기,Pyeongtaek-si/평택시,Bijeon 2(i)-dong/비전2동
Gyeonggi-do/경기,Pyeongtaek-si/평택시,Bijeon-dong/비전동
Gyeonggi-do/경기,Pyeongtaek-si/평택시,Cheongbuk-myeon/청북면
Gyeonggi-do/경기,Pyeongtaek-si/평택시,Cheongryong-dong/청룡동
Gyeonggi-do/경기,Pyeongtaek-si/평택시,Chilgoe-dong/칠괴동
Gyeonggi-do/경기,Pyeongtaek-si/평택시,Chirwon-dong/칠원동
Gyeonggi-do/경기,Pyeongtaek-si/평택시,Doil-dong/도일동
Gyeonggi-do/경기,Pyeongtaek-si/평택시,Dokgok-dong/독곡동
Gyeonggi-do/경기,Pyeongtaek-si/평택시,Dongsak-dong/동삭동
Gyeonggi-do/경기,Pyeongtaek-si/평택시,Gajae-dong/가재동
Gyeonggi-do/경기,Pyeongtaek-si/평택시,Godeok-myeon/고덕면
Gyeonggi-do/경기,Pyeongtaek-si/평택시,Gunmun-dong/군문동
Gyeonggi-do/경기,Pyeongtaek-si/평택시,Hapjeong-dong/합정동
Gyeonggi-do/경기,Pyeongtaek-si/평택시,Hyeondeok-myeon/현덕면
Gyeonggi-do/경기,Pyeongtaek-si/평택시,Ichung-dong/이충동
Gyeonggi-do/경기,Pyeongtaek-si/평택시,Jangan-dong/장안동
Gyeonggi-do/경기,Pyeongtaek-si/평택시,Jangdang-dong/장당동
Gyeonggi-do/경기,Pyeongtaek-si/평택시,Jije-dong/지제동
Gyeonggi-do/경기,Pyeongtaek-si/평택시,Jinwi-myeon/진위면
Gyeonggi-do/경기,Pyeongtaek-si/평택시,Jisan-dong/지산동
Gyeonggi-do/경기,Pyeongtaek-si/평택시,Jukbaek-dong/죽백동
Gyeonggi-do/경기,Pyeongtaek-si/평택시,Mogok-dong/모곡동
Gyeonggi-do/경기,Pyeongtaek-si/평택시,Oseong-myeon/오성면
Gyeonggi-do/경기,Pyeongtaek-si/평택시,Paengseong-eup/팽성읍
Gyeonggi-do/경기,Pyeongtaek-si/평택시,Poseung-eup/포승읍
Gyeonggi-do/경기,Pyeongtaek-si/평택시,Pyeongtaegucheguksaseoham/평택우체국사서함
Gyeonggi-do/경기,Pyeongtaek-si/평택시,Pyeongtaek-dong/평택동
Gyeonggi-do/경기,Pyeongtaek-si/평택시,Segyo-dong/세교동
Gyeonggi-do/경기,Pyeongtaek-si/평택시,Seojeong-dong/서정동
Gyeonggi-do/경기,Pyeongtaek-si/평택시,Seotan-myeon/서탄면
Gyeonggi-do/경기,Pyeongtaek-si/평택시,Sindae-dong/신대동
Gyeonggi-do/경기,Pyeongtaek-si/평택시,Sinjang 1(il)-dong/신장1동
Gyeonggi-do/경기,Pyeongtaek-si/평택시,Sinjang 2(i)-dong/신장2동
Gyeonggi-do/경기,Pyeongtaek-si/평택시,Sinjang-dong/신장동
Gyeonggi-do/경기,Pyeongtaek-si/평택시,Songtanucheguksaseoham/송탄우체국사서함
Gyeonggi-do/경기,Pyeongtaek-si/평택시,Sosa-dong/소사동
Gyeonggi-do/경기,Pyeongtaek-si/평택시,Tongbok-dong/통복동
Gyeonggi-do/경기,Pyeongtaek-si/평택시,Wolgok-dong/월곡동
Gyeonggi-do/경기,Pyeongtaek-si/평택시,Yongi-dong/용이동
Gyeonggi-do/경기,Pyeongtaek-si/평택시,Yucheon-dong/유천동
Gyeonggi-do/경기,Sangrok-gu Ansan-si/안산시 상록구,Bono 1(il)-dong/본오1동
Gyeonggi-do/경기,Sangrok-gu Ansan-si/안산시 상록구,Bono 2(i)-dong/본오2동
Gyeonggi-do/경기,Sangrok-gu Ansan-si/안산시 상록구,Bono 3(sam)-dong/본오3동
Gyeonggi-do/경기,Sangrok-gu Ansan-si/안산시 상록구,Bono-dong/본오동
Gyeonggi-do/경기,Sangrok-gu Ansan-si/안산시 상록구,Bugok-dong/부곡동
Gyeonggi-do/경기,Sangrok-gu Ansan-si/안산시 상록구,Geongeon-dong/건건동
Gyeonggi-do/경기,Sangrok-gu Ansan-si/안산시 상록구,I-dong/이동
Gyeonggi-do/경기,Sangrok-gu Ansan-si/안산시 상록구,Il-dong/일동
Gyeonggi-do/경기,Sangrok-gu Ansan-si/안산시 상록구,Jangha-dong/장하동
Gyeonggi-do/경기,Sangrok-gu Ansan-si/안산시 상록구,Jangsang-dong/장상동
Gyeonggi-do/경기,Sangrok-gu Ansan-si/안산시 상록구,Palgogi-dong/팔곡이동
Gyeonggi-do/경기,Sangrok-gu Ansan-si/안산시 상록구,Palgogil-dong/팔곡일동
Gyeonggi-do/경기,Sangrok-gu Ansan-si/안산시 상록구,Sa 1(il)-dong/사1동
Gyeonggi-do/경기,Sangrok-gu Ansan-si/안산시 상록구,Sa 2(i)-dong/사2동
Gyeonggi-do/경기,Sangrok-gu Ansan-si/안산시 상록구,Sa 3(sam)-dong/사3동
Gyeonggi-do/경기,Sangrok-gu Ansan-si/안산시 상록구,Sa-dong/사동
Gyeonggi-do/경기,Sangrok-gu Ansan-si/안산시 상록구,Sasa-dong/사사동
Gyeonggi-do/경기,Sangrok-gu Ansan-si/안산시 상록구,Seongpo-dong/성포동
Gyeonggi-do/경기,Sangrok-gu Ansan-si/안산시 상록구,Suam-dong/수암동
Gyeonggi-do/경기,Sangrok-gu Ansan-si/안산시 상록구,Wolpi-dong/월피동
Gyeonggi-do/경기,Sangrok-gu Ansan-si/안산시 상록구,Yangsang-dong/양상동
Gyeonggi-do/경기,Siheung-si/시흥시,Anhyeon-dong/안현동
Gyeonggi-do/경기,Siheung-si/시흥시,Bangsan-dong/방산동
Gyeonggi-do/경기,Siheung-si/시흥시,Daeya-dong/대야동
Gyeonggi-do/경기,Siheung-si/시흥시,Dochang-dong/도창동
Gyeonggi-do/경기,Siheung-si/시흥시,Eunhaeng-dong/은행동
Gyeonggi-do/경기,Siheung-si/시흥시,Geomo-dong/거모동
Gyeonggi-do/경기,Siheung-si/시흥시,Geumi-dong/금이동
Gyeonggi-do/경기,Siheung-si/시흥시,Gunja-dong/군자동
Gyeonggi-do/경기,Siheung-si/시흥시,Gwangseok-dong/광석동
Gyeonggi-do/경기,Siheung-si/시흥시,Gwarim-dong/과림동
Gyeonggi-do/경기,Siheung-si/시흥시,Gyesu-dong/계수동
Gyeonggi-do/경기,Siheung-si/시흥시,Hajung-dong/하중동
Gyeonggi-do/경기,Siheung-si/시흥시,Hasang-dong/하상동
Gyeonggi-do/경기,Siheung-si/시흥시,Hwajeong-dong/화정동
Gyeonggi-do/경기,Siheung-si/시흥시,Janggok-dong/장곡동
Gyeonggi-do/경기,Siheung-si/시흥시,Janghyeon-dong/장현동
Gyeonggi-do/경기,Siheung-si/시흥시,Jeongwang 1(il)-dong/정왕1동
Gyeonggi-do/경기,Siheung-si/시흥시,Jeongwang 2(i)-dong/정왕2동
Gyeonggi-do/경기,Siheung-si/시흥시,Jeongwang 3(sam)-dong/정왕3동
Gyeonggi-do/경기,Siheung-si/시흥시,Jeongwang 4(sa)-dong/정왕4동
Gyeonggi-do/경기,Siheung-si/시흥시,Jeongwangbon-dong/정왕본동
Gyeonggi-do/경기,Siheung-si/시흥시,Jeongwang-dong/정왕동
Gyeonggi-do/경기,Siheung-si/시흥시,Jonam-dong/조남동
Gyeonggi-do/경기,Siheung-si/시흥시,Jugyul-dong/죽율동
Gyeonggi-do/경기,Siheung-si/시흥시,Maehwa-dong/매화동
Gyeonggi-do/경기,Siheung-si/시흥시,Misan-dong/미산동
Gyeonggi-do/경기,Siheung-si/시흥시,Mokgam-dong/목감동
Gyeonggi-do/경기,Siheung-si/시흥시,Mujinae-dong/무지내동
Gyeonggi-do/경기,Siheung-si/시흥시,Murwang-dong/물왕동
Gyeonggi-do/경기,Siheung-si/시흥시,Neunggok-dong/능곡동
Gyeonggi-do/경기,Siheung-si/시흥시,Nongok-dong/논곡동
Gyeonggi-do/경기,Siheung-si/시흥시,Po-dong/포동
Gyeonggi-do/경기,Siheung-si/시흥시,Sanhyeon-dong/산현동
Gyeonggi-do/경기,Siheung-si/시흥시,Siheungucheguksaseoham/시흥우체국사서함
Gyeonggi-do/경기,Siheung-si/시흥시,Sincheon-dong/신천동
Gyeonggi-do/경기,Siheung-si/시흥시,Wolgot-dong/월곶동
Gyeonggi-do/경기,Sosa-gu Bucheon-si/부천시 소사구,Beombak-dong/범박동
Gyeonggi-do/경기,Sosa-gu Bucheon-si/부천시 소사구,Goean-dong/괴안동
Gyeonggi-do/경기,Sosa-gu Bucheon-si/부천시 소사구,Gyesu-dong/계수동
Gyeonggi-do/경기,Sosa-gu Bucheon-si/부천시 소사구,Nambucheonucheguksaseoham/남부천우체국사서함
Gyeonggi-do/경기,Sosa-gu Bucheon-si/부천시 소사구,Okgil-dong/옥길동
Gyeonggi-do/경기,Sosa-gu Bucheon-si/부천시 소사구,Simgokbon 1(il)-dong/심곡본1동
Gyeonggi-do/경기,Sosa-gu Bucheon-si/부천시 소사구,Simgokbon-dong/심곡본동
Gyeonggi-do/경기,Sosa-gu Bucheon-si/부천시 소사구,Songnae 1(il)-dong/송내1동
Gyeonggi-do/경기,Sosa-gu Bucheon-si/부천시 소사구,Songnae 2(i)-dong/송내2동
Gyeonggi-do/경기,Sosa-gu Bucheon-si/부천시 소사구,Songnae-dong/송내동
Gyeonggi-do/경기,Sosa-gu Bucheon-si/부천시 소사구,Sosabon 1(il)-dong/소사본1동
Gyeonggi-do/경기,Sosa-gu Bucheon-si/부천시 소사구,Sosabon 2(i)-dong/소사본2동
Gyeonggi-do/경기,Sosa-gu Bucheon-si/부천시 소사구,Sosabon 3(sam)-dong/소사본3동
Gyeonggi-do/경기,Sosa-gu Bucheon-si/부천시 소사구,Sosabon-dong/소사본동
Gyeonggi-do/경기,Sosa-gu Bucheon-si/부천시 소사구,Yeokgog 3(sam)-dong/역곡3동
Gyeonggi-do/경기,Sujeong-gu Seongnam-si/성남시 수정구,Bokjeong-dong/복정동
Gyeonggi-do/경기,Sujeong-gu Seongnam-si/성남시 수정구,Changgok-dong/창곡동
Gyeonggi-do/경기,Sujeong-gu Seongnam-si/성남시 수정구,Dandae-dong/단대동
Gyeonggi-do/경기,Sujeong-gu Seongnam-si/성남시 수정구,Dunjeon-dong/둔전동
Gyeonggi-do/경기,Sujeong-gu Seongnam-si/성남시 수정구,Geumto-dong/금토동
Gyeonggi-do/경기,Sujeong-gu Seongnam-si/성남시 수정구,Godeung-dong/고등동
Gyeonggi-do/경기,Sujeong-gu Seongnam-si/성남시 수정구,Oya-dong/오야동
Gyeonggi-do/경기,Sujeong-gu Seongnam-si/성남시 수정구,Sangjeok-dong/상적동
Gyeonggi-do/경기,Sujeong-gu Seongnam-si/성남시 수정구,Sanseong-dong/산성동
Gyeonggi-do/경기,Sujeong-gu Seongnam-si/성남시 수정구,Sasong-dong/사송동
Gyeonggi-do/경기,Sujeong-gu Seongnam-si/성남시 수정구,Seongnamucheguksaseoham/성남우체국사서함
Gyeonggi-do/경기,Sujeong-gu Seongnam-si/성남시 수정구,Siheung-dong/시흥동
Gyeonggi-do/경기,Sujeong-gu Seongnam-si/성남시 수정구,Simgok-dong/심곡동
Gyeonggi-do/경기,Sujeong-gu Seongnam-si/성남시 수정구,Sinchon-dong/신촌동
Gyeonggi-do/경기,Sujeong-gu Seongnam-si/성남시 수정구,Sinheung 1(il)-dong/신흥1동
Gyeonggi-do/경기,Sujeong-gu Seongnam-si/성남시 수정구,Sinheung 2(i)-dong/신흥2동
Gyeonggi-do/경기,Sujeong-gu Seongnam-si/성남시 수정구,Sinheung 3(sam)-dong/신흥3동
Gyeonggi-do/경기,Sujeong-gu Seongnam-si/성남시 수정구,Sinheung-dong/신흥동
Gyeonggi-do/경기,Sujeong-gu Seongnam-si/성남시 수정구,Sujin 1(il)-dong/수진1동
Gyeonggi-do/경기,Sujeong-gu Seongnam-si/성남시 수정구,Sujin 2(i)-dong/수진2동
Gyeonggi-do/경기,Sujeong-gu Seongnam-si/성남시 수정구,Sujin-dong/수진동
Gyeonggi-do/경기,Sujeong-gu Seongnam-si/성남시 수정구,Taepyeong 1(il)-dong/태평1동
Gyeonggi-do/경기,Sujeong-gu Seongnam-si/성남시 수정구,Taepyeong 2(i)-dong/태평2동
Gyeonggi-do/경기,Sujeong-gu Seongnam-si/성남시 수정구,Taepyeong 3(sam)-dong/태평3동
Gyeonggi-do/경기,Sujeong-gu Seongnam-si/성남시 수정구,Taepyeong 4(sa)-dong/태평4동
Gyeonggi-do/경기,Sujeong-gu Seongnam-si/성남시 수정구,Taepyeong-dong/태평동
Gyeonggi-do/경기,Sujeong-gu Seongnam-si/성남시 수정구,Yangji-dong/양지동
Gyeonggi-do/경기,Suji-gu Yongin-si/용인시 수지구,Dongcheon-dong/동천동
Gyeonggi-do/경기,Suji-gu Yongin-si/용인시 수지구,Gogi-dong/고기동
Gyeonggi-do/경기,Suji-gu Yongin-si/용인시 수지구,Jukjeon 1(il)-dong/죽전1동
Gyeonggi-do/경기,Suji-gu Yongin-si/용인시 수지구,Jukjeon 2(i)-dong/죽전2동
Gyeonggi-do/경기,Suji-gu Yongin-si/용인시 수지구,Jukjeon-dong/죽전동
Gyeonggi-do/경기,Suji-gu Yongin-si/용인시 수지구,Pungdeokcheon 1(il)-dong/풍덕천1동
Gyeonggi-do/경기,Suji-gu Yongin-si/용인시 수지구,Pungdeokcheon 2(i)-dong/풍덕천2동
Gyeonggi-do/경기,Suji-gu Yongin-si/용인시 수지구,Pungdeokcheon-dong/풍덕천동
Gyeonggi-do/경기,Suji-gu Yongin-si/용인시 수지구,Sanghyeon 1(il)-dong/상현1동
Gyeonggi-do/경기,Suji-gu Yongin-si/용인시 수지구,Sanghyeon 2(i)-dong/상현2동
Gyeonggi-do/경기,Suji-gu Yongin-si/용인시 수지구,Sanghyeon-dong/상현동
Gyeonggi-do/경기,Suji-gu Yongin-si/용인시 수지구,Seongbok-dong/성복동
Gyeonggi-do/경기,Suji-gu Yongin-si/용인시 수지구,Sinbong-dong/신봉동
Gyeonggi-do/경기,Suji-gu Yongin-si/용인시 수지구,Yonginsujiucheguksaseoham/용인수지우체국사서함
Gyeonggi-do/경기,Uijeongbu-si/의정부시,Ganeung 1(il)-dong/가능1동
Gyeonggi-do/경기,Uijeongbu-si/의정부시,Ganeung 2(i)-dong/가능2동
Gyeonggi-do/경기,Uijeongbu-si/의정부시,Ganeung 3(sam)-dong/가능3동
Gyeonggi-do/경기,Uijeongbu-si/의정부시,Ganeung-dong/가능동
Gyeonggi-do/경기,Uijeongbu-si/의정부시,Geumo-dong/금오동
Gyeonggi-do/경기,Uijeongbu-si/의정부시,Gosan-dong/고산동
Gyeonggi-do/경기,Uijeongbu-si/의정부시,Howon 1(il)-dong/호원1동
Gyeonggi-do/경기,Uijeongbu-si/의정부시,Howon 2(i)-dong/호원2동
Gyeonggi-do/경기,Uijeongbu-si/의정부시,Howon-dong/호원동
Gyeonggi-do/경기,Uijeongbu-si/의정부시,Jail-dong/자일동
Gyeonggi-do/경기,Uijeongbu-si/의정부시,Jangam-dong/장암동
Gyeonggi-do/경기,Uijeongbu-si/의정부시,Minrak-dong/민락동
Gyeonggi-do/경기,Uijeongbu-si/의정부시,Nagyang-dong/낙양동
Gyeonggi-do/경기,Uijeongbu-si/의정부시,Nogyang-dong/녹양동
Gyeonggi-do/경기,Uijeongbu-si/의정부시,Sangok-dong/산곡동
Gyeonggi-do/경기,Uijeongbu-si/의정부시,Singog 1(il)-dong/신곡1동
Gyeonggi-do/경기,Uijeongbu-si/의정부시,Singog 2(i)-dong/신곡2동
Gyeonggi-do/경기,Uijeongbu-si/의정부시,Singok-dong/신곡동
Gyeonggi-do/경기,Uijeongbu-si/의정부시,Uijeongbu 1(il)-dong/의정부1동
Gyeonggi-do/경기,Uijeongbu-si/의정부시,Uijeongbu 2(i)-dong/의정부2동
Gyeonggi-do/경기,Uijeongbu-si/의정부시,Uijeongbu 3(sam)-dong/의정부3동
Gyeonggi-do/경기,Uijeongbu-si/의정부시,Uijeongbu-dong/의정부동
Gyeonggi-do/경기,Uijeongbu-si/의정부시,Uijeongbuucheguksaseoham/의정부우체국사서함
Gyeonggi-do/경기,Uijeongbu-si/의정부시,Yonghyeon-dong/용현동
Gyeonggi-do/경기,Uiwang-si/의왕시,Cheonggye-dong/청계동
Gyeonggi-do/경기,Uiwang-si/의왕시,Chopyeong-dong/초평동
Gyeonggi-do/경기,Uiwang-si/의왕시,Gocheon-dong/고천동
Gyeonggi-do/경기,Uiwang-si/의왕시,Hagui-dong/학의동
Gyeonggi-do/경기,Uiwang-si/의왕시,I-dong/이동
Gyeonggi-do/경기,Uiwang-si/의왕시,Naeson 1(il)-dong/내손1동
Gyeonggi-do/경기,Uiwang-si/의왕시,Naeson 2(i)-dong/내손2동
Gyeonggi-do/경기,Uiwang-si/의왕시,Naeson-dong/내손동
Gyeonggi-do/경기,Uiwang-si/의왕시,Ojeon-dong/오전동
Gyeonggi-do/경기,Uiwang-si/의왕시,Poil-dong/포일동
Gyeonggi-do/경기,Uiwang-si/의왕시,Sam-dong/삼동
Gyeonggi-do/경기,Uiwang-si/의왕시,Wanggok-dong/왕곡동
Gyeonggi-do/경기,Uiwang-si/의왕시,Woram-dong/월암동
Gyeonggi-do/경기,Wonmi-gu Bucheon-si/부천시 원미구,Bucheonucheguksaseoham/부천우체국사서함
Gyeonggi-do/경기,Wonmi-gu Bucheon-si/부천시 원미구,Chunui-dong/춘의동
Gyeonggi-do/경기,Wonmi-gu Bucheon-si/부천시 원미구,Dodang-dong/도당동
Gyeonggi-do/경기,Wonmi-gu Bucheon-si/부천시 원미구,Jung 1(il)-dong/중1동
Gyeonggi-do/경기,Wonmi-gu Bucheon-si/부천시 원미구,Jung 2(i)-dong/중2동
Gyeonggi-do/경기,Wonmi-gu Bucheon-si/부천시 원미구,Jung 3(sam)-dong/중3동
Gyeonggi-do/경기,Wonmi-gu Bucheon-si/부천시 원미구,Jung 4(sa)-dong/중4동
Gyeonggi-do/경기,Wonmi-gu Bucheon-si/부천시 원미구,Jung-dong/중동
Gyeonggi-do/경기,Wonmi-gu Bucheon-si/부천시 원미구,Sang 1(il)-dong/상1동
Gyeonggi-do/경기,Wonmi-gu Bucheon-si/부천시 원미구,Sang 2(i)-dong/상2동
Gyeonggi-do/경기,Wonmi-gu Bucheon-si/부천시 원미구,Sang 3(sam)-dong/상3동
Gyeonggi-do/경기,Wonmi-gu Bucheon-si/부천시 원미구,Sang-dong/상동
Gyeonggi-do/경기,Wonmi-gu Bucheon-si/부천시 원미구,Simgog 1(il)-dong/심곡1동
Gyeonggi-do/경기,Wonmi-gu Bucheon-si/부천시 원미구,Simgog 2(i)-dong/심곡2동
Gyeonggi-do/경기,Wonmi-gu Bucheon-si/부천시 원미구,Simgog 3(sam)-dong/심곡3동
Gyeonggi-do/경기,Wonmi-gu Bucheon-si/부천시 원미구,Simgok-dong/심곡동
Gyeonggi-do/경기,Wonmi-gu Bucheon-si/부천시 원미구,Sosa-dong/소사동
Gyeonggi-do/경기,Wonmi-gu Bucheon-si/부천시 원미구,Wonmi 1(il)-dong/원미1동
Gyeonggi-do/경기,Wonmi-gu Bucheon-si/부천시 원미구,Wonmi 2(i)-dong/원미2동
Gyeonggi-do/경기,Wonmi-gu Bucheon-si/부천시 원미구,Wonmi-dong/원미동
Gyeonggi-do/경기,Wonmi-gu Bucheon-si/부천시 원미구,Yakdae-dong/약대동
Gyeonggi-do/경기,Wonmi-gu Bucheon-si/부천시 원미구,Yeokgog 1(il)-dong/역곡1동
Gyeonggi-do/경기,Wonmi-gu Bucheon-si/부천시 원미구,Yeokgog 2(i)-dong/역곡2동
Gyeonggi-do/경기,Wonmi-gu Bucheon-si/부천시 원미구,Yeokgok-dong/역곡동
Gyeonggi-do/경기,Yangju-si/양주시,Baekseog-eup/백석읍
Gyeonggi-do/경기,Yangju-si/양주시,Bongyang-dong/봉양동
Gyeonggi-do/경기,Yangju-si/양주시,Deokgye-dong/덕계동
Gyeonggi-do/경기,Yangju-si/양주시,Deokjeong-dong/덕정동
Gyeonggi-do/경기,Yangju-si/양주시,Eodun-dong/어둔동
Gyeonggi-do/경기,Yangju-si/양주시,Eunhyeon-myeon/은현면
Gyeonggi-do/경기,Yangju-si/양주시,Goam-dong/고암동
Gyeonggi-do/경기,Yangju-si/양주시,Goeup-dong/고읍동
Gyeonggi-do/경기,Yangju-si/양주시,Gwangjeok-myeon/광적면
Gyeonggi-do/경기,Yangju-si/양주시,Gwangsa-dong/광사동
Gyeonggi-do/경기,Yangju-si/양주시,Hoeam-dong/회암동
Gyeonggi-do/경기,Yangju-si/양주시,Hoejeong-dong/회정동
Gyeonggi-do/경기,Yangju-si/양주시,Jangheung-myeon/장흥면
Gyeonggi-do/경기,Yangju-si/양주시,Majeon-dong/마전동
Gyeonggi-do/경기,Yangju-si/양주시,Mansong-dong/만송동
Gyeonggi-do/경기,Yangju-si/양주시,Nambang-dong/남방동
Gyeonggi-do/경기,Yangju-si/양주시,Nam-myeon/남면
Gyeonggi-do/경기,Yangju-si/양주시,Okjeong-dong/옥정동
Gyeonggi-do/경기,Yangju-si/양주시,Samsung-dong/삼숭동
Gyeonggi-do/경기,Yangju-si/양주시,Sanbuk-dong/산북동
Gyeonggi-do/경기,Yangju-si/양주시,Yuljeong-dong/율정동
Gyeonggi-do/경기,Yangju-si/양주시,Yuyang-dong/유양동
Gyeonggi-do/경기,Yangpyeong-gun/양평군,Cheongun-myeon/청운면
Gyeonggi-do/경기,Yangpyeong-gun/양평군,Danwol-myeon/단월면
Gyeonggi-do/경기,Yangpyeong-gun/양평군,Gaegun-myeon/개군면
Gyeonggi-do/경기,Yangpyeong-gun/양평군,Gangha-myeon/강하면
Gyeonggi-do/경기,Yangpyeong-gun/양평군,Gangsang-myeon/강상면
Gyeonggi-do/경기,Yangpyeong-gun/양평군,Jipyeong-myeon/지평면
Gyeonggi-do/경기,Yangpyeong-gun/양평군,Okcheon-myeon/옥천면
Gyeonggi-do/경기,Yangpyeong-gun/양평군,Seojong-myeon/서종면
Gyeonggi-do/경기,Yangpyeong-gun/양평군,Yangdong-myeon/양동면
Gyeonggi-do/경기,Yangpyeong-gun/양평군,Yangpyeong-eup/양평읍
Gyeonggi-do/경기,Yangpyeong-gun/양평군,Yangseo-myeon/양서면
Gyeonggi-do/경기,Yangpyeong-gun/양평군,Yongmun-myeon/용문면
Gyeonggi-do/경기,Yeoju-gun/여주군,Buknae-myeon/북내면
Gyeonggi-do/경기,Yeoju-gun/여주군,Daesin-myeon/대신면
Gyeonggi-do/경기,Yeoju-gun/여주군,Ganam-myeon/가남면
Gyeonggi-do/경기,Yeoju-gun/여주군,Gangcheon-myeon/강천면
Gyeonggi-do/경기,Yeoju-gun/여주군,Geumsa-myeon/금사면
Gyeonggi-do/경기,Yeoju-gun/여주군,Heungcheon-myeon/흥천면
Gyeonggi-do/경기,Yeoju-gun/여주군,Jeomdong-myeon/점동면
Gyeonggi-do/경기,Yeoju-gun/여주군,Neungseo-myeon/능서면
Gyeonggi-do/경기,Yeoju-gun/여주군,Sanbuk-myeon/산북면
Gyeonggi-do/경기,Yeoju-gun/여주군,Yeoju-eup/여주읍
Gyeonggi-do/경기,Yeoncheon-gun/연천군,Baekhak-myeon/백학면
Gyeonggi-do/경기,Yeoncheon-gun/연천군,Cheongsan-myeon/청산면
Gyeonggi-do/경기,Yeoncheon-gun/연천군,Gunnam-myeon/군남면
Gyeonggi-do/경기,Yeoncheon-gun/연천군,Jangnam-myeon/장남면
Gyeonggi-do/경기,Yeoncheon-gun/연천군,Jeongog-eup/전곡읍
Gyeonggi-do/경기,Yeoncheon-gun/연천군,Jung-myeon/중면
Gyeonggi-do/경기,Yeoncheon-gun/연천군,Misan-myeon/미산면
Gyeonggi-do/경기,Yeoncheon-gun/연천군,Sinseo-myeon/신서면
Gyeonggi-do/경기,Yeoncheon-gun/연천군,Wangjing-myeon/왕징면
Gyeonggi-do/경기,Yeoncheon-gun/연천군,Yeoncheon-eup/연천읍
Gyeonggi-do/경기,Yeongtong-gu Suwon-si/수원시 영통구,Ha-dong/하동
Gyeonggi-do/경기,Yeongtong-gu Suwon-si/수원시 영통구,Iui-dong/이의동
Gyeonggi-do/경기,Yeongtong-gu Suwon-si/수원시 영통구,Maetan 1(il)-dong/매탄1동
Gyeonggi-do/경기,Yeongtong-gu Suwon-si/수원시 영통구,Maetan 2(i)-dong/매탄2동
Gyeonggi-do/경기,Yeongtong-gu Suwon-si/수원시 영통구,Maetan 3(sam)-dong/매탄3동
Gyeonggi-do/경기,Yeongtong-gu Suwon-si/수원시 영통구,Maetan 4(sa)-dong/매탄4동
Gyeonggi-do/경기,Yeongtong-gu Suwon-si/수원시 영통구,Maetan-dong/매탄동
Gyeonggi-do/경기,Yeongtong-gu Suwon-si/수원시 영통구,Mangpo-dong/망포동
Gyeonggi-do/경기,Yeongtong-gu Suwon-si/수원시 영통구,Sin-dong/신동
Gyeonggi-do/경기,Yeongtong-gu Suwon-si/수원시 영통구,Woncheon-dong/원천동
Gyeonggi-do/경기,Yeongtong-gu Suwon-si/수원시 영통구,Yeongtong 1(il)-dong/영통1동
Gyeonggi-do/경기,Yeongtong-gu Suwon-si/수원시 영통구,Yeongtong 2(i)-dong/영통2동
Gyeonggi-do/경기,Yeongtong-gu Suwon-si/수원시 영통구,Yeongtong-dong/영통동
Gyeongsangbuk-do/경북,Andong-si/안동시,Andongucheguksaseoham/안동우체국사서함
Gyeongsangbuk-do/경북,Andong-si/안동시,Angi-dong/안기동
Gyeongsangbuk-do/경북,Andong-si/안동시,Anheung-dong/안흥동
Gyeongsangbuk-do/경북,Andong-si/안동시,Anmak-dong/안막동
Gyeongsangbuk-do/경북,Andong-si/안동시,Beopheung-dong/법흥동
Gyeongsangbuk-do/경북,Andong-si/안동시,Beopsang-dong/법상동
Gyeongsangbuk-do/경북,Andong-si/안동시,Bukhu-myeon/북후면
Gyeongsangbuk-do/경북,Andong-si/안동시,Bukmun-dong/북문동
Gyeongsangbuk-do/경북,Andong-si/안동시,Cheonri-dong/천리동
Gyeongsangbuk-do/경북,Andong-si/안동시,Daeseok-dong/대석동
Gyeongsangbuk-do/경북,Andong-si/안동시,Dangbuk-dong/당북동
Gyeongsangbuk-do/경북,Andong-si/안동시,Dongbu-dong/동부동
Gyeongsangbuk-do/경북,Andong-si/안동시,Dongmun-dong/동문동
Gyeongsangbuk-do/경북,Andong-si/안동시,Dosan-myeon/도산면
Gyeongsangbuk-do/경북,Andong-si/안동시,Geumgok-dong/금곡동
Gyeongsangbuk-do/경북,Andong-si/안동시,Giran-myeon/길안면
Gyeongsangbuk-do/경북,Andong-si/안동시,Gwangseok-dong/광석동
Gyeongsangbuk-do/경북,Andong-si/안동시,Hwaseong-dong/화성동
Gyeongsangbuk-do/경북,Andong-si/안동시,Icheon-dong/이천동
Gyeongsangbuk-do/경북,Andong-si/안동시,Iljik-myeon/일직면
Gyeongsangbuk-do/경북,Andong-si/안동시,Imdong-myeon/임동면
Gyeongsangbuk-do/경북,Andong-si/안동시,Imha-myeon/임하면
Gyeongsangbuk-do/경북,Andong-si/안동시,Jeongha-dong/정하동
Gyeongsangbuk-do/경북,Andong-si/안동시,Jeongsang-dong/정상동
Gyeongsangbuk-do/경북,Andong-si/안동시,Mokseong-dong/목성동
Gyeongsangbuk-do/경북,Andong-si/안동시,Myeongryun-dong/명륜동
Gyeongsangbuk-do/경북,Andong-si/안동시,Nambu-dong/남부동
Gyeongsangbuk-do/경북,Andong-si/안동시,Namhu-myeon/남후면
Gyeongsangbuk-do/경북,Andong-si/안동시,Nammun-dong/남문동
Gyeongsangbuk-do/경북,Andong-si/안동시,Namseon-myeon/남선면
Gyeongsangbuk-do/경북,Andong-si/안동시,Noha-dong/노하동
Gyeongsangbuk-do/경북,Andong-si/안동시,Nokjeon-myeon/녹전면
Gyeongsangbuk-do/경북,Andong-si/안동시,Ogya-dong/옥야동
Gyeongsangbuk-do/경북,Andong-si/안동시,Ok-dong/옥동
Gyeongsangbuk-do/경북,Andong-si/안동시,Okjeong-dong/옥정동
Gyeongsangbuk-do/경북,Andong-si/안동시,Pungcheon-myeon/풍천면
Gyeongsangbuk-do/경북,Andong-si/안동시,Pungsan-eup/풍산읍
Gyeongsangbuk-do/경북,Andong-si/안동시,Pyeonghwa-dong/평화동
Gyeongsangbuk-do/경북,Andong-si/안동시,Samsan-dong/삼산동
Gyeongsangbuk-do/경북,Andong-si/안동시,Sanga-dong/상아동
Gyeongsangbuk-do/경북,Andong-si/안동시,Seobu-dong/서부동
Gyeongsangbuk-do/경북,Andong-si/안동시,Seohu-myeon/서후면
Gyeongsangbuk-do/경북,Andong-si/안동시,Seokdong-dong/석동동
Gyeongsangbuk-do/경북,Andong-si/안동시,Seonggok-dong/성곡동
Gyeongsangbuk-do/경북,Andong-si/안동시,Sinan-dong/신안동
Gyeongsangbuk-do/경북,Andong-si/안동시,Sinse-dong/신세동
Gyeongsangbuk-do/경북,Andong-si/안동시,Songcheon-dong/송천동
Gyeongsangbuk-do/경북,Andong-si/안동시,Songhyeon-dong/송현동
Gyeongsangbuk-do/경북,Andong-si/안동시,Suha-dong/수하동
Gyeongsangbuk-do/경북,Andong-si/안동시,Susang-dong/수상동
Gyeongsangbuk-do/경북,Andong-si/안동시,Taehwa-dong/태화동
Gyeongsangbuk-do/경북,Andong-si/안동시,Unan-dong/운안동
Gyeongsangbuk-do/경북,Andong-si/안동시,Unheung-dong/운흥동
Gyeongsangbuk-do/경북,Andong-si/안동시,Waryong-myeon/와룡면
Gyeongsangbuk-do/경북,Andong-si/안동시,Yean-myeon/예안면
Gyeongsangbuk-do/경북,Andong-si/안동시,Yongsang-dong/용상동
Gyeongsangbuk-do/경북,Andong-si/안동시,Yulse-dong/율세동
Gyeongsangbuk-do/경북,Bonghwa-gun/봉화군,Beopjeon-myeon/법전면
Gyeongsangbuk-do/경북,Bonghwa-gun/봉화군,Bonghwa-eup/봉화읍
Gyeongsangbuk-do/경북,Bonghwa-gun/봉화군,Bongseong-myeon/봉성면
Gyeongsangbuk-do/경북,Bonghwa-gun/봉화군,Chunyang-myeon/춘양면
Gyeongsangbuk-do/경북,Bonghwa-gun/봉화군,Jaesan-myeon/재산면
Gyeongsangbuk-do/경북,Bonghwa-gun/봉화군,Murya-myeon/물야면
Gyeongsangbuk-do/경북,Bonghwa-gun/봉화군,Myeongho-myeon/명호면
Gyeongsangbuk-do/경북,Bonghwa-gun/봉화군,Sangun-myeon/상운면
Gyeongsangbuk-do/경북,Bonghwa-gun/봉화군,Seokpo-myeon/석포면
Gyeongsangbuk-do/경북,Bonghwa-gun/봉화군,Socheon-myeon/소천면
Gyeongsangbuk-do/경북,Buk-gu Pohang-si/포항시 북구,Changpo-dong/창포동
Gyeongsangbuk-do/경북,Buk-gu Pohang-si/포항시 북구,Cheongha-myeon/청하면
Gyeongsangbuk-do/경북,Buk-gu Pohang-si/포항시 북구,Daeheung-dong/대흥동
Gyeongsangbuk-do/경북,Buk-gu Pohang-si/포항시 북구,Daesin-dong/대신동
Gyeongsangbuk-do/경북,Buk-gu Pohang-si/포항시 북구,Deoksan-dong/덕산동
Gyeongsangbuk-do/경북,Buk-gu Pohang-si/포항시 북구,Deoksu-dong/덕수동
Gyeongsangbuk-do/경북,Buk-gu Pohang-si/포항시 북구,Deukryang-dong/득량동
Gyeongsangbuk-do/경북,Buk-gu Pohang-si/포항시 북구,Dongbin 1(il)-ga/동빈1가
Gyeongsangbuk-do/경북,Buk-gu Pohang-si/포항시 북구,Dongbin 2(i)-ga/동빈2가
Gyeongsangbuk-do/경북,Buk-gu Pohang-si/포항시 북구,Duho-dong/두호동
Gyeongsangbuk-do/경북,Buk-gu Pohang-si/포항시 북구,Gibuk-myeon/기북면
Gyeongsangbuk-do/경북,Buk-gu Pohang-si/포항시 북구,Gigye-myeon/기계면
Gyeongsangbuk-do/경북,Buk-gu Pohang-si/포항시 북구,Hakjam-dong/학잠동
Gyeongsangbuk-do/경북,Buk-gu Pohang-si/포항시 북구,Haksan-dong/학산동
Gyeongsangbuk-do/경북,Buk-gu Pohang-si/포항시 북구,Hanggu-dong/항구동
Gyeongsangbuk-do/경북,Buk-gu Pohang-si/포항시 북구,Heunghae-eup/흥해읍
Gyeongsangbuk-do/경북,Buk-gu Pohang-si/포항시 북구,Hwanho-dong/환호동
Gyeongsangbuk-do/경북,Buk-gu Pohang-si/포항시 북구,Jangseong-dong/장성동
Gyeongsangbuk-do/경북,Buk-gu Pohang-si/포항시 북구,Jukdo-dong/죽도동
Gyeongsangbuk-do/경북,Buk-gu Pohang-si/포항시 북구,Jukjang-myeon/죽장면
Gyeongsangbuk-do/경북,Buk-gu Pohang-si/포항시 북구,Jungang-dong/중앙동
Gyeongsangbuk-do/경북,Buk-gu Pohang-si/포항시 북구,Nambin-dong/남빈동
Gyeongsangbuk-do/경북,Buk-gu Pohang-si/포항시 북구,Sangwon-dong/상원동
Gyeongsangbuk-do/경북,Buk-gu Pohang-si/포항시 북구,Singwang-myeon/신광면
Gyeongsangbuk-do/경북,Buk-gu Pohang-si/포항시 북구,Sinheung-dong/신흥동
Gyeongsangbuk-do/경북,Buk-gu Pohang-si/포항시 북구,Songra-myeon/송라면
Gyeongsangbuk-do/경북,Buk-gu Pohang-si/포항시 북구,Uhyeon-dong/우현동
Gyeongsangbuk-do/경북,Buk-gu Pohang-si/포항시 북구,Yangdeok-dong/양덕동
Gyeongsangbuk-do/경북,Buk-gu Pohang-si/포항시 북구,Yeocheon-dong/여천동
Gyeongsangbuk-do/경북,Buk-gu Pohang-si/포항시 북구,Yeonam-dong/여남동
Gyeongsangbuk-do/경북,Buk-gu Pohang-si/포항시 북구,Yongheung-dong/용흥동
Gyeongsangbuk-do/경북,Cheongdo-gun/청도군,Cheongdo-eup/청도읍
Gyeongsangbuk-do/경북,Cheongdo-gun/청도군,Gakbuk-myeon/각북면
Gyeongsangbuk-do/경북,Cheongdo-gun/청도군,Gaknam-myeon/각남면
Gyeongsangbuk-do/경북,Cheongdo-gun/청도군,Geumcheon-myeon/금천면
Gyeongsangbuk-do/경북,Cheongdo-gun/청도군,Hwayang-eup/화양읍
Gyeongsangbuk-do/경북,Cheongdo-gun/청도군,Iseo-myeon/이서면
Gyeongsangbuk-do/경북,Cheongdo-gun/청도군,Maejeon-myeon/매전면
Gyeongsangbuk-do/경북,Cheongdo-gun/청도군,Punggak-myeon/풍각면
Gyeongsangbuk-do/경북,Cheongdo-gun/청도군,Unmun-myeon/운문면
Gyeongsangbuk-do/경북,Cheongsong-gun/청송군,Andeok-myeon/안덕면
Gyeongsangbuk-do/경북,Cheongsong-gun/청송군,Budong-myeon/부동면
Gyeongsangbuk-do/경북,Cheongsong-gun/청송군,Bunam-myeon/부남면
Gyeongsangbuk-do/경북,Cheongsong-gun/청송군,Cheongsong-eup/청송읍
Gyeongsangbuk-do/경북,Cheongsong-gun/청송군,Hyeondong-myeon/현동면
Gyeongsangbuk-do/경북,Cheongsong-gun/청송군,Hyeonseo-myeon/현서면
Gyeongsangbuk-do/경북,Cheongsong-gun/청송군,Jinbo-myeon/진보면
Gyeongsangbuk-do/경북,Cheongsong-gun/청송군,Pacheon-myeon/파천면
Gyeongsangbuk-do/경북,Chilgok-gun/칠곡군,Buksam-eup/북삼읍
Gyeongsangbuk-do/경북,Chilgok-gun/칠곡군,Dongmyeong-myeon/동명면
Gyeongsangbuk-do/경북,Chilgok-gun/칠곡군,Gasan-myeon/가산면
Gyeongsangbuk-do/경북,Chilgok-gun/칠곡군,Gisan-myeon/기산면
Gyeongsangbuk-do/경북,Chilgok-gun/칠곡군,Jicheon-myeon/지천면
Gyeongsangbuk-do/경북,Chilgok-gun/칠곡군,Seokjeog-eup/석적읍
Gyeongsangbuk-do/경북,Chilgok-gun/칠곡군,Waegwan-eup/왜관읍
Gyeongsangbuk-do/경북,Chilgok-gun/칠곡군,Yakmok-myeon/약목면
Gyeongsangbuk-do/경북,Gimcheon-si/김천시,Apo-eup/아포읍
Gyeongsangbuk-do/경북,Gimcheon-si/김천시,Baegok-dong/백옥동
Gyeongsangbuk-do/경북,Gimcheon-si/김천시,Bongsan-myeon/봉산면
Gyeongsangbuk-do/경북,Gimcheon-si/김천시,Bugok-dong/부곡동
Gyeongsangbuk-do/경북,Gimcheon-si/김천시,Buhang-myeon/부항면
Gyeongsangbuk-do/경북,Gimcheon-si/김천시,Daedeok-myeon/대덕면
Gyeongsangbuk-do/경북,Gimcheon-si/김천시,Daegwang-dong/대광동
Gyeongsangbuk-do/경북,Gimcheon-si/김천시,Daehang-myeon/대항면
Gyeongsangbuk-do/경북,Gimcheon-si/김천시,Dasu-dong/다수동
Gyeongsangbuk-do/경북,Gimcheon-si/김천시,Deokgok-dong/덕곡동
Gyeongsangbuk-do/경북,Gimcheon-si/김천시,Eomo-myeon/어모면
Gyeongsangbuk-do/경북,Gimcheon-si/김천시,Eungmyeong-dong/응명동
Gyeongsangbuk-do/경북,Gimcheon-si/김천시,Gaeryeong-myeon/개령면
Gyeongsangbuk-do/경북,Gimcheon-si/김천시,Gamcheon-myeon/감천면
Gyeongsangbuk-do/경북,Gimcheon-si/김천시,Gamho-dong/감호동
Gyeongsangbuk-do/경북,Gimcheon-si/김천시,Gammun-myeon/감문면
Gyeongsangbuk-do/경북,Gimcheon-si/김천시,Gimcheonucheguksaseoham/김천우체국사서함
Gyeongsangbuk-do/경북,Gimcheon-si/김천시,Guseong-myeon/구성면
Gyeongsangbuk-do/경북,Gimcheon-si/김천시,Gyo-dong/교동
Gyeongsangbuk-do/경북,Gimcheon-si/김천시,Hwanggeum-dong/황금동
Gyeongsangbuk-do/경북,Gimcheon-si/김천시,Jeungsan-myeon/증산면
Gyeongsangbuk-do/경북,Gimcheon-si/김천시,Jijwa-dong/지좌동
Gyeongsangbuk-do/경북,Gimcheon-si/김천시,Jirye-myeon/지례면
Gyeongsangbuk-do/경북,Gimcheon-si/김천시,Joma-myeon/조마면
Gyeongsangbuk-do/경북,Gimcheon-si/김천시,Moam-dong/모암동
Gyeongsangbuk-do/경북,Gimcheon-si/김천시,Mundang-dong/문당동
Gyeongsangbuk-do/경북,Gimcheon-si/김천시,Nam-myeon/남면
Gyeongsangbuk-do/경북,Gimcheon-si/김천시,Namsan-dong/남산동
Gyeongsangbuk-do/경북,Gimcheon-si/김천시,Nongso-myeon/농소면
Gyeongsangbuk-do/경북,Gimcheon-si/김천시,Pyeonghwa-dong/평화동
Gyeongsangbuk-do/경북,Gimcheon-si/김천시,Samrak-dong/삼락동
Gyeongsangbuk-do/경북,Gimcheon-si/김천시,Seongnae-dong/성내동
Gyeongsangbuk-do/경북,Gimcheon-si/김천시,Sineum-dong/신음동
Gyeongsangbuk-do/경북,Gimcheon-si/김천시,Yangcheon-dong/양천동
Gyeongsangbuk-do/경북,Gimcheon-si/김천시,Yongdu-dong/용두동
Gyeongsangbuk-do/경북,Goryeong-gun/고령군,Dasan-myeon/다산면
Gyeongsangbuk-do/경북,Goryeong-gun/고령군,Deokgok-myeon/덕곡면
Gyeongsangbuk-do/경북,Goryeong-gun/고령군,Gaejin-myeon/개진면
Gyeongsangbuk-do/경북,Goryeong-gun/고령군,Goryeong-eup/고령읍
Gyeongsangbuk-do/경북,Goryeong-gun/고령군,Seongsan-myeon/성산면
Gyeongsangbuk-do/경북,Goryeong-gun/고령군,Ssangrim-myeon/쌍림면
Gyeongsangbuk-do/경북,Goryeong-gun/고령군,Ugok-myeon/우곡면
Gyeongsangbuk-do/경북,Goryeong-gun/고령군,Unsu-myeon/운수면
Gyeongsangbuk-do/경북,Gumi-si/구미시,Bisan-dong/비산동
Gyeongsangbuk-do/경북,Gumi-si/구미시,Bonggok-dong/봉곡동
Gyeongsangbuk-do/경북,Gumi-si/구미시,Bugok-dong/부곡동
Gyeongsangbuk-do/경북,Gumi-si/구미시,Dogae-myeon/도개면
Gyeongsangbuk-do/경북,Gumi-si/구미시,Doryang 1(il)-dong/도량1동
Gyeongsangbuk-do/경북,Gumi-si/구미시,Doryang 2(i)-dong/도량2동
Gyeongsangbuk-do/경북,Gumi-si/구미시,Doryang-dong/도량동
Gyeongsangbuk-do/경북,Gumi-si/구미시,Geoui-dong/거의동
Gyeongsangbuk-do/경북,Gumi-si/구미시,Geumjeon-dong/금전동
Gyeongsangbuk-do/경북,Gumi-si/구미시,Goa-eup/고아읍
Gyeongsangbuk-do/경북,Gumi-si/구미시,Gongdan 1(il)-dong/공단1동
Gyeongsangbuk-do/경북,Gumi-si/구미시,Gongdan 2(i)-dong/공단2동
Gyeongsangbuk-do/경북,Gumi-si/구미시,Gongdan-dong/공단동
Gyeongsangbuk-do/경북,Gumi-si/구미시,Gumiucheguksaseoham/구미우체국사서함
Gyeongsangbuk-do/경북,Gumi-si/구미시,Gupo-dong/구포동
Gyeongsangbuk-do/경북,Gumi-si/구미시,Gupyeong-dong/구평동
Gyeongsangbuk-do/경북,Gumi-si/구미시,Gwangpyeong-dong/광평동
Gyeongsangbuk-do/경북,Gumi-si/구미시,Haepyeong-myeon/해평면
Gyeongsangbuk-do/경북,Gumi-si/구미시,Hwangsang-dong/황상동
Gyeongsangbuk-do/경북,Gumi-si/구미시,Hyeonggog 1(il)-dong/형곡1동
Gyeongsangbuk-do/경북,Gumi-si/구미시,Hyeonggog 2(i)-dong/형곡2동
Gyeongsangbuk-do/경북,Gumi-si/구미시,Hyeonggok-dong/형곡동
Gyeongsangbuk-do/경북,Gumi-si/구미시,Imeun-dong/임은동
Gyeongsangbuk-do/경북,Gumi-si/구미시,Imsu-dong/임수동
Gyeongsangbuk-do/경북,Gumi-si/구미시,Inui-dong/인의동
Gyeongsangbuk-do/경북,Gumi-si/구미시,Jangcheon-myeon/장천면
Gyeongsangbuk-do/경북,Gumi-si/구미시,Jinpyeong-dong/진평동
Gyeongsangbuk-do/경북,Gumi-si/구미시,Jisan-dong/지산동
Gyeongsangbuk-do/경북,Gumi-si/구미시,Mueul-myeon/무을면
Gyeongsangbuk-do/경북,Gumi-si/구미시,Namtong-dong/남통동
Gyeongsangbuk-do/경북,Gumi-si/구미시,Okgye-dong/옥계동
Gyeongsangbuk-do/경북,Gumi-si/구미시,Okseong-myeon/옥성면
Gyeongsangbuk-do/경북,Gumi-si/구미시,Otae-dong/오태동
Gyeongsangbuk-do/경북,Gumi-si/구미시,Sagok-dong/사곡동
Gyeongsangbuk-do/경북,Gumi-si/구미시,Sandong-myeon/산동면
Gyeongsangbuk-do/경북,Gumi-si/구미시,Sangmo-dong/상모동
Gyeongsangbuk-do/경북,Gumi-si/구미시,Seongi-dong/선기동
Gyeongsangbuk-do/경북,Gumi-si/구미시,Seonsan-eup/선산읍
Gyeongsangbuk-do/경북,Gumi-si/구미시,Simi-dong/시미동
Gyeongsangbuk-do/경북,Gumi-si/구미시,Sin-dong/신동
Gyeongsangbuk-do/경북,Gumi-si/구미시,Sinpyeong 1(il)-dong/신평1동
Gyeongsangbuk-do/경북,Gumi-si/구미시,Sinpyeong 2(i)-dong/신평2동
Gyeongsangbuk-do/경북,Gumi-si/구미시,Sinpyeong-dong/신평동
Gyeongsangbuk-do/경북,Gumi-si/구미시,Songjeong-dong/송정동
Gyeongsangbuk-do/경북,Gumi-si/구미시,Sujeom-dong/수점동
Gyeongsangbuk-do/경북,Gumi-si/구미시,Wonpyeong 1(il)-dong/원평1동
Gyeongsangbuk-do/경북,Gumi-si/구미시,Wonpyeong 2(i)-dong/원평2동
Gyeongsangbuk-do/경북,Gumi-si/구미시,Wonpyeong-dong/원평동
Gyeongsangbuk-do/경북,Gumi-si/구미시,Yangho-dong/양호동
Gyeongsangbuk-do/경북,Gunwi-gun/군위군,Bugye-myeon/부계면
Gyeongsangbuk-do/경북,Gunwi-gun/군위군,Goro-myeon/고로면
Gyeongsangbuk-do/경북,Gunwi-gun/군위군,Gunwi-eup/군위읍
Gyeongsangbuk-do/경북,Gunwi-gun/군위군,Hyoryeong-myeon/효령면
Gyeongsangbuk-do/경북,Gunwi-gun/군위군,Sanseong-myeon/산성면
Gyeongsangbuk-do/경북,Gunwi-gun/군위군,Sobo-myeon/소보면
Gyeongsangbuk-do/경북,Gunwi-gun/군위군,Ubo-myeon/우보면
Gyeongsangbuk-do/경북,Gunwi-gun/군위군,Uiheung-myeon/의흥면
Gyeongsangbuk-do/경북,Gyeongju-si/경주시,Amgok-dong/암곡동
Gyeongsangbuk-do/경북,Gyeongju-si/경주시,Angang-eup/안강읍
Gyeongsangbuk-do/경북,Gyeongju-si/경주시,Baeban-dong/배반동
Gyeongsangbuk-do/경북,Gyeongju-si/경주시,Bae-dong/배동
Gyeongsangbuk-do/경북,Gyeongju-si/경주시,Bomun-dong/보문동
Gyeongsangbuk-do/경북,Gyeongju-si/경주시,Bukbu-dong/북부동
Gyeongsangbuk-do/경북,Gyeongju-si/경주시,Bukgun-dong/북군동
Gyeongsangbuk-do/경북,Gyeongju-si/경주시,Cheonbuk-myeon/천북면
Gyeongsangbuk-do/경북,Gyeongju-si/경주시,Cheongun-dong/천군동
Gyeongsangbuk-do/경북,Gyeongju-si/경주시,Chunghyo-dong/충효동
Gyeongsangbuk-do/경북,Gyeongju-si/경주시,Deok-dong/덕동
Gyeongsangbuk-do/경북,Gyeongju-si/경주시,Doji-dong/도지동
Gyeongsangbuk-do/경북,Gyeongju-si/경주시,Dongbang-dong/동방동
Gyeongsangbuk-do/경북,Gyeongju-si/경주시,Dongbu-dong/동부동
Gyeongsangbuk-do/경북,Gyeongju-si/경주시,Dongcheon-dong/동천동
Gyeongsangbuk-do/경북,Gyeongju-si/경주시,Gampo-eup/감포읍
Gyeongsangbuk-do/경북,Gyeongju-si/경주시,Gangdong-myeon/강동면
Gyeongsangbuk-do/경북,Gyeongju-si/경주시,Geoncheon-eup/건천읍
Gyeongsangbuk-do/경북,Gyeongju-si/경주시,Guhwang-dong/구황동
Gyeongsangbuk-do/경북,Gyeongju-si/경주시,Gujeong-dong/구정동
Gyeongsangbuk-do/경북,Gyeongju-si/경주시,Gwangmyeong-dong/광명동
Gyeongsangbuk-do/경북,Gyeongju-si/경주시,Gyeongjuucheguksaseoham/경주우체국사서함
Gyeongsangbuk-do/경북,Gyeongju-si/경주시,Gyo-dong/교동
Gyeongsangbuk-do/경북,Gyeongju-si/경주시,Ha-dong/하동
Gyeongsangbuk-do/경북,Gyeongju-si/경주시,Hwangnam-dong/황남동
Gyeongsangbuk-do/경북,Gyeongju-si/경주시,Hwango-dong/황오동
Gyeongsangbuk-do/경북,Gyeongju-si/경주시,Hwangseong-dong/황성동
Gyeongsangbuk-do/경북,Gyeongju-si/경주시,Hwangyong-dong/황용동
Gyeongsangbuk-do/경북,Gyeongju-si/경주시,Hyeongok-myeon/현곡면
Gyeongsangbuk-do/경북,Gyeongju-si/경주시,Hyohyeon-dong/효현동
Gyeongsangbuk-do/경북,Gyeongju-si/경주시,Inwang-dong/인왕동
Gyeongsangbuk-do/경북,Gyeongju-si/경주시,Jinhyeon-dong/진현동
Gyeongsangbuk-do/경북,Gyeongju-si/경주시,Joyang-dong/조양동
Gyeongsangbuk-do/경북,Gyeongju-si/경주시,Ma-dong/마동
Gyeongsangbuk-do/경북,Gyeongju-si/경주시,Naenam-myeon/내남면
Gyeongsangbuk-do/경북,Gyeongju-si/경주시,Namsan-dong/남산동
Gyeongsangbuk-do/경북,Gyeongju-si/경주시,Nodong-dong/노동동
Gyeongsangbuk-do/경북,Gyeongju-si/경주시,Noseo-dong/노서동
Gyeongsangbuk-do/경북,Gyeongju-si/경주시,Oedong-eup/외동읍
Gyeongsangbuk-do/경북,Gyeongju-si/경주시,Pyeong-dong/평동
Gyeongsangbuk-do/경북,Gyeongju-si/경주시,Sajeong-dong/사정동
Gyeongsangbuk-do/경북,Gyeongju-si/경주시,Sannae-myeon/산내면
Gyeongsangbuk-do/경북,Gyeongju-si/경주시,Seoak-dong/서악동
Gyeongsangbuk-do/경북,Gyeongju-si/경주시,Seobu-dong/서부동
Gyeongsangbuk-do/경북,Gyeongju-si/경주시,Seokjang-dong/석장동
Gyeongsangbuk-do/경북,Gyeongju-si/경주시,Seo-myeon/서면
Gyeongsangbuk-do/경북,Gyeongju-si/경주시,Seongdong-dong/성동동
Gyeongsangbuk-do/경북,Gyeongju-si/경주시,Seonggeon-dong/성건동
Gyeongsangbuk-do/경북,Gyeongju-si/경주시,Si-dong/시동
Gyeongsangbuk-do/경북,Gyeongju-si/경주시,Sinpyeong-dong/신평동
Gyeongsangbuk-do/경북,Gyeongju-si/경주시,Sirae-dong/시래동
Gyeongsangbuk-do/경북,Gyeongju-si/경주시,Songok-dong/손곡동
Gyeongsangbuk-do/경북,Gyeongju-si/경주시,Tap-dong/탑동
Gyeongsangbuk-do/경북,Gyeongju-si/경주시,Yangbuk-myeon/양북면
Gyeongsangbuk-do/경북,Gyeongju-si/경주시,Yangnam-myeon/양남면
Gyeongsangbuk-do/경북,Gyeongju-si/경주시,Yonggang-dong/용강동
Gyeongsangbuk-do/경북,Gyeongju-si/경주시,Yul-dong/율동
Gyeongsangbuk-do/경북,Gyeongsan-si/경산시,Apryang-myeon/압량면
Gyeongsangbuk-do/경북,Gyeongsan-si/경산시,Baekcheon-dong/백천동
Gyeongsangbuk-do/경북,Gyeongsan-si/경산시,Dae-dong/대동
Gyeongsangbuk-do/경북,Gyeongsan-si/경산시,Daejeong-dong/대정동
Gyeongsangbuk-do/경북,Gyeongsan-si/경산시,Daepyeong-dong/대평동
Gyeongsangbuk-do/경북,Gyeongsan-si/경산시,Gapje-dong/갑제동
Gyeongsangbuk-do/경북,Gyeongsan-si/경산시,Gyeongsanucheguksaseoham/경산우체국사서함
Gyeongsangbuk-do/경북,Gyeongsan-si/경산시,Gyeyang-dong/계양동
Gyeongsangbuk-do/경북,Gyeongsan-si/경산시,Hayang-eup/하양읍
Gyeongsangbuk-do/경북,Gyeongsan-si/경산시,Imdang-dong/임당동
Gyeongsangbuk-do/경북,Gyeongsan-si/경산시,Jain-myeon/자인면
Gyeongsangbuk-do/경북,Gyeongsan-si/경산시,Jeomchon-dong/점촌동
Gyeongsangbuk-do/경북,Gyeongsan-si/경산시,Jeongpyeong-dong/정평동
Gyeongsangbuk-do/경북,Gyeongsan-si/경산시,Jinryang-eup/진량읍
Gyeongsangbuk-do/경북,Gyeongsan-si/경산시,Joyeong-dong/조영동
Gyeongsangbuk-do/경북,Gyeongsan-si/경산시,Jungbang-dong/중방동
Gyeongsangbuk-do/경북,Gyeongsan-si/경산시,Jungsan-dong/중산동
Gyeongsangbuk-do/경북,Gyeongsan-si/경산시,Nae-dong/내동
Gyeongsangbuk-do/경북,Gyeongsan-si/경산시,Nambang-dong/남방동
Gyeongsangbuk-do/경북,Gyeongsan-si/경산시,Namcheon-myeon/남천면
Gyeongsangbuk-do/경북,Gyeongsan-si/경산시,Namsan-myeon/남산면
Gyeongsangbuk-do/경북,Gyeongsan-si/경산시,Okgok-dong/옥곡동
Gyeongsangbuk-do/경북,Gyeongsan-si/경산시,Oksan-dong/옥산동
Gyeongsangbuk-do/경북,Gyeongsan-si/경산시,Pyeongsan-dong/평산동
Gyeongsangbuk-do/경북,Gyeongsan-si/경산시,Sa-dong/사동
Gyeongsangbuk-do/경북,Gyeongsan-si/경산시,Sajeong-dong/사정동
Gyeongsangbuk-do/경북,Gyeongsan-si/경산시,Sambuk-dong/삼북동
Gyeongsangbuk-do/경북,Gyeongsan-si/경산시,Samnam-dong/삼남동
Gyeongsangbuk-do/경북,Gyeongsan-si/경산시,Sampung-dong/삼풍동
Gyeongsangbuk-do/경북,Gyeongsan-si/경산시,Sangbang-dong/상방동
Gyeongsangbuk-do/경북,Gyeongsan-si/경산시,Seosang-dong/서상동
Gyeongsangbuk-do/경북,Gyeongsan-si/경산시,Sincheon-dong/신천동
Gyeongsangbuk-do/경북,Gyeongsan-si/경산시,Singyo-dong/신교동
Gyeongsangbuk-do/경북,Gyeongsan-si/경산시,Wachon-myeon/와촌면
Gyeongsangbuk-do/경북,Gyeongsan-si/경산시,Yeocheon-dong/여천동
Gyeongsangbuk-do/경북,Gyeongsan-si/경산시,Yongseong-myeon/용성면
Gyeongsangbuk-do/경북,Gyeongsan-si/경산시,Yugok-dong/유곡동
Gyeongsangbuk-do/경북,Mungyeong-si/문경시,Buljeong-dong/불정동
Gyeongsangbuk-do/경북,Mungyeong-si/문경시,Chang-dong/창동
Gyeongsangbuk-do/경북,Mungyeong-si/문경시,Dongro-myeon/동로면
Gyeongsangbuk-do/경북,Mungyeong-si/문경시,Gaeun-eup/가은읍
Gyeongsangbuk-do/경북,Mungyeong-si/문경시,Gongpyeong-dong/공평동
Gyeongsangbuk-do/경북,Mungyeong-si/문경시,Heungdeok-dong/흥덕동
Gyeongsangbuk-do/경북,Mungyeong-si/문경시,Hogye-myeon/호계면
Gyeongsangbuk-do/경북,Mungyeong-si/문경시,Jeomchon-dong/점촌동
Gyeongsangbuk-do/경북,Mungyeong-si/문경시,Maseong-myeon/마성면
Gyeongsangbuk-do/경북,Mungyeong-si/문경시,Mojeon-dong/모전동
Gyeongsangbuk-do/경북,Mungyeong-si/문경시,Mungyeong-eup/문경읍
Gyeongsangbuk-do/경북,Mungyeong-si/문경시,Mungyeongucheguksaseoham/문경우체국사서함
Gyeongsangbuk-do/경북,Mungyeong-si/문경시,Nongam-myeon/농암면
Gyeongsangbuk-do/경북,Mungyeong-si/문경시,Sanbuk-myeon/산북면
Gyeongsangbuk-do/경북,Mungyeong-si/문경시,Sanyang-myeon/산양면
Gyeongsangbuk-do/경북,Mungyeong-si/문경시,Singi-dong/신기동
Gyeongsangbuk-do/경북,Mungyeong-si/문경시,Uji-dong/우지동
Gyeongsangbuk-do/경북,Mungyeong-si/문경시,Yeongsin-dong/영신동
Gyeongsangbuk-do/경북,Mungyeong-si/문경시,Yeongsun-myeon/영순면
Gyeongsangbuk-do/경북,Mungyeong-si/문경시,Yugok-dong/유곡동
Gyeongsangbuk-do/경북,Mungyeong-si/문경시,Yunjik-dong/윤직동
Gyeongsangbuk-do/경북,Nam-gu Pohang-si/포항시 남구,Cheongrim-dong/청림동
Gyeongsangbuk-do/경북,Nam-gu Pohang-si/포항시 남구,Daebo-myeon/대보면
Gyeongsangbuk-do/경북,Nam-gu Pohang-si/포항시 남구,Daedo-dong/대도동
Gyeongsangbuk-do/경북,Nam-gu Pohang-si/포항시 남구,Daejam-dong/대잠동
Gyeongsangbuk-do/경북,Nam-gu Pohang-si/포항시 남구,Daesong-myeon/대송면
Gyeongsangbuk-do/경북,Nam-gu Pohang-si/포항시 남구,Dongchon-dong/동촌동
Gyeongsangbuk-do/경북,Nam-gu Pohang-si/포항시 남구,Donghae-myeon/동해면
Gyeongsangbuk-do/경북,Nam-gu Pohang-si/포항시 남구,Goedong-dong/괴동동
Gyeongsangbuk-do/경북,Nam-gu Pohang-si/포항시 남구,Guryongpo-eup/구룡포읍
Gyeongsangbuk-do/경북,Nam-gu Pohang-si/포항시 남구,Haedo-dong/해도동
Gyeongsangbuk-do/경북,Nam-gu Pohang-si/포항시 남구,Ho-dong/호동
Gyeongsangbuk-do/경북,Nam-gu Pohang-si/포항시 남구,Hyoja-dong/효자동
Gyeongsangbuk-do/경북,Nam-gu Pohang-si/포항시 남구,I-dong/이동
Gyeongsangbuk-do/경북,Nam-gu Pohang-si/포항시 남구,Indeok-dong/인덕동
Gyeongsangbuk-do/경북,Nam-gu Pohang-si/포항시 남구,Irwol-dong/일월동
Gyeongsangbuk-do/경북,Nam-gu Pohang-si/포항시 남구,Janggi-myeon/장기면
Gyeongsangbuk-do/경북,Nam-gu Pohang-si/포항시 남구,Jangheung-dong/장흥동
Gyeongsangbuk-do/경북,Nam-gu Pohang-si/포항시 남구,Jigok-dong/지곡동
Gyeongsangbuk-do/경북,Nam-gu Pohang-si/포항시 남구,Ocheon-eup/오천읍
Gyeongsangbuk-do/경북,Nam-gu Pohang-si/포항시 남구,Pohangucheguksaseoham/포항우체국사서함
Gyeongsangbuk-do/경북,Nam-gu Pohang-si/포항시 남구,Sangdo-dong/상도동
Gyeongsangbuk-do/경북,Nam-gu Pohang-si/포항시 남구,Songdo-dong/송도동
Gyeongsangbuk-do/경북,Nam-gu Pohang-si/포항시 남구,Songjeong-dong/송정동
Gyeongsangbuk-do/경북,Nam-gu Pohang-si/포항시 남구,Songnae-dong/송내동
Gyeongsangbuk-do/경북,Nam-gu Pohang-si/포항시 남구,Yeonir-eup/연일읍
Gyeongsangbuk-do/경북,Sangju-si/상주시,Bokryong-dong/복룡동
Gyeongsangbuk-do/경북,Sangju-si/상주시,Buwon-dong/부원동
Gyeongsangbuk-do/경북,Sangju-si/상주시,Byeongseong-dong/병성동
Gyeongsangbuk-do/경북,Sangju-si/상주시,Cheongri-myeon/청리면
Gyeongsangbuk-do/경북,Sangju-si/상주시,Chosan-dong/초산동
Gyeongsangbuk-do/경북,Sangju-si/상주시,Donam-dong/도남동
Gyeongsangbuk-do/경북,Sangju-si/상주시,Euncheok-myeon/은척면
Gyeongsangbuk-do/경북,Sangju-si/상주시,Gaeun-dong/개운동
Gyeongsangbuk-do/경북,Sangju-si/상주시,Gajang-dong/가장동
Gyeongsangbuk-do/경북,Sangju-si/상주시,Geodong-dong/거동동
Gyeongsangbuk-do/경북,Sangju-si/상주시,Gonggeom-myeon/공검면
Gyeongsangbuk-do/경북,Sangju-si/상주시,Gongseong-myeon/공성면
Gyeongsangbuk-do/경북,Sangju-si/상주시,Gyesan-dong/계산동
Gyeongsangbuk-do/경북,Sangju-si/상주시,Hamchang-eup/함창읍
Gyeongsangbuk-do/경북,Sangju-si/상주시,Heonsin-dong/헌신동
Gyeongsangbuk-do/경북,Sangju-si/상주시,Heunggak-dong/흥각동
Gyeongsangbuk-do/경북,Sangju-si/상주시,Hwabuk-myeon/화북면
Gyeongsangbuk-do/경북,Sangju-si/상주시,Hwadong-myeon/화동면
Gyeongsangbuk-do/경북,Sangju-si/상주시,Hwagae-dong/화개동
Gyeongsangbuk-do/경북,Sangju-si/상주시,Hwanam-myeon/화남면
Gyeongsangbuk-do/경북,Sangju-si/상주시,Hwasan-dong/화산동
Gyeongsangbuk-do/경북,Sangju-si/상주시,Hwaseo-myeon/화서면
Gyeongsangbuk-do/경북,Sangju-si/상주시,Ian-myeon/이안면
Gyeongsangbuk-do/경북,Sangju-si/상주시,Inbong-dong/인봉동
Gyeongsangbuk-do/경북,Sangju-si/상주시,Inpyeong-dong/인평동
Gyeongsangbuk-do/경북,Sangju-si/상주시,Jicheon-dong/지천동
Gyeongsangbuk-do/경북,Sangju-si/상주시,Jukjeon-dong/죽전동
Gyeongsangbuk-do/경북,Sangju-si/상주시,Jungdeok-dong/중덕동
Gyeongsangbuk-do/경북,Sangju-si/상주시,Jungdong-myeon/중동면
Gyeongsangbuk-do/경북,Sangju-si/상주시,Mansan-dong/만산동
Gyeongsangbuk-do/경북,Sangju-si/상주시,Modong-myeon/모동면
Gyeongsangbuk-do/경북,Sangju-si/상주시,Moseo-myeon/모서면
Gyeongsangbuk-do/경북,Sangju-si/상주시,Muyang-dong/무양동
Gyeongsangbuk-do/경북,Sangju-si/상주시,Naengrim-dong/냉림동
Gyeongsangbuk-do/경북,Sangju-si/상주시,Naeseo-myeon/내서면
Gyeongsangbuk-do/경북,Sangju-si/상주시,Nagyang-dong/낙양동
Gyeongsangbuk-do/경북,Sangju-si/상주시,Nakdong-myeon/낙동면
Gyeongsangbuk-do/경북,Sangju-si/상주시,Naksang-dong/낙상동
Gyeongsangbuk-do/경북,Sangju-si/상주시,Namjang-dong/남장동
Gyeongsangbuk-do/경북,Sangju-si/상주시,Namjeok-dong/남적동
Gyeongsangbuk-do/경북,Sangju-si/상주시,Namseong-dong/남성동
Gyeongsangbuk-do/경북,Sangju-si/상주시,Odae-dong/오대동
Gyeongsangbuk-do/경북,Sangju-si/상주시,Oedap-dong/외답동
Gyeongsangbuk-do/경북,Sangju-si/상주시,Oenam-myeon/외남면
Gyeongsangbuk-do/경북,Sangju-si/상주시,Oeseo-myeon/외서면
Gyeongsangbuk-do/경북,Sangju-si/상주시,Sabeol-myeon/사벌면
Gyeongsangbuk-do/경북,Sangju-si/상주시,Sangjuucheguksaseoham/상주우체국사서함
Gyeongsangbuk-do/경북,Sangju-si/상주시,Seogok-dong/서곡동
Gyeongsangbuk-do/경북,Sangju-si/상주시,Seomun-dong/서문동
Gyeongsangbuk-do/경북,Sangju-si/상주시,Seongdong-dong/성동동
Gyeongsangbuk-do/경북,Sangju-si/상주시,Seongha-dong/성하동
Gyeongsangbuk-do/경북,Sangju-si/상주시,Seoseong-dong/서성동
Gyeongsangbuk-do/경북,Sangju-si/상주시,Sinbong-dong/신봉동
Gyeongsangbuk-do/경북,Sangju-si/상주시,Yangchon-dong/양촌동
Gyeongsangbuk-do/경북,Sangju-si/상주시,Yeonwon-dong/연원동
Gyeongsangbuk-do/경북,Seongju-gun/성주군,Byeokjin-myeon/벽진면
Gyeongsangbuk-do/경북,Seongju-gun/성주군,Chojeon-myeon/초전면
Gyeongsangbuk-do/경북,Seongju-gun/성주군,Daega-myeon/대가면
Gyeongsangbuk-do/경북,Seongju-gun/성주군,Gacheon-myeon/가천면
Gyeongsangbuk-do/경북,Seongju-gun/성주군,Geumsu-myeon/금수면
Gyeongsangbuk-do/경북,Seongju-gun/성주군,Seongju-eup/성주읍
Gyeongsangbuk-do/경북,Seongju-gun/성주군,Seonnam-myeon/선남면
Gyeongsangbuk-do/경북,Seongju-gun/성주군,Suryun-myeon/수륜면
Gyeongsangbuk-do/경북,Seongju-gun/성주군,Wolhang-myeon/월항면
Gyeongsangbuk-do/경북,Seongju-gun/성주군,Yongam-myeon/용암면
Gyeongsangbuk-do/경북,Uiseong-gun/의성군,Angye-myeon/안계면
Gyeongsangbuk-do/경북,Uiseong-gun/의성군,Anpyeong-myeon/안평면
Gyeongsangbuk-do/경북,Uiseong-gun/의성군,Ansa-myeon/안사면
Gyeongsangbuk-do/경북,Uiseong-gun/의성군,Bian-myeon/비안면
Gyeongsangbuk-do/경북,Uiseong-gun/의성군,Bongyang-myeon/봉양면
Gyeongsangbuk-do/경북,Uiseong-gun/의성군,Chunsan-myeon/춘산면
Gyeongsangbuk-do/경북,Uiseong-gun/의성군,Dain-myeon/다인면
Gyeongsangbuk-do/경북,Uiseong-gun/의성군,Danbuk-myeon/단북면
Gyeongsangbuk-do/경북,Uiseong-gun/의성군,Danchon-myeon/단촌면
Gyeongsangbuk-do/경북,Uiseong-gun/의성군,Danmil-myeon/단밀면
Gyeongsangbuk-do/경북,Uiseong-gun/의성군,Gaeum-myeon/가음면
Gyeongsangbuk-do/경북,Uiseong-gun/의성군,Geumseong-myeon/금성면
Gyeongsangbuk-do/경북,Uiseong-gun/의성군,Gucheon-myeon/구천면
Gyeongsangbuk-do/경북,Uiseong-gun/의성군,Jeomgok-myeon/점곡면
Gyeongsangbuk-do/경북,Uiseong-gun/의성군,Oksan-myeon/옥산면
Gyeongsangbuk-do/경북,Uiseong-gun/의성군,Sagok-myeon/사곡면
Gyeongsangbuk-do/경북,Uiseong-gun/의성군,Sinpyeong-myeon/신평면
Gyeongsangbuk-do/경북,Uiseong-gun/의성군,Uiseong-eup/의성읍
Gyeongsangbuk-do/경북,Uljin-gun/울진군,Buk-myeon/북면
Gyeongsangbuk-do/경북,Uljin-gun/울진군,Geunnam-myeon/근남면
Gyeongsangbuk-do/경북,Uljin-gun/울진군,Giseong-myeon/기성면
Gyeongsangbuk-do/경북,Uljin-gun/울진군,Hupo-myeon/후포면
Gyeongsangbuk-do/경북,Uljin-gun/울진군,Jukbyeon-myeon/죽변면
Gyeongsangbuk-do/경북,Uljin-gun/울진군,Onjeong-myeon/온정면
Gyeongsangbuk-do/경북,Uljin-gun/울진군,Pyeonghae-eup/평해읍
Gyeongsangbuk-do/경북,Uljin-gun/울진군,Seo-myeon/서면
Gyeongsangbuk-do/경북,Uljin-gun/울진군,Uljin-eup/울진읍
Gyeongsangbuk-do/경북,Uljin-gun/울진군,Wonnam-myeon/원남면
Gyeongsangbuk-do/경북,Ulleung-gun/울릉군,Buk-myeon/북면
Gyeongsangbuk-do/경북,Ulleung-gun/울릉군,Seo-myeon/서면
Gyeongsangbuk-do/경북,Ulleung-gun/울릉군,Ulleung-eup/울릉읍
Gyeongsangbuk-do/경북,Yecheon-gun/예천군,Bomun-myeon/보문면
Gyeongsangbuk-do/경북,Yecheon-gun/예천군,Gaepo-myeon/개포면
Gyeongsangbuk-do/경북,Yecheon-gun/예천군,Gamcheon-myeon/감천면
Gyeongsangbuk-do/경북,Yecheon-gun/예천군,Hari-myeon/하리면
Gyeongsangbuk-do/경북,Yecheon-gun/예천군,Homyeong-myeon/호명면
Gyeongsangbuk-do/경북,Yecheon-gun/예천군,Jibo-myeon/지보면
Gyeongsangbuk-do/경북,Yecheon-gun/예천군,Pungyang-myeon/풍양면
Gyeongsangbuk-do/경북,Yecheon-gun/예천군,Sangri-myeon/상리면
Gyeongsangbuk-do/경북,Yecheon-gun/예천군,Yecheon-eup/예천읍
Gyeongsangbuk-do/경북,Yecheon-gun/예천군,Yonggung-myeon/용궁면
Gyeongsangbuk-do/경북,Yecheon-gun/예천군,Yongmun-myeon/용문면
Gyeongsangbuk-do/경북,Yecheon-gun/예천군,Yucheon-myeon/유천면
Gyeongsangbuk-do/경북,Yeongcheon-si/영천시,Beomeo-dong/범어동
Gyeongsangbuk-do/경북,Yeongcheon-si/영천시,Bonchon-dong/본촌동
Gyeongsangbuk-do/경북,Yeongcheon-si/영천시,Bong-dong/봉동
Gyeongsangbuk-do/경북,Yeongcheon-si/영천시,Bugan-myeon/북안면
Gyeongsangbuk-do/경북,Yeongcheon-si/영천시,Chaesin-dong/채신동
Gyeongsangbuk-do/경북,Yeongcheon-si/영천시,Changgu-dong/창구동
Gyeongsangbuk-do/경북,Yeongcheon-si/영천시,Cheongtong-myeon/청통면
Gyeongsangbuk-do/경북,Yeongcheon-si/영천시,Daechang-myeon/대창면
Gyeongsangbuk-do/경북,Yeongcheon-si/영천시,Daejeon-dong/대전동
Gyeongsangbuk-do/경북,Yeongcheon-si/영천시,Do-dong/도동
Gyeongsangbuk-do/경북,Yeongcheon-si/영천시,Donam-dong/도남동
Gyeongsangbuk-do/경북,Yeongcheon-si/영천시,Dorim-dong/도림동
Gyeongsangbuk-do/경북,Yeongcheon-si/영천시,Eonha-dong/언하동
Gyeongsangbuk-do/경북,Yeongcheon-si/영천시,Geumho-eup/금호읍
Gyeongsangbuk-do/경북,Yeongcheon-si/영천시,Geumno-dong/금노동
Gyeongsangbuk-do/경북,Yeongcheon-si/영천시,Goeyeon-dong/괴연동
Gyeongsangbuk-do/경북,Yeongcheon-si/영천시,Gogyeong-myeon/고경면
Gyeongsangbuk-do/경북,Yeongcheon-si/영천시,Gwajeon-dong/과전동
Gyeongsangbuk-do/경북,Yeongcheon-si/영천시,Gyochon-dong/교촌동
Gyeongsangbuk-do/경북,Yeongcheon-si/영천시,Hwabuk-myeon/화북면
Gyeongsangbuk-do/경북,Yeongcheon-si/영천시,Hwanam-myeon/화남면
Gyeongsangbuk-do/경북,Yeongcheon-si/영천시,Hwaryong-dong/화룡동
Gyeongsangbuk-do/경북,Yeongcheon-si/영천시,Hwasan-myeon/화산면
Gyeongsangbuk-do/경북,Yeongcheon-si/영천시,Imgo-myeon/임고면
Gyeongsangbuk-do/경북,Yeongcheon-si/영천시,Jaksan-dong/작산동
Gyeongsangbuk-do/경북,Yeongcheon-si/영천시,Jayang-myeon/자양면
Gyeongsangbuk-do/경북,Yeongcheon-si/영천시,Jogyo-dong/조교동
Gyeongsangbuk-do/경북,Yeongcheon-si/영천시,Maesan-dong/매산동
Gyeongsangbuk-do/경북,Yeongcheon-si/영천시,Mangjeong-dong/망정동
Gyeongsangbuk-do/경북,Yeongcheon-si/영천시,Munnae-dong/문내동
Gyeongsangbuk-do/경북,Yeongcheon-si/영천시,Munoe-dong/문외동
Gyeongsangbuk-do/경북,Yeongcheon-si/영천시,Nokjeon-dong/녹전동
Gyeongsangbuk-do/경북,Yeongcheon-si/영천시,Omi-dong/오미동
Gyeongsangbuk-do/경북,Yeongcheon-si/영천시,Osu-dong/오수동
Gyeongsangbuk-do/경북,Yeongcheon-si/영천시,Seongnae-dong/성내동
Gyeongsangbuk-do/경북,Yeongcheon-si/영천시,Seosan-dong/서산동
Gyeongsangbuk-do/경북,Yeongcheon-si/영천시,Singi-dong/신기동
Gyeongsangbuk-do/경북,Yeongcheon-si/영천시,Sinnyeong-myeon/신녕면
Gyeongsangbuk-do/경북,Yeongcheon-si/영천시,Ssanggye-dong/쌍계동
Gyeongsangbuk-do/경북,Yeongcheon-si/영천시,Wansan-dong/완산동
Gyeongsangbuk-do/경북,Yeongcheon-si/영천시,Yasa-dong/야사동
Gyeongsangbuk-do/경북,Yeongcheon-si/영천시,Yeongcheonucheguksaseoham/영천우체국사서함
Gyeongsangbuk-do/경북,Yeongdeok-gun/영덕군,Byeonggok-myeon/병곡면
Gyeongsangbuk-do/경북,Yeongdeok-gun/영덕군,Changsu-myeon/창수면
Gyeongsangbuk-do/경북,Yeongdeok-gun/영덕군,Chuksan-myeon/축산면
Gyeongsangbuk-do/경북,Yeongdeok-gun/영덕군,Dalsan-myeon/달산면
Gyeongsangbuk-do/경북,Yeongdeok-gun/영덕군,Ganggu-myeon/강구면
Gyeongsangbuk-do/경북,Yeongdeok-gun/영덕군,Jipum-myeon/지품면
Gyeongsangbuk-do/경북,Yeongdeok-gun/영덕군,Namjeong-myeon/남정면
Gyeongsangbuk-do/경북,Yeongdeok-gun/영덕군,Yeongdeog-eup/영덕읍
Gyeongsangbuk-do/경북,Yeongdeok-gun/영덕군,Yeonghae-myeon/영해면
Gyeongsangbuk-do/경북,Yeongju-si/영주시,Aji-dong/아지동
Gyeongsangbuk-do/경북,Yeongju-si/영주시,Anjeong-myeon/안정면
Gyeongsangbuk-do/경북,Yeongju-si/영주시,Bonghyeon-myeon/봉현면
Gyeongsangbuk-do/경북,Yeongju-si/영주시,Buseok-myeon/부석면
Gyeongsangbuk-do/경북,Yeongju-si/영주시,Changjin-dong/창진동
Gyeongsangbuk-do/경북,Yeongju-si/영주시,Dansan-myeon/단산면
Gyeongsangbuk-do/경북,Yeongju-si/영주시,Gaheung 1(il)-dong/가흥1동
Gyeongsangbuk-do/경북,Yeongju-si/영주시,Gaheung 2(i)-dong/가흥2동
Gyeongsangbuk-do/경북,Yeongju-si/영주시,Gaheung-dong/가흥동
Gyeongsangbuk-do/경북,Yeongju-si/영주시,Gohyeon-dong/고현동
Gyeongsangbuk-do/경북,Yeongju-si/영주시,Hamang-dong/하망동
Gyeongsangbuk-do/경북,Yeongju-si/영주시,Hyucheon 1(il)-dong/휴천1동
Gyeongsangbuk-do/경북,Yeongju-si/영주시,Hyucheon 2(i)-dong/휴천2동
Gyeongsangbuk-do/경북,Yeongju-si/영주시,Hyucheon 3(sam)-dong/휴천3동
Gyeongsangbuk-do/경북,Yeongju-si/영주시,Hyucheon-dong/휴천동
Gyeongsangbuk-do/경북,Yeongju-si/영주시,Isan-myeon/이산면
Gyeongsangbuk-do/경북,Yeongju-si/영주시,Jangsu-myeon/장수면
Gyeongsangbuk-do/경북,Yeongju-si/영주시,Jeokseo-dong/적서동
Gyeongsangbuk-do/경북,Yeongju-si/영주시,Joam-dong/조암동
Gyeongsangbuk-do/경북,Yeongju-si/영주시,Jowa-dong/조와동
Gyeongsangbuk-do/경북,Yeongju-si/영주시,Munjeong-dong/문정동
Gyeongsangbuk-do/경북,Yeongju-si/영주시,Munsu-myeon/문수면
Gyeongsangbuk-do/경북,Yeongju-si/영주시,Punggi-eup/풍기읍
Gyeongsangbuk-do/경북,Yeongju-si/영주시,Pyeongeun-myeon/평은면
Gyeongsangbuk-do/경북,Yeongju-si/영주시,Sangjul-dong/상줄동
Gyeongsangbuk-do/경북,Yeongju-si/영주시,Sangmang-dong/상망동
Gyeongsangbuk-do/경북,Yeongju-si/영주시,Sunheung-myeon/순흥면
Gyeongsangbuk-do/경북,Yeongju-si/영주시,Yeongju 1(il)-dong/영주1동
Gyeongsangbuk-do/경북,Yeongju-si/영주시,Yeongju 2(i)-dong/영주2동
Gyeongsangbuk-do/경북,Yeongju-si/영주시,Yeongju-dong/영주동
Gyeongsangbuk-do/경북,Yeongju-si/영주시,Yeongjuucheguksaseoham/영주우체국사서함
Gyeongsangbuk-do/경북,Yeongyang-gun/영양군,Cheonggi-myeon/청기면
Gyeongsangbuk-do/경북,Yeongyang-gun/영양군,Ibam-myeon/입암면
Gyeongsangbuk-do/경북,Yeongyang-gun/영양군,Irwol-myeon/일월면
Gyeongsangbuk-do/경북,Yeongyang-gun/영양군,Seokbo-myeon/석보면
Gyeongsangbuk-do/경북,Yeongyang-gun/영양군,Subi-myeon/수비면
Gyeongsangbuk-do/경북,Yeongyang-gun/영양군,Yeongyang-eup/영양읍
Gyeongsangnam-do/경남,Changnyeong-gun/창녕군,Bugok-myeon/부곡면
Gyeongsangnam-do/경남,Changnyeong-gun/창녕군,Changnyeong-eup/창녕읍
Gyeongsangnam-do/경남,Changnyeong-gun/창녕군,Daehap-myeon/대합면
Gyeongsangnam-do/경남,Changnyeong-gun/창녕군,Daeji-myeon/대지면
Gyeongsangnam-do/경남,Changnyeong-gun/창녕군,Docheon-myeon/도천면
Gyeongsangnam-do/경남,Changnyeong-gun/창녕군,Gilgok-myeon/길곡면
Gyeongsangnam-do/경남,Changnyeong-gun/창녕군,Goam-myeon/고암면
Gyeongsangnam-do/경남,Changnyeong-gun/창녕군,Gyeseong-myeon/계성면
Gyeongsangnam-do/경남,Changnyeong-gun/창녕군,Ibang-myeon/이방면
Gyeongsangnam-do/경남,Changnyeong-gun/창녕군,Jangma-myeon/장마면
Gyeongsangnam-do/경남,Changnyeong-gun/창녕군,Namji-eup/남지읍
Gyeongsangnam-do/경남,Changnyeong-gun/창녕군,Seongsan-myeon/성산면
Gyeongsangnam-do/경남,Changnyeong-gun/창녕군,Yeongsan-myeon/영산면
Gyeongsangnam-do/경남,Changnyeong-gun/창녕군,Yueo-myeon/유어면
Gyeongsangnam-do/경남,Changwon-si/창원시,Anmin-dong/안민동
Gyeongsangnam-do/경남,Changwon-si/창원시,Bangye-dong/반계동
Gyeongsangnam-do/경남,Changwon-si/창원시,Banji-dong/반지동
Gyeongsangnam-do/경남,Changwon-si/창원시,Banrim-dong/반림동
Gyeongsangnam-do/경남,Changwon-si/창원시,Bansong-dong/반송동
Gyeongsangnam-do/경남,Changwon-si/창원시,Bonggok-dong/봉곡동
Gyeongsangnam-do/경남,Changwon-si/창원시,Bongrim-dong/봉림동
Gyeongsangnam-do/경남,Changwon-si/창원시,Buk-dong/북동
Gyeongsangnam-do/경남,Changwon-si/창원시,Buk-myeon/북면
Gyeongsangnam-do/경남,Changwon-si/창원시,Bulmosan-dong/불모산동
Gyeongsangnam-do/경남,Changwon-si/창원시,Changgok-dong/창곡동
Gyeongsangnam-do/경남,Changwon-si/창원시,Changwonucheguksaseoham/창원우체국사서함
Gyeongsangnam-do/경남,Changwon-si/창원시,Charyong-dong/차룡동
Gyeongsangnam-do/경남,Changwon-si/창원시,Cheonseon-dong/천선동
Gyeongsangnam-do/경남,Changwon-si/창원시,Daebang-dong/대방동
Gyeongsangnam-do/경남,Changwon-si/창원시,Daesan-myeon/대산면
Gyeongsangnam-do/경남,Changwon-si/창원시,Daewon-dong/대원동
Gyeongsangnam-do/경남,Changwon-si/창원시,Deokjeong-dong/덕정동
Gyeongsangnam-do/경남,Changwon-si/창원시,Dogye-dong/도계동
Gyeongsangnam-do/경남,Changwon-si/창원시,Dong-eup/동읍
Gyeongsangnam-do/경남,Changwon-si/창원시,Dongjeong-dong/동정동
Gyeongsangnam-do/경남,Changwon-si/창원시,Dudae-dong/두대동
Gyeongsangnam-do/경남,Changwon-si/창원시,Gaeum-dong/가음동
Gyeongsangnam-do/경남,Changwon-si/창원시,Gaeumjeong-dong/가음정동
Gyeongsangnam-do/경남,Changwon-si/창원시,Gwigok-dong/귀곡동
Gyeongsangnam-do/경남,Changwon-si/창원시,Gwihyeon-dong/귀현동
Gyeongsangnam-do/경남,Changwon-si/창원시,Gwisan-dong/귀산동
Gyeongsangnam-do/경남,Changwon-si/창원시,Jeokhyeon-dong/적현동
Gyeongsangnam-do/경남,Changwon-si/창원시,Jigwi-dong/지귀동
Gyeongsangnam-do/경남,Changwon-si/창원시,Jungang-dong/중앙동
Gyeongsangnam-do/경남,Changwon-si/창원시,Jung-dong/중동
Gyeongsangnam-do/경남,Changwon-si/창원시,Myeonggok-dong/명곡동
Gyeongsangnam-do/경남,Changwon-si/창원시,Myeongseo-dong/명서동
Gyeongsangnam-do/경남,Changwon-si/창원시,Nae-dong/내동
Gyeongsangnam-do/경남,Changwon-si/창원시,Naeri-dong/내리동
Gyeongsangnam-do/경남,Changwon-si/창원시,Namji-dong/남지동
Gyeongsangnam-do/경남,Changwon-si/창원시,Namsan-dong/남산동
Gyeongsangnam-do/경남,Changwon-si/창원시,Namyang-dong/남양동
Gyeongsangnam-do/경남,Changwon-si/창원시,Oe-dong/외동
Gyeongsangnam-do/경남,Changwon-si/창원시,Paryong-dong/팔용동
Gyeongsangnam-do/경남,Changwon-si/창원시,Sahwa-dong/사화동
Gyeongsangnam-do/경남,Changwon-si/창원시,Samdong-dong/삼동동
Gyeongsangnam-do/경남,Changwon-si/창원시,Samjeongja-dong/삼정자동
Gyeongsangnam-do/경남,Changwon-si/창원시,Sangbok-dong/상복동
Gyeongsangnam-do/경남,Changwon-si/창원시,Sangnam-dong/상남동
Gyeongsangnam-do/경남,Changwon-si/창원시,Sapa-dong/사파동
Gyeongsangnam-do/경남,Changwon-si/창원시,Sapajeong-dong/사파정동
Gyeongsangnam-do/경남,Changwon-si/창원시,Sarim-dong/사림동
Gyeongsangnam-do/경남,Changwon-si/창원시,Seogok-dong/서곡동
Gyeongsangnam-do/경남,Changwon-si/창원시,Seongju-dong/성주동
Gyeongsangnam-do/경남,Changwon-si/창원시,Seongsan-dong/성산동
Gyeongsangnam-do/경남,Changwon-si/창원시,Seosang-dong/서상동
Gyeongsangnam-do/경남,Changwon-si/창원시,Sinchon-dong/신촌동
Gyeongsangnam-do/경남,Changwon-si/창원시,Sinwol-dong/신월동
Gyeongsangnam-do/경남,Changwon-si/창원시,Sodap-dong/소답동
Gyeongsangnam-do/경남,Changwon-si/창원시,Sogye-dong/소계동
Gyeongsangnam-do/경남,Changwon-si/창원시,Toechon-dong/퇴촌동
Gyeongsangnam-do/경남,Changwon-si/창원시,Towol-dong/토월동
Gyeongsangnam-do/경남,Changwon-si/창원시,Ungnam-dong/웅남동
Gyeongsangnam-do/경남,Changwon-si/창원시,Wanam-dong/완암동
Gyeongsangnam-do/경남,Changwon-si/창원시,Wollim-dong/월림동
Gyeongsangnam-do/경남,Changwon-si/창원시,Yanggok-dong/양곡동
Gyeongsangnam-do/경남,Changwon-si/창원시,Yong-dong/용동
Gyeongsangnam-do/경남,Changwon-si/창원시,Yongho-dong/용호동
Gyeongsangnam-do/경남,Changwon-si/창원시,Yongji-dong/용지동
Gyeongsangnam-do/경남,Geochang-gun/거창군,Buksang-myeon/북상면
Gyeongsangnam-do/경남,Geochang-gun/거창군,Gabuk-myeon/가북면
Gyeongsangnam-do/경남,Geochang-gun/거창군,Gajo-myeon/가조면
Gyeongsangnam-do/경남,Geochang-gun/거창군,Geochang-eup/거창읍
Gyeongsangnam-do/경남,Geochang-gun/거창군,Goje-myeon/고제면
Gyeongsangnam-do/경남,Geochang-gun/거창군,Jusang-myeon/주상면
Gyeongsangnam-do/경남,Geochang-gun/거창군,Mari-myeon/마리면
Gyeongsangnam-do/경남,Geochang-gun/거창군,Namha-myeon/남하면
Gyeongsangnam-do/경남,Geochang-gun/거창군,Namsang-myeon/남상면
Gyeongsangnam-do/경남,Geochang-gun/거창군,Sinwon-myeon/신원면
Gyeongsangnam-do/경남,Geochang-gun/거창군,Ungyang-myeon/웅양면
Gyeongsangnam-do/경남,Geochang-gun/거창군,Wicheon-myeon/위천면
Gyeongsangnam-do/경남,Geoje-si/거제시,Aju-dong/아주동
Gyeongsangnam-do/경남,Geoje-si/거제시,Ayang-dong/아양동
Gyeongsangnam-do/경남,Geoje-si/거제시,Deokpo-dong/덕포동
Gyeongsangnam-do/경남,Geoje-si/거제시,Dongbu-myeon/동부면
Gyeongsangnam-do/경남,Geoje-si/거제시,Dumo-dong/두모동
Gyeongsangnam-do/경남,Geoje-si/거제시,Dundeok-myeon/둔덕면
Gyeongsangnam-do/경남,Geoje-si/거제시,Geoje-myeon/거제면
Gyeongsangnam-do/경남,Geoje-si/거제시,Gohyeon-dong/고현동
Gyeongsangnam-do/경남,Geoje-si/거제시,Hacheong-myeon/하청면
Gyeongsangnam-do/경남,Geoje-si/거제시,Irun-myeon/일운면
Gyeongsangnam-do/경남,Geoje-si/거제시,Jangmok-myeon/장목면
Gyeongsangnam-do/경남,Geoje-si/거제시,Jangpyeong-dong/장평동
Gyeongsangnam-do/경남,Geoje-si/거제시,Jangseungpo-dong/장승포동
Gyeongsangnam-do/경남,Geoje-si/거제시,Jangseungpoucheguksaseoham/장승포우체국사서함
Gyeongsangnam-do/경남,Geoje-si/거제시,Majeon-dong/마전동
Gyeongsangnam-do/경남,Geoje-si/거제시,Mundong-dong/문동동
Gyeongsangnam-do/경남,Geoje-si/거제시,Nambu-myeon/남부면
Gyeongsangnam-do/경남,Geoje-si/거제시,Neungpo-dong/능포동
Gyeongsangnam-do/경남,Geoje-si/거제시,Okpo 1(il)-dong/옥포1동
Gyeongsangnam-do/경남,Geoje-si/거제시,Okpo 2(i)-dong/옥포2동
Gyeongsangnam-do/경남,Geoje-si/거제시,Okpo-dong/옥포동
Gyeongsangnam-do/경남,Geoje-si/거제시,Sadeung-myeon/사등면
Gyeongsangnam-do/경남,Geoje-si/거제시,Samgeo-dong/삼거동
Gyeongsangnam-do/경남,Geoje-si/거제시,Sangdong-dong/상동동
Gyeongsangnam-do/경남,Geoje-si/거제시,Suwol-dong/수월동
Gyeongsangnam-do/경남,Geoje-si/거제시,Yangjeong-dong/양정동
Gyeongsangnam-do/경남,Geoje-si/거제시,Yeoncho-myeon/연초면
Gyeongsangnam-do/경남,Gimhae-si/김해시,An-dong/안동
Gyeongsangnam-do/경남,Gimhae-si/김해시,Bonghwang-dong/봉황동
Gyeongsangnam-do/경남,Gimhae-si/김해시,Buram-dong/불암동
Gyeongsangnam-do/경남,Gimhae-si/김해시,Buwon-dong/부원동
Gyeongsangnam-do/경남,Gimhae-si/김해시,Daedong-myeon/대동면
Gyeongsangnam-do/경남,Gimhae-si/김해시,Daeseong-dong/대성동
Gyeongsangnam-do/경남,Gimhae-si/김해시,Dongsang-dong/동상동
Gyeongsangnam-do/경남,Gimhae-si/김해시,Eobang-dong/어방동
Gyeongsangnam-do/경남,Gimhae-si/김해시,Gang-dong/강동
Gyeongsangnam-do/경남,Gimhae-si/김해시,Gimhaeucheguksaseoham/김해우체국사서함
Gyeongsangnam-do/경남,Gimhae-si/김해시,Gusan-dong/구산동
Gyeongsangnam-do/경남,Gimhae-si/김해시,Hanrim-myeon/한림면
Gyeongsangnam-do/경남,Gimhae-si/김해시,Heung-dong/흥동
Gyeongsangnam-do/경남,Gimhae-si/김해시,Hwamok-dong/화목동
Gyeongsangnam-do/경남,Gimhae-si/김해시,I-dong/이동
Gyeongsangnam-do/경남,Gimhae-si/김해시,Jangyu-myeon/장유면
Gyeongsangnam-do/경남,Gimhae-si/김해시,Jeonha-dong/전하동
Gyeongsangnam-do/경남,Gimhae-si/김해시,Jinae-dong/지내동
Gyeongsangnam-do/경남,Gimhae-si/김해시,Jinrye-myeon/진례면
Gyeongsangnam-do/경남,Gimhae-si/김해시,Jinyeong-eup/진영읍
Gyeongsangnam-do/경남,Gimhae-si/김해시,Juchon-myeon/주촌면
Gyeongsangnam-do/경남,Gimhae-si/김해시,Myeongbeop-dong/명법동
Gyeongsangnam-do/경남,Gimhae-si/김해시,Nae-dong/내동
Gyeongsangnam-do/경남,Gimhae-si/김해시,Oe-dong/외동
Gyeongsangnam-do/경남,Gimhae-si/김해시,Pungyu-dong/풍유동
Gyeongsangnam-do/경남,Gimhae-si/김해시,Saengrim-myeon/생림면
Gyeongsangnam-do/경남,Gimhae-si/김해시,Sambang-dong/삼방동
Gyeongsangnam-do/경남,Gimhae-si/김해시,Samgye-dong/삼계동
Gyeongsangnam-do/경남,Gimhae-si/김해시,Samjeong-dong/삼정동
Gyeongsangnam-do/경남,Gimhae-si/김해시,Sangdong-myeon/상동면
Gyeongsangnam-do/경남,Gimhae-si/김해시,Seosang-dong/서상동
Gyeongsangnam-do/경남,Goseong-gun/고성군,Daega-myeon/대가면
Gyeongsangnam-do/경남,Goseong-gun/고성군,Donghae-myeon/동해면
Gyeongsangnam-do/경남,Goseong-gun/고성군,Gaecheon-myeon/개천면
Gyeongsangnam-do/경남,Goseong-gun/고성군,Ganseong-eup/간성읍
Gyeongsangnam-do/경남,Goseong-gun/고성군,Geojin-eup/거진읍
Gyeongsangnam-do/경남,Goseong-gun/고성군,Georyu-myeon/거류면
Gyeongsangnam-do/경남,Goseong-gun/고성군,Goseong-eup/고성읍
Gyeongsangnam-do/경남,Goseong-gun/고성군,Guman-myeon/구만면
Gyeongsangnam-do/경남,Goseong-gun/고성군,Hail-myeon/하일면
Gyeongsangnam-do/경남,Goseong-gun/고성군,Hai-myeon/하이면
Gyeongsangnam-do/경남,Goseong-gun/고성군,Hoehwa-myeon/회화면
Gyeongsangnam-do/경남,Goseong-gun/고성군,Hyeonnae-myeon/현내면
Gyeongsangnam-do/경남,Goseong-gun/고성군,Jugwang-myeon/죽왕면
Gyeongsangnam-do/경남,Goseong-gun/고성군,Maam-myeon/마암면
Gyeongsangnam-do/경남,Goseong-gun/고성군,Samsan-myeon/삼산면
Gyeongsangnam-do/경남,Goseong-gun/고성군,Sangri-myeon/상리면
Gyeongsangnam-do/경남,Goseong-gun/고성군,Toseong-myeon/토성면
Gyeongsangnam-do/경남,Goseong-gun/고성군,Yeonghyeon-myeon/영현면
Gyeongsangnam-do/경남,Goseong-gun/고성군,Yeongo-myeon/영오면
Gyeongsangnam-do/경남,Hadong-gun/하동군,Agyang-myeon/악양면
Gyeongsangnam-do/경남,Hadong-gun/하동군,Bukcheon-myeon/북천면
Gyeongsangnam-do/경남,Hadong-gun/하동군,Cheongam-myeon/청암면
Gyeongsangnam-do/경남,Hadong-gun/하동군,Geumnam-myeon/금남면
Gyeongsangnam-do/경남,Hadong-gun/하동군,Geumseong-myeon/금성면
Gyeongsangnam-do/경남,Hadong-gun/하동군,Gojeon-myeon/고전면
Gyeongsangnam-do/경남,Hadong-gun/하동군,Hadong-eup/하동읍
Gyeongsangnam-do/경남,Hadong-gun/하동군,Hoengcheon-myeon/횡천면
Gyeongsangnam-do/경남,Hadong-gun/하동군,Hwagae-myeon/화개면
Gyeongsangnam-do/경남,Hadong-gun/하동군,Jeokryang-myeon/적량면
Gyeongsangnam-do/경남,Hadong-gun/하동군,Jingyo-myeon/진교면
Gyeongsangnam-do/경남,Hadong-gun/하동군,Okjong-myeon/옥종면
Gyeongsangnam-do/경남,Hadong-gun/하동군,Yangbo-myeon/양보면
Gyeongsangnam-do/경남,Haman-gun/함안군,Beopsu-myeon/법수면
Gyeongsangnam-do/경남,Haman-gun/함안군,Chilbuk-myeon/칠북면
Gyeongsangnam-do/경남,Haman-gun/함안군,Chilseo-myeon/칠서면
Gyeongsangnam-do/경남,Haman-gun/함안군,Chirwon-myeon/칠원면
Gyeongsangnam-do/경남,Haman-gun/함안군,Daesan-myeon/대산면
Gyeongsangnam-do/경남,Haman-gun/함안군,Gaya-eup/가야읍
Gyeongsangnam-do/경남,Haman-gun/함안군,Gunbuk-myeon/군북면
Gyeongsangnam-do/경남,Haman-gun/함안군,Haman-myeon/함안면
Gyeongsangnam-do/경남,Haman-gun/함안군,Sanin-myeon/산인면
Gyeongsangnam-do/경남,Haman-gun/함안군,Yeohang-myeon/여항면
Gyeongsangnam-do/경남,Hamyang-gun/함양군,Anui-myeon/안의면
Gyeongsangnam-do/경남,Hamyang-gun/함양군,Baekjeon-myeon/백전면
Gyeongsangnam-do/경남,Hamyang-gun/함양군,Byeonggok-myeon/병곡면
Gyeongsangnam-do/경남,Hamyang-gun/함양군,Hamyang-eup/함양읍
Gyeongsangnam-do/경남,Hamyang-gun/함양군,Hyucheon-myeon/휴천면
Gyeongsangnam-do/경남,Hamyang-gun/함양군,Jigok-myeon/지곡면
Gyeongsangnam-do/경남,Hamyang-gun/함양군,Macheon-myeon/마천면
Gyeongsangnam-do/경남,Hamyang-gun/함양군,Seoha-myeon/서하면
Gyeongsangnam-do/경남,Hamyang-gun/함양군,Seosang-myeon/서상면
Gyeongsangnam-do/경남,Hamyang-gun/함양군,Sudong-myeon/수동면
Gyeongsangnam-do/경남,Hamyang-gun/함양군,Yurim-myeon/유림면
Gyeongsangnam-do/경남,Hapcheon-gun/합천군,Bongsan-myeon/봉산면
Gyeongsangnam-do/경남,Hapcheon-gun/합천군,Cheongdeok-myeon/청덕면
Gyeongsangnam-do/경남,Hapcheon-gun/합천군,Chogye-myeon/초계면
Gyeongsangnam-do/경남,Hapcheon-gun/합천군,Daebyeong-myeon/대병면
Gyeongsangnam-do/경남,Hapcheon-gun/합천군,Daeyang-myeon/대양면
Gyeongsangnam-do/경남,Hapcheon-gun/합천군,Deokgok-myeon/덕곡면
Gyeongsangnam-do/경남,Hapcheon-gun/합천군,Gahoe-myeon/가회면
Gyeongsangnam-do/경남,Hapcheon-gun/합천군,Gaya-myeon/가야면
Gyeongsangnam-do/경남,Hapcheon-gun/합천군,Hapcheon-eup/합천읍
Gyeongsangnam-do/경남,Hapcheon-gun/합천군,Jeokjung-myeon/적중면
Gyeongsangnam-do/경남,Hapcheon-gun/합천군,Myosan-myeon/묘산면
Gyeongsangnam-do/경남,Hapcheon-gun/합천군,Samga-myeon/삼가면
Gyeongsangnam-do/경남,Hapcheon-gun/합천군,Ssangbaek-myeon/쌍백면
Gyeongsangnam-do/경남,Hapcheon-gun/합천군,Ssangchaek-myeon/쌍책면
Gyeongsangnam-do/경남,Hapcheon-gun/합천군,Yaro-myeon/야로면
Gyeongsangnam-do/경남,Hapcheon-gun/합천군,Yongju-myeon/용주면
Gyeongsangnam-do/경남,Hapcheon-gun/합천군,Yulgok-myeon/율곡면
Gyeongsangnam-do/경남,Jinhae-si/진해시,Aenggok-dong/앵곡동
Gyeongsangnam-do/경남,Jinhae-si/진해시,Angok-dong/안곡동
Gyeongsangnam-do/경남,Jinhae-si/진해시,Angol-dong/안골동
Gyeongsangnam-do/경남,Jinhae-si/진해시,Bibong-dong/비봉동
Gyeongsangnam-do/경남,Jinhae-si/진해시,Buheung-dong/부흥동
Gyeongsangnam-do/경남,Jinhae-si/진해시,Bukbu-dong/북부동
Gyeongsangnam-do/경남,Jinhae-si/진해시,Changseon-dong/창선동
Gyeongsangnam-do/경남,Jinhae-si/진해시,Cheongan-dong/청안동
Gyeongsangnam-do/경남,Jinhae-si/진해시,Chungmu-dong/충무동
Gyeongsangnam-do/경남,Jinhae-si/진해시,Chungui-dong/충의동
Gyeongsangnam-do/경남,Jinhae-si/진해시,Daecheon-dong/대천동
Gyeongsangnam-do/경남,Jinhae-si/진해시,Daeheung-dong/대흥동
Gyeongsangnam-do/경남,Jinhae-si/진해시,Daejang-dong/대장동
Gyeongsangnam-do/경남,Jinhae-si/진해시,Daejuk-dong/대죽동
Gyeongsangnam-do/경남,Jinhae-si/진해시,Daeyeong-dong/대영동
Gyeongsangnam-do/경남,Jinhae-si/진해시,Deoksan-dong/덕산동
Gyeongsangnam-do/경남,Jinhae-si/진해시,Docheon-dong/도천동
Gyeongsangnam-do/경남,Jinhae-si/진해시,Doman-dong/도만동
Gyeongsangnam-do/경남,Jinhae-si/진해시,Dongsang-dong/동상동
Gyeongsangnam-do/경남,Jinhae-si/진해시,Du-dong/두동
Gyeongsangnam-do/경남,Jinhae-si/진해시,Gaju-dong/가주동
Gyeongsangnam-do/경남,Jinhae-si/진해시,Geunhwa-dong/근화동
Gyeongsangnam-do/경남,Jinhae-si/진해시,Gwanghwa-dong/광화동
Gyeongsangnam-do/경남,Jinhae-si/진해시,Gyeonghwa-dong/경화동
Gyeongsangnam-do/경남,Jinhae-si/진해시,Haengam-dong/행암동
Gyeongsangnam-do/경남,Jinhae-si/진해시,Hoehyeon-dong/회현동
Gyeongsangnam-do/경남,Jinhae-si/진해시,Hwacheon-dong/화천동
Gyeongsangnam-do/경남,Jinhae-si/진해시,Hyeon-dong/현동
Gyeongsangnam-do/경남,Jinhae-si/진해시,I-dong/이동
Gyeongsangnam-do/경남,Jinhae-si/진해시,Ikseon-dong/익선동
Gyeongsangnam-do/경남,Jinhae-si/진해시,Insa-dong/인사동
Gyeongsangnam-do/경남,Jinhae-si/진해시,Inui-dong/인의동
Gyeongsangnam-do/경남,Jinhae-si/진해시,Jaeun-dong/자은동
Gyeongsangnam-do/경남,Jinhae-si/진해시,Jangcheon-dong/장천동
Gyeongsangnam-do/경남,Jinhae-si/진해시,Jedeok-dong/제덕동
Gyeongsangnam-do/경남,Jinhae-si/진해시,Jehwangsan-dong/제황산동
Gyeongsangnam-do/경남,Jinhae-si/진해시,Jinhaeucheguksaseoham/진해우체국사서함
Gyeongsangnam-do/경남,Jinhae-si/진해시,Jukgok-dong/죽곡동
Gyeongsangnam-do/경남,Jinhae-si/진해시,Jungang-dong/중앙동
Gyeongsangnam-do/경남,Jinhae-si/진해시,Jungpyeong-dong/중평동
Gyeongsangnam-do/경남,Jinhae-si/진해시,Macheon-dong/마천동
Gyeongsangnam-do/경남,Jinhae-si/진해시,Musong-dong/무송동
Gyeongsangnam-do/경남,Jinhae-si/진해시,Myeong-dong/명동
Gyeongsangnam-do/경남,Jinhae-si/진해시,Nambin-dong/남빈동
Gyeongsangnam-do/경남,Jinhae-si/진해시,Nammun-dong/남문동
Gyeongsangnam-do/경남,Jinhae-si/진해시,Namyang-dong/남양동
Gyeongsangnam-do/경남,Jinhae-si/진해시,Pungho-dong/풍호동
Gyeongsangnam-do/경남,Jinhae-si/진해시,Pyeongan-dong/평안동
Gyeongsangnam-do/경남,Jinhae-si/진해시,Seojung-dong/서중동
Gyeongsangnam-do/경남,Jinhae-si/진해시,Seok-dong/석동
Gyeongsangnam-do/경남,Jinhae-si/진해시,Seongnae-dong/성내동
Gyeongsangnam-do/경남,Jinhae-si/진해시,Sinheung-dong/신흥동
Gyeongsangnam-do/경남,Jinhae-si/진해시,Sokcheon-dong/속천동
Gyeongsangnam-do/경남,Jinhae-si/진해시,Songhak-dong/송학동
Gyeongsangnam-do/경남,Jinhae-si/진해시,Songjuk-dong/송죽동
Gyeongsangnam-do/경남,Jinhae-si/진해시,Sosa-dong/소사동
Gyeongsangnam-do/경남,Jinhae-si/진해시,Sudo-dong/수도동
Gyeongsangnam-do/경남,Jinhae-si/진해시,Sungin-dong/숭인동
Gyeongsangnam-do/경남,Jinhae-si/진해시,Susong-dong/수송동
Gyeongsangnam-do/경남,Jinhae-si/진해시,Taebaek-dong/태백동
Gyeongsangnam-do/경남,Jinhae-si/진해시,Taepyeong-dong/태평동
Gyeongsangnam-do/경남,Jinhae-si/진해시,Tongsin-dong/통신동
Gyeongsangnam-do/경남,Jinhae-si/진해시,Wonpo-dong/원포동
Gyeongsangnam-do/경남,Jinhae-si/진해시,Yeojwa-dong/여좌동
Gyeongsangnam-do/경남,Jinhae-si/진해시,Yeondo-dong/연도동
Gyeongsangnam-do/경남,Jinhae-si/진해시,Yongwon-dong/용원동
Gyeongsangnam-do/경남,Jinju-si/진주시,Bonggok-dong/봉곡동
Gyeongsangnam-do/경남,Jinju-si/진주시,Bongrae-dong/봉래동
Gyeongsangnam-do/경남,Jinju-si/진주시,Bonseong-dong/본성동
Gyeongsangnam-do/경남,Jinju-si/진주시,Chiram-dong/칠암동
Gyeongsangnam-do/경남,Jinju-si/진주시,Chojeon-dong/초전동
Gyeongsangnam-do/경남,Jinju-si/진주시,Daean-dong/대안동
Gyeongsangnam-do/경남,Jinju-si/진주시,Daegok-myeon/대곡면
Gyeongsangnam-do/경남,Jinju-si/진주시,Daepyeong-myeon/대평면
Gyeongsangnam-do/경남,Jinju-si/진주시,Dongseong-dong/동성동
Gyeongsangnam-do/경남,Jinju-si/진주시,Gajwa-dong/가좌동
Gyeongsangnam-do/경남,Jinju-si/진주시,Gangnam-dong/강남동
Gyeongsangnam-do/경남,Jinju-si/진주시,Geumgok-myeon/금곡면
Gyeongsangnam-do/경남,Jinju-si/진주시,Geumsan-myeon/금산면
Gyeongsangnam-do/경남,Jinju-si/진주시,Gwigok-dong/귀곡동
Gyeongsangnam-do/경남,Jinju-si/진주시,Gye-dong/계동
Gyeongsangnam-do/경남,Jinju-si/진주시,Hachon-dong/하촌동
Gyeongsangnam-do/경남,Jinju-si/진주시,Hadae 1(il)-dong/하대1동
Gyeongsangnam-do/경남,Jinju-si/진주시,Hadae 2(i)-dong/하대2동
Gyeongsangnam-do/경남,Jinju-si/진주시,Hadae-dong/하대동
Gyeongsangnam-do/경남,Jinju-si/진주시,Hotan-dong/호탄동
Gyeongsangnam-do/경남,Jinju-si/진주시,Ibanseong-myeon/이반성면
Gyeongsangnam-do/경남,Jinju-si/진주시,Ihyeon-dong/이현동
Gyeongsangnam-do/경남,Jinju-si/진주시,Ilbanseong-myeon/일반성면
Gyeongsangnam-do/경남,Jinju-si/진주시,Insa-dong/인사동
Gyeongsangnam-do/경남,Jinju-si/진주시,Jangdae-dong/장대동
Gyeongsangnam-do/경남,Jinju-si/진주시,Jangjae-dong/장재동
Gyeongsangnam-do/경남,Jinju-si/진주시,Jeongchon-myeon/정촌면
Gyeongsangnam-do/경남,Jinju-si/진주시,Jinjuucheguksaseoham/진주우체국사서함
Gyeongsangnam-do/경남,Jinju-si/진주시,Jinseong-myeon/진성면
Gyeongsangnam-do/경남,Jinju-si/진주시,Jiphyeon-myeon/집현면
Gyeongsangnam-do/경남,Jinju-si/진주시,Jisu-myeon/지수면
Gyeongsangnam-do/경남,Jinju-si/진주시,Jungan-dong/중안동
Gyeongsangnam-do/경남,Jinju-si/진주시,Juyak-dong/주약동
Gyeongsangnam-do/경남,Jinju-si/진주시,Manggyeong-dong/망경동
Gyeongsangnam-do/경남,Jinju-si/진주시,Micheon-myeon/미천면
Gyeongsangnam-do/경남,Jinju-si/진주시,Munsan-eup/문산읍
Gyeongsangnam-do/경남,Jinju-si/진주시,Myeongseok-myeon/명석면
Gyeongsangnam-do/경남,Jinju-si/진주시,Naedong-myeon/내동면
Gyeongsangnam-do/경남,Jinju-si/진주시,Namseong-dong/남성동
Gyeongsangnam-do/경남,Jinju-si/진주시,Okbong-dong/옥봉동
Gyeongsangnam-do/경남,Jinju-si/진주시,Panmun-dong/판문동
Gyeongsangnam-do/경남,Jinju-si/진주시,Pyeongan-dong/평안동
Gyeongsangnam-do/경남,Jinju-si/진주시,Pyeonggeo-dong/평거동
Gyeongsangnam-do/경남,Jinju-si/진주시,Sabong-myeon/사봉면
Gyeongsangnam-do/경남,Jinju-si/진주시,Sangbong-dong/상봉동
Gyeongsangnam-do/경남,Jinju-si/진주시,Sangbongdong-dong/상봉동동
Gyeongsangnam-do/경남,Jinju-si/진주시,Sangbongseo-dong/상봉서동
Gyeongsangnam-do/경남,Jinju-si/진주시,Sangdae 1(il)-dong/상대1동
Gyeongsangnam-do/경남,Jinju-si/진주시,Sangdae 2(i)-dong/상대2동
Gyeongsangnam-do/경남,Jinju-si/진주시,Sangdae-dong/상대동
Gyeongsangnam-do/경남,Jinju-si/진주시,Sangpyeong-dong/상평동
Gyeongsangnam-do/경남,Jinju-si/진주시,Sinan-dong/신안동
Gyeongsangnam-do/경남,Jinju-si/진주시,Sugok-myeon/수곡면
Gyeongsangnam-do/경남,Jinju-si/진주시,Sujeong-dong/수정동
Gyeongsangnam-do/경남,Jinju-si/진주시,Yugok-dong/유곡동
Gyeongsangnam-do/경남,Masan-si/마산시,Banwol-dong/반월동
Gyeongsangnam-do/경남,Masan-si/마산시,Bongam-dong/봉암동
Gyeongsangnam-do/경남,Masan-si/마산시,Burim-dong/부림동
Gyeongsangnam-do/경남,Masan-si/마산시,Chang-dong/창동
Gyeongsangnam-do/경남,Masan-si/마산시,Changpodong 1(il)-ga/창포동1가
Gyeongsangnam-do/경남,Masan-si/마산시,Changpodong 2(i)-ga/창포동2가
Gyeongsangnam-do/경남,Masan-si/마산시,Changpodong 3(sam)-ga/창포동3가
Gyeongsangnam-do/경남,Masan-si/마산시,Cheonggye-dong/청계동
Gyeongsangnam-do/경남,Masan-si/마산시,Chusan-dong/추산동
Gyeongsangnam-do/경남,Masan-si/마산시,Daechang-dong/대창동
Gyeongsangnam-do/경남,Masan-si/마산시,Daenae-dong/대내동
Gyeongsangnam-do/경남,Masan-si/마산시,Daeoe-dong/대외동
Gyeongsangnam-do/경남,Masan-si/마산시,Daeseongdong 1(il)-ga/대성동1가
Gyeongsangnam-do/경남,Masan-si/마산시,Daeseongdong 2(i)-ga/대성동2가
Gyeongsangnam-do/경남,Masan-si/마산시,Deokdong-dong/덕동동
Gyeongsangnam-do/경남,Masan-si/마산시,Dongseong-dong/동성동
Gyeongsangnam-do/경남,Masan-si/마산시,Ducheok-dong/두척동
Gyeongsangnam-do/경남,Masan-si/마산시,Duwoldong 1(il)-ga/두월동1가
Gyeongsangnam-do/경남,Masan-si/마산시,Duwoldong 2(i)-ga/두월동2가
Gyeongsangnam-do/경남,Masan-si/마산시,Duwoldong 3(sam)-ga/두월동3가
Gyeongsangnam-do/경남,Masan-si/마산시,Gapo-dong/가포동
Gyeongsangnam-do/경남,Masan-si/마산시,Guam 1(il)-dong/구암1동
Gyeongsangnam-do/경남,Masan-si/마산시,Guam 2(i)-dong/구암2동
Gyeongsangnam-do/경남,Masan-si/마산시,Guam-dong/구암동
Gyeongsangnam-do/경남,Masan-si/마산시,Gusan-myeon/구산면
Gyeongsangnam-do/경남,Masan-si/마산시,Gyobang-dong/교방동
Gyeongsangnam-do/경남,Masan-si/마산시,Gyowon-dong/교원동
Gyeongsangnam-do/경남,Masan-si/마산시,Haeun-dong/해운동
Gyeongsangnam-do/경남,Masan-si/마산시,Hapseong 1(il)-dong/합성1동
Gyeongsangnam-do/경남,Masan-si/마산시,Hapseong 2(i)-dong/합성2동
Gyeongsangnam-do/경남,Masan-si/마산시,Hapseong-dong/합성동
Gyeongsangnam-do/경남,Masan-si/마산시,Hoeseong-dong/회성동
Gyeongsangnam-do/경남,Masan-si/마산시,Hoewon 1(il)-dong/회원1동
Gyeongsangnam-do/경남,Masan-si/마산시,Hoewon 2(i)-dong/회원2동
Gyeongsangnam-do/경남,Masan-si/마산시,Hoewon-dong/회원동
Gyeongsangnam-do/경남,Masan-si/마산시,Hongmun-dong/홍문동
Gyeongsangnam-do/경남,Masan-si/마산시,Hwayeong-dong/화영동
Gyeongsangnam-do/경남,Masan-si/마산시,Hyeon-dong/현동
Gyeongsangnam-do/경남,Masan-si/마산시,Janggundong 1(il)-ga/장군동1가
Gyeongsangnam-do/경남,Masan-si/마산시,Janggundong 2(i)-ga/장군동2가
Gyeongsangnam-do/경남,Masan-si/마산시,Janggundong 3(sam)-ga/장군동3가
Gyeongsangnam-do/경남,Masan-si/마산시,Janggundong 4(sa)-ga/장군동4가
Gyeongsangnam-do/경남,Masan-si/마산시,Janggundong 5(o)-ga/장군동5가
Gyeongsangnam-do/경남,Masan-si/마산시,Jasan-dong/자산동
Gyeongsangnam-do/경남,Masan-si/마산시,Jinbuk-myeon/진북면
Gyeongsangnam-do/경남,Masan-si/마산시,Jindong-myeon/진동면
Gyeongsangnam-do/경남,Masan-si/마산시,Jinjeon-myeon/진전면
Gyeongsangnam-do/경남,Masan-si/마산시,Jungangdong 1(il)-ga/중앙동1가
Gyeongsangnam-do/경남,Masan-si/마산시,Jungangdong 2(i)-ga/중앙동2가
Gyeongsangnam-do/경남,Masan-si/마산시,Jungangdong 3(sam)-ga/중앙동3가
Gyeongsangnam-do/경남,Masan-si/마산시,Jungseong-dong/중성동
Gyeongsangnam-do/경남,Masan-si/마산시,Masanhappoucheguksaseoham/마산합포우체국사서함
Gyeongsangnam-do/경남,Masan-si/마산시,Masansuchuljiyeogucheguksaseoham/마산수출지역우체국사서함
Gyeongsangnam-do/경남,Masan-si/마산시,Masanucheguksaseoham/마산우체국사서함
Gyeongsangnam-do/경남,Masan-si/마산시,Munhwa-dong/문화동
Gyeongsangnam-do/경남,Masan-si/마산시,Naeseo-eup/내서읍
Gyeongsangnam-do/경남,Masan-si/마산시,Namseong-dong/남성동
Gyeongsangnam-do/경남,Masan-si/마산시,Odong-dong/오동동
Gyeongsangnam-do/경남,Masan-si/마산시,Pyeonghwa-dong/평화동
Gyeongsangnam-do/경남,Masan-si/마산시,Sangnam 1(il)-dong/상남1동
Gyeongsangnam-do/경남,Masan-si/마산시,Sangnam 2(i)-dong/상남2동
Gyeongsangnam-do/경남,Masan-si/마산시,Sangnam-dong/상남동
Gyeongsangnam-do/경남,Masan-si/마산시,Sanho-dong/산호동
Gyeongsangnam-do/경남,Masan-si/마산시,Seokjeon 1(il)-dong/석전1동
Gyeongsangnam-do/경남,Masan-si/마산시,Seokjeon 2(i)-dong/석전2동
Gyeongsangnam-do/경남,Masan-si/마산시,Seokjeon-dong/석전동
Gyeongsangnam-do/경남,Masan-si/마산시,Seongho-dong/성호동
Gyeongsangnam-do/경남,Masan-si/마산시,Seoseong-dong/서성동
Gyeongsangnam-do/경남,Masan-si/마산시,Sinchang-dong/신창동
Gyeongsangnam-do/경남,Masan-si/마산시,Sinheung-dong/신흥동
Gyeongsangnam-do/경남,Masan-si/마산시,Sinpodong 1(il)-ga/신포동1가
Gyeongsangnam-do/경남,Masan-si/마산시,Sinpodong 2(i)-ga/신포동2가
Gyeongsangnam-do/경남,Masan-si/마산시,Sinwol-dong/신월동
Gyeongsangnam-do/경남,Masan-si/마산시,Suseong-dong/수성동
Gyeongsangnam-do/경남,Masan-si/마산시,Usan-dong/우산동
Gyeongsangnam-do/경남,Masan-si/마산시,Wanwol-dong/완월동
Gyeongsangnam-do/경남,Masan-si/마산시,Wolnamdong 1(il)-ga/월남동1가
Gyeongsangnam-do/경남,Masan-si/마산시,Wolnamdong 2(i)-ga/월남동2가
Gyeongsangnam-do/경남,Masan-si/마산시,Wolnamdong 3(sam)-ga/월남동3가
Gyeongsangnam-do/경남,Masan-si/마산시,Wolnamdong 4(sa)-ga/월남동4가
Gyeongsangnam-do/경남,Masan-si/마산시,Wolnamdong 5(o)-ga/월남동5가
Gyeongsangnam-do/경남,Masan-si/마산시,Wolpo-dong/월포동
Gyeongsangnam-do/경남,Masan-si/마산시,Woryeong 1(il)-dong/월영1동
Gyeongsangnam-do/경남,Masan-si/마산시,Woryeong 2(i)-dong/월영2동
Gyeongsangnam-do/경남,Masan-si/마산시,Woryeong-dong/월영동
Gyeongsangnam-do/경남,Masan-si/마산시,Yangdeog 1(il)-dong/양덕1동
Gyeongsangnam-do/경남,Masan-si/마산시,Yangdeog 2(i)-dong/양덕2동
Gyeongsangnam-do/경남,Masan-si/마산시,Yangdeok-dong/양덕동
Gyeongsangnam-do/경남,Masan-si/마산시,Yegok-dong/예곡동
Gyeongsangnam-do/경남,Masan-si/마산시,Yurok-dong/유록동
Gyeongsangnam-do/경남,Miryang-si/밀양시,Bubuk-myeon/부북면
Gyeongsangnam-do/경남,Miryang-si/밀양시,Cheongdo-myeon/청도면
Gyeongsangnam-do/경남,Miryang-si/밀양시,Chodong-myeon/초동면
Gyeongsangnam-do/경남,Miryang-si/밀양시,Danjang-myeon/단장면
Gyeongsangnam-do/경남,Miryang-si/밀양시,Gagok-dong/가곡동
Gyeongsangnam-do/경남,Miryang-si/밀양시,Gyo-dong/교동
Gyeongsangnam-do/경남,Miryang-si/밀양시,Hanam-eup/하남읍
Gyeongsangnam-do/경남,Miryang-si/밀양시,Hwalseong-dong/활성동
Gyeongsangnam-do/경남,Miryang-si/밀양시,Miryangucheguksaseoham/밀양우체국사서함
Gyeongsangnam-do/경남,Miryang-si/밀양시,Muan-myeon/무안면
Gyeongsangnam-do/경남,Miryang-si/밀양시,Naei-dong/내이동
Gyeongsangnam-do/경남,Miryang-si/밀양시,Naeil-dong/내일동
Gyeongsangnam-do/경남,Miryang-si/밀양시,Nampo-dong/남포동
Gyeongsangnam-do/경남,Miryang-si/밀양시,Sammun-dong/삼문동
Gyeongsangnam-do/경남,Miryang-si/밀양시,Samrangjin-eup/삼랑진읍
Gyeongsangnam-do/경남,Miryang-si/밀양시,Sangdong-myeon/상동면
Gyeongsangnam-do/경남,Miryang-si/밀양시,Sangnam-myeon/상남면
Gyeongsangnam-do/경남,Miryang-si/밀양시,Sannae-myeon/산내면
Gyeongsangnam-do/경남,Miryang-si/밀양시,Sanoe-myeon/산외면
Gyeongsangnam-do/경남,Miryang-si/밀양시,Yongpyeong-dong/용평동
Gyeongsangnam-do/경남,Namhae-gun/남해군,Changseon-myeon/창선면
Gyeongsangnam-do/경남,Namhae-gun/남해군,Gohyeon-myeon/고현면
Gyeongsangnam-do/경남,Namhae-gun/남해군,Idong-myeon/이동면
Gyeongsangnam-do/경남,Namhae-gun/남해군,Mijo-myeon/미조면
Gyeongsangnam-do/경남,Namhae-gun/남해군,Namhae-eup/남해읍
Gyeongsangnam-do/경남,Namhae-gun/남해군,Nam-myeon/남면
Gyeongsangnam-do/경남,Namhae-gun/남해군,Samdong-myeon/삼동면
Gyeongsangnam-do/경남,Namhae-gun/남해군,Sangju-myeon/상주면
Gyeongsangnam-do/경남,Namhae-gun/남해군,Seolcheon-myeon/설천면
Gyeongsangnam-do/경남,Namhae-gun/남해군,Seo-myeon/서면
Gyeongsangnam-do/경남,Sacheon-si/사천시,Baekcheon-dong/백천동
Gyeongsangnam-do/경남,Sacheon-si/사천시,Beolli-dong/벌리동
Gyeongsangnam-do/경남,Sacheon-si/사천시,Bongnam-dong/봉남동
Gyeongsangnam-do/경남,Sacheon-si/사천시,Chukdong-myeon/축동면
Gyeongsangnam-do/경남,Sacheon-si/사천시,Daebang-dong/대방동
Gyeongsangnam-do/경남,Sacheon-si/사천시,Daepo-dong/대포동
Gyeongsangnam-do/경남,Sacheon-si/사천시,Dong-dong/동동
Gyeongsangnam-do/경남,Sacheon-si/사천시,Donggeum-dong/동금동
Gyeongsangnam-do/경남,Sacheon-si/사천시,Dongrim-dong/동림동
Gyeongsangnam-do/경남,Sacheon-si/사천시,Gonmyeong-myeon/곤명면
Gyeongsangnam-do/경남,Sacheon-si/사천시,Gonyang-myeon/곤양면
Gyeongsangnam-do/경남,Sacheon-si/사천시,Gungji-dong/궁지동
Gyeongsangnam-do/경남,Sacheon-si/사천시,Hyangchon-dong/향촌동
Gyeongsangnam-do/경남,Sacheon-si/사천시,Igeum-dong/이금동
Gyeongsangnam-do/경남,Sacheon-si/사천시,Ihol-dong/이홀동
Gyeongsangnam-do/경남,Sacheon-si/사천시,Jeongdong-myeon/정동면
Gyeongsangnam-do/경남,Sacheon-si/사천시,Jukrim-dong/죽림동
Gyeongsangnam-do/경남,Sacheon-si/사천시,Jwaryong-dong/좌룡동
Gyeongsangnam-do/경남,Sacheon-si/사천시,Mado-dong/마도동
Gyeongsangnam-do/경남,Sacheon-si/사천시,Neukdo-dong/늑도동
Gyeongsangnam-do/경남,Sacheon-si/사천시,Noryong-dong/노룡동
Gyeongsangnam-do/경남,Sacheon-si/사천시,Sacheon-eup/사천읍
Gyeongsangnam-do/경남,Sacheon-si/사천시,Sadeung-dong/사등동
Gyeongsangnam-do/경남,Sacheon-si/사천시,Samcheonpoucheguksaseoham/삼천포우체국사서함
Gyeongsangnam-do/경남,Sacheon-si/사천시,Sanam-myeon/사남면
Gyeongsangnam-do/경남,Sacheon-si/사천시,Seo-dong/서동
Gyeongsangnam-do/경남,Sacheon-si/사천시,Seogeum-dong/서금동
Gyeongsangnam-do/경남,Sacheon-si/사천시,Seongu-dong/선구동
Gyeongsangnam-do/경남,Sacheon-si/사천시,Seopo-myeon/서포면
Gyeongsangnam-do/경남,Sacheon-si/사천시,Sinbyeok-dong/신벽동
Gyeongsangnam-do/경남,Sacheon-si/사천시,Sinsu-dong/신수동
Gyeongsangnam-do/경남,Sacheon-si/사천시,Siran-dong/실안동
Gyeongsangnam-do/경남,Sacheon-si/사천시,Songpo-dong/송포동
Gyeongsangnam-do/경남,Sacheon-si/사천시,Waryong-dong/와룡동
Gyeongsangnam-do/경남,Sacheon-si/사천시,Yonggang-dong/용강동
Gyeongsangnam-do/경남,Sacheon-si/사천시,Yonghyeon-myeon/용현면
Gyeongsangnam-do/경남,Sancheong-gun/산청군,Chahwang-myeon/차황면
Gyeongsangnam-do/경남,Sancheong-gun/산청군,Danseong-myeon/단성면
Gyeongsangnam-do/경남,Sancheong-gun/산청군,Geumseo-myeon/금서면
Gyeongsangnam-do/경남,Sancheong-gun/산청군,Obu-myeon/오부면
Gyeongsangnam-do/경남,Sancheong-gun/산청군,Saengbiryang-myeon/생비량면
Gyeongsangnam-do/경남,Sancheong-gun/산청군,Saengcho-myeon/생초면
Gyeongsangnam-do/경남,Sancheong-gun/산청군,Samjang-myeon/삼장면
Gyeongsangnam-do/경남,Sancheong-gun/산청군,Sancheong-eup/산청읍
Gyeongsangnam-do/경남,Sancheong-gun/산청군,Sicheon-myeon/시천면
Gyeongsangnam-do/경남,Sancheong-gun/산청군,Sinan-myeon/신안면
Gyeongsangnam-do/경남,Sancheong-gun/산청군,Sindeung-myeon/신등면
Gyeongsangnam-do/경남,Tongyeong-si/통영시,Bongpyeong-dong/봉평동
Gyeongsangnam-do/경남,Tongyeong-si/통영시,Buksin-dong/북신동
Gyeongsangnam-do/경남,Tongyeong-si/통영시,Dang-dong/당동
Gyeongsangnam-do/경남,Tongyeong-si/통영시,Docheon-dong/도천동
Gyeongsangnam-do/경남,Tongyeong-si/통영시,Donam-dong/도남동
Gyeongsangnam-do/경남,Tongyeong-si/통영시,Dongho-dong/동호동
Gyeongsangnam-do/경남,Tongyeong-si/통영시,Dosan-myeon/도산면
Gyeongsangnam-do/경남,Tongyeong-si/통영시,Gwangdo-myeon/광도면
Gyeongsangnam-do/경남,Tongyeong-si/통영시,Hangnam-dong/항남동
Gyeongsangnam-do/경남,Tongyeong-si/통영시,Hansan-myeon/한산면
Gyeongsangnam-do/경남,Tongyeong-si/통영시,Inpyeong-dong/인평동
Gyeongsangnam-do/경남,Tongyeong-si/통영시,Jeongryang-dong/정량동
Gyeongsangnam-do/경남,Tongyeong-si/통영시,Jungang-dong/중앙동
Gyeongsangnam-do/경남,Tongyeong-si/통영시,Misu 1(il)-dong/미수1동
Gyeongsangnam-do/경남,Tongyeong-si/통영시,Misu 2(i)-dong/미수2동
Gyeongsangnam-do/경남,Tongyeong-si/통영시,Misu-dong/미수동
Gyeongsangnam-do/경남,Tongyeong-si/통영시,Mujeon-dong/무전동
Gyeongsangnam-do/경남,Tongyeong-si/통영시,Munhwa-dong/문화동
Gyeongsangnam-do/경남,Tongyeong-si/통영시,Myeongjeong-dong/명정동
Gyeongsangnam-do/경남,Tongyeong-si/통영시,Pyeongrim-dong/평림동
Gyeongsangnam-do/경남,Tongyeong-si/통영시,Sanyang-eup/산양읍
Gyeongsangnam-do/경남,Tongyeong-si/통영시,Saryang-myeon/사량면
Gyeongsangnam-do/경남,Tongyeong-si/통영시,Seoho-dong/서호동
Gyeongsangnam-do/경남,Tongyeong-si/통영시,Taepyeong-dong/태평동
Gyeongsangnam-do/경남,Tongyeong-si/통영시,Tongyeongucheguksaseoham/통영우체국사서함
Gyeongsangnam-do/경남,Tongyeong-si/통영시,Yokji-myeon/욕지면
Gyeongsangnam-do/경남,Tongyeong-si/통영시,Yongnam-myeon/용남면
Gyeongsangnam-do/경남,Uiryeong-gun/의령군,Bongsu-myeon/봉수면
Gyeongsangnam-do/경남,Uiryeong-gun/의령군,Burim-myeon/부림면
Gyeongsangnam-do/경남,Uiryeong-gun/의령군,Chilgok-myeon/칠곡면
Gyeongsangnam-do/경남,Uiryeong-gun/의령군,Daeui-myeon/대의면
Gyeongsangnam-do/경남,Uiryeong-gun/의령군,Garye-myeon/가례면
Gyeongsangnam-do/경남,Uiryeong-gun/의령군,Gungryu-myeon/궁류면
Gyeongsangnam-do/경남,Uiryeong-gun/의령군,Hwajeong-myeon/화정면
Gyeongsangnam-do/경남,Uiryeong-gun/의령군,Jeonggok-myeon/정곡면
Gyeongsangnam-do/경남,Uiryeong-gun/의령군,Jijeong-myeon/지정면
Gyeongsangnam-do/경남,Uiryeong-gun/의령군,Nakseo-myeon/낙서면
Gyeongsangnam-do/경남,Uiryeong-gun/의령군,Uiryeong-eup/의령읍
Gyeongsangnam-do/경남,Uiryeong-gun/의령군,Yongdeok-myeon/용덕면
Gyeongsangnam-do/경남,Uiryeong-gun/의령군,Yugok-myeon/유곡면
Gyeongsangnam-do/경남,Yangsan-si/양산시,Bukbu-dong/북부동
Gyeongsangnam-do/경남,Yangsan-si/양산시,Bukjeong-dong/북정동
Gyeongsangnam-do/경남,Yangsan-si/양산시,Dabang-dong/다방동
Gyeongsangnam-do/경남,Yangsan-si/양산시,Deokgye-dong/덕계동
Gyeongsangnam-do/경남,Yangsan-si/양산시,Dong-myeon/동면
Gyeongsangnam-do/경남,Yangsan-si/양산시,Eogok-dong/어곡동
Gyeongsangnam-do/경남,Yangsan-si/양산시,Gyo-dong/교동
Gyeongsangnam-do/경남,Yangsan-si/양산시,Habuk-myeon/하북면
Gyeongsangnam-do/경남,Yangsan-si/양산시,Hogye-dong/호계동
Gyeongsangnam-do/경남,Yangsan-si/양산시,Jujin-dong/주진동
Gyeongsangnam-do/경남,Yangsan-si/양산시,Junam-dong/주남동
Gyeongsangnam-do/경남,Yangsan-si/양산시,Jungbu-dong/중부동
Gyeongsangnam-do/경남,Yangsan-si/양산시,Maegok-dong/매곡동
Gyeongsangnam-do/경남,Yangsan-si/양산시,Mulgeum-eup/물금읍
Gyeongsangnam-do/경남,Yangsan-si/양산시,Myeong-dong/명동
Gyeongsangnam-do/경남,Yangsan-si/양산시,Myeonggok-dong/명곡동
Gyeongsangnam-do/경남,Yangsan-si/양산시,Nambu-dong/남부동
Gyeongsangnam-do/경남,Yangsan-si/양산시,Pyeongsan-dong/평산동
Gyeongsangnam-do/경남,Yangsan-si/양산시,Samho-dong/삼호동
Gyeongsangnam-do/경남,Yangsan-si/양산시,Sangbuk-myeon/상북면
Gyeongsangnam-do/경남,Yangsan-si/양산시,Sanmak-dong/산막동
Gyeongsangnam-do/경남,Yangsan-si/양산시,Singi-dong/신기동
Gyeongsangnam-do/경남,Yangsan-si/양산시,Soju-dong/소주동
Gyeongsangnam-do/경남,Yangsan-si/양산시,Wondong-myeon/원동면
Gyeongsangnam-do/경남,Yangsan-si/양산시,Yangsanucheguksaseoham/양산우체국사서함
Gyeongsangnam-do/경남,Yangsan-si/양산시,Yongdang-dong/용당동
Gyeongsangnam-do/경남,Yangsan-si/양산시,Yusan-dong/유산동
Incheon/인천,Bupyeong-gu/부평구,Bugae 1(il)-dong/부개1동
Incheon/인천,Bupyeong-gu/부평구,Bugae 2(i)-dong/부개2동
Incheon/인천,Bupyeong-gu/부평구,Bugae 3(sam)-dong/부개3동
Incheon/인천,Bupyeong-gu/부평구,Bugae-dong/부개동
Incheon/인천,Bupyeong-gu/부평구,Bugincheonucheguksaseoham/북인천우체국사서함
Incheon/인천,Bupyeong-gu/부평구,Bupyeong 1(il)-dong/부평1동
Incheon/인천,Bupyeong-gu/부평구,Bupyeong 2(i)-dong/부평2동
Incheon/인천,Bupyeong-gu/부평구,Bupyeong 3(sam)-dong/부평3동
Incheon/인천,Bupyeong-gu/부평구,Bupyeong 4(sa)-dong/부평4동
Incheon/인천,Bupyeong-gu/부평구,Bupyeong 5(o)-dong/부평5동
Incheon/인천,Bupyeong-gu/부평구,Bupyeong 6(yuk)-dong/부평6동
Incheon/인천,Bupyeong-gu/부평구,Bupyeong-dong/부평동
Incheon/인천,Bupyeong-gu/부평구,Cheongcheon 1(il)-dong/청천1동
Incheon/인천,Bupyeong-gu/부평구,Cheongcheon 2(i)-dong/청천2동
Incheon/인천,Bupyeong-gu/부평구,Cheongcheon-dong/청천동
Incheon/인천,Bupyeong-gu/부평구,Galsan 1(il)-dong/갈산1동
Incheon/인천,Bupyeong-gu/부평구,Galsan 2(i)-dong/갈산2동
Incheon/인천,Bupyeong-gu/부평구,Galsan-dong/갈산동
Incheon/인천,Bupyeong-gu/부평구,Gusan-dong/구산동
Incheon/인천,Bupyeong-gu/부평구,Ilsin-dong/일신동
Incheon/인천,Bupyeong-gu/부평구,Samsan 1(il)-dong/삼산1동
Incheon/인천,Bupyeong-gu/부평구,Samsan 2(i)-dong/삼산2동
Incheon/인천,Bupyeong-gu/부평구,Samsan-dong/삼산동
Incheon/인천,Bupyeong-gu/부평구,Sangog 1(il)-dong/산곡1동
Incheon/인천,Bupyeong-gu/부평구,Sangog 2(i)-dong/산곡2동
Incheon/인천,Bupyeong-gu/부평구,Sangog 3(sam)-dong/산곡3동
Incheon/인천,Bupyeong-gu/부평구,Sangog 4(sa)-dong/산곡4동
Incheon/인천,Bupyeong-gu/부평구,Sangok-dong/산곡동
Incheon/인천,Bupyeong-gu/부평구,Sipjeong 1(il)-dong/십정1동
Incheon/인천,Bupyeong-gu/부평구,Sipjeong 2(i)-dong/십정2동
Incheon/인천,Bupyeong-gu/부평구,Sipjeong-dong/십정동
Incheon/인천,Dong-gu/동구,Baegan-dong/백안동
Incheon/인천,Dong-gu/동구,Bangchon-dong/방촌동
Incheon/인천,Dong-gu/동구,Bangeo-dong/방어동
Incheon/인천,Dong-gu/동구,Beomil-dong/범일동
Incheon/인천,Dong-gu/동구,Beomir 1(il)-dong/범일1동
Incheon/인천,Dong-gu/동구,Beomir 2(i)-dong/범일2동
Incheon/인천,Dong-gu/동구,Beomir 4(sa)-dong/범일4동
Incheon/인천,Dong-gu/동구,Beomir 5(o)-dong/범일5동
Incheon/인천,Dong-gu/동구,Biryong-dong/비룡동
Incheon/인천,Dong-gu/동구,Bongmu-dong/봉무동
Incheon/인천,Dong-gu/동구,Bu-dong/부동
Incheon/인천,Dong-gu/동구,Bullo-dong/불로동
Incheon/인천,Dong-gu/동구,Bullo-dong/불로동
Incheon/인천,Dong-gu/동구,Changyeong-dong/창영동
Incheon/인천,Dong-gu/동구,Cheon-dong/천동
Incheon/인천,Dong-gu/동구,Choryang 1(il)-dong/초량1동
Incheon/인천,Dong-gu/동구,Choryang 2(i)-dong/초량2동
Incheon/인천,Dong-gu/동구,Choryang 3(sam)-dong/초량3동
Incheon/인천,Dong-gu/동구,Choryang 6(yuk)-dong/초량6동
Incheon/인천,Dong-gu/동구,Choryang-dong/초량동
Incheon/인천,Dong-gu/동구,Chu-dong/추동
Incheon/인천,Dong-gu/동구,Chungjangro 1(il)-ga/충장로1가
Incheon/인천,Dong-gu/동구,Chungjangro 2(i)-ga/충장로2가
Incheon/인천,Dong-gu/동구,Chungjangro 3(sam)-ga/충장로3가
Incheon/인천,Dong-gu/동구,Chungjangro 4(sa)-ga/충장로4가
Incheon/인천,Dong-gu/동구,Chungjangro 5(o)-ga/충장로5가
Incheon/인천,Dong-gu/동구,Dae 1(il)-dong/대1동
Incheon/인천,Dong-gu/동구,Dae 2(i)-dong/대2동
Incheon/인천,Dong-gu/동구,Daebyeol-dong/대별동
Incheon/인천,Dong-gu/동구,Dae-dong/대동
Incheon/인천,Dong-gu/동구,Daein-dong/대인동
Incheon/인천,Dong-gu/동구,Daejeonucheguksaseoham/대전우체국사서함
Incheon/인천,Dong-gu/동구,Daerim-dong/대림동
Incheon/인천,Dong-gu/동구,Daeseong-dong/대성동
Incheon/인천,Dong-gu/동구,Daesong-dong/대송동
Incheon/인천,Dong-gu/동구,Daeui-dong/대의동
Incheon/인천,Dong-gu/동구,Deokgok-dong/덕곡동
Incheon/인천,Dong-gu/동구,Do-dong/도동
Incheon/인천,Dong-gu/동구,Dohak-dong/도학동
Incheon/인천,Dong-gu/동구,Dongbu-dong/동부동
Incheon/인천,Dong-gu/동구,Dongbusanucheguksaseoham/동부산우체국사서함
Incheon/인천,Dong-gu/동구,Dongdaeguucheguksaseoham/동대구우체국사서함
Incheon/인천,Dong-gu/동구,Dongho-dong/동호동
Incheon/인천,Dong-gu/동구,Dongmyeong-dong/동명동
Incheon/인천,Dong-gu/동구,Dongnae-dong/동내동
Incheon/인천,Dong-gu/동구,Dongulsanucheguksaseoham/동울산우체국사서함
Incheon/인천,Dong-gu/동구,Dunsan-dong/둔산동
Incheon/인천,Dong-gu/동구,Gaksan-dong/각산동
Incheon/인천,Dong-gu/동구,Gao-dong/가오동
Incheon/인천,Dong-gu/동구,Gayang 1(il)-dong/가양1동
Incheon/인천,Dong-gu/동구,Gayang 2(i)-dong/가양2동
Incheon/인천,Dong-gu/동구,Gayang-dong/가양동
Incheon/인천,Dong-gu/동구,Geomsa-dong/검사동
Incheon/인천,Dong-gu/동구,Geum-dong/금동
Incheon/인천,Dong-gu/동구,Geumgang-dong/금강동
Incheon/인천,Dong-gu/동구,Geumgok-dong/금곡동
Incheon/인천,Dong-gu/동구,Geumnamro 1(il)-ga/금남로1가
Incheon/인천,Dong-gu/동구,Geumnamro 2(i)-ga/금남로2가
Incheon/인천,Dong-gu/동구,Geumnamro 3(sam)-ga/금남로3가
Incheon/인천,Dong-gu/동구,Geumnamro 4(sa)-ga/금남로4가
Incheon/인천,Dong-gu/동구,Geumnamro 5(o)-ga/금남로5가
Incheon/인천,Dong-gu/동구,Goejeon-dong/괴전동
Incheon/인천,Dong-gu/동구,Gudo-dong/구도동
Incheon/인천,Dong-gu/동구,Gung-dong/궁동
Incheon/인천,Dong-gu/동구,Gwangjuucheguksaseoham/광주우체국사서함
Incheon/인천,Dong-gu/동구,Gwangsan-dong/광산동
Incheon/인천,Dong-gu/동구,Gyerim 1(il)-dong/계림1동
Incheon/인천,Dong-gu/동구,Gyerim 2(i)-dong/계림2동
Incheon/인천,Dong-gu/동구,Gyerim-dong/계림동
Incheon/인천,Dong-gu/동구,Hak-dong/학동
Incheon/인천,Dong-gu/동구,Haso-dong/하소동
Incheon/인천,Dong-gu/동구,Honam-dong/호남동
Incheon/인천,Dong-gu/동구,Hongdo-dong/홍도동
Incheon/인천,Dong-gu/동구,Hwajeong-dong/화정동
Incheon/인천,Dong-gu/동구,Hwanggeum-dong/황금동
Incheon/인천,Dong-gu/동구,Hwapyeong-dong/화평동
Incheon/인천,Dong-gu/동구,Hwasu 1(il)-dong/화수1동
Incheon/인천,Dong-gu/동구,Hwasu 2(i)-dong/화수2동
Incheon/인천,Dong-gu/동구,Hwasu-dong/화수동
Incheon/인천,Dong-gu/동구,Hyo-dong/효동
Incheon/인천,Dong-gu/동구,Hyomog 1(il)-dong/효목1동
Incheon/인천,Dong-gu/동구,Hyomog 2(i)-dong/효목2동
Incheon/인천,Dong-gu/동구,Hyomok-dong/효목동
Incheon/인천,Dong-gu/동구,Hyopyeong-dong/효평동
Incheon/인천,Dong-gu/동구,Ilsan-dong/일산동
Incheon/인천,Dong-gu/동구,In-dong/인동
Incheon/인천,Dong-gu/동구,Ipseok-dong/입석동
Incheon/인천,Dong-gu/동구,Isa-dong/이사동
Incheon/인천,Dong-gu/동구,Jangcheok-dong/장척동
Incheon/인천,Dong-gu/동구,Jang-dong/장동
Incheon/인천,Dong-gu/동구,Jayang-dong/자양동
Incheon/인천,Dong-gu/동구,Jeong-dong/정동
Incheon/인천,Dong-gu/동구,Jeonha 1(il)-dong/전하1동
Incheon/인천,Dong-gu/동구,Jeonha 2(i)-dong/전하2동
Incheon/인천,Dong-gu/동구,Jeonha-dong/전하동
Incheon/인천,Dong-gu/동구,Jijeo-dong/지저동
Incheon/인천,Dong-gu/동구,Jik-dong/직동
Incheon/인천,Dong-gu/동구,Jimyo-dong/지묘동
Incheon/인천,Dong-gu/동구,Jinin-dong/진인동
Incheon/인천,Dong-gu/동구,Jisan 1(il)-dong/지산1동
Incheon/인천,Dong-gu/동구,Jisan 2(i)-dong/지산2동
Incheon/인천,Dong-gu/동구,Jisan-dong/지산동
Incheon/인천,Dong-gu/동구,Juchon-dong/주촌동
Incheon/인천,Dong-gu/동구,Jujeon-dong/주전동
Incheon/인천,Dong-gu/동구,Jungdae-dong/중대동
Incheon/인천,Dong-gu/동구,Jung-dong/중동
Incheon/인천,Dong-gu/동구,Jusan-dong/주산동
Incheon/인천,Dong-gu/동구,Jwacheon 1(il)-dong/좌천1동
Incheon/인천,Dong-gu/동구,Jwacheon 4(sa)-dong/좌천4동
Incheon/인천,Dong-gu/동구,Jwacheon-dong/좌천동
Incheon/인천,Dong-gu/동구,Maeyeo-dong/매여동
Incheon/인천,Dong-gu/동구,Manseok-dong/만석동
Incheon/인천,Dong-gu/동구,Masan-dong/마산동
Incheon/인천,Dong-gu/동구,Midae-dong/미대동
Incheon/인천,Dong-gu/동구,Migok-dong/미곡동
Incheon/인천,Dong-gu/동구,Nae-dong/내동
Incheon/인천,Dong-gu/동구,Naegok-dong/내곡동
Incheon/인천,Dong-gu/동구,Naenam-dong/내남동
Incheon/인천,Dong-gu/동구,Naetap-dong/내탑동
Incheon/인천,Dong-gu/동구,Nam-dong/남동
Incheon/인천,Dong-gu/동구,Nangwol-dong/낭월동
Incheon/인천,Dong-gu/동구,Neungseong-dong/능성동
Incheon/인천,Dong-gu/동구,O-dong/오동
Incheon/인천,Dong-gu/동구,Panam 1(il)-dong/판암1동
Incheon/인천,Dong-gu/동구,Panam 2(i)-dong/판암2동
Incheon/인천,Dong-gu/동구,Panam-dong/판암동
Incheon/인천,Dong-gu/동구,Pyeonggwang-dong/평광동
Incheon/인천,Dong-gu/동구,Sabok-dong/사복동
Incheon/인천,Dong-gu/동구,Samgoe-dong/삼괴동
Incheon/인천,Dong-gu/동구,Samjeong-dong/삼정동
Incheon/인천,Dong-gu/동구,Samseong-dong/삼성동
Incheon/인천,Dong-gu/동구,Sangmae-dong/상매동
Incheon/인천,Dong-gu/동구,Sangso-dong/상소동
Incheon/인천,Dong-gu/동구,Sansu 1(il)-dong/산수1동
Incheon/인천,Dong-gu/동구,Sansu 2(i)-dong/산수2동
Incheon/인천,Dong-gu/동구,Sansu-dong/산수동
Incheon/인천,Dong-gu/동구,Saseong-dong/사성동
Incheon/인천,Dong-gu/동구,Secheon-dong/세천동
Incheon/인천,Dong-gu/동구,Seobu-dong/서부동
Incheon/인천,Dong-gu/동구,Seoho-dong/서호동
Incheon/인천,Dong-gu/동구,Seongnam-dong/성남동
Incheon/인천,Dong-gu/동구,Seongyo-dong/선교동
Incheon/인천,Dong-gu/동구,Seoseok-dong/서석동
Incheon/인천,Dong-gu/동구,Sinam 1(il)-dong/신암1동
Incheon/인천,Dong-gu/동구,Sinam 2(i)-dong/신암2동
Incheon/인천,Dong-gu/동구,Sinam 3(sam)-dong/신암3동
Incheon/인천,Dong-gu/동구,Sinam 4(sa)-dong/신암4동
Incheon/인천,Dong-gu/동구,Sinam 5(o)-dong/신암5동
Incheon/인천,Dong-gu/동구,Sinam-dong/신암동
Incheon/인천,Dong-gu/동구,Sinan-dong/신안동
Incheon/인천,Dong-gu/동구,Sincheon 2(i)-dong/신천1.2동
Incheon/인천,Dong-gu/동구,Sincheon 3(sam)-dong/신천3동
Incheon/인천,Dong-gu/동구,Sincheon 4(sa)-dong/신천4동
Incheon/인천,Dong-gu/동구,Sincheon-dong/신천동
Incheon/인천,Dong-gu/동구,Sinchon-dong/신촌동
Incheon/인천,Dong-gu/동구,Singi-dong/신기동
Incheon/인천,Dong-gu/동구,Sinha-dong/신하동
Incheon/인천,Dong-gu/동구,Sinheung-dong/신흥동
Incheon/인천,Dong-gu/동구,Sinmu-dong/신무동
Incheon/인천,Dong-gu/동구,Sinpyeong-dong/신평동
Incheon/인천,Dong-gu/동구,Sinsang-dong/신상동
Incheon/인천,Dong-gu/동구,Sinseo-dong/신서동
Incheon/인천,Dong-gu/동구,Sinyong-dong/신용동
Incheon/인천,Dong-gu/동구,Soho-dong/소호동
Incheon/인천,Dong-gu/동구,Soje-dong/소제동
Incheon/인천,Dong-gu/동구,Songhyeon 1(il)-dong/송현1동
Incheon/인천,Dong-gu/동구,Songhyeon 2(i)-dong/송현2동
Incheon/인천,Dong-gu/동구,Songhyeon 3(sam)-dong/송현3동
Incheon/인천,Dong-gu/동구,Songhyeon-dong/송현동
Incheon/인천,Dong-gu/동구,Songjeong-dong/송정동
Incheon/인천,Dong-gu/동구,Songrim 1(il)-dong/송림1동
Incheon/인천,Dong-gu/동구,Songrim 2(i)-dong/송림2동
Incheon/인천,Dong-gu/동구,Songrim 3(sam)-dong/송림3동
Incheon/인천,Dong-gu/동구,Songrim 4(sa)-dong/송림4동
Incheon/인천,Dong-gu/동구,Songrim 5(o)-dong/송림5동
Incheon/인천,Dong-gu/동구,Songrim 6(yuk)-dong/송림6동
Incheon/인천,Dong-gu/동구,Songrim-dong/송림동
Incheon/인천,Dong-gu/동구,Sotae-dong/소태동
Incheon/인천,Dong-gu/동구,Sugi-dong/수기동
Incheon/인천,Dong-gu/동구,Sujeong 1(il)-dong/수정1동
Incheon/인천,Dong-gu/동구,Sujeong 2(i)-dong/수정2동
Incheon/인천,Dong-gu/동구,Sujeong 4(sa)-dong/수정4동
Incheon/인천,Dong-gu/동구,Sujeong 5(o)-dong/수정5동
Incheon/인천,Dong-gu/동구,Sujeong-dong/수정동
Incheon/인천,Dong-gu/동구,Sukcheon-dong/숙천동
Incheon/인천,Dong-gu/동구,Unrim-dong/운림동
Incheon/인천,Dong-gu/동구,Wolnam-dong/월남동
Incheon/인천,Dong-gu/동구,Won-dong/원동
Incheon/인천,Dong-gu/동구,Yonggye-dong/용계동
Incheon/인천,Dong-gu/동구,Yonggye-dong/용계동
Incheon/인천,Dong-gu/동구,Yongjeon-dong/용전동
Incheon/인천,Dong-gu/동구,Yongsan-dong/용산동
Incheon/인천,Dong-gu/동구,Yongsu-dong/용수동
Incheon/인천,Dong-gu/동구,Yongun-dong/용운동
Incheon/인천,Dong-gu/동구,Yongyeon-dong/용연동
Incheon/인천,Dong-gu/동구,Yulha-dong/율하동
Incheon/인천,Dong-gu/동구,Yuram-dong/율암동
Incheon/인천,Ganghwa-gun/강화군,Bureun-myeon/불은면
Incheon/인천,Ganghwa-gun/강화군,Ganghwa-eup/강화읍
Incheon/인천,Ganghwa-gun/강화군,Gilsang-myeon/길상면
Incheon/인천,Ganghwa-gun/강화군,Gyodong-myeon/교동면
Incheon/인천,Ganghwa-gun/강화군,Hajeom-myeon/하점면
Incheon/인천,Ganghwa-gun/강화군,Hwado-myeon/화도면
Incheon/인천,Ganghwa-gun/강화군,Naega-myeon/내가면
Incheon/인천,Ganghwa-gun/강화군,Samsan-myeon/삼산면
Incheon/인천,Ganghwa-gun/강화군,Seodo-myeon/서도면
Incheon/인천,Ganghwa-gun/강화군,Seonwon-myeon/선원면
Incheon/인천,Ganghwa-gun/강화군,Songhae-myeon/송해면
Incheon/인천,Ganghwa-gun/강화군,Yangdo-myeon/양도면
Incheon/인천,Ganghwa-gun/강화군,Yangsa-myeon/양사면
Incheon/인천,Gyeyang-gu/계양구,Bakchon-dong/박촌동
Incheon/인천,Gyeyang-gu/계양구,Bangchuk-dong/방축동
Incheon/인천,Gyeyang-gu/계양구,Byeongbang-dong/병방동
Incheon/인천,Gyeyang-gu/계양구,Danam-dong/다남동
Incheon/인천,Gyeyang-gu/계양구,Dongyang-dong/동양동
Incheon/인천,Gyeyang-gu/계양구,Duksil-dong/둑실동
Incheon/인천,Gyeyang-gu/계양구,Galhyeon-dong/갈현동
Incheon/인천,Gyeyang-gu/계양구,Gyesan 1(il)-dong/계산1동
Incheon/인천,Gyeyang-gu/계양구,Gyesan 2(i)-dong/계산2동
Incheon/인천,Gyeyang-gu/계양구,Gyesan 3(sam)-dong/계산3동
Incheon/인천,Gyeyang-gu/계양구,Gyesan 4(sa)-dong/계산4동
Incheon/인천,Gyeyang-gu/계양구,Gyesan-dong/계산동
Incheon/인천,Gyeyang-gu/계양구,Gyulhyeon-dong/귤현동
Incheon/인천,Gyeyang-gu/계양구,Haya-dong/하야동
Incheon/인천,Gyeyang-gu/계양구,Hyoseong 1(il)-dong/효성1동
Incheon/인천,Gyeyang-gu/계양구,Hyoseong 2(i)-dong/효성2동
Incheon/인천,Gyeyang-gu/계양구,Hyoseong-dong/효성동
Incheon/인천,Gyeyang-gu/계양구,Ihwa-dong/이화동
Incheon/인천,Gyeyang-gu/계양구,Imhak-dong/임학동
Incheon/인천,Gyeyang-gu/계양구,Incheongyeyangucheguksaseoham/인천계양우체국사서함
Incheon/인천,Gyeyang-gu/계양구,Jakjeon 1(il)-dong/작전1동
Incheon/인천,Gyeyang-gu/계양구,Jakjeon 2(i)-dong/작전2동
Incheon/인천,Gyeyang-gu/계양구,Jakjeon-dong/작전동
Incheon/인천,Gyeyang-gu/계양구,Jakjeonseoun-dong/작전서운동
Incheon/인천,Gyeyang-gu/계양구,Janggi-dong/장기동
Incheon/인천,Gyeyang-gu/계양구,Moksang-dong/목상동
Incheon/인천,Gyeyang-gu/계양구,Nooji-dong/노오지동
Incheon/인천,Gyeyang-gu/계양구,Oryu-dong/오류동
Incheon/인천,Gyeyang-gu/계양구,Pyeong-dong/평동
Incheon/인천,Gyeyang-gu/계양구,Sangya-dong/상야동
Incheon/인천,Gyeyang-gu/계양구,Seonjuji-dong/선주지동
Incheon/인천,Gyeyang-gu/계양구,Seoun-dong/서운동
Incheon/인천,Gyeyang-gu/계양구,Yongjong-dong/용종동
Incheon/인천,Jung-gu/중구,Anyeong-dong/안영동
Incheon/인천,Jung-gu/중구,Bangsan-dong/방산동
Incheon/인천,Jung-gu/중구,Bangu 1(il)-dong/반구1동
Incheon/인천,Jung-gu/중구,Bangu 2(i)-dong/반구2동
Incheon/인천,Jung-gu/중구,Bangu-dong/반구동
Incheon/인천,Jung-gu/중구,Boksan 1(il)-dong/복산1동
Incheon/인천,Jung-gu/중구,Boksan 2(i)-dong/복산2동
Incheon/인천,Jung-gu/중구,Boksan-dong/복산동
Incheon/인천,Jung-gu/중구,Bongraedong 1(il)-ga/봉래동1가
Incheon/인천,Jung-gu/중구,Bongraedong 2(i)-ga/봉래동2가
Incheon/인천,Jung-gu/중구,Bongsan-dong/봉산동
Incheon/인천,Jung-gu/중구,Bosudong 1(il)-ga/보수동1가
Incheon/인천,Jung-gu/중구,Bosudong 2(i)-ga/보수동2가
Incheon/인천,Jung-gu/중구,Bosudong 3(sam)-ga/보수동3가
Incheon/인천,Jung-gu/중구,Bosu-dong/보수동
Incheon/인천,Jung-gu/중구,Bukchang-dong/북창동
Incheon/인천,Jung-gu/중구,Bukjeong-dong/북정동
Incheon/인천,Jung-gu/중구,Buknae-dong/북내동
Incheon/인천,Jung-gu/중구,Bukseongdong 1(il)-ga/북성동1가
Incheon/인천,Jung-gu/중구,Bukseongdong 2(i)-ga/북성동2가
Incheon/인천,Jung-gu/중구,Bukseongdong 3(sam)-ga/북성동3가
Incheon/인천,Jung-gu/중구,Bukseongro 1(il)-ga/북성로1가
Incheon/인천,Jung-gu/중구,Bukseongro 2(i)-ga/북성로2가
Incheon/인천,Jung-gu/중구,Bupyeongdong 1(il)-ga/부평동1가
Incheon/인천,Jung-gu/중구,Bupyeongdong 2(i)-ga/부평동2가
Incheon/인천,Jung-gu/중구,Bupyeongdong 3(sam)-ga/부평동3가
Incheon/인천,Jung-gu/중구,Bupyeongdong 4(sa)-ga/부평동4가
Incheon/인천,Jung-gu/중구,Bupyeong-dong/부평동
Incheon/인천,Jung-gu/중구,Busa-dong/부사동
Incheon/인천,Jung-gu/중구,Busanucheguksaseoham/부산우체국사서함
Incheon/인천,Jung-gu/중구,Changseondong 1(il)-ga/창선동1가
Incheon/인천,Jung-gu/중구,Changseondong 2(i)-ga/창선동2가
Incheon/인천,Jung-gu/중구,Changseon-dong/창선동
Incheon/인천,Jung-gu/중구,Chimsan-dong/침산동
Incheon/인천,Jung-gu/중구,Cho-dong/초동
Incheon/인천,Jung-gu/중구,Chungjeongro 1(il)-ga/충정로1가
Incheon/인천,Jung-gu/중구,Chungmuro 1(il)-ga/충무로1가
Incheon/인천,Jung-gu/중구,Chungmuro 2(i)-ga/충무로2가
Incheon/인천,Jung-gu/중구,Chungmuro 3(sam)-ga/충무로3가
Incheon/인천,Jung-gu/중구,Chungmuro 4(sa)-ga/충무로4가
Incheon/인천,Jung-gu/중구,Chungmuro 5(o)-ga/충무로5가
Incheon/인천,Jung-gu/중구,Da-dong/다동
Incheon/인천,Jung-gu/중구,Daean-dong/대안동
Incheon/인천,Jung-gu/중구,Daebong 1(il)-dong/대봉1동
Incheon/인천,Jung-gu/중구,Daebong 2(i)-dong/대봉2동
Incheon/인천,Jung-gu/중구,Daebong-dong/대봉동
Incheon/인천,Jung-gu/중구,Daechangdong 1(il)-ga/대창동1가
Incheon/인천,Jung-gu/중구,Daechangdong 2(i)-ga/대창동2가
Incheon/인천,Jung-gu/중구,Daechang-dong/대창동
Incheon/인천,Jung-gu/중구,Daecheongdong 1(il)-ga/대청동1가
Incheon/인천,Jung-gu/중구,Daecheongdong 2(i)-ga/대청동2가
Incheon/인천,Jung-gu/중구,Daecheongdong 3(sam)-ga/대청동3가
Incheon/인천,Jung-gu/중구,Daecheongdong 4(sa)-ga/대청동4가
Incheon/인천,Jung-gu/중구,Daecheong-dong/대청동
Incheon/인천,Jung-gu/중구,Daeguucheguksaseoham/대구우체국사서함
Incheon/인천,Jung-gu/중구,Daeheung-dong/대흥동
Incheon/인천,Jung-gu/중구,Daesa-dong/대사동
Incheon/인천,Jung-gu/중구,Daesin-dong/대신동
Incheon/인천,Jung-gu/중구,Dalseong-dong/달성동
Incheon/인천,Jung-gu/중구,Dap-dong/답동
Incheon/인천,Jung-gu/중구,Daun-dong/다운동
Incheon/인천,Jung-gu/중구,Deokgyo-dong/덕교동
Incheon/인천,Jung-gu/중구,Deoksan-dong/덕산동
Incheon/인천,Jung-gu/중구,Dong-dong/동동
Incheon/인천,Jung-gu/중구,Donggwangdong 1(il)-ga/동광동1가
Incheon/인천,Jung-gu/중구,Donggwangdong 2(i)-ga/동광동2가
Incheon/인천,Jung-gu/중구,Donggwangdong 3(sam)-ga/동광동3가
Incheon/인천,Jung-gu/중구,Donggwangdong 4(sa)-ga/동광동4가
Incheon/인천,Jung-gu/중구,Donggwangdong 5(o)-ga/동광동5가
Incheon/인천,Jung-gu/중구,Donggwang-dong/동광동
Incheon/인천,Jung-gu/중구,Dongil-dong/동일동
Incheon/인천,Jung-gu/중구,Dongindong 1(il)-ga/동인동1가
Incheon/인천,Jung-gu/중구,Dongindong 2(i)-ga/동인동2가
Incheon/인천,Jung-gu/중구,Dongindong 3(sam)-ga/동인동3가
Incheon/인천,Jung-gu/중구,Dongindong 4(sa)-ga/동인동4가
Incheon/인천,Jung-gu/중구,Dongmun-dong/동문동
Incheon/인천,Jung-gu/중구,Dongsan-dong/동산동
Incheon/인천,Jung-gu/중구,Dongseongro 1(il)-ga/동성로1가
Incheon/인천,Jung-gu/중구,Dongseongro 2(i)-ga/동성로2가
Incheon/인천,Jung-gu/중구,Dongseongro 3(sam)-ga/동성로3가
Incheon/인천,Jung-gu/중구,Dowon-dong/도원동
Incheon/인천,Jung-gu/중구,Dowon-dong/도원동
Incheon/인천,Jung-gu/중구,Eonam-dong/어남동
Incheon/인천,Jung-gu/중구,Euljiro 1(il)-ga/을지로1가
Incheon/인천,Jung-gu/중구,Euljiro 2(i)-ga/을지로2가
Incheon/인천,Jung-gu/중구,Euljiro 3(sam)-ga/을지로3가
Incheon/인천,Jung-gu/중구,Euljiro 4(sa)-ga/을지로4가
Incheon/인천,Jung-gu/중구,Euljiro 5(o)-ga/을지로5가
Incheon/인천,Jung-gu/중구,Euljiro 6(yuk)-ga/을지로6가
Incheon/인천,Jung-gu/중구,Euljiro 7(chil)-ga/을지로7가
Incheon/인천,Jung-gu/중구,Eunhaeng-dong/은행동
Incheon/인천,Jung-gu/중구,Eurwang-dong/을왕동
Incheon/인천,Jung-gu/중구,Geum-dong/금동
Incheon/인천,Jung-gu/중구,Gongpyeong-dong/공평동
Incheon/인천,Jung-gu/중구,Guwan-dong/구완동
Incheon/인천,Jung-gu/중구,Gwandong 1(il)-ga/관동1가
Incheon/인천,Jung-gu/중구,Gwandong 2(i)-ga/관동2가
Incheon/인천,Jung-gu/중구,Gwandong 3(sam)-ga/관동3가
Incheon/인천,Jung-gu/중구,Gwangbokdong 1(il)-ga/광복동1가
Incheon/인천,Jung-gu/중구,Gwangbokdong 2(i)-ga/광복동2가
Incheon/인천,Jung-gu/중구,Gwangbokdong 3(sam)-ga/광복동3가
Incheon/인천,Jung-gu/중구,Gwangbok-dong/광복동
Incheon/인천,Jung-gu/중구,Gwanghuidong 1(il)-ga/광희동1가
Incheon/인천,Jung-gu/중구,Gwanghuidong 2(i)-ga/광희동2가
Incheon/인천,Jung-gu/중구,Gyeong-dong/경동
Incheon/인천,Jung-gu/중구,Gyesandong 1(il)-ga/계산동1가
Incheon/인천,Jung-gu/중구,Gyesandong 2(i)-ga/계산동2가
Incheon/인천,Jung-gu/중구,Gyo-dong/교동
Incheon/인천,Jung-gu/중구,Gyo-dong/교동
Incheon/인천,Jung-gu/중구,Haeandong 1(il)-ga/해안동1가
Incheon/인천,Jung-gu/중구,Haeandong 2(i)-ga/해안동2가
Incheon/인천,Jung-gu/중구,Haeandong 3(sam)-ga/해안동3가
Incheon/인천,Jung-gu/중구,Haeandong 4(sa)-ga/해안동4가
Incheon/인천,Jung-gu/중구,Haksan-dong/학산동
Incheon/인천,Jung-gu/중구,Hakseong-dong/학성동
Incheon/인천,Jung-gu/중구,Hangdong 1(il)-ga/항동1가
Incheon/인천,Jung-gu/중구,Hangdong 2(i)-ga/항동2가
Incheon/인천,Jung-gu/중구,Hangdong 3(sam)-ga/항동3가
Incheon/인천,Jung-gu/중구,Hangdong 4(sa)-ga/항동4가
Incheon/인천,Jung-gu/중구,Hangdong 5(o)-ga/항동5가
Incheon/인천,Jung-gu/중구,Hangdong 6(yuk)-ga/항동6가
Incheon/인천,Jung-gu/중구,Hangdong 7(chil)-ga/항동7가
Incheon/인천,Jung-gu/중구,Haseo-dong/하서동
Incheon/인천,Jung-gu/중구,Heungin-dong/흥인동
Incheon/인천,Jung-gu/중구,Ho-dong/호동
Incheon/인천,Jung-gu/중구,Hoehyeondong 1(il)-ga/회현동1가
Incheon/인천,Jung-gu/중구,Hoehyeondong 2(i)-ga/회현동2가
Incheon/인천,Jung-gu/중구,Hoehyeondong 3(sam)-ga/회현동3가
Incheon/인천,Jung-gu/중구,Hwajeon-dong/화전동
Incheon/인천,Jung-gu/중구,Hwanghak-dong/황학동
Incheon/인천,Jung-gu/중구,Hyangchon-dong/향촌동
Incheon/인천,Jung-gu/중구,Incheongonghangucheguksaseoham/인천공항우체국사서함
Incheon/인천,Jung-gu/중구,Ingyo-dong/인교동
Incheon/인천,Jung-gu/중구,Inhyeondong 1(il)-ga/인현동1가
Incheon/인천,Jung-gu/중구,Inhyeondong 2(i)-ga/인현동2가
Incheon/인천,Jung-gu/중구,Inhyeon-dong/인현동
Incheon/인천,Jung-gu/중구,Ipjeong-dong/입정동
Incheon/인천,Jung-gu/중구,Jangchungdong 1(il)-ga/장충동1가
Incheon/인천,Jung-gu/중구,Jangchungdong 2(i)-ga/장충동2가
Incheon/인천,Jung-gu/중구,Janggwan-dong/장관동
Incheon/인천,Jung-gu/중구,Janggyo-dong/장교동
Incheon/인천,Jung-gu/중구,Janghyeon-dong/장현동
Incheon/인천,Jung-gu/중구,Jeodong 1(il)-ga/저동1가
Incheon/인천,Jung-gu/중구,Jeodong 2(i)-ga/저동2가
Incheon/인천,Jung-gu/중구,Jeon-dong/전동
Incheon/인천,Jung-gu/중구,Jeon-dong/전동
Incheon/인천,Jung-gu/중구,Jeong-dong/정동
Incheon/인천,Jung-gu/중구,Jeongsaeng-dong/정생동
Incheon/인천,Jung-gu/중구,Jongro 1(il)-ga/종로1가
Incheon/인천,Jung-gu/중구,Jongro 2(i)-ga/종로2가
Incheon/인천,Jung-gu/중구,Jugyo-dong/주교동
Incheon/인천,Jung-gu/중구,Juja-dong/주자동
Incheon/인천,Jung-gu/중구,Jungangdong 1(il)-ga/중앙동1가
Incheon/인천,Jung-gu/중구,Jungangdong 1(il)-ga/중앙동1가
Incheon/인천,Jung-gu/중구,Jungangdong 2(i)-ga/중앙동2가
Incheon/인천,Jung-gu/중구,Jungangdong 2(i)-ga/중앙동2가
Incheon/인천,Jung-gu/중구,Jungangdong 3(sam)-ga/중앙동3가
Incheon/인천,Jung-gu/중구,Jungangdong 3(sam)-ga/중앙동3가
Incheon/인천,Jung-gu/중구,Jungangdong 4(sa)-ga/중앙동4가
Incheon/인천,Jung-gu/중구,Jungangdong 4(sa)-ga/중앙동4가
Incheon/인천,Jung-gu/중구,Jungangdong 5(o)-ga/중앙동5가
Incheon/인천,Jung-gu/중구,Jungangdong 6(yuk)-ga/중앙동6가
Incheon/인천,Jung-gu/중구,Jungangdong 7(chil)-ga/중앙동7가
Incheon/인천,Jung-gu/중구,Jungang-dong/중앙동
Incheon/인천,Jung-gu/중구,Jungangucheguksaseoham/중앙우체국사서함
Incheon/인천,Jung-gu/중구,Jungchon-dong/중촌동
Incheon/인천,Jung-gu/중구,Jungrim-dong/중림동
Incheon/인천,Jung-gu/중구,Jungsan-dong/중산동
Incheon/인천,Jung-gu/중구,Manridong 1(il)-ga/만리동1가
Incheon/인천,Jung-gu/중구,Manridong 2(i)-ga/만리동2가
Incheon/인천,Jung-gu/중구,Mokdal-dong/목달동
Incheon/인천,Jung-gu/중구,Mok-dong/목동
Incheon/인천,Jung-gu/중구,Mugyo-dong/무교동
Incheon/인천,Jung-gu/중구,Muhak-dong/무학동
Incheon/인천,Jung-gu/중구,Mukjeong-dong/묵정동
Incheon/인천,Jung-gu/중구,Munchang-dong/문창동
Incheon/인천,Jung-gu/중구,Munhwa 1(il)-dong/문화1동
Incheon/인천,Jung-gu/중구,Munhwa 2(i)-dong/문화2동
Incheon/인천,Jung-gu/중구,Munhwa-dong/문화동
Incheon/인천,Jung-gu/중구,Munhwa-dong/문화동
Incheon/인천,Jung-gu/중구,Musu-dong/무수동
Incheon/인천,Jung-gu/중구,Muui-dong/무의동
Incheon/인천,Jung-gu/중구,Myeongdong 1(il)-ga/명동1가
Incheon/인천,Jung-gu/중구,Myeongdong 2(i)-ga/명동2가
Incheon/인천,Jung-gu/중구,Nae-dong/내동
Incheon/인천,Jung-gu/중구,Nambuk-dong/남북동
Incheon/인천,Jung-gu/중구,Namchang-dong/남창동
Incheon/인천,Jung-gu/중구,Namdaemunro 1(il)-ga/남대문로1가
Incheon/인천,Jung-gu/중구,Namdaemunro 2(i)-ga/남대문로2가
Incheon/인천,Jung-gu/중구,Namdaemunro 3(sam)-ga/남대문로3가
Incheon/인천,Jung-gu/중구,Namdaemunro 4(sa)-ga/남대문로4가
Incheon/인천,Jung-gu/중구,Namdaemunro 5(o)-ga/남대문로5가
Incheon/인천,Jung-gu/중구,Namhak-dong/남학동
Incheon/인천,Jung-gu/중구,Namil-dong/남일동
Incheon/인천,Jung-gu/중구,Namoe-dong/남외동
Incheon/인천,Jung-gu/중구,Nampodong 1(il)-ga/남포동1가
Incheon/인천,Jung-gu/중구,Nampodong 2(i)-ga/남포동2가
Incheon/인천,Jung-gu/중구,Nampodong 3(sam)-ga/남포동3가
Incheon/인천,Jung-gu/중구,Nampodong 4(sa)-ga/남포동4가
Incheon/인천,Jung-gu/중구,Nampodong 5(o)-ga/남포동5가
Incheon/인천,Jung-gu/중구,Nampodong 6(yuk)-ga/남포동6가
Incheon/인천,Jung-gu/중구,Nampo-dong/남포동
Incheon/인천,Jung-gu/중구,Namsan 1(il)-dong/남산1동
Incheon/인천,Jung-gu/중구,Namsan 2(i)-dong/남산2동
Incheon/인천,Jung-gu/중구,Namsan 3(sam)-dong/남산3동
Incheon/인천,Jung-gu/중구,Namsan 4(sa)-dong/남산4동
Incheon/인천,Jung-gu/중구,Namsandong 1(il)-ga/남산동1가
Incheon/인천,Jung-gu/중구,Namsandong 2(i)-ga/남산동2가
Incheon/인천,Jung-gu/중구,Namsandong 3(sam)-ga/남산동3가
Incheon/인천,Jung-gu/중구,Namsan-dong/남산동
Incheon/인천,Jung-gu/중구,Namseongno/남성로
Incheon/인천,Jung-gu/중구,Ojang-dong/오장동
Incheon/인천,Jung-gu/중구,Okgye-dong/옥계동
Incheon/인천,Jung-gu/중구,Okgyo-dong/옥교동
Incheon/인천,Jung-gu/중구,Oryu-dong/오류동
Incheon/인천,Jung-gu/중구,Pildong 1(il)-ga/필동1가
Incheon/인천,Jung-gu/중구,Pildong 2(i)-ga/필동2가
Incheon/인천,Jung-gu/중구,Pildong 3(sam)-ga/필동3가
Incheon/인천,Jung-gu/중구,Pojeong-dong/포정동
Incheon/인천,Jung-gu/중구,Sa-dong/사동
Incheon/인천,Jung-gu/중구,Sail-dong/사일동
Incheon/인천,Jung-gu/중구,Sajeong-dong/사정동
Incheon/인천,Jung-gu/중구,Samdeokdong 1(il)-ga/삼덕동1가
Incheon/인천,Jung-gu/중구,Samdeokdong 2(i)-ga/삼덕동2가
Incheon/인천,Jung-gu/중구,Samdeokdong 3(sam)-ga/삼덕동3가
Incheon/인천,Jung-gu/중구,Samgak-dong/삼각동
Incheon/인천,Jung-gu/중구,Sangdeok-dong/상덕동
Incheon/인천,Jung-gu/중구,Sangseo-dong/상서동
Incheon/인천,Jung-gu/중구,Sanrim-dong/산림동
Incheon/인천,Jung-gu/중구,Sanseong-dong/산성동
Incheon/인천,Jung-gu/중구,Seodaejeonucheguksaseoham/서대전우체국사서함
Incheon/인천,Jung-gu/중구,Seo-dong/서동
Incheon/인천,Jung-gu/중구,Seokgyo-dong/석교동
Incheon/인천,Jung-gu/중구,Seomunro 1(il)-ga/서문로1가
Incheon/인천,Jung-gu/중구,Seomunro 2(i)-ga/서문로2가
Incheon/인천,Jung-gu/중구,Seonae-dong/서내동
Incheon/인천,Jung-gu/중구,Seongan-dong/성안동
Incheon/인천,Jung-gu/중구,Seongnam-dong/성남동
Incheon/인천,Jung-gu/중구,Seonhwa-dong/선화동
Incheon/인천,Jung-gu/중구,Seonhwa-dong/선화동
Incheon/인천,Jung-gu/중구,Seonrin-dong/선린동
Incheon/인천,Jung-gu/중구,Seoseongro 1(il)-ga/서성로1가
Incheon/인천,Jung-gu/중구,Seoseongro 2(i)-ga/서성로2가
Incheon/인천,Jung-gu/중구,Seosomun-dong/서소문동
Incheon/인천,Jung-gu/중구,Seoya-dong/서야동
Incheon/인천,Jung-gu/중구,Sijangbugno/시장북로
Incheon/인천,Jung-gu/중구,Sinchangdong 1(il)-ga/신창동1가
Incheon/인천,Jung-gu/중구,Sinchangdong 2(i)-ga/신창동2가
Incheon/인천,Jung-gu/중구,Sinchangdong 3(sam)-ga/신창동3가
Incheon/인천,Jung-gu/중구,Sinchangdong 4(sa)-ga/신창동4가
Incheon/인천,Jung-gu/중구,Sinchang-dong/신창동
Incheon/인천,Jung-gu/중구,Sindang 1(il)-dong/신당1동
Incheon/인천,Jung-gu/중구,Sindang 2(i)-dong/신당2동
Incheon/인천,Jung-gu/중구,Sindang 3(sam)-dong/신당3동
Incheon/인천,Jung-gu/중구,Sindang 4(sa)-dong/신당4동
Incheon/인천,Jung-gu/중구,Sindang 5(o)-dong/신당5동
Incheon/인천,Jung-gu/중구,Sindang 6(yuk)-dong/신당6동
Incheon/인천,Jung-gu/중구,Sindang-dong/신당동
Incheon/인천,Jung-gu/중구,Sinheungdong 1(il)-ga/신흥동1가
Incheon/인천,Jung-gu/중구,Sinheungdong 2(i)-ga/신흥동2가
Incheon/인천,Jung-gu/중구,Sinheungdong 3(sam)-ga/신흥동3가
Incheon/인천,Jung-gu/중구,Sinpo-dong/신포동
Incheon/인천,Jung-gu/중구,Sinsaeng-dong/신생동
Incheon/인천,Jung-gu/중구,Sogong-dong/소공동
Incheon/인천,Jung-gu/중구,Songhakdong 1(il)-ga/송학동1가
Incheon/인천,Jung-gu/중구,Songhakdong 2(i)-ga/송학동2가
Incheon/인천,Jung-gu/중구,Songhakdong 3(sam)-ga/송학동3가
Incheon/인천,Jung-gu/중구,Songwoldong 1(il)-ga/송월동1가
Incheon/인천,Jung-gu/중구,Songwoldong 2(i)-ga/송월동2가
Incheon/인천,Jung-gu/중구,Songwoldong 3(sam)-ga/송월동3가
Incheon/인천,Jung-gu/중구,Ssangrim-dong/쌍림동
Incheon/인천,Jung-gu/중구,Suchang-dong/수창동
Incheon/인천,Jung-gu/중구,Su-dong/수동
Incheon/인천,Jung-gu/중구,Suha-dong/수하동
Incheon/인천,Jung-gu/중구,Sunhwa-dong/순화동
Incheon/인천,Jung-gu/중구,Supyo-dong/수표동
Incheon/인천,Jung-gu/중구,Taehwa-dong/태화동
Incheon/인천,Jung-gu/중구,Taepyeong 1(il)-dong/태평1동
Incheon/인천,Jung-gu/중구,Taepyeong 2(i)-dong/태평2동
Incheon/인천,Jung-gu/중구,Taepyeong-dong/태평동
Incheon/인천,Jung-gu/중구,Taepyeongro 1(il)-ga/태평로1가
Incheon/인천,Jung-gu/중구,Taepyeongro 1(il)-ga/태평로1가
Incheon/인천,Jung-gu/중구,Taepyeongro 2(i)-ga/태평로2가
Incheon/인천,Jung-gu/중구,Taepyeongro 2(i)-ga/태평로2가
Incheon/인천,Jung-gu/중구,Taepyeongro 3(sam)-ga/태평로3가
Incheon/인천,Jung-gu/중구,Uijuro 1(il)-ga/의주로1가
Incheon/인천,Jung-gu/중구,Uijuro 2(i)-ga/의주로2가
Incheon/인천,Jung-gu/중구,Ujeong-dong/우정동
Incheon/인천,Jung-gu/중구,Ulsanucheguksaseoham/울산우체국사서함
Incheon/인천,Jung-gu/중구,Unbuk-dong/운북동
Incheon/인천,Jung-gu/중구,Unnam-dong/운남동
Incheon/인천,Jung-gu/중구,Unseo-dong/운서동
Incheon/인천,Jung-gu/중구,Wanjeon-dong/완전동
Incheon/인천,Jung-gu/중구,Yaksa-dong/약사동
Incheon/인천,Jung-gu/중구,Yegwan-dong/예관동
Incheon/인천,Jung-gu/중구,Yejang-dong/예장동
Incheon/인천,Jung-gu/중구,Yeongju 1(il)-dong/영주1동
Incheon/인천,Jung-gu/중구,Yeongju 2(i)-dong/영주2동
Incheon/인천,Jung-gu/중구,Yeongju-dong/영주동
Incheon/인천,Jung-gu/중구,Yongdeok-dong/용덕동
Incheon/인천,Jung-gu/중구,Yong-dong/용동
Incheon/인천,Jung-gu/중구,Yongdu-dong/용두동
Incheon/인천,Jung-gu/중구,Yucheon 1(il)-dong/유천1동
Incheon/인천,Jung-gu/중구,Yucheon 2(i)-dong/유천2동
Incheon/인천,Jung-gu/중구,Yucheon-dong/유천동
Incheon/인천,Jung-gu/중구,Yu-dong/유동
Incheon/인천,Jung-gu/중구,Yugok-dong/유곡동
Incheon/인천,Jung-gu/중구,Yulmok-dong/율목동
Incheon/인천,Namdong-gu/남동구,Dorim-dong/도림동
Incheon/인천,Namdong-gu/남동구,Ganseog 1(il)-dong/간석1동
Incheon/인천,Namdong-gu/남동구,Ganseog 2(i)-dong/간석2동
Incheon/인천,Namdong-gu/남동구,Ganseog 3(sam)-dong/간석3동
Incheon/인천,Namdong-gu/남동구,Ganseog 4(sa)-dong/간석4동
Incheon/인천,Namdong-gu/남동구,Ganseok-dong/간석동
Incheon/인천,Namdong-gu/남동구,Gojan-dong/고잔동
Incheon/인천,Namdong-gu/남동구,Guwol-dong/구월동
Incheon/인천,Namdong-gu/남동구,Guwor 1(il)-dong/구월1동
Incheon/인천,Namdong-gu/남동구,Guwor 2(i)-dong/구월2동
Incheon/인천,Namdong-gu/남동구,Guwor 3(sam)-dong/구월3동
Incheon/인천,Namdong-gu/남동구,Guwor 4(sa)-dong/구월4동
Incheon/인천,Namdong-gu/남동구,Jangsu-dong/장수동
Incheon/인천,Namdong-gu/남동구,Mansu 1(il)-dong/만수1동
Incheon/인천,Namdong-gu/남동구,Mansu 2(i)-dong/만수2동
Incheon/인천,Namdong-gu/남동구,Mansu 3(sam)-dong/만수3동
Incheon/인천,Namdong-gu/남동구,Mansu 4(sa)-dong/만수4동
Incheon/인천,Namdong-gu/남동구,Mansu 5(o)-dong/만수5동
Incheon/인천,Namdong-gu/남동구,Mansu 6(yuk)-dong/만수6동
Incheon/인천,Namdong-gu/남동구,Mansu-dong/만수동
Incheon/인천,Namdong-gu/남동구,Namchon-dong/남촌동
Incheon/인천,Namdong-gu/남동구,Namincheonucheguksaseoham/남인천우체국사서함
Incheon/인천,Namdong-gu/남동구,Nonhyeon-dong/논현동
Incheon/인천,Namdong-gu/남동구,Seochang-dong/서창동
Incheon/인천,Namdong-gu/남동구,Susan-dong/수산동
Incheon/인천,Namdong-gu/남동구,Unyeon-dong/운연동
Incheon/인천,Nam-gu/남구,Apchon-dong/압촌동
Incheon/인천,Nam-gu/남구,Baegun 1(il)-dong/백운1동
Incheon/인천,Nam-gu/남구,Baegun 2(i)-dong/백운2동
Incheon/인천,Nam-gu/남구,Baegun-dong/백운동
Incheon/인천,Nam-gu/남구,Bangrim 1(il)-dong/방림1동
Incheon/인천,Nam-gu/남구,Bangrim 2(i)-dong/방림2동
Incheon/인천,Nam-gu/남구,Bangrim-dong/방림동
Incheon/인천,Nam-gu/남구,Bongdeog 1(il)-dong/봉덕1동
Incheon/인천,Nam-gu/남구,Bongdeog 2(i)-dong/봉덕2동
Incheon/인천,Nam-gu/남구,Bongdeog 3(sam)-dong/봉덕3동
Incheon/인천,Nam-gu/남구,Bongdeok-dong/봉덕동
Incheon/인천,Nam-gu/남구,Bongseon 1(il)-dong/봉선1동
Incheon/인천,Nam-gu/남구,Bongseon 2(i)-dong/봉선2동
Incheon/인천,Nam-gu/남구,Bongseon-dong/봉선동
Incheon/인천,Nam-gu/남구,Bugok-dong/부곡동
Incheon/인천,Nam-gu/남구,Chilseok-dong/칠석동
Incheon/인천,Nam-gu/남구,Daeji-dong/대지동
Incheon/인천,Nam-gu/남구,Daemyeong 1(il)-dong/대명1동
Incheon/인천,Nam-gu/남구,Daemyeong 10(sip)-dong/대명10동
Incheon/인천,Nam-gu/남구,Daemyeong 11(sibil)-dong/대명11동
Incheon/인천,Nam-gu/남구,Daemyeong 2(i)-dong/대명2동
Incheon/인천,Nam-gu/남구,Daemyeong 3(sam)-dong/대명3동
Incheon/인천,Nam-gu/남구,Daemyeong 4(sa)-dong/대명4동
Incheon/인천,Nam-gu/남구,Daemyeong 5(o)-dong/대명5동
Incheon/인천,Nam-gu/남구,Daemyeong 6(yuk)-dong/대명6동
Incheon/인천,Nam-gu/남구,Daemyeong 9(gu)-dong/대명9동
Incheon/인천,Nam-gu/남구,Daemyeong-dong/대명동
Incheon/인천,Nam-gu/남구,Daeyeon 1(il)-dong/대연1동
Incheon/인천,Nam-gu/남구,Daeyeon 2(i)-dong/대연2동
Incheon/인천,Nam-gu/남구,Daeyeon 3(sam)-dong/대연3동
Incheon/인천,Nam-gu/남구,Daeyeon 4(sa)-dong/대연4동
Incheon/인천,Nam-gu/남구,Daeyeon 5(o)-dong/대연5동
Incheon/인천,Nam-gu/남구,Daeyeon 6(yuk)-dong/대연6동
Incheon/인천,Nam-gu/남구,Daeyeon-dong/대연동
Incheon/인천,Nam-gu/남구,Dal-dong/달동
Incheon/인천,Nam-gu/남구,Deoknam-dong/덕남동
Incheon/인천,Nam-gu/남구,Dogeum-dong/도금동
Incheon/인천,Nam-gu/남구,Dohwa 1(il)-dong/도화1동
Incheon/인천,Nam-gu/남구,Dohwa 2(i)-dong/도화2동
Incheon/인천,Nam-gu/남구,Dohwa 3(sam)-dong/도화3동
Incheon/인천,Nam-gu/남구,Dohwa-dong/도화동
Incheon/인천,Nam-gu/남구,Duwang-dong/두왕동
Incheon/인천,Nam-gu/남구,Gaeun-dong/개운동
Incheon/인천,Nam-gu/남구,Gamman 1(il)-dong/감만1동
Incheon/인천,Nam-gu/남구,Gamman 2(i)-dong/감만2동
Incheon/인천,Nam-gu/남구,Gamman-dong/감만동
Incheon/인천,Nam-gu/남구,Gosa-dong/고사동
Incheon/인천,Nam-gu/남구,Gu-dong/구동
Incheon/인천,Nam-gu/남구,Guso-dong/구소동
Incheon/인천,Nam-gu/남구,Gwangyo-dong/관교동
Incheon/인천,Nam-gu/남구,Haengam-dong/행암동
Incheon/인천,Nam-gu/남구,Hagig 1(il)-dong/학익1동
Incheon/인천,Nam-gu/남구,Hagig 2(i)-dong/학익2동
Incheon/인천,Nam-gu/남구,Hagik-dong/학익동
Incheon/인천,Nam-gu/남구,Hwajang-dong/화장동
Incheon/인천,Nam-gu/남구,Hwangseong-dong/황성동
Incheon/인천,Nam-gu/남구,Icheon-dong/이천동
Incheon/인천,Nam-gu/남구,Ijang-dong/이장동
Incheon/인천,Nam-gu/남구,Imam-dong/임암동
Incheon/인천,Nam-gu/남구,Jangsaengpo-dong/장생포동
Incheon/인천,Nam-gu/남구,Jinwol-dong/진월동
Incheon/인천,Nam-gu/남구,Jiseok-dong/지석동
Incheon/인천,Nam-gu/남구,Juan 1(il)-dong/주안1동
Incheon/인천,Nam-gu/남구,Juan 2(i)-dong/주안2동
Incheon/인천,Nam-gu/남구,Juan 3(sam)-dong/주안3동
Incheon/인천,Nam-gu/남구,Juan 4(sa)-dong/주안4동
Incheon/인천,Nam-gu/남구,Juan 5(o)-dong/주안5동
Incheon/인천,Nam-gu/남구,Juan 6(yuk)-dong/주안6동
Incheon/인천,Nam-gu/남구,Juan 7(chil)-dong/주안7동
Incheon/인천,Nam-gu/남구,Juan 8(pal)-dong/주안8동
Incheon/인천,Nam-gu/남구,Juan-dong/주안동
Incheon/인천,Nam-gu/남구,Juwol-dong/주월동
Incheon/인천,Nam-gu/남구,Juwor 1(il)-dong/주월1동
Incheon/인천,Nam-gu/남구,Juwor 2(i)-dong/주월2동
Incheon/인천,Nam-gu/남구,Maeam-dong/매암동
Incheon/인천,Nam-gu/남구,Mugeo-dong/무거동
Incheon/인천,Nam-gu/남구,Munhak-dong/문학동
Incheon/인천,Nam-gu/남구,Munhyeon 1(il)-dong/문현1동
Incheon/인천,Nam-gu/남구,Munhyeon 2(i)-dong/문현2동
Incheon/인천,Nam-gu/남구,Munhyeon 3(sam)-dong/문현3동
Incheon/인천,Nam-gu/남구,Munhyeon 4(sa)-dong/문현4동
Incheon/인천,Nam-gu/남구,Munhyeon-dong/문현동
Incheon/인천,Nam-gu/남구,Namdaeguucheguksaseoham/남대구우체국사서함
Incheon/인천,Nam-gu/남구,Namhwa-dong/남화동
Incheon/인천,Nam-gu/남구,Namulsanucheguksaseoham/남울산우체국사서함
Incheon/인천,Nam-gu/남구,Nodae-dong/노대동
Incheon/인천,Nam-gu/남구,Ok-dong/옥동
Incheon/인천,Nam-gu/남구,Sa-dong/사동
Incheon/인천,Nam-gu/남구,Samsan-dong/삼산동
Incheon/인천,Nam-gu/남구,Sanggae-dong/상개동
Incheon/인천,Nam-gu/남구,Seo 1(il)-dong/서1동
Incheon/인천,Nam-gu/남구,Seo 2(i)-dong/서2동
Incheon/인천,Nam-gu/남구,Seo-dong/서동
Incheon/인천,Nam-gu/남구,Seokjeong-dong/석정동
Incheon/인천,Nam-gu/남구,Seonam-dong/선암동
Incheon/인천,Nam-gu/남구,Seongam-dong/성암동
Incheon/인천,Nam-gu/남구,Seungchon-dong/승촌동
Incheon/인천,Nam-gu/남구,Sinjang-dong/신장동
Incheon/인천,Nam-gu/남구,Sinjeong 1(il)-dong/신정1동
Incheon/인천,Nam-gu/남구,Sinjeong 2(i)-dong/신정2동
Incheon/인천,Nam-gu/남구,Sinjeong 3(sam)-dong/신정3동
Incheon/인천,Nam-gu/남구,Sinjeong 4(sa)-dong/신정4동
Incheon/인천,Nam-gu/남구,Sinjeong 5(o)-dong/신정5동
Incheon/인천,Nam-gu/남구,Sinjeong-dong/신정동
Incheon/인천,Nam-gu/남구,Songha-dong/송하동
Incheon/인천,Nam-gu/남구,Sungui 1(il)-dong/숭의1동
Incheon/인천,Nam-gu/남구,Sungui 2(i)-dong/숭의2동
Incheon/인천,Nam-gu/남구,Sungui 3(sam)-dong/숭의3동
Incheon/인천,Nam-gu/남구,Sungui 4(sa)-dong/숭의4동
Incheon/인천,Nam-gu/남구,Sungui-dong/숭의동
Incheon/인천,Nam-gu/남구,Uam 1(il)-dong/우암1동
Incheon/인천,Nam-gu/남구,Uam 2(i)-dong/우암2동
Incheon/인천,Nam-gu/남구,Uam-dong/우암동
Incheon/인천,Nam-gu/남구,Wolsan 1(il)-dong/월산1동
Incheon/인천,Nam-gu/남구,Wolsan 2(i)-dong/월산2동
Incheon/인천,Nam-gu/남구,Wolsan 3(sam)-dong/월산3동
Incheon/인천,Nam-gu/남구,Wolsan 4(sa)-dong/월산4동
Incheon/인천,Nam-gu/남구,Wolsan 5(o)-dong/월산5동
Incheon/인천,Nam-gu/남구,Wolsan-dong/월산동
Incheon/인천,Nam-gu/남구,Wolseong-dong/월성동
Incheon/인천,Nam-gu/남구,Wonsan-dong/원산동
Incheon/인천,Nam-gu/남구,Yaeum-dong/야음동
Incheon/인천,Nam-gu/남구,Yangchon-dong/양촌동
Incheon/인천,Nam-gu/남구,Yanggwa-dong/양과동
Incheon/인천,Nam-gu/남구,Yangrim-dong/양림동
Incheon/인천,Nam-gu/남구,Yeocheon-dong/여천동
Incheon/인천,Nam-gu/남구,Yongdang-dong/용당동
Incheon/인천,Nam-gu/남구,Yongho 1(il)-dong/용호1동
Incheon/인천,Nam-gu/남구,Yongho 2(i)-dong/용호2동
Incheon/인천,Nam-gu/남구,Yongho 3(sam)-dong/용호3동
Incheon/인천,Nam-gu/남구,Yongho 4(sa)-dong/용호4동
Incheon/인천,Nam-gu/남구,Yongho-dong/용호동
Incheon/인천,Nam-gu/남구,Yonghyeon 1(il)-dong/용현1동
Incheon/인천,Nam-gu/남구,Yonghyeon 2(i)-dong/용현2동
Incheon/인천,Nam-gu/남구,Yonghyeon 3(sam)-dong/용현3동
Incheon/인천,Nam-gu/남구,Yonghyeon 4(sa)-dong/용현4동
Incheon/인천,Nam-gu/남구,Yonghyeon 5(o)-dong/용현5동
Incheon/인천,Nam-gu/남구,Yonghyeon-dong/용현동
Incheon/인천,Nam-gu/남구,Yongjam-dong/용잠동
Incheon/인천,Nam-gu/남구,Yongyeon-dong/용연동
Incheon/인천,Ongjin-gun/옹진군,Baekryeong-myeon/백령면
Incheon/인천,Ongjin-gun/옹진군,Bukdo-myeon/북도면
Incheon/인천,Ongjin-gun/옹진군,Daecheong-myeon/대청면
Incheon/인천,Ongjin-gun/옹진군,Deokjeok-myeon/덕적면
Incheon/인천,Ongjin-gun/옹진군,Jawol-myeon/자월면
Incheon/인천,Ongjin-gun/옹진군,Yeongheung-myeon/영흥면
Incheon/인천,Ongjin-gun/옹진군,Yeonpyeong-myeon/연평면
Incheon/인천,Seo-gu/서구,Amidong 1(il)-ga/아미동1가
Incheon/인천,Seo-gu/서구,Amidong 2(i)-ga/아미동2가
Incheon/인천,Seo-gu/서구,Ami-dong/아미동
Incheon/인천,Seo-gu/서구,Amnam-dong/암남동
Incheon/인천,Seo-gu/서구,Baekseok-dong/백석동
Incheon/인천,Seo-gu/서구,Bisan 1(il)-dong/비산1동
Incheon/인천,Seo-gu/서구,Bisan 2.3-dong/비산2.3동
Incheon/인천,Seo-gu/서구,Bisan 4(sa)-dong/비산4동
Incheon/인천,Seo-gu/서구,Bisan 5(o)-dong/비산5동
Incheon/인천,Seo-gu/서구,Bisan 6(yuk)-dong/비산6동
Incheon/인천,Seo-gu/서구,Bisan 7(chil)-dong/비산7동
Incheon/인천,Seo-gu/서구,Bisan-dong/비산동
Incheon/인천,Seo-gu/서구,Boksu-dong/복수동
Incheon/인천,Seo-gu/서구,Bonggok-dong/봉곡동
Incheon/인천,Seo-gu/서구,Bullo-dong/불로동
Incheon/인천,Seo-gu/서구,Bumindong 1(il)-ga/부민동1가
Incheon/인천,Seo-gu/서구,Bumindong 2(i)-ga/부민동2가
Incheon/인천,Seo-gu/서구,Bumindong 3(sam)-ga/부민동3가
Incheon/인천,Seo-gu/서구,Bumin-dong/부민동
Incheon/인천,Seo-gu/서구,Buyongdong 1(il)-ga/부용동1가
Incheon/인천,Seo-gu/서구,Buyongdong 2(i)-ga/부용동2가
Incheon/인천,Seo-gu/서구,Buyong-dong/부용동
Incheon/인천,Seo-gu/서구,Byeokjin-dong/벽진동
Incheon/인천,Seo-gu/서구,Byeon-dong/변동
Incheon/인천,Seo-gu/서구,Chipyeong-dong/치평동
Incheon/인천,Seo-gu/서구,Chojang-dong/초장동
Incheon/인천,Seo-gu/서구,Chungmudong 1(il)-ga/충무동1가
Incheon/인천,Seo-gu/서구,Chungmudong 2(i)-ga/충무동2가
Incheon/인천,Seo-gu/서구,Chungmudong 3(sam)-ga/충무동3가
Incheon/인천,Seo-gu/서구,Chungmu-dong/충무동
Incheon/인천,Seo-gu/서구,Daegok-dong/대곡동
Incheon/인천,Seo-gu/서구,Daejeondunsanucheguksaseoham/대전둔산우체국사서함
Incheon/인천,Seo-gu/서구,Dangha-dong/당하동
Incheon/인천,Seo-gu/서구,Deokheung-dong/덕흥동
Incheon/인천,Seo-gu/서구,Doan-dong/도안동
Incheon/인천,Seo-gu/서구,Doma 1(il)-dong/도마1동
Incheon/인천,Seo-gu/서구,Doma 2(i)-dong/도마2동
Incheon/인천,Seo-gu/서구,Doma-dong/도마동
Incheon/인천,Seo-gu/서구,Dongdaesindong 1(il)-ga/동대신동1가
Incheon/인천,Seo-gu/서구,Dongdaesindong 2(i)-ga/동대신동2가
Incheon/인천,Seo-gu/서구,Dongdaesindong 3(sam)-ga/동대신동3가
Incheon/인천,Seo-gu/서구,Dunsan 1(il)-dong/둔산1동
Incheon/인천,Seo-gu/서구,Dunsan 2(i)-dong/둔산2동
Incheon/인천,Seo-gu/서구,Dunsan-dong/둔산동
Incheon/인천,Seo-gu/서구,Gajang-dong/가장동
Incheon/인천,Seo-gu/서구,Gajeong 1(il)-dong/가정1동
Incheon/인천,Seo-gu/서구,Gajeong 2(i)-dong/가정2동
Incheon/인천,Seo-gu/서구,Gajeong 3(sam)-dong/가정3동
Incheon/인천,Seo-gu/서구,Gajeong-dong/가정동
Incheon/인천,Seo-gu/서구,Gajwa 1(il)-dong/가좌1동
Incheon/인천,Seo-gu/서구,Gajwa 2(i)-dong/가좌2동
Incheon/인천,Seo-gu/서구,Gajwa 3(sam)-dong/가좌3동
Incheon/인천,Seo-gu/서구,Gajwa 4(sa)-dong/가좌4동
Incheon/인천,Seo-gu/서구,Gajwa-dong/가좌동
Incheon/인천,Seo-gu/서구,Galma 1(il)-dong/갈마1동
Incheon/인천,Seo-gu/서구,Galma 2(i)-dong/갈마2동
Incheon/인천,Seo-gu/서구,Galma-dong/갈마동
Incheon/인천,Seo-gu/서구,Gasuwon-dong/가수원동
Incheon/인천,Seo-gu/서구,Geomam-dong/검암동
Incheon/인천,Seo-gu/서구,Geumgok-dong/금곡동
Incheon/인천,Seo-gu/서구,Geumho-dong/금호동
Incheon/인천,Seo-gu/서구,Goegok-dong/괴곡동
Incheon/인천,Seo-gu/서구,Goejeong-dong/괴정동
Incheon/인천,Seo-gu/서구,Gongchon-dong/공촌동
Incheon/인천,Seo-gu/서구,Gwangcheon-dong/광천동
Incheon/인천,Seo-gu/서구,Gwanjeo 1(il)-dong/관저1동
Incheon/인천,Seo-gu/서구,Gwanjeo 2(i)-dong/관저2동
Incheon/인천,Seo-gu/서구,Gwanjeo-dong/관저동
Incheon/인천,Seo-gu/서구,Gyeongseo-dong/경서동
Incheon/인천,Seo-gu/서구,Heukseok-dong/흑석동
Incheon/인천,Seo-gu/서구,Hwajeong 1(il)-dong/화정1동
Incheon/인천,Seo-gu/서구,Hwajeong 2(i)-dong/화정2동
Incheon/인천,Seo-gu/서구,Hwajeong 3(sam)-dong/화정3동
Incheon/인천,Seo-gu/서구,Hwajeong 4(sa)-dong/화정4동
Incheon/인천,Seo-gu/서구,Hwajeong-dong/화정동
Incheon/인천,Seo-gu/서구,Ihyeon-dong/이현동
Incheon/인천,Seo-gu/서구,Jangan-dong/장안동
Incheon/인천,Seo-gu/서구,Jeongrim-dong/정림동
Incheon/인천,Seo-gu/서구,Jungri-dong/중리동
Incheon/인천,Seo-gu/서구,Maeno-dong/매노동
Incheon/인천,Seo-gu/서구,Maewol-dong/매월동
Incheon/인천,Seo-gu/서구,Majeon-dong/마전동
Incheon/인천,Seo-gu/서구,Mannyeon-dong/만년동
Incheon/인천,Seo-gu/서구,Mareuk-dong/마륵동
Incheon/인천,Seo-gu/서구,Naebang-dong/내방동
Incheon/인천,Seo-gu/서구,Naedang 1(il)-dong/내당1동
Incheon/인천,Seo-gu/서구,Naedang 2.3-dong/내당2.3동
Incheon/인천,Seo-gu/서구,Naedang 4(sa)-dong/내당4동
Incheon/인천,Seo-gu/서구,Naedang-dong/내당동
Incheon/인천,Seo-gu/서구,Nae-dong/내동
Incheon/인천,Seo-gu/서구,Nambumin 1(il)-dong/남부민1동
Incheon/인천,Seo-gu/서구,Nambumin 2(i)-dong/남부민2동
Incheon/인천,Seo-gu/서구,Nambumin-dong/남부민동
Incheon/인천,Seo-gu/서구,Nongseong 1(il)-dong/농성1동
Incheon/인천,Seo-gu/서구,Nongseong 2(i)-dong/농성2동
Incheon/인천,Seo-gu/서구,Nongseong-dong/농성동
Incheon/인천,Seo-gu/서구,O-dong/오동
Incheon/인천,Seo-gu/서구,Oryu-dong/오류동
Incheon/인천,Seo-gu/서구,Pungam-dong/풍암동
Incheon/인천,Seo-gu/서구,Pyeongchon-dong/평촌동
Incheon/인천,Seo-gu/서구,Pyeongri 1(il)-dong/평리1동
Incheon/인천,Seo-gu/서구,Pyeongri 2(i)-dong/평리2동
Incheon/인천,Seo-gu/서구,Pyeongri 3(sam)-dong/평리3동
Incheon/인천,Seo-gu/서구,Pyeongri 4(sa)-dong/평리4동
Incheon/인천,Seo-gu/서구,Pyeongri 5(o)-dong/평리5동
Incheon/인천,Seo-gu/서구,Pyeongri 6(yuk)-dong/평리6동
Incheon/인천,Seo-gu/서구,Pyeongri-dong/평리동
Incheon/인천,Seo-gu/서구,Samcheon-dong/삼천동
Incheon/인천,Seo-gu/서구,Sangmu 1(il)-dong/상무1동
Incheon/인천,Seo-gu/서구,Sangmu 2(i)-dong/상무2동
Incheon/인천,Seo-gu/서구,Sangmu-dong/상무동
Incheon/인천,Seo-gu/서구,Sangri-dong/상리동
Incheon/인천,Seo-gu/서구,Sanjik-dong/산직동
Incheon/인천,Seo-gu/서구,Seha-dong/세하동
Incheon/인천,Seo-gu/서구,Seochang-dong/서창동
Incheon/인천,Seo-gu/서구,Seodaeguucheguksaseoham/서대구우체국사서함
Incheon/인천,Seo-gu/서구,Seodaesindong 1(il)-ga/서대신동1가
Incheon/인천,Seo-gu/서구,Seodaesindong 2(i)-ga/서대신동2가
Incheon/인천,Seo-gu/서구,Seodaesindong 3(sam)-ga/서대신동3가
Incheon/인천,Seo-gu/서구,Seogwangjuucheguksaseoham/서광주우체국사서함
Incheon/인천,Seo-gu/서구,Seoincheonucheguksaseoham/서인천우체국사서함
Incheon/인천,Seo-gu/서구,Seoknam 1(il)-dong/석남1동
Incheon/인천,Seo-gu/서구,Seoknam 2(i)-dong/석남2동
Incheon/인천,Seo-gu/서구,Seoknam 3(sam)-dong/석남3동
Incheon/인천,Seo-gu/서구,Seoknam-dong/석남동
Incheon/인천,Seo-gu/서구,Sicheon-dong/시천동
Incheon/인천,Seo-gu/서구,Simgok-dong/심곡동
Incheon/인천,Seo-gu/서구,Sinhyeon-dong/신현동
Incheon/인천,Seo-gu/서구,Ssangchon-dong/쌍촌동
Incheon/인천,Seo-gu/서구,Tanbang-dong/탄방동
Incheon/인천,Seo-gu/서구,Toseongdong 1(il)-ga/토성동1가
Incheon/인천,Seo-gu/서구,Toseongdong 2(i)-ga/토성동2가
Incheon/인천,Seo-gu/서구,Toseongdong 3(sam)-ga/토성동3가
Incheon/인천,Seo-gu/서구,Toseongdong 4(sa)-ga/토성동4가
Incheon/인천,Seo-gu/서구,Toseongdong 5(o)-ga/토성동5가
Incheon/인천,Seo-gu/서구,Toseong-dong/토성동
Incheon/인천,Seo-gu/서구,Umyeong-dong/우명동
Incheon/인천,Seo-gu/서구,Wanggil-dong/왕길동
Incheon/인천,Seo-gu/서구,Wolpyeong 1(il)-dong/월평1동
Incheon/인천,Seo-gu/서구,Wolpyeong 2(i)-dong/월평2동
Incheon/인천,Seo-gu/서구,Wolpyeong 3(sam)-dong/월평3동
Incheon/인천,Seo-gu/서구,Wolpyeong-dong/월평동
Incheon/인천,Seo-gu/서구,Wonchang-dong/원창동
Incheon/인천,Seo-gu/서구,Wondaedong 1(il)-ga/원대동1가
Incheon/인천,Seo-gu/서구,Wondaedong 2(i)-ga/원대동2가
Incheon/인천,Seo-gu/서구,Wondaedong 3(sam)-ga/원대동3가
Incheon/인천,Seo-gu/서구,Wondang-dong/원당동
Incheon/인천,Seo-gu/서구,Wonjeong-dong/원정동
Incheon/인천,Seo-gu/서구,Yang 1(il)-dong/양1동
Incheon/인천,Seo-gu/서구,Yang 2(i)-dong/양2동
Incheon/인천,Seo-gu/서구,Yang 3(sam)-dong/양3동
Incheon/인천,Seo-gu/서구,Yang-dong/양동
Incheon/인천,Seo-gu/서구,Yeonhui-dong/연희동
Incheon/인천,Seo-gu/서구,Yongchon-dong/용촌동
Incheon/인천,Seo-gu/서구,Yongdu-dong/용두동
Incheon/인천,Seo-gu/서구,Yongmun-dong/용문동
Incheon/인천,Seo-gu/서구,Yuchon-dong/유촌동
Incheon/인천,Yeonsu-gu/연수구,Cheonghak-dong/청학동
Incheon/인천,Yeonsu-gu/연수구,Dongchun 1(il)-dong/동춘1동
Incheon/인천,Yeonsu-gu/연수구,Dongchun 2(i)-dong/동춘2동
Incheon/인천,Yeonsu-gu/연수구,Dongchun 3(sam)-dong/동춘3동
Incheon/인천,Yeonsu-gu/연수구,Dongchun-dong/동춘동
Incheon/인천,Yeonsu-gu/연수구,Incheonucheguksaseoham/인천우체국사서함
Incheon/인천,Yeonsu-gu/연수구,Okryeon-dong/옥련동
Incheon/인천,Yeonsu-gu/연수구,Seonhak-dong/선학동
Incheon/인천,Yeonsu-gu/연수구,Songdo-dong/송도동
Incheon/인천,Yeonsu-gu/연수구,Yeonsu 1(il)-dong/연수1동
Incheon/인천,Yeonsu-gu/연수구,Yeonsu 2(i)-dong/연수2동
Incheon/인천,Yeonsu-gu/연수구,Yeonsu 3(sam)-dong/연수3동
Incheon/인천,Yeonsu-gu/연수구,Yeonsu-dong/연수동
Jeju-do/제주,Jeju-si/제주시,Aewor-eup/애월읍
Jeju-do/제주,Jeju-si/제주시,Ara 1(il)-dong/아라1동
Jeju-do/제주,Jeju-si/제주시,Ara 2(i)-dong/아라2동
Jeju-do/제주,Jeju-si/제주시,Ara-dong/아라동
Jeju-do/제주,Jeju-si/제주시,Bonggae-dong/봉개동
Jeju-do/제주,Jeju-si/제주시,Chuja-myeon/추자면
Jeju-do/제주,Jeju-si/제주시,Dodu 1(il)-dong/도두1동
Jeju-do/제주,Jeju-si/제주시,Dodu 2(i)-dong/도두2동
Jeju-do/제주,Jeju-si/제주시,Dodu-dong/도두동
Jeju-do/제주,Jeju-si/제주시,Donam-dong/도남동
Jeju-do/제주,Jeju-si/제주시,Dopyeong-dong/도평동
Jeju-do/제주,Jeju-si/제주시,Doryeon 1(il)-dong/도련1동
Jeju-do/제주,Jeju-si/제주시,Doryeon 2(i)-dong/도련2동
Jeju-do/제주,Jeju-si/제주시,Doryeon-dong/도련동
Jeju-do/제주,Jeju-si/제주시,Geonip-dong/건입동
Jeju-do/제주,Jeju-si/제주시,Gujwa-eup/구좌읍
Jeju-do/제주,Jeju-si/제주시,Haean-dong/해안동
Jeju-do/제주,Jeju-si/제주시,Hangyeong-myeon/한경면
Jeju-do/제주,Jeju-si/제주시,Hanrim-eup/한림읍
Jeju-do/제주,Jeju-si/제주시,Hoecheon-dong/회천동
Jeju-do/제주,Jeju-si/제주시,Hwabug 1(il)-dong/화북1동
Jeju-do/제주,Jeju-si/제주시,Hwabug 2(i)-dong/화북2동
Jeju-do/제주,Jeju-si/제주시,Hwabuk-dong/화북동
Jeju-do/제주,Jeju-si/제주시,Ido 1(il)-dong/이도1동
Jeju-do/제주,Jeju-si/제주시,Ido 2(i)-dong/이도2동
Jeju-do/제주,Jeju-si/제주시,Ido-dong/이도동
Jeju-do/제주,Jeju-si/제주시,Iho 1(il)-dong/이호1동
Jeju-do/제주,Jeju-si/제주시,Iho 2(i)-dong/이호2동
Jeju-do/제주,Jeju-si/제주시,Iho-dong/이호동
Jeju-do/제주,Jeju-si/제주시,Ildo 1(il)-dong/일도1동
Jeju-do/제주,Jeju-si/제주시,Ildo 2(i)-dong/일도2동
Jeju-do/제주,Jeju-si/제주시,Ildo-dong/일도동
Jeju-do/제주,Jeju-si/제주시,Jejuucheguksaseoham/제주우체국사서함
Jeju-do/제주,Jeju-si/제주시,Jejuupyeonjipjungguksaseoham/제주우편집중국사서함
Jeju-do/제주,Jeju-si/제주시,Jocheon-eup/조천읍
Jeju-do/제주,Jeju-si/제주시,Naedo-dong/내도동
Jeju-do/제주,Jeju-si/제주시,Nohyeong-dong/노형동
Jeju-do/제주,Jeju-si/제주시,Odeung-dong/오등동
Jeju-do/제주,Jeju-si/제주시,Oedo 1(il)-dong/외도1동
Jeju-do/제주,Jeju-si/제주시,Oedo 2(i)-dong/외도2동
Jeju-do/제주,Jeju-si/제주시,Oedo-dong/외도동
Jeju-do/제주,Jeju-si/제주시,Ora 1(il)-dong/오라1동
Jeju-do/제주,Jeju-si/제주시,Ora 2(i)-dong/오라2동
Jeju-do/제주,Jeju-si/제주시,Ora 3(sam)-dong/오라3동
Jeju-do/제주,Jeju-si/제주시,Ora-dong/오라동
Jeju-do/제주,Jeju-si/제주시,Samdo 1(il)-dong/삼도1동
Jeju-do/제주,Jeju-si/제주시,Samdo 2(i)-dong/삼도2동
Jeju-do/제주,Jeju-si/제주시,Samdo-dong/삼도동
Jeju-do/제주,Jeju-si/제주시,Samyang 1(il)-dong/삼양1동
Jeju-do/제주,Jeju-si/제주시,Samyang 2(i)-dong/삼양2동
Jeju-do/제주,Jeju-si/제주시,Samyang 3(sam)-dong/삼양3동
Jeju-do/제주,Jeju-si/제주시,Samyang-dong/삼양동
Jeju-do/제주,Jeju-si/제주시,Udo-myeon/우도면
Jeju-do/제주,Jeju-si/제주시,Wolpyeong-dong/월평동
Jeju-do/제주,Jeju-si/제주시,Yeon-dong/연동
Jeju-do/제주,Jeju-si/제주시,Yeongpyeong-dong/영평동
Jeju-do/제주,Jeju-si/제주시,Yongdam 1(il)-dong/용담1동
Jeju-do/제주,Jeju-si/제주시,Yongdam 2(i)-dong/용담2동
Jeju-do/제주,Jeju-si/제주시,Yongdam 3(sam)-dong/용담3동
Jeju-do/제주,Jeju-si/제주시,Yongdam-dong/용담동
Jeju-do/제주,Jeju-si/제주시,Yonggang-dong/용강동
Jeju-do/제주,Seogwipo-si/서귀포시,Andeok-myeon/안덕면
Jeju-do/제주,Seogwipo-si/서귀포시,Beophwan-dong/법환동
Jeju-do/제주,Seogwipo-si/서귀포시,Bomok-dong/보목동
Jeju-do/제주,Seogwipo-si/서귀포시,Cheonji-dong/천지동
Jeju-do/제주,Seogwipo-si/서귀포시,Daejeong-eup/대정읍
Jeju-do/제주,Seogwipo-si/서귀포시,Daepo-dong/대포동
Jeju-do/제주,Seogwipo-si/서귀포시,Donghong-dong/동홍동
Jeju-do/제주,Seogwipo-si/서귀포시,Dosun-dong/도순동
Jeju-do/제주,Seogwipo-si/서귀포시,Gangjeong-dong/강정동
Jeju-do/제주,Seogwipo-si/서귀포시,Hahyo-dong/하효동
Jeju-do/제주,Seogwipo-si/서귀포시,Hawon-dong/하원동
Jeju-do/제주,Seogwipo-si/서귀포시,Haye-dong/하예동
Jeju-do/제주,Seogwipo-si/서귀포시,Hoesu-dong/회수동
Jeju-do/제주,Seogwipo-si/서귀포시,Hogeun-dong/호근동
Jeju-do/제주,Seogwipo-si/서귀포시,Jeongbang-dong/정방동
Jeju-do/제주,Seogwipo-si/서귀포시,Jungang-dong/중앙동
Jeju-do/제주,Seogwipo-si/서귀포시,Jungmun-dong/중문동
Jeju-do/제주,Seogwipo-si/서귀포시,Namwon-eup/남원읍
Jeju-do/제주,Seogwipo-si/서귀포시,Pyoseon-myeon/표선면
Jeju-do/제주,Seogwipo-si/서귀포시,Saekdal-dong/색달동
Jeju-do/제주,Seogwipo-si/서귀포시,Sanghyo-dong/상효동
Jeju-do/제주,Seogwipo-si/서귀포시,Sangye-dong/상예동
Jeju-do/제주,Seogwipo-si/서귀포시,Seogwi-dong/서귀동
Jeju-do/제주,Seogwipo-si/서귀포시,Seogwipoucheguksaseoham/서귀포우체국사서함
Jeju-do/제주,Seogwipo-si/서귀포시,Seoho-dong/서호동
Jeju-do/제주,Seogwipo-si/서귀포시,Seohong-dong/서홍동
Jeju-do/제주,Seogwipo-si/서귀포시,Seongsan-eup/성산읍
Jeju-do/제주,Seogwipo-si/서귀포시,Sinhyo-dong/신효동
Jeju-do/제주,Seogwipo-si/서귀포시,Songsan-dong/송산동
Jeju-do/제주,Seogwipo-si/서귀포시,Topyeong-dong/토평동
Jeju-do/제주,Seogwipo-si/서귀포시,Wolpyeong-dong/월평동
Jeju-do/제주,Seogwipo-si/서귀포시,Yeongnam-dong/영남동
Jeju-do/제주,Seogwipo-si/서귀포시,Yongheung-dong/용흥동
Jeollabuk-do/전북,Buan-gun/부안군,Baeksan-myeon/백산면
Jeollabuk-do/전북,Buan-gun/부안군,Boan-myeon/보안면
Jeollabuk-do/전북,Buan-gun/부안군,Buan-eup/부안읍
Jeollabuk-do/전북,Buan-gun/부안군,Byeonsan-myeon/변산면
Jeollabuk-do/전북,Buan-gun/부안군,Dongjin-myeon/동진면
Jeollabuk-do/전북,Buan-gun/부안군,Gyehwa-myeon/계화면
Jeollabuk-do/전북,Buan-gun/부안군,Haengan-myeon/행안면
Jeollabuk-do/전북,Buan-gun/부안군,Haseo-myeon/하서면
Jeollabuk-do/전북,Buan-gun/부안군,Jinseo-myeon/진서면
Jeollabuk-do/전북,Buan-gun/부안군,Julpo-myeon/줄포면
Jeollabuk-do/전북,Buan-gun/부안군,Jusan-myeon/주산면
Jeollabuk-do/전북,Buan-gun/부안군,Sangseo-myeon/상서면
Jeollabuk-do/전북,Buan-gun/부안군,Wido-myeon/위도면
Jeollabuk-do/전북,Deokjin-gu Jeonju-si/전주시 덕진구,Banwol-dong/반월동
Jeollabuk-do/전북,Deokjin-gu Jeonju-si/전주시 덕진구,Deokjindong 1(il)-ga/덕진동1가
Jeollabuk-do/전북,Deokjin-gu Jeonju-si/전주시 덕진구,Deokjindong 2(i)-ga/덕진동2가
Jeollabuk-do/전북,Deokjin-gu Jeonju-si/전주시 덕진구,Dodeok-dong/도덕동
Jeollabuk-do/전북,Deokjin-gu Jeonju-si/전주시 덕진구,Dodo-dong/도도동
Jeollabuk-do/전북,Deokjin-gu Jeonju-si/전주시 덕진구,Dongjeonjuucheguksaseoham/동전주우체국사서함
Jeollabuk-do/전북,Deokjin-gu Jeonju-si/전주시 덕진구,Dongsan-dong/동산동
Jeollabuk-do/전북,Deokjin-gu Jeonju-si/전주시 덕진구,Gangheung-dong/강흥동
Jeollabuk-do/전북,Deokjin-gu Jeonju-si/전주시 덕진구,Geumam 1(il)-dong/금암1동
Jeollabuk-do/전북,Deokjin-gu Jeonju-si/전주시 덕진구,Geumam 2(i)-dong/금암2동
Jeollabuk-do/전북,Deokjin-gu Jeonju-si/전주시 덕진구,Geumam-dong/금암동
Jeollabuk-do/전북,Deokjin-gu Jeonju-si/전주시 덕진구,Geumsang-dong/금상동
Jeollabuk-do/전북,Deokjin-gu Jeonju-si/전주시 덕진구,Gorang-dong/고랑동
Jeollabuk-do/전북,Deokjin-gu Jeonju-si/전주시 덕진구,Hoseongdong 1(il)-ga/호성동1가
Jeollabuk-do/전북,Deokjin-gu Jeonju-si/전주시 덕진구,Hoseongdong 2(i)-ga/호성동2가
Jeollabuk-do/전북,Deokjin-gu Jeonju-si/전주시 덕진구,Hoseongdong 3(sam)-ga/호성동3가
Jeollabuk-do/전북,Deokjin-gu Jeonju-si/전주시 덕진구,Hwajeon-dong/화전동
Jeollabuk-do/전북,Deokjin-gu Jeonju-si/전주시 덕진구,Inhudong 1(il)-ga/인후동1가
Jeollabuk-do/전북,Deokjin-gu Jeonju-si/전주시 덕진구,Inhudong 2(i)-ga/인후동2가
Jeollabuk-do/전북,Deokjin-gu Jeonju-si/전주시 덕진구,Jang-dong/장동
Jeollabuk-do/전북,Deokjin-gu Jeonju-si/전주시 덕진구,Jeonmidong 1(il)-ga/전미동1가
Jeollabuk-do/전북,Deokjin-gu Jeonju-si/전주시 덕진구,Jeonmidong 2(i)-ga/전미동2가
Jeollabuk-do/전북,Deokjin-gu Jeonju-si/전주시 덕진구,Jinbuk-dong/진북동
Jeollabuk-do/전북,Deokjin-gu Jeonju-si/전주시 덕진구,Manseong-dong/만성동
Jeollabuk-do/전북,Deokjin-gu Jeonju-si/전주시 덕진구,Namjeong-dong/남정동
Jeollabuk-do/전북,Deokjin-gu Jeonju-si/전주시 덕진구,Palbokdong 1(il)-ga/팔복동1가
Jeollabuk-do/전북,Deokjin-gu Jeonju-si/전주시 덕진구,Palbokdong 2(i)-ga/팔복동2가
Jeollabuk-do/전북,Deokjin-gu Jeonju-si/전주시 덕진구,Palbokdong 3(sam)-ga/팔복동3가
Jeollabuk-do/전북,Deokjin-gu Jeonju-si/전주시 덕진구,Palbokdong 4(sa)-ga/팔복동4가
Jeollabuk-do/전북,Deokjin-gu Jeonju-si/전주시 덕진구,Sanjeong-dong/산정동
Jeollabuk-do/전북,Deokjin-gu Jeonju-si/전주시 덕진구,Seongdeok-dong/성덕동
Jeollabuk-do/전북,Deokjin-gu Jeonju-si/전주시 덕진구,Songcheondong 1(il)-ga/송천동1가
Jeollabuk-do/전북,Deokjin-gu Jeonju-si/전주시 덕진구,Songcheondong 2(i)-ga/송천동2가
Jeollabuk-do/전북,Deokjin-gu Jeonju-si/전주시 덕진구,Uadong 1(il)-ga/우아동1가
Jeollabuk-do/전북,Deokjin-gu Jeonju-si/전주시 덕진구,Uadong 2(i)-ga/우아동2가
Jeollabuk-do/전북,Deokjin-gu Jeonju-si/전주시 덕진구,Uadong 3(sam)-ga/우아동3가
Jeollabuk-do/전북,Deokjin-gu Jeonju-si/전주시 덕진구,Won-dong/원동
Jeollabuk-do/전북,Deokjin-gu Jeonju-si/전주시 덕진구,Yeoui-dong/여의동
Jeollabuk-do/전북,Deokjin-gu Jeonju-si/전주시 덕진구,Yongjeong-dong/용정동
Jeollabuk-do/전북,Gimje-si/김제시,Baekgu-myeon/백구면
Jeollabuk-do/전북,Gimje-si/김제시,Baekhak-dong/백학동
Jeollabuk-do/전북,Gimje-si/김제시,Baeksan-myeon/백산면
Jeollabuk-do/전북,Gimje-si/김제시,Bokjuk-dong/복죽동
Jeollabuk-do/전북,Gimje-si/김제시,Bongnam-myeon/봉남면
Jeollabuk-do/전북,Gimje-si/김제시,Buryang-myeon/부량면
Jeollabuk-do/전북,Gimje-si/김제시,Cheongha-myeon/청하면
Jeollabuk-do/전북,Gimje-si/김제시,Dojang-dong/도장동
Jeollabuk-do/전북,Gimje-si/김제시,Galgong-dong/갈공동
Jeollabuk-do/전북,Gimje-si/김제시,Geomsan-dong/검산동
Jeollabuk-do/전북,Gimje-si/김제시,Geumgu-myeon/금구면
Jeollabuk-do/전북,Gimje-si/김제시,Geumsan-myeon/금산면
Jeollabuk-do/전북,Gimje-si/김제시,Gimjeucheguksaseoham/김제우체국사서함
Jeollabuk-do/전북,Gimje-si/김제시,Gongdeok-myeon/공덕면
Jeollabuk-do/전북,Gimje-si/김제시,Gwanghwal-myeon/광활면
Jeollabuk-do/전북,Gimje-si/김제시,Gyo-dong/교동
Jeollabuk-do/전북,Gimje-si/김제시,Ha-dong/하동
Jeollabuk-do/전북,Gimje-si/김제시,Heungsa-dong/흥사동
Jeollabuk-do/전북,Gimje-si/김제시,Hwangsan-dong/황산동
Jeollabuk-do/전북,Gimje-si/김제시,Hwangsan-myeon/황산면
Jeollabuk-do/전북,Gimje-si/김제시,Ipseok-dong/입석동
Jeollabuk-do/전북,Gimje-si/김제시,Janghwa-dong/장화동
Jeollabuk-do/전북,Gimje-si/김제시,Jewol-dong/제월동
Jeollabuk-do/전북,Gimje-si/김제시,Jinbong-myeon/진봉면
Jeollabuk-do/전북,Gimje-si/김제시,Juksan-myeon/죽산면
Jeollabuk-do/전북,Gimje-si/김제시,Mangyeong-eup/만경읍
Jeollabuk-do/전북,Gimje-si/김제시,Myeongdeok-dong/명덕동
Jeollabuk-do/전북,Gimje-si/김제시,Nanbong-dong/난봉동
Jeollabuk-do/전북,Gimje-si/김제시,Ojeong-dong/오정동
Jeollabuk-do/전북,Gimje-si/김제시,Oksan-dong/옥산동
Jeollabuk-do/전북,Gimje-si/김제시,Sangdong-dong/상동동
Jeollabuk-do/전북,Gimje-si/김제시,Seoam-dong/서암동
Jeollabuk-do/전북,Gimje-si/김제시,Seojeong-dong/서정동
Jeollabuk-do/전북,Gimje-si/김제시,Seongdeok-myeon/성덕면
Jeollabuk-do/전북,Gimje-si/김제시,Sindeok-dong/신덕동
Jeollabuk-do/전북,Gimje-si/김제시,Singok-dong/신곡동
Jeollabuk-do/전북,Gimje-si/김제시,Sinpung-dong/신풍동
Jeollabuk-do/전북,Gimje-si/김제시,Sinwol-dong/신월동
Jeollabuk-do/전북,Gimje-si/김제시,Sun-dong/순동
Jeollabuk-do/전북,Gimje-si/김제시,Wolbong-dong/월봉동
Jeollabuk-do/전북,Gimje-si/김제시,Wolseong-dong/월성동
Jeollabuk-do/전북,Gimje-si/김제시,Yangjeon-dong/양전동
Jeollabuk-do/전북,Gimje-si/김제시,Yeonjeong-dong/연정동
Jeollabuk-do/전북,Gimje-si/김제시,Yochon-dong/요촌동
Jeollabuk-do/전북,Gimje-si/김제시,Yong-dong/용동
Jeollabuk-do/전북,Gimje-si/김제시,Yongji-myeon/용지면
Jeollabuk-do/전북,Gochang-gun/고창군,Asan-myeon/아산면
Jeollabuk-do/전북,Gochang-gun/고창군,Buan-myeon/부안면
Jeollabuk-do/전북,Gochang-gun/고창군,Daesan-myeon/대산면
Jeollabuk-do/전북,Gochang-gun/고창군,Gochang-eup/고창읍
Jeollabuk-do/전북,Gochang-gun/고창군,Gongeum-myeon/공음면
Jeollabuk-do/전북,Gochang-gun/고창군,Gosu-myeon/고수면
Jeollabuk-do/전북,Gochang-gun/고창군,Haeri-myeon/해리면
Jeollabuk-do/전북,Gochang-gun/고창군,Heungdeok-myeon/흥덕면
Jeollabuk-do/전북,Gochang-gun/고창군,Mujang-myeon/무장면
Jeollabuk-do/전북,Gochang-gun/고창군,Sangha-myeon/상하면
Jeollabuk-do/전북,Gochang-gun/고창군,Seongnae-myeon/성내면
Jeollabuk-do/전북,Gochang-gun/고창군,Seongsong-myeon/성송면
Jeollabuk-do/전북,Gochang-gun/고창군,Simwon-myeon/심원면
Jeollabuk-do/전북,Gochang-gun/고창군,Sinrim-myeon/신림면
Jeollabuk-do/전북,Gunsan-si/군산시,Bieungdo-dong/비응도동
Jeollabuk-do/전북,Gunsan-si/군산시,Changseong-dong/창성동
Jeollabuk-do/전북,Gunsan-si/군산시,Daemyeong-dong/대명동
Jeollabuk-do/전북,Gunsan-si/군산시,Daeya-myeon/대야면
Jeollabuk-do/전북,Gunsan-si/군산시,Dongheungnam-dong/동흥남동
Jeollabuk-do/전북,Gunsan-si/군산시,Dunyul-dong/둔율동
Jeollabuk-do/전북,Gunsan-si/군산시,Gaebok-dong/개복동
Jeollabuk-do/전북,Gunsan-si/군산시,Gaejeong-dong/개정동
Jeollabuk-do/전북,Gunsan-si/군산시,Gaejeong-myeon/개정면
Jeollabuk-do/전북,Gunsan-si/군산시,Gaesa-dong/개사동
Jeollabuk-do/전북,Gunsan-si/군산시,Geumam-dong/금암동
Jeollabuk-do/전북,Gunsan-si/군산시,Geum-dong/금동
Jeollabuk-do/전북,Gunsan-si/군산시,Geumgwang-dong/금광동
Jeollabuk-do/전북,Gunsan-si/군산시,Guam-dong/구암동
Jeollabuk-do/전북,Gunsan-si/군산시,Gunsanucheguksaseoham/군산우체국사서함
Jeollabuk-do/전북,Gunsan-si/군산시,Gyeongam-dong/경암동
Jeollabuk-do/전북,Gunsan-si/군산시,Gyeongjang-dong/경장동
Jeollabuk-do/전북,Gunsan-si/군산시,Haemang-dong/해망동
Jeollabuk-do/전북,Gunsan-si/군산시,Hoehyeon-myeon/회현면
Jeollabuk-do/전북,Gunsan-si/군산시,Impi-myeon/임피면
Jeollabuk-do/전북,Gunsan-si/군산시,Jangjae-dong/장재동
Jeollabuk-do/전북,Gunsan-si/군산시,Jangmi-dong/장미동
Jeollabuk-do/전북,Gunsan-si/군산시,Jigok-dong/지곡동
Jeollabuk-do/전북,Gunsan-si/군산시,Jochon-dong/조촌동
Jeollabuk-do/전북,Gunsan-si/군산시,Jukseong-dong/죽성동
Jeollabuk-do/전북,Gunsan-si/군산시,Jungangro 1(il)-ga/중앙로1가
Jeollabuk-do/전북,Gunsan-si/군산시,Jungangro 2(i)-ga/중앙로2가
Jeollabuk-do/전북,Gunsan-si/군산시,Jungangro 3(sam)-ga/중앙로3가
Jeollabuk-do/전북,Gunsan-si/군산시,Jung-dong/중동
Jeollabuk-do/전북,Gunsan-si/군산시,Mijang-dong/미장동
Jeollabuk-do/전북,Gunsan-si/군산시,Miryong-dong/미룡동
Jeollabuk-do/전북,Gunsan-si/군산시,Miwon-dong/미원동
Jeollabuk-do/전북,Gunsan-si/군산시,Munhwa-dong/문화동
Jeollabuk-do/전북,Gunsan-si/군산시,Myeongsan-dong/명산동
Jeollabuk-do/전북,Gunsan-si/군산시,Naecho-dong/내초동
Jeollabuk-do/전북,Gunsan-si/군산시,Naeheung-dong/내흥동
Jeollabuk-do/전북,Gunsan-si/군산시,Napo-myeon/나포면
Jeollabuk-do/전북,Gunsan-si/군산시,Naun 1(il)-dong/나운1동
Jeollabuk-do/전북,Gunsan-si/군산시,Naun 2(i)-dong/나운2동
Jeollabuk-do/전북,Gunsan-si/군산시,Naun 3(sam)-dong/나운3동
Jeollabuk-do/전북,Gunsan-si/군산시,Naun-dong/나운동
Jeollabuk-do/전북,Gunsan-si/군산시,Okdo-myeon/옥도면
Jeollabuk-do/전북,Gunsan-si/군산시,Okgu-eup/옥구읍
Jeollabuk-do/전북,Gunsan-si/군산시,Oksan-myeon/옥산면
Jeollabuk-do/전북,Gunsan-si/군산시,Okseo-myeon/옥서면
Jeollabuk-do/전북,Gunsan-si/군산시,Oryong-dong/오룡동
Jeollabuk-do/전북,Gunsan-si/군산시,Osikdo-dong/오식도동
Jeollabuk-do/전북,Gunsan-si/군산시,Pyeonghwa-dong/평화동
Jeollabuk-do/전북,Gunsan-si/군산시,Sajeong-dong/사정동
Jeollabuk-do/전북,Gunsan-si/군산시,Samhak-dong/삼학동
Jeollabuk-do/전북,Gunsan-si/군산시,Sanbuk-dong/산북동
Jeollabuk-do/전북,Gunsan-si/군산시,Seoheungnam-dong/서흥남동
Jeollabuk-do/전북,Gunsan-si/군산시,Seongsan-myeon/성산면
Jeollabuk-do/전북,Gunsan-si/군산시,Seonyang-dong/선양동
Jeollabuk-do/전북,Gunsan-si/군산시,Seosu-myeon/서수면
Jeollabuk-do/전북,Gunsan-si/군산시,Sinchang-dong/신창동
Jeollabuk-do/전북,Gunsan-si/군산시,Singwan-dong/신관동
Jeollabuk-do/전북,Gunsan-si/군산시,Sinheung-dong/신흥동
Jeollabuk-do/전북,Gunsan-si/군산시,Sinpung-dong/신풍동
Jeollabuk-do/전북,Gunsan-si/군산시,Sinyeong-dong/신영동
Jeollabuk-do/전북,Gunsan-si/군산시,Songchang-dong/송창동
Jeollabuk-do/전북,Gunsan-si/군산시,Songpung-dong/송풍동
Jeollabuk-do/전북,Gunsan-si/군산시,Soryong-dong/소룡동
Jeollabuk-do/전북,Gunsan-si/군산시,Susong-dong/수송동
Jeollabuk-do/전북,Gunsan-si/군산시,Wolmyeong-dong/월명동
Jeollabuk-do/전북,Gunsan-si/군산시,Yeong-dong/영동
Jeollabuk-do/전북,Gunsan-si/군산시,Yeonghwa-dong/영화동
Jeollabuk-do/전북,Iksan-si/익산시,Busong-dong/부송동
Jeollabuk-do/전북,Iksan-si/익산시,Changindong 1(il)-ga/창인동1가
Jeollabuk-do/전북,Iksan-si/익산시,Changindong 2(i)-ga/창인동2가
Jeollabuk-do/전북,Iksan-si/익산시,Changin-dong/창인동
Jeollabuk-do/전북,Iksan-si/익산시,Chunpo-myeon/춘포면
Jeollabuk-do/전북,Iksan-si/익산시,Deokgi-dong/덕기동
Jeollabuk-do/전북,Iksan-si/익산시,Dongsan-dong/동산동
Jeollabuk-do/전북,Iksan-si/익산시,Eoyang-dong/어양동
Jeollabuk-do/전북,Iksan-si/익산시,Eungi-dong/은기동
Jeollabuk-do/전북,Iksan-si/익산시,Galsan-dong/갈산동
Jeollabuk-do/전북,Iksan-si/익산시,Geumgang-dong/금강동
Jeollabuk-do/전북,Iksan-si/익산시,Geumma-myeon/금마면
Jeollabuk-do/전북,Iksan-si/익산시,Hamra-myeon/함라면
Jeollabuk-do/전북,Iksan-si/익산시,Hamyeor-eup/함열읍
Jeollabuk-do/전북,Iksan-si/익산시,Hwangdeung-myeon/황등면
Jeollabuk-do/전북,Iksan-si/익산시,Hyeonyeong-dong/현영동
Jeollabuk-do/전북,Iksan-si/익산시,Iksangongdanucheguksaseoham/익산공단우체국사서함
Jeollabuk-do/전북,Iksan-si/익산시,Iksanucheguksaseoham/익산우체국사서함
Jeollabuk-do/전북,Iksan-si/익산시,Imsang-dong/임상동
Jeollabuk-do/전북,Iksan-si/익산시,Inhwadong 1(il)-ga/인화동1가
Jeollabuk-do/전북,Iksan-si/익산시,Inhwadong 2(i)-ga/인화동2가
Jeollabuk-do/전북,Iksan-si/익산시,Inhwa-dong/인화동
Jeollabuk-do/전북,Iksan-si/익산시,Jeongjok-dong/정족동
Jeollabuk-do/전북,Iksan-si/익산시,Juhyeon-dong/주현동
Jeollabuk-do/전북,Iksan-si/익산시,Jungangdong 1(il)-ga/중앙동1가
Jeollabuk-do/전북,Iksan-si/익산시,Jungangdong 2(i)-ga/중앙동2가
Jeollabuk-do/전북,Iksan-si/익산시,Jungangdong 3(sam)-ga/중앙동3가
Jeollabuk-do/전북,Iksan-si/익산시,Jungang-dong/중앙동
Jeollabuk-do/전북,Iksan-si/익산시,Ma-dong/마동
Jeollabuk-do/전북,Iksan-si/익산시,Mangseong-myeon/망성면
Jeollabuk-do/전북,Iksan-si/익산시,Manseok-dong/만석동
Jeollabuk-do/전북,Iksan-si/익산시,Mohyeondong 1(il)-ga/모현동1가
Jeollabuk-do/전북,Iksan-si/익산시,Mohyeondong 2(i)-ga/모현동2가
Jeollabuk-do/전북,Iksan-si/익산시,Mokcheon-dong/목천동
Jeollabuk-do/전북,Iksan-si/익산시,Namjung-dong/남중동
Jeollabuk-do/전북,Iksan-si/익산시,Nangsan-myeon/낭산면
Jeollabuk-do/전북,Iksan-si/익산시,Osan-myeon/오산면
Jeollabuk-do/전북,Iksan-si/익산시,Palbong-dong/팔봉동
Jeollabuk-do/전북,Iksan-si/익산시,Pyeonghwa-dong/평화동
Jeollabuk-do/전북,Iksan-si/익산시,Samgi-myeon/삼기면
Jeollabuk-do/전북,Iksan-si/익산시,Seogam-dong/석암동
Jeollabuk-do/전북,Iksan-si/익산시,Seogwang-dong/석왕동
Jeollabuk-do/전북,Iksan-si/익산시,Seoktan-dong/석탄동
Jeollabuk-do/전북,Iksan-si/익산시,Seongdang-myeon/성당면
Jeollabuk-do/전북,Iksan-si/익산시,Sin-dong/신동
Jeollabuk-do/전북,Iksan-si/익산시,Sinheung-dong/신흥동
Jeollabuk-do/전북,Iksan-si/익산시,Sinyong-dong/신용동
Jeollabuk-do/전북,Iksan-si/익산시,Songhak-dong/송학동
Jeollabuk-do/전북,Iksan-si/익산시,Ungpo-myeon/웅포면
Jeollabuk-do/전북,Iksan-si/익산시,Wanggung-myeon/왕궁면
Jeollabuk-do/전북,Iksan-si/익산시,Wolseong-dong/월성동
Jeollabuk-do/전북,Iksan-si/익산시,Yeongdeung-dong/영등동
Jeollabuk-do/전북,Iksan-si/익산시,Yeosan-myeon/여산면
Jeollabuk-do/전북,Iksan-si/익산시,Yongan-myeon/용안면
Jeollabuk-do/전북,Iksan-si/익산시,Yongdong-myeon/용동면
Jeollabuk-do/전북,Iksan-si/익산시,Yongje-dong/용제동
Jeollabuk-do/전북,Imsil-gun/임실군,Cheongung-myeon/청웅면
Jeollabuk-do/전북,Imsil-gun/임실군,Deokchi-myeon/덕치면
Jeollabuk-do/전북,Imsil-gun/임실군,Gangjin-myeon/강진면
Jeollabuk-do/전북,Imsil-gun/임실군,Gwanchon-myeon/관촌면
Jeollabuk-do/전북,Imsil-gun/임실군,Imsir-eup/임실읍
Jeollabuk-do/전북,Imsil-gun/임실군,Jisa-myeon/지사면
Jeollabuk-do/전북,Imsil-gun/임실군,Osu-myeon/오수면
Jeollabuk-do/전북,Imsil-gun/임실군,Samgye-myeon/삼계면
Jeollabuk-do/전북,Imsil-gun/임실군,Seongsu-myeon/성수면
Jeollabuk-do/전북,Imsil-gun/임실군,Sindeok-myeon/신덕면
Jeollabuk-do/전북,Imsil-gun/임실군,Sinpyeong-myeon/신평면
Jeollabuk-do/전북,Imsil-gun/임실군,Unam-myeon/운암면
Jeollabuk-do/전북,Jangsu-gun/장수군,Beonam-myeon/번암면
Jeollabuk-do/전북,Jangsu-gun/장수군,Cheoncheon-myeon/천천면
Jeollabuk-do/전북,Jangsu-gun/장수군,Gyebuk-myeon/계북면
Jeollabuk-do/전북,Jangsu-gun/장수군,Gyenam-myeon/계남면
Jeollabuk-do/전북,Jangsu-gun/장수군,Janggye-myeon/장계면
Jeollabuk-do/전북,Jangsu-gun/장수군,Jangsu-eup/장수읍
Jeollabuk-do/전북,Jangsu-gun/장수군,Sanseo-myeon/산서면
Jeollabuk-do/전북,Jeongeup-si/정읍시,Bujeon-dong/부전동
Jeollabuk-do/전북,Jeongeup-si/정읍시,Buk-myeon/북면
Jeollabuk-do/전북,Jeongeup-si/정읍시,Chilbo-myeon/칠보면
Jeollabuk-do/전북,Jeongeup-si/정읍시,Deokcheon-myeon/덕천면
Jeollabuk-do/전북,Jeongeup-si/정읍시,Gamgok-myeon/감곡면
Jeollabuk-do/전북,Jeongeup-si/정읍시,Geumbung-dong/금붕동
Jeollabuk-do/전북,Jeongeup-si/정읍시,Gobu-myeon/고부면
Jeollabuk-do/전북,Jeongeup-si/정읍시,Gongpyeong-dong/공평동
Jeollabuk-do/전북,Jeongeup-si/정읍시,Guryong-dong/구룡동
Jeollabuk-do/전북,Jeongeup-si/정읍시,Gwagyo-dong/과교동
Jeollabuk-do/전북,Jeongeup-si/정읍시,Gyoam-dong/교암동
Jeollabuk-do/전북,Jeongeup-si/정읍시,Habuk-dong/하북동
Jeollabuk-do/전북,Jeongeup-si/정읍시,Hamo-dong/하모동
Jeollabuk-do/전북,Jeongeup-si/정읍시,Heugam-dong/흑암동
Jeollabuk-do/전북,Jeongeup-si/정읍시,Ibam-myeon/입암면
Jeollabuk-do/전북,Jeongeup-si/정읍시,Ipyeong-myeon/이평면
Jeollabuk-do/전북,Jeongeup-si/정읍시,Jangmyeong-dong/장명동
Jeollabuk-do/전북,Jeongeup-si/정읍시,Jeongeubucheguksaseoham/정읍우체국사서함
Jeollabuk-do/전북,Jeongeup-si/정읍시,Jeongu-myeon/정우면
Jeollabuk-do/전북,Jeongeup-si/정읍시,Jinsan-dong/진산동
Jeollabuk-do/전북,Jeongeup-si/정읍시,Mangje-dong/망제동
Jeollabuk-do/전북,Jeongeup-si/정읍시,Naejang-dong/내장동
Jeollabuk-do/전북,Jeongeup-si/정읍시,Nongso-dong/농소동
Jeollabuk-do/전북,Jeongeup-si/정읍시,Ongdong-myeon/옹동면
Jeollabuk-do/전북,Jeongeup-si/정읍시,Samsan-dong/삼산동
Jeollabuk-do/전북,Jeongeup-si/정읍시,Sang-dong/상동
Jeollabuk-do/전북,Jeongeup-si/정읍시,Sangpyeong-dong/상평동
Jeollabuk-do/전북,Jeongeup-si/정읍시,Sannae-myeon/산내면
Jeollabuk-do/전북,Jeongeup-si/정읍시,Sanoe-myeon/산외면
Jeollabuk-do/전북,Jeongeup-si/정읍시,Sigi 3(sam)-dong/시기3동
Jeollabuk-do/전북,Jeongeup-si/정읍시,Sigi-dong/시기동
Jeollabuk-do/전북,Jeongeup-si/정읍시,Sinjeong-dong/신정동
Jeollabuk-do/전북,Jeongeup-si/정읍시,Sintaein-eup/신태인읍
Jeollabuk-do/전북,Jeongeup-si/정읍시,Sinwol-dong/신월동
Jeollabuk-do/전북,Jeongeup-si/정읍시,Songsan-dong/송산동
Jeollabuk-do/전북,Jeongeup-si/정읍시,Soseong-myeon/소성면
Jeollabuk-do/전북,Jeongeup-si/정읍시,Ssangam-dong/쌍암동
Jeollabuk-do/전북,Jeongeup-si/정읍시,Suseong-dong/수성동
Jeollabuk-do/전북,Jeongeup-si/정읍시,Taein-myeon/태인면
Jeollabuk-do/전북,Jeongeup-si/정읍시,Yeongpa-dong/영파동
Jeollabuk-do/전북,Jeongeup-si/정읍시,Yeongwon-myeon/영원면
Jeollabuk-do/전북,Jeongeup-si/정읍시,Yeonji-dong/연지동
Jeollabuk-do/전북,Jeongeup-si/정읍시,Yonggye-dong/용계동
Jeollabuk-do/전북,Jeongeup-si/정읍시,Yongsan-dong/용산동
Jeollabuk-do/전북,Jinan-gun/진안군,Ancheon-myeon/안천면
Jeollabuk-do/전북,Jinan-gun/진안군,Baegun-myeon/백운면
Jeollabuk-do/전북,Jinan-gun/진안군,Bugwi-myeon/부귀면
Jeollabuk-do/전북,Jinan-gun/진안군,Donghyang-myeon/동향면
Jeollabuk-do/전북,Jinan-gun/진안군,Jeongcheon-myeon/정천면
Jeollabuk-do/전북,Jinan-gun/진안군,Jinan-eup/진안읍
Jeollabuk-do/전북,Jinan-gun/진안군,Jucheon-myeon/주천면
Jeollabuk-do/전북,Jinan-gun/진안군,Maryeong-myeon/마령면
Jeollabuk-do/전북,Jinan-gun/진안군,Sangjeon-myeon/상전면
Jeollabuk-do/전북,Jinan-gun/진안군,Seongsu-myeon/성수면
Jeollabuk-do/전북,Jinan-gun/진안군,Yongdam-myeon/용담면
Jeollabuk-do/전북,Muju-gun/무주군,Anseong-myeon/안성면
Jeollabuk-do/전북,Muju-gun/무주군,Bunam-myeon/부남면
Jeollabuk-do/전북,Muju-gun/무주군,Jeoksang-myeon/적상면
Jeollabuk-do/전북,Muju-gun/무주군,Muju-eup/무주읍
Jeollabuk-do/전북,Muju-gun/무주군,Mupung-myeon/무풍면
Jeollabuk-do/전북,Muju-gun/무주군,Seolcheon-myeon/설천면
Jeollabuk-do/전북,Namwon-si/남원시,Ayeong-myeon/아영면
Jeollabuk-do/전북,Namwon-si/남원시,Bojeol-myeon/보절면
Jeollabuk-do/전북,Namwon-si/남원시,Cheongeo-dong/천거동
Jeollabuk-do/전북,Namwon-si/남원시,Daegang-myeon/대강면
Jeollabuk-do/전북,Namwon-si/남원시,Daesan-myeon/대산면
Jeollabuk-do/전북,Namwon-si/남원시,Deokgwa-myeon/덕과면
Jeollabuk-do/전북,Namwon-si/남원시,Dongchung-dong/동충동
Jeollabuk-do/전북,Namwon-si/남원시,Dotong-dong/도통동
Jeollabuk-do/전북,Namwon-si/남원시,Eohyeon-dong/어현동
Jeollabuk-do/전북,Namwon-si/남원시,Galchi-dong/갈치동
Jeollabuk-do/전북,Namwon-si/남원시,Geum-dong/금동
Jeollabuk-do/전북,Namwon-si/남원시,Geumji-myeon/금지면
Jeollabuk-do/전북,Namwon-si/남원시,Gojuk-dong/고죽동
Jeollabuk-do/전북,Namwon-si/남원시,Gwangchi-dong/광치동
Jeollabuk-do/전북,Namwon-si/남원시,Hajeong-dong/하정동
Jeollabuk-do/전북,Namwon-si/남원시,Hwajeong-dong/화정동
Jeollabuk-do/전북,Namwon-si/남원시,Hyanggyo-dong/향교동
Jeollabuk-do/전북,Namwon-si/남원시,Ibaek-myeon/이백면
Jeollabuk-do/전북,Namwon-si/남원시,Inwol-myeon/인월면
Jeollabuk-do/전북,Namwon-si/남원시,Josan-dong/조산동
Jeollabuk-do/전북,Namwon-si/남원시,Jucheon-myeon/주천면
Jeollabuk-do/전북,Namwon-si/남원시,Jukhang-dong/죽항동
Jeollabuk-do/전북,Namwon-si/남원시,Jusaeng-myeon/주생면
Jeollabuk-do/전북,Namwon-si/남원시,Naecheok-dong/내척동
Jeollabuk-do/전북,Namwon-si/남원시,Namwonucheguksaseoham/남원우체국사서함
Jeollabuk-do/전북,Namwon-si/남원시,Noam-dong/노암동
Jeollabuk-do/전북,Namwon-si/남원시,Samae-myeon/사매면
Jeollabuk-do/전북,Namwon-si/남원시,Sandong-myeon/산동면
Jeollabuk-do/전북,Namwon-si/남원시,Sangok-dong/산곡동
Jeollabuk-do/전북,Namwon-si/남원시,Sannae-myeon/산내면
Jeollabuk-do/전북,Namwon-si/남원시,Sikjeong-dong/식정동
Jeollabuk-do/전북,Namwon-si/남원시,Sinchon-dong/신촌동
Jeollabuk-do/전북,Namwon-si/남원시,Sinjeong-dong/신정동
Jeollabuk-do/전북,Namwon-si/남원시,Songdong-myeon/송동면
Jeollabuk-do/전북,Namwon-si/남원시,Ssanggyo-dong/쌍교동
Jeollabuk-do/전북,Namwon-si/남원시,Suji-myeon/수지면
Jeollabuk-do/전북,Namwon-si/남원시,Unbong-eup/운봉읍
Jeollabuk-do/전북,Namwon-si/남원시,Wangjeong-dong/왕정동
Jeollabuk-do/전북,Namwon-si/남원시,Wollak-dong/월락동
Jeollabuk-do/전북,Namwon-si/남원시,Yongjeong-dong/용정동
Jeollabuk-do/전북,Sunchang-gun/순창군,Bokheung-myeon/복흥면
Jeollabuk-do/전북,Sunchang-gun/순창군,Donggye-myeon/동계면
Jeollabuk-do/전북,Sunchang-gun/순창군,Geumgwa-myeon/금과면
Jeollabuk-do/전북,Sunchang-gun/순창군,Gurim-myeon/구림면
Jeollabuk-do/전북,Sunchang-gun/순창군,Ingye-myeon/인계면
Jeollabuk-do/전북,Sunchang-gun/순창군,Jeokseong-myeon/적성면
Jeollabuk-do/전북,Sunchang-gun/순창군,Paldeok-myeon/팔덕면
Jeollabuk-do/전북,Sunchang-gun/순창군,Pungsan-myeon/풍산면
Jeollabuk-do/전북,Sunchang-gun/순창군,Ssangchi-myeon/쌍치면
Jeollabuk-do/전북,Sunchang-gun/순창군,Sunchang-eup/순창읍
Jeollabuk-do/전북,Sunchang-gun/순창군,Yudeung-myeon/유등면
Jeollabuk-do/전북,Wanju-gun/완주군,Bibong-myeon/비봉면
Jeollabuk-do/전북,Wanju-gun/완주군,Bongdong-eup/봉동읍
Jeollabuk-do/전북,Wanju-gun/완주군,Dongsang-myeon/동상면
Jeollabuk-do/전북,Wanju-gun/완주군,Gosan-myeon/고산면
Jeollabuk-do/전북,Wanju-gun/완주군,Gui-myeon/구이면
Jeollabuk-do/전북,Wanju-gun/완주군,Gyeongcheon-myeon/경천면
Jeollabuk-do/전북,Wanju-gun/완주군,Hwasan-myeon/화산면
Jeollabuk-do/전북,Wanju-gun/완주군,Iseo-myeon/이서면
Jeollabuk-do/전북,Wanju-gun/완주군,Samrye-eup/삼례읍
Jeollabuk-do/전북,Wanju-gun/완주군,Sanggwan-myeon/상관면
Jeollabuk-do/전북,Wanju-gun/완주군,Soyang-myeon/소양면
Jeollabuk-do/전북,Wanju-gun/완주군,Unju-myeon/운주면
Jeollabuk-do/전북,Wanju-gun/완주군,Yongjin-myeon/용진면
Jeollabuk-do/전북,Wansan-gu Jeonju-si/전주시 완산구,Daeseong-dong/대성동
Jeollabuk-do/전북,Wansan-gu Jeonju-si/전주시 완산구,Dagadong 1(il)-ga/다가동1가
Jeollabuk-do/전북,Wansan-gu Jeonju-si/전주시 완산구,Dagadong 2(i)-ga/다가동2가
Jeollabuk-do/전북,Wansan-gu Jeonju-si/전주시 완산구,Dagadong 3(sam)-ga/다가동3가
Jeollabuk-do/전북,Wansan-gu Jeonju-si/전주시 완산구,Dagadong 4(sa)-ga/다가동4가
Jeollabuk-do/전북,Wansan-gu Jeonju-si/전주시 완산구,Dongseohak-dong/동서학동
Jeollabuk-do/전북,Wansan-gu Jeonju-si/전주시 완산구,Dongwansan-dong/동완산동
Jeollabuk-do/전북,Wansan-gu Jeonju-si/전주시 완산구,Gosa-dong/고사동
Jeollabuk-do/전북,Wansan-gu Jeonju-si/전주시 완산구,Gyeongwondong 1(il)-ga/경원동1가
Jeollabuk-do/전북,Wansan-gu Jeonju-si/전주시 완산구,Gyeongwondong 2(i)-ga/경원동2가
Jeollabuk-do/전북,Wansan-gu Jeonju-si/전주시 완산구,Gyeongwondong 3(sam)-ga/경원동3가
Jeollabuk-do/전북,Wansan-gu Jeonju-si/전주시 완산구,Gyo-dong/교동
Jeollabuk-do/전북,Wansan-gu Jeonju-si/전주시 완산구,Hyojadong 1(il)-ga/효자동1가
Jeollabuk-do/전북,Wansan-gu Jeonju-si/전주시 완산구,Hyojadong 2(i)-ga/효자동2가
Jeollabuk-do/전북,Wansan-gu Jeonju-si/전주시 완산구,Hyojadong 3(sam)-ga/효자동3가
Jeollabuk-do/전북,Wansan-gu Jeonju-si/전주시 완산구,Jeondong 3(sam)-ga/전동3가
Jeollabuk-do/전북,Wansan-gu Jeonju-si/전주시 완산구,Jeon-dong/전동
Jeollabuk-do/전북,Wansan-gu Jeonju-si/전주시 완산구,Jeonjuucheguksaseoham/전주우체국사서함
Jeollabuk-do/전북,Wansan-gu Jeonju-si/전주시 완산구,Jungangdong 1(il)-ga/중앙동1가
Jeollabuk-do/전북,Wansan-gu Jeonju-si/전주시 완산구,Jungangdong 2(i)-ga/중앙동2가
Jeollabuk-do/전북,Wansan-gu Jeonju-si/전주시 완산구,Jungangdong 3(sam)-ga/중앙동3가
Jeollabuk-do/전북,Wansan-gu Jeonju-si/전주시 완산구,Jungangdong 4(sa)-ga/중앙동4가
Jeollabuk-do/전북,Wansan-gu Jeonju-si/전주시 완산구,Jung-dong/중동
Jeollabuk-do/전북,Wansan-gu Jeonju-si/전주시 완산구,Junghwasandong 1(il)-ga/중화산동1가
Jeollabuk-do/전북,Wansan-gu Jeonju-si/전주시 완산구,Junghwasandong 2(i)-ga/중화산동2가
Jeollabuk-do/전북,Wansan-gu Jeonju-si/전주시 완산구,Jungin-dong/중인동
Jeollabuk-do/전북,Wansan-gu Jeonju-si/전주시 완산구,Jungnosong-dong/중노송동
Jeollabuk-do/전북,Wansan-gu Jeonju-si/전주시 완산구,Namnosong-dong/남노송동
Jeollabuk-do/전북,Wansan-gu Jeonju-si/전주시 완산구,Pungnamdong 1(il)-ga/풍남동1가
Jeollabuk-do/전북,Wansan-gu Jeonju-si/전주시 완산구,Pungnamdong 2(i)-ga/풍남동2가
Jeollabuk-do/전북,Wansan-gu Jeonju-si/전주시 완산구,Pungnamdong 3(sam)-ga/풍남동3가
Jeollabuk-do/전북,Wansan-gu Jeonju-si/전주시 완산구,Pyeonghwadong 1(il)-ga/평화동1가
Jeollabuk-do/전북,Wansan-gu Jeonju-si/전주시 완산구,Pyeonghwadong 2(i)-ga/평화동2가
Jeollabuk-do/전북,Wansan-gu Jeonju-si/전주시 완산구,Pyeonghwadong 3(sam)-ga/평화동3가
Jeollabuk-do/전북,Wansan-gu Jeonju-si/전주시 완산구,Saekjang-dong/색장동
Jeollabuk-do/전북,Wansan-gu Jeonju-si/전주시 완산구,Samcheondong 1(il)-ga/삼천동1가
Jeollabuk-do/전북,Wansan-gu Jeonju-si/전주시 완산구,Samcheondong 2(i)-ga/삼천동2가
Jeollabuk-do/전북,Wansan-gu Jeonju-si/전주시 완산구,Samcheondong 3(sam)-ga/삼천동3가
Jeollabuk-do/전북,Wansan-gu Jeonju-si/전주시 완산구,Sangrim-dong/상림동
Jeollabuk-do/전북,Wansan-gu Jeonju-si/전주시 완산구,Seokgu-dong/석구동
Jeollabuk-do/전북,Wansan-gu Jeonju-si/전주시 완산구,Seonosong-dong/서노송동
Jeollabuk-do/전북,Wansan-gu Jeonju-si/전주시 완산구,Seoseohak-dong/서서학동
Jeollabuk-do/전북,Wansan-gu Jeonju-si/전주시 완산구,Seosin-dong/서신동
Jeollabuk-do/전북,Wansan-gu Jeonju-si/전주시 완산구,Seowansandong 1(il)-ga/서완산동1가
Jeollabuk-do/전북,Wansan-gu Jeonju-si/전주시 완산구,Seowansandong 2(i)-ga/서완산동2가
Jeollabuk-do/전북,Wansan-gu Jeonju-si/전주시 완산구,Taepyeong-dong/태평동
Jeollabuk-do/전북,Wansan-gu Jeonju-si/전주시 완산구,Wondang-dong/원당동
Jeollabuk-do/전북,Wansan-gu Jeonju-si/전주시 완산구,Yongbok-dong/용복동
Jeollanam-do/전남,Boseong-gun/보성군,Beolgyo-eup/벌교읍
Jeollanam-do/전남,Boseong-gun/보성군,Boknae-myeon/복내면
Jeollanam-do/전남,Boseong-gun/보성군,Boseong-eup/보성읍
Jeollanam-do/전남,Boseong-gun/보성군,Deukryang-myeon/득량면
Jeollanam-do/전남,Boseong-gun/보성군,Gyeombaek-myeon/겸백면
Jeollanam-do/전남,Boseong-gun/보성군,Hoecheon-myeon/회천면
Jeollanam-do/전남,Boseong-gun/보성군,Joseong-myeon/조성면
Jeollanam-do/전남,Boseong-gun/보성군,Miryeok-myeon/미력면
Jeollanam-do/전남,Boseong-gun/보성군,Mundeok-myeon/문덕면
Jeollanam-do/전남,Boseong-gun/보성군,Nodong-myeon/노동면
Jeollanam-do/전남,Boseong-gun/보성군,Ungchi-myeon/웅치면
Jeollanam-do/전남,Boseong-gun/보성군,Yureo-myeon/율어면
Jeollanam-do/전남,Damyang-gun/담양군,Bongsan-myeon/봉산면
Jeollanam-do/전남,Damyang-gun/담양군,Changpyeong-myeon/창평면
Jeollanam-do/전남,Damyang-gun/담양군,Daedeok-myeon/대덕면
Jeollanam-do/전남,Damyang-gun/담양군,Daejeon-myeon/대전면
Jeollanam-do/전남,Damyang-gun/담양군,Damyang-eup/담양읍
Jeollanam-do/전남,Damyang-gun/담양군,Geumseong-myeon/금성면
Jeollanam-do/전남,Damyang-gun/담양군,Goseo-myeon/고서면
Jeollanam-do/전남,Damyang-gun/담양군,Mujeong-myeon/무정면
Jeollanam-do/전남,Damyang-gun/담양군,Nam-myeon/남면
Jeollanam-do/전남,Damyang-gun/담양군,Subuk-myeon/수북면
Jeollanam-do/전남,Damyang-gun/담양군,Wolsan-myeon/월산면
Jeollanam-do/전남,Damyang-gun/담양군,Yong-myeon/용면
Jeollanam-do/전남,Gangjin-gun/강진군,Byeongyeong-myeon/병영면
Jeollanam-do/전남,Gangjin-gun/강진군,Chillyang-myeon/칠량면
Jeollanam-do/전남,Gangjin-gun/강진군,Daegu-myeon/대구면
Jeollanam-do/전남,Gangjin-gun/강진군,Doam-myeon/도암면
Jeollanam-do/전남,Gangjin-gun/강진군,Gangjin-eup/강진읍
Jeollanam-do/전남,Gangjin-gun/강진군,Gundong-myeon/군동면
Jeollanam-do/전남,Gangjin-gun/강진군,Jakcheon-myeon/작천면
Jeollanam-do/전남,Gangjin-gun/강진군,Maryang-myeon/마량면
Jeollanam-do/전남,Gangjin-gun/강진군,Omcheon-myeon/옴천면
Jeollanam-do/전남,Gangjin-gun/강진군,Seongjeon-myeon/성전면
Jeollanam-do/전남,Gangjin-gun/강진군,Sinjeon-myeon/신전면
Jeollanam-do/전남,Goheung-gun/고흥군,Bongrae-myeon/봉래면
Jeollanam-do/전남,Goheung-gun/고흥군,Daeseo-myeon/대서면
Jeollanam-do/전남,Goheung-gun/고흥군,Dodeok-myeon/도덕면
Jeollanam-do/전남,Goheung-gun/고흥군,Dohwa-myeon/도화면
Jeollanam-do/전남,Goheung-gun/고흥군,Donggang-myeon/동강면
Jeollanam-do/전남,Goheung-gun/고흥군,Dongil-myeon/동일면
Jeollanam-do/전남,Goheung-gun/고흥군,Doyang-eup/도양읍
Jeollanam-do/전남,Goheung-gun/고흥군,Duwon-myeon/두원면
Jeollanam-do/전남,Goheung-gun/고흥군,Geumsan-myeon/금산면
Jeollanam-do/전남,Goheung-gun/고흥군,Goheung-eup/고흥읍
Jeollanam-do/전남,Goheung-gun/고흥군,Gwayeok-myeon/과역면
Jeollanam-do/전남,Goheung-gun/고흥군,Jeomam-myeon/점암면
Jeollanam-do/전남,Goheung-gun/고흥군,Namyang-myeon/남양면
Jeollanam-do/전남,Goheung-gun/고흥군,Podu-myeon/포두면
Jeollanam-do/전남,Goheung-gun/고흥군,Pungyang-myeon/풍양면
Jeollanam-do/전남,Goheung-gun/고흥군,Yeongnam-myeon/영남면
Jeollanam-do/전남,Gokseong-gun/곡성군,Godal-myeon/고달면
Jeollanam-do/전남,Gokseong-gun/곡성군,Gokseong-eup/곡성읍
Jeollanam-do/전남,Gokseong-gun/곡성군,Gyeom-myeon/겸면
Jeollanam-do/전남,Gokseong-gun/곡성군,Ip-myeon/입면
Jeollanam-do/전남,Gokseong-gun/곡성군,Jukgok-myeon/죽곡면
Jeollanam-do/전남,Gokseong-gun/곡성군,Moksadong-myeon/목사동면
Jeollanam-do/전남,Gokseong-gun/곡성군,Ogok-myeon/오곡면
Jeollanam-do/전남,Gokseong-gun/곡성군,Okgwa-myeon/옥과면
Jeollanam-do/전남,Gokseong-gun/곡성군,Osan-myeon/오산면
Jeollanam-do/전남,Gokseong-gun/곡성군,Samgi-myeon/삼기면
Jeollanam-do/전남,Gokseong-gun/곡성군,Seokgok-myeon/석곡면
Jeollanam-do/전남,Gurye-gun/구례군,Ganjeon-myeon/간전면
Jeollanam-do/전남,Gurye-gun/구례군,Gurye-eup/구례읍
Jeollanam-do/전남,Gurye-gun/구례군,Gwangui-myeon/광의면
Jeollanam-do/전남,Gurye-gun/구례군,Masan-myeon/마산면
Jeollanam-do/전남,Gurye-gun/구례군,Muncheok-myeon/문척면
Jeollanam-do/전남,Gurye-gun/구례군,Sandong-myeon/산동면
Jeollanam-do/전남,Gurye-gun/구례군,Toji-myeon/토지면
Jeollanam-do/전남,Gurye-gun/구례군,Yongbang-myeon/용방면
Jeollanam-do/전남,Gwangyang-si/광양시,Bonggang-myeon/봉강면
Jeollanam-do/전남,Gwangyang-si/광양시,Daap-myeon/다압면
Jeollanam-do/전남,Gwangyang-si/광양시,Doi-dong/도이동
Jeollanam-do/전남,Gwangyang-si/광양시,Geumho-dong/금호동
Jeollanam-do/전남,Gwangyang-si/광양시,Gwangyang-eup/광양읍
Jeollanam-do/전남,Gwangyang-si/광양시,Gwangyangucheguksaseoham/광양우체국사서함
Jeollanam-do/전남,Gwangyang-si/광양시,Gwangyeong-dong/광영동
Jeollanam-do/전남,Gwangyang-si/광양시,Hwanggeum-dong/황금동
Jeollanam-do/전남,Gwangyang-si/광양시,Hwanggil-dong/황길동
Jeollanam-do/전남,Gwangyang-si/광양시,Jinsang-myeon/진상면
Jeollanam-do/전남,Gwangyang-si/광양시,Jinwol-myeon/진월면
Jeollanam-do/전남,Gwangyang-si/광양시,Jung-dong/중동
Jeollanam-do/전남,Gwangyang-si/광양시,Junggun-dong/중군동
Jeollanam-do/전남,Gwangyang-si/광양시,Ma-dong/마동
Jeollanam-do/전남,Gwangyang-si/광양시,Mokseongucheguksaseoham/목성우체국사서함
Jeollanam-do/전남,Gwangyang-si/광양시,Okgok-myeon/옥곡면
Jeollanam-do/전남,Gwangyang-si/광양시,Okryong-myeon/옥룡면
Jeollanam-do/전남,Gwangyang-si/광양시,Seonghwang-dong/성황동
Jeollanam-do/전남,Gwangyang-si/광양시,Taein-dong/태인동
Jeollanam-do/전남,Haenam-gun/해남군,Bugil-myeon/북일면
Jeollanam-do/전남,Haenam-gun/해남군,Bukpyeong-myeon/북평면
Jeollanam-do/전남,Haenam-gun/해남군,Gyegok-myeon/계곡면
Jeollanam-do/전남,Haenam-gun/해남군,Haenam-eup/해남읍
Jeollanam-do/전남,Haenam-gun/해남군,Hwangsan-myeon/황산면
Jeollanam-do/전남,Haenam-gun/해남군,Hwasan-myeon/화산면
Jeollanam-do/전남,Haenam-gun/해남군,Hwawon-myeon/화원면
Jeollanam-do/전남,Haenam-gun/해남군,Hyeonsan-myeon/현산면
Jeollanam-do/전남,Haenam-gun/해남군,Masan-myeon/마산면
Jeollanam-do/전남,Haenam-gun/해남군,Munnae-myeon/문내면
Jeollanam-do/전남,Haenam-gun/해남군,Okcheon-myeon/옥천면
Jeollanam-do/전남,Haenam-gun/해남군,Samsan-myeon/삼산면
Jeollanam-do/전남,Haenam-gun/해남군,Sani-myeon/산이면
Jeollanam-do/전남,Haenam-gun/해남군,Songji-myeon/송지면
Jeollanam-do/전남,Hampyeong-gun/함평군,Daedong-myeon/대동면
Jeollanam-do/전남,Hampyeong-gun/함평군,Eomda-myeon/엄다면
Jeollanam-do/전남,Hampyeong-gun/함평군,Haebo-myeon/해보면
Jeollanam-do/전남,Hampyeong-gun/함평군,Hakgyo-myeon/학교면
Jeollanam-do/전남,Hampyeong-gun/함평군,Hampyeong-eup/함평읍
Jeollanam-do/전남,Hampyeong-gun/함평군,Nasan-myeon/나산면
Jeollanam-do/전남,Hampyeong-gun/함평군,Singwang-myeon/신광면
Jeollanam-do/전남,Hampyeong-gun/함평군,Sonbul-myeon/손불면
Jeollanam-do/전남,Hampyeong-gun/함평군,Worya-myeon/월야면
Jeollanam-do/전남,Hwasun-gun/화순군,Buk-myeon/북면
Jeollanam-do/전남,Hwasun-gun/화순군,Cheongpung-myeon/청풍면
Jeollanam-do/전남,Hwasun-gun/화순군,Chunyang-myeon/춘양면
Jeollanam-do/전남,Hwasun-gun/화순군,Doam-myeon/도암면
Jeollanam-do/전남,Hwasun-gun/화순군,Dogok-myeon/도곡면
Jeollanam-do/전남,Hwasun-gun/화순군,Dongbok-myeon/동복면
Jeollanam-do/전남,Hwasun-gun/화순군,Dong-myeon/동면
Jeollanam-do/전남,Hwasun-gun/화순군,Hancheon-myeon/한천면
Jeollanam-do/전남,Hwasun-gun/화순군,Hwasun-eup/화순읍
Jeollanam-do/전남,Hwasun-gun/화순군,Iseo-myeon/이서면
Jeollanam-do/전남,Hwasun-gun/화순군,Iyang-myeon/이양면
Jeollanam-do/전남,Hwasun-gun/화순군,Nam-myeon/남면
Jeollanam-do/전남,Hwasun-gun/화순군,Neungju-myeon/능주면
Jeollanam-do/전남,Jangheung-gun/장흥군,Anyang-myeon/안양면
Jeollanam-do/전남,Jangheung-gun/장흥군,Busan-myeon/부산면
Jeollanam-do/전남,Jangheung-gun/장흥군,Daedeog-eup/대덕읍
Jeollanam-do/전남,Jangheung-gun/장흥군,Gwansan-eup/관산읍
Jeollanam-do/전남,Jangheung-gun/장흥군,Hoejin-myeon/회진면
Jeollanam-do/전남,Jangheung-gun/장흥군,Jangdong-myeon/장동면
Jeollanam-do/전남,Jangheung-gun/장흥군,Jangheung-eup/장흥읍
Jeollanam-do/전남,Jangheung-gun/장흥군,Jangpyeong-myeon/장평면
Jeollanam-do/전남,Jangheung-gun/장흥군,Yongsan-myeon/용산면
Jeollanam-do/전남,Jangheung-gun/장흥군,Yuchi-myeon/유치면
Jeollanam-do/전남,Jangseong-gun/장성군,Bugil-myeon/북일면
Jeollanam-do/전남,Jangseong-gun/장성군,Bugi-myeon/북이면
Jeollanam-do/전남,Jangseong-gun/장성군,Bukha-myeon/북하면
Jeollanam-do/전남,Jangseong-gun/장성군,Donghwa-myeon/동화면
Jeollanam-do/전남,Jangseong-gun/장성군,Hwangryong-myeon/황룡면
Jeollanam-do/전남,Jangseong-gun/장성군,Jangseong-eup/장성읍
Jeollanam-do/전남,Jangseong-gun/장성군,Jinwon-myeon/진원면
Jeollanam-do/전남,Jangseong-gun/장성군,Nam-myeon/남면
Jeollanam-do/전남,Jangseong-gun/장성군,Samgye-myeon/삼계면
Jeollanam-do/전남,Jangseong-gun/장성군,Samseo-myeon/삼서면
Jeollanam-do/전남,Jangseong-gun/장성군,Seosam-myeon/서삼면
Jeollanam-do/전남,Jindo-gun/진도군,Gogun-myeon/고군면
Jeollanam-do/전남,Jindo-gun/진도군,Gunnae-myeon/군내면
Jeollanam-do/전남,Jindo-gun/진도군,Imhoe-myeon/임회면
Jeollanam-do/전남,Jindo-gun/진도군,Jindo-eup/진도읍
Jeollanam-do/전남,Jindo-gun/진도군,Jisan-myeon/지산면
Jeollanam-do/전남,Jindo-gun/진도군,Jodo-myeon/조도면
Jeollanam-do/전남,Jindo-gun/진도군,Uisin-myeon/의신면
Jeollanam-do/전남,Mokpo-si/목포시,Bogwangdong 1(il)-ga/보광동1가
Jeollanam-do/전남,Mokpo-si/목포시,Bogwangdong 2(i)-ga/보광동2가
Jeollanam-do/전남,Mokpo-si/목포시,Bogwangdong 3(sam)-ga/보광동3가
Jeollanam-do/전남,Mokpo-si/목포시,Bogwang-dong/보광동
Jeollanam-do/전남,Mokpo-si/목포시,Bokman-dong/복만동
Jeollanam-do/전남,Mokpo-si/목포시,Buheung-dong/부흥동
Jeollanam-do/전남,Mokpo-si/목포시,Bukgyo-dong/북교동
Jeollanam-do/전남,Mokpo-si/목포시,Bukhang-dong/북항동
Jeollanam-do/전남,Mokpo-si/목포시,Changpyeong-dong/창평동
Jeollanam-do/전남,Mokpo-si/목포시,Cheukhu-dong/측후동
Jeollanam-do/전남,Mokpo-si/목포시,Chukbokdong 1(il)-ga/축복동1가
Jeollanam-do/전남,Mokpo-si/목포시,Chukbokdong 2(i)-ga/축복동2가
Jeollanam-do/전남,Mokpo-si/목포시,Chukbokdong 3(sam)-ga/축복동3가
Jeollanam-do/전남,Mokpo-si/목포시,Chukbok-dong/축복동
Jeollanam-do/전남,Mokpo-si/목포시,Daean-dong/대안동
Jeollanam-do/전남,Mokpo-si/목포시,Daeseong-dong/대성동
Jeollanam-do/전남,Mokpo-si/목포시,Daeuidong 1(il)-ga/대의동1가
Jeollanam-do/전남,Mokpo-si/목포시,Daeuidong 2(i)-ga/대의동2가
Jeollanam-do/전남,Mokpo-si/목포시,Daeuidong 3(sam)-ga/대의동3가
Jeollanam-do/전남,Mokpo-si/목포시,Daeui-dong/대의동
Jeollanam-do/전남,Mokpo-si/목포시,Daeyang-dong/대양동
Jeollanam-do/전남,Mokpo-si/목포시,Dal-dong/달동
Jeollanam-do/전남,Mokpo-si/목포시,Dongmyeong-dong/동명동
Jeollanam-do/전남,Mokpo-si/목포시,Geumdong 1(il)-ga/금동1가
Jeollanam-do/전남,Mokpo-si/목포시,Geumdong 2(i)-ga/금동2가
Jeollanam-do/전남,Mokpo-si/목포시,Geum-dong/금동
Jeollanam-do/전남,Mokpo-si/목포시,Geumhwa-dong/금화동
Jeollanam-do/전남,Mokpo-si/목포시,Gwangdong 1(il)-ga/광동1가
Jeollanam-do/전남,Mokpo-si/목포시,Gwangdong 2(i)-ga/광동2가
Jeollanam-do/전남,Mokpo-si/목포시,Gwangdong 3(sam)-ga/광동3가
Jeollanam-do/전남,Mokpo-si/목포시,Gwang-dong/광동
Jeollanam-do/전남,Mokpo-si/목포시,Gyeongdong 1(il)-ga/경동1가
Jeollanam-do/전남,Mokpo-si/목포시,Gyeongdong 2(i)-ga/경동2가
Jeollanam-do/전남,Mokpo-si/목포시,Gyeong-dong/경동
Jeollanam-do/전남,Mokpo-si/목포시,Hadang-dong/하당동
Jeollanam-do/전남,Mokpo-si/목포시,Haeandong 1(il)-ga/해안동1가
Jeollanam-do/전남,Mokpo-si/목포시,Haeandong 2(i)-ga/해안동2가
Jeollanam-do/전남,Mokpo-si/목포시,Haeandong 3(sam)-ga/해안동3가
Jeollanam-do/전남,Mokpo-si/목포시,Haeandong 4(sa)-ga/해안동4가
Jeollanam-do/전남,Mokpo-si/목포시,Haean-dong/해안동
Jeollanam-do/전남,Mokpo-si/목포시,Haengbokdong 1(il)-ga/행복동1가
Jeollanam-do/전남,Mokpo-si/목포시,Haengbokdong 2(i)-ga/행복동2가
Jeollanam-do/전남,Mokpo-si/목포시,Haengbok-dong/행복동
Jeollanam-do/전남,Mokpo-si/목포시,Hang-dong/항동
Jeollanam-do/전남,Mokpo-si/목포시,Honam-dong/호남동
Jeollanam-do/전남,Mokpo-si/목포시,Juk-dong/죽동
Jeollanam-do/전남,Mokpo-si/목포시,Jukgyo-dong/죽교동
Jeollanam-do/전남,Mokpo-si/목포시,Jungangdong 1(il)-ga/중앙동1가
Jeollanam-do/전남,Mokpo-si/목포시,Jungangdong 2(i)-ga/중앙동2가
Jeollanam-do/전남,Mokpo-si/목포시,Jungangdong 3(sam)-ga/중앙동3가
Jeollanam-do/전남,Mokpo-si/목포시,Jungang-dong/중앙동
Jeollanam-do/전남,Mokpo-si/목포시,Jungdong 1(il)-ga/중동1가
Jeollanam-do/전남,Mokpo-si/목포시,Jungdong 2(i)-ga/중동2가
Jeollanam-do/전남,Mokpo-si/목포시,Jung-dong/중동
Jeollanam-do/전남,Mokpo-si/목포시,Manho-dong/만호동
Jeollanam-do/전남,Mokpo-si/목포시,Mokpoucheguksaseoham/목포우체국사서함
Jeollanam-do/전남,Mokpo-si/목포시,Muan-dong/무안동
Jeollanam-do/전남,Mokpo-si/목포시,Myeongryun-dong/명륜동
Jeollanam-do/전남,Mokpo-si/목포시,Namgyo-dong/남교동
Jeollanam-do/전남,Mokpo-si/목포시,Ogam-dong/옥암동
Jeollanam-do/전남,Mokpo-si/목포시,Ongeum-dong/온금동
Jeollanam-do/전남,Mokpo-si/목포시,Samhak-dong/삼학동
Jeollanam-do/전남,Mokpo-si/목포시,Sang-dong/상동
Jeollanam-do/전남,Mokpo-si/목포시,Sangrakdong 1(il)-ga/상락동1가
Jeollanam-do/전남,Mokpo-si/목포시,Sangrakdong 2(i)-ga/상락동2가
Jeollanam-do/전남,Mokpo-si/목포시,Sangrak-dong/상락동
Jeollanam-do/전남,Mokpo-si/목포시,Sanjeong 1(il)-dong/산정1동
Jeollanam-do/전남,Mokpo-si/목포시,Sanjeong 2(i)-dong/산정2동
Jeollanam-do/전남,Mokpo-si/목포시,Sanjeong 3(sam)-dong/산정3동
Jeollanam-do/전남,Mokpo-si/목포시,Sanjeong-dong/산정동
Jeollanam-do/전남,Mokpo-si/목포시,Seokhyeon-dong/석현동
Jeollanam-do/전남,Mokpo-si/목포시,Seosan-dong/서산동
Jeollanam-do/전남,Mokpo-si/목포시,Sinheung-dong/신흥동
Jeollanam-do/전남,Mokpo-si/목포시,Sugangdong 1(il)-ga/수강동1가
Jeollanam-do/전남,Mokpo-si/목포시,Sugangdong 2(i)-ga/수강동2가
Jeollanam-do/전남,Mokpo-si/목포시,Sugang-dong/수강동
Jeollanam-do/전남,Mokpo-si/목포시,Wonsan-dong/원산동
Jeollanam-do/전남,Mokpo-si/목포시,Yang-dong/양동
Jeollanam-do/전남,Mokpo-si/목포시,Yeonghaedong 1(il)-ga/영해동1가
Jeollanam-do/전남,Mokpo-si/목포시,Yeonghaedong 2(i)-ga/영해동2가
Jeollanam-do/전남,Mokpo-si/목포시,Yeonghae-dong/영해동
Jeollanam-do/전남,Mokpo-si/목포시,Yeonsan-dong/연산동
Jeollanam-do/전남,Mokpo-si/목포시,Yongdang 1(il)-dong/용당1동
Jeollanam-do/전남,Mokpo-si/목포시,Yongdang 2(i)-dong/용당2동
Jeollanam-do/전남,Mokpo-si/목포시,Yongdang-dong/용당동
Jeollanam-do/전남,Mokpo-si/목포시,Yonghae-dong/용해동
Jeollanam-do/전남,Mokpo-si/목포시,Yudal-dong/유달동
Jeollanam-do/전남,Mokpo-si/목포시,Yu-dong/유동
Jeollanam-do/전남,Mokpo-si/목포시,Yuldo-dong/율도동
Jeollanam-do/전남,Muan-gun/무안군,Cheonggye-myeon/청계면
Jeollanam-do/전남,Muan-gun/무안군,Haeje-myeon/해제면
Jeollanam-do/전남,Muan-gun/무안군,Hyeongyeong-myeon/현경면
Jeollanam-do/전남,Muan-gun/무안군,Illo-eup/일로읍
Jeollanam-do/전남,Muan-gun/무안군,Mangun-myeon/망운면
Jeollanam-do/전남,Muan-gun/무안군,Mongtan-myeon/몽탄면
Jeollanam-do/전남,Muan-gun/무안군,Muan-eup/무안읍
Jeollanam-do/전남,Muan-gun/무안군,Samhyang-myeon/삼향면
Jeollanam-do/전남,Muan-gun/무안군,Unnam-myeon/운남면
Jeollanam-do/전남,Naju-si/나주시,Anchang-dong/안창동
Jeollanam-do/전남,Naju-si/나주시,Bannam-myeon/반남면
Jeollanam-do/전남,Naju-si/나주시,Bonghwang-myeon/봉황면
Jeollanam-do/전남,Naju-si/나주시,Bosan-dong/보산동
Jeollanam-do/전남,Naju-si/나주시,Budeok-dong/부덕동
Jeollanam-do/전남,Naju-si/나주시,Cheong-dong/청동
Jeollanam-do/전남,Naju-si/나주시,Dado-myeon/다도면
Jeollanam-do/전남,Naju-si/나주시,Daegi-dong/대기동
Jeollanam-do/전남,Naju-si/나주시,Daeho-dong/대호동
Jeollanam-do/전남,Naju-si/나주시,Dasi-myeon/다시면
Jeollanam-do/전남,Naju-si/나주시,Donggang-myeon/동강면
Jeollanam-do/전남,Naju-si/나주시,Dongsu-dong/동수동
Jeollanam-do/전남,Naju-si/나주시,Geumcheon-myeon/금천면
Jeollanam-do/전남,Naju-si/나주시,Geumgye-dong/금계동
Jeollanam-do/전남,Naju-si/나주시,Geumseong-dong/금성동
Jeollanam-do/전남,Naju-si/나주시,Gongsan-myeon/공산면
Jeollanam-do/전남,Naju-si/나주시,Gwanjeong-dong/관정동
Jeollanam-do/전남,Naju-si/나주시,Gwawon-dong/과원동
Jeollanam-do/전남,Naju-si/나주시,Gyeonghyeon-dong/경현동
Jeollanam-do/전남,Naju-si/나주시,Gyo-dong/교동
Jeollanam-do/전남,Naju-si/나주시,Ichang-dong/이창동
Jeollanam-do/전남,Naju-si/나주시,Jinpo-dong/진포동
Jeollanam-do/전남,Naju-si/나주시,Jukrim-dong/죽림동
Jeollanam-do/전남,Naju-si/나주시,Jungang-dong/중앙동
Jeollanam-do/전남,Naju-si/나주시,Munpyeong-myeon/문평면
Jeollanam-do/전남,Naju-si/나주시,Najuucheguksaseoham/나주우체국사서함
Jeollanam-do/전남,Naju-si/나주시,Namnae-dong/남내동
Jeollanam-do/전남,Naju-si/나주시,Namoe-dong/남외동
Jeollanam-do/전남,Naju-si/나주시,Nampyeong-eup/남평읍
Jeollanam-do/전남,Naju-si/나주시,Nampyeongucheguksaseoham/남평우체국사서함
Jeollanam-do/전남,Naju-si/나주시,Noan-myeon/노안면
Jeollanam-do/전남,Naju-si/나주시,Oryang-dong/오량동
Jeollanam-do/전남,Naju-si/나주시,Pyeongsan-dong/평산동
Jeollanam-do/전남,Naju-si/나주시,Samdo-dong/삼도동
Jeollanam-do/전남,Naju-si/나주시,Samyeong-dong/삼영동
Jeollanam-do/전남,Naju-si/나주시,Sanjeong-dong/산정동
Jeollanam-do/전남,Naju-si/나주시,Sanpo-myeon/산포면
Jeollanam-do/전남,Naju-si/나주시,Seji-myeon/세지면
Jeollanam-do/전남,Naju-si/나주시,Seokhyeon-dong/석현동
Jeollanam-do/전남,Naju-si/나주시,Seonae-dong/서내동
Jeollanam-do/전남,Naju-si/나주시,Seongbuk-dong/성북동
Jeollanam-do/전남,Naju-si/나주시,Seongbukdongucheguksaseoham/성북동우체국사서함
Jeollanam-do/전남,Naju-si/나주시,Songchon-dong/송촌동
Jeollanam-do/전남,Naju-si/나주시,Songwol-dong/송월동
Jeollanam-do/전남,Naju-si/나주시,Togye-dong/토계동
Jeollanam-do/전남,Naju-si/나주시,Ungok-dong/운곡동
Jeollanam-do/전남,Naju-si/나주시,Wanggok-myeon/왕곡면
Jeollanam-do/전남,Naju-si/나주시,Yeongsan-dong/영산동
Jeollanam-do/전남,Naju-si/나주시,Yongsan-dong/용산동
Jeollanam-do/전남,Sinan-gun/신안군,Amtae-myeon/암태면
Jeollanam-do/전남,Sinan-gun/신안군,Anjwa-myeon/안좌면
Jeollanam-do/전남,Sinan-gun/신안군,Aphae-myeon/압해면
Jeollanam-do/전남,Sinan-gun/신안군,Bigeum-myeon/비금면
Jeollanam-do/전남,Sinan-gun/신안군,Docho-myeon/도초면
Jeollanam-do/전남,Sinan-gun/신안군,Haui-myeon/하의면
Jeollanam-do/전남,Sinan-gun/신안군,Heuksan-myeon/흑산면
Jeollanam-do/전남,Sinan-gun/신안군,Imja-myeon/임자면
Jeollanam-do/전남,Sinan-gun/신안군,Jaeun-myeon/자은면
Jeollanam-do/전남,Sinan-gun/신안군,Jangsan-myeon/장산면
Jeollanam-do/전남,Sinan-gun/신안군,Jeungdo-myeon/증도면
Jeollanam-do/전남,Sinan-gun/신안군,Jido-eup/지도읍
Jeollanam-do/전남,Sinan-gun/신안군,Palgeum-myeon/팔금면
Jeollanam-do/전남,Sinan-gun/신안군,Sinui-myeon/신의면
Jeollanam-do/전남,Suncheon-si/순천시,Anpung-dong/안풍동
Jeollanam-do/전남,Suncheon-si/순천시,Byeollyang-myeon/별량면
Jeollanam-do/전남,Suncheon-si/순천시,Daedae-dong/대대동
Jeollanam-do/전남,Suncheon-si/순천시,Daeryong-dong/대룡동
Jeollanam-do/전남,Suncheon-si/순천시,Deogam-dong/덕암동
Jeollanam-do/전남,Suncheon-si/순천시,Deogwol-dong/덕월동
Jeollanam-do/전남,Suncheon-si/순천시,Dongoe-dong/동외동
Jeollanam-do/전남,Suncheon-si/순천시,Gagok-dong/가곡동
Jeollanam-do/전남,Suncheon-si/순천시,Geumgok-dong/금곡동
Jeollanam-do/전남,Suncheon-si/순천시,Gyoryang-dong/교량동
Jeollanam-do/전남,Suncheon-si/순천시,Haeng-dong/행동
Jeollanam-do/전남,Suncheon-si/순천시,Haeryong-myeon/해룡면
Jeollanam-do/전남,Suncheon-si/순천시,Hongnae-dong/홍내동
Jeollanam-do/전남,Suncheon-si/순천시,Hwangjeon-myeon/황전면
Jeollanam-do/전남,Suncheon-si/순천시,Inje-dong/인제동
Jeollanam-do/전남,Suncheon-si/순천시,Inwol-dong/인월동
Jeollanam-do/전남,Suncheon-si/순천시,Jangcheon-dong/장천동
Jeollanam-do/전남,Suncheon-si/순천시,Jeojeon-dong/저전동
Jeollanam-do/전남,Suncheon-si/순천시,Jogok-dong/조곡동
Jeollanam-do/전남,Suncheon-si/순천시,Jorye-dong/조례동
Jeollanam-do/전남,Suncheon-si/순천시,Juam-myeon/주암면
Jeollanam-do/전남,Suncheon-si/순천시,Jungang-dong/중앙동
Jeollanam-do/전남,Suncheon-si/순천시,Maegok-dong/매곡동
Jeollanam-do/전남,Suncheon-si/순천시,Nagan-myeon/낙안면
Jeollanam-do/전남,Suncheon-si/순천시,Namjeong-dong/남정동
Jeollanam-do/전남,Suncheon-si/순천시,Namnae-dong/남내동
Jeollanam-do/전남,Suncheon-si/순천시,Ocheon-dong/오천동
Jeollanam-do/전남,Suncheon-si/순천시,Oeseo-myeon/외서면
Jeollanam-do/전남,Suncheon-si/순천시,Okcheon-dong/옥천동
Jeollanam-do/전남,Suncheon-si/순천시,Pungdeok-dong/풍덕동
Jeollanam-do/전남,Suncheon-si/순천시,Saengmok-dong/생목동
Jeollanam-do/전남,Suncheon-si/순천시,Samgeo-dong/삼거동
Jeollanam-do/전남,Suncheon-si/순천시,Sangsa-myeon/상사면
Jeollanam-do/전남,Suncheon-si/순천시,Seokhyeon-dong/석현동
Jeollanam-do/전남,Suncheon-si/순천시,Seo-myeon/서면
Jeollanam-do/전남,Suncheon-si/순천시,Seungju-eup/승주읍
Jeollanam-do/전남,Suncheon-si/순천시,Songgwang-myeon/송광면
Jeollanam-do/전남,Suncheon-si/순천시,Suncheonucheguksaseoham/순천우체국사서함
Jeollanam-do/전남,Suncheon-si/순천시,Wangji-dong/왕지동
Jeollanam-do/전남,Suncheon-si/순천시,Waryong-dong/와룡동
Jeollanam-do/전남,Suncheon-si/순천시,Woldeung-myeon/월등면
Jeollanam-do/전남,Suncheon-si/순천시,Yaheung-dong/야흥동
Jeollanam-do/전남,Suncheon-si/순천시,Yeong-dong/영동
Jeollanam-do/전남,Suncheon-si/순천시,Yeonhyang-dong/연향동
Jeollanam-do/전남,Suncheon-si/순천시,Yongdang-dong/용당동
Jeollanam-do/전남,Wando-gun/완도군,Bogil-myeon/보길면
Jeollanam-do/전남,Wando-gun/완도군,Cheongsan-myeon/청산면
Jeollanam-do/전남,Wando-gun/완도군,Geumdang-myeon/금당면
Jeollanam-do/전남,Wando-gun/완도군,Geumir-eup/금일읍
Jeollanam-do/전남,Wando-gun/완도군,Gogeum-myeon/고금면
Jeollanam-do/전남,Wando-gun/완도군,Gunoe-myeon/군외면
Jeollanam-do/전남,Wando-gun/완도군,Nohwa-eup/노화읍
Jeollanam-do/전남,Wando-gun/완도군,Saengil-myeon/생일면
Jeollanam-do/전남,Wando-gun/완도군,Sinji-myeon/신지면
Jeollanam-do/전남,Wando-gun/완도군,Soan-myeon/소안면
Jeollanam-do/전남,Wando-gun/완도군,Wando-eup/완도읍
Jeollanam-do/전남,Wando-gun/완도군,Yaksan-myeon/약산면
Jeollanam-do/전남,Yeongam-gun/영암군,Deokjin-myeon/덕진면
Jeollanam-do/전남,Yeongam-gun/영암군,Dopo-myeon/도포면
Jeollanam-do/전남,Yeongam-gun/영암군,Geumjeong-myeon/금정면
Jeollanam-do/전남,Yeongam-gun/영암군,Gunseo-myeon/군서면
Jeollanam-do/전남,Yeongam-gun/영암군,Haksan-myeon/학산면
Jeollanam-do/전남,Yeongam-gun/영암군,Miam-myeon/미암면
Jeollanam-do/전남,Yeongam-gun/영암군,Samho-eup/삼호읍
Jeollanam-do/전남,Yeongam-gun/영암군,Seoho-myeon/서호면
Jeollanam-do/전남,Yeongam-gun/영암군,Sijong-myeon/시종면
Jeollanam-do/전남,Yeongam-gun/영암군,Sinbuk-myeon/신북면
Jeollanam-do/전남,Yeongam-gun/영암군,Yeongam-eup/영암읍
Jeollanam-do/전남,Yeonggwang-gun/영광군,Baeksu-eup/백수읍
Jeollanam-do/전남,Yeonggwang-gun/영광군,Beopseong-myeon/법성면
Jeollanam-do/전남,Yeonggwang-gun/영광군,Bulgap-myeon/불갑면
Jeollanam-do/전남,Yeonggwang-gun/영광군,Daema-myeon/대마면
Jeollanam-do/전남,Yeonggwang-gun/영광군,Gunnam-myeon/군남면
Jeollanam-do/전남,Yeonggwang-gun/영광군,Gunseo-myeon/군서면
Jeollanam-do/전남,Yeonggwang-gun/영광군,Hongnong-eup/홍농읍
Jeollanam-do/전남,Yeonggwang-gun/영광군,Myoryang-myeon/묘량면
Jeollanam-do/전남,Yeonggwang-gun/영광군,Nagwol-myeon/낙월면
Jeollanam-do/전남,Yeonggwang-gun/영광군,Yeomsan-myeon/염산면
Jeollanam-do/전남,Yeonggwang-gun/영광군,Yeonggwang-eup/영광읍
Jeollanam-do/전남,Yeosu-si/여수시,Ansan-dong/안산동
Jeollanam-do/전남,Yeosu-si/여수시,Bonggang-dong/봉강동
Jeollanam-do/전남,Yeosu-si/여수시,Bonggye-dong/봉계동
Jeollanam-do/전남,Yeosu-si/여수시,Bongsan-dong/봉산동
Jeollanam-do/전남,Yeosu-si/여수시,Chungmu-dong/충무동
Jeollanam-do/전남,Yeosu-si/여수시,Deokchung-dong/덕충동
Jeollanam-do/전남,Yeosu-si/여수시,Dolsan-eup/돌산읍
Jeollanam-do/전남,Yeosu-si/여수시,Dongsan-dong/동산동
Jeollanam-do/전남,Yeosu-si/여수시,Dundeok-dong/둔덕동
Jeollanam-do/전남,Yeosu-si/여수시,Gonghwa-dong/공화동
Jeollanam-do/전남,Yeosu-si/여수시,Goso-dong/고소동
Jeollanam-do/전남,Yeosu-si/여수시,Guk-dong/국동
Jeollanam-do/전남,Yeosu-si/여수시,Gunja-dong/군자동
Jeollanam-do/전남,Yeosu-si/여수시,Gwangmu-dong/광무동
Jeollanam-do/전남,Yeosu-si/여수시,Gwanmun-dong/관문동
Jeollanam-do/전남,Yeosu-si/여수시,Gyeongho-dong/경호동
Jeollanam-do/전남,Yeosu-si/여수시,Gyo-dong/교동
Jeollanam-do/전남,Yeosu-si/여수시,Haesan-dong/해산동
Jeollanam-do/전남,Yeosu-si/여수시,Hagyong-dong/학용동
Jeollanam-do/전남,Yeosu-si/여수시,Hak-dong/학동
Jeollanam-do/전남,Yeosu-si/여수시,Homyeong-dong/호명동
Jeollanam-do/전남,Yeosu-si/여수시,Hwachi-dong/화치동
Jeollanam-do/전남,Yeosu-si/여수시,Hwajang-dong/화장동
Jeollanam-do/전남,Yeosu-si/여수시,Hwajeong-myeon/화정면
Jeollanam-do/전남,Yeosu-si/여수시,Hwayang-myeon/화양면
Jeollanam-do/전남,Yeosu-si/여수시,Jeokryang-dong/적량동
Jeollanam-do/전남,Yeosu-si/여수시,Jonghwa-dong/종화동
Jeollanam-do/전남,Yeosu-si/여수시,Jungang-dong/중앙동
Jeollanam-do/전남,Yeosu-si/여수시,Jungheung-dong/중흥동
Jeollanam-do/전남,Yeosu-si/여수시,Jusam-dong/주삼동
Jeollanam-do/전남,Yeosu-si/여수시,Manheung-dong/만흥동
Jeollanam-do/전남,Yeosu-si/여수시,Mipyeong-dong/미평동
Jeollanam-do/전남,Yeosu-si/여수시,Munsu-dong/문수동
Jeollanam-do/전남,Yeosu-si/여수시,Myodo-dong/묘도동
Jeollanam-do/전남,Yeosu-si/여수시,Nakpo-dong/낙포동
Jeollanam-do/전남,Yeosu-si/여수시,Nam-myeon/남면
Jeollanam-do/전남,Yeosu-si/여수시,Namsan-dong/남산동
Jeollanam-do/전남,Yeosu-si/여수시,Ocheon-dong/오천동
Jeollanam-do/전남,Yeosu-si/여수시,Orim-dong/오림동
Jeollanam-do/전남,Yeosu-si/여수시,Pyeongyeo-dong/평여동
Jeollanam-do/전남,Yeosu-si/여수시,Samsan-myeon/삼산면
Jeollanam-do/전남,Yeosu-si/여수시,Sangam-dong/상암동
Jeollanam-do/전남,Yeosu-si/여수시,Seogyo-dong/서교동
Jeollanam-do/전남,Yeosu-si/여수시,Seonwon-dong/선원동
Jeollanam-do/전남,Yeosu-si/여수시,Sijeon-dong/시전동
Jeollanam-do/전남,Yeosu-si/여수시,Sindeok-dong/신덕동
Jeollanam-do/전남,Yeosu-si/여수시,Singi-dong/신기동
Jeollanam-do/전남,Yeosu-si/여수시,Sinwol-dong/신월동
Jeollanam-do/전남,Yeosu-si/여수시,Soho-dong/소호동
Jeollanam-do/전남,Yeosu-si/여수시,Sora-myeon/소라면
Jeollanam-do/전남,Yeosu-si/여수시,Sujeong-dong/수정동
Jeollanam-do/전남,Yeosu-si/여수시,Ungcheon-dong/웅천동
Jeollanam-do/전남,Yeosu-si/여수시,Wolha-dong/월하동
Jeollanam-do/전남,Yeosu-si/여수시,Wolnae-dong/월내동
Jeollanam-do/전남,Yeosu-si/여수시,Yeocheon-dong/여천동
Jeollanam-do/전남,Yeosu-si/여수시,Yeondeung-dong/연등동
Jeollanam-do/전남,Yeosu-si/여수시,Yeoseo-dong/여서동
Jeollanam-do/전남,Yeosu-si/여수시,Yeosuucheguksaseoham/여수우체국사서함
Jeollanam-do/전남,Yeosu-si/여수시,Yulchon-myeon/율촌면
Seoul/서울,Dobong-gu/도봉구,Banghag 1(il)-dong/방학1동
Seoul/서울,Dobong-gu/도봉구,Banghag 2(i)-dong/방학2동
Seoul/서울,Dobong-gu/도봉구,Banghag 3(sam)-dong/방학3동
Seoul/서울,Dobong-gu/도봉구,Banghak-dong/방학동
Seoul/서울,Dobong-gu/도봉구,Chang 1(il)-dong/창1동
Seoul/서울,Dobong-gu/도봉구,Chang 2(i)-dong/창2동
Seoul/서울,Dobong-gu/도봉구,Chang 3(sam)-dong/창3동
Seoul/서울,Dobong-gu/도봉구,Chang 4(sa)-dong/창4동
Seoul/서울,Dobong-gu/도봉구,Chang 5(o)-dong/창5동
Seoul/서울,Dobong-gu/도봉구,Chang-dong/창동
Seoul/서울,Dobong-gu/도봉구,Dobong 1(il)-dong/도봉1동
Seoul/서울,Dobong-gu/도봉구,Dobong 2(i)-dong/도봉2동
Seoul/서울,Dobong-gu/도봉구,Dobong-dong/도봉동
Seoul/서울,Dobong-gu/도봉구,Ssangmun 1(il)-dong/쌍문1동
Seoul/서울,Dobong-gu/도봉구,Ssangmun 2(i)-dong/쌍문2동
Seoul/서울,Dobong-gu/도봉구,Ssangmun 3(sam)-dong/쌍문3동
Seoul/서울,Dobong-gu/도봉구,Ssangmun 4(sa)-dong/쌍문4동
Seoul/서울,Dobong-gu/도봉구,Ssangmun-dong/쌍문동
Seoul/서울,Dongdaemun-gu/동대문구,Cheongryangri-dong/청량리동
Seoul/서울,Dongdaemun-gu/동대문구,Dapsipri 1(il)-dong/답십리1동
Seoul/서울,Dongdaemun-gu/동대문구,Dapsipri 2(i)-dong/답십리2동
Seoul/서울,Dongdaemun-gu/동대문구,Dapsipri 3(sam)-dong/답십리3동
Seoul/서울,Dongdaemun-gu/동대문구,Dapsipri 4(sa)-dong/답십리4동
Seoul/서울,Dongdaemun-gu/동대문구,Dapsipri-dong/답십리동
Seoul/서울,Dongdaemun-gu/동대문구,Dongdaemunucheguksaseoham/동대문우체국사서함
Seoul/서울,Dongdaemun-gu/동대문구,Hoegi-dong/회기동
Seoul/서울,Dongdaemun-gu/동대문구,Hwigyeong 1(il)-dong/휘경1동
Seoul/서울,Dongdaemun-gu/동대문구,Hwigyeong 2(i)-dong/휘경2동
Seoul/서울,Dongdaemun-gu/동대문구,Hwigyeong-dong/휘경동
Seoul/서울,Dongdaemun-gu/동대문구,Imun 1(il)-dong/이문1동
Seoul/서울,Dongdaemun-gu/동대문구,Imun 2(i)-dong/이문2동
Seoul/서울,Dongdaemun-gu/동대문구,Imun 3(sam)-dong/이문3동
Seoul/서울,Dongdaemun-gu/동대문구,Imun-dong/이문동
Seoul/서울,Dongdaemun-gu/동대문구,Jangan 1(il)-dong/장안1동
Seoul/서울,Dongdaemun-gu/동대문구,Jangan 2(i)-dong/장안2동
Seoul/서울,Dongdaemun-gu/동대문구,Jangan 3(sam)-dong/장안3동
Seoul/서울,Dongdaemun-gu/동대문구,Jangan 4(sa)-dong/장안4동
Seoul/서울,Dongdaemun-gu/동대문구,Jangan-dong/장안동
Seoul/서울,Dongdaemun-gu/동대문구,Jegi 1(il)-dong/제기1동
Seoul/서울,Dongdaemun-gu/동대문구,Jegi 2(i)-dong/제기2동
Seoul/서울,Dongdaemun-gu/동대문구,Jegi-dong/제기동
Seoul/서울,Dongdaemun-gu/동대문구,Jeonnong 1(il)-dong/전농1동
Seoul/서울,Dongdaemun-gu/동대문구,Jeonnong 2(i)-dong/전농2동
Seoul/서울,Dongdaemun-gu/동대문구,Jeonnong 3(sam)-dong/전농3동
Seoul/서울,Dongdaemun-gu/동대문구,Jeonnong-dong/전농동
Seoul/서울,Dongdaemun-gu/동대문구,Seoulcheongryangucheguksaseoham/서울청량우체국사서함
Seoul/서울,Dongdaemun-gu/동대문구,Sinseol-dong/신설동
Seoul/서울,Dongdaemun-gu/동대문구,Yongdu-dong/용두동
Seoul/서울,Dongjak-gu/동작구,Bon-dong/본동
Seoul/서울,Dongjak-gu/동작구,Daebang-dong/대방동
Seoul/서울,Dongjak-gu/동작구,Dongjak-dong/동작동
Seoul/서울,Dongjak-gu/동작구,Heukseok-dong/흑석동
Seoul/서울,Dongjak-gu/동작구,Noryangjin 1(il)-dong/노량진1동
Seoul/서울,Dongjak-gu/동작구,Noryangjin 2(i)-dong/노량진2동
Seoul/서울,Dongjak-gu/동작구,Noryangjin-dong/노량진동
Seoul/서울,Dongjak-gu/동작구,Sadang 1(il)-dong/사당1동
Seoul/서울,Dongjak-gu/동작구,Sadang 2(i)-dong/사당2동
Seoul/서울,Dongjak-gu/동작구,Sadang 3(sam)-dong/사당3동
Seoul/서울,Dongjak-gu/동작구,Sadang 4(sa)-dong/사당4동
Seoul/서울,Dongjak-gu/동작구,Sadang 5(o)-dong/사당5동
Seoul/서울,Dongjak-gu/동작구,Sadang-dong/사당동
Seoul/서울,Dongjak-gu/동작구,Sangdo 1(il)-dong/상도1동
Seoul/서울,Dongjak-gu/동작구,Sangdo 2(i)-dong/상도2동
Seoul/서울,Dongjak-gu/동작구,Sangdo 3(sam)-dong/상도3동
Seoul/서울,Dongjak-gu/동작구,Sangdo 4(sa)-dong/상도4동
Seoul/서울,Dongjak-gu/동작구,Sangdo 5(o)-dong/상도5동
Seoul/서울,Dongjak-gu/동작구,Sangdo-dong/상도동
Seoul/서울,Dongjak-gu/동작구,Seouldongjagucheguksaseoham/서울동작우체국사서함
Seoul/서울,Dongjak-gu/동작구,Sindaebang 1(il)-dong/신대방1동
Seoul/서울,Dongjak-gu/동작구,Sindaebang 2(i)-dong/신대방2동
Seoul/서울,Dongjak-gu/동작구,Sindaebang-dong/신대방동
Seoul/서울,Eunpyeong-gu/은평구,Bulgwang 1(il)-dong/불광1동
Seoul/서울,Eunpyeong-gu/은평구,Bulgwang 2(i)-dong/불광2동
Seoul/서울,Eunpyeong-gu/은평구,Bulgwang-dong/불광동
Seoul/서울,Eunpyeong-gu/은평구,Daejo-dong/대조동
Seoul/서울,Eunpyeong-gu/은평구,Eungam 1(il)-dong/응암1동
Seoul/서울,Eunpyeong-gu/은평구,Eungam 2(i)-dong/응암2동
Seoul/서울,Eunpyeong-gu/은평구,Eungam 3(sam)-dong/응암3동
Seoul/서울,Eunpyeong-gu/은평구,Eungam-dong/응암동
Seoul/서울,Eunpyeong-gu/은평구,Galhyeon 1(il)-dong/갈현1동
Seoul/서울,Eunpyeong-gu/은평구,Galhyeon 2(i)-dong/갈현2동
Seoul/서울,Eunpyeong-gu/은평구,Galhyeon-dong/갈현동
Seoul/서울,Eunpyeong-gu/은평구,Gusan-dong/구산동
Seoul/서울,Eunpyeong-gu/은평구,Jeungsan-dong/증산동
Seoul/서울,Eunpyeong-gu/은평구,Jingwan-dong/진관동
Seoul/서울,Eunpyeong-gu/은평구,Nokbeon-dong/녹번동
Seoul/서울,Eunpyeong-gu/은평구,Seoureunpyeongucheguksaseoham/서울은평우체국사서함
Seoul/서울,Eunpyeong-gu/은평구,Sinsa 1(il)-dong/신사1동
Seoul/서울,Eunpyeong-gu/은평구,Sinsa 2(i)-dong/신사2동
Seoul/서울,Eunpyeong-gu/은평구,Sinsa-dong/신사동
Seoul/서울,Eunpyeong-gu/은평구,Susaek-dong/수색동
Seoul/서울,Eunpyeong-gu/은평구,Yeokchon-dong/역촌동
Seoul/서울,Gangbuk-gu/강북구,Beon 1(il)-dong/번1동
Seoul/서울,Gangbuk-gu/강북구,Beon 2(i)-dong/번2동
Seoul/서울,Gangbuk-gu/강북구,Beon 3(sam)-dong/번3동
Seoul/서울,Gangbuk-gu/강북구,Beon-dong/번동
Seoul/서울,Gangbuk-gu/강북구,Insu-dong/인수동
Seoul/서울,Gangbuk-gu/강북구,Mia-dong/미아동
Seoul/서울,Gangbuk-gu/강북구,Samgaksan-dong/삼각산동
Seoul/서울,Gangbuk-gu/강북구,Samyang-dong/삼양동
Seoul/서울,Gangbuk-gu/강북구,Seoulgangbugucheguksaseoham/서울강북우체국사서함
Seoul/서울,Gangbuk-gu/강북구,Songcheon-dong/송천동
Seoul/서울,Gangbuk-gu/강북구,Songjung-dong/송중동
Seoul/서울,Gangbuk-gu/강북구,Suyu 1(il)-dong/수유1동
Seoul/서울,Gangbuk-gu/강북구,Suyu 2(i)-dong/수유2동
Seoul/서울,Gangbuk-gu/강북구,Suyu 3(sam)-dong/수유3동
Seoul/서울,Gangbuk-gu/강북구,Suyu-dong/수유동
Seoul/서울,Gangbuk-gu/강북구,Ui-dong/우이동
Seoul/서울,Gangdong-gu/강동구,Amsa 1(il)-dong/암사1동
Seoul/서울,Gangdong-gu/강동구,Amsa 2(i)-dong/암사2동
Seoul/서울,Gangdong-gu/강동구,Amsa 3(sam)-dong/암사3동
Seoul/서울,Gangdong-gu/강동구,Amsa-dong/암사동
Seoul/서울,Gangdong-gu/강동구,Cheonho 1(il)-dong/천호1동
Seoul/서울,Gangdong-gu/강동구,Cheonho 2(i)-dong/천호2동
Seoul/서울,Gangdong-gu/강동구,Cheonho 3(sam)-dong/천호3동
Seoul/서울,Gangdong-gu/강동구,Cheonho-dong/천호동
Seoul/서울,Gangdong-gu/강동구,Dunchon 1(il)-dong/둔촌1동
Seoul/서울,Gangdong-gu/강동구,Dunchon 2(i)-dong/둔촌2동
Seoul/서울,Gangdong-gu/강동구,Dunchon-dong/둔촌동
Seoul/서울,Gangdong-gu/강동구,Gangil-dong/강일동
Seoul/서울,Gangdong-gu/강동구,Gil-dong/길동
Seoul/서울,Gangdong-gu/강동구,Godeog 1(il)-dong/고덕1동
Seoul/서울,Gangdong-gu/강동구,Godeog 2(i)-dong/고덕2동
Seoul/서울,Gangdong-gu/강동구,Godeok-dong/고덕동
Seoul/서울,Gangdong-gu/강동구,Myeongil-dong/명일동
Seoul/서울,Gangdong-gu/강동구,Myeongir 1(il)-dong/명일1동
Seoul/서울,Gangdong-gu/강동구,Myeongir 2(i)-dong/명일2동
Seoul/서울,Gangdong-gu/강동구,Sangil-dong/상일동
Seoul/서울,Gangdong-gu/강동구,Seongnae 1(il)-dong/성내1동
Seoul/서울,Gangdong-gu/강동구,Seongnae 2(i)-dong/성내2동
Seoul/서울,Gangdong-gu/강동구,Seongnae 3(sam)-dong/성내3동
Seoul/서울,Gangdong-gu/강동구,Seongnae-dong/성내동
Seoul/서울,Gangdong-gu/강동구,Seoulgangdongucheguksaseoham/서울강동우체국사서함
Seoul/서울,Gangnam-gu/강남구,Apgujeong 1(il)-dong/압구정1동
Seoul/서울,Gangnam-gu/강남구,Apgujeong 2(i)-dong/압구정2동
Seoul/서울,Gangnam-gu/강남구,Apgujeong-dong/압구정동
Seoul/서울,Gangnam-gu/강남구,Cheongdam 1(il)-dong/청담1동
Seoul/서울,Gangnam-gu/강남구,Cheongdam 2(i)-dong/청담2동
Seoul/서울,Gangnam-gu/강남구,Cheongdam-dong/청담동
Seoul/서울,Gangnam-gu/강남구,Daechi 1(il)-dong/대치1동
Seoul/서울,Gangnam-gu/강남구,Daechi 2(i)-dong/대치2동
Seoul/서울,Gangnam-gu/강남구,Daechi 3(sam)-dong/대치3동
Seoul/서울,Gangnam-gu/강남구,Daechi 4(sa)-dong/대치4동
Seoul/서울,Gangnam-gu/강남구,Daechi-dong/대치동
Seoul/서울,Gangnam-gu/강남구,Dogog 1(il)-dong/도곡1동
Seoul/서울,Gangnam-gu/강남구,Dogog 2(i)-dong/도곡2동
Seoul/서울,Gangnam-gu/강남구,Dogok-dong/도곡동
Seoul/서울,Gangnam-gu/강남구,Gaepo 1(il)-dong/개포1동
Seoul/서울,Gangnam-gu/강남구,Gaepo 2(i)-dong/개포2동
Seoul/서울,Gangnam-gu/강남구,Gaepo 3(sam)-dong/개포3동
Seoul/서울,Gangnam-gu/강남구,Gaepo 4(sa)-dong/개포4동
Seoul/서울,Gangnam-gu/강남구,Gaepo-dong/개포동
Seoul/서울,Gangnam-gu/강남구,Irwon 1(il)-dong/일원1동
Seoul/서울,Gangnam-gu/강남구,Irwon 2(i)-dong/일원2동
Seoul/서울,Gangnam-gu/강남구,Irwonbon-dong/일원본동
Seoul/서울,Gangnam-gu/강남구,Irwon-dong/일원동
Seoul/서울,Gangnam-gu/강남구,Jagok-dong/자곡동
Seoul/서울,Gangnam-gu/강남구,Muyeoksenteoucheguksaseoham/무역센터우체국사서함
Seoul/서울,Gangnam-gu/강남구,Nonhyeon 1(il)-dong/논현1동
Seoul/서울,Gangnam-gu/강남구,Nonhyeon 2(i)-dong/논현2동
Seoul/서울,Gangnam-gu/강남구,Nonhyeon-dong/논현동
Seoul/서울,Gangnam-gu/강남구,Samseong 1(il)-dong/삼성1동
Seoul/서울,Gangnam-gu/강남구,Samseong 2(i)-dong/삼성2동
Seoul/서울,Gangnam-gu/강남구,Samseong-dong/삼성동
Seoul/서울,Gangnam-gu/강남구,Segok-dong/세곡동
Seoul/서울,Gangnam-gu/강남구,Seoulgangnamucheguksaseoham/서울강남우체국사서함
Seoul/서울,Gangnam-gu/강남구,Seouryeongdongucheguksaseoham/서울영동우체국사서함
Seoul/서울,Gangnam-gu/강남구,Sinsa-dong/신사동
Seoul/서울,Gangnam-gu/강남구,Suseo-dong/수서동
Seoul/서울,Gangnam-gu/강남구,Yeoksam 1(il)-dong/역삼1동
Seoul/서울,Gangnam-gu/강남구,Yeoksam 2(i)-dong/역삼2동
Seoul/서울,Gangnam-gu/강남구,Yeoksam-dong/역삼동
Seoul/서울,Gangnam-gu/강남구,Yulhyeon-dong/율현동
Seoul/서울,Gangseo-gu/강서구,Banghwa 1(il)-dong/방화1동
Seoul/서울,Gangseo-gu/강서구,Banghwa 2(i)-dong/방화2동
Seoul/서울,Gangseo-gu/강서구,Banghwa 3(sam)-dong/방화3동
Seoul/서울,Gangseo-gu/강서구,Banghwa-dong/방화동
Seoul/서울,Gangseo-gu/강서구,Beombang-dong/범방동
Seoul/서울,Gangseo-gu/강서구,Bongrim-dong/봉림동
Seoul/서울,Gangseo-gu/강서구,Busangangseoucheguksaseoham/부산강서우체국사서함
Seoul/서울,Gangseo-gu/강서구,Cheonseong-dong/천성동
Seoul/서울,Gangseo-gu/강서구,Daehang-dong/대항동
Seoul/서울,Gangseo-gu/강서구,Daejeo 1(il)-dong/대저1동
Seoul/서울,Gangseo-gu/강서구,Daejeo 2(i)-dong/대저2동
Seoul/서울,Gangseo-gu/강서구,Deungchon 1(il)-dong/등촌1동
Seoul/서울,Gangseo-gu/강서구,Deungchon 2(i)-dong/등촌2동
Seoul/서울,Gangseo-gu/강서구,Deungchon 3(sam)-dong/등촌3동
Seoul/서울,Gangseo-gu/강서구,Deungchon-dong/등촌동
Seoul/서울,Gangseo-gu/강서구,Dongseon-dong/동선동
Seoul/서울,Gangseo-gu/강서구,Gaehwa-dong/개화동
Seoul/서울,Gangseo-gu/강서구,Gangdong-dong/강동동
Seoul/서울,Gangseo-gu/강서구,Gayang 1(il)-dong/가양1동
Seoul/서울,Gangseo-gu/강서구,Gayang 2(i)-dong/가양2동
Seoul/서울,Gangseo-gu/강서구,Gayang 3(sam)-dong/가양3동
Seoul/서울,Gangseo-gu/강서구,Gayang-dong/가양동
Seoul/서울,Gangseo-gu/강서구,Gonghang-dong/공항동
Seoul/서울,Gangseo-gu/강서구,Gurang-dong/구랑동
Seoul/서울,Gangseo-gu/강서구,Gwahae-dong/과해동
Seoul/서울,Gangseo-gu/강서구,Hwagog 1(il)-dong/화곡1동
Seoul/서울,Gangseo-gu/강서구,Hwagog 2(i)-dong/화곡2동
Seoul/서울,Gangseo-gu/강서구,Hwagog 3(sam)-dong/화곡3동
Seoul/서울,Gangseo-gu/강서구,Hwagog 4(sa)-dong/화곡4동
Seoul/서울,Gangseo-gu/강서구,Hwagog 6(yuk)-dong/화곡6동
Seoul/서울,Gangseo-gu/강서구,Hwagog 8(pal)-dong/화곡8동
Seoul/서울,Gangseo-gu/강서구,Hwagokbon-dong/화곡본동
Seoul/서울,Gangseo-gu/강서구,Hwagok-dong/화곡동
Seoul/서울,Gangseo-gu/강서구,Hwajeon-dong/화전동
Seoul/서울,Gangseo-gu/강서구,Jisa-dong/지사동
Seoul/서울,Gangseo-gu/강서구,Jukdong-dong/죽동동
Seoul/서울,Gangseo-gu/강서구,Jukrim-dong/죽림동
Seoul/서울,Gangseo-gu/강서구,Magok-dong/마곡동
Seoul/서울,Gangseo-gu/강서구,Mieum-dong/미음동
Seoul/서울,Gangseo-gu/강서구,Myeongji-dong/명지동
Seoul/서울,Gangseo-gu/강서구,Naebalsan 1(il)-dong/내발산1동
Seoul/서울,Gangseo-gu/강서구,Naebalsan-dong/내발산동
Seoul/서울,Gangseo-gu/강서구,Noksan-dong/녹산동
Seoul/서울,Gangseo-gu/강서구,Nulcha-dong/눌차동
Seoul/서울,Gangseo-gu/강서구,Oebalsan-dong/외발산동
Seoul/서울,Gangseo-gu/강서구,Ogok-dong/오곡동
Seoul/서울,Gangseo-gu/강서구,Osoe-dong/오쇠동
Seoul/서울,Gangseo-gu/강서구,Saenggok-dong/생곡동
Seoul/서울,Gangseo-gu/강서구,Seongbuk-dong/성북동
Seoul/서울,Gangseo-gu/강서구,Seoulgangseoucheguksaseoham/서울강서우체국사서함
Seoul/서울,Gangseo-gu/강서구,Seoulhwagogucheguksaseoham/서울화곡우체국사서함
Seoul/서울,Gangseo-gu/강서구,Sikman-dong/식만동
Seoul/서울,Gangseo-gu/강서구,Sinho-dong/신호동
Seoul/서울,Gangseo-gu/강서구,Songjeong-dong/송정동
Seoul/서울,Gangseo-gu/강서구,Ujangsan-dong/우장산동
Seoul/서울,Gangseo-gu/강서구,Yeomchang-dong/염창동
Seoul/서울,Geumcheon-gu/금천구,Doksan 1(il)-dong/독산1동
Seoul/서울,Geumcheon-gu/금천구,Doksan 2(i)-dong/독산2동
Seoul/서울,Geumcheon-gu/금천구,Doksan 3(sam)-dong/독산3동
Seoul/서울,Geumcheon-gu/금천구,Doksan 4(sa)-dong/독산4동
Seoul/서울,Geumcheon-gu/금천구,Doksan-dong/독산동
Seoul/서울,Geumcheon-gu/금천구,Gasan-dong/가산동
Seoul/서울,Geumcheon-gu/금천구,Seoulgeumcheonucheguksaseoham/서울금천우체국사서함
Seoul/서울,Geumcheon-gu/금천구,Siheung 1(il)-dong/시흥1동
Seoul/서울,Geumcheon-gu/금천구,Siheung 2(i)-dong/시흥2동
Seoul/서울,Geumcheon-gu/금천구,Siheung 3(sam)-dong/시흥3동
Seoul/서울,Geumcheon-gu/금천구,Siheung 4(sa)-dong/시흥4동
Seoul/서울,Geumcheon-gu/금천구,Siheung 5(o)-dong/시흥5동
Seoul/서울,Geumcheon-gu/금천구,Siheung-dong/시흥동
Seoul/서울,Guro-gu/구로구,Cheonwang-dong/천왕동
Seoul/서울,Guro-gu/구로구,Gaebong 1(il)-dong/개봉1동
Seoul/서울,Guro-gu/구로구,Gaebong 2(i)-dong/개봉2동
Seoul/서울,Guro-gu/구로구,Gaebong 3(sam)-dong/개봉3동
Seoul/서울,Guro-gu/구로구,Gaebong-dong/개봉동
Seoul/서울,Guro-gu/구로구,Garibong-dong/가리봉동
Seoul/서울,Guro-gu/구로구,Gocheog 1(il)-dong/고척1동
Seoul/서울,Guro-gu/구로구,Gocheog 2(i)-dong/고척2동
Seoul/서울,Guro-gu/구로구,Gocheok-dong/고척동
Seoul/서울,Guro-gu/구로구,Gung-dong/궁동
Seoul/서울,Guro-gu/구로구,Guro 1(il)-dong/구로1동
Seoul/서울,Guro-gu/구로구,Guro 2(i)-dong/구로2동
Seoul/서울,Guro-gu/구로구,Guro 3(sam)-dong/구로3동
Seoul/서울,Guro-gu/구로구,Guro 4(sa)-dong/구로4동
Seoul/서울,Guro-gu/구로구,Guro 5(o)-dong/구로5동
Seoul/서울,Guro-gu/구로구,Gurodijiteoldanjiucheguksaseoham/구로디지털단지우체국사서함
Seoul/서울,Guro-gu/구로구,Guro-dong/구로동
Seoul/서울,Guro-gu/구로구,Hang-dong/항동
Seoul/서울,Guro-gu/구로구,Onsu-dong/온수동
Seoul/서울,Guro-gu/구로구,Oryu 1(il)-dong/오류1동
Seoul/서울,Guro-gu/구로구,Oryu 2(i)-dong/오류2동
Seoul/서울,Guro-gu/구로구,Oryu-dong/오류동
Seoul/서울,Guro-gu/구로구,Sindorim-dong/신도림동
Seoul/서울,Gwanak-gu/관악구,Bongcheon-dong/봉천동
Seoul/서울,Gwanak-gu/관악구,Boramae-dong/보라매동
Seoul/서울,Gwanak-gu/관악구,Cheongrim-dong/청림동
Seoul/서울,Gwanak-gu/관악구,Cheongryong-dong/청룡동
Seoul/서울,Gwanak-gu/관악구,Daehak-dong/대학동
Seoul/서울,Gwanak-gu/관악구,Euncheon-dong/은천동
Seoul/서울,Gwanak-gu/관악구,Haengun-dong/행운동
Seoul/서울,Gwanak-gu/관악구,Inheon-dong/인헌동
Seoul/서울,Gwanak-gu/관악구,Jowon-dong/조원동
Seoul/서울,Gwanak-gu/관악구,Jungang-dong/중앙동
Seoul/서울,Gwanak-gu/관악구,Miseong-dong/미성동
Seoul/서울,Gwanak-gu/관악구,Nakseongdae-dong/낙성대동
Seoul/서울,Gwanak-gu/관악구,Namhyeon-dong/남현동
Seoul/서울,Gwanak-gu/관악구,Nangok-dong/난곡동
Seoul/서울,Gwanak-gu/관악구,Nanhyang-dong/난향동
Seoul/서울,Gwanak-gu/관악구,Samseong-dong/삼성동
Seoul/서울,Gwanak-gu/관악구,Seonghyeon-dong/성현동
Seoul/서울,Gwanak-gu/관악구,Seorim-dong/서림동
Seoul/서울,Gwanak-gu/관악구,Seoulgwanagucheguksaseoham/서울관악우체국사서함
Seoul/서울,Gwanak-gu/관악구,Seowon-dong/서원동
Seoul/서울,Gwanak-gu/관악구,Sinrim-dong/신림동
Seoul/서울,Gwanak-gu/관악구,Sinsa-dong/신사동
Seoul/서울,Gwanak-gu/관악구,Sinwon-dong/신원동
Seoul/서울,Gwangjin-gu/광진구,Dongseourupyeonjipjungguksaseoham/동서울우편집중국사서함
Seoul/서울,Gwangjin-gu/광진구,Gunja-dong/군자동
Seoul/서울,Gwangjin-gu/광진구,Guui 1(il)-dong/구의1동
Seoul/서울,Gwangjin-gu/광진구,Guui 2(i)-dong/구의2동
Seoul/서울,Gwangjin-gu/광진구,Guui 3(sam)-dong/구의3동
Seoul/서울,Gwangjin-gu/광진구,Guui-dong/구의동
Seoul/서울,Gwangjin-gu/광진구,Gwangjang-dong/광장동
Seoul/서울,Gwangjin-gu/광진구,Hwayang-dong/화양동
Seoul/서울,Gwangjin-gu/광진구,Jayang 1(il)-dong/자양1동
Seoul/서울,Gwangjin-gu/광진구,Jayang 2(i)-dong/자양2동
Seoul/서울,Gwangjin-gu/광진구,Jayang 3(sam)-dong/자양3동
Seoul/서울,Gwangjin-gu/광진구,Jayang 4(sa)-dong/자양4동
Seoul/서울,Gwangjin-gu/광진구,Jayang-dong/자양동
Seoul/서울,Gwangjin-gu/광진구,Junggog 1(il)-dong/중곡1동
Seoul/서울,Gwangjin-gu/광진구,Junggog 2(i)-dong/중곡2동
Seoul/서울,Gwangjin-gu/광진구,Junggog 3(sam)-dong/중곡3동
Seoul/서울,Gwangjin-gu/광진구,Junggog 4(sa)-dong/중곡4동
Seoul/서울,Gwangjin-gu/광진구,Junggok-dong/중곡동
Seoul/서울,Gwangjin-gu/광진구,Mojin-dong/모진동
Seoul/서울,Gwangjin-gu/광진구,Neung-dong/능동
Seoul/서울,Gwangjin-gu/광진구,Seoulgwangjinucheguksaseoham/서울광진우체국사서함
Seoul/서울,Jongro-gu/종로구,Anguk-dong/안국동
Seoul/서울,Jongro-gu/종로구,Bongik-dong/봉익동
Seoul/서울,Jongro-gu/종로구,Buam-dong/부암동
Seoul/서울,Jongro-gu/종로구,Changseong-dong/창성동
Seoul/서울,Jongro-gu/종로구,Changsin 1(il)-dong/창신1동
Seoul/서울,Jongro-gu/종로구,Changsin 2(i)-dong/창신2동
Seoul/서울,Jongro-gu/종로구,Changsin 3(sam)-dong/창신3동
Seoul/서울,Jongro-gu/종로구,Changsin-dong/창신동
Seoul/서울,Jongro-gu/종로구,Chebu-dong/체부동
Seoul/서울,Jongro-gu/종로구,Cheongjin-dong/청진동
Seoul/서울,Jongro-gu/종로구,Cheongun-dong/청운동
Seoul/서울,Jongro-gu/종로구,Chungsin-dong/충신동
Seoul/서울,Jongro-gu/종로구,Dangju-dong/당주동
Seoul/서울,Jongro-gu/종로구,Dongsung-dong/동숭동
Seoul/서울,Jongro-gu/종로구,Donui-dong/돈의동
Seoul/서울,Jongro-gu/종로구,Doryeom-dong/도렴동
Seoul/서울,Jongro-gu/종로구,Gahoe-dong/가회동
Seoul/서울,Jongro-gu/종로구,Gongpyeong-dong/공평동
Seoul/서울,Jongro-gu/종로구,Gugi-dong/구기동
Seoul/서울,Jongro-gu/종로구,Gungjeong-dong/궁정동
Seoul/서울,Jongro-gu/종로구,Gwancheol-dong/관철동
Seoul/서울,Jongro-gu/종로구,Gwanghwamunucheguksaseoham/광화문우체국사서함
Seoul/서울,Jongro-gu/종로구,Gwanhun-dong/관훈동
Seoul/서울,Jongro-gu/종로구,Gwansu-dong/관수동
Seoul/서울,Jongro-gu/종로구,Gwonnong-dong/권농동
Seoul/서울,Jongro-gu/종로구,Gye-dong/계동
Seoul/서울,Jongro-gu/종로구,Gyeongun-dong/경운동
Seoul/서울,Jongro-gu/종로구,Gyeonji-dong/견지동
Seoul/서울,Jongro-gu/종로구,Gyobuk-dong/교북동
Seoul/서울,Jongro-gu/종로구,Gyonam-dong/교남동
Seoul/서울,Jongro-gu/종로구,Haengchon-dong/행촌동
Seoul/서울,Jongro-gu/종로구,Hongji-dong/홍지동
Seoul/서울,Jongro-gu/종로구,Hongpa-dong/홍파동
Seoul/서울,Jongro-gu/종로구,Hunjeong-dong/훈정동
Seoul/서울,Jongro-gu/종로구,Hwa-dong/화동
Seoul/서울,Jongro-gu/종로구,Hyehwa-dong/혜화동
Seoul/서울,Jongro-gu/종로구,Hyoja-dong/효자동
Seoul/서울,Jongro-gu/종로구,Hyoje-dong/효제동
Seoul/서울,Jongro-gu/종로구,Ihwa-dong/이화동
Seoul/서울,Jongro-gu/종로구,Ikseon-dong/익선동
Seoul/서울,Jongro-gu/종로구,Insa-dong/인사동
Seoul/서울,Jongro-gu/종로구,Inui-dong/인의동
Seoul/서울,Jongro-gu/종로구,Jae-dong/재동
Seoul/서울,Jongro-gu/종로구,Jangsa-dong/장사동
Seoul/서울,Jongro-gu/종로구,Jeokseon-dong/적선동
Seoul/서울,Jongro-gu/종로구,Jongro 1(il)-ga/종로1가
Seoul/서울,Jongro-gu/종로구,Jongro 2(i)-ga/종로2가
Seoul/서울,Jongro-gu/종로구,Jongro 3(sam)-ga/종로3가
Seoul/서울,Jongro-gu/종로구,Jongro 4(sa)-ga/종로4가
Seoul/서울,Jongro-gu/종로구,Jongro 5(o)-ga/종로5가
Seoul/서울,Jongro-gu/종로구,Jongro 6(yuk)-ga/종로6가
Seoul/서울,Jongro-gu/종로구,Junghak-dong/중학동
Seoul/서울,Jongro-gu/종로구,Muak-dong/무악동
Seoul/서울,Jongro-gu/종로구,Myeongryundong 1(il)-ga/명륜동1가
Seoul/서울,Jongro-gu/종로구,Myeongryundong 2(i)-ga/명륜동2가
Seoul/서울,Jongro-gu/종로구,Myeongryundong 3(sam)-ga/명륜동3가
Seoul/서울,Jongro-gu/종로구,Myeongryundong 4(sa)-ga/명륜동4가
Seoul/서울,Jongro-gu/종로구,Myo-dong/묘동
Seoul/서울,Jongro-gu/종로구,Naeja-dong/내자동
Seoul/서울,Jongro-gu/종로구,Naesu-dong/내수동
Seoul/서울,Jongro-gu/종로구,Nagwon-dong/낙원동
Seoul/서울,Jongro-gu/종로구,Nuha-dong/누하동
Seoul/서울,Jongro-gu/종로구,Nusang-dong/누상동
Seoul/서울,Jongro-gu/종로구,Ogin-dong/옥인동
Seoul/서울,Jongro-gu/종로구,Palpan-dong/팔판동
Seoul/서울,Jongro-gu/종로구,Pirun-dong/필운동
Seoul/서울,Jongro-gu/종로구,Pyeongchang-dong/평창동
Seoul/서울,Jongro-gu/종로구,Pyeong-dong/평동
Seoul/서울,Jongro-gu/종로구,Sagan-dong/사간동
Seoul/서울,Jongro-gu/종로구,Sajik-dong/사직동
Seoul/서울,Jongro-gu/종로구,Samcheong-dong/삼청동
Seoul/서울,Jongro-gu/종로구,Sejongno/세종로
Seoul/서울,Jongro-gu/종로구,Seorin-dong/서린동
Seoul/서울,Jongro-gu/종로구,Singyo-dong/신교동
Seoul/서울,Jongro-gu/종로구,Sinmunro 1(il)-ga/신문로1가
Seoul/서울,Jongro-gu/종로구,Sinmunro 2(i)-ga/신문로2가
Seoul/서울,Jongro-gu/종로구,Sinyeong-dong/신영동
Seoul/서울,Jongro-gu/종로구,Sogyeok-dong/소격동
Seoul/서울,Jongro-gu/종로구,Songhyeon-dong/송현동
Seoul/서울,Jongro-gu/종로구,Songwol-dong/송월동
Seoul/서울,Jongro-gu/종로구,Sungin 1(il)-dong/숭인1동
Seoul/서울,Jongro-gu/종로구,Sungin 2(i)-dong/숭인2동
Seoul/서울,Jongro-gu/종로구,Sungin-dong/숭인동
Seoul/서울,Jongro-gu/종로구,Susong-dong/수송동
Seoul/서울,Jongro-gu/종로구,Tongin-dong/통인동
Seoul/서울,Jongro-gu/종로구,Tongui-dong/통의동
Seoul/서울,Jongro-gu/종로구,Unni-dong/운니동
Seoul/서울,Jongro-gu/종로구,Waryong-dong/와룡동
Seoul/서울,Jongro-gu/종로구,Wonnam-dong/원남동
Seoul/서울,Jongro-gu/종로구,Wonseo-dong/원서동
Seoul/서울,Jongro-gu/종로구,Yeji-dong/예지동
Seoul/서울,Jongro-gu/종로구,Yeongeon-dong/연건동
Seoul/서울,Jongro-gu/종로구,Yeonji-dong/연지동
Seoul/서울,Jung-gu/중구,Anyeong-dong/안영동
Seoul/서울,Jung-gu/중구,Bangsan-dong/방산동
Seoul/서울,Jung-gu/중구,Bangu 1(il)-dong/반구1동
Seoul/서울,Jung-gu/중구,Bangu 2(i)-dong/반구2동
Seoul/서울,Jung-gu/중구,Bangu-dong/반구동
Seoul/서울,Jung-gu/중구,Boksan 1(il)-dong/복산1동
Seoul/서울,Jung-gu/중구,Boksan 2(i)-dong/복산2동
Seoul/서울,Jung-gu/중구,Boksan-dong/복산동
Seoul/서울,Jung-gu/중구,Bongraedong 1(il)-ga/봉래동1가
Seoul/서울,Jung-gu/중구,Bongraedong 2(i)-ga/봉래동2가
Seoul/서울,Jung-gu/중구,Bongsan-dong/봉산동
Seoul/서울,Jung-gu/중구,Bosudong 1(il)-ga/보수동1가
Seoul/서울,Jung-gu/중구,Bosudong 2(i)-ga/보수동2가
Seoul/서울,Jung-gu/중구,Bosudong 3(sam)-ga/보수동3가
Seoul/서울,Jung-gu/중구,Bosu-dong/보수동
Seoul/서울,Jung-gu/중구,Bukchang-dong/북창동
Seoul/서울,Jung-gu/중구,Bukjeong-dong/북정동
Seoul/서울,Jung-gu/중구,Buknae-dong/북내동
Seoul/서울,Jung-gu/중구,Bukseongdong 1(il)-ga/북성동1가
Seoul/서울,Jung-gu/중구,Bukseongdong 2(i)-ga/북성동2가
Seoul/서울,Jung-gu/중구,Bukseongdong 3(sam)-ga/북성동3가
Seoul/서울,Jung-gu/중구,Bukseongro 1(il)-ga/북성로1가
Seoul/서울,Jung-gu/중구,Bukseongro 2(i)-ga/북성로2가
Seoul/서울,Jung-gu/중구,Bupyeongdong 1(il)-ga/부평동1가
Seoul/서울,Jung-gu/중구,Bupyeongdong 2(i)-ga/부평동2가
Seoul/서울,Jung-gu/중구,Bupyeongdong 3(sam)-ga/부평동3가
Seoul/서울,Jung-gu/중구,Bupyeongdong 4(sa)-ga/부평동4가
Seoul/서울,Jung-gu/중구,Bupyeong-dong/부평동
Seoul/서울,Jung-gu/중구,Busa-dong/부사동
Seoul/서울,Jung-gu/중구,Busanucheguksaseoham/부산우체국사서함
Seoul/서울,Jung-gu/중구,Changseondong 1(il)-ga/창선동1가
Seoul/서울,Jung-gu/중구,Changseondong 2(i)-ga/창선동2가
Seoul/서울,Jung-gu/중구,Changseon-dong/창선동
Seoul/서울,Jung-gu/중구,Chimsan-dong/침산동
Seoul/서울,Jung-gu/중구,Cho-dong/초동
Seoul/서울,Jung-gu/중구,Chungjeongro 1(il)-ga/충정로1가
Seoul/서울,Jung-gu/중구,Chungmuro 1(il)-ga/충무로1가
Seoul/서울,Jung-gu/중구,Chungmuro 2(i)-ga/충무로2가
Seoul/서울,Jung-gu/중구,Chungmuro 3(sam)-ga/충무로3가
Seoul/서울,Jung-gu/중구,Chungmuro 4(sa)-ga/충무로4가
Seoul/서울,Jung-gu/중구,Chungmuro 5(o)-ga/충무로5가
Seoul/서울,Jung-gu/중구,Da-dong/다동
Seoul/서울,Jung-gu/중구,Daean-dong/대안동
Seoul/서울,Jung-gu/중구,Daebong 1(il)-dong/대봉1동
Seoul/서울,Jung-gu/중구,Daebong 2(i)-dong/대봉2동
Seoul/서울,Jung-gu/중구,Daebong-dong/대봉동
Seoul/서울,Jung-gu/중구,Daechangdong 1(il)-ga/대창동1가
Seoul/서울,Jung-gu/중구,Daechangdong 2(i)-ga/대창동2가
Seoul/서울,Jung-gu/중구,Daechang-dong/대창동
Seoul/서울,Jung-gu/중구,Daecheongdong 1(il)-ga/대청동1가
Seoul/서울,Jung-gu/중구,Daecheongdong 2(i)-ga/대청동2가
Seoul/서울,Jung-gu/중구,Daecheongdong 3(sam)-ga/대청동3가
Seoul/서울,Jung-gu/중구,Daecheongdong 4(sa)-ga/대청동4가
Seoul/서울,Jung-gu/중구,Daecheong-dong/대청동
Seoul/서울,Jung-gu/중구,Daeguucheguksaseoham/대구우체국사서함
Seoul/서울,Jung-gu/중구,Daeheung-dong/대흥동
Seoul/서울,Jung-gu/중구,Daesa-dong/대사동
Seoul/서울,Jung-gu/중구,Daesin-dong/대신동
Seoul/서울,Jung-gu/중구,Dalseong-dong/달성동
Seoul/서울,Jung-gu/중구,Dap-dong/답동
Seoul/서울,Jung-gu/중구,Daun-dong/다운동
Seoul/서울,Jung-gu/중구,Deokgyo-dong/덕교동
Seoul/서울,Jung-gu/중구,Deoksan-dong/덕산동
Seoul/서울,Jung-gu/중구,Dong-dong/동동
Seoul/서울,Jung-gu/중구,Donggwangdong 1(il)-ga/동광동1가
Seoul/서울,Jung-gu/중구,Donggwangdong 2(i)-ga/동광동2가
Seoul/서울,Jung-gu/중구,Donggwangdong 3(sam)-ga/동광동3가
Seoul/서울,Jung-gu/중구,Donggwangdong 4(sa)-ga/동광동4가
Seoul/서울,Jung-gu/중구,Donggwangdong 5(o)-ga/동광동5가
Seoul/서울,Jung-gu/중구,Donggwang-dong/동광동
Seoul/서울,Jung-gu/중구,Dongil-dong/동일동
Seoul/서울,Jung-gu/중구,Dongindong 1(il)-ga/동인동1가
Seoul/서울,Jung-gu/중구,Dongindong 2(i)-ga/동인동2가
Seoul/서울,Jung-gu/중구,Dongindong 3(sam)-ga/동인동3가
Seoul/서울,Jung-gu/중구,Dongindong 4(sa)-ga/동인동4가
Seoul/서울,Jung-gu/중구,Dongmun-dong/동문동
Seoul/서울,Jung-gu/중구,Dongsan-dong/동산동
Seoul/서울,Jung-gu/중구,Dongseongro 1(il)-ga/동성로1가
Seoul/서울,Jung-gu/중구,Dongseongro 2(i)-ga/동성로2가
Seoul/서울,Jung-gu/중구,Dongseongro 3(sam)-ga/동성로3가
Seoul/서울,Jung-gu/중구,Dowon-dong/도원동
Seoul/서울,Jung-gu/중구,Dowon-dong/도원동
Seoul/서울,Jung-gu/중구,Eonam-dong/어남동
Seoul/서울,Jung-gu/중구,Euljiro 1(il)-ga/을지로1가
Seoul/서울,Jung-gu/중구,Euljiro 2(i)-ga/을지로2가
Seoul/서울,Jung-gu/중구,Euljiro 3(sam)-ga/을지로3가
Seoul/서울,Jung-gu/중구,Euljiro 4(sa)-ga/을지로4가
Seoul/서울,Jung-gu/중구,Euljiro 5(o)-ga/을지로5가
Seoul/서울,Jung-gu/중구,Euljiro 6(yuk)-ga/을지로6가
Seoul/서울,Jung-gu/중구,Euljiro 7(chil)-ga/을지로7가
Seoul/서울,Jung-gu/중구,Eunhaeng-dong/은행동
Seoul/서울,Jung-gu/중구,Eurwang-dong/을왕동
Seoul/서울,Jung-gu/중구,Geum-dong/금동
Seoul/서울,Jung-gu/중구,Gongpyeong-dong/공평동
Seoul/서울,Jung-gu/중구,Guwan-dong/구완동
Seoul/서울,Jung-gu/중구,Gwandong 1(il)-ga/관동1가
Seoul/서울,Jung-gu/중구,Gwandong 2(i)-ga/관동2가
Seoul/서울,Jung-gu/중구,Gwandong 3(sam)-ga/관동3가
Seoul/서울,Jung-gu/중구,Gwangbokdong 1(il)-ga/광복동1가
Seoul/서울,Jung-gu/중구,Gwangbokdong 2(i)-ga/광복동2가
Seoul/서울,Jung-gu/중구,Gwangbokdong 3(sam)-ga/광복동3가
Seoul/서울,Jung-gu/중구,Gwangbok-dong/광복동
Seoul/서울,Jung-gu/중구,Gwanghuidong 1(il)-ga/광희동1가
Seoul/서울,Jung-gu/중구,Gwanghuidong 2(i)-ga/광희동2가
Seoul/서울,Jung-gu/중구,Gyeong-dong/경동
Seoul/서울,Jung-gu/중구,Gyesandong 1(il)-ga/계산동1가
Seoul/서울,Jung-gu/중구,Gyesandong 2(i)-ga/계산동2가
Seoul/서울,Jung-gu/중구,Gyo-dong/교동
Seoul/서울,Jung-gu/중구,Gyo-dong/교동
Seoul/서울,Jung-gu/중구,Haeandong 1(il)-ga/해안동1가
Seoul/서울,Jung-gu/중구,Haeandong 2(i)-ga/해안동2가
Seoul/서울,Jung-gu/중구,Haeandong 3(sam)-ga/해안동3가
Seoul/서울,Jung-gu/중구,Haeandong 4(sa)-ga/해안동4가
Seoul/서울,Jung-gu/중구,Haksan-dong/학산동
Seoul/서울,Jung-gu/중구,Hakseong-dong/학성동
Seoul/서울,Jung-gu/중구,Hangdong 1(il)-ga/항동1가
Seoul/서울,Jung-gu/중구,Hangdong 2(i)-ga/항동2가
Seoul/서울,Jung-gu/중구,Hangdong 3(sam)-ga/항동3가
Seoul/서울,Jung-gu/중구,Hangdong 4(sa)-ga/항동4가
Seoul/서울,Jung-gu/중구,Hangdong 5(o)-ga/항동5가
Seoul/서울,Jung-gu/중구,Hangdong 6(yuk)-ga/항동6가
Seoul/서울,Jung-gu/중구,Hangdong 7(chil)-ga/항동7가
Seoul/서울,Jung-gu/중구,Haseo-dong/하서동
Seoul/서울,Jung-gu/중구,Heungin-dong/흥인동
Seoul/서울,Jung-gu/중구,Ho-dong/호동
Seoul/서울,Jung-gu/중구,Hoehyeondong 1(il)-ga/회현동1가
Seoul/서울,Jung-gu/중구,Hoehyeondong 2(i)-ga/회현동2가
Seoul/서울,Jung-gu/중구,Hoehyeondong 3(sam)-ga/회현동3가
Seoul/서울,Jung-gu/중구,Hwajeon-dong/화전동
Seoul/서울,Jung-gu/중구,Hwanghak-dong/황학동
Seoul/서울,Jung-gu/중구,Hyangchon-dong/향촌동
Seoul/서울,Jung-gu/중구,Incheongonghangucheguksaseoham/인천공항우체국사서함
Seoul/서울,Jung-gu/중구,Ingyo-dong/인교동
Seoul/서울,Jung-gu/중구,Inhyeondong 1(il)-ga/인현동1가
Seoul/서울,Jung-gu/중구,Inhyeondong 2(i)-ga/인현동2가
Seoul/서울,Jung-gu/중구,Inhyeon-dong/인현동
Seoul/서울,Jung-gu/중구,Ipjeong-dong/입정동
Seoul/서울,Jung-gu/중구,Jangchungdong 1(il)-ga/장충동1가
Seoul/서울,Jung-gu/중구,Jangchungdong 2(i)-ga/장충동2가
Seoul/서울,Jung-gu/중구,Janggwan-dong/장관동
Seoul/서울,Jung-gu/중구,Janggyo-dong/장교동
Seoul/서울,Jung-gu/중구,Janghyeon-dong/장현동
Seoul/서울,Jung-gu/중구,Jeodong 1(il)-ga/저동1가
Seoul/서울,Jung-gu/중구,Jeodong 2(i)-ga/저동2가
Seoul/서울,Jung-gu/중구,Jeon-dong/전동
Seoul/서울,Jung-gu/중구,Jeon-dong/전동
Seoul/서울,Jung-gu/중구,Jeong-dong/정동
Seoul/서울,Jung-gu/중구,Jeongsaeng-dong/정생동
Seoul/서울,Jung-gu/중구,Jongro 1(il)-ga/종로1가
Seoul/서울,Jung-gu/중구,Jongro 2(i)-ga/종로2가
Seoul/서울,Jung-gu/중구,Jugyo-dong/주교동
Seoul/서울,Jung-gu/중구,Juja-dong/주자동
Seoul/서울,Jung-gu/중구,Jungangdong 1(il)-ga/중앙동1가
Seoul/서울,Jung-gu/중구,Jungangdong 1(il)-ga/중앙동1가
Seoul/서울,Jung-gu/중구,Jungangdong 2(i)-ga/중앙동2가
Seoul/서울,Jung-gu/중구,Jungangdong 2(i)-ga/중앙동2가
Seoul/서울,Jung-gu/중구,Jungangdong 3(sam)-ga/중앙동3가
Seoul/서울,Jung-gu/중구,Jungangdong 3(sam)-ga/중앙동3가
Seoul/서울,Jung-gu/중구,Jungangdong 4(sa)-ga/중앙동4가
Seoul/서울,Jung-gu/중구,Jungangdong 4(sa)-ga/중앙동4가
Seoul/서울,Jung-gu/중구,Jungangdong 5(o)-ga/중앙동5가
Seoul/서울,Jung-gu/중구,Jungangdong 6(yuk)-ga/중앙동6가
Seoul/서울,Jung-gu/중구,Jungangdong 7(chil)-ga/중앙동7가
Seoul/서울,Jung-gu/중구,Jungang-dong/중앙동
Seoul/서울,Jung-gu/중구,Jungangucheguksaseoham/중앙우체국사서함
Seoul/서울,Jung-gu/중구,Jungchon-dong/중촌동
Seoul/서울,Jung-gu/중구,Jungrim-dong/중림동
Seoul/서울,Jung-gu/중구,Jungsan-dong/중산동
Seoul/서울,Jung-gu/중구,Manridong 1(il)-ga/만리동1가
Seoul/서울,Jung-gu/중구,Manridong 2(i)-ga/만리동2가
Seoul/서울,Jung-gu/중구,Mokdal-dong/목달동
Seoul/서울,Jung-gu/중구,Mok-dong/목동
Seoul/서울,Jung-gu/중구,Mugyo-dong/무교동
Seoul/서울,Jung-gu/중구,Muhak-dong/무학동
Seoul/서울,Jung-gu/중구,Mukjeong-dong/묵정동
Seoul/서울,Jung-gu/중구,Munchang-dong/문창동
Seoul/서울,Jung-gu/중구,Munhwa 1(il)-dong/문화1동
Seoul/서울,Jung-gu/중구,Munhwa 2(i)-dong/문화2동
Seoul/서울,Jung-gu/중구,Munhwa-dong/문화동
Seoul/서울,Jung-gu/중구,Munhwa-dong/문화동
Seoul/서울,Jung-gu/중구,Musu-dong/무수동
Seoul/서울,Jung-gu/중구,Muui-dong/무의동
Seoul/서울,Jung-gu/중구,Myeongdong 1(il)-ga/명동1가
Seoul/서울,Jung-gu/중구,Myeongdong 2(i)-ga/명동2가
Seoul/서울,Jung-gu/중구,Nae-dong/내동
Seoul/서울,Jung-gu/중구,Nambuk-dong/남북동
Seoul/서울,Jung-gu/중구,Namchang-dong/남창동
Seoul/서울,Jung-gu/중구,Namdaemunro 1(il)-ga/남대문로1가
Seoul/서울,Jung-gu/중구,Namdaemunro 2(i)-ga/남대문로2가
Seoul/서울,Jung-gu/중구,Namdaemunro 3(sam)-ga/남대문로3가
Seoul/서울,Jung-gu/중구,Namdaemunro 4(sa)-ga/남대문로4가
Seoul/서울,Jung-gu/중구,Namdaemunro 5(o)-ga/남대문로5가
Seoul/서울,Jung-gu/중구,Namhak-dong/남학동
Seoul/서울,Jung-gu/중구,Namil-dong/남일동
Seoul/서울,Jung-gu/중구,Namoe-dong/남외동
Seoul/서울,Jung-gu/중구,Nampodong 1(il)-ga/남포동1가
Seoul/서울,Jung-gu/중구,Nampodong 2(i)-ga/남포동2가
Seoul/서울,Jung-gu/중구,Nampodong 3(sam)-ga/남포동3가
Seoul/서울,Jung-gu/중구,Nampodong 4(sa)-ga/남포동4가
Seoul/서울,Jung-gu/중구,Nampodong 5(o)-ga/남포동5가
Seoul/서울,Jung-gu/중구,Nampodong 6(yuk)-ga/남포동6가
Seoul/서울,Jung-gu/중구,Nampo-dong/남포동
Seoul/서울,Jung-gu/중구,Namsan 1(il)-dong/남산1동
Seoul/서울,Jung-gu/중구,Namsan 2(i)-dong/남산2동
Seoul/서울,Jung-gu/중구,Namsan 3(sam)-dong/남산3동
Seoul/서울,Jung-gu/중구,Namsan 4(sa)-dong/남산4동
Seoul/서울,Jung-gu/중구,Namsandong 1(il)-ga/남산동1가
Seoul/서울,Jung-gu/중구,Namsandong 2(i)-ga/남산동2가
Seoul/서울,Jung-gu/중구,Namsandong 3(sam)-ga/남산동3가
Seoul/서울,Jung-gu/중구,Namsan-dong/남산동
Seoul/서울,Jung-gu/중구,Namseongno/남성로
Seoul/서울,Jung-gu/중구,Ojang-dong/오장동
Seoul/서울,Jung-gu/중구,Okgye-dong/옥계동
Seoul/서울,Jung-gu/중구,Okgyo-dong/옥교동
Seoul/서울,Jung-gu/중구,Oryu-dong/오류동
Seoul/서울,Jung-gu/중구,Pildong 1(il)-ga/필동1가
Seoul/서울,Jung-gu/중구,Pildong 2(i)-ga/필동2가
Seoul/서울,Jung-gu/중구,Pildong 3(sam)-ga/필동3가
Seoul/서울,Jung-gu/중구,Pojeong-dong/포정동
Seoul/서울,Jung-gu/중구,Sa-dong/사동
Seoul/서울,Jung-gu/중구,Sail-dong/사일동
Seoul/서울,Jung-gu/중구,Sajeong-dong/사정동
Seoul/서울,Jung-gu/중구,Samdeokdong 1(il)-ga/삼덕동1가
Seoul/서울,Jung-gu/중구,Samdeokdong 2(i)-ga/삼덕동2가
Seoul/서울,Jung-gu/중구,Samdeokdong 3(sam)-ga/삼덕동3가
Seoul/서울,Jung-gu/중구,Samgak-dong/삼각동
Seoul/서울,Jung-gu/중구,Sangdeok-dong/상덕동
Seoul/서울,Jung-gu/중구,Sangseo-dong/상서동
Seoul/서울,Jung-gu/중구,Sanrim-dong/산림동
Seoul/서울,Jung-gu/중구,Sanseong-dong/산성동
Seoul/서울,Jung-gu/중구,Seodaejeonucheguksaseoham/서대전우체국사서함
Seoul/서울,Jung-gu/중구,Seo-dong/서동
Seoul/서울,Jung-gu/중구,Seokgyo-dong/석교동
Seoul/서울,Jung-gu/중구,Seomunro 1(il)-ga/서문로1가
Seoul/서울,Jung-gu/중구,Seomunro 2(i)-ga/서문로2가
Seoul/서울,Jung-gu/중구,Seonae-dong/서내동
Seoul/서울,Jung-gu/중구,Seongan-dong/성안동
Seoul/서울,Jung-gu/중구,Seongnam-dong/성남동
Seoul/서울,Jung-gu/중구,Seonhwa-dong/선화동
Seoul/서울,Jung-gu/중구,Seonhwa-dong/선화동
Seoul/서울,Jung-gu/중구,Seonrin-dong/선린동
Seoul/서울,Jung-gu/중구,Seoseongro 1(il)-ga/서성로1가
Seoul/서울,Jung-gu/중구,Seoseongro 2(i)-ga/서성로2가
Seoul/서울,Jung-gu/중구,Seosomun-dong/서소문동
Seoul/서울,Jung-gu/중구,Seoya-dong/서야동
Seoul/서울,Jung-gu/중구,Sijangbugno/시장북로
Seoul/서울,Jung-gu/중구,Sinchangdong 1(il)-ga/신창동1가
Seoul/서울,Jung-gu/중구,Sinchangdong 2(i)-ga/신창동2가
Seoul/서울,Jung-gu/중구,Sinchangdong 3(sam)-ga/신창동3가
Seoul/서울,Jung-gu/중구,Sinchangdong 4(sa)-ga/신창동4가
Seoul/서울,Jung-gu/중구,Sinchang-dong/신창동
Seoul/서울,Jung-gu/중구,Sindang 1(il)-dong/신당1동
Seoul/서울,Jung-gu/중구,Sindang 2(i)-dong/신당2동
Seoul/서울,Jung-gu/중구,Sindang 3(sam)-dong/신당3동
Seoul/서울,Jung-gu/중구,Sindang 4(sa)-dong/신당4동
Seoul/서울,Jung-gu/중구,Sindang 5(o)-dong/신당5동
Seoul/서울,Jung-gu/중구,Sindang 6(yuk)-dong/신당6동
Seoul/서울,Jung-gu/중구,Sindang-dong/신당동
Seoul/서울,Jung-gu/중구,Sinheungdong 1(il)-ga/신흥동1가
Seoul/서울,Jung-gu/중구,Sinheungdong 2(i)-ga/신흥동2가
Seoul/서울,Jung-gu/중구,Sinheungdong 3(sam)-ga/신흥동3가
Seoul/서울,Jung-gu/중구,Sinpo-dong/신포동
Seoul/서울,Jung-gu/중구,Sinsaeng-dong/신생동
Seoul/서울,Jung-gu/중구,Sogong-dong/소공동
Seoul/서울,Jung-gu/중구,Songhakdong 1(il)-ga/송학동1가
Seoul/서울,Jung-gu/중구,Songhakdong 2(i)-ga/송학동2가
Seoul/서울,Jung-gu/중구,Songhakdong 3(sam)-ga/송학동3가
Seoul/서울,Jung-gu/중구,Songwoldong 1(il)-ga/송월동1가
Seoul/서울,Jung-gu/중구,Songwoldong 2(i)-ga/송월동2가
Seoul/서울,Jung-gu/중구,Songwoldong 3(sam)-ga/송월동3가
Seoul/서울,Jung-gu/중구,Ssangrim-dong/쌍림동
Seoul/서울,Jung-gu/중구,Suchang-dong/수창동
Seoul/서울,Jung-gu/중구,Su-dong/수동
Seoul/서울,Jung-gu/중구,Suha-dong/수하동
Seoul/서울,Jung-gu/중구,Sunhwa-dong/순화동
Seoul/서울,Jung-gu/중구,Supyo-dong/수표동
Seoul/서울,Jung-gu/중구,Taehwa-dong/태화동
Seoul/서울,Jung-gu/중구,Taepyeong 1(il)-dong/태평1동
Seoul/서울,Jung-gu/중구,Taepyeong 2(i)-dong/태평2동
Seoul/서울,Jung-gu/중구,Taepyeong-dong/태평동
Seoul/서울,Jung-gu/중구,Taepyeongro 1(il)-ga/태평로1가
Seoul/서울,Jung-gu/중구,Taepyeongro 1(il)-ga/태평로1가
Seoul/서울,Jung-gu/중구,Taepyeongro 2(i)-ga/태평로2가
Seoul/서울,Jung-gu/중구,Taepyeongro 2(i)-ga/태평로2가
Seoul/서울,Jung-gu/중구,Taepyeongro 3(sam)-ga/태평로3가
Seoul/서울,Jung-gu/중구,Uijuro 1(il)-ga/의주로1가
Seoul/서울,Jung-gu/중구,Uijuro 2(i)-ga/의주로2가
Seoul/서울,Jung-gu/중구,Ujeong-dong/우정동
Seoul/서울,Jung-gu/중구,Ulsanucheguksaseoham/울산우체국사서함
Seoul/서울,Jung-gu/중구,Unbuk-dong/운북동
Seoul/서울,Jung-gu/중구,Unnam-dong/운남동
Seoul/서울,Jung-gu/중구,Unseo-dong/운서동
Seoul/서울,Jung-gu/중구,Wanjeon-dong/완전동
Seoul/서울,Jung-gu/중구,Yaksa-dong/약사동
Seoul/서울,Jung-gu/중구,Yegwan-dong/예관동
Seoul/서울,Jung-gu/중구,Yejang-dong/예장동
Seoul/서울,Jung-gu/중구,Yeongju 1(il)-dong/영주1동
Seoul/서울,Jung-gu/중구,Yeongju 2(i)-dong/영주2동
Seoul/서울,Jung-gu/중구,Yeongju-dong/영주동
Seoul/서울,Jung-gu/중구,Yongdeok-dong/용덕동
Seoul/서울,Jung-gu/중구,Yong-dong/용동
Seoul/서울,Jung-gu/중구,Yongdu-dong/용두동
Seoul/서울,Jung-gu/중구,Yucheon 1(il)-dong/유천1동
Seoul/서울,Jung-gu/중구,Yucheon 2(i)-dong/유천2동
Seoul/서울,Jung-gu/중구,Yucheon-dong/유천동
Seoul/서울,Jung-gu/중구,Yu-dong/유동
Seoul/서울,Jung-gu/중구,Yugok-dong/유곡동
Seoul/서울,Jung-gu/중구,Yulmok-dong/율목동
Seoul/서울,Jungrang-gu/중랑구,Junghwa 1(il)-dong/중화1동
Seoul/서울,Jungrang-gu/중랑구,Junghwa 2(i)-dong/중화2동
Seoul/서울,Jungrang-gu/중랑구,Junghwa-dong/중화동
Seoul/서울,Jungrang-gu/중랑구,Mangu 3(sam)-dong/망우3동
Seoul/서울,Jungrang-gu/중랑구,Mangubon-dong/망우본동
Seoul/서울,Jungrang-gu/중랑구,Mangu-dong/망우동
Seoul/서울,Jungrang-gu/중랑구,Mug 1(il)-dong/묵1동
Seoul/서울,Jungrang-gu/중랑구,Mug 2(i)-dong/묵2동
Seoul/서울,Jungrang-gu/중랑구,Muk-dong/묵동
Seoul/서울,Jungrang-gu/중랑구,Myeonmog 2(i)-dong/면목2동
Seoul/서울,Jungrang-gu/중랑구,Myeonmog 3.8-dong/면목3.8동
Seoul/서울,Jungrang-gu/중랑구,Myeonmog 4(sa)-dong/면목4동
Seoul/서울,Jungrang-gu/중랑구,Myeonmog 5(o)-dong/면목5동
Seoul/서울,Jungrang-gu/중랑구,Myeonmog 7(chil)-dong/면목7동
Seoul/서울,Jungrang-gu/중랑구,Myeonmokbon-dong/면목본동
Seoul/서울,Jungrang-gu/중랑구,Myeonmok-dong/면목동
Seoul/서울,Jungrang-gu/중랑구,Sangbong 1(il)-dong/상봉1동
Seoul/서울,Jungrang-gu/중랑구,Sangbong 2(i)-dong/상봉2동
Seoul/서울,Jungrang-gu/중랑구,Sangbong-dong/상봉동
Seoul/서울,Jungrang-gu/중랑구,Seouljungrangucheguksaseoham/서울중랑우체국사서함
Seoul/서울,Jungrang-gu/중랑구,Sinnae 1(il)-dong/신내1동
Seoul/서울,Jungrang-gu/중랑구,Sinnae 2(i)-dong/신내2동
Seoul/서울,Jungrang-gu/중랑구,Sinnae-dong/신내동
Seoul/서울,Mapo-gu/마포구,Ahyeon-dong/아현동
Seoul/서울,Mapo-gu/마포구,Changjeon-dong/창전동
Seoul/서울,Mapo-gu/마포구,Daeheung-dong/대흥동
Seoul/서울,Mapo-gu/마포구,Dangin-dong/당인동
Seoul/서울,Mapo-gu/마포구,Dohwa-dong/도화동
Seoul/서울,Mapo-gu/마포구,Donggyo-dong/동교동
Seoul/서울,Mapo-gu/마포구,Gongdeok-dong/공덕동
Seoul/서울,Mapo-gu/마포구,Gusu-dong/구수동
Seoul/서울,Mapo-gu/마포구,Hajung-dong/하중동
Seoul/서울,Mapo-gu/마포구,Hapjeong-dong/합정동
Seoul/서울,Mapo-gu/마포구,Hyeonseok-dong/현석동
Seoul/서울,Mapo-gu/마포구,Jung-dong/중동
Seoul/서울,Mapo-gu/마포구,Mangwon 1(il)-dong/망원1동
Seoul/서울,Mapo-gu/마포구,Mangwon 2(i)-dong/망원2동
Seoul/서울,Mapo-gu/마포구,Mangwon-dong/망원동
Seoul/서울,Mapo-gu/마포구,Mapo-dong/마포동
Seoul/서울,Mapo-gu/마포구,Nogosan-dong/노고산동
Seoul/서울,Mapo-gu/마포구,Sangam-dong/상암동
Seoul/서울,Mapo-gu/마포구,Sangsu-dong/상수동
Seoul/서울,Mapo-gu/마포구,Seogyo-dong/서교동
Seoul/서울,Mapo-gu/마포구,Seongsan 1(il)-dong/성산1동
Seoul/서울,Mapo-gu/마포구,Seongsan 2(i)-dong/성산2동
Seoul/서울,Mapo-gu/마포구,Seongsan-dong/성산동
Seoul/서울,Mapo-gu/마포구,Seoulmapoucheguksaseoham/서울마포우체국사서함
Seoul/서울,Mapo-gu/마포구,Singongdeok-dong/신공덕동
Seoul/서울,Mapo-gu/마포구,Sinjeong-dong/신정동
Seoul/서울,Mapo-gu/마포구,Sinsu-dong/신수동
Seoul/서울,Mapo-gu/마포구,Tojeong-dong/토정동
Seoul/서울,Mapo-gu/마포구,Yeomri-dong/염리동
Seoul/서울,Mapo-gu/마포구,Yeonnam-dong/연남동
Seoul/서울,Mapo-gu/마포구,Yonggang-dong/용강동
Seoul/서울,Nowon-gu/노원구,Gongreung 1.3-dong/공릉1.3동
Seoul/서울,Nowon-gu/노원구,Gongreung 2(i)-dong/공릉2동
Seoul/서울,Nowon-gu/노원구,Gongreung-dong/공릉동
Seoul/서울,Nowon-gu/노원구,Hagye 1(il)-dong/하계1동
Seoul/서울,Nowon-gu/노원구,Hagye 2(i)-dong/하계2동
Seoul/서울,Nowon-gu/노원구,Hagye-dong/하계동
Seoul/서울,Nowon-gu/노원구,Junggye 1(il)-dong/중계1동
Seoul/서울,Nowon-gu/노원구,Junggye 3(sam)-dong/중계2.3동
Seoul/서울,Nowon-gu/노원구,Junggye 4(sa)-dong/중계4동
Seoul/서울,Nowon-gu/노원구,Junggyebon-dong/중계본동
Seoul/서울,Nowon-gu/노원구,Junggye-dong/중계동
Seoul/서울,Nowon-gu/노원구,Sanggye 1(il)-dong/상계1동
Seoul/서울,Nowon-gu/노원구,Sanggye 10(sip)-dong/상계10동
Seoul/서울,Nowon-gu/노원구,Sanggye 2(i)-dong/상계2동
Seoul/서울,Nowon-gu/노원구,Sanggye 3.4-dong/상계3.4동
Seoul/서울,Nowon-gu/노원구,Sanggye 5(o)-dong/상계5동
Seoul/서울,Nowon-gu/노원구,Sanggye 6.7-dong/상계6.7동
Seoul/서울,Nowon-gu/노원구,Sanggye 8(pal)-dong/상계8동
Seoul/서울,Nowon-gu/노원구,Sanggye 9(gu)-dong/상계9동
Seoul/서울,Nowon-gu/노원구,Sanggye-dong/상계동
Seoul/서울,Nowon-gu/노원구,Seoulnowonucheguksaseoham/서울노원우체국사서함
Seoul/서울,Nowon-gu/노원구,Wolgye 1(il)-dong/월계1동
Seoul/서울,Nowon-gu/노원구,Wolgye 2(i)-dong/월계2동
Seoul/서울,Nowon-gu/노원구,Wolgye 3(sam)-dong/월계3동
Seoul/서울,Nowon-gu/노원구,Wolgye-dong/월계동
Seoul/서울,Seocho-gu/서초구,Bangbae 1(il)-dong/방배1동
Seoul/서울,Seocho-gu/서초구,Bangbae 2(i)-dong/방배2동
Seoul/서울,Seocho-gu/서초구,Bangbae 3(sam)-dong/방배3동
Seoul/서울,Seocho-gu/서초구,Bangbae 4(sa)-dong/방배4동
Seoul/서울,Seocho-gu/서초구,Bangbaebon-dong/방배본동
Seoul/서울,Seocho-gu/서초구,Bangbae-dong/방배동
Seoul/서울,Seocho-gu/서초구,Banpo 1(il)-dong/반포1동
Seoul/서울,Seocho-gu/서초구,Banpo 2(i)-dong/반포2동
Seoul/서울,Seocho-gu/서초구,Banpo 3(sam)-dong/반포3동
Seoul/서울,Seocho-gu/서초구,Banpo 4(sa)-dong/반포4동
Seoul/서울,Seocho-gu/서초구,Banpobon-dong/반포본동
Seoul/서울,Seocho-gu/서초구,Banpo-dong/반포동
Seoul/서울,Seocho-gu/서초구,Jamwon-dong/잠원동
Seoul/서울,Seocho-gu/서초구,Naegok-dong/내곡동
Seoul/서울,Seocho-gu/서초구,Seocho 1(il)-dong/서초1동
Seoul/서울,Seocho-gu/서초구,Seocho 2(i)-dong/서초2동
Seoul/서울,Seocho-gu/서초구,Seocho 3(sam)-dong/서초3동
Seoul/서울,Seocho-gu/서초구,Seocho 4(sa)-dong/서초4동
Seoul/서울,Seocho-gu/서초구,Seocho-dong/서초동
Seoul/서울,Seocho-gu/서초구,Seoulseochoucheguksaseoham/서울서초우체국사서함
Seoul/서울,Seocho-gu/서초구,Sinwon-dong/신원동
Seoul/서울,Seocho-gu/서초구,Umyeon-dong/우면동
Seoul/서울,Seocho-gu/서초구,Wonji-dong/원지동
Seoul/서울,Seocho-gu/서초구,Yangjae 1(il)-dong/양재1동
Seoul/서울,Seocho-gu/서초구,Yangjae 2(i)-dong/양재2동
Seoul/서울,Seocho-gu/서초구,Yangjae-dong/양재동
Seoul/서울,Seocho-gu/서초구,Yeomgok-dong/염곡동
Seoul/서울,Seodaemun-gu/서대문구,Bongwon-dong/봉원동
Seoul/서울,Seodaemun-gu/서대문구,Bugahyeon-dong/북아현동
Seoul/서울,Seodaemun-gu/서대문구,Bukgajwa 1(il)-dong/북가좌1동
Seoul/서울,Seodaemun-gu/서대문구,Bukgajwa 2(i)-dong/북가좌2동
Seoul/서울,Seodaemun-gu/서대문구,Bukgajwa-dong/북가좌동
Seoul/서울,Seodaemun-gu/서대문구,Changcheon-dong/창천동
Seoul/서울,Seodaemun-gu/서대문구,Cheonyeon-dong/천연동
Seoul/서울,Seodaemun-gu/서대문구,Chungjeongro 2(i)-ga/충정로2가
Seoul/서울,Seodaemun-gu/서대문구,Chungjeongro 3(sam)-ga/충정로3가
Seoul/서울,Seodaemun-gu/서대문구,Daehyeon-dong/대현동
Seoul/서울,Seodaemun-gu/서대문구,Daesin-dong/대신동
Seoul/서울,Seodaemun-gu/서대문구,Hap-dong/합동
Seoul/서울,Seodaemun-gu/서대문구,Hongeun 1(il)-dong/홍은1동
Seoul/서울,Seodaemun-gu/서대문구,Hongeun 2(i)-dong/홍은2동
Seoul/서울,Seodaemun-gu/서대문구,Hongeun-dong/홍은동
Seoul/서울,Seodaemun-gu/서대문구,Hongje 1(il)-dong/홍제1동
Seoul/서울,Seodaemun-gu/서대문구,Hongje 2(i)-dong/홍제2동
Seoul/서울,Seodaemun-gu/서대문구,Hongje 3(sam)-dong/홍제3동
Seoul/서울,Seodaemun-gu/서대문구,Hongje-dong/홍제동
Seoul/서울,Seodaemun-gu/서대문구,Hyeonjeo-dong/현저동
Seoul/서울,Seodaemun-gu/서대문구,Migeun-dong/미근동
Seoul/서울,Seodaemun-gu/서대문구,Naengcheon-dong/냉천동
Seoul/서울,Seodaemun-gu/서대문구,Namgajwa 1(il)-dong/남가좌1동
Seoul/서울,Seodaemun-gu/서대문구,Namgajwa 2(i)-dong/남가좌2동
Seoul/서울,Seodaemun-gu/서대문구,Namgajwa-dong/남가좌동
Seoul/서울,Seodaemun-gu/서대문구,Okcheon-dong/옥천동
Seoul/서울,Seodaemun-gu/서대문구,Seodaemunucheguksaseoham/서대문우체국사서함
Seoul/서울,Seodaemun-gu/서대문구,Seoulchungjeongroucheguksaseoham/서울충정로우체국사서함
Seoul/서울,Seodaemun-gu/서대문구,Sinchon-dong/신촌동
Seoul/서울,Seodaemun-gu/서대문구,Yeongcheon-dong/영천동
Seoul/서울,Seodaemun-gu/서대문구,Yeonhui-dong/연희동
Seoul/서울,Seongbuk-gu/성북구,Anamdong 1(il)-ga/안암동1가
Seoul/서울,Seongbuk-gu/성북구,Anamdong 2(i)-ga/안암동2가
Seoul/서울,Seongbuk-gu/성북구,Anamdong 3(sam)-ga/안암동3가
Seoul/서울,Seongbuk-gu/성북구,Anamdong 4(sa)-ga/안암동4가
Seoul/서울,Seongbuk-gu/성북구,Anamdong 5(o)-ga/안암동5가
Seoul/서울,Seongbuk-gu/성북구,Bomundong 1(il)-ga/보문동1가
Seoul/서울,Seongbuk-gu/성북구,Bomundong 2(i)-ga/보문동2가
Seoul/서울,Seongbuk-gu/성북구,Bomundong 3(sam)-ga/보문동3가
Seoul/서울,Seongbuk-gu/성북구,Bomundong 4(sa)-ga/보문동4가
Seoul/서울,Seongbuk-gu/성북구,Bomundong 5(o)-ga/보문동5가
Seoul/서울,Seongbuk-gu/성북구,Bomundong 6(yuk)-ga/보문동6가
Seoul/서울,Seongbuk-gu/성북구,Bomundong 7(chil)-ga/보문동7가
Seoul/서울,Seongbuk-gu/성북구,Donam 1(il)-dong/돈암1동
Seoul/서울,Seongbuk-gu/성북구,Donam 2(i)-dong/돈암2동
Seoul/서울,Seongbuk-gu/성북구,Donam-dong/돈암동
Seoul/서울,Seongbuk-gu/성북구,Dongseondong 1(il)-ga/동선동1가
Seoul/서울,Seongbuk-gu/성북구,Dongseondong 2(i)-ga/동선동2가
Seoul/서울,Seongbuk-gu/성북구,Dongseondong 3(sam)-ga/동선동3가
Seoul/서울,Seongbuk-gu/성북구,Dongseondong 4(sa)-ga/동선동4가
Seoul/서울,Seongbuk-gu/성북구,Dongseondong 5(o)-ga/동선동5가
Seoul/서울,Seongbuk-gu/성북구,Dongsomundong 1(il)-ga/동소문동1가
Seoul/서울,Seongbuk-gu/성북구,Dongsomundong 2(i)-ga/동소문동2가
Seoul/서울,Seongbuk-gu/성북구,Dongsomundong 3(sam)-ga/동소문동3가
Seoul/서울,Seongbuk-gu/성북구,Dongsomundong 4(sa)-ga/동소문동4가
Seoul/서울,Seongbuk-gu/성북구,Dongsomundong 5(o)-ga/동소문동5가
Seoul/서울,Seongbuk-gu/성북구,Dongsomundong 6(yuk)-ga/동소문동6가
Seoul/서울,Seongbuk-gu/성북구,Dongsomundong 7(chil)-ga/동소문동7가
Seoul/서울,Seongbuk-gu/성북구,Gireum 1(il)-dong/길음1동
Seoul/서울,Seongbuk-gu/성북구,Gireum 2(i)-dong/길음2동
Seoul/서울,Seongbuk-gu/성북구,Gireum-dong/길음동
Seoul/서울,Seongbuk-gu/성북구,Hawolgok-dong/하월곡동
Seoul/서울,Seongbuk-gu/성북구,Jangwi 1(il)-dong/장위1동
Seoul/서울,Seongbuk-gu/성북구,Jangwi 2(i)-dong/장위2동
Seoul/서울,Seongbuk-gu/성북구,Jangwi 3(sam)-dong/장위3동
Seoul/서울,Seongbuk-gu/성북구,Jangwi-dong/장위동
Seoul/서울,Seongbuk-gu/성북구,Jeongreung 1(il)-dong/정릉1동
Seoul/서울,Seongbuk-gu/성북구,Jeongreung 2(i)-dong/정릉2동
Seoul/서울,Seongbuk-gu/성북구,Jeongreung 3(sam)-dong/정릉3동
Seoul/서울,Seongbuk-gu/성북구,Jeongreung 4(sa)-dong/정릉4동
Seoul/서울,Seongbuk-gu/성북구,Jeongreung-dong/정릉동
Seoul/서울,Seongbuk-gu/성북구,Jongam-dong/종암동
Seoul/서울,Seongbuk-gu/성북구,Samseondong 1(il)-ga/삼선동1가
Seoul/서울,Seongbuk-gu/성북구,Samseondong 2(i)-ga/삼선동2가
Seoul/서울,Seongbuk-gu/성북구,Samseondong 3(sam)-ga/삼선동3가
Seoul/서울,Seongbuk-gu/성북구,Samseondong 4(sa)-ga/삼선동4가
Seoul/서울,Seongbuk-gu/성북구,Samseondong 5(o)-ga/삼선동5가
Seoul/서울,Seongbuk-gu/성북구,Sangwolgok-dong/상월곡동
Seoul/서울,Seongbuk-gu/성북구,Seokgwan-dong/석관동
Seoul/서울,Seongbuk-gu/성북구,Seongbukdong 1(il)-ga/성북동1가
Seoul/서울,Seongbuk-gu/성북구,Seongbuk-dong/성북동
Seoul/서울,Seongbuk-gu/성북구,Seoulseongbugucheguksaseoham/서울성북우체국사서함
Seoul/서울,Seongbuk-gu/성북구,Wolgog 1(il)-dong/월곡1동
Seoul/서울,Seongbuk-gu/성북구,Wolgog 2(i)-dong/월곡2동
Seoul/서울,Seongdong-gu/성동구,Doseon-dong/도선동
Seoul/서울,Seongdong-gu/성동구,Eungbong-dong/응봉동
Seoul/서울,Seongdong-gu/성동구,Geumhodong 1(il)-ga/금호동1가
Seoul/서울,Seongdong-gu/성동구,Geumhodong 2(i)-ga/금호동2가
Seoul/서울,Seongdong-gu/성동구,Geumhodong 3(sam)-ga/금호동3가
Seoul/서울,Seongdong-gu/성동구,Geumhodong 4(sa)-ga/금호동4가
Seoul/서울,Seongdong-gu/성동구,Haengdang 1(il)-dong/행당1동
Seoul/서울,Seongdong-gu/성동구,Haengdang 2(i)-dong/행당2동
Seoul/서울,Seongdong-gu/성동구,Haengdang-dong/행당동
Seoul/서울,Seongdong-gu/성동구,Hawangsipri-dong/하왕십리동
Seoul/서울,Seongdong-gu/성동구,Hongik-dong/홍익동
Seoul/서울,Seongdong-gu/성동구,Majang-dong/마장동
Seoul/서울,Seongdong-gu/성동구,Oksu-dong/옥수동
Seoul/서울,Seongdong-gu/성동구,Sageun-dong/사근동
Seoul/서울,Seongdong-gu/성동구,Sangwangsipri-dong/상왕십리동
Seoul/서울,Seongdong-gu/성동구,Seongsu ga 1(il)-dong/성수1가1동
Seoul/서울,Seongdong-gu/성동구,Seongsu ga 2(i)-dong/성수1가2동
Seoul/서울,Seongdong-gu/성동구,Seongsu ga 2(i)-dong/성수2가1동
Seoul/서울,Seongdong-gu/성동구,Seongsu ga 3(sam)-dong/성수2가3동
Seoul/서울,Seongdong-gu/성동구,Seongsudong 1(il)-ga/성수동1가
Seoul/서울,Seongdong-gu/성동구,Seongsudong 2(i)-ga/성수동2가
Seoul/서울,Seongdong-gu/성동구,Seoulseongdongucheguksaseoham/서울성동우체국사서함
Seoul/서울,Seongdong-gu/성동구,Songjeong-dong/송정동
Seoul/서울,Seongdong-gu/성동구,Wangsipri 2(i)-dong/왕십리2동
Seoul/서울,Seongdong-gu/성동구,Yongdap-dong/용답동
Seoul/서울,Songpa-gu/송파구,Bangi 1(il)-dong/방이1동
Seoul/서울,Songpa-gu/송파구,Bangi 2(i)-dong/방이2동
Seoul/서울,Songpa-gu/송파구,Bangi-dong/방이동
Seoul/서울,Songpa-gu/송파구,Garag 1(il)-dong/가락1동
Seoul/서울,Songpa-gu/송파구,Garag 2(i)-dong/가락2동
Seoul/서울,Songpa-gu/송파구,Garakbon-dong/가락본동
Seoul/서울,Songpa-gu/송파구,Garak-dong/가락동
Seoul/서울,Songpa-gu/송파구,Geoyeo 1(il)-dong/거여1동
Seoul/서울,Songpa-gu/송파구,Geoyeo 2(i)-dong/거여2동
Seoul/서울,Songpa-gu/송파구,Geoyeo-dong/거여동
Seoul/서울,Songpa-gu/송파구,Jamsilbon-dong/잠실본동
Seoul/서울,Songpa-gu/송파구,Jamsil-dong/잠실동
Seoul/서울,Songpa-gu/송파구,Jamsir 2(i)-dong/잠실2동
Seoul/서울,Songpa-gu/송파구,Jamsir 3(sam)-dong/잠실3동
Seoul/서울,Songpa-gu/송파구,Jamsir 4(sa)-dong/잠실4동
Seoul/서울,Songpa-gu/송파구,Jamsir 6(yuk)-dong/잠실6동
Seoul/서울,Songpa-gu/송파구,Jamsir 7(chil)-dong/잠실7동
Seoul/서울,Songpa-gu/송파구,Jangji-dong/장지동
Seoul/서울,Songpa-gu/송파구,Macheon 1(il)-dong/마천1동
Seoul/서울,Songpa-gu/송파구,Macheon 2(i)-dong/마천2동
Seoul/서울,Songpa-gu/송파구,Macheon-dong/마천동
Seoul/서울,Songpa-gu/송파구,Munjeong 1(il)-dong/문정1동
Seoul/서울,Songpa-gu/송파구,Munjeong 2(i)-dong/문정2동
Seoul/서울,Songpa-gu/송파구,Munjeong-dong/문정동
Seoul/서울,Songpa-gu/송파구,Ogeum-dong/오금동
Seoul/서울,Songpa-gu/송파구,Oryun-dong/오륜동
Seoul/서울,Songpa-gu/송파구,Pungnab 1(il)-dong/풍납1동
Seoul/서울,Songpa-gu/송파구,Pungnab 2(i)-dong/풍납2동
Seoul/서울,Songpa-gu/송파구,Pungnap-dong/풍납동
Seoul/서울,Songpa-gu/송파구,Samjeon-dong/삼전동
Seoul/서울,Songpa-gu/송파구,Seokchon-dong/석촌동
Seoul/서울,Songpa-gu/송파구,Seoulsongpaucheguksaseoham/서울송파우체국사서함
Seoul/서울,Songpa-gu/송파구,Sincheon-dong/신천동
Seoul/서울,Songpa-gu/송파구,Songpa 1(il)-dong/송파1동
Seoul/서울,Songpa-gu/송파구,Songpa 2(i)-dong/송파2동
Seoul/서울,Songpa-gu/송파구,Songpa-dong/송파동
Seoul/서울,Yangcheon-gu/양천구,Mog 1(il)-dong/목1동
Seoul/서울,Yangcheon-gu/양천구,Mog 2(i)-dong/목2동
Seoul/서울,Yangcheon-gu/양천구,Mog 3(sam)-dong/목3동
Seoul/서울,Yangcheon-gu/양천구,Mog 4(sa)-dong/목4동
Seoul/서울,Yangcheon-gu/양천구,Mog 5(o)-dong/목5동
Seoul/서울,Yangcheon-gu/양천구,Mok-dong/목동
Seoul/서울,Yangcheon-gu/양천구,Seouryangcheonucheguksaseoham/서울양천우체국사서함
Seoul/서울,Yangcheon-gu/양천구,Sinjeong 1(il)-dong/신정1동
Seoul/서울,Yangcheon-gu/양천구,Sinjeong 2(i)-dong/신정2동
Seoul/서울,Yangcheon-gu/양천구,Sinjeong 3(sam)-dong/신정3동
Seoul/서울,Yangcheon-gu/양천구,Sinjeong 4(sa)-dong/신정4동
Seoul/서울,Yangcheon-gu/양천구,Sinjeong 6(yuk)-dong/신정6동
Seoul/서울,Yangcheon-gu/양천구,Sinjeong 7(chil)-dong/신정7동
Seoul/서울,Yangcheon-gu/양천구,Sinjeong-dong/신정동
Seoul/서울,Yangcheon-gu/양천구,Sinwol-dong/신월동
Seoul/서울,Yangcheon-gu/양천구,Sinwor 1(il)-dong/신월1동
Seoul/서울,Yangcheon-gu/양천구,Sinwor 2(i)-dong/신월2동
Seoul/서울,Yangcheon-gu/양천구,Sinwor 3(sam)-dong/신월3동
Seoul/서울,Yangcheon-gu/양천구,Sinwor 4(sa)-dong/신월4동
Seoul/서울,Yangcheon-gu/양천구,Sinwor 5(o)-dong/신월5동
Seoul/서울,Yangcheon-gu/양천구,Sinwor 6(yuk)-dong/신월6동
Seoul/서울,Yangcheon-gu/양천구,Sinwor 7(chil)-dong/신월7동
Seoul/서울,Yeongdeungpo-gu/영등포구,Daerim 1(il)-dong/대림1동
Seoul/서울,Yeongdeungpo-gu/영등포구,Daerim 2(i)-dong/대림2동
Seoul/서울,Yeongdeungpo-gu/영등포구,Daerim 3(sam)-dong/대림3동
Seoul/서울,Yeongdeungpo-gu/영등포구,Daerim-dong/대림동
Seoul/서울,Yeongdeungpo-gu/영등포구,Dangsandong 1(il)-ga/당산동1가
Seoul/서울,Yeongdeungpo-gu/영등포구,Dangsandong 2(i)-ga/당산동2가
Seoul/서울,Yeongdeungpo-gu/영등포구,Dangsandong 3(sam)-ga/당산동3가
Seoul/서울,Yeongdeungpo-gu/영등포구,Dangsandong 4(sa)-ga/당산동4가
Seoul/서울,Yeongdeungpo-gu/영등포구,Dangsandong 5(o)-ga/당산동5가
Seoul/서울,Yeongdeungpo-gu/영등포구,Dangsandong 6(yuk)-ga/당산동6가
Seoul/서울,Yeongdeungpo-gu/영등포구,Dangsan-dong/당산동
Seoul/서울,Yeongdeungpo-gu/영등포구,Dorim-dong/도림동
Seoul/서울,Yeongdeungpo-gu/영등포구,Munraedong 1(il)-ga/문래동1가
Seoul/서울,Yeongdeungpo-gu/영등포구,Munraedong 2(i)-ga/문래동2가
Seoul/서울,Yeongdeungpo-gu/영등포구,Munraedong 3(sam)-ga/문래동3가
Seoul/서울,Yeongdeungpo-gu/영등포구,Munraedong 4(sa)-ga/문래동4가
Seoul/서울,Yeongdeungpo-gu/영등포구,Munraedong 5(o)-ga/문래동5가
Seoul/서울,Yeongdeungpo-gu/영등포구,Munraedong 6(yuk)-ga/문래동6가
Seoul/서울,Yeongdeungpo-gu/영등포구,Munrae-dong/문래동
Seoul/서울,Yeongdeungpo-gu/영등포구,Singil-dong/신길동
Seoul/서울,Yeongdeungpo-gu/영등포구,Singir 1(il)-dong/신길1동
Seoul/서울,Yeongdeungpo-gu/영등포구,Singir 3(sam)-dong/신길3동
Seoul/서울,Yeongdeungpo-gu/영등포구,Singir 4(sa)-dong/신길4동
Seoul/서울,Yeongdeungpo-gu/영등포구,Singir 5(o)-dong/신길5동
Seoul/서울,Yeongdeungpo-gu/영등포구,Singir 6(yuk)-dong/신길6동
Seoul/서울,Yeongdeungpo-gu/영등포구,Singir 7(chil)-dong/신길7동
Seoul/서울,Yeongdeungpo-gu/영등포구,Yanghwa-dong/양화동
Seoul/서울,Yeongdeungpo-gu/영등포구,Yangpyeongdong 1(il)-ga/양평동1가
Seoul/서울,Yeongdeungpo-gu/영등포구,Yangpyeongdong 2(i)-ga/양평동2가
Seoul/서울,Yeongdeungpo-gu/영등포구,Yangpyeongdong 3(sam)-ga/양평동3가
Seoul/서울,Yeongdeungpo-gu/영등포구,Yangpyeongdong 4(sa)-ga/양평동4가
Seoul/서울,Yeongdeungpo-gu/영등포구,Yangpyeongdong 5(o)-ga/양평동5가
Seoul/서울,Yeongdeungpo-gu/영등포구,Yangpyeongdong 6(yuk)-ga/양평동6가
Seoul/서울,Yeongdeungpo-gu/영등포구,Yangpyeong-dong/양평동
Seoul/서울,Yeongdeungpo-gu/영등포구,Yeongdeungpobon-dong/영등포본동
Seoul/서울,Yeongdeungpo-gu/영등포구,Yeongdeungpodong 1(il)-ga/영등포동1가
Seoul/서울,Yeongdeungpo-gu/영등포구,Yeongdeungpodong 2(i)-ga/영등포동2가
Seoul/서울,Yeongdeungpo-gu/영등포구,Yeongdeungpodong 3(sam)-ga/영등포동3가
Seoul/서울,Yeongdeungpo-gu/영등포구,Yeongdeungpodong 4(sa)-ga/영등포동4가
Seoul/서울,Yeongdeungpo-gu/영등포구,Yeongdeungpodong 5(o)-ga/영등포동5가
Seoul/서울,Yeongdeungpo-gu/영등포구,Yeongdeungpodong 6(yuk)-ga/영등포동6가
Seoul/서울,Yeongdeungpo-gu/영등포구,Yeongdeungpodong 7(chil)-ga/영등포동7가
Seoul/서울,Yeongdeungpo-gu/영등포구,Yeongdeungpodong 8(pal)-ga/영등포동8가
Seoul/서울,Yeongdeungpo-gu/영등포구,Yeongdeungpo-dong/영등포동
Seoul/서울,Yeongdeungpo-gu/영등포구,Yeongdeungpoucheguksaseoham/영등포우체국사서함
Seoul/서울,Yeongdeungpo-gu/영등포구,Yeouido-dong/여의도동
Seoul/서울,Yeongdeungpo-gu/영등포구,Yeouidoucheguksaseoham/여의도우체국사서함
Seoul/서울,Yongsan-gu/용산구,Bogwang-dong/보광동
Seoul/서울,Yongsan-gu/용산구,Cheongam-dong/청암동
Seoul/서울,Yongsan-gu/용산구,Cheongpadong 1(il)-ga/청파동1가
Seoul/서울,Yongsan-gu/용산구,Cheongpadong 2(i)-ga/청파동2가
Seoul/서울,Yongsan-gu/용산구,Cheongpadong 3(sam)-ga/청파동3가
Seoul/서울,Yongsan-gu/용산구,Dongbinggo-dong/동빙고동
Seoul/서울,Yongsan-gu/용산구,Dongja-dong/동자동
Seoul/서울,Yongsan-gu/용산구,Dowon-dong/도원동
Seoul/서울,Yongsan-gu/용산구,Garwol-dong/갈월동
Seoul/서울,Yongsan-gu/용산구,Hangangro 1(il)-ga/한강로1가
Seoul/서울,Yongsan-gu/용산구,Hangangro 2(i)-ga/한강로2가
Seoul/서울,Yongsan-gu/용산구,Hangangro 3(sam)-ga/한강로3가
Seoul/서울,Yongsan-gu/용산구,Hannam-dong/한남동
Seoul/서울,Yongsan-gu/용산구,Huam-dong/후암동
Seoul/서울,Yongsan-gu/용산구,Hyochang-dong/효창동
Seoul/서울,Yongsan-gu/용산구,Ichon 1(il)-dong/이촌1동
Seoul/서울,Yongsan-gu/용산구,Ichon 2(i)-dong/이촌2동
Seoul/서울,Yongsan-gu/용산구,Ichon-dong/이촌동
Seoul/서울,Yongsan-gu/용산구,Itaewon 1(il)-dong/이태원1동
Seoul/서울,Yongsan-gu/용산구,Itaewon 2(i)-dong/이태원2동
Seoul/서울,Yongsan-gu/용산구,Itaewon-dong/이태원동
Seoul/서울,Yongsan-gu/용산구,Juseong-dong/주성동
Seoul/서울,Yongsan-gu/용산구,Munbae-dong/문배동
Seoul/서울,Yongsan-gu/용산구,Namyeong-dong/남영동
Seoul/서울,Yongsan-gu/용산구,Sancheon-dong/산천동
Seoul/서울,Yongsan-gu/용산구,Seobinggo-dong/서빙고동
Seoul/서울,Yongsan-gu/용산구,Seogye-dong/서계동
Seoul/서울,Yongsan-gu/용산구,Seourupyeonjipjungguksaseoham/서울우편집중국사서함
Seoul/서울,Yongsan-gu/용산구,Seouryongsanucheguksaseoham/서울용산우체국사서함
Seoul/서울,Yongsan-gu/용산구,Sinchang-dong/신창동
Seoul/서울,Yongsan-gu/용산구,Singye-dong/신계동
Seoul/서울,Yongsan-gu/용산구,Wonhyoro 1(il)-ga/원효로1가
Seoul/서울,Yongsan-gu/용산구,Wonhyoro 2(i)-ga/원효로2가
Seoul/서울,Yongsan-gu/용산구,Wonhyoro 3(sam)-ga/원효로3가
Seoul/서울,Yongsan-gu/용산구,Wonhyoro 4(sa)-ga/원효로4가
Seoul/서울,Yongsan-gu/용산구,Yongmun-dong/용문동
Seoul/서울,Yongsan-gu/용산구,Yongsandong 1(il)-ga/용산동1가
Seoul/서울,Yongsan-gu/용산구,Yongsandong 2(i)-ga/용산동2가
Seoul/서울,Yongsan-gu/용산구,Yongsandong 3(sam)-ga/용산동3가
Seoul/서울,Yongsan-gu/용산구,Yongsandong 4(sa)-ga/용산동4가
Seoul/서울,Yongsan-gu/용산구,Yongsandong 5(o)-ga/용산동5가
Seoul/서울,Yongsan-gu/용산구,Yongsandong 6(yuk)-ga/용산동6가
Ulsan/울산,Buk-gu/북구,Bokhyeon 1(il)-dong/복현1동
Ulsan/울산,Buk-gu/북구,Bokhyeon 2(i)-dong/복현2동
Ulsan/울산,Buk-gu/북구,Bokhyeon-dong/복현동
Ulsan/울산,Buk-gu/북구,Bonchon-dong/본촌동
Ulsan/울산,Buk-gu/북구,Bukbusanucheguksaseoham/북부산우체국사서함
Ulsan/울산,Buk-gu/북구,Bukdaeguucheguksaseoham/북대구우체국사서함
Ulsan/울산,Buk-gu/북구,Buk-dong/북동
Ulsan/울산,Buk-gu/북구,Bukgwangjuucheguksaseoham/북광주우체국사서함
Ulsan/울산,Buk-gu/북구,Changpyeong-dong/창평동
Ulsan/울산,Buk-gu/북구,Cheongok-dong/천곡동
Ulsan/울산,Buk-gu/북구,Cheongpung-dong/청풍동
Ulsan/울산,Buk-gu/북구,Chilseongdong 1(il)-ga/칠성동1가
Ulsan/울산,Buk-gu/북구,Chilseongdong 2(i)-ga/칠성동2가
Ulsan/울산,Buk-gu/북구,Chimsan 1(il)-dong/침산1동
Ulsan/울산,Buk-gu/북구,Chimsan 2(i)-dong/침산2동
Ulsan/울산,Buk-gu/북구,Chimsan 3(sam)-dong/침산3동
Ulsan/울산,Buk-gu/북구,Chimsan-dong/침산동
Ulsan/울산,Buk-gu/북구,Chunghyo-dong/충효동
Ulsan/울산,Buk-gu/북구,Daean-dong/대안동
Ulsan/울산,Buk-gu/북구,Daechon-dong/대촌동
Ulsan/울산,Buk-gu/북구,Daehyeon 1(il)-dong/대현1동
Ulsan/울산,Buk-gu/북구,Daehyeon 2(i)-dong/대현2동
Ulsan/울산,Buk-gu/북구,Daehyeon-dong/대현동
Ulsan/울산,Buk-gu/북구,Dalcheon-dong/달천동
Ulsan/울산,Buk-gu/북구,Dangsa-dong/당사동
Ulsan/울산,Buk-gu/북구,Deogui-dong/덕의동
Ulsan/울산,Buk-gu/북구,Deokcheon 1(il)-dong/덕천1동
Ulsan/울산,Buk-gu/북구,Deokcheon 2(i)-dong/덕천2동
Ulsan/울산,Buk-gu/북구,Deokcheon 3(sam)-dong/덕천3동
Ulsan/울산,Buk-gu/북구,Deokcheon-dong/덕천동
Ulsan/울산,Buk-gu/북구,Donam-dong/도남동
Ulsan/울산,Buk-gu/북구,Dongbyeon-dong/동변동
Ulsan/울산,Buk-gu/북구,Dongcheon-dong/동천동
Ulsan/울산,Buk-gu/북구,Dongho-dong/동호동
Ulsan/울산,Buk-gu/북구,Dongrim-dong/동림동
Ulsan/울산,Buk-gu/북구,Duam 1(il)-dong/두암1동
Ulsan/울산,Buk-gu/북구,Duam 2(i)-dong/두암2동
Ulsan/울산,Buk-gu/북구,Duam 3(sam)-dong/두암3동
Ulsan/울산,Buk-gu/북구,Duam-dong/두암동
Ulsan/울산,Buk-gu/북구,Eomul-dong/어물동
Ulsan/울산,Buk-gu/북구,Eupnae-dong/읍내동
Ulsan/울산,Buk-gu/북구,Gadae-dong/가대동
Ulsan/울산,Buk-gu/북구,Gakhwa-dong/각화동
Ulsan/울산,Buk-gu/북구,Geomdan-dong/검단동
Ulsan/울산,Buk-gu/북구,Geumgok-dong/금곡동
Ulsan/울산,Buk-gu/북구,Geumgok-dong/금곡동
Ulsan/울산,Buk-gu/북구,Geumho-dong/금호동
Ulsan/울산,Buk-gu/북구,Goseongdong 1(il)-ga/고성동1가
Ulsan/울산,Buk-gu/북구,Goseongdong 2(i)-ga/고성동2가
Ulsan/울산,Buk-gu/북구,Goseongdong 3(sam)-ga/고성동3가
Ulsan/울산,Buk-gu/북구,Guam-dong/구암동
Ulsan/울산,Buk-gu/북구,Gugu-dong/국우동
Ulsan/울산,Buk-gu/북구,Gupo 1(il)-dong/구포1동
Ulsan/울산,Buk-gu/북구,Gupo 2(i)-dong/구포2동
Ulsan/울산,Buk-gu/북구,Gupo 3(sam)-dong/구포3동
Ulsan/울산,Buk-gu/북구,Gupo-dong/구포동
Ulsan/울산,Buk-gu/북구,Guyu-dong/구유동
Ulsan/울산,Buk-gu/북구,Gwaneum-dong/관음동
Ulsan/울산,Buk-gu/북구,Hakjeong-dong/학정동
Ulsan/울산,Buk-gu/북구,Hogye-dong/호계동
Ulsan/울산,Buk-gu/북구,Hwaam-dong/화암동
Ulsan/울산,Buk-gu/북구,Hwabong-dong/화봉동
Ulsan/울산,Buk-gu/북구,Hwamyeong 1(il)-dong/화명1동
Ulsan/울산,Buk-gu/북구,Hwamyeong 2(i)-dong/화명2동
Ulsan/울산,Buk-gu/북구,Hwamyeong 3(sam)-dong/화명3동
Ulsan/울산,Buk-gu/북구,Hwamyeong-dong/화명동
Ulsan/울산,Buk-gu/북구,Hyomun-dong/효문동
Ulsan/울산,Buk-gu/북구,Hyoryeong-dong/효령동
Ulsan/울산,Buk-gu/북구,Ilgok-dong/일곡동
Ulsan/울산,Buk-gu/북구,Im-dong/임동
Ulsan/울산,Buk-gu/북구,Jangdeung-dong/장등동
Ulsan/울산,Buk-gu/북구,Jeongja-dong/정자동
Ulsan/울산,Buk-gu/북구,Jinjang-dong/진장동
Ulsan/울산,Buk-gu/북구,Jiya-dong/지야동
Ulsan/울산,Buk-gu/북구,Joya-dong/조야동
Ulsan/울산,Buk-gu/북구,Jungheung 1(il)-dong/중흥1동
Ulsan/울산,Buk-gu/북구,Jungheung 2(i)-dong/중흥2동
Ulsan/울산,Buk-gu/북구,Jungheung 3(sam)-dong/중흥3동
Ulsan/울산,Buk-gu/북구,Jungheung-dong/중흥동
Ulsan/울산,Buk-gu/북구,Jungsan-dong/중산동
Ulsan/울산,Buk-gu/북구,Maecheon-dong/매천동
Ulsan/울산,Buk-gu/북구,Maegok-dong/매곡동
Ulsan/울산,Buk-gu/북구,Maegok-dong/매곡동
Ulsan/울산,Buk-gu/북구,Mandeog 1(il)-dong/만덕1동
Ulsan/울산,Buk-gu/북구,Mandeog 2(i)-dong/만덕2동
Ulsan/울산,Buk-gu/북구,Mandeog 3(sam)-dong/만덕3동
Ulsan/울산,Buk-gu/북구,Mandeok-dong/만덕동
Ulsan/울산,Buk-gu/북구,Mangwol-dong/망월동
Ulsan/울산,Buk-gu/북구,Munheung 1(il)-dong/문흥1동
Ulsan/울산,Buk-gu/북구,Munheung 2(i)-dong/문흥2동
Ulsan/울산,Buk-gu/북구,Munheung-dong/문흥동
Ulsan/울산,Buk-gu/북구,Muryong-dong/무룡동
Ulsan/울산,Buk-gu/북구,Myeongchon-dong/명촌동
Ulsan/울산,Buk-gu/북구,Nogok-dong/노곡동
Ulsan/울산,Buk-gu/북구,Nowondong 1(il)-ga/노원동1가
Ulsan/울산,Buk-gu/북구,Nowondong 2(i)-ga/노원동2가
Ulsan/울산,Buk-gu/북구,Nowondong 3(sam)-ga/노원동3가
Ulsan/울산,Buk-gu/북구,Numun-dong/누문동
Ulsan/울산,Buk-gu/북구,Ochi 1(il)-dong/오치1동
Ulsan/울산,Buk-gu/북구,Ochi 2(i)-dong/오치2동
Ulsan/울산,Buk-gu/북구,Ochi-dong/오치동
Ulsan/울산,Buk-gu/북구,Oryong-dong/오룡동
Ulsan/울산,Buk-gu/북구,Paldal-dong/팔달동
Ulsan/울산,Buk-gu/북구,Punghyang-dong/풍향동
Ulsan/울산,Buk-gu/북구,Saengyong-dong/생용동
Ulsan/울산,Buk-gu/북구,Samgak-dong/삼각동
Ulsan/울산,Buk-gu/북구,Sangan-dong/상안동
Ulsan/울산,Buk-gu/북구,Sangyeog 1(il)-dong/산격1동
Ulsan/울산,Buk-gu/북구,Sangyeog 2(i)-dong/산격2동
Ulsan/울산,Buk-gu/북구,Sangyeog 3(sam)-dong/산격3동
Ulsan/울산,Buk-gu/북구,Sangyeog 4(sa)-dong/산격4동
Ulsan/울산,Buk-gu/북구,Sangyeok-dong/산격동
Ulsan/울산,Buk-gu/북구,Sanha-dong/산하동
Ulsan/울산,Buk-gu/북구,Sasu-dong/사수동
Ulsan/울산,Buk-gu/북구,Seobyeon-dong/서변동
Ulsan/울산,Buk-gu/북구,Sinan-dong/신안동
Ulsan/울산,Buk-gu/북구,Sincheon-dong/신천동
Ulsan/울산,Buk-gu/북구,Sinhyeon-dong/신현동
Ulsan/울산,Buk-gu/북구,Sinmyeong-dong/신명동
Ulsan/울산,Buk-gu/북구,Sinyong-dong/신용동
Ulsan/울산,Buk-gu/북구,Sirye-dong/시례동
Ulsan/울산,Buk-gu/북구,Songjeong-dong/송정동
Ulsan/울산,Buk-gu/북구,Sugok-dong/수곡동
Ulsan/울산,Buk-gu/북구,Taejeon 1(il)-dong/태전1동
Ulsan/울산,Buk-gu/북구,Taejeon 2(i)-dong/태전2동
Ulsan/울산,Buk-gu/북구,Taejeon-dong/태전동
Ulsan/울산,Buk-gu/북구,Taeryeong-dong/태령동
Ulsan/울산,Buk-gu/북구,Unam 1(il)-dong/운암1동
Ulsan/울산,Buk-gu/북구,Unam 2(i)-dong/운암2동
Ulsan/울산,Buk-gu/북구,Unam 3(sam)-dong/운암3동
Ulsan/울산,Buk-gu/북구,Unam-dong/운암동
Ulsan/울산,Buk-gu/북구,Unjeong-dong/운정동
Ulsan/울산,Buk-gu/북구,Usan-dong/우산동
Ulsan/울산,Buk-gu/북구,Wolchul-dong/월출동
Ulsan/울산,Buk-gu/북구,Yangjeong-dong/양정동
Ulsan/울산,Buk-gu/북구,Yangsan-dong/양산동
Ulsan/울산,Buk-gu/북구,Yeompo-dong/염포동
Ulsan/울산,Buk-gu/북구,Yeonam-dong/연암동
Ulsan/울산,Buk-gu/북구,Yeongyeong-dong/연경동
Ulsan/울산,Buk-gu/북구,Yeonje-dong/연제동
Ulsan/울산,Buk-gu/북구,Yongbong-dong/용봉동
Ulsan/울산,Buk-gu/북구,Yongdu-dong/용두동
Ulsan/울산,Buk-gu/북구,Yonggang-dong/용강동
Ulsan/울산,Buk-gu/북구,Yongjeon-dong/용전동
Ulsan/울산,Buk-gu/북구,Yu-dong/유동
Ulsan/울산,Dong-gu/동구,Baegan-dong/백안동
Ulsan/울산,Dong-gu/동구,Bangchon-dong/방촌동
Ulsan/울산,Dong-gu/동구,Bangeo-dong/방어동
Ulsan/울산,Dong-gu/동구,Beomil-dong/범일동
Ulsan/울산,Dong-gu/동구,Beomir 1(il)-dong/범일1동
Ulsan/울산,Dong-gu/동구,Beomir 2(i)-dong/범일2동
Ulsan/울산,Dong-gu/동구,Beomir 4(sa)-dong/범일4동
Ulsan/울산,Dong-gu/동구,Beomir 5(o)-dong/범일5동
Ulsan/울산,Dong-gu/동구,Biryong-dong/비룡동
Ulsan/울산,Dong-gu/동구,Bongmu-dong/봉무동
Ulsan/울산,Dong-gu/동구,Bu-dong/부동
Ulsan/울산,Dong-gu/동구,Bullo-dong/불로동
Ulsan/울산,Dong-gu/동구,Bullo-dong/불로동
Ulsan/울산,Dong-gu/동구,Changyeong-dong/창영동
Ulsan/울산,Dong-gu/동구,Cheon-dong/천동
Ulsan/울산,Dong-gu/동구,Choryang 1(il)-dong/초량1동
Ulsan/울산,Dong-gu/동구,Choryang 2(i)-dong/초량2동
Ulsan/울산,Dong-gu/동구,Choryang 3(sam)-dong/초량3동
Ulsan/울산,Dong-gu/동구,Choryang 6(yuk)-dong/초량6동
Ulsan/울산,Dong-gu/동구,Choryang-dong/초량동
Ulsan/울산,Dong-gu/동구,Chu-dong/추동
Ulsan/울산,Dong-gu/동구,Chungjangro 1(il)-ga/충장로1가
Ulsan/울산,Dong-gu/동구,Chungjangro 2(i)-ga/충장로2가
Ulsan/울산,Dong-gu/동구,Chungjangro 3(sam)-ga/충장로3가
Ulsan/울산,Dong-gu/동구,Chungjangro 4(sa)-ga/충장로4가
Ulsan/울산,Dong-gu/동구,Chungjangro 5(o)-ga/충장로5가
Ulsan/울산,Dong-gu/동구,Dae 1(il)-dong/대1동
Ulsan/울산,Dong-gu/동구,Dae 2(i)-dong/대2동
Ulsan/울산,Dong-gu/동구,Daebyeol-dong/대별동
Ulsan/울산,Dong-gu/동구,Dae-dong/대동
Ulsan/울산,Dong-gu/동구,Daein-dong/대인동
Ulsan/울산,Dong-gu/동구,Daejeonucheguksaseoham/대전우체국사서함
Ulsan/울산,Dong-gu/동구,Daerim-dong/대림동
Ulsan/울산,Dong-gu/동구,Daeseong-dong/대성동
Ulsan/울산,Dong-gu/동구,Daesong-dong/대송동
Ulsan/울산,Dong-gu/동구,Daeui-dong/대의동
Ulsan/울산,Dong-gu/동구,Deokgok-dong/덕곡동
Ulsan/울산,Dong-gu/동구,Do-dong/도동
Ulsan/울산,Dong-gu/동구,Dohak-dong/도학동
Ulsan/울산,Dong-gu/동구,Dongbu-dong/동부동
Ulsan/울산,Dong-gu/동구,Dongbusanucheguksaseoham/동부산우체국사서함
Ulsan/울산,Dong-gu/동구,Dongdaeguucheguksaseoham/동대구우체국사서함
Ulsan/울산,Dong-gu/동구,Dongho-dong/동호동
Ulsan/울산,Dong-gu/동구,Dongmyeong-dong/동명동
Ulsan/울산,Dong-gu/동구,Dongnae-dong/동내동
Ulsan/울산,Dong-gu/동구,Dongulsanucheguksaseoham/동울산우체국사서함
Ulsan/울산,Dong-gu/동구,Dunsan-dong/둔산동
Ulsan/울산,Dong-gu/동구,Gaksan-dong/각산동
Ulsan/울산,Dong-gu/동구,Gao-dong/가오동
Ulsan/울산,Dong-gu/동구,Gayang 1(il)-dong/가양1동
Ulsan/울산,Dong-gu/동구,Gayang 2(i)-dong/가양2동
Ulsan/울산,Dong-gu/동구,Gayang-dong/가양동
Ulsan/울산,Dong-gu/동구,Geomsa-dong/검사동
Ulsan/울산,Dong-gu/동구,Geum-dong/금동
Ulsan/울산,Dong-gu/동구,Geumgang-dong/금강동
Ulsan/울산,Dong-gu/동구,Geumgok-dong/금곡동
Ulsan/울산,Dong-gu/동구,Geumnamro 1(il)-ga/금남로1가
Ulsan/울산,Dong-gu/동구,Geumnamro 2(i)-ga/금남로2가
Ulsan/울산,Dong-gu/동구,Geumnamro 3(sam)-ga/금남로3가
Ulsan/울산,Dong-gu/동구,Geumnamro 4(sa)-ga/금남로4가
Ulsan/울산,Dong-gu/동구,Geumnamro 5(o)-ga/금남로5가
Ulsan/울산,Dong-gu/동구,Goejeon-dong/괴전동
Ulsan/울산,Dong-gu/동구,Gudo-dong/구도동
Ulsan/울산,Dong-gu/동구,Gung-dong/궁동
Ulsan/울산,Dong-gu/동구,Gwangjuucheguksaseoham/광주우체국사서함
Ulsan/울산,Dong-gu/동구,Gwangsan-dong/광산동
Ulsan/울산,Dong-gu/동구,Gyerim 1(il)-dong/계림1동
Ulsan/울산,Dong-gu/동구,Gyerim 2(i)-dong/계림2동
Ulsan/울산,Dong-gu/동구,Gyerim-dong/계림동
Ulsan/울산,Dong-gu/동구,Hak-dong/학동
Ulsan/울산,Dong-gu/동구,Haso-dong/하소동
Ulsan/울산,Dong-gu/동구,Honam-dong/호남동
Ulsan/울산,Dong-gu/동구,Hongdo-dong/홍도동
Ulsan/울산,Dong-gu/동구,Hwajeong-dong/화정동
Ulsan/울산,Dong-gu/동구,Hwanggeum-dong/황금동
Ulsan/울산,Dong-gu/동구,Hwapyeong-dong/화평동
Ulsan/울산,Dong-gu/동구,Hwasu 1(il)-dong/화수1동
Ulsan/울산,Dong-gu/동구,Hwasu 2(i)-dong/화수2동
Ulsan/울산,Dong-gu/동구,Hwasu-dong/화수동
Ulsan/울산,Dong-gu/동구,Hyo-dong/효동
Ulsan/울산,Dong-gu/동구,Hyomog 1(il)-dong/효목1동
Ulsan/울산,Dong-gu/동구,Hyomog 2(i)-dong/효목2동
Ulsan/울산,Dong-gu/동구,Hyomok-dong/효목동
Ulsan/울산,Dong-gu/동구,Hyopyeong-dong/효평동
Ulsan/울산,Dong-gu/동구,Ilsan-dong/일산동
Ulsan/울산,Dong-gu/동구,In-dong/인동
Ulsan/울산,Dong-gu/동구,Ipseok-dong/입석동
Ulsan/울산,Dong-gu/동구,Isa-dong/이사동
Ulsan/울산,Dong-gu/동구,Jangcheok-dong/장척동
Ulsan/울산,Dong-gu/동구,Jang-dong/장동
Ulsan/울산,Dong-gu/동구,Jayang-dong/자양동
Ulsan/울산,Dong-gu/동구,Jeong-dong/정동
Ulsan/울산,Dong-gu/동구,Jeonha 1(il)-dong/전하1동
Ulsan/울산,Dong-gu/동구,Jeonha 2(i)-dong/전하2동
Ulsan/울산,Dong-gu/동구,Jeonha-dong/전하동
Ulsan/울산,Dong-gu/동구,Jijeo-dong/지저동
Ulsan/울산,Dong-gu/동구,Jik-dong/직동
Ulsan/울산,Dong-gu/동구,Jimyo-dong/지묘동
Ulsan/울산,Dong-gu/동구,Jinin-dong/진인동
Ulsan/울산,Dong-gu/동구,Jisan 1(il)-dong/지산1동
Ulsan/울산,Dong-gu/동구,Jisan 2(i)-dong/지산2동
Ulsan/울산,Dong-gu/동구,Jisan-dong/지산동
Ulsan/울산,Dong-gu/동구,Juchon-dong/주촌동
Ulsan/울산,Dong-gu/동구,Jujeon-dong/주전동
Ulsan/울산,Dong-gu/동구,Jungdae-dong/중대동
Ulsan/울산,Dong-gu/동구,Jung-dong/중동
Ulsan/울산,Dong-gu/동구,Jusan-dong/주산동
Ulsan/울산,Dong-gu/동구,Jwacheon 1(il)-dong/좌천1동
Ulsan/울산,Dong-gu/동구,Jwacheon 4(sa)-dong/좌천4동
Ulsan/울산,Dong-gu/동구,Jwacheon-dong/좌천동
Ulsan/울산,Dong-gu/동구,Maeyeo-dong/매여동
Ulsan/울산,Dong-gu/동구,Manseok-dong/만석동
Ulsan/울산,Dong-gu/동구,Masan-dong/마산동
Ulsan/울산,Dong-gu/동구,Midae-dong/미대동
Ulsan/울산,Dong-gu/동구,Migok-dong/미곡동
Ulsan/울산,Dong-gu/동구,Nae-dong/내동
Ulsan/울산,Dong-gu/동구,Naegok-dong/내곡동
Ulsan/울산,Dong-gu/동구,Naenam-dong/내남동
Ulsan/울산,Dong-gu/동구,Naetap-dong/내탑동
Ulsan/울산,Dong-gu/동구,Nam-dong/남동
Ulsan/울산,Dong-gu/동구,Nangwol-dong/낭월동
Ulsan/울산,Dong-gu/동구,Neungseong-dong/능성동
Ulsan/울산,Dong-gu/동구,O-dong/오동
Ulsan/울산,Dong-gu/동구,Panam 1(il)-dong/판암1동
Ulsan/울산,Dong-gu/동구,Panam 2(i)-dong/판암2동
Ulsan/울산,Dong-gu/동구,Panam-dong/판암동
Ulsan/울산,Dong-gu/동구,Pyeonggwang-dong/평광동
Ulsan/울산,Dong-gu/동구,Sabok-dong/사복동
Ulsan/울산,Dong-gu/동구,Samgoe-dong/삼괴동
Ulsan/울산,Dong-gu/동구,Samjeong-dong/삼정동
Ulsan/울산,Dong-gu/동구,Samseong-dong/삼성동
Ulsan/울산,Dong-gu/동구,Sangmae-dong/상매동
Ulsan/울산,Dong-gu/동구,Sangso-dong/상소동
Ulsan/울산,Dong-gu/동구,Sansu 1(il)-dong/산수1동
Ulsan/울산,Dong-gu/동구,Sansu 2(i)-dong/산수2동
Ulsan/울산,Dong-gu/동구,Sansu-dong/산수동
Ulsan/울산,Dong-gu/동구,Saseong-dong/사성동
Ulsan/울산,Dong-gu/동구,Secheon-dong/세천동
Ulsan/울산,Dong-gu/동구,Seobu-dong/서부동
Ulsan/울산,Dong-gu/동구,Seoho-dong/서호동
Ulsan/울산,Dong-gu/동구,Seongnam-dong/성남동
Ulsan/울산,Dong-gu/동구,Seongyo-dong/선교동
Ulsan/울산,Dong-gu/동구,Seoseok-dong/서석동
Ulsan/울산,Dong-gu/동구,Sinam 1(il)-dong/신암1동
Ulsan/울산,Dong-gu/동구,Sinam 2(i)-dong/신암2동
Ulsan/울산,Dong-gu/동구,Sinam 3(sam)-dong/신암3동
Ulsan/울산,Dong-gu/동구,Sinam 4(sa)-dong/신암4동
Ulsan/울산,Dong-gu/동구,Sinam 5(o)-dong/신암5동
Ulsan/울산,Dong-gu/동구,Sinam-dong/신암동
Ulsan/울산,Dong-gu/동구,Sinan-dong/신안동
Ulsan/울산,Dong-gu/동구,Sincheon 2(i)-dong/신천1.2동
Ulsan/울산,Dong-gu/동구,Sincheon 3(sam)-dong/신천3동
Ulsan/울산,Dong-gu/동구,Sincheon 4(sa)-dong/신천4동
Ulsan/울산,Dong-gu/동구,Sincheon-dong/신천동
Ulsan/울산,Dong-gu/동구,Sinchon-dong/신촌동
Ulsan/울산,Dong-gu/동구,Singi-dong/신기동
Ulsan/울산,Dong-gu/동구,Sinha-dong/신하동
Ulsan/울산,Dong-gu/동구,Sinheung-dong/신흥동
Ulsan/울산,Dong-gu/동구,Sinmu-dong/신무동
Ulsan/울산,Dong-gu/동구,Sinpyeong-dong/신평동
Ulsan/울산,Dong-gu/동구,Sinsang-dong/신상동
Ulsan/울산,Dong-gu/동구,Sinseo-dong/신서동
Ulsan/울산,Dong-gu/동구,Sinyong-dong/신용동
Ulsan/울산,Dong-gu/동구,Soho-dong/소호동
Ulsan/울산,Dong-gu/동구,Soje-dong/소제동
Ulsan/울산,Dong-gu/동구,Songhyeon 1(il)-dong/송현1동
Ulsan/울산,Dong-gu/동구,Songhyeon 2(i)-dong/송현2동
Ulsan/울산,Dong-gu/동구,Songhyeon 3(sam)-dong/송현3동
Ulsan/울산,Dong-gu/동구,Songhyeon-dong/송현동
Ulsan/울산,Dong-gu/동구,Songjeong-dong/송정동
Ulsan/울산,Dong-gu/동구,Songrim 1(il)-dong/송림1동
Ulsan/울산,Dong-gu/동구,Songrim 2(i)-dong/송림2동
Ulsan/울산,Dong-gu/동구,Songrim 3(sam)-dong/송림3동
Ulsan/울산,Dong-gu/동구,Songrim 4(sa)-dong/송림4동
Ulsan/울산,Dong-gu/동구,Songrim 5(o)-dong/송림5동
Ulsan/울산,Dong-gu/동구,Songrim 6(yuk)-dong/송림6동
Ulsan/울산,Dong-gu/동구,Songrim-dong/송림동
Ulsan/울산,Dong-gu/동구,Sotae-dong/소태동
Ulsan/울산,Dong-gu/동구,Sugi-dong/수기동
Ulsan/울산,Dong-gu/동구,Sujeong 1(il)-dong/수정1동
Ulsan/울산,Dong-gu/동구,Sujeong 2(i)-dong/수정2동
Ulsan/울산,Dong-gu/동구,Sujeong 4(sa)-dong/수정4동
Ulsan/울산,Dong-gu/동구,Sujeong 5(o)-dong/수정5동
Ulsan/울산,Dong-gu/동구,Sujeong-dong/수정동
Ulsan/울산,Dong-gu/동구,Sukcheon-dong/숙천동
Ulsan/울산,Dong-gu/동구,Unrim-dong/운림동
Ulsan/울산,Dong-gu/동구,Wolnam-dong/월남동
Ulsan/울산,Dong-gu/동구,Won-dong/원동
Ulsan/울산,Dong-gu/동구,Yonggye-dong/용계동
Ulsan/울산,Dong-gu/동구,Yonggye-dong/용계동
Ulsan/울산,Dong-gu/동구,Yongjeon-dong/용전동
Ulsan/울산,Dong-gu/동구,Yongsan-dong/용산동
Ulsan/울산,Dong-gu/동구,Yongsu-dong/용수동
Ulsan/울산,Dong-gu/동구,Yongun-dong/용운동
Ulsan/울산,Dong-gu/동구,Yongyeon-dong/용연동
Ulsan/울산,Dong-gu/동구,Yulha-dong/율하동
Ulsan/울산,Dong-gu/동구,Yuram-dong/율암동
Ulsan/울산,Jung-gu/중구,Anyeong-dong/안영동
Ulsan/울산,Jung-gu/중구,Bangsan-dong/방산동
Ulsan/울산,Jung-gu/중구,Bangu 1(il)-dong/반구1동
Ulsan/울산,Jung-gu/중구,Bangu 2(i)-dong/반구2동
Ulsan/울산,Jung-gu/중구,Bangu-dong/반구동
Ulsan/울산,Jung-gu/중구,Boksan 1(il)-dong/복산1동
Ulsan/울산,Jung-gu/중구,Boksan 2(i)-dong/복산2동
Ulsan/울산,Jung-gu/중구,Boksan-dong/복산동
Ulsan/울산,Jung-gu/중구,Bongraedong 1(il)-ga/봉래동1가
Ulsan/울산,Jung-gu/중구,Bongraedong 2(i)-ga/봉래동2가
Ulsan/울산,Jung-gu/중구,Bongsan-dong/봉산동
Ulsan/울산,Jung-gu/중구,Bosudong 1(il)-ga/보수동1가
Ulsan/울산,Jung-gu/중구,Bosudong 2(i)-ga/보수동2가
Ulsan/울산,Jung-gu/중구,Bosudong 3(sam)-ga/보수동3가
Ulsan/울산,Jung-gu/중구,Bosu-dong/보수동
Ulsan/울산,Jung-gu/중구,Bukchang-dong/북창동
Ulsan/울산,Jung-gu/중구,Bukjeong-dong/북정동
Ulsan/울산,Jung-gu/중구,Buknae-dong/북내동
Ulsan/울산,Jung-gu/중구,Bukseongdong 1(il)-ga/북성동1가
Ulsan/울산,Jung-gu/중구,Bukseongdong 2(i)-ga/북성동2가
Ulsan/울산,Jung-gu/중구,Bukseongdong 3(sam)-ga/북성동3가
Ulsan/울산,Jung-gu/중구,Bukseongro 1(il)-ga/북성로1가
Ulsan/울산,Jung-gu/중구,Bukseongro 2(i)-ga/북성로2가
Ulsan/울산,Jung-gu/중구,Bupyeongdong 1(il)-ga/부평동1가
Ulsan/울산,Jung-gu/중구,Bupyeongdong 2(i)-ga/부평동2가
Ulsan/울산,Jung-gu/중구,Bupyeongdong 3(sam)-ga/부평동3가
Ulsan/울산,Jung-gu/중구,Bupyeongdong 4(sa)-ga/부평동4가
Ulsan/울산,Jung-gu/중구,Bupyeong-dong/부평동
Ulsan/울산,Jung-gu/중구,Busa-dong/부사동
Ulsan/울산,Jung-gu/중구,Busanucheguksaseoham/부산우체국사서함
Ulsan/울산,Jung-gu/중구,Changseondong 1(il)-ga/창선동1가
Ulsan/울산,Jung-gu/중구,Changseondong 2(i)-ga/창선동2가
Ulsan/울산,Jung-gu/중구,Changseon-dong/창선동
Ulsan/울산,Jung-gu/중구,Chimsan-dong/침산동
Ulsan/울산,Jung-gu/중구,Cho-dong/초동
Ulsan/울산,Jung-gu/중구,Chungjeongro 1(il)-ga/충정로1가
Ulsan/울산,Jung-gu/중구,Chungmuro 1(il)-ga/충무로1가
Ulsan/울산,Jung-gu/중구,Chungmuro 2(i)-ga/충무로2가
Ulsan/울산,Jung-gu/중구,Chungmuro 3(sam)-ga/충무로3가
Ulsan/울산,Jung-gu/중구,Chungmuro 4(sa)-ga/충무로4가
Ulsan/울산,Jung-gu/중구,Chungmuro 5(o)-ga/충무로5가
Ulsan/울산,Jung-gu/중구,Da-dong/다동
Ulsan/울산,Jung-gu/중구,Daean-dong/대안동
Ulsan/울산,Jung-gu/중구,Daebong 1(il)-dong/대봉1동
Ulsan/울산,Jung-gu/중구,Daebong 2(i)-dong/대봉2동
Ulsan/울산,Jung-gu/중구,Daebong-dong/대봉동
Ulsan/울산,Jung-gu/중구,Daechangdong 1(il)-ga/대창동1가
Ulsan/울산,Jung-gu/중구,Daechangdong 2(i)-ga/대창동2가
Ulsan/울산,Jung-gu/중구,Daechang-dong/대창동
Ulsan/울산,Jung-gu/중구,Daecheongdong 1(il)-ga/대청동1가
Ulsan/울산,Jung-gu/중구,Daecheongdong 2(i)-ga/대청동2가
Ulsan/울산,Jung-gu/중구,Daecheongdong 3(sam)-ga/대청동3가
Ulsan/울산,Jung-gu/중구,Daecheongdong 4(sa)-ga/대청동4가
Ulsan/울산,Jung-gu/중구,Daecheong-dong/대청동
Ulsan/울산,Jung-gu/중구,Daeguucheguksaseoham/대구우체국사서함
Ulsan/울산,Jung-gu/중구,Daeheung-dong/대흥동
Ulsan/울산,Jung-gu/중구,Daesa-dong/대사동
Ulsan/울산,Jung-gu/중구,Daesin-dong/대신동
Ulsan/울산,Jung-gu/중구,Dalseong-dong/달성동
Ulsan/울산,Jung-gu/중구,Dap-dong/답동
Ulsan/울산,Jung-gu/중구,Daun-dong/다운동
Ulsan/울산,Jung-gu/중구,Deokgyo-dong/덕교동
Ulsan/울산,Jung-gu/중구,Deoksan-dong/덕산동
Ulsan/울산,Jung-gu/중구,Dong-dong/동동
Ulsan/울산,Jung-gu/중구,Donggwangdong 1(il)-ga/동광동1가
Ulsan/울산,Jung-gu/중구,Donggwangdong 2(i)-ga/동광동2가
Ulsan/울산,Jung-gu/중구,Donggwangdong 3(sam)-ga/동광동3가
Ulsan/울산,Jung-gu/중구,Donggwangdong 4(sa)-ga/동광동4가
Ulsan/울산,Jung-gu/중구,Donggwangdong 5(o)-ga/동광동5가
Ulsan/울산,Jung-gu/중구,Donggwang-dong/동광동
Ulsan/울산,Jung-gu/중구,Dongil-dong/동일동
Ulsan/울산,Jung-gu/중구,Dongindong 1(il)-ga/동인동1가
Ulsan/울산,Jung-gu/중구,Dongindong 2(i)-ga/동인동2가
Ulsan/울산,Jung-gu/중구,Dongindong 3(sam)-ga/동인동3가
Ulsan/울산,Jung-gu/중구,Dongindong 4(sa)-ga/동인동4가
Ulsan/울산,Jung-gu/중구,Dongmun-dong/동문동
Ulsan/울산,Jung-gu/중구,Dongsan-dong/동산동
Ulsan/울산,Jung-gu/중구,Dongseongro 1(il)-ga/동성로1가
Ulsan/울산,Jung-gu/중구,Dongseongro 2(i)-ga/동성로2가
Ulsan/울산,Jung-gu/중구,Dongseongro 3(sam)-ga/동성로3가
Ulsan/울산,Jung-gu/중구,Dowon-dong/도원동
Ulsan/울산,Jung-gu/중구,Dowon-dong/도원동
Ulsan/울산,Jung-gu/중구,Eonam-dong/어남동
Ulsan/울산,Jung-gu/중구,Euljiro 1(il)-ga/을지로1가
Ulsan/울산,Jung-gu/중구,Euljiro 2(i)-ga/을지로2가
Ulsan/울산,Jung-gu/중구,Euljiro 3(sam)-ga/을지로3가
Ulsan/울산,Jung-gu/중구,Euljiro 4(sa)-ga/을지로4가
Ulsan/울산,Jung-gu/중구,Euljiro 5(o)-ga/을지로5가
Ulsan/울산,Jung-gu/중구,Euljiro 6(yuk)-ga/을지로6가
Ulsan/울산,Jung-gu/중구,Euljiro 7(chil)-ga/을지로7가
Ulsan/울산,Jung-gu/중구,Eunhaeng-dong/은행동
Ulsan/울산,Jung-gu/중구,Eurwang-dong/을왕동
Ulsan/울산,Jung-gu/중구,Geum-dong/금동
Ulsan/울산,Jung-gu/중구,Gongpyeong-dong/공평동
Ulsan/울산,Jung-gu/중구,Guwan-dong/구완동
Ulsan/울산,Jung-gu/중구,Gwandong 1(il)-ga/관동1가
Ulsan/울산,Jung-gu/중구,Gwandong 2(i)-ga/관동2가
Ulsan/울산,Jung-gu/중구,Gwandong 3(sam)-ga/관동3가
Ulsan/울산,Jung-gu/중구,Gwangbokdong 1(il)-ga/광복동1가
Ulsan/울산,Jung-gu/중구,Gwangbokdong 2(i)-ga/광복동2가
Ulsan/울산,Jung-gu/중구,Gwangbokdong 3(sam)-ga/광복동3가
Ulsan/울산,Jung-gu/중구,Gwangbok-dong/광복동
Ulsan/울산,Jung-gu/중구,Gwanghuidong 1(il)-ga/광희동1가
Ulsan/울산,Jung-gu/중구,Gwanghuidong 2(i)-ga/광희동2가
Ulsan/울산,Jung-gu/중구,Gyeong-dong/경동
Ulsan/울산,Jung-gu/중구,Gyesandong 1(il)-ga/계산동1가
Ulsan/울산,Jung-gu/중구,Gyesandong 2(i)-ga/계산동2가
Ulsan/울산,Jung-gu/중구,Gyo-dong/교동
Ulsan/울산,Jung-gu/중구,Gyo-dong/교동
Ulsan/울산,Jung-gu/중구,Haeandong 1(il)-ga/해안동1가
Ulsan/울산,Jung-gu/중구,Haeandong 2(i)-ga/해안동2가
Ulsan/울산,Jung-gu/중구,Haeandong 3(sam)-ga/해안동3가
Ulsan/울산,Jung-gu/중구,Haeandong 4(sa)-ga/해안동4가
Ulsan/울산,Jung-gu/중구,Haksan-dong/학산동
Ulsan/울산,Jung-gu/중구,Hakseong-dong/학성동
Ulsan/울산,Jung-gu/중구,Hangdong 1(il)-ga/항동1가
Ulsan/울산,Jung-gu/중구,Hangdong 2(i)-ga/항동2가
Ulsan/울산,Jung-gu/중구,Hangdong 3(sam)-ga/항동3가
Ulsan/울산,Jung-gu/중구,Hangdong 4(sa)-ga/항동4가
Ulsan/울산,Jung-gu/중구,Hangdong 5(o)-ga/항동5가
Ulsan/울산,Jung-gu/중구,Hangdong 6(yuk)-ga/항동6가
Ulsan/울산,Jung-gu/중구,Hangdong 7(chil)-ga/항동7가
Ulsan/울산,Jung-gu/중구,Haseo-dong/하서동
Ulsan/울산,Jung-gu/중구,Heungin-dong/흥인동
Ulsan/울산,Jung-gu/중구,Ho-dong/호동
Ulsan/울산,Jung-gu/중구,Hoehyeondong 1(il)-ga/회현동1가
Ulsan/울산,Jung-gu/중구,Hoehyeondong 2(i)-ga/회현동2가
Ulsan/울산,Jung-gu/중구,Hoehyeondong 3(sam)-ga/회현동3가
Ulsan/울산,Jung-gu/중구,Hwajeon-dong/화전동
Ulsan/울산,Jung-gu/중구,Hwanghak-dong/황학동
Ulsan/울산,Jung-gu/중구,Hyangchon-dong/향촌동
Ulsan/울산,Jung-gu/중구,Incheongonghangucheguksaseoham/인천공항우체국사서함
Ulsan/울산,Jung-gu/중구,Ingyo-dong/인교동
Ulsan/울산,Jung-gu/중구,Inhyeondong 1(il)-ga/인현동1가
Ulsan/울산,Jung-gu/중구,Inhyeondong 2(i)-ga/인현동2가
Ulsan/울산,Jung-gu/중구,Inhyeon-dong/인현동
Ulsan/울산,Jung-gu/중구,Ipjeong-dong/입정동
Ulsan/울산,Jung-gu/중구,Jangchungdong 1(il)-ga/장충동1가
Ulsan/울산,Jung-gu/중구,Jangchungdong 2(i)-ga/장충동2가
Ulsan/울산,Jung-gu/중구,Janggwan-dong/장관동
Ulsan/울산,Jung-gu/중구,Janggyo-dong/장교동
Ulsan/울산,Jung-gu/중구,Janghyeon-dong/장현동
Ulsan/울산,Jung-gu/중구,Jeodong 1(il)-ga/저동1가
Ulsan/울산,Jung-gu/중구,Jeodong 2(i)-ga/저동2가
Ulsan/울산,Jung-gu/중구,Jeon-dong/전동
Ulsan/울산,Jung-gu/중구,Jeon-dong/전동
Ulsan/울산,Jung-gu/중구,Jeong-dong/정동
Ulsan/울산,Jung-gu/중구,Jeongsaeng-dong/정생동
Ulsan/울산,Jung-gu/중구,Jongro 1(il)-ga/종로1가
Ulsan/울산,Jung-gu/중구,Jongro 2(i)-ga/종로2가
Ulsan/울산,Jung-gu/중구,Jugyo-dong/주교동
Ulsan/울산,Jung-gu/중구,Juja-dong/주자동
Ulsan/울산,Jung-gu/중구,Jungangdong 1(il)-ga/중앙동1가
Ulsan/울산,Jung-gu/중구,Jungangdong 1(il)-ga/중앙동1가
Ulsan/울산,Jung-gu/중구,Jungangdong 2(i)-ga/중앙동2가
Ulsan/울산,Jung-gu/중구,Jungangdong 2(i)-ga/중앙동2가
Ulsan/울산,Jung-gu/중구,Jungangdong 3(sam)-ga/중앙동3가
Ulsan/울산,Jung-gu/중구,Jungangdong 3(sam)-ga/중앙동3가
Ulsan/울산,Jung-gu/중구,Jungangdong 4(sa)-ga/중앙동4가
Ulsan/울산,Jung-gu/중구,Jungangdong 4(sa)-ga/중앙동4가
Ulsan/울산,Jung-gu/중구,Jungangdong 5(o)-ga/중앙동5가
Ulsan/울산,Jung-gu/중구,Jungangdong 6(yuk)-ga/중앙동6가
Ulsan/울산,Jung-gu/중구,Jungangdong 7(chil)-ga/중앙동7가
Ulsan/울산,Jung-gu/중구,Jungang-dong/중앙동
Ulsan/울산,Jung-gu/중구,Jungangucheguksaseoham/중앙우체국사서함
Ulsan/울산,Jung-gu/중구,Jungchon-dong/중촌동
Ulsan/울산,Jung-gu/중구,Jungrim-dong/중림동
Ulsan/울산,Jung-gu/중구,Jungsan-dong/중산동
Ulsan/울산,Jung-gu/중구,Manridong 1(il)-ga/만리동1가
Ulsan/울산,Jung-gu/중구,Manridong 2(i)-ga/만리동2가
Ulsan/울산,Jung-gu/중구,Mokdal-dong/목달동
Ulsan/울산,Jung-gu/중구,Mok-dong/목동
Ulsan/울산,Jung-gu/중구,Mugyo-dong/무교동
Ulsan/울산,Jung-gu/중구,Muhak-dong/무학동
Ulsan/울산,Jung-gu/중구,Mukjeong-dong/묵정동
Ulsan/울산,Jung-gu/중구,Munchang-dong/문창동
Ulsan/울산,Jung-gu/중구,Munhwa 1(il)-dong/문화1동
Ulsan/울산,Jung-gu/중구,Munhwa 2(i)-dong/문화2동
Ulsan/울산,Jung-gu/중구,Munhwa-dong/문화동
Ulsan/울산,Jung-gu/중구,Munhwa-dong/문화동
Ulsan/울산,Jung-gu/중구,Musu-dong/무수동
Ulsan/울산,Jung-gu/중구,Muui-dong/무의동
Ulsan/울산,Jung-gu/중구,Myeongdong 1(il)-ga/명동1가
Ulsan/울산,Jung-gu/중구,Myeongdong 2(i)-ga/명동2가
Ulsan/울산,Jung-gu/중구,Nae-dong/내동
Ulsan/울산,Jung-gu/중구,Nambuk-dong/남북동
Ulsan/울산,Jung-gu/중구,Namchang-dong/남창동
Ulsan/울산,Jung-gu/중구,Namdaemunro 1(il)-ga/남대문로1가
Ulsan/울산,Jung-gu/중구,Namdaemunro 2(i)-ga/남대문로2가
Ulsan/울산,Jung-gu/중구,Namdaemunro 3(sam)-ga/남대문로3가
Ulsan/울산,Jung-gu/중구,Namdaemunro 4(sa)-ga/남대문로4가
Ulsan/울산,Jung-gu/중구,Namdaemunro 5(o)-ga/남대문로5가
Ulsan/울산,Jung-gu/중구,Namhak-dong/남학동
Ulsan/울산,Jung-gu/중구,Namil-dong/남일동
Ulsan/울산,Jung-gu/중구,Namoe-dong/남외동
Ulsan/울산,Jung-gu/중구,Nampodong 1(il)-ga/남포동1가
Ulsan/울산,Jung-gu/중구,Nampodong 2(i)-ga/남포동2가
Ulsan/울산,Jung-gu/중구,Nampodong 3(sam)-ga/남포동3가
Ulsan/울산,Jung-gu/중구,Nampodong 4(sa)-ga/남포동4가
Ulsan/울산,Jung-gu/중구,Nampodong 5(o)-ga/남포동5가
Ulsan/울산,Jung-gu/중구,Nampodong 6(yuk)-ga/남포동6가
Ulsan/울산,Jung-gu/중구,Nampo-dong/남포동
Ulsan/울산,Jung-gu/중구,Namsan 1(il)-dong/남산1동
Ulsan/울산,Jung-gu/중구,Namsan 2(i)-dong/남산2동
Ulsan/울산,Jung-gu/중구,Namsan 3(sam)-dong/남산3동
Ulsan/울산,Jung-gu/중구,Namsan 4(sa)-dong/남산4동
Ulsan/울산,Jung-gu/중구,Namsandong 1(il)-ga/남산동1가
Ulsan/울산,Jung-gu/중구,Namsandong 2(i)-ga/남산동2가
Ulsan/울산,Jung-gu/중구,Namsandong 3(sam)-ga/남산동3가
Ulsan/울산,Jung-gu/중구,Namsan-dong/남산동
Ulsan/울산,Jung-gu/중구,Namseongno/남성로
Ulsan/울산,Jung-gu/중구,Ojang-dong/오장동
Ulsan/울산,Jung-gu/중구,Okgye-dong/옥계동
Ulsan/울산,Jung-gu/중구,Okgyo-dong/옥교동
Ulsan/울산,Jung-gu/중구,Oryu-dong/오류동
Ulsan/울산,Jung-gu/중구,Pildong 1(il)-ga/필동1가
Ulsan/울산,Jung-gu/중구,Pildong 2(i)-ga/필동2가
Ulsan/울산,Jung-gu/중구,Pildong 3(sam)-ga/필동3가
Ulsan/울산,Jung-gu/중구,Pojeong-dong/포정동
Ulsan/울산,Jung-gu/중구,Sa-dong/사동
Ulsan/울산,Jung-gu/중구,Sail-dong/사일동
Ulsan/울산,Jung-gu/중구,Sajeong-dong/사정동
Ulsan/울산,Jung-gu/중구,Samdeokdong 1(il)-ga/삼덕동1가
Ulsan/울산,Jung-gu/중구,Samdeokdong 2(i)-ga/삼덕동2가
Ulsan/울산,Jung-gu/중구,Samdeokdong 3(sam)-ga/삼덕동3가
Ulsan/울산,Jung-gu/중구,Samgak-dong/삼각동
Ulsan/울산,Jung-gu/중구,Sangdeok-dong/상덕동
Ulsan/울산,Jung-gu/중구,Sangseo-dong/상서동
Ulsan/울산,Jung-gu/중구,Sanrim-dong/산림동
Ulsan/울산,Jung-gu/중구,Sanseong-dong/산성동
Ulsan/울산,Jung-gu/중구,Seodaejeonucheguksaseoham/서대전우체국사서함
Ulsan/울산,Jung-gu/중구,Seo-dong/서동
Ulsan/울산,Jung-gu/중구,Seokgyo-dong/석교동
Ulsan/울산,Jung-gu/중구,Seomunro 1(il)-ga/서문로1가
Ulsan/울산,Jung-gu/중구,Seomunro 2(i)-ga/서문로2가
Ulsan/울산,Jung-gu/중구,Seonae-dong/서내동
Ulsan/울산,Jung-gu/중구,Seongan-dong/성안동
Ulsan/울산,Jung-gu/중구,Seongnam-dong/성남동
Ulsan/울산,Jung-gu/중구,Seonhwa-dong/선화동
Ulsan/울산,Jung-gu/중구,Seonhwa-dong/선화동
Ulsan/울산,Jung-gu/중구,Seonrin-dong/선린동
Ulsan/울산,Jung-gu/중구,Seoseongro 1(il)-ga/서성로1가
Ulsan/울산,Jung-gu/중구,Seoseongro 2(i)-ga/서성로2가
Ulsan/울산,Jung-gu/중구,Seosomun-dong/서소문동
Ulsan/울산,Jung-gu/중구,Seoya-dong/서야동
Ulsan/울산,Jung-gu/중구,Sijangbugno/시장북로
Ulsan/울산,Jung-gu/중구,Sinchangdong 1(il)-ga/신창동1가
Ulsan/울산,Jung-gu/중구,Sinchangdong 2(i)-ga/신창동2가
Ulsan/울산,Jung-gu/중구,Sinchangdong 3(sam)-ga/신창동3가
Ulsan/울산,Jung-gu/중구,Sinchangdong 4(sa)-ga/신창동4가
Ulsan/울산,Jung-gu/중구,Sinchang-dong/신창동
Ulsan/울산,Jung-gu/중구,Sindang 1(il)-dong/신당1동
Ulsan/울산,Jung-gu/중구,Sindang 2(i)-dong/신당2동
Ulsan/울산,Jung-gu/중구,Sindang 3(sam)-dong/신당3동
Ulsan/울산,Jung-gu/중구,Sindang 4(sa)-dong/신당4동
Ulsan/울산,Jung-gu/중구,Sindang 5(o)-dong/신당5동
Ulsan/울산,Jung-gu/중구,Sindang 6(yuk)-dong/신당6동
Ulsan/울산,Jung-gu/중구,Sindang-dong/신당동
Ulsan/울산,Jung-gu/중구,Sinheungdong 1(il)-ga/신흥동1가
Ulsan/울산,Jung-gu/중구,Sinheungdong 2(i)-ga/신흥동2가
Ulsan/울산,Jung-gu/중구,Sinheungdong 3(sam)-ga/신흥동3가
Ulsan/울산,Jung-gu/중구,Sinpo-dong/신포동
Ulsan/울산,Jung-gu/중구,Sinsaeng-dong/신생동
Ulsan/울산,Jung-gu/중구,Sogong-dong/소공동
Ulsan/울산,Jung-gu/중구,Songhakdong 1(il)-ga/송학동1가
Ulsan/울산,Jung-gu/중구,Songhakdong 2(i)-ga/송학동2가
Ulsan/울산,Jung-gu/중구,Songhakdong 3(sam)-ga/송학동3가
Ulsan/울산,Jung-gu/중구,Songwoldong 1(il)-ga/송월동1가
Ulsan/울산,Jung-gu/중구,Songwoldong 2(i)-ga/송월동2가
Ulsan/울산,Jung-gu/중구,Songwoldong 3(sam)-ga/송월동3가
Ulsan/울산,Jung-gu/중구,Ssangrim-dong/쌍림동
Ulsan/울산,Jung-gu/중구,Suchang-dong/수창동
Ulsan/울산,Jung-gu/중구,Su-dong/수동
Ulsan/울산,Jung-gu/중구,Suha-dong/수하동
Ulsan/울산,Jung-gu/중구,Sunhwa-dong/순화동
Ulsan/울산,Jung-gu/중구,Supyo-dong/수표동
Ulsan/울산,Jung-gu/중구,Taehwa-dong/태화동
Ulsan/울산,Jung-gu/중구,Taepyeong 1(il)-dong/태평1동
Ulsan/울산,Jung-gu/중구,Taepyeong 2(i)-dong/태평2동
Ulsan/울산,Jung-gu/중구,Taepyeong-dong/태평동
Ulsan/울산,Jung-gu/중구,Taepyeongro 1(il)-ga/태평로1가
Ulsan/울산,Jung-gu/중구,Taepyeongro 1(il)-ga/태평로1가
Ulsan/울산,Jung-gu/중구,Taepyeongro 2(i)-ga/태평로2가
Ulsan/울산,Jung-gu/중구,Taepyeongro 2(i)-ga/태평로2가
Ulsan/울산,Jung-gu/중구,Taepyeongro 3(sam)-ga/태평로3가
Ulsan/울산,Jung-gu/중구,Uijuro 1(il)-ga/의주로1가
Ulsan/울산,Jung-gu/중구,Uijuro 2(i)-ga/의주로2가
Ulsan/울산,Jung-gu/중구,Ujeong-dong/우정동
Ulsan/울산,Jung-gu/중구,Ulsanucheguksaseoham/울산우체국사서함
Ulsan/울산,Jung-gu/중구,Unbuk-dong/운북동
Ulsan/울산,Jung-gu/중구,Unnam-dong/운남동
Ulsan/울산,Jung-gu/중구,Unseo-dong/운서동
Ulsan/울산,Jung-gu/중구,Wanjeon-dong/완전동
Ulsan/울산,Jung-gu/중구,Yaksa-dong/약사동
Ulsan/울산,Jung-gu/중구,Yegwan-dong/예관동
Ulsan/울산,Jung-gu/중구,Yejang-dong/예장동
Ulsan/울산,Jung-gu/중구,Yeongju 1(il)-dong/영주1동
Ulsan/울산,Jung-gu/중구,Yeongju 2(i)-dong/영주2동
Ulsan/울산,Jung-gu/중구,Yeongju-dong/영주동
Ulsan/울산,Jung-gu/중구,Yongdeok-dong/용덕동
Ulsan/울산,Jung-gu/중구,Yong-dong/용동
Ulsan/울산,Jung-gu/중구,Yongdu-dong/용두동
Ulsan/울산,Jung-gu/중구,Yucheon 1(il)-dong/유천1동
Ulsan/울산,Jung-gu/중구,Yucheon 2(i)-dong/유천2동
Ulsan/울산,Jung-gu/중구,Yucheon-dong/유천동
Ulsan/울산,Jung-gu/중구,Yu-dong/유동
Ulsan/울산,Jung-gu/중구,Yugok-dong/유곡동
Ulsan/울산,Jung-gu/중구,Yulmok-dong/율목동
Ulsan/울산,Nam-gu/남구,Apchon-dong/압촌동
Ulsan/울산,Nam-gu/남구,Baegun 1(il)-dong/백운1동
Ulsan/울산,Nam-gu/남구,Baegun 2(i)-dong/백운2동
Ulsan/울산,Nam-gu/남구,Baegun-dong/백운동
Ulsan/울산,Nam-gu/남구,Bangrim 1(il)-dong/방림1동
Ulsan/울산,Nam-gu/남구,Bangrim 2(i)-dong/방림2동
Ulsan/울산,Nam-gu/남구,Bangrim-dong/방림동
Ulsan/울산,Nam-gu/남구,Bongdeog 1(il)-dong/봉덕1동
Ulsan/울산,Nam-gu/남구,Bongdeog 2(i)-dong/봉덕2동
Ulsan/울산,Nam-gu/남구,Bongdeog 3(sam)-dong/봉덕3동
Ulsan/울산,Nam-gu/남구,Bongdeok-dong/봉덕동
Ulsan/울산,Nam-gu/남구,Bongseon 1(il)-dong/봉선1동
Ulsan/울산,Nam-gu/남구,Bongseon 2(i)-dong/봉선2동
Ulsan/울산,Nam-gu/남구,Bongseon-dong/봉선동
Ulsan/울산,Nam-gu/남구,Bugok-dong/부곡동
Ulsan/울산,Nam-gu/남구,Chilseok-dong/칠석동
Ulsan/울산,Nam-gu/남구,Daeji-dong/대지동
Ulsan/울산,Nam-gu/남구,Daemyeong 1(il)-dong/대명1동
Ulsan/울산,Nam-gu/남구,Daemyeong 10(sip)-dong/대명10동
Ulsan/울산,Nam-gu/남구,Daemyeong 11(sibil)-dong/대명11동
Ulsan/울산,Nam-gu/남구,Daemyeong 2(i)-dong/대명2동
Ulsan/울산,Nam-gu/남구,Daemyeong 3(sam)-dong/대명3동
Ulsan/울산,Nam-gu/남구,Daemyeong 4(sa)-dong/대명4동
Ulsan/울산,Nam-gu/남구,Daemyeong 5(o)-dong/대명5동
Ulsan/울산,Nam-gu/남구,Daemyeong 6(yuk)-dong/대명6동
Ulsan/울산,Nam-gu/남구,Daemyeong 9(gu)-dong/대명9동
Ulsan/울산,Nam-gu/남구,Daemyeong-dong/대명동
Ulsan/울산,Nam-gu/남구,Daeyeon 1(il)-dong/대연1동
Ulsan/울산,Nam-gu/남구,Daeyeon 2(i)-dong/대연2동
Ulsan/울산,Nam-gu/남구,Daeyeon 3(sam)-dong/대연3동
Ulsan/울산,Nam-gu/남구,Daeyeon 4(sa)-dong/대연4동
Ulsan/울산,Nam-gu/남구,Daeyeon 5(o)-dong/대연5동
Ulsan/울산,Nam-gu/남구,Daeyeon 6(yuk)-dong/대연6동
Ulsan/울산,Nam-gu/남구,Daeyeon-dong/대연동
Ulsan/울산,Nam-gu/남구,Dal-dong/달동
Ulsan/울산,Nam-gu/남구,Deoknam-dong/덕남동
Ulsan/울산,Nam-gu/남구,Dogeum-dong/도금동
Ulsan/울산,Nam-gu/남구,Dohwa 1(il)-dong/도화1동
Ulsan/울산,Nam-gu/남구,Dohwa 2(i)-dong/도화2동
Ulsan/울산,Nam-gu/남구,Dohwa 3(sam)-dong/도화3동
Ulsan/울산,Nam-gu/남구,Dohwa-dong/도화동
Ulsan/울산,Nam-gu/남구,Duwang-dong/두왕동
Ulsan/울산,Nam-gu/남구,Gaeun-dong/개운동
Ulsan/울산,Nam-gu/남구,Gamman 1(il)-dong/감만1동
Ulsan/울산,Nam-gu/남구,Gamman 2(i)-dong/감만2동
Ulsan/울산,Nam-gu/남구,Gamman-dong/감만동
Ulsan/울산,Nam-gu/남구,Gosa-dong/고사동
Ulsan/울산,Nam-gu/남구,Gu-dong/구동
Ulsan/울산,Nam-gu/남구,Guso-dong/구소동
Ulsan/울산,Nam-gu/남구,Gwangyo-dong/관교동
Ulsan/울산,Nam-gu/남구,Haengam-dong/행암동
Ulsan/울산,Nam-gu/남구,Hagig 1(il)-dong/학익1동
Ulsan/울산,Nam-gu/남구,Hagig 2(i)-dong/학익2동
Ulsan/울산,Nam-gu/남구,Hagik-dong/학익동
Ulsan/울산,Nam-gu/남구,Hwajang-dong/화장동
Ulsan/울산,Nam-gu/남구,Hwangseong-dong/황성동
Ulsan/울산,Nam-gu/남구,Icheon-dong/이천동
Ulsan/울산,Nam-gu/남구,Ijang-dong/이장동
Ulsan/울산,Nam-gu/남구,Imam-dong/임암동
Ulsan/울산,Nam-gu/남구,Jangsaengpo-dong/장생포동
Ulsan/울산,Nam-gu/남구,Jinwol-dong/진월동
Ulsan/울산,Nam-gu/남구,Jiseok-dong/지석동
Ulsan/울산,Nam-gu/남구,Juan 1(il)-dong/주안1동
Ulsan/울산,Nam-gu/남구,Juan 2(i)-dong/주안2동
Ulsan/울산,Nam-gu/남구,Juan 3(sam)-dong/주안3동
Ulsan/울산,Nam-gu/남구,Juan 4(sa)-dong/주안4동
Ulsan/울산,Nam-gu/남구,Juan 5(o)-dong/주안5동
Ulsan/울산,Nam-gu/남구,Juan 6(yuk)-dong/주안6동
Ulsan/울산,Nam-gu/남구,Juan 7(chil)-dong/주안7동
Ulsan/울산,Nam-gu/남구,Juan 8(pal)-dong/주안8동
Ulsan/울산,Nam-gu/남구,Juan-dong/주안동
Ulsan/울산,Nam-gu/남구,Juwol-dong/주월동
Ulsan/울산,Nam-gu/남구,Juwor 1(il)-dong/주월1동
Ulsan/울산,Nam-gu/남구,Juwor 2(i)-dong/주월2동
Ulsan/울산,Nam-gu/남구,Maeam-dong/매암동
Ulsan/울산,Nam-gu/남구,Mugeo-dong/무거동
Ulsan/울산,Nam-gu/남구,Munhak-dong/문학동
Ulsan/울산,Nam-gu/남구,Munhyeon 1(il)-dong/문현1동
Ulsan/울산,Nam-gu/남구,Munhyeon 2(i)-dong/문현2동
Ulsan/울산,Nam-gu/남구,Munhyeon 3(sam)-dong/문현3동
Ulsan/울산,Nam-gu/남구,Munhyeon 4(sa)-dong/문현4동
Ulsan/울산,Nam-gu/남구,Munhyeon-dong/문현동
Ulsan/울산,Nam-gu/남구,Namdaeguucheguksaseoham/남대구우체국사서함
Ulsan/울산,Nam-gu/남구,Namhwa-dong/남화동
Ulsan/울산,Nam-gu/남구,Namulsanucheguksaseoham/남울산우체국사서함
Ulsan/울산,Nam-gu/남구,Nodae-dong/노대동
Ulsan/울산,Nam-gu/남구,Ok-dong/옥동
Ulsan/울산,Nam-gu/남구,Sa-dong/사동
Ulsan/울산,Nam-gu/남구,Samsan-dong/삼산동
Ulsan/울산,Nam-gu/남구,Sanggae-dong/상개동
Ulsan/울산,Nam-gu/남구,Seo 1(il)-dong/서1동
Ulsan/울산,Nam-gu/남구,Seo 2(i)-dong/서2동
Ulsan/울산,Nam-gu/남구,Seo-dong/서동
Ulsan/울산,Nam-gu/남구,Seokjeong-dong/석정동
Ulsan/울산,Nam-gu/남구,Seonam-dong/선암동
Ulsan/울산,Nam-gu/남구,Seongam-dong/성암동
Ulsan/울산,Nam-gu/남구,Seungchon-dong/승촌동
Ulsan/울산,Nam-gu/남구,Sinjang-dong/신장동
Ulsan/울산,Nam-gu/남구,Sinjeong 1(il)-dong/신정1동
Ulsan/울산,Nam-gu/남구,Sinjeong 2(i)-dong/신정2동
Ulsan/울산,Nam-gu/남구,Sinjeong 3(sam)-dong/신정3동
Ulsan/울산,Nam-gu/남구,Sinjeong 4(sa)-dong/신정4동
Ulsan/울산,Nam-gu/남구,Sinjeong 5(o)-dong/신정5동
Ulsan/울산,Nam-gu/남구,Sinjeong-dong/신정동
Ulsan/울산,Nam-gu/남구,Songha-dong/송하동
Ulsan/울산,Nam-gu/남구,Sungui 1(il)-dong/숭의1동
Ulsan/울산,Nam-gu/남구,Sungui 2(i)-dong/숭의2동
Ulsan/울산,Nam-gu/남구,Sungui 3(sam)-dong/숭의3동
Ulsan/울산,Nam-gu/남구,Sungui 4(sa)-dong/숭의4동
Ulsan/울산,Nam-gu/남구,Sungui-dong/숭의동
Ulsan/울산,Nam-gu/남구,Uam 1(il)-dong/우암1동
Ulsan/울산,Nam-gu/남구,Uam 2(i)-dong/우암2동
Ulsan/울산,Nam-gu/남구,Uam-dong/우암동
Ulsan/울산,Nam-gu/남구,Wolsan 1(il)-dong/월산1동
Ulsan/울산,Nam-gu/남구,Wolsan 2(i)-dong/월산2동
Ulsan/울산,Nam-gu/남구,Wolsan 3(sam)-dong/월산3동
Ulsan/울산,Nam-gu/남구,Wolsan 4(sa)-dong/월산4동
Ulsan/울산,Nam-gu/남구,Wolsan 5(o)-dong/월산5동
Ulsan/울산,Nam-gu/남구,Wolsan-dong/월산동
Ulsan/울산,Nam-gu/남구,Wolseong-dong/월성동
Ulsan/울산,Nam-gu/남구,Wonsan-dong/원산동
Ulsan/울산,Nam-gu/남구,Yaeum-dong/야음동
Ulsan/울산,Nam-gu/남구,Yangchon-dong/양촌동
Ulsan/울산,Nam-gu/남구,Yanggwa-dong/양과동
Ulsan/울산,Nam-gu/남구,Yangrim-dong/양림동
Ulsan/울산,Nam-gu/남구,Yeocheon-dong/여천동
Ulsan/울산,Nam-gu/남구,Yongdang-dong/용당동
Ulsan/울산,Nam-gu/남구,Yongho 1(il)-dong/용호1동
Ulsan/울산,Nam-gu/남구,Yongho 2(i)-dong/용호2동
Ulsan/울산,Nam-gu/남구,Yongho 3(sam)-dong/용호3동
Ulsan/울산,Nam-gu/남구,Yongho 4(sa)-dong/용호4동
Ulsan/울산,Nam-gu/남구,Yongho-dong/용호동
Ulsan/울산,Nam-gu/남구,Yonghyeon 1(il)-dong/용현1동
Ulsan/울산,Nam-gu/남구,Yonghyeon 2(i)-dong/용현2동
Ulsan/울산,Nam-gu/남구,Yonghyeon 3(sam)-dong/용현3동
Ulsan/울산,Nam-gu/남구,Yonghyeon 4(sa)-dong/용현4동
Ulsan/울산,Nam-gu/남구,Yonghyeon 5(o)-dong/용현5동
Ulsan/울산,Nam-gu/남구,Yonghyeon-dong/용현동
Ulsan/울산,Nam-gu/남구,Yongjam-dong/용잠동
Ulsan/울산,Nam-gu/남구,Yongyeon-dong/용연동
Ulsan/울산,Ulju-gun/울주군,Beomseo-eup/범서읍
Ulsan/울산,Ulju-gun/울주군,Cheongryang-myeon/청량면
Ulsan/울산,Ulju-gun/울주군,Dudong-myeon/두동면
Ulsan/울산,Ulju-gun/울주군,Duseo-myeon/두서면
Ulsan/울산,Ulju-gun/울주군,Eonyang-eup/언양읍
Ulsan/울산,Ulju-gun/울주군,Onsan-eup/온산읍
Ulsan/울산,Ulju-gun/울주군,Onyang-eup/온양읍
Ulsan/울산,Ulju-gun/울주군,Samdong-myeon/삼동면
Ulsan/울산,Ulju-gun/울주군,Samnam-myeon/삼남면
Ulsan/울산,Ulju-gun/울주군,Sangbuk-myeon/상북면
Ulsan/울산,Ulju-gun/울주군,Seosaeng-myeon/서생면
Ulsan/울산,Ulju-gun/울주군,Ungchon-myeon/웅촌면
