province,province_code,city,city_code,area,area_code
Busan/부산,KR-26,Buk-gu/북구,KR-26-0,Bokhyeon 1(il)-dong/복현1동,KR-26-0-0
Busan/부산,KR-26,Buk-gu/북구,KR-26-0,Bokhyeon 2(i)-dong/복현2동,KR-26-0-1
Busan/부산,KR-26,Buk-gu/북구,KR-26-0,Bokhyeon-dong/복현동,KR-26-0-2
Busan/부산,KR-26,Buk-gu/북구,KR-26-0,Bonchon-dong/본촌동,KR-26-0-3
Busan/부산,KR-26,Buk-gu/북구,KR-26-0,Bukbusanucheguksaseoham/북부산우체국사서함,KR-26-0-4
Busan/부산,KR-26,Buk-gu/북구,KR-26-0,Bukdaeguucheguksaseoham/북대구우체국사서함,KR-26-0-5
Busan/부산,KR-26,Buk-gu/북구,KR-26-0,Buk-dong/북동,KR-26-0-6
Busan/부산,KR-26,Buk-gu/북구,KR-26-0,Bukgwangjuucheguksaseoham/북광주우체국사서함,KR-26-0-7
Busan/부산,KR-26,Buk-gu/북구,KR-26-0,Changpyeong-dong/창평동,KR-26-0-8
Busan/부산,KR-26,Buk-gu/북구,KR-26-0,Cheongok-dong/천곡동,KR-26-0-9
Busan/부산,KR-26,Buk-gu/북구,KR-26-0,Cheongpung-dong/청풍동,KR-26-0-10
Busan/부산,KR-26,Buk-gu/북구,KR-26-0,Chilseongdong 1(il)-ga/칠성동1가,KR-26-0-11
Busan/부산,KR-26,Buk-gu/북구,KR-26-0,Chilseongdong 2(i)-ga/칠성동2가,KR-26-0-12
Busan/부산,KR-26,Buk-gu/북구,KR-26-0,Chimsan 1(il)-dong/침산1동,KR-26-0-13
Busan/부산,KR-26,Buk-gu/북구,KR-26-0,Chimsan 2(i)-dong/침산2동,KR-26-0-14
Busan/부산,KR-26,Buk-gu/북구,KR-26-0,Chimsan 3(sam)-dong/침산3동,KR-26-0-15
Busan/부산,KR-26,Buk-gu/북구,KR-26-0,Chimsan-dong/침산동,KR-26-0-16
Busan/부산,KR-26,Buk-gu/북구,KR-26-0,Chunghyo-dong/충효동,KR-26-0-17
Busan/부산,KR-26,Buk-gu/북구,KR-26-0,Daean-dong/대안동,KR-26-0-18
Busan/부산,KR-26,Buk-gu/북구,KR-26-0,Daechon-dong/대촌동,KR-26-0-19
Busan/부산,KR-26,Buk-gu/북구,KR-26-0,Daehyeon 1(il)-dong/대현1동,KR-26-0-20
Busan/부산,KR-26,Buk-gu/북구,KR-26-0,Daehyeon 2(i)-dong/대현2동,KR-26-0-21
Busan/부산,KR-26,Buk-gu/북구,KR-26-0,Daehyeon-dong/대현동,KR-26-0-22
Busan/부산,KR-26,Buk-gu/북구,KR-26-0,Dalcheon-dong/달천동,KR-26-0-23
Busan/부산,KR-26,Buk-gu/북구,KR-26-0,Dangsa-dong/당사동,KR-26-0-24
Busan/부산,KR-26,Buk-gu/북구,KR-26-0,Deogui-dong/덕의동,KR-26-0-25
Busan/부산,KR-26,Buk-gu/북구,KR-26-0,Deokcheon 1(il)-dong/덕천1동,KR-26-0-26
Busan/부산,KR-26,Buk-gu/북구,KR-26-0,Deokcheon 2(i)-dong/덕천2동,KR-26-0-27
Busan/부산,KR-26,Buk-gu/북구,KR-26-0,Deokcheon 3(sam)-dong/덕천3동,KR-26-0-28
Busan/부산,KR-26,Buk-gu/북구,KR-26-0,Deokcheon-dong/덕천동,KR-26-0-29
Busan/부산,KR-26,Buk-gu/북구,KR-26-0,Donam-dong/도남동,KR-26-0-30
Busan/부산,KR-26,Buk-gu/북구,KR-26-0,Dongbyeon-dong/동변동,KR-26-0-31
Busan/부산,KR-26,Buk-gu/북구,KR-26-0,Dongcheon-dong/동천동,KR-26-0-32
Busan/부산,KR-26,Buk-gu/북구,KR-26-0,Dongho-dong/동호동,KR-26-0-33
Busan/부산,KR-26,Buk-gu/북구,KR-26-0,Dongrim-dong/동림동,KR-26-0-34
Busan/부산,KR-26,Buk-gu/북구,KR-26-0,Duam 1(il)-dong/두암1동,KR-26-0-35
Busan/부산,KR-26,Buk-gu/북구,KR-26-0,Duam 2(i)-dong/두암2동,KR-26-0-36
Busan/부산,KR-26,Buk-gu/북구,KR-26-0,Duam 3(sam)-dong/두암3동,KR-26-0-37
Busan/부산,KR-26,Buk-gu/북구,KR-26-0,Duam-dong/두암동,KR-26-0-38
Busan/부산,KR-26,Buk-gu/북구,KR-26-0,Eomul-dong/어물동,KR-26-0-39
Busan/부산,KR-26,Buk-gu/북구,KR-26-0,Eupnae-dong/읍내동,KR-26-0-40
Busan/부산,KR-26,Buk-gu/북구,KR-26-0,Gadae-dong/가대동,KR-26-0-41
Busan/부산,KR-26,Buk-gu/북구,KR-26-0,Gakhwa-dong/각화동,KR-26-0-42
Busan/부산,KR-26,Buk-gu/북구,KR-26-0,Geomdan-dong/검단동,KR-26-0-43
Busan/부산,KR-26,Buk-gu/북구,KR-26-0,Geumgok-dong/금곡동,KR-26-0-44
Busan/부산,KR-26,Buk-gu/북구,KR-26-0,Geumgok-dong/금곡동,KR-26-0-44
Busan/부산,KR-26,Buk-gu/북구,KR-26-0,Geumho-dong/금호동,KR-26-0-45
Busan/부산,KR-26,Buk-gu/북구,KR-26-0,Goseongdong 1(il)-ga/고성동1가,KR-26-0-46
Busan/부산,KR-26,Buk-gu/북구,KR-26-0,Goseongdong 2(i)-ga/고성동2가,KR-26-0-47
Busan/부산,KR-26,Buk-gu/북구,KR-26-0,Goseongdong 3(sam)-ga/고성동3가,KR-26-0-48
Busan/부산,KR-26,Buk-gu/북구,KR-26-0,Guam-dong/구암동,KR-26-0-49
Busan/부산,KR-26,Buk-gu/북구,KR-26-0,Gugu-dong/국우동,KR-26-0-50
Busan/부산,KR-26,Buk-gu/북구,KR-26-0,Gupo 1(il)-dong/구포1동,KR-26-0-51
Busan/부산,KR-26,Buk-gu/북구,KR-26-0,Gupo 2(i)-dong/구포2동,KR-26-0-52
Busan/부산,KR-26,Buk-gu/북구,KR-26-0,Gupo 3(sam)-dong/구포3동,KR-26-0-53
Busan/부산,KR-26,Buk-gu/북구,KR-26-0,Gupo-dong/구포동,KR-26-0-54
Busan/부산,KR-26,Buk-gu/북구,KR-26-0,Guyu-dong/구유동,KR-26-0-55
Busan/부산,KR-26,Buk-gu/북구,KR-26-0,Gwaneum-dong/관음동,KR-26-0-56
Busan/부산,KR-26,Buk-gu/북구,KR-26-0,Hakjeong-dong/학정동,KR-26-0-57
Busan/부산,KR-26,Buk-gu/북구,KR-26-0,Hogye-dong/호계동,KR-26-0-58
Busan/부산,KR-26,Buk-gu/북구,KR-26-0,Hwaam-dong/화암동,KR-26-0-59
Busan/부산,KR-26,Buk-gu/북구,KR-26-0,Hwabong-dong/화봉동,KR-26-0-60
Busan/부산,KR-26,Buk-gu/북구,KR-26-0,Hwamyeong 1(il)-dong/화명1동,KR-26-0-61
Busan/부산,KR-26,Buk-gu/북구,KR-26-0,Hwamyeong 2(i)-dong/화명2동,KR-26-0-62
Busan/부산,KR-26,Buk-gu/북구,KR-26-0,Hwamyeong 3(sam)-dong/화명3동,KR-26-0-63
Busan/부산,KR-26,Buk-gu/북구,KR-26-0,Hwamyeong-dong/화명동,KR-26-0-64
Busan/부산,KR-26,Buk-gu/북구,KR-26-0,Hyomun-dong/효문동,KR-26-0-65
Busan/부산,KR-26,Buk-gu/북구,KR-26-0,Hyoryeong-dong/효령동,KR-26-0-66
Busan/부산,KR-26,Buk-gu/북구,KR-26-0,Ilgok-dong/일곡동,KR-26-0-67
Busan/부산,KR-26,Buk-gu/북구,KR-26-0,Im-dong/임동,KR-26-0-68
Busan/부산,KR-26,Buk-gu/북구,KR-26-0,Jangdeung-dong/장등동,KR-26-0-69
Busan/부산,KR-26,Buk-gu/북구,KR-26-0,Jeongja-dong/정자동,KR-26-0-70
Busan/부산,KR-26,Buk-gu/북구,KR-26-0,Jinjang-dong/진장동,KR-26-0-71
Busan/부산,KR-26,Buk-gu/북구,KR-26-0,Jiya-dong/지야동,KR-26-0-72
Busan/부산,KR-26,Buk-gu/북구,KR-26-0,Joya-dong/조야동,KR-26-0-73
Busan/부산,KR-26,Buk-gu/북구,KR-26-0,Jungheung 1(il)-dong/중흥1동,KR-26-0-74
Busan/부산,KR-26,Buk-gu/북구,KR-26-0,Jungheung 2(i)-dong/중흥2동,KR-26-0-75
Busan/부산,KR-26,Buk-gu/북구,KR-26-0,Jungheung 3(sam)-dong/중흥3동,KR-26-0-76
Busan/부산,KR-26,Buk-gu/북구,KR-26-0,Jungheung-dong/중흥동,KR-26-0-77
Busan/부산,KR-26,Buk-gu/북구,KR-26-0,Jungsan-dong/중산동,KR-26-0-78
Busan/부산,KR-26,Buk-gu/북구,KR-26-0,Maecheon-dong/매천동,KR-26-0-79
Busan/부산,KR-26,Buk-gu/북구,KR-26-0,Maegok-dong/매곡동,KR-26-0-80
Busan/부산,KR-26,Buk-gu/북구,KR-26-0,Maegok-dong/매곡동,KR-26-0-80
Busan/부산,KR-26,Buk-gu/북구,KR-26-0,Mandeog 1(il)-dong/만덕1동,KR-26-0-81
Busan/부산,KR-26,Buk-gu/북구,KR-26-0,Mandeog 2(i)-dong/만덕2동,KR-26-0-82
Busan/부산,KR-26,Buk-gu/북구,KR-26-0,Mandeog 3(sam)-dong/만덕3동,KR-26-0-83
Busan/부산,KR-26,Buk-gu/북구,KR-26-0,Mandeok-dong/만덕동,KR-26-0-84
Busan/부산,KR-26,Buk-gu/북구,KR-26-0,Mangwol-dong/망월동,KR-26-0-85
Busan/부산,KR-26,Buk-gu/북구,KR-26-0,Munheung 1(il)-dong/문흥1동,KR-26-0-86
Busan/부산,KR-26,Buk-gu/북구,KR-26-0,Munheung 2(i)-dong/문흥2동,KR-26-0-87
Busan/부산,KR-26,Buk-gu/북구,KR-26-0,Munheung-dong/문흥동,KR-26-0-88
Busan/부산,KR-26,Buk-gu/북구,KR-26-0,Muryong-dong/무룡동,KR-26-0-89
Busan/부산,KR-26,Buk-gu/북구,KR-26-0,Myeongchon-dong/명촌동,KR-26-0-90
Busan/부산,KR-26,Buk-gu/북구,KR-26-0,Nogok-dong/노곡동,KR-26-0-91
Busan/부산,KR-26,Buk-gu/북구,KR-26-0,Nowondong 1(il)-ga/노원동1가,KR-26-0-92
Busan/부산,KR-26,Buk-gu/북구,KR-26-0,Nowondong 2(i)-ga/노원동2가,KR-26-0-93
Busan/부산,KR-26,Buk-gu/북구,KR-26-0,Nowondong 3(sam)-ga/노원동3가,KR-26-0-94
Busan/부산,KR-26,Buk-gu/북구,KR-26-0,Numun-dong/누문동,KR-26-0-95
Busan/부산,KR-26,Buk-gu/북구,KR-26-0,Ochi 1(il)-dong/오치1동,KR-26-0-96
Busan/부산,KR-26,Buk-gu/북구,KR-26-0,Ochi 2(i)-dong/오치2동,KR-26-0-97
Busan/부산,KR-26,Buk-gu/북구,KR-26-0,Ochi-dong/오치동,KR-26-0-98
Busan/부산,KR-26,Buk-gu/북구,KR-26-0,Oryong-dong/오룡동,KR-26-0-99
Busan/부산,KR-26,Buk-gu/북구,KR-26-0,Paldal-dong/팔달동,KR-26-0-100
Busan/부산,KR-26,Buk-gu/북구,KR-26-0,Punghyang-dong/풍향동,KR-26-0-101
Busan/부산,KR-26,Buk-gu/북구,KR-26-0,Saengyong-dong/생용동,KR-26-0-102
Busan/부산,KR-26,Buk-gu/북구,KR-26-0,Samgak-dong/삼각동,KR-26-0-103
Busan/부산,KR-26,Buk-gu/북구,KR-26-0,Sangan-dong/상안동,KR-26-0-104
Busan/부산,KR-26,Buk-gu/북구,KR-26-0,Sangyeog 1(il)-dong/산격1동,KR-26-0-105
Busan/부산,KR-26,Buk-gu/북구,KR-26-0,Sangyeog 2(i)-dong/산격2동,KR-26-0-106
Busan/부산,KR-26,Buk-gu/북구,KR-26-0,Sangyeog 3(sam)-dong/산격3동,KR-26-0-107
Busan/부산,KR-26,Buk-gu/북구,KR-26-0,Sangyeog 4(sa)-dong/산격4동,KR-26-0-108
Busan/부산,KR-26,Buk-gu/북구,KR-26-0,Sangyeok-dong/산격동,KR-26-0-109
Busan/부산,KR-26,Buk-gu/북구,KR-26-0,Sanha-dong/산하동,KR-26-0-110
Busan/부산,KR-26,Buk-gu/북구,KR-26-0,Sasu-dong/사수동,KR-26-0-111
Busan/부산,KR-26,Buk-gu/북구,KR-26-0,Seobyeon-dong/서변동,KR-26-0-112
Busan/부산,KR-26,Buk-gu/북구,KR-26-0,Sinan-dong/신안동,KR-26-0-113
Busan/부산,KR-26,Buk-gu/북구,KR-26-0,Sincheon-dong/신천동,KR-26-0-114
Busan/부산,KR-26,Buk-gu/북구,KR-26-0,Sinhyeon-dong/신현동,KR-26-0-115
Busan/부산,KR-26,Buk-gu/북구,KR-26-0,Sinmyeong-dong/신명동,KR-26-0-116
Busan/부산,KR-26,Buk-gu/북구,KR-26-0,Sinyong-dong/신용동,KR-26-0-117
Busan/부산,KR-26,Buk-gu/북구,KR-26-0,Sirye-dong/시례동,KR-26-0-118
Busan/부산,KR-26,Buk-gu/북구,KR-26-0,Songjeong-dong/송정동,KR-26-0-119
Busan/부산,KR-26,Buk-gu/북구,KR-26-0,Sugok-dong/수곡동,KR-26-0-120
Busan/부산,KR-26,Buk-gu/북구,KR-26-0,Taejeon 1(il)-dong/태전1동,KR-26-0-121
Busan/부산,KR-26,Buk-gu/북구,KR-26-0,Taejeon 2(i)-dong/태전2동,KR-26-0-122
Busan/부산,KR-26,Buk-gu/북구,KR-26-0,Taejeon-dong/태전동,KR-26-0-123
Busan/부산,KR-26,Buk-gu/북구,KR-26-0,Taeryeong-dong/태령동,KR-26-0-124
Busan/부산,KR-26,Buk-gu/북구,KR-26-0,Unam 1(il)-dong/운암1동,KR-26-0-125
Busan/부산,KR-26,Buk-gu/북구,KR-26-0,Unam 2(i)-dong/운암2동,KR-26-0-126
Busan/부산,KR-26,Buk-gu/북구,KR-26-0,Unam 3(sam)-dong/운암3동,KR-26-0-127
Busan/부산,KR-26,Buk-gu/북구,KR-26-0,Unam-dong/운암동,KR-26-0-128
Busan/부산,KR-26,Buk-gu/북구,KR-26-0,Unjeong-dong/운정동,KR-26-0-129
Busan/부산,KR-26,Buk-gu/북구,KR-26-0,Usan-dong/우산동,KR-26-0-130
Busan/부산,KR-26,Buk-gu/북구,KR-26-0,Wolchul-dong/월출동,KR-26-0-131
Busan/부산,KR-26,Buk-gu/북구,KR-26-0,Yangjeong-dong/양정동,KR-26-0-132
Busan/부산,KR-26,Buk-gu/북구,KR-26-0,Yangsan-dong/양산동,KR-26-0-133
Busan/부산,KR-26,Buk-gu/북구,KR-26-0,Yeompo-dong/염포동,KR-26-0-134
Busan/부산,KR-26,Buk-gu/북구,KR-26-0,Yeonam-dong/연암동,KR-26-0-135
Busan/부산,KR-26,Buk-gu/북구,KR-26-0,Yeongyeong-dong/연경동,KR-26-0-136
Busan/부산,KR-26,Buk-gu/북구,KR-26-0,Yeonje-dong/연제동,KR-26-0-137
Busan/부산,KR-26,Buk-gu/북구,KR-26-0,Yongbong-dong/용봉동,KR-26-0-138
Busan/부산,KR-26,Buk-gu/북구,KR-26-0,Yongdu-dong/용두동,KR-26-0-139
Busan/부산,KR-26,Buk-gu/북구,KR-26-0,Yonggang-dong/용강동,KR-26-0-140
Busan/부산,KR-26,Buk-gu/북구,KR-26-0,Yongjeon-dong/용전동,KR-26-0-141
Busan/부산,KR-26,Buk-gu/북구,KR-26-0,Yu-dong/유동,KR-26-0-142
Busan/부산,KR-26,Busanjin-gu/부산진구,KR-26-1,Beomcheon 1(il)-dong/범천1동,KR-26-1-0
Busan/부산,KR-26,Busanjin-gu/부산진구,KR-26-1,Beomcheon 2(i)-dong/범천2동,KR-26-1-1
Busan/부산,KR-26,Busanjin-gu/부산진구,KR-26-1,Beomcheon 4(sa)-dong/범천4동,KR-26-1-2
Busan/부산,KR-26,Busanjin-gu/부산진구,KR-26-1,Beomcheon-dong/범천동,KR-26-1-3
Busan/부산,KR-26,Busanjin-gu/부산진구,KR-26-1,Beomjeon-dong/범전동,KR-26-1-4
Busan/부산,KR-26,Busanjin-gu/부산진구,KR-26-1,Buam 1(il)-dong/부암1동,KR-26-1-5
Busan/부산,KR-26,Busanjin-gu/부산진구,KR-26-1,Buam 3(sam)-dong/부암3동,KR-26-1-6
Busan/부산,KR-26,Busanjin-gu/부산진구,KR-26-1,Buam-dong/부암동,KR-26-1-7
Busan/부산,KR-26,Busanjin-gu/부산진구,KR-26-1,Bujeon 1(il)-dong/부전1동,KR-26-1-8
Busan/부산,KR-26,Busanjin-gu/부산진구,KR-26-1,Bujeon 2(i)-dong/부전2동,KR-26-1-9
Busan/부산,KR-26,Busanjin-gu/부산진구,KR-26-1,Bujeon-dong/부전동,KR-26-1-10
Busan/부산,KR-26,Busanjin-gu/부산진구,KR-26-1,Busanjinucheguksaseoham/부산진우체국사서함,KR-26-1-11
Busan/부산,KR-26,Busanjin-gu/부산진구,KR-26-1,Choeup-dong/초읍동,KR-26-1-12
Busan/부산,KR-26,Busanjin-gu/부산진구,KR-26-1,Danggam 1(il)-dong/당감1동,KR-26-1-13
Busan/부산,KR-26,Busanjin-gu/부산진구,KR-26-1,Danggam 2(i)-dong/당감2동,KR-26-1-14
Busan/부산,KR-26,Busanjin-gu/부산진구,KR-26-1,Danggam 3(sam)-dong/당감3동,KR-26-1-15
Busan/부산,KR-26,Busanjin-gu/부산진구,KR-26-1,Danggam 4(sa)-dong/당감4동,KR-26-1-16
Busan/부산,KR-26,Busanjin-gu/부산진구,KR-26-1,Danggam-dong/당감동,KR-26-1-17
Busan/부산,KR-26,Busanjin-gu/부산진구,KR-26-1,Gaegeum 1(il)-dong/개금1동,KR-26-1-18
Busan/부산,KR-26,Busanjin-gu/부산진구,KR-26-1,Gaegeum 2(i)-dong/개금2동,KR-26-1-19
Busan/부산,KR-26,Busanjin-gu/부산진구,KR-26-1,Gaegeum 3(sam)-dong/개금3동,KR-26-1-20
Busan/부산,KR-26,Busanjin-gu/부산진구,KR-26-1,Gaegeum-dong/개금동,KR-26-1-21
Busan/부산,KR-26,Busanjin-gu/부산진구,KR-26-1,Gaya 1(il)-dong/가야1동,KR-26-1-22
Busan/부산,KR-26,Busanjin-gu/부산진구,KR-26-1,Gaya 2(i)-dong/가야2동,KR-26-1-23
Busan/부산,KR-26,Busanjin-gu/부산진구,KR-26-1,Gaya 3(sam)-dong/가야3동,KR-26-1-24
Busan/부산,KR-26,Busanjin-gu/부산진구,KR-26-1,Gaya-dong/가야동,KR-26-1-25
Busan/부산,KR-26,Busanjin-gu/부산진구,KR-26-1,Jeonpo 1(il)-dong/전포1동,KR-26-1-26
Busan/부산,KR-26,Busanjin-gu/부산진구,KR-26-1,Jeonpo 2(i)-dong/전포2동,KR-26-1-27
Busan/부산,KR-26,Busanjin-gu/부산진구,KR-26-1,Jeonpo 3(sam)-dong/전포3동,KR-26-1-28
Busan/부산,KR-26,Busanjin-gu/부산진구,KR-26-1,Jeonpo-dong/전포동,KR-26-1-29
Busan/부산,KR-26,Busanjin-gu/부산진구,KR-26-1,Yangjeong 1(il)-dong/양정1동,KR-26-1-30
Busan/부산,KR-26,Busanjin-gu/부산진구,KR-26-1,Yangjeong 2(i)-dong/양정2동,KR-26-1-31
Busan/부산,KR-26,Busanjin-gu/부산진구,KR-26-1,Yangjeong-dong/양정동,KR-26-1-32
Busan/부산,KR-26,Busanjin-gu/부산진구,KR-26-1,Yeonji-dong/연지동,KR-26-1-33
Busan/부산,KR-26,Dong-gu/동구,KR-26-2,Baegan-dong/백안동,KR-26-2-0
Busan/부산,KR-26,Dong-gu/동구,KR-26-2,Bangchon-dong/방촌동,KR-26-2-1
Busan/부산,KR-26,Dong-gu/동구,KR-26-2,Bangeo-dong/방어동,KR-26-2-2
Busan/부산,KR-26,Dong-gu/동구,KR-26-2,Beomil-dong/범일동,KR-26-2-3
Busan/부산,KR-26,Dong-gu/동구,KR-26-2,Beomir 1(il)-dong/범일1동,KR-26-2-4
Busan/부산,KR-26,Dong-gu/동구,KR-26-2,Beomir 2(i)-dong/범일2동,KR-26-2-5
Busan/부산,KR-26,Dong-gu/동구,KR-26-2,Beomir 4(sa)-dong/범일4동,KR-26-2-6
Busan/부산,KR-26,Dong-gu/동구,KR-26-2,Beomir 5(o)-dong/범일5동,KR-26-2-7
Busan/부산,KR-26,Dong-gu/동구,KR-26-2,Biryong-dong/비룡동,KR-26-2-8
Busan/부산,KR-26,Dong-gu/동구,KR-26-2,Bongmu-dong/봉무동,KR-26-2-9
Busan/부산,KR-26,Dong-gu/동구,KR-26-2,Bu-dong/부동,KR-26-2-10
Busan/부산,KR-26,Dong-gu/동구,KR-26-2,Bullo-dong/불로동,KR-26-2-11
Busan/부산,KR-26,Dong-gu/동구,KR-26-2,Bullo-dong/불로동,KR-26-2-11
Busan/부산,KR-26,Dong-gu/동구,KR-26-2,Changyeong-dong/창영동,KR-26-2-12
Busan/부산,KR-26,Dong-gu/동구,KR-26-2,Cheon-dong/천동,KR-26-2-13
Busan/부산,KR-26,Dong-gu/동구,KR-26-2,Choryang 1(il)-dong/초량1동,KR-26-2-14
Busan/부산,KR-26,Dong-gu/동구,KR-26-2,Choryang 2(i)-dong/초량2동,KR-26-2-15
Busan/부산,KR-26,Dong-gu/동구,KR-26-2,Choryang 3(sam)-dong/초량3동,KR-26-2-16
Busan/부산,KR-26,Dong-gu/동구,KR-26-2,Choryang 6(yuk)-dong/초량6동,KR-26-2-17
Busan/부산,KR-26,Dong-gu/동구,KR-26-2,Choryang-dong/초량동,KR-26-2-18
Busan/부산,KR-26,Dong-gu/동구,KR-26-2,Chu-dong/추동,KR-26-2-19
Busan/부산,KR-26,Dong-gu/동구,KR-26-2,Chungjangro 1(il)-ga/충장로1가,KR-26-2-20
Busan/부산,KR-26,Dong-gu/동구,KR-26-2,Chungjangro 2(i)-ga/충장로2가,KR-26-2-21
Busan/부산,KR-26,Dong-gu/동구,KR-26-2,Chungjangro 3(sam)-ga/충장로3가,KR-26-2-22
Busan/부산,KR-26,Dong-gu/동구,KR-26-2,Chungjangro 4(sa)-ga/충장로4가,KR-26-2-23
Busan/부산,KR-26,Dong-gu/동구,KR-26-2,Chungjangro 5(o)-ga/충장로5가,KR-26-2-24
Busan/부산,KR-26,Dong-gu/동구,KR-26-2,Dae 1(il)-dong/대1동,KR-26-2-25
Busan/부산,KR-26,Dong-gu/동구,KR-26-2,Dae 2(i)-dong/대2동,KR-26-2-26
Busan/부산,KR-26,Dong-gu/동구,KR-26-2,Daebyeol-dong/대별동,KR-26-2-27
Busan/부산,KR-26,Dong-gu/동구,KR-26-2,Dae-dong/대동,KR-26-2-28
Busan/부산,KR-26,Dong-gu/동구,KR-26-2,Daein-dong/대인동,KR-26-2-29
Busan/부산,KR-26,Dong-gu/동구,KR-26-2,Daejeonucheguksaseoham/대전우체국사서함,KR-26-2-30
Busan/부산,KR-26,Dong-gu/동구,KR-26-2,Daerim-dong/대림동,KR-26-2-31
Busan/부산,KR-26,Dong-gu/동구,KR-26-2,Daeseong-dong/대성동,KR-26-2-32
Busan/부산,KR-26,Dong-gu/동구,KR-26-2,Daesong-dong/대송동,KR-26-2-33
Busan/부산,KR-26,Dong-gu/동구,KR-26-2,Daeui-dong/대의동,KR-26-2-34
Busan/부산,KR-26,Dong-gu/동구,KR-26-2,Deokgok-dong/덕곡동,KR-26-2-35
Busan/부산,KR-26,Dong-gu/동구,KR-26-2,Do-dong/도동,KR-26-2-36
Busan/부산,KR-26,Dong-gu/동구,KR-26-2,Dohak-dong/도학동,KR-26-2-37
Busan/부산,KR-26,Dong-gu/동구,KR-26-2,Dongbu-dong/동부동,KR-26-2-38
Busan/부산,KR-26,Dong-gu/동구,KR-26-2,Dongbusanucheguksaseoham/동부산우체국사서함,KR-26-2-39
Busan/부산,KR-26,Dong-gu/동구,KR-26-2,Dongdaeguucheguksaseoham/동대구우체국사서함,KR-26-2-40
Busan/부산,KR-26,Dong-gu/동구,KR-26-2,Dongho-dong/동호동,KR-26-2-41
Busan/부산,KR-26,Dong-gu/동구,KR-26-2,Dongmyeong-dong/동명동,KR-26-2-42
Busan/부산,KR-26,Dong-gu/동구,KR-26-2,Dongnae-dong/동내동,KR-26-2-43
Busan/부산,KR-26,Dong-gu/동구,KR-26-2,Dongulsanucheguksaseoham/동울산우체국사서함,KR-26-2-44
Busan/부산,KR-26,Dong-gu/동구,KR-26-2,Dunsan-dong/둔산동,KR-26-2-45
Busan/부산,KR-26,Dong-gu/동구,KR-26-2,Gaksan-dong/각산동,KR-26-2-46
Busan/부산,KR-26,Dong-gu/동구,KR-26-2,Gao-dong/가오동,KR-26-2-47
Busan/부산,KR-26,Dong-gu/동구,KR-26-2,Gayang 1(il)-dong/가양1동,KR-26-2-48
Busan/부산,KR-26,Dong-gu/동구,KR-26-2,Gayang 2(i)-dong/가양2동,KR-26-2-49
Busan/부산,KR-26,Dong-gu/동구,KR-26-2,Gayang-dong/가양동,KR-26-2-50
Busan/부산,KR-26,Dong-gu/동구,KR-26-2,Geomsa-dong/검사동,KR-26-2-51
Busan/부산,KR-26,Dong-gu/동구,KR-26-2,Geum-dong/금동,KR-26-2-52
Busan/부산,KR-26,Dong-gu/동구,KR-26-2,Geumgang-dong/금강동,KR-26-2-53
Busan/부산,KR-26,Dong-gu/동구,KR-26-2,Geumgok-dong/금곡동,KR-26-2-54
Busan/부산,KR-26,Dong-gu/동구,KR-26-2,Geumnamro 1(il)-ga/금남로1가,KR-26-2-55
Busan/부산,KR-26,Dong-gu/동구,KR-26-2,Geumnamro 2(i)-ga/금남로2가,KR-26-2-56
Busan/부산,KR-26,Dong-gu/동구,KR-26-2,Geumnamro 3(sam)-ga/금남로3가,KR-26-2-57
Busan/부산,KR-26,Dong-gu/동구,KR-26-2,Geumnamro 4(sa)-ga/금남로4가,KR-26-2-58
Busan/부산,KR-26,Dong-gu/동구,KR-26-2,Geumnamro 5(o)-ga/금남로5가,KR-26-2-59
Busan/부산,KR-26,Dong-gu/동구,KR-26-2,Goejeon-dong/괴전동,KR-26-2-60
Busan/부산,KR-26,Dong-gu/동구,KR-26-2,Gudo-dong/구도동,KR-26-2-61
Busan/부산,KR-26,Dong-gu/동구,KR-26-2,Gung-dong/궁동,KR-26-2-62
Busan/부산,KR-26,Dong-gu/동구,KR-26-2,Gwangjuucheguksaseoham/광주우체국사서함,KR-26-2-63
Busan/부산,KR-26,Dong-gu/동구,KR-26-2,Gwangsan-dong/광산동,KR-26-2-64
Busan/부산,KR-26,Dong-gu/동구,KR-26-2,Gyerim 1(il)-dong/계림1동,KR-26-2-65
Busan/부산,KR-26,Dong-gu/동구,KR-26-2,Gyerim 2(i)-dong/계림2동,KR-26-2-66
Busan/부산,KR-26,Dong-gu/동구,KR-26-2,Gyerim-dong/계림동,KR-26-2-67
Busan/부산,KR-26,Dong-gu/동구,KR-26-2,Hak-dong/학동,KR-26-2-68
Busan/부산,KR-26,Dong-gu/동구,KR-26-2,Haso-dong/하소동,KR-26-2-69
Busan/부산,KR-26,Dong-gu/동구,KR-26-2,Honam-dong/호남동,KR-26-2-70
Busan/부산,KR-26,Dong-gu/동구,KR-26-2,Hongdo-dong/홍도동,KR-26-2-71
Busan/부산,KR-26,Dong-gu/동구,KR-26-2,Hwajeong-dong/화정동,KR-26-2-72
Busan/부산,KR-26,Dong-gu/동구,KR-26-2,Hwanggeum-dong/황금동,KR-26-2-73
Busan/부산,KR-26,Dong-gu/동구,KR-26-2,Hwapyeong-dong/화평동,KR-26-2-74
Busan/부산,KR-26,Dong-gu/동구,KR-26-2,Hwasu 1(il)-dong/화수1동,KR-26-2-75
Busan/부산,KR-26,Dong-gu/동구,KR-26-2,Hwasu 2(i)-dong/화수2동,KR-26-2-76
Busan/부산,KR-26,Dong-gu/동구,KR-26-2,Hwasu-dong/화수동,KR-26-2-77
Busan/부산,KR-26,Dong-gu/동구,KR-26-2,Hyo-dong/효동,KR-26-2-78
Busan/부산,KR-26,Dong-gu/동구,KR-26-2,Hyomog 1(il)-dong/효목1동,KR-26-2-79
Busan/부산,KR-26,Dong-gu/동구,KR-26-2,Hyomog 2(i)-dong/효목2동,KR-26-2-80
Busan/부산,KR-26,Dong-gu/동구,KR-26-2,Hyomok-dong/효목동,KR-26-2-81
Busan/부산,KR-26,Dong-gu/동구,KR-26-2,Hyopyeong-dong/효평동,KR-26-2-82
Busan/부산,KR-26,Dong-gu/동구,KR-26-2,Ilsan-dong/일산동,KR-26-2-83
Busan/부산,KR-26,Dong-gu/동구,KR-26-2,In-dong/인동,KR-26-2-84
Busan/부산,KR-26,Dong-gu/동구,KR-26-2,Ipseok-dong/입석동,KR-26-2-85
Busan/부산,KR-26,Dong-gu/동구,KR-26-2,Isa-dong/이사동,KR-26-2-86
Busan/부산,KR-26,Dong-gu/동구,KR-26-2,Jangcheok-dong/장척동,KR-26-2-87
Busan/부산,KR-26,Dong-gu/동구,KR-26-2,Jang-dong/장동,KR-26-2-88
Busan/부산,KR-26,Dong-gu/동구,KR-26-2,Jayang-dong/자양동,KR-26-2-89
Busan/부산,KR-26,Dong-gu/동구,KR-26-2,Jeong-dong/정동,KR-26-2-90
Busan/부산,KR-26,Dong-gu/동구,KR-26-2,Jeonha 1(il)-dong/전하1동,KR-26-2-91
Busan/부산,KR-26,Dong-gu/동구,KR-26-2,Jeonha 2(i)-dong/전하2동,KR-26-2-92
Busan/부산,KR-26,Dong-gu/동구,KR-26-2,Jeonha-dong/전하동,KR-26-2-93
Busan/부산,KR-26,Dong-gu/동구,KR-26-2,Jijeo-dong/지저동,KR-26-2-94
Busan/부산,KR-26,Dong-gu/동구,KR-26-2,Jik-dong/직동,KR-26-2-95
Busan/부산,KR-26,Dong-gu/동구,KR-26-2,Jimyo-dong/지묘동,KR-26-2-96
Busan/부산,KR-26,Dong-gu/동구,KR-26-2,Jinin-dong/진인동,KR-26-2-97
Busan/부산,KR-26,Dong-gu/동구,KR-26-2,Jisan 1(il)-dong/지산1동,KR-26-2-98
Busan/부산,KR-26,Dong-gu/동구,KR-26-2,Jisan 2(i)-dong/지산2동,KR-26-2-99
Busan/부산,KR-26,Dong-gu/동구,KR-26-2,Jisan-dong/지산동,KR-26-2-100
Busan/부산,KR-26,Dong-gu/동구,KR-26-2,Juchon-dong/주촌동,KR-26-2-101
Busan/부산,KR-26,Dong-gu/동구,KR-26-2,Jujeon-dong/주전동,KR-26-2-102
Busan/부산,KR-26,Dong-gu/동구,KR-26-2,Jungdae-dong/중대동,KR-26-2-103
Busan/부산,KR-26,Dong-gu/동구,KR-26-2,Jung-dong/중동,KR-26-2-104
Busan/부산,KR-26,Dong-gu/동구,KR-26-2,Jusan-dong/주산동,KR-26-2-105
Busan/부산,KR-26,Dong-gu/동구,KR-26-2,Jwacheon 1(il)-dong/좌천1동,KR-26-2-106
Busan/부산,KR-26,Dong-gu/동구,KR-26-2,Jwacheon 4(sa)-dong/좌천4동,KR-26-2-107
Busan/부산,KR-26,Dong-gu/동구,KR-26-2,Jwacheon-dong/좌천동,KR-26-2-108
Busan/부산,KR-26,Dong-gu/동구,KR-26-2,Maeyeo-dong/매여동,KR-26-2-109
Busan/부산,KR-26,Dong-gu/동구,KR-26-2,Manseok-dong/만석동,KR-26-2-110
Busan/부산,KR-26,Dong-gu/동구,KR-26-2,Masan-dong/마산동,KR-26-2-111
Busan/부산,KR-26,Dong-gu/동구,KR-26-2,Midae-dong/미대동,KR-26-2-112
Busan/부산,KR-26,Dong-gu/동구,KR-26-2,Migok-dong/미곡동,KR-26-2-113
Busan/부산,KR-26,Dong-gu/동구,KR-26-2,Nae-dong/내동,KR-26-2-114
Busan/부산,KR-26,Dong-gu/동구,KR-26-2,Naegok-dong/내곡동,KR-26-2-115
Busan/부산,KR-26,Dong-gu/동구,KR-26-2,Naenam-dong/내남동,KR-26-2-116
Busan/부산,KR-26,Dong-gu/동구,KR-26-2,Naetap-dong/내탑동,KR-26-2-117
Busan/부산,KR-26,Dong-gu/동구,KR-26-2,Nam-dong/남동,KR-26-2-118
Busan/부산,KR-26,Dong-gu/동구,KR-26-2,Nangwol-dong/낭월동,KR-26-2-119
Busan/부산,KR-26,Dong-gu/동구,KR-26-2,Neungseong-dong/능성동,KR-26-2-120
Busan/부산,KR-26,Dong-gu/동구,KR-26-2,O-dong/오동,KR-26-2-121
Busan/부산,KR-26,Dong-gu/동구,KR-26-2,Panam 1(il)-dong/판암1동,KR-26-2-122
Busan/부산,KR-26,Dong-gu/동구,KR-26-2,Panam 2(i)-dong/판암2동,KR-26-2-123
Busan/부산,KR-26,Dong-gu/동구,KR-26-2,Panam-dong/판암동,KR-26-2-124
Busan/부산,KR-26,Dong-gu/동구,KR-26-2,Pyeonggwang-dong/평광동,KR-26-2-125
Busan/부산,KR-26,Dong-gu/동구,KR-26-2,Sabok-dong/사복동,KR-26-2-126
Busan/부산,KR-26,Dong-gu/동구,KR-26-2,Samgoe-dong/삼괴동,KR-26-2-127
Busan/부산,KR-26,Dong-gu/동구,KR-26-2,Samjeong-dong/삼정동,KR-26-2-128
Busan/부산,KR-26,Dong-gu/동구,KR-26-2,Samseong-dong/삼성동,KR-26-2-129
Busan/부산,KR-26,Dong-gu/동구,KR-26-2,Sangmae-dong/상매동,KR-26-2-130
Busan/부산,KR-26,Dong-gu/동구,KR-26-2,Sangso-dong/상소동,KR-26-2-131
Busan/부산,KR-26,Dong-gu/동구,KR-26-2,Sansu 1(il)-dong/산수1동,KR-26-2-132
Busan/부산,KR-26,Dong-gu/동구,KR-26-2,Sansu 2(i)-dong/산수2동,KR-26-2-133
Busan/부산,KR-26,Dong-gu/동구,KR-26-2,Sansu-dong/산수동,KR-26-2-134
Busan/부산,KR-26,Dong-gu/동구,KR-26-2,Saseong-dong/사성동,KR-26-2-135
Busan/부산,KR-26,Dong-gu/동구,KR-26-2,Secheon-dong/세천동,KR-26-2-136
Busan/부산,KR-26,Dong-gu/동구,KR-26-2,Seobu-dong/서부동,KR-26-2-137
Busan/부산,KR-26,Dong-gu/동구,KR-26-2,Seoho-dong/서호동,KR-26-2-138
Busan/부산,KR-26,Dong-gu/동구,KR-26-2,Seongnam-dong/성남동,KR-26-2-139
Busan/부산,KR-26,Dong-gu/동구,KR-26-2,Seongyo-dong/선교동,KR-26-2-140
Busan/부산,KR-26,Dong-gu/동구,KR-26-2,Seoseok-dong/서석동,KR-26-2-141
Busan/부산,KR-26,Dong-gu/동구,KR-26-2,Sinam 1(il)-dong/신암1동,KR-26-2-142
Busan/부산,KR-26,Dong-gu/동구,KR-26-2,Sinam 2(i)-dong/신암2동,KR-26-2-143
Busan/부산,KR-26,Dong-gu/동구,KR-26-2,Sinam 3(sam)-dong/신암3동,KR-26-2-144
Busan/부산,KR-26,Dong-gu/동구,KR-26-2,Sinam 4(sa)-dong/신암4동,KR-26-2-145
Busan/부산,KR-26,Dong-gu/동구,KR-26-2,Sinam 5(o)-dong/신암5동,KR-26-2-146
Busan/부산,KR-26,Dong-gu/동구,KR-26-2,Sinam-dong/신암동,KR-26-2-147
Busan/부산,KR-26,Dong-gu/동구,KR-26-2,Sinan-dong/신안동,KR-26-2-148
Busan/부산,KR-26,Dong-gu/동구,KR-26-2,Sincheon 2(i)-dong/신천1.2동,KR-26-2-149
Busan/부산,KR-26,Dong-gu/동구,KR-26-2,Sincheon 3(sam)-dong/신천3동,KR-26-2-150
Busan/부산,KR-26,Dong-gu/동구,KR-26-2,Sincheon 4(sa)-dong/신천4동,KR-26-2-151
Busan/부산,KR-26,Dong-gu/동구,KR-26-2,Sincheon-dong/신천동,KR-26-2-152
Busan/부산,KR-26,Dong-gu/동구,KR-26-2,Sinchon-dong/신촌동,KR-26-2-153
Busan/부산,KR-26,Dong-gu/동구,KR-26-2,Singi-dong/신기동,KR-26-2-154
Busan/부산,KR-26,Dong-gu/동구,KR-26-2,Sinha-dong/신하동,KR-26-2-155
Busan/부산,KR-26,Dong-gu/동구,KR-26-2,Sinheung-dong/신흥동,KR-26-2-156
Busan/부산,KR-26,Dong-gu/동구,KR-26-2,Sinmu-dong/신무동,KR-26-2-157
Busan/부산,KR-26,Dong-gu/동구,KR-26-2,Sinpyeong-dong/신평동,KR-26-2-158
Busan/부산,KR-26,Dong-gu/동구,KR-26-2,Sinsang-dong/신상동,KR-26-2-159
Busan/부산,KR-26,Dong-gu/동구,KR-26-2,Sinseo-dong/신서동,KR-26-2-160
Busan/부산,KR-26,Dong-gu/동구,KR-26-2,Sinyong-dong/신용동,KR-26-2-161
Busan/부산,KR-26,Dong-gu/동구,KR-26-2,Soho-dong/소호동,KR-26-2-162
Busan/부산,KR-26,Dong-gu/동구,KR-26-2,Soje-dong/소제동,KR-26-2-163
Busan/부산,KR-26,Dong-gu/동구,KR-26-2,Songhyeon 1(il)-dong/송현1동,KR-26-2-164
Busan/부산,KR-26,Dong-gu/동구,KR-26-2,Songhyeon 2(i)-dong/송현2동,KR-26-2-165
Busan/부산,KR-26,Dong-gu/동구,KR-26-2,Songhyeon 3(sam)-dong/송현3동,KR-26-2-166
Busan/부산,KR-26,Dong-gu/동구,KR-26-2,Songhyeon-dong/송현동,KR-26-2-167
Busan/부산,KR-26,Dong-gu/동구,KR-26-2,Songjeong-dong/송정동,KR-26-2-168
Busan/부산,KR-26,Dong-gu/동구,KR-26-2,Songrim 1(il)-dong/송림1동,KR-26-2-169
Busan/부산,KR-26,Dong-gu/동구,KR-26-2,Songrim 2(i)-dong/송림2동,KR-26-2-170
Busan/부산,KR-26,Dong-gu/동구,KR-26-2,Songrim 3(sam)-dong/송림3동,KR-26-2-171
Busan/부산,KR-26,Dong-gu/동구,KR-26-2,Songrim 4(sa)-dong/송림4동,KR-26-2-172
Busan/부산,KR-26,Dong-gu/동구,KR-26-2,Songrim 5(o)-dong/송림5동,KR-26-2-173
Busan/부산,KR-26,Dong-gu/동구,KR-26-2,Songrim 6(yuk)-dong/송림6동,KR-26-2-174
Busan/부산,KR-26,Dong-gu/동구,KR-26-2,Songrim-dong/송림동,KR-26-2-175
Busan/부산,KR-26,Dong-gu/동구,KR-26-2,Sotae-dong/소태동,KR-26-2-176
Busan/부산,KR-26,Dong-gu/동구,KR-26-2,Sugi-dong/수기동,KR-26-2-177
Busan/부산,KR-26,Dong-gu/동구,KR-26-2,Sujeong 1(il)-dong/수정1동,KR-26-2-178
Busan/부산,KR-26,Dong-gu/동구,KR-26-2,Sujeong 2(i)-dong/수정2동,KR-26-2-179
Busan/부산,KR-26,Dong-gu/동구,KR-26-2,Sujeong 4(sa)-dong/수정4동,KR-26-2-180
Busan/부산,KR-26,Dong-gu/동구,KR-26-2,Sujeong 5(o)-dong/수정5동,KR-26-2-181
Busan/부산,KR-26,Dong-gu/동구,KR-26-2,Sujeong-dong/수정동,KR-26-2-182
Busan/부산,KR-26,Dong-gu/동구,KR-26-2,Sukcheon-dong/숙천동,KR-26-2-183
Busan/부산,KR-26,Dong-gu/동구,KR-26-2,Unrim-dong/운림동,KR-26-2-184
Busan/부산,KR-26,Dong-gu/동구,KR-26-2,Wolnam-dong/월남동,KR-26-2-185
Busan/부산,KR-26,Dong-gu/동구,KR-26-2,Won-dong/원동,KR-26-2-186
Busan/부산,KR-26,Dong-gu/동구,KR-26-2,Yonggye-dong/용계동,KR-26-2-187
Busan/부산,KR-26,Dong-gu/동구,KR-26-2,Yonggye-dong/용계동,KR-26-2-187
Busan/부산,KR-26,Dong-gu/동구,KR-26-2,Yongjeon-dong/용전동,KR-26-2-188
Busan/부산,KR-26,Dong-gu/동구,KR-26-2,Yongsan-dong/용산동,KR-26-2-189
Busan/부산,KR-26,Dong-gu/동구,KR-26-2,Yongsu-dong/용수동,KR-26-2-190
Busan/부산,KR-26,Dong-gu/동구,KR-26-2,Yongun-dong/용운동,KR-26-2-191
Busan/부산,KR-26,Dong-gu/동구,KR-26-2,Yongyeon-dong/용연동,KR-26-2-192
Busan/부산,KR-26,Dong-gu/동구,KR-26-2,Yulha-dong/율하동,KR-26-2-193
Busan/부산,KR-26,Dong-gu/동구,KR-26-2,Yuram-dong/율암동,KR-26-2-194
Busan/부산,KR-26,Dongrae-gu/동래구,KR-26-3,Anrag 1(il)-dong/안락1동,KR-26-3-0
Busan/부산,KR-26,Dongrae-gu/동래구,KR-26-3,Anrag 2(i)-dong/안락2동,KR-26-3-1
Busan/부산,KR-26,Dongrae-gu/동래구,KR-26-3,Anrak-dong/안락동,KR-26-3-2
Busan/부산,KR-26,Dongrae-gu/동래구,KR-26-3,Bokcheon-dong/복천동,KR-26-3-3
Busan/부산,KR-26,Dongrae-gu/동래구,KR-26-3,Chilsan-dong/칠산동,KR-26-3-4
Busan/부산,KR-26,Dongrae-gu/동래구,KR-26-3,Dongraeucheguksaseoham/동래우체국사서함,KR-26-3-5
Busan/부산,KR-26,Dongrae-gu/동래구,KR-26-3,Myeongjang 1(il)-dong/명장1동,KR-26-3-6
Busan/부산,KR-26,Dongrae-gu/동래구,KR-26-3,Myeongjang 2(i)-dong/명장2동,KR-26-3-7
Busan/부산,KR-26,Dongrae-gu/동래구,KR-26-3,Myeongjang-dong/명장동,KR-26-3-8
Busan/부산,KR-26,Dongrae-gu/동래구,KR-26-3,Myeongryun 1(il)-dong/명륜1동,KR-26-3-9
Busan/부산,KR-26,Dongrae-gu/동래구,KR-26-3,Myeongryun 2(i)-dong/명륜2동,KR-26-3-10
Busan/부산,KR-26,Dongrae-gu/동래구,KR-26-3,Myeongryun-dong/명륜동,KR-26-3-11
Busan/부산,KR-26,Dongrae-gu/동래구,KR-26-3,Nakmin-dong/낙민동,KR-26-3-12
Busan/부산,KR-26,Dongrae-gu/동래구,KR-26-3,Oncheon 1(il)-dong/온천1동,KR-26-3-13
Busan/부산,KR-26,Dongrae-gu/동래구,KR-26-3,Oncheon 2(i)-dong/온천2동,KR-26-3-14
Busan/부산,KR-26,Dongrae-gu/동래구,KR-26-3,Oncheon 3(sam)-dong/온천3동,KR-26-3-15
Busan/부산,KR-26,Dongrae-gu/동래구,KR-26-3,Oncheon-dong/온천동,KR-26-3-16
Busan/부산,KR-26,Dongrae-gu/동래구,KR-26-3,Sajig 1(il)-dong/사직1동,KR-26-3-17
Busan/부산,KR-26,Dongrae-gu/동래구,KR-26-3,Sajig 2(i)-dong/사직2동,KR-26-3-18
Busan/부산,KR-26,Dongrae-gu/동래구,KR-26-3,Sajig 3(sam)-dong/사직3동,KR-26-3-19
Busan/부산,KR-26,Dongrae-gu/동래구,KR-26-3,Sajik-dong/사직동,KR-26-3-20
Busan/부산,KR-26,Dongrae-gu/동래구,KR-26-3,Suan-dong/수안동,KR-26-3-21
Busan/부산,KR-26,Gangseo-gu/강서구,KR-26-4,Banghwa 1(il)-dong/방화1동,KR-26-4-0
Busan/부산,KR-26,Gangseo-gu/강서구,KR-26-4,Banghwa 2(i)-dong/방화2동,KR-26-4-1
Busan/부산,KR-26,Gangseo-gu/강서구,KR-26-4,Banghwa 3(sam)-dong/방화3동,KR-26-4-2
Busan/부산,KR-26,Gangseo-gu/강서구,KR-26-4,Banghwa-dong/방화동,KR-26-4-3
Busan/부산,KR-26,Gangseo-gu/강서구,KR-26-4,Beombang-dong/범방동,KR-26-4-4
Busan/부산,KR-26,Gangseo-gu/강서구,KR-26-4,Bongrim-dong/봉림동,KR-26-4-5
Busan/부산,KR-26,Gangseo-gu/강서구,KR-26-4,Busangangseoucheguksaseoham/부산강서우체국사서함,KR-26-4-6
Busan/부산,KR-26,Gangseo-gu/강서구,KR-26-4,Cheonseong-dong/천성동,KR-26-4-7
Busan/부산,KR-26,Gangseo-gu/강서구,KR-26-4,Daehang-dong/대항동,KR-26-4-8
Busan/부산,KR-26,Gangseo-gu/강서구,KR-26-4,Daejeo 1(il)-dong/대저1동,KR-26-4-9
Busan/부산,KR-26,Gangseo-gu/강서구,KR-26-4,Daejeo 2(i)-dong/대저2동,KR-26-4-10
Busan/부산,KR-26,Gangseo-gu/강서구,KR-26-4,Deungchon 1(il)-dong/등촌1동,KR-26-4-11
Busan/부산,KR-26,Gangseo-gu/강서구,KR-26-4,Deungchon 2(i)-dong/등촌2동,KR-26-4-12
Busan/부산,KR-26,Gangseo-gu/강서구,KR-26-4,Deungchon 3(sam)-dong/등촌3동,KR-26-4-13
Busan/부산,KR-26,Gangseo-gu/강서구,KR-26-4,Deungchon-dong/등촌동,KR-26-4-14
Busan/부산,KR-26,Gangseo-gu/강서구,KR-26-4,Dongseon-dong/동선동,KR-26-4-15
Busan/부산,KR-26,Gangseo-gu/강서구,KR-26-4,Gaehwa-dong/개화동,KR-26-4-16
Busan/부산,KR-26,Gangseo-gu/강서구,KR-26-4,Gangdong-dong/강동동,KR-26-4-17
Busan/부산,KR-26,Gangseo-gu/강서구,KR-26-4,Gayang 1(il)-dong/가양1동,KR-26-4-18
Busan/부산,KR-26,Gangseo-gu/강서구,KR-26-4,Gayang 2(i)-dong/가양2동,KR-26-4-19
Busan/부산,KR-26,Gangseo-gu/강서구,KR-26-4,Gayang 3(sam)-dong/가양3동,KR-26-4-20
Busan/부산,KR-26,Gangseo-gu/강서구,KR-26-4,Gayang-dong/가양동,KR-26-4-21
Busan/부산,KR-26,Gangseo-gu/강서구,KR-26-4,Gonghang-dong/공항동,KR-26-4-22
Busan/부산,KR-26,Gangseo-gu/강서구,KR-26-4,Gurang-dong/구랑동,KR-26-4-23
Busan/부산,KR-26,Gangseo-gu/강서구,KR-26-4,Gwahae-dong/과해동,KR-26-4-24
Busan/부산,KR-26,Gangseo-gu/강서구,KR-26-4,Hwagog 1(il)-dong/화곡1동,KR-26-4-25
Busan/부산,KR-26,Gangseo-gu/강서구,KR-26-4,Hwagog 2(i)-dong/화곡2동,KR-26-4-26
Busan/부산,KR-26,Gangseo-gu/강서구,KR-26-4,Hwagog 3(sam)-dong/화곡3동,KR-26-4-27
Busan/부산,KR-26,Gangseo-gu/강서구,KR-26-4,Hwagog 4(sa)-dong/화곡4동,KR-26-4-28
Busan/부산,KR-26,Gangseo-gu/강서구,KR-26-4,Hwagog 6(yuk)-dong/화곡6동,KR-26-4-29
Busan/부산,KR-26,Gangseo-gu/강서구,KR-26-4,Hwagog 8(pal)-dong/화곡8동,KR-26-4-30
Busan/부산,KR-26,Gangseo-gu/강서구,KR-26-4,Hwagokbon-dong/화곡본동,KR-26-4-31
Busan/부산,KR-26,Gangseo-gu/강서구,KR-26-4,Hwagok-dong/화곡동,KR-26-4-32
Busan/부산,KR-26,Gangseo-gu/강서구,KR-26-4,Hwajeon-dong/화전동,KR-26-4-33
Busan/부산,KR-26,Gangseo-gu/강서구,KR-26-4,Jisa-dong/지사동,KR-26-4-34
Busan/부산,KR-26,Gangseo-gu/강서구,KR-26-4,Jukdong-dong/죽동동,KR-26-4-35
Busan/부산,KR-26,Gangseo-gu/강서구,KR-26-4,Jukrim-dong/죽림동,KR-26-4-36
Busan/부산,KR-26,Gangseo-gu/강서구,KR-26-4,Magok-dong/마곡동,KR-26-4-37
Busan/부산,KR-26,Gangseo-gu/강서구,KR-26-4,Mieum-dong/미음동,KR-26-4-38
Busan/부산,KR-26,Gangseo-gu/강서구,KR-26-4,Myeongji-dong/명지동,KR-26-4-39
Busan/부산,KR-26,Gangseo-gu/강서구,KR-26-4,Naebalsan 1(il)-dong/내발산1동,KR-26-4-40
Busan/부산,KR-26,Gangseo-gu/강서구,KR-26-4,Naebalsan-dong/내발산동,KR-26-4-41
Busan/부산,KR-26,Gangseo-gu/강서구,KR-26-4,Noksan-dong/녹산동,KR-26-4-42
Busan/부산,KR-26,Gangseo-gu/강서구,KR-26-4,Nulcha-dong/눌차동,KR-26-4-43
Busan/부산,KR-26,Gangseo-gu/강서구,KR-26-4,Oebalsan-dong/외발산동,KR-26-4-44
Busan/부산,KR-26,Gangseo-gu/강서구,KR-26-4,Ogok-dong/오곡동,KR-26-4-45
Busan/부산,KR-26,Gangseo-gu/강서구,KR-26-4,Osoe-dong/오쇠동,KR-26-4-46
Busan/부산,KR-26,Gangseo-gu/강서구,KR-26-4,Saenggok-dong/생곡동,KR-26-4-47
Busan/부산,KR-26,Gangseo-gu/강서구,KR-26-4,Seongbuk-dong/성북동,KR-26-4-48
Busan/부산,KR-26,Gangseo-gu/강서구,KR-26-4,Seoulgangseoucheguksaseoham/서울강서우체국사서함,KR-26-4-49
Busan/부산,KR-26,Gangseo-gu/강서구,KR-26-4,Seoulhwagogucheguksaseoham/서울화곡우체국사서함,KR-26-4-50
Busan/부산,KR-26,Gangseo-gu/강서구,KR-26-4,Sikman-dong/식만동,KR-26-4-51
Busan/부산,KR-26,Gangseo-gu/강서구,KR-26-4,Sinho-dong/신호동,KR-26-4-52
Busan/부산,KR-26,Gangseo-gu/강서구,KR-26-4,Songjeong-dong/송정동,KR-26-4-53
Busan/부산,KR-26,Gangseo-gu/강서구,KR-26-4,Ujangsan-dong/우장산동,KR-26-4-54
Busan/부산,KR-26,Gangseo-gu/강서구,KR-26-4,Yeomchang-dong/염창동,KR-26-4-55
Busan/부산,KR-26,Geumjeong-gu/금정구,KR-26-5,Bugog 1(il)-dong/부곡1동,KR-26-5-0
Busan/부산,KR-26,Geumjeong-gu/금정구,KR-26-5,Bugog 2(i)-dong/부곡2동,KR-26-5-1
Busan/부산,KR-26,Geumjeong-gu/금정구,KR-26-5,Bugog 3(sam)-dong/부곡3동,KR-26-5-2
Busan/부산,KR-26,Geumjeong-gu/금정구,KR-26-5,Bugog 4(sa)-dong/부곡4동,KR-26-5-3
Busan/부산,KR-26,Geumjeong-gu/금정구,KR-26-5,Bugok-dong/부곡동,KR-26-5-4
Busan/부산,KR-26,Geumjeong-gu/금정구,KR-26-5,Busangeumjeongucheguksaseoham/부산금정우체국사서함,KR-26-5-5
Busan/부산,KR-26,Geumjeong-gu/금정구,KR-26-5,Cheongryong-dong/청룡동,KR-26-5-6
Busan/부산,KR-26,Geumjeong-gu/금정구,KR-26-5,Dugu-dong/두구동,KR-26-5-7
Busan/부산,KR-26,Geumjeong-gu/금정구,KR-26-5,Geumsa-dong/금사동,KR-26-5-8
Busan/부산,KR-26,Geumjeong-gu/금정구,KR-26-5,Geumseong-dong/금성동,KR-26-5-9
Busan/부산,KR-26,Geumjeong-gu/금정구,KR-26-5,Guseo 1(il)-dong/구서1동,KR-26-5-10
Busan/부산,KR-26,Geumjeong-gu/금정구,KR-26-5,Guseo 2(i)-dong/구서2동,KR-26-5-11
Busan/부산,KR-26,Geumjeong-gu/금정구,KR-26-5,Guseo-dong/구서동,KR-26-5-12
Busan/부산,KR-26,Geumjeong-gu/금정구,KR-26-5,Hoedong-dong/회동동,KR-26-5-13
Busan/부산,KR-26,Geumjeong-gu/금정구,KR-26-5,Jangjeon 1(il)-dong/장전1동,KR-26-5-14
Busan/부산,KR-26,Geumjeong-gu/금정구,KR-26-5,Jangjeon 2(i)-dong/장전2동,KR-26-5-15
Busan/부산,KR-26,Geumjeong-gu/금정구,KR-26-5,Jangjeon 3(sam)-dong/장전3동,KR-26-5-16
Busan/부산,KR-26,Geumjeong-gu/금정구,KR-26-5,Jangjeon-dong/장전동,KR-26-5-17
Busan/부산,KR-26,Geumjeong-gu/금정구,KR-26-5,Namsan-dong/남산동,KR-26-5-18
Busan/부산,KR-26,Geumjeong-gu/금정구,KR-26-5,Nopo-dong/노포동,KR-26-5-19
Busan/부산,KR-26,Geumjeong-gu/금정구,KR-26-5,Oryun-dong/오륜동,KR-26-5-20
Busan/부산,KR-26,Geumjeong-gu/금정구,KR-26-5,Seo 1(il)-dong/서1동,KR-26-5-21
Busan/부산,KR-26,Geumjeong-gu/금정구,KR-26-5,Seo 2(i)-dong/서2동,KR-26-5-22
Busan/부산,KR-26,Geumjeong-gu/금정구,KR-26-5,Seo 3(sam)-dong/서3동,KR-26-5-23
Busan/부산,KR-26,Geumjeong-gu/금정구,KR-26-5,Seo-dong/서동,KR-26-5-24
Busan/부산,KR-26,Geumjeong-gu/금정구,KR-26-5,Seon-dong/선동,KR-26-5-25
Busan/부산,KR-26,Gijang-gun/기장군,KR-26-6,Cheolma-myeon/철마면,KR-26-6-0
Busan/부산,KR-26,Gijang-gun/기장군,KR-26-6,Gijang-eup/기장읍,KR-26-6-1
Busan/부산,KR-26,Gijang-gun/기장군,KR-26-6,Ilgwang-myeon/일광면,KR-26-6-2
Busan/부산,KR-26,Gijang-gun/기장군,KR-26-6,Jangan-eup/장안읍,KR-26-6-3
Busan/부산,KR-26,Gijang-gun/기장군,KR-26-6,Jeonggwan-myeon/정관면,KR-26-6-4
Busan/부산,KR-26,Haeundae-gu/해운대구,KR-26-7,Bansong 1(il)-dong/반송1동,KR-26-7-0
Busan/부산,KR-26,Haeundae-gu/해운대구,KR-26-7,Bansong 2(i)-dong/반송2동,KR-26-7-1
Busan/부산,KR-26,Haeundae-gu/해운대구,KR-26-7,Bansong 3(sam)-dong/반송3동,KR-26-7-2
Busan/부산,KR-26,Haeundae-gu/해운대구,KR-26-7,Bansong-dong/반송동,KR-26-7-3
Busan/부산,KR-26,Haeundae-gu/해운대구,KR-26-7,Banyeo 1(il)-dong/반여1동,KR-26-7-4
Busan/부산,KR-26,Haeundae-gu/해운대구,KR-26-7,Banyeo 2(i)-dong/반여2동,KR-26-7-5
Busan/부산,KR-26,Haeundae-gu/해운대구,KR-26-7,Banyeo 3(sam)-dong/반여3동,KR-26-7-6
Busan/부산,KR-26,Haeundae-gu/해운대구,KR-26-7,Banyeo 4(sa)-dong/반여4동,KR-26-7-7
Busan/부산,KR-26,Haeundae-gu/해운대구,KR-26-7,Banyeo-dong/반여동,KR-26-7-8
Busan/부산,KR-26,Haeundae-gu/해운대구,KR-26-7,Haeundaeucheguksaseoham/해운대우체국사서함,KR-26-7-9
Busan/부산,KR-26,Haeundae-gu/해운대구,KR-26-7,Jaesong 1(il)-dong/재송1동,KR-26-7-10
Busan/부산,KR-26,Haeundae-gu/해운대구,KR-26-7,Jaesong 2(i)-dong/재송2동,KR-26-7-11
Busan/부산,KR-26,Haeundae-gu/해운대구,KR-26-7,Jaesong-dong/재송동,KR-26-7-12
Busan/부산,KR-26,Haeundae-gu/해운대구,KR-26-7,Jung 1(il)-dong/중1동,KR-26-7-13
Busan/부산,KR-26,Haeundae-gu/해운대구,KR-26-7,Jung 2(i)-dong/중2동,KR-26-7-14
Busan/부산,KR-26,Haeundae-gu/해운대구,KR-26-7,Jung-dong/중동,KR-26-7-15
Busan/부산,KR-26,Haeundae-gu/해운대구,KR-26-7,Jwa 1(il)-dong/좌1동,KR-26-7-16
Busan/부산,KR-26,Haeundae-gu/해운대구,KR-26-7,Jwa 2(i)-dong/좌2동,KR-26-7-17
Busan/부산,KR-26,Haeundae-gu/해운대구,KR-26-7,Jwa 3(sam)-dong/좌3동,KR-26-7-18
Busan/부산,KR-26,Haeundae-gu/해운대구,KR-26-7,Jwa 4(sa)-dong/좌4동,KR-26-7-19
Busan/부산,KR-26,Haeundae-gu/해운대구,KR-26-7,Jwa-dong/좌동,KR-26-7-20
Busan/부산,KR-26,Haeundae-gu/해운대구,KR-26-7,Seokdae-dong/석대동,KR-26-7-21
Busan/부산,KR-26,Haeundae-gu/해운대구,KR-26-7,Songjeong-dong/송정동,KR-26-7-22
Busan/부산,KR-26,Haeundae-gu/해운대구,KR-26-7,U 1(il)-dong/우1동,KR-26-7-23
Busan/부산,KR-26,Haeundae-gu/해운대구,KR-26-7,U 2(i)-dong/우2동,KR-26-7-24
Busan/부산,KR-26,Haeundae-gu/해운대구,KR-26-7,U-dong/우동,KR-26-7-25
Busan/부산,KR-26,Jung-gu/중구,KR-26-8,Anyeong-dong/안영동,KR-26-8-0
Busan/부산,KR-26,Jung-gu/중구,KR-26-8,Bangsan-dong/방산동,KR-26-8-1
Busan/부산,KR-26,Jung-gu/중구,KR-26-8,Bangu 1(il)-dong/반구1동,KR-26-8-2
Busan/부산,KR-26,Jung-gu/중구,KR-26-8,Bangu 2(i)-dong/반구2동,KR-26-8-3
Busan/부산,KR-26,Jung-gu/중구,KR-26-8,Bangu-dong/반구동,KR-26-8-4
Busan/부산,KR-26,Jung-gu/중구,KR-26-8,Boksan 1(il)-dong/복산1동,KR-26-8-5
Busan/부산,KR-26,Jung-gu/중구,KR-26-8,Boksan 2(i)-dong/복산2동,KR-26-8-6
Busan/부산,KR-26,Jung-gu/중구,KR-26-8,Boksan-dong/복산동,KR-26-8-7
Busan/부산,KR-26,Jung-gu/중구,KR-26-8,Bongraedong 1(il)-ga/봉래동1가,KR-26-8-8
Busan/부산,KR-26,Jung-gu/중구,KR-26-8,Bongraedong 2(i)-ga/봉래동2가,KR-26-8-9
Busan/부산,KR-26,Jung-gu/중구,KR-26-8,Bongsan-dong/봉산동,KR-26-8-10
Busan/부산,KR-26,Jung-gu/중구,KR-26-8,Bosudong 1(il)-ga/보수동1가,KR-26-8-11
Busan/부산,KR-26,Jung-gu/중구,KR-26-8,Bosudong 2(i)-ga/보수동2가,KR-26-8-12
Busan/부산,KR-26,Jung-gu/중구,KR-26-8,Bosudong 3(sam)-ga/보수동3가,KR-26-8-13
Busan/부산,KR-26,Jung-gu/중구,KR-26-8,Bosu-dong/보수동,KR-26-8-14
Busan/부산,KR-26,Jung-gu/중구,KR-26-8,Bukchang-dong/북창동,KR-26-8-15
Busan/부산,KR-26,Jung-gu/중구,KR-26-8,Bukjeong-dong/북정동,KR-26-8-16
Busan/부산,KR-26,Jung-gu/중구,KR-26-8,Buknae-dong/북내동,KR-26-8-17
Busan/부산,KR-26,Jung-gu/중구,KR-26-8,Bukseongdong 1(il)-ga/북성동1가,KR-26-8-18
Busan/부산,KR-26,Jung-gu/중구,KR-26-8,Bukseongdong 2(i)-ga/북성동2가,KR-26-8-19
Busan/부산,KR-26,Jung-gu/중구,KR-26-8,Bukseongdong 3(sam)-ga/북성동3가,KR-26-8-20
Busan/부산,KR-26,Jung-gu/중구,KR-26-8,Bukseongro 1(il)-ga/북성로1가,KR-26-8-21
Busan/부산,KR-26,Jung-gu/중구,KR-26-8,Bukseongro 2(i)-ga/북성로2가,KR-26-8-22
Busan/부산,KR-26,Jung-gu/중구,KR-26-8,Bupyeongdong 1(il)-ga/부평동1가,KR-26-8-23
Busan/부산,KR-26,Jung-gu/중구,KR-26-8,Bupyeongdong 2(i)-ga/부평동2가,KR-26-8-24
Busan/부산,KR-26,Jung-gu/중구,KR-26-8,Bupyeongdong 3(sam)-ga/부평동3가,KR-26-8-25
Busan/부산,KR-26,Jung-gu/중구,KR-26-8,Bupyeongdong 4(sa)-ga/부평동4가,KR-26-8-26
Busan/부산,KR-26,Jung-gu/중구,KR-26-8,Bupyeong-dong/부평동,KR-26-8-27
Busan/부산,KR-26,Jung-gu/중구,KR-26-8,Busa-dong/부사동,KR-26-8-28
Busan/부산,KR-26,Jung-gu/중구,KR-26-8,Busanucheguksaseoham/부산우체국사서함,KR-26-8-29
Busan/부산,KR-26,Jung-gu/중구,KR-26-8,Changseondong 1(il)-ga/창선동1가,KR-26-8-30
Busan/부산,KR-26,Jung-gu/중구,KR-26-8,Changseondong 2(i)-ga/창선동2가,KR-26-8-31
Busan/부산,KR-26,Jung-gu/중구,KR-26-8,Changseon-dong/창선동,KR-26-8-32
Busan/부산,KR-26,Jung-gu/중구,KR-26-8,Chimsan-dong/침산동,KR-26-8-33
Busan/부산,KR-26,Jung-gu/중구,KR-26-8,Cho-dong/초동,KR-26-8-34
Busan/부산,KR-26,Jung-gu/중구,KR-26-8,Chungjeongro 1(il)-ga/충정로1가,KR-26-8-35
Busan/부산,KR-26,Jung-gu/중구,KR-26-8,Chungmuro 1(il)-ga/충무로1가,KR-26-8-36
Busan/부산,KR-26,Jung-gu/중구,KR-26-8,Chungmuro 2(i)-ga/충무로2가,KR-26-8-37
Busan/부산,KR-26,Jung-gu/중구,KR-26-8,Chungmuro 3(sam)-ga/충무로3가,KR-26-8-38
Busan/부산,KR-26,Jung-gu/중구,KR-26-8,Chungmuro 4(sa)-ga/충무로4가,KR-26-8-39
Busan/부산,KR-26,Jung-gu/중구,KR-26-8,Chungmuro 5(o)-ga/충무로5가,KR-26-8-40
Busan/부산,KR-26,Jung-gu/중구,KR-26-8,Da-dong/다동,KR-26-8-41
Busan/부산,KR-26,Jung-gu/중구,KR-26-8,Daean-dong/대안동,KR-26-8-42
Busan/부산,KR-26,Jung-gu/중구,KR-26-8,Daebong 1(il)-dong/대봉1동,KR-26-8-43
Busan/부산,KR-26,Jung-gu/중구,KR-26-8,Daebong 2(i)-dong/대봉2동,KR-26-8-44
Busan/부산,KR-26,Jung-gu/중구,KR-26-8,Daebong-dong/대봉동,KR-26-8-45
Busan/부산,KR-26,Jung-gu/중구,KR-26-8,Daechangdong 1(il)-ga/대창동1가,KR-26-8-46
Busan/부산,KR-26,Jung-gu/중구,KR-26-8,Daechangdong 2(i)-ga/대창동2가,KR-26-8-47
Busan/부산,KR-26,Jung-gu/중구,KR-26-8,Daechang-dong/대창동,KR-26-8-48
Busan/부산,KR-26,Jung-gu/중구,KR-26-8,Daecheongdong 1(il)-ga/대청동1가,KR-26-8-49
Busan/부산,KR-26,Jung-gu/중구,KR-26-8,Daecheongdong 2(i)-ga/대청동2가,KR-26-8-50
Busan/부산,KR-26,Jung-gu/중구,KR-26-8,Daecheongdong 3(sam)-ga/대청동3가,KR-26-8-51
Busan/부산,KR-26,Jung-gu/중구,KR-26-8,Daecheongdong 4(sa)-ga/대청동4가,KR-26-8-52
Busan/부산,KR-26,Jung-gu/중구,KR-26-8,Daecheong-dong/대청동,KR-26-8-53
Busan/부산,KR-26,Jung-gu/중구,KR-26-8,Daeguucheguksaseoham/대구우체국사서함,KR-26-8-54
Busan/부산,KR-26,Jung-gu/중구,KR-26-8,Daeheung-dong/대흥동,KR-26-8-55
Busan/부산,KR-26,Jung-gu/중구,KR-26-8,Daesa-dong/대사동,KR-26-8-56
Busan/부산,KR-26,Jung-gu/중구,KR-26-8,Daesin-dong/대신동,KR-26-8-57
Busan/부산,KR-26,Jung-gu/중구,KR-26-8,Dalseong-dong/달성동,KR-26-8-58
Busan/부산,KR-26,Jung-gu/중구,KR-26-8,Dap-dong/답동,KR-26-8-59
Busan/부산,KR-26,Jung-gu/중구,KR-26-8,Daun-dong/다운동,KR-26-8-60
Busan/부산,KR-26,Jung-gu/중구,KR-26-8,Deokgyo-dong/덕교동,KR-26-8-61
Busan/부산,KR-26,Jung-gu/중구,KR-26-8,Deoksan-dong/덕산동,KR-26-8-62
Busan/부산,KR-26,Jung-gu/중구,KR-26-8,Dong-dong/동동,KR-26-8-63
Busan/부산,KR-26,Jung-gu/중구,KR-26-8,Donggwangdong 1(il)-ga/동광동1가,KR-26-8-64
Busan/부산,KR-26,Jung-gu/중구,KR-26-8,Donggwangdong 2(i)-ga/동광동2가,KR-26-8-65
Busan/부산,KR-26,Jung-gu/중구,KR-26-8,Donggwangdong 3(sam)-ga/동광동3가,KR-26-8-66
Busan/부산,KR-26,Jung-gu/중구,KR-26-8,Donggwangdong 4(sa)-ga/동광동4가,KR-26-8-67
Busan/부산,KR-26,Jung-gu/중구,KR-26-8,Donggwangdong 5(o)-ga/동광동5가,KR-26-8-68
Busan/부산,KR-26,Jung-gu/중구,KR-26-8,Donggwang-dong/동광동,KR-26-8-69
Busan/부산,KR-26,Jung-gu/중구,KR-26-8,Dongil-dong/동일동,KR-26-8-70
Busan/부산,KR-26,Jung-gu/중구,KR-26-8,Dongindong 1(il)-ga/동인동1가,KR-26-8-71
Busan/부산,KR-26,Jung-gu/중구,KR-26-8,Dongindong 2(i)-ga/동인동2가,KR-26-8-72
Busan/부산,KR-26,Jung-gu/중구,KR-26-8,Dongindong 3(sam)-ga/동인동3가,KR-26-8-73
Busan/부산,KR-26,Jung-gu/중구,KR-26-8,Dongindong 4(sa)-ga/동인동4가,KR-26-8-74
Busan/부산,KR-26,Jung-gu/중구,KR-26-8,Dongmun-dong/동문동,KR-26-8-75
Busan/부산,KR-26,Jung-gu/중구,KR-26-8,Dongsan-dong/동산동,KR-26-8-76
Busan/부산,KR-26,Jung-gu/중구,KR-26-8,Dongseongro 1(il)-ga/동성로1가,KR-26-8-77
Busan/부산,KR-26,Jung-gu/중구,KR-26-8,Dongseongro 2(i)-ga/동성로2가,KR-26-8-78
Busan/부산,KR-26,Jung-gu/중구,KR-26-8,Dongseongro 3(sam)-ga/동성로3가,KR-26-8-79
Busan/부산,KR-26,Jung-gu/중구,KR-26-8,Dowon-dong/도원동,KR-26-8-80
Busan/부산,KR-26,Jung-gu/중구,KR-26-8,Dowon-dong/도원동,KR-26-8-80
Busan/부산,KR-26,Jung-gu/중구,KR-26-8,Eonam-dong/어남동,KR-26-8-81
Busan/부산,KR-26,Jung-gu/중구,KR-26-8,Euljiro 1(il)-ga/을지로1가,KR-26-8-82
Busan/부산,KR-26,Jung-gu/중구,KR-26-8,Euljiro 2(i)-ga/을지로2가,KR-26-8-83
Busan/부산,KR-26,Jung-gu/중구,KR-26-8,Euljiro 3(sam)-ga/을지로3가,KR-26-8-84
Busan/부산,KR-26,Jung-gu/중구,KR-26-8,Euljiro 4(sa)-ga/을지로4가,KR-26-8-85
Busan/부산,KR-26,Jung-gu/중구,KR-26-8,Euljiro 5(o)-ga/을지로5가,KR-26-8-86
Busan/부산,KR-26,Jung-gu/중구,KR-26-8,Euljiro 6(yuk)-ga/을지로6가,KR-26-8-87
Busan/부산,KR-26,Jung-gu/중구,KR-26-8,Euljiro 7(chil)-ga/을지로7가,KR-26-8-88
Busan/부산,KR-26,Jung-gu/중구,KR-26-8,Eunhaeng-dong/은행동,KR-26-8-89
Busan/부산,KR-26,Jung-gu/중구,KR-26-8,Eurwang-dong/을왕동,KR-26-8-90
Busan/부산,KR-26,Jung-gu/중구,KR-26-8,Geum-dong/금동,KR-26-8-91
Busan/부산,KR-26,Jung-gu/중구,KR-26-8,Gongpyeong-dong/공평동,KR-26-8-92
Busan/부산,KR-26,Jung-gu/중구,KR-26-8,Guwan-dong/구완동,KR-26-8-93
Busan/부산,KR-26,Jung-gu/중구,KR-26-8,Gwandong 1(il)-ga/관동1가,KR-26-8-94
Busan/부산,KR-26,Jung-gu/중구,KR-26-8,Gwandong 2(i)-ga/관동2가,KR-26-8-95
Busan/부산,KR-26,Jung-gu/중구,KR-26-8,Gwandong 3(sam)-ga/관동3가,KR-26-8-96
Busan/부산,KR-26,Jung-gu/중구,KR-26-8,Gwangbokdong 1(il)-ga/광복동1가,KR-26-8-97
Busan/부산,KR-26,Jung-gu/중구,KR-26-8,Gwangbokdong 2(i)-ga/광복동2가,KR-26-8-98
Busan/부산,KR-26,Jung-gu/중구,KR-26-8,Gwangbokdong 3(sam)-ga/광복동3가,KR-26-8-99
Busan/부산,KR-26,Jung-gu/중구,KR-26-8,Gwangbok-dong/광복동,KR-26-8-100
Busan/부산,KR-26,Jung-gu/중구,KR-26-8,Gwanghuidong 1(il)-ga/광희동1가,KR-26-8-101
Busan/부산,KR-26,Jung-gu/중구,KR-26-8,Gwanghuidong 2(i)-ga/광희동2가,KR-26-8-102
Busan/부산,KR-26,Jung-gu/중구,KR-26-8,Gyeong-dong/경동,KR-26-8-103
Busan/부산,KR-26,Jung-gu/중구,KR-26-8,Gyesandong 1(il)-ga/계산동1가,KR-26-8-104
Busan/부산,KR-26,Jung-gu/중구,KR-26-8,Gyesandong 2(i)-ga/계산동2가,KR-26-8-105
Busan/부산,KR-26,Jung-gu/중구,KR-26-8,Gyo-dong/교동,KR-26-8-106
Busan/부산,KR-26,Jung-gu/중구,KR-26-8,Gyo-dong/교동,KR-26-8-106
Busan/부산,KR-26,Jung-gu/중구,KR-26-8,Haeandong 1(il)-ga/해안동1가,KR-26-8-107
Busan/부산,KR-26,Jung-gu/중구,KR-26-8,Haeandong 2(i)-ga/해안동2가,KR-26-8-108
Busan/부산,KR-26,Jung-gu/중구,KR-26-8,Haeandong 3(sam)-ga/해안동3가,KR-26-8-109
Busan/부산,KR-26,Jung-gu/중구,KR-26-8,Haeandong 4(sa)-ga/해안동4가,KR-26-8-110
Busan/부산,KR-26,Jung-gu/중구,KR-26-8,Haksan-dong/학산동,KR-26-8-111
Busan/부산,KR-26,Jung-gu/중구,KR-26-8,Hakseong-dong/학성동,KR-26-8-112
Busan/부산,KR-26,Jung-gu/중구,KR-26-8,Hangdong 1(il)-ga/항동1가,KR-26-8-113
Busan/부산,KR-26,Jung-gu/중구,KR-26-8,Hangdong 2(i)-ga/항동2가,KR-26-8-114
Busan/부산,KR-26,Jung-gu/중구,KR-26-8,Hangdong 3(sam)-ga/항동3가,KR-26-8-115
Busan/부산,KR-26,Jung-gu/중구,KR-26-8,Hangdong 4(sa)-ga/항동4가,KR-26-8-116
Busan/부산,KR-26,Jung-gu/중구,KR-26-8,Hangdong 5(o)-ga/항동5가,KR-26-8-117
Busan/부산,KR-26,Jung-gu/중구,KR-26-8,Hangdong 6(yuk)-ga/항동6가,KR-26-8-118
Busan/부산,KR-26,Jung-gu/중구,KR-26-8,Hangdong 7(chil)-ga/항동7가,KR-26-8-119
Busan/부산,KR-26,Jung-gu/중구,KR-26-8,Haseo-dong/하서동,KR-26-8-120
Busan/부산,KR-26,Jung-gu/중구,KR-26-8,Heungin-dong/흥인동,KR-26-8-121
Busan/부산,KR-26,Jung-gu/중구,KR-26-8,Ho-dong/호동,KR-26-8-122
Busan/부산,KR-26,Jung-gu/중구,KR-26-8,Hoehyeondong 1(il)-ga/회현동1가,KR-26-8-123
Busan/부산,KR-26,Jung-gu/중구,KR-26-8,Hoehyeondong 2(i)-ga/회현동2가,KR-26-8-124
Busan/부산,KR-26,Jung-gu/중구,KR-26-8,Hoehyeondong 3(sam)-ga/회현동3가,KR-26-8-125
Busan/부산,KR-26,Jung-gu/중구,KR-26-8,Hwajeon-dong/화전동,KR-26-8-126
Busan/부산,KR-26,Jung-gu/중구,KR-26-8,Hwanghak-dong/황학동,KR-26-8-127
Busan/부산,KR-26,Jung-gu/중구,KR-26-8,Hyangchon-dong/향촌동,KR-26-8-128
Busan/부산,KR-26,Jung-gu/중구,KR-26-8,Incheongonghangucheguksaseoham/인천공항우체국사서함,KR-26-8-129
Busan/부산,KR-26,Jung-gu/중구,KR-26-8,Ingyo-dong/인교동,KR-26-8-130
Busan/부산,KR-26,Jung-gu/중구,KR-26-8,Inhyeondong 1(il)-ga/인현동1가,KR-26-8-131
Busan/부산,KR-26,Jung-gu/중구,KR-26-8,Inhyeondong 2(i)-ga/인현동2가,KR-26-8-132
Busan/부산,KR-26,Jung-gu/중구,KR-26-8,Inhyeon-dong/인현동,KR-26-8-133
Busan/부산,KR-26,Jung-gu/중구,KR-26-8,Ipjeong-dong/입정동,KR-26-8-134
Busan/부산,KR-26,Jung-gu/중구,KR-26-8,Jangchungdong 1(il)-ga/장충동1가,KR-26-8-135
Busan/부산,KR-26,Jung-gu/중구,KR-26-8,Jangchungdong 2(i)-ga/장충동2가,KR-26-8-136
Busan/부산,KR-26,Jung-gu/중구,KR-26-8,Janggwan-dong/장관동,KR-26-8-137
Busan/부산,KR-26,Jung-gu/중구,KR-26-8,Janggyo-dong/장교동,KR-26-8-138
Busan/부산,KR-26,Jung-gu/중구,KR-26-8,Janghyeon-dong/장현동,KR-26-8-139
Busan/부산,KR-26,Jung-gu/중구,KR-26-8,Jeodong 1(il)-ga/저동1가,KR-26-8-140
Busan/부산,KR-26,Jung-gu/중구,KR-26-8,Jeodong 2(i)-ga/저동2가,KR-26-8-141
Busan/부산,KR-26,Jung-gu/중구,KR-26-8,Jeon-dong/전동,KR-26-8-142
Busan/부산,KR-26,Jung-gu/중구,KR-26-8,Jeon-dong/전동,KR-26-8-142
Busan/부산,KR-26,Jung-gu/중구,KR-26-8,Jeong-dong/정동,KR-26-8-143
Busan/부산,KR-26,Jung-gu/중구,KR-26-8,Jeongsaeng-dong/정생동,KR-26-8-144
Busan/부산,KR-26,Jung-gu/중구,KR-26-8,Jongro 1(il)-ga/종로1가,KR-26-8-145
Busan/부산,KR-26,Jung-gu/중구,KR-26-8,Jongro 2(i)-ga/종로2가,KR-26-8-146
Busan/부산,KR-26,Jung-gu/중구,KR-26-8,Jugyo-dong/주교동,KR-26-8-147
Busan/부산,KR-26,Jung-gu/중구,KR-26-8,Juja-dong/주자동,KR-26-8-148
Busan/부산,KR-26,Jung-gu/중구,KR-26-8,Jungangdong 1(il)-ga/중앙동1가,KR-26-8-149
Busan/부산,KR-26,Jung-gu/중구,KR-26-8,Jungangdong 1(il)-ga/중앙동1가,KR-26-8-149
Busan/부산,KR-26,Jung-gu/중구,KR-26-8,Jungangdong 2(i)-ga/중앙동2가,KR-26-8-150
Busan/부산,KR-26,Jung-gu/중구,KR-26-8,Jungangdong 2(i)-ga/중앙동2가,KR-26-8-150
Busan/부산,KR-26,Jung-gu/중구,KR-26-8,Jungangdong 3(sam)-ga/중앙동3가,KR-26-8-151
Busan/부산,KR-26,Jung-gu/중구,KR-26-8,Jungangdong 3(sam)-ga/중앙동3가,KR-26-8-151
Busan/부산,KR-26,Jung-gu/중구,KR-26-8,Jungangdong 4(sa)-ga/중앙동4가,KR-26-8-152
Busan/부산,KR-26,Jung-gu/중구,KR-26-8,Jungangdong 4(sa)-ga/중앙동4가,KR-26-8-152
Busan/부산,KR-26,Jung-gu/중구,KR-26-8,Jungangdong 5(o)-ga/중앙동5가,KR-26-8-153
Busan/부산,KR-26,Jung-gu/중구,KR-26-8,Jungangdong 6(yuk)-ga/중앙동6가,KR-26-8-154
Busan/부산,KR-26,Jung-gu/중구,KR-26-8,Jungangdong 7(chil)-ga/중앙동7가,KR-26-8-155
Busan/부산,KR-26,Jung-gu/중구,KR-26-8,Jungang-dong/중앙동,KR-26-8-156
Busan/부산,KR-26,Jung-gu/중구,KR-26-8,Jungangucheguksaseoham/중앙우체국사서함,KR-26-8-157
Busan/부산,KR-26,Jung-gu/중구,KR-26-8,Jungchon-dong/중촌동,KR-26-8-158
Busan/부산,KR-26,Jung-gu/중구,KR-26-8,Jungrim-dong/중림동,KR-26-8-159
Busan/부산,KR-26,Jung-gu/중구,KR-26-8,Jungsan-dong/중산동,KR-26-8-160
Busan/부산,KR-26,Jung-gu/중구,KR-26-8,Manridong 1(il)-ga/만리동1가,KR-26-8-161
Busan/부산,KR-26,Jung-gu/중구,KR-26-8,Manridong 2(i)-ga/만리동2가,KR-26-8-162
Busan/부산,KR-26,Jung-gu/중구,KR-26-8,Mokdal-dong/목달동,KR-26-8-163
Busan/부산,KR-26,Jung-gu/중구,KR-26-8,Mok-dong/목동,KR-26-8-164
Busan/부산,KR-26,Jung-gu/중구,KR-26-8,Mugyo-dong/무교동,KR-26-8-165
Busan/부산,KR-26,Jung-gu/중구,KR-26-8,Muhak-dong/무학동,KR-26-8-166
Busan/부산,KR-26,Jung-gu/중구,KR-26-8,Mukjeong-dong/묵정동,KR-26-8-167
Busan/부산,KR-26,Jung-gu/중구,KR-26-8,Munchang-dong/문창동,KR-26-8-168
Busan/부산,KR-26,Jung-gu/중구,KR-26-8,Munhwa 1(il)-dong/문화1동,KR-26-8-169
Busan/부산,KR-26,Jung-gu/중구,KR-26-8,Munhwa 2(i)-dong/문화2동,KR-26-8-170
Busan/부산,KR-26,Jung-gu/중구,KR-26-8,Munhwa-dong/문화동,KR-26-8-171
Busan/부산,KR-26,Jung-gu/중구,KR-26-8,Munhwa-dong/문화동,KR-26-8-171
Busan/부산,KR-26,Jung-gu/중구,KR-26-8,Musu-dong/무수동,KR-26-8-172
Busan/부산,KR-26,Jung-gu/중구,KR-26-8,Muui-dong/무의동,KR-26-8-173
Busan/부산,KR-26,Jung-gu/중구,KR-26-8,Myeongdong 1(il)-ga/명동1가,KR-26-8-174
Busan/부산,KR-26,Jung-gu/중구,KR-26-8,Myeongdong 2(i)-ga/명동2가,KR-26-8-175
Busan/부산,KR-26,Jung-gu/중구,KR-26-8,Nae-dong/내동,KR-26-8-176
Busan/부산,KR-26,Jung-gu/중구,KR-26-8,Nambuk-dong/남북동,KR-26-8-177
Busan/부산,KR-26,Jung-gu/중구,KR-26-8,Namchang-dong/남창동,KR-26-8-178
Busan/부산,KR-26,Jung-gu/중구,KR-26-8,Namdaemunro 1(il)-ga/남대문로1가,KR-26-8-179
Busan/부산,KR-26,Jung-gu/중구,KR-26-8,Namdaemunro 2(i)-ga/남대문로2가,KR-26-8-180
Busan/부산,KR-26,Jung-gu/중구,KR-26-8,Namdaemunro 3(sam)-ga/남대문로3가,KR-26-8-181
Busan/부산,KR-26,Jung-gu/중구,KR-26-8,Namdaemunro 4(sa)-ga/남대문로4가,KR-26-8-182
Busan/부산,KR-26,Jung-gu/중구,KR-26-8,Namdaemunro 5(o)-ga/남대문로5가,KR-26-8-183
Busan/부산,KR-26,Jung-gu/중구,KR-26-8,Namhak-dong/남학동,KR-26-8-184
Busan/부산,KR-26,Jung-gu/중구,KR-26-8,Namil-dong/남일동,KR-26-8-185
Busan/부산,KR-26,Jung-gu/중구,KR-26-8,Namoe-dong/남외동,KR-26-8-186
Busan/부산,KR-26,Jung-gu/중구,KR-26-8,Nampodong 1(il)-ga/남포동1가,KR-26-8-187
Busan/부산,KR-26,Jung-gu/중구,KR-26-8,Nampodong 2(i)-ga/남포동2가,KR-26-8-188
Busan/부산,KR-26,Jung-gu/중구,KR-26-8,Nampodong 3(sam)-ga/남포동3가,KR-26-8-189
Busan/부산,KR-26,Jung-gu/중구,KR-26-8,Nampodong 4(sa)-ga/남포동4가,KR-26-8-190
Busan/부산,KR-26,Jung-gu/중구,KR-26-8,Nampodong 5(o)-ga/남포동5가,KR-26-8-191
Busan/부산,KR-26,Jung-gu/중구,KR-26-8,Nampodong 6(yuk)-ga/남포동6가,KR-26-8-192
Busan/부산,KR-26,Jung-gu/중구,KR-26-8,Nampo-dong/남포동,KR-26-8-193
Busan/부산,KR-26,Jung-gu/중구,KR-26-8,Namsan 1(il)-dong/남산1동,KR-26-8-194
Busan/부산,KR-26,Jung-gu/중구,KR-26-8,Namsan 2(i)-dong/남산2동,KR-26-8-195
Busan/부산,KR-26,Jung-gu/중구,KR-26-8,Namsan 3(sam)-dong/남산3동,KR-26-8-196
Busan/부산,KR-26,Jung-gu/중구,KR-26-8,Namsan 4(sa)-dong/남산4동,KR-26-8-197
Busan/부산,KR-26,Jung-gu/중구,KR-26-8,Namsandong 1(il)-ga/남산동1가,KR-26-8-198
Busan/부산,KR-26,Jung-gu/중구,KR-26-8,Namsandong 2(i)-ga/남산동2가,KR-26-8-199
Busan/부산,KR-26,Jung-gu/중구,KR-26-8,Namsandong 3(sam)-ga/남산동3가,KR-26-8-200
Busan/부산,KR-26,Jung-gu/중구,KR-26-8,Namsan-dong/남산동,KR-26-8-201
Busan/부산,KR-26,Jung-gu/중구,KR-26-8,Namseongno/남성로,KR-26-8-202
Busan/부산,KR-26,Jung-gu/중구,KR-26-8,Ojang-dong/오장동,KR-26-8-203
Busan/부산,KR-26,Jung-gu/중구,KR-26-8,Okgye-dong/옥계동,KR-26-8-204
Busan/부산,KR-26,Jung-gu/중구,KR-26-8,Okgyo-dong/옥교동,KR-26-8-205
Busan/부산,KR-26,Jung-gu/중구,KR-26-8,Oryu-dong/오류동,KR-26-8-206
Busan/부산,KR-26,Jung-gu/중구,KR-26-8,Pildong 1(il)-ga/필동1가,KR-26-8-207
Busan/부산,KR-26,Jung-gu/중구,KR-26-8,Pildong 2(i)-ga/필동2가,KR-26-8-208
Busan/부산,KR-26,Jung-gu/중구,KR-26-8,Pildong 3(sam)-ga/필동3가,KR-26-8-209
Busan/부산,KR-26,Jung-gu/중구,KR-26-8,Pojeong-dong/포정동,KR-26-8-210
Busan/부산,KR-26,Jung-gu/중구,KR-26-8,Sa-dong/사동,KR-26-8-211
Busan/부산,KR-26,Jung-gu/중구,KR-26-8,Sail-dong/사일동,KR-26-8-212
Busan/부산,KR-26,Jung-gu/중구,KR-26-8,Sajeong-dong/사정동,KR-26-8-213
Busan/부산,KR-26,Jung-gu/중구,KR-26-8,Samdeokdong 1(il)-ga/삼덕동1가,KR-26-8-214
Busan/부산,KR-26,Jung-gu/중구,KR-26-8,Samdeokdong 2(i)-ga/삼덕동2가,KR-26-8-215
Busan/부산,KR-26,Jung-gu/중구,KR-26-8,Samdeokdong 3(sam)-ga/삼덕동3가,KR-26-8-216
Busan/부산,KR-26,Jung-gu/중구,KR-26-8,Samgak-dong/삼각동,KR-26-8-217
Busan/부산,KR-26,Jung-gu/중구,KR-26-8,Sangdeok-dong/상덕동,KR-26-8-218
Busan/부산,KR-26,Jung-gu/중구,KR-26-8,Sangseo-dong/상서동,KR-26-8-219
Busan/부산,KR-26,Jung-gu/중구,KR-26-8,Sanrim-dong/산림동,KR-26-8-220
Busan/부산,KR-26,Jung-gu/중구,KR-26-8,Sanseong-dong/산성동,KR-26-8-221
Busan/부산,KR-26,Jung-gu/중구,KR-26-8,Seodaejeonucheguksaseoham/서대전우체국사서함,KR-26-8-222
Busan/부산,KR-26,Jung-gu/중구,KR-26-8,Seo-dong/서동,KR-26-8-223
Busan/부산,KR-26,Jung-gu/중구,KR-26-8,Seokgyo-dong/석교동,KR-26-8-224
Busan/부산,KR-26,Jung-gu/중구,KR-26-8,Seomunro 1(il)-ga/서문로1가,KR-26-8-225
Busan/부산,KR-26,Jung-gu/중구,KR-26-8,Seomunro 2(i)-ga/서문로2가,KR-26-8-226
Busan/부산,KR-26,Jung-gu/중구,KR-26-8,Seonae-dong/서내동,KR-26-8-227
Busan/부산,KR-26,Jung-gu/중구,KR-26-8,Seongan-dong/성안동,KR-26-8-228
Busan/부산,KR-26,Jung-gu/중구,KR-26-8,Seongnam-dong/성남동,KR-26-8-229
Busan/부산,KR-26,Jung-gu/중구,KR-26-8,Seonhwa-dong/선화동,KR-26-8-230
Busan/부산,KR-26,Jung-gu/중구,KR-26-8,Seonhwa-dong/선화동,KR-26-8-230
Busan/부산,KR-26,Jung-gu/중구,KR-26-8,Seonrin-dong/선린동,KR-26-8-231
Busan/부산,KR-26,Jung-gu/중구,KR-26-8,Seoseongro 1(il)-ga/서성로1가,KR-26-8-232
Busan/부산,KR-26,Jung-gu/중구,KR-26-8,Seoseongro 2(i)-ga/서성로2가,KR-26-8-233
Busan/부산,KR-26,Jung-gu/중구,KR-26-8,Seosomun-dong/서소문동,KR-26-8-234
Busan/부산,KR-26,Jung-gu/중구,KR-26-8,Seoya-dong/서야동,KR-26-8-235
Busan/부산,KR-26,Jung-gu/중구,KR-26-8,Sijangbugno/시장북로,KR-26-8-236
Busan/부산,KR-26,Jung-gu/중구,KR-26-8,Sinchangdong 1(il)-ga/신창동1가,KR-26-8-237
Busan/부산,KR-26,Jung-gu/중구,KR-26-8,Sinchangdong 2(i)-ga/신창동2가,KR-26-8-238
Busan/부산,KR-26,Jung-gu/중구,KR-26-8,Sinchangdong 3(sam)-ga/신창동3가,KR-26-8-239
Busan/부산,KR-26,Jung-gu/중구,KR-26-8,Sinchangdong 4(sa)-ga/신창동4가,KR-26-8-240
Busan/부산,KR-26,Jung-gu/중구,KR-26-8,Sinchang-dong/신창동,KR-26-8-241
Busan/부산,KR-26,Jung-gu/중구,KR-26-8,Sindang 1(il)-dong/신당1동,KR-26-8-242
Busan/부산,KR-26,Jung-gu/중구,KR-26-8,Sindang 2(i)-dong/신당2동,KR-26-8-243
Busan/부산,KR-26,Jung-gu/중구,KR-26-8,Sindang 3(sam)-dong/신당3동,KR-26-8-244
Busan/부산,KR-26,Jung-gu/중구,KR-26-8,Sindang 4(sa)-dong/신당4동,KR-26-8-245
Busan/부산,KR-26,Jung-gu/중구,KR-26-8,Sindang 5(o)-dong/신당5동,KR-26-8-246
Busan/부산,KR-26,Jung-gu/중구,KR-26-8,Sindang 6(yuk)-dong/신당6동,KR-26-8-247
Busan/부산,KR-26,Jung-gu/중구,KR-26-8,Sindang-dong/신당동,KR-26-8-248
Busan/부산,KR-26,Jung-gu/중구,KR-26-8,Sinheungdong 1(il)-ga/신흥동1가,KR-26-8-249
Busan/부산,KR-26,Jung-gu/중구,KR-26-8,Sinheungdong 2(i)-ga/신흥동2가,KR-26-8-250
Busan/부산,KR-26,Jung-gu/중구,KR-26-8,Sinheungdong 3(sam)-ga/신흥동3가,KR-26-8-251
Busan/부산,KR-26,Jung-gu/중구,KR-26-8,Sinpo-dong/신포동,KR-26-8-252
Busan/부산,KR-26,Jung-gu/중구,KR-26-8,Sinsaeng-dong/신생동,KR-26-8-253
Busan/부산,KR-26,Jung-gu/중구,KR-26-8,Sogong-dong/소공동,KR-26-8-254
Busan/부산,KR-26,Jung-gu/중구,KR-26-8,Songhakdong 1(il)-ga/송학동1가,KR-26-8-255
Busan/부산,KR-26,Jung-gu/중구,KR-26-8,Songhakdong 2(i)-ga/송학동2가,KR-26-8-256
Busan/부산,KR-26,Jung-gu/중구,KR-26-8,Songhakdong 3(sam)-ga/송학동3가,KR-26-8-257
Busan/부산,KR-26,Jung-gu/중구,KR-26-8,Songwoldong 1(il)-ga/송월동1가,KR-26-8-258
Busan/부산,KR-26,Jung-gu/중구,KR-26-8,Songwoldong 2(i)-ga/송월동2가,KR-26-8-259
Busan/부산,KR-26,Jung-gu/중구,KR-26-8,Songwoldong 3(sam)-ga/송월동3가,KR-26-8-260
Busan/부산,KR-26,Jung-gu/중구,KR-26-8,Ssangrim-dong/쌍림동,KR-26-8-261
Busan/부산,KR-26,Jung-gu/중구,KR-26-8,Suchang-dong/수창동,KR-26-8-262
Busan/부산,KR-26,Jung-gu/중구,KR-26-8,Su-dong/수동,KR-26-8-263
Busan/부산,KR-26,Jung-gu/중구,KR-26-8,Suha-dong/수하동,KR-26-8-264
Busan/부산,KR-26,Jung-gu/중구,KR-26-8,Sunhwa-dong/순화동,KR-26-8-265
Busan/부산,KR-26,Jung-gu/중구,KR-26-8,Supyo-dong/수표동,KR-26-8-266
Busan/부산,KR-26,Jung-gu/중구,KR-26-8,Taehwa-dong/태화동,KR-26-8-267
Busan/부산,KR-26,Jung-gu/중구,KR-26-8,Taepyeong 1(il)-dong/태평1동,KR-26-8-268
Busan/부산,KR-26,Jung-gu/중구,KR-26-8,Taepyeong 2(i)-dong/태평2동,KR-26-8-269
Busan/부산,KR-26,Jung-gu/중구,KR-26-8,Taepyeong-dong/태평동,KR-26-8-270
Busan/부산,KR-26,Jung-gu/중구,KR-26-8,Taepyeongro 1(il)-ga/태평로1가,KR-26-8-271
Busan/부산,KR-26,Jung-gu/중구,KR-26-8,Taepyeongro 1(il)-ga/태평로1가,KR-26-8-271
Busan/부산,KR-26,Jung-gu/중구,KR-26-8,Taepyeongro 2(i)-ga/태평로2가,KR-26-8-272
Busan/부산,KR-26,Jung-gu/중구,KR-26-8,Taepyeongro 2(i)-ga/태평로2가,KR-26-8-272
Busan/부산,KR-26,Jung-gu/중구,KR-26-8,Taepyeongro 3(sam)-ga/태평로3가,KR-26-8-273
Busan/부산,KR-26,Jung-gu/중구,KR-26-8,Uijuro 1(il)-ga/의주로1가,KR-26-8-274
Busan/부산,KR-26,Jung-gu/중구,KR-26-8,Uijuro 2(i)-ga/의주로2가,KR-26-8-275
Busan/부산,KR-26,Jung-gu/중구,KR-26-8,Ujeong-dong/우정동,KR-26-8-276
Busan/부산,KR-26,Jung-gu/중구,KR-26-8,Ulsanucheguksaseoham/울산우체국사서함,KR-26-8-277
Busan/부산,KR-26,Jung-gu/중구,KR-26-8,Unbuk-dong/운북동,KR-26-8-278
Busan/부산,KR-26,Jung-gu/중구,KR-26-8,Unnam-dong/운남동,KR-26-8-279
Busan/부산,KR-26,Jung-gu/중구,KR-26-8,Unseo-dong/운서동,KR-26-8-280
Busan/부산,KR-26,Jung-gu/중구,KR-26-8,Wanjeon-dong/완전동,KR-26-8-281
Busan/부산,KR-26,Jung-gu/중구,KR-26-8,Yaksa-dong/약사동,KR-26-8-282
Busan/부산,KR-26,Jung-gu/중구,KR-26-8,Yegwan-dong/예관동,KR-26-8-283
Busan/부산,KR-26,Jung-gu/중구,KR-26-8,Yejang-dong/예장동,KR-26-8-284
Busan/부산,KR-26,Jung-gu/중구,KR-26-8,Yeongju 1(il)-dong/영주1동,KR-26-8-285
Busan/부산,KR-26,Jung-gu/중구,KR-26-8,Yeongju 2(i)-dong/영주2동,KR-26-8-286
Busan/부산,KR-26,Jung-gu/중구,KR-26-8,Yeongju-dong/영주동,KR-26-8-287
Busan/부산,KR-26,Jung-gu/중구,KR-26-8,Yongdeok-dong/용덕동,KR-26-8-288
Busan/부산,KR-26,Jung-gu/중구,KR-26-8,Yong-dong/용동,KR-26-8-289
Busan/부산,KR-26,Jung-gu/중구,KR-26-8,Yongdu-dong/용두동,KR-26-8-290
Busan/부산,KR-26,Jung-gu/중구,KR-26-8,Yucheon 1(il)-dong/유천1동,KR-26-8-291
Busan/부산,KR-26,Jung-gu/중구,KR-26-8,Yucheon 2(i)-dong/유천2동,KR-26-8-292
Busan/부산,KR-26,Jung-gu/중구,KR-26-8,Yucheon-dong/유천동,KR-26-8-293
Busan/부산,KR-26,Jung-gu/중구,KR-26-8,Yu-dong/유동,KR-26-8-294
Busan/부산,KR-26,Jung-gu/중구,KR-26-8,Yugok-dong/유곡동,KR-26-8-295
Busan/부산,KR-26,Jung-gu/중구,KR-26-8,Yulmok-dong/율목동,KR-26-8-296
Busan/부산,KR-26,Nam-gu/남구,KR-26-9,Apchon-dong/압촌동,KR-26-9-0
Busan/부산,KR-26,Nam-gu/남구,KR-26-9,Baegun 1(il)-dong/백운1동,KR-26-9-1
Busan/부산,KR-26,Nam-gu/남구,KR-26-9,Baegun 2(i)-dong/백운2동,KR-26-9-2
Busan/부산,KR-26,Nam-gu/남구,KR-26-9,Baegun-dong/백운동,KR-26-9-3
Busan/부산,KR-26,Nam-gu/남구,KR-26-9,Bangrim 1(il)-dong/방림1동,KR-26-9-4
Busan/부산,KR-26,Nam-gu/남구,KR-26-9,Bangrim 2(i)-dong/방림2동,KR-26-9-5
Busan/부산,KR-26,Nam-gu/남구,KR-26-9,Bangrim-dong/방림동,KR-26-9-6
Busan/부산,KR-26,Nam-gu/남구,KR-26-9,Bongdeog 1(il)-dong/봉덕1동,KR-26-9-7
Busan/부산,KR-26,Nam-gu/남구,KR-26-9,Bongdeog 2(i)-dong/봉덕2동,KR-26-9-8
Busan/부산,KR-26,Nam-gu/남구,KR-26-9,Bongdeog 3(sam)-dong/봉덕3동,KR-26-9-9
Busan/부산,KR-26,Nam-gu/남구,KR-26-9,Bongdeok-dong/봉덕동,KR-26-9-10
Busan/부산,KR-26,Nam-gu/남구,KR-26-9,Bongseon 1(il)-dong/봉선1동,KR-26-9-11
Busan/부산,KR-26,Nam-gu/남구,KR-26-9,Bongseon 2(i)-dong/봉선2동,KR-26-9-12
Busan/부산,KR-26,Nam-gu/남구,KR-26-9,Bongseon-dong/봉선동,KR-26-9-13
Busan/부산,KR-26,Nam-gu/남구,KR-26-9,Bugok-dong/부곡동,KR-26-9-14
Busan/부산,KR-26,Nam-gu/남구,KR-26-9,Chilseok-dong/칠석동,KR-26-9-15
Busan/부산,KR-26,Nam-gu/남구,KR-26-9,Daeji-dong/대지동,KR-26-9-16
Busan/부산,KR-26,Nam-gu/남구,KR-26-9,Daemyeong 1(il)-dong/대명1동,KR-26-9-17
Busan/부산,KR-26,Nam-gu/남구,KR-26-9,Daemyeong 10(sip)-dong/대명10동,KR-26-9-18
Busan/부산,KR-26,Nam-gu/남구,KR-26-9,Daemyeong 11(sibil)-dong/대명11동,KR-26-9-19
Busan/부산,KR-26,Nam-gu/남구,KR-26-9,Daemyeong 2(i)-dong/대명2동,KR-26-9-20
Busan/부산,KR-26,Nam-gu/남구,KR-26-9,Daemyeong 3(sam)-dong/대명3동,KR-26-9-21
Busan/부산,KR-26,Nam-gu/남구,KR-26-9,Daemyeong 4(sa)-dong/대명4동,KR-26-9-22
Busan/부산,KR-26,Nam-gu/남구,KR-26-9,Daemyeong 5(o)-dong/대명5동,KR-26-9-23
Busan/부산,KR-26,Nam-gu/남구,KR-26-9,Daemyeong 6(yuk)-dong/대명6동,KR-26-9-24
Busan/부산,KR-26,Nam-gu/남구,KR-26-9,Daemyeong 9(gu)-dong/대명9동,KR-26-9-25
Busan/부산,KR-26,Nam-gu/남구,KR-26-9,Daemyeong-dong/대명동,KR-26-9-26
Busan/부산,KR-26,Nam-gu/남구,KR-26-9,Daeyeon 1(il)-dong/대연1동,KR-26-9-27
Busan/부산,KR-26,Nam-gu/남구,KR-26-9,Daeyeon 2(i)-dong/대연2동,KR-26-9-28
Busan/부산,KR-26,Nam-gu/남구,KR-26-9,Daeyeon 3(sam)-dong/대연3동,KR-26-9-29
Busan/부산,KR-26,Nam-gu/남구,KR-26-9,Daeyeon 4(sa)-dong/대연4동,KR-26-9-30
Busan/부산,KR-26,Nam-gu/남구,KR-26-9,Daeyeon 5(o)-dong/대연5동,KR-26-9-31
Busan/부산,KR-26,Nam-gu/남구,KR-26-9,Daeyeon 6(yuk)-dong/대연6동,KR-26-9-32
Busan/부산,KR-26,Nam-gu/남구,KR-26-9,Daeyeon-dong/대연동,KR-26-9-33
Busan/부산,KR-26,Nam-gu/남구,KR-26-9,Dal-dong/달동,KR-26-9-34
Busan/부산,KR-26,Nam-gu/남구,KR-26-9,Deoknam-dong/덕남동,KR-26-9-35
Busan/부산,KR-26,Nam-gu/남구,KR-26-9,Dogeum-dong/도금동,KR-26-9-36
Busan/부산,KR-26,Nam-gu/남구,KR-26-9,Dohwa 1(il)-dong/도화1동,KR-26-9-37
Busan/부산,KR-26,Nam-gu/남구,KR-26-9,Dohwa 2(i)-dong/도화2동,KR-26-9-38
Busan/부산,KR-26,Nam-gu/남구,KR-26-9,Dohwa 3(sam)-dong/도화3동,KR-26-9-39
Busan/부산,KR-26,Nam-gu/남구,KR-26-9,Dohwa-dong/도화동,KR-26-9-40
Busan/부산,KR-26,Nam-gu/남구,KR-26-9,Duwang-dong/두왕동,KR-26-9-41
Busan/부산,KR-26,Nam-gu/남구,KR-26-9,Gaeun-dong/개운동,KR-26-9-42
Busan/부산,KR-26,Nam-gu/남구,KR-26-9,Gamman 1(il)-dong/감만1동,KR-26-9-43
Busan/부산,KR-26,Nam-gu/남구,KR-26-9,Gamman 2(i)-dong/감만2동,KR-26-9-44
Busan/부산,KR-26,Nam-gu/남구,KR-26-9,Gamman-dong/감만동,KR-26-9-45
Busan/부산,KR-26,Nam-gu/남구,KR-26-9,Gosa-dong/고사동,KR-26-9-46
Busan/부산,KR-26,Nam-gu/남구,KR-26-9,Gu-dong/구동,KR-26-9-47
Busan/부산,KR-26,Nam-gu/남구,KR-26-9,Guso-dong/구소동,KR-26-9-48
Busan/부산,KR-26,Nam-gu/남구,KR-26-9,Gwangyo-dong/관교동,KR-26-9-49
Busan/부산,KR-26,Nam-gu/남구,KR-26-9,Haengam-dong/행암동,KR-26-9-50
Busan/부산,KR-26,Nam-gu/남구,KR-26-9,Hagig 1(il)-dong/학익1동,KR-26-9-51
Busan/부산,KR-26,Nam-gu/남구,KR-26-9,Hagig 2(i)-dong/학익2동,KR-26-9-52
Busan/부산,KR-26,Nam-gu/남구,KR-26-9,Hagik-dong/학익동,KR-26-9-53
Busan/부산,KR-26,Nam-gu/남구,KR-26-9,Hwajang-dong/화장동,KR-26-9-54
Busan/부산,KR-26,Nam-gu/남구,KR-26-9,Hwangseong-dong/황성동,KR-26-9-55
Busan/부산,KR-26,Nam-gu/남구,KR-26-9,Icheon-dong/이천동,KR-26-9-56
Busan/부산,KR-26,Nam-gu/남구,KR-26-9,Ijang-dong/이장동,KR-26-9-57
Busan/부산,KR-26,Nam-gu/남구,KR-26-9,Imam-dong/임암동,KR-26-9-58
Busan/부산,KR-26,Nam-gu/남구,KR-26-9,Jangsaengpo-dong/장생포동,KR-26-9-59
Busan/부산,KR-26,Nam-gu/남구,KR-26-9,Jinwol-dong/진월동,KR-26-9-60
Busan/부산,KR-26,Nam-gu/남구,KR-26-9,Jiseok-dong/지석동,KR-26-9-61
Busan/부산,KR-26,Nam-gu/남구,KR-26-9,Juan 1(il)-dong/주안1동,KR-26-9-62
Busan/부산,KR-26,Nam-gu/남구,KR-26-9,Juan 2(i)-dong/주안2동,KR-26-9-63
Busan/부산,KR-26,Nam-gu/남구,KR-26-9,Juan 3(sam)-dong/주안3동,KR-26-9-64
Busan/부산,KR-26,Nam-gu/남구,KR-26-9,Juan 4(sa)-dong/주안4동,KR-26-9-65
Busan/부산,KR-26,Nam-gu/남구,KR-26-9,Juan 5(o)-dong/주안5동,KR-26-9-66
Busan/부산,KR-26,Nam-gu/남구,KR-26-9,Juan 6(yuk)-dong/주안6동,KR-26-9-67
Busan/부산,KR-26,Nam-gu/남구,KR-26-9,Juan 7(chil)-dong/주안7동,KR-26-9-68
Busan/부산,KR-26,Nam-gu/남구,KR-26-9,Juan 8(pal)-dong/주안8동,KR-26-9-69
Busan/부산,KR-26,Nam-gu/남구,KR-26-9,Juan-dong/주안동,KR-26-9-70
Busan/부산,KR-26,Nam-gu/남구,KR-26-9,Juwol-dong/주월동,KR-26-9-71
Busan/부산,KR-26,Nam-gu/남구,KR-26-9,Juwor 1(il)-dong/주월1동,KR-26-9-72
Busan/부산,KR-26,Nam-gu/남구,KR-26-9,Juwor 2(i)-dong/주월2동,KR-26-9-73
Busan/부산,KR-26,Nam-gu/남구,KR-26-9,Maeam-dong/매암동,KR-26-9-74
Busan/부산,KR-26,Nam-gu/남구,KR-26-9,Mugeo-dong/무거동,KR-26-9-75
Busan/부산,KR-26,Nam-gu/남구,KR-26-9,Munhak-dong/문학동,KR-26-9-76
Busan/부산,KR-26,Nam-gu/남구,KR-26-9,Munhyeon 1(il)-dong/문현1동,KR-26-9-77
Busan/부산,KR-26,Nam-gu/남구,KR-26-9,Munhyeon 2(i)-dong/문현2동,KR-26-9-78
Busan/부산,KR-26,Nam-gu/남구,KR-26-9,Munhyeon 3(sam)-dong/문현3동,KR-26-9-79
Busan/부산,KR-26,Nam-gu/남구,KR-26-9,Munhyeon 4(sa)-dong/문현4동,KR-26-9-80
Busan/부산,KR-26,Nam-gu/남구,KR-26-9,Munhyeon-dong/문현동,KR-26-9-81
Busan/부산,KR-26,Nam-gu/남구,KR-26-9,Namdaeguucheguksaseoham/남대구우체국사서함,KR-26-9-82
Busan/부산,KR-26,Nam-gu/남구,KR-26-9,Namhwa-dong/남화동,KR-26-9-83
Busan/부산,KR-26,Nam-gu/남구,KR-26-9,Namulsanucheguksaseoham/남울산우체국사서함,KR-26-9-84
Busan/부산,KR-26,Nam-gu/남구,KR-26-9,Nodae-dong/노대동,KR-26-9-85
Busan/부산,KR-26,Nam-gu/남구,KR-26-9,Ok-dong/옥동,KR-26-9-86
Busan/부산,KR-26,Nam-gu/남구,KR-26-9,Sa-dong/사동,KR-26-9-87
Busan/부산,KR-26,Nam-gu/남구,KR-26-9,Samsan-dong/삼산동,KR-26-9-88
Busan/부산,KR-26,Nam-gu/남구,KR-26-9,Sanggae-dong/상개동,KR-26-9-89
Busan/부산,KR-26,Nam-gu/남구,KR-26-9,Seo 1(il)-dong/서1동,KR-26-9-90
Busan/부산,KR-26,Nam-gu/남구,KR-26-9,Seo 2(i)-dong/서2동,KR-26-9-91
Busan/부산,KR-26,Nam-gu/남구,KR-26-9,Seo-dong/서동,KR-26-9-92
Busan/부산,KR-26,Nam-gu/남구,KR-26-9,Seokjeong-dong/석정동,KR-26-9-93
Busan/부산,KR-26,Nam-gu/남구,KR-26-9,Seonam-dong/선암동,KR-26-9-94
Busan/부산,KR-26,Nam-gu/남구,KR-26-9,Seongam-dong/성암동,KR-26-9-95
Busan/부산,KR-26,Nam-gu/남구,KR-26-9,Seungchon-dong/승촌동,KR-26-9-96
Busan/부산,KR-26,Nam-gu/남구,KR-26-9,Sinjang-dong/신장동,KR-26-9-97
Busan/부산,KR-26,Nam-gu/남구,KR-26-9,Sinjeong 1(il)-dong/신정1동,KR-26-9-98
Busan/부산,KR-26,Nam-gu/남구,KR-26-9,Sinjeong 2(i)-dong/신정2동,KR-26-9-99
Busan/부산,KR-26,Nam-gu/남구,KR-26-9,Sinjeong 3(sam)-dong/신정3동,KR-26-9-100
Busan/부산,KR-26,Nam-gu/남구,KR-26-9,Sinjeong 4(sa)-dong/신정4동,KR-26-9-101
Busan/부산,KR-26,Nam-gu/남구,KR-26-9,Sinjeong 5(o)-dong/신정5동,KR-26-9-102
Busan/부산,KR-26,Nam-gu/남구,KR-26-9,Sinjeong-dong/신정동,KR-26-9-103
Busan/부산,KR-26,Nam-gu/남구,KR-26-9,Songha-dong/송하동,KR-26-9-104
Busan/부산,KR-26,Nam-gu/남구,KR-26-9,Sungui 1(il)-dong/숭의1동,KR-26-9-105
Busan/부산,KR-26,Nam-gu/남구,KR-26-9,Sungui 2(i)-dong/숭의2동,KR-26-9-106
Busan/부산,KR-26,Nam-gu/남구,KR-26-9,Sungui 3(sam)-dong/숭의3동,KR-26-9-107
Busan/부산,KR-26,Nam-gu/남구,KR-26-9,Sungui 4(sa)-dong/숭의4동,KR-26-9-108
Busan/부산,KR-26,Nam-gu/남구,KR-26-9,Sungui-dong/숭의동,KR-26-9-109
Busan/부산,KR-26,Nam-gu/남구,KR-26-9,Uam 1(il)-dong/우암1동,KR-26-9-110
Busan/부산,KR-26,Nam-gu/남구,KR-26-9,Uam 2(i)-dong/우암2동,KR-26-9-111
Busan/부산,KR-26,Nam-gu/남구,KR-26-9,Uam-dong/우암동,KR-26-9-112
Busan/부산,KR-26,Nam-gu/남구,KR-26-9,Wolsan 1(il)-dong/월산1동,KR-26-9-113
Busan/부산,KR-26,Nam-gu/남구,KR-26-9,Wolsan 2(i)-dong/월산2동,KR-26-9-114
Busan/부산,KR-26,Nam-gu/남구,KR-26-9,Wolsan 3(sam)-dong/월산3동,KR-26-9-115
Busan/부산,KR-26,Nam-gu/남구,KR-26-9,Wolsan 4(sa)-dong/월산4동,KR-26-9-116
Busan/부산,KR-26,Nam-gu/남구,KR-26-9,Wolsan 5(o)-dong/월산5동,KR-26-9-117
Busan/부산,KR-26,Nam-gu/남구,KR-26-9,Wolsan-dong/월산동,KR-26-9-118
Busan/부산,KR-26,Nam-gu/남구,KR-26-9,Wolseong-dong/월성동,KR-26-9-119
Busan/부산,KR-26,Nam-gu/남구,KR-26-9,Wonsan-dong/원산동,KR-26-9-120
Busan/부산,KR-26,Nam-gu/남구,KR-26-9,Yaeum-dong/야음동,KR-26-9-121
Busan/부산,KR-26,Nam-gu/남구,KR-26-9,Yangchon-dong/양촌동,KR-26-9-122
Busan/부산,KR-26,Nam-gu/남구,KR-26-9,Yanggwa-dong/양과동,KR-26-9-123
Busan/부산,KR-26,Nam-gu/남구,KR-26-9,Yangrim-dong/양림동,KR-26-9-124
Busan/부산,KR-26,Nam-gu/남구,KR-26-9,Yeocheon-dong/여천동,KR-26-9-125
Busan/부산,KR-26,Nam-gu/남구,KR-26-9,Yongdang-dong/용당동,KR-26-9-126
Busan/부산,KR-26,Nam-gu/남구,KR-26-9,Yongho 1(il)-dong/용호1동,KR-26-9-127
Busan/부산,KR-26,Nam-gu/남구,KR-26-9,Yongho 2(i)-dong/용호2동,KR-26-9-128
Busan/부산,KR-26,Nam-gu/남구,KR-26-9,Yongho 3(sam)-dong/용호3동,KR-26-9-129
Busan/부산,KR-26,Nam-gu/남구,KR-26-9,Yongho 4(sa)-dong/용호4동,KR-26-9-130
Busan/부산,KR-26,Nam-gu/남구,KR-26-9,Yongho-dong/용호동,KR-26-9-131
Busan/부산,KR-26,Nam-gu/남구,KR-26-9,Yonghyeon 1(il)-dong/용현1동,KR-26-9-132
Busan/부산,KR-26,Nam-gu/남구,KR-26-9,Yonghyeon 2(i)-dong/용현2동,KR-26-9-133
Busan/부산,KR-26,Nam-gu/남구,KR-26-9,Yonghyeon 3(sam)-dong/용현3동,KR-26-9-134
Busan/부산,KR-26,Nam-gu/남구,KR-26-9,Yonghyeon 4(sa)-dong/용현4동,KR-26-9-135
Busan/부산,KR-26,Nam-gu/남구,KR-26-9,Yonghyeon 5(o)-dong/용현5동,KR-26-9-136
Busan/부산,KR-26,Nam-gu/남구,KR-26-9,Yonghyeon-dong/용현동,KR-26-9-137
Busan/부산,KR-26,Nam-gu/남구,KR-26-9,Yongjam-dong/용잠동,KR-26-9-138
Busan/부산,KR-26,Nam-gu/남구,KR-26-9,Yongyeon-dong/용연동,KR-26-9-139
Busan/부산,KR-26,Saha-gu/사하구,KR-26-10,Busansahaucheguksaseoham/부산사하우체국사서함,KR-26-10-0
Busan/부산,KR-26,Saha-gu/사하구,KR-26-10,Dadae 1(il)-dong/다대1동,KR-26-10-1
Busan/부산,KR-26,Saha-gu/사하구,KR-26-10,Dadae 2(i)-dong/다대2동,KR-26-10-2
Busan/부산,KR-26,Saha-gu/사하구,KR-26-10,Dadae-dong/다대동,KR-26-10-3
Busan/부산,KR-26,Saha-gu/사하구,KR-26-10,Dangri-dong/당리동,KR-26-10-4
Busan/부산,KR-26,Saha-gu/사하구,KR-26-10,Gamcheon 1(il)-dong/감천1동,KR-26-10-5
Busan/부산,KR-26,Saha-gu/사하구,KR-26-10,Gamcheon 2(i)-dong/감천2동,KR-26-10-6
Busan/부산,KR-26,Saha-gu/사하구,KR-26-10,Gamcheon-dong/감천동,KR-26-10-7
Busan/부산,KR-26,Saha-gu/사하구,KR-26-10,Goejeong 1(il)-dong/괴정1동,KR-26-10-8
Busan/부산,KR-26,Saha-gu/사하구,KR-26-10,Goejeong 2(i)-dong/괴정2동,KR-26-10-9
Busan/부산,KR-26,Saha-gu/사하구,KR-26-10,Goejeong 3(sam)-dong/괴정3동,KR-26-10-10
Busan/부산,KR-26,Saha-gu/사하구,KR-26-10,Goejeong 4(sa)-dong/괴정4동,KR-26-10-11
Busan/부산,KR-26,Saha-gu/사하구,KR-26-10,Goejeong-dong/괴정동,KR-26-10-12
Busan/부산,KR-26,Saha-gu/사하구,KR-26-10,Gupyeong-dong/구평동,KR-26-10-13
Busan/부산,KR-26,Saha-gu/사하구,KR-26-10,Hadan 1(il)-dong/하단1동,KR-26-10-14
Busan/부산,KR-26,Saha-gu/사하구,KR-26-10,Hadan 2(i)-dong/하단2동,KR-26-10-15
Busan/부산,KR-26,Saha-gu/사하구,KR-26-10,Hadan-dong/하단동,KR-26-10-16
Busan/부산,KR-26,Saha-gu/사하구,KR-26-10,Jangrim 1(il)-dong/장림1동,KR-26-10-17
Busan/부산,KR-26,Saha-gu/사하구,KR-26-10,Jangrim 2(i)-dong/장림2동,KR-26-10-18
Busan/부산,KR-26,Saha-gu/사하구,KR-26-10,Jangrim-dong/장림동,KR-26-10-19
Busan/부산,KR-26,Saha-gu/사하구,KR-26-10,Sinpyeong 1(il)-dong/신평1동,KR-26-10-20
Busan/부산,KR-26,Saha-gu/사하구,KR-26-10,Sinpyeong 2(i)-dong/신평2동,KR-26-10-21
Busan/부산,KR-26,Saha-gu/사하구,KR-26-10,Sinpyeong-dong/신평동,KR-26-10-22
Busan/부산,KR-26,Sasang-gu/사상구,KR-26-11,Busansasangucheguksaseoham/부산사상우체국사서함,KR-26-11-0
Busan/부산,KR-26,Sasang-gu/사상구,KR-26-11,Deokpo 1(il)-dong/덕포1동,KR-26-11-1
Busan/부산,KR-26,Sasang-gu/사상구,KR-26-11,Deokpo 2(i)-dong/덕포2동,KR-26-11-2
Busan/부산,KR-26,Sasang-gu/사상구,KR-26-11,Deokpo-dong/덕포동,KR-26-11-3
Busan/부산,KR-26,Sasang-gu/사상구,KR-26-11,Eomgung-dong/엄궁동,KR-26-11-4
Busan/부산,KR-26,Sasang-gu/사상구,KR-26-11,Gamjeon-dong/감전동,KR-26-11-5
Busan/부산,KR-26,Sasang-gu/사상구,KR-26-11,Gwaebeop-dong/괘법동,KR-26-11-6
Busan/부산,KR-26,Sasang-gu/사상구,KR-26-11,Hakjang-dong/학장동,KR-26-11-7
Busan/부산,KR-26,Sasang-gu/사상구,KR-26-11,Jurye 1(il)-dong/주례1동,KR-26-11-8
Busan/부산,KR-26,Sasang-gu/사상구,KR-26-11,Jurye 2(i)-dong/주례2동,KR-26-11-9
Busan/부산,KR-26,Sasang-gu/사상구,KR-26-11,Jurye 3(sam)-dong/주례3동,KR-26-11-10
Busan/부산,KR-26,Sasang-gu/사상구,KR-26-11,Jurye-dong/주례동,KR-26-11-11
Busan/부산,KR-26,Sasang-gu/사상구,KR-26-11,Mora 1(il)-dong/모라1동,KR-26-11-12
Busan/부산,KR-26,Sasang-gu/사상구,KR-26-11,Mora 3(sam)-dong/모라3동,KR-26-11-13
Busan/부산,KR-26,Sasang-gu/사상구,KR-26-11,Mora-dong/모라동,KR-26-11-14
Busan/부산,KR-26,Sasang-gu/사상구,KR-26-11,Samrak-dong/삼락동,KR-26-11-15
Busan/부산,KR-26,Seo-gu/서구,KR-26-12,Amidong 1(il)-ga/아미동1가,KR-26-12-0
Busan/부산,KR-26,Seo-gu/서구,KR-26-12,Amidong 2(i)-ga/아미동2가,KR-26-12-1
Busan/부산,KR-26,Seo-gu/서구,KR-26-12,Ami-dong/아미동,KR-26-12-2
Busan/부산,KR-26,Seo-gu/서구,KR-26-12,Amnam-dong/암남동,KR-26-12-3
Busan/부산,KR-26,Seo-gu/서구,KR-26-12,Baekseok-dong/백석동,KR-26-12-4
Busan/부산,KR-26,Seo-gu/서구,KR-26-12,Bisan 1(il)-dong/비산1동,KR-26-12-5
Busan/부산,KR-26,Seo-gu/서구,KR-26-12,Bisan 2.3-dong/비산2.3동,KR-26-12-6
Busan/부산,KR-26,Seo-gu/서구,KR-26-12,Bisan 4(sa)-dong/비산4동,KR-26-12-7
Busan/부산,KR-26,Seo-gu/서구,KR-26-12,Bisan 5(o)-dong/비산5동,KR-26-12-8
Busan/부산,KR-26,Seo-gu/서구,KR-26-12,Bisan 6(yuk)-dong/비산6동,KR-26-12-9
Busan/부산,KR-26,Seo-gu/서구,KR-26-12,Bisan 7(chil)-dong/비산7동,KR-26-12-10
Busan/부산,KR-26,Seo-gu/서구,KR-26-12,Bisan-dong/비산동,KR-26-12-11
Busan/부산,KR-26,Seo-gu/서구,KR-26-12,Boksu-dong/복수동,KR-26-12-12
Busan/부산,KR-26,Seo-gu/서구,KR-26-12,Bonggok-dong/봉곡동,KR-26-12-13
Busan/부산,KR-26,Seo-gu/서구,KR-26-12,Bullo-dong/불로동,KR-26-12-14
Busan/부산,KR-26,Seo-gu/서구,KR-26-12,Bumindong 1(il)-ga/부민동1가,KR-26-12-15
Busan/부산,KR-26,Seo-gu/서구,KR-26-12,Bumindong 2(i)-ga/부민동2가,KR-26-12-16
Busan/부산,KR-26,Seo-gu/서구,KR-26-12,Bumindong 3(sam)-ga/부민동3가,KR-26-12-17
Busan/부산,KR-26,Seo-gu/서구,KR-26-12,Bumin-dong/부민동,KR-26-12-18
Busan/부산,KR-26,Seo-gu/서구,KR-26-12,Buyongdong 1(il)-ga/부용동1가,KR-26-12-19
Busan/부산,KR-26,Seo-gu/서구,KR-26-12,Buyongdong 2(i)-ga/부용동2가,KR-26-12-20
Busan/부산,KR-26,Seo-gu/서구,KR-26-12,Buyong-dong/부용동,KR-26-12-21
Busan/부산,KR-26,Seo-gu/서구,KR-26-12,Byeokjin-dong/벽진동,KR-26-12-22
Busan/부산,KR-26,Seo-gu/서구,KR-26-12,Byeon-dong/변동,KR-26-12-23
Busan/부산,KR-26,Seo-gu/서구,KR-26-12,Chipyeong-dong/치평동,KR-26-12-24
Busan/부산,KR-26,Seo-gu/서구,KR-26-12,Chojang-dong/초장동,KR-26-12-25
Busan/부산,KR-26,Seo-gu/서구,KR-26-12,Chungmudong 1(il)-ga/충무동1가,KR-26-12-26
Busan/부산,KR-26,Seo-gu/서구,KR-26-12,Chungmudong 2(i)-ga/충무동2가,KR-26-12-27
Busan/부산,KR-26,Seo-gu/서구,KR-26-12,Chungmudong 3(sam)-ga/충무동3가,KR-26-12-28
Busan/부산,KR-26,Seo-gu/서구,KR-26-12,Chungmu-dong/충무동,KR-26-12-29
Busan/부산,KR-26,Seo-gu/서구,KR-26-12,Daegok-dong/대곡동,KR-26-12-30
Busan/부산,KR-26,Seo-gu/서구,KR-26-12,Daejeondunsanucheguksaseoham/대전둔산우체국사서함,KR-26-12-31
Busan/부산,KR-26,Seo-gu/서구,KR-26-12,Dangha-dong/당하동,KR-26-12-32
Busan/부산,KR-26,Seo-gu/서구,KR-26-12,Deokheung-dong/덕흥동,KR-26-12-33
Busan/부산,KR-26,Seo-gu/서구,KR-26-12,Doan-dong/도안동,KR-26-12-34
Busan/부산,KR-26,Seo-gu/서구,KR-26-12,Doma 1(il)-dong/도마1동,KR-26-12-35
Busan/부산,KR-26,Seo-gu/서구,KR-26-12,Doma 2(i)-dong/도마2동,KR-26-12-36
Busan/부산,KR-26,Seo-gu/서구,KR-26-12,Doma-dong/도마동,KR-26-12-37
Busan/부산,KR-26,Seo-gu/서구,KR-26-12,Dongdaesindong 1(il)-ga/동대신동1가,KR-26-12-38
Busan/부산,KR-26,Seo-gu/서구,KR-26-12,Dongdaesindong 2(i)-ga/동대신동2가,KR-26-12-39
Busan/부산,KR-26,Seo-gu/서구,KR-26-12,Dongdaesindong 3(sam)-ga/동대신동3가,KR-26-12-40
Busan/부산,KR-26,Seo-gu/서구,KR-26-12,Dunsan 1(il)-dong/둔산1동,KR-26-12-41
Busan/부산,KR-26,Seo-gu/서구,KR-26-12,Dunsan 2(i)-dong/둔산2동,KR-26-12-42
Busan/부산,KR-26,Seo-gu/서구,KR-26-12,Dunsan-dong/둔산동,KR-26-12-43
Busan/부산,KR-26,Seo-gu/서구,KR-26-12,Gajang-dong/가장동,KR-26-12-44
Busan/부산,KR-26,Seo-gu/서구,KR-26-12,Gajeong 1(il)-dong/가정1동,KR-26-12-45
Busan/부산,KR-26,Seo-gu/서구,KR-26-12,Gajeong 2(i)-dong/가정2동,KR-26-12-46
Busan/부산,KR-26,Seo-gu/서구,KR-26-12,Gajeong 3(sam)-dong/가정3동,KR-26-12-47
Busan/부산,KR-26,Seo-gu/서구,KR-26-12,Gajeong-dong/가정동,KR-26-12-48
Busan/부산,KR-26,Seo-gu/서구,KR-26-12,Gajwa 1(il)-dong/가좌1동,KR-26-12-49
Busan/부산,KR-26,Seo-gu/서구,KR-26-12,Gajwa 2(i)-dong/가좌2동,KR-26-12-50
Busan/부산,KR-26,Seo-gu/서구,KR-26-12,Gajwa 3(sam)-dong/가좌3동,KR-26-12-51
Busan/부산,KR-26,Seo-gu/서구,KR-26-12,Gajwa 4(sa)-dong/가좌4동,KR-26-12-52
Busan/부산,KR-26,Seo-gu/서구,KR-26-12,Gajwa-dong/가좌동,KR-26-12-53
Busan/부산,KR-26,Seo-gu/서구,KR-26-12,Galma 1(il)-dong/갈마1동,KR-26-12-54
Busan/부산,KR-26,Seo-gu/서구,KR-26-12,Galma 2(i)-dong/갈마2동,KR-26-12-55
Busan/부산,KR-26,Seo-gu/서구,KR-26-12,Galma-dong/갈마동,KR-26-12-56
Busan/부산,KR-26,Seo-gu/서구,KR-26-12,Gasuwon-dong/가수원동,KR-26-12-57
Busan/부산,KR-26,Seo-gu/서구,KR-26-12,Geomam-dong/검암동,KR-26-12-58
Busan/부산,KR-26,Seo-gu/서구,KR-26-12,Geumgok-dong/금곡동,KR-26-12-59
Busan/부산,KR-26,Seo-gu/서구,KR-26-12,Geumho-dong/금호동,KR-26-12-60
Busan/부산,KR-26,Seo-gu/서구,KR-26-12,Goegok-dong/괴곡동,KR-26-12-61
Busan/부산,KR-26,Seo-gu/서구,KR-26-12,Goejeong-dong/괴정동,KR-26-12-62
Busan/부산,KR-26,Seo-gu/서구,KR-26-12,Gongchon-dong/공촌동,KR-26-12-63
Busan/부산,KR-26,Seo-gu/서구,KR-26-12,Gwangcheon-dong/광천동,KR-26-12-64
Busan/부산,KR-26,Seo-gu/서구,KR-26-12,Gwanjeo 1(il)-dong/관저1동,KR-26-12-65
Busan/부산,KR-26,Seo-gu/서구,KR-26-12,Gwanjeo 2(i)-dong/관저2동,KR-26-12-66
Busan/부산,KR-26,Seo-gu/서구,KR-26-12,Gwanjeo-dong/관저동,KR-26-12-67
Busan/부산,KR-26,Seo-gu/서구,KR-26-12,Gyeongseo-dong/경서동,KR-26-12-68
Busan/부산,KR-26,Seo-gu/서구,KR-26-12,Heukseok-dong/흑석동,KR-26-12-69
Busan/부산,KR-26,Seo-gu/서구,KR-26-12,Hwajeong 1(il)-dong/화정1동,KR-26-12-70
Busan/부산,KR-26,Seo-gu/서구,KR-26-12,Hwajeong 2(i)-dong/화정2동,KR-26-12-71
Busan/부산,KR-26,Seo-gu/서구,KR-26-12,Hwajeong 3(sam)-dong/화정3동,KR-26-12-72
Busan/부산,KR-26,Seo-gu/서구,KR-26-12,Hwajeong 4(sa)-dong/화정4동,KR-26-12-73
Busan/부산,KR-26,Seo-gu/서구,KR-26-12,Hwajeong-dong/화정동,KR-26-12-74
Busan/부산,KR-26,Seo-gu/서구,KR-26-12,Ihyeon-dong/이현동,KR-26-12-75
Busan/부산,KR-26,Seo-gu/서구,KR-26-12,Jangan-dong/장안동,KR-26-12-76
Busan/부산,KR-26,Seo-gu/서구,KR-26-12,Jeongrim-dong/정림동,KR-26-12-77
Busan/부산,KR-26,Seo-gu/서구,KR-26-12,Jungri-dong/중리동,KR-26-12-78
Busan/부산,KR-26,Seo-gu/서구,KR-26-12,Maeno-dong/매노동,KR-26-12-79
Busan/부산,KR-26,Seo-gu/서구,KR-26-12,Maewol-dong/매월동,KR-26-12-80
Busan/부산,KR-26,Seo-gu/서구,KR-26-12,Majeon-dong/마전동,KR-26-12-81
Busan/부산,KR-26,Seo-gu/서구,KR-26-12,Mannyeon-dong/만년동,KR-26-12-82
Busan/부산,KR-26,Seo-gu/서구,KR-26-12,Mareuk-dong/마륵동,KR-26-12-83
Busan/부산,KR-26,Seo-gu/서구,KR-26-12,Naebang-dong/내방동,KR-26-12-84
Busan/부산,KR-26,Seo-gu/서구,KR-26-12,Naedang 1(il)-dong/내당1동,KR-26-12-85
Busan/부산,KR-26,Seo-gu/서구,KR-26-12,Naedang 2.3-dong/내당2.3동,KR-26-12-86
Busan/부산,KR-26,Seo-gu/서구,KR-26-12,Naedang 4(sa)-dong/내당4동,KR-26-12-87
Busan/부산,KR-26,Seo-gu/서구,KR-26-12,Naedang-dong/내당동,KR-26-12-88
Busan/부산,KR-26,Seo-gu/서구,KR-26-12,Nae-dong/내동,KR-26-12-89
Busan/부산,KR-26,Seo-gu/서구,KR-26-12,Nambumin 1(il)-dong/남부민1동,KR-26-12-90
Busan/부산,KR-26,Seo-gu/서구,KR-26-12,Nambumin 2(i)-dong/남부민2동,KR-26-12-91
Busan/부산,KR-26,Seo-gu/서구,KR-26-12,Nambumin-dong/남부민동,KR-26-12-92
Busan/부산,KR-26,Seo-gu/서구,KR-26-12,Nongseong 1(il)-dong/농성1동,KR-26-12-93
Busan/부산,KR-26,Seo-gu/서구,KR-26-12,Nongseong 2(i)-dong/농성2동,KR-26-12-94
Busan/부산,KR-26,Seo-gu/서구,KR-26-12,Nongseong-dong/농성동,KR-26-12-95
Busan/부산,KR-26,Seo-gu/서구,KR-26-12,O-dong/오동,KR-26-12-96
Busan/부산,KR-26,Seo-gu/서구,KR-26-12,Oryu-dong/오류동,KR-26-12-97
Busan/부산,KR-26,Seo-gu/서구,KR-26-12,Pungam-dong/풍암동,KR-26-12-98
Busan/부산,KR-26,Seo-gu/서구,KR-26-12,Pyeongchon-dong/평촌동,KR-26-12-99
Busan/부산,KR-26,Seo-gu/서구,KR-26-12,Pyeongri 1(il)-dong/평리1동,KR-26-12-100
Busan/부산,KR-26,Seo-gu/서구,KR-26-12,Pyeongri 2(i)-dong/평리2동,KR-26-12-101
Busan/부산,KR-26,Seo-gu/서구,KR-26-12,Pyeongri 3(sam)-dong/평리3동,KR-26-12-102
Busan/부산,KR-26,Seo-gu/서구,KR-26-12,Pyeongri 4(sa)-dong/평리4동,KR-26-12-103
Busan/부산,KR-26,Seo-gu/서구,KR-26-12,Pyeongri 5(o)-dong/평리5동,KR-26-12-104
Busan/부산,KR-26,Seo-gu/서구,KR-26-12,Pyeongri 6(yuk)-dong/평리6동,KR-26-12-105
Busan/부산,KR-26,Seo-gu/서구,KR-26-12,Pyeongri-dong/평리동,KR-26-12-106
Busan/부산,KR-26,Seo-gu/서구,KR-26-12,Samcheon-dong/삼천동,KR-26-12-107
Busan/부산,KR-26,Seo-gu/서구,KR-26-12,Sangmu 1(il)-dong/상무1동,KR-26-12-108
Busan/부산,KR-26,Seo-gu/서구,KR-26-12,Sangmu 2(i)-dong/상무2동,KR-26-12-109
Busan/부산,KR-26,Seo-gu/서구,KR-26-12,Sangmu-dong/상무동,KR-26-12-110
Busan/부산,KR-26,Seo-gu/서구,KR-26-12,Sangri-dong/상리동,KR-26-12-111
Busan/부산,KR-26,Seo-gu/서구,KR-26-12,Sanjik-dong/산직동,KR-26-12-112
Busan/부산,KR-26,Seo-gu/서구,KR-26-12,Seha-dong/세하동,KR-26-12-113
Busan/부산,KR-26,Seo-gu/서구,KR-26-12,Seochang-dong/서창동,KR-26-12-114
Busan/부산,KR-26,Seo-gu/서구,KR-26-12,Seodaeguucheguksaseoham/서대구우체국사서함,KR-26-12-115
Busan/부산,KR-26,Seo-gu/서구,KR-26-12,Seodaesindong 1(il)-ga/서대신동1가,KR-26-12-116
Busan/부산,KR-26,Seo-gu/서구,KR-26-12,Seodaesindong 2(i)-ga/서대신동2가,KR-26-12-117
Busan/부산,KR-26,Seo-gu/서구,KR-26-12,Seodaesindong 3(sam)-ga/서대신동3가,KR-26-12-118
Busan/부산,KR-26,Seo-gu/서구,KR-26-12,Seogwangjuucheguksaseoham/서광주우체국사서함,KR-26-12-119
Busan/부산,KR-26,Seo-gu/서구,KR-26-12,Seoincheonucheguksaseoham/서인천우체국사서함,KR-26-12-120
Busan/부산,KR-26,Seo-gu/서구,KR-26-12,Seoknam 1(il)-dong/석남1동,KR-26-12-121
Busan/부산,KR-26,Seo-gu/서구,KR-26-12,Seoknam 2(i)-dong/석남2동,KR-26-12-122
Busan/부산,KR-26,Seo-gu/서구,KR-26-12,Seoknam 3(sam)-dong/석남3동,KR-26-12-123
Busan/부산,KR-26,Seo-gu/서구,KR-26-12,Seoknam-dong/석남동,KR-26-12-124
Busan/부산,KR-26,Seo-gu/서구,KR-26-12,Sicheon-dong/시천동,KR-26-12-125
Busan/부산,KR-26,Seo-gu/서구,KR-26-12,Simgok-dong/심곡동,KR-26-12-126
Busan/부산,KR-26,Seo-gu/서구,KR-26-12,Sinhyeon-dong/신현동,KR-26-12-127
Busan/부산,KR-26,Seo-gu/서구,KR-26-12,Ssangchon-dong/쌍촌동,KR-26-12-128
Busan/부산,KR-26,Seo-gu/서구,KR-26-12,Tanbang-dong/탄방동,KR-26-12-129
Busan/부산,KR-26,Seo-gu/서구,KR-26-12,Toseongdong 1(il)-ga/토성동1가,KR-26-12-130
Busan/부산,KR-26,Seo-gu/서구,KR-26-12,Toseongdong 2(i)-ga/토성동2가,KR-26-12-131
Busan/부산,KR-26,Seo-gu/서구,KR-26-12,Toseongdong 3(sam)-ga/토성동3가,KR-26-12-132
Busan/부산,KR-26,Seo-gu/서구,KR-26-12,Toseongdong 4(sa)-ga/토성동4가,KR-26-12-133
Busan/부산,KR-26,Seo-gu/서구,KR-26-12,Toseongdong 5(o)-ga/토성동5가,KR-26-12-134
Busan/부산,KR-26,Seo-gu/서구,KR-26-12,Toseong-dong/토성동,KR-26-12-135
Busan/부산,KR-26,Seo-gu/서구,KR-26-12,Umyeong-dong/우명동,KR-26-12-136
Busan/부산,KR-26,Seo-gu/서구,KR-26-12,Wanggil-dong/왕길동,KR-26-12-137
Busan/부산,KR-26,Seo-gu/서구,KR-26-12,Wolpyeong 1(il)-dong/월평1동,KR-26-12-138
Busan/부산,KR-26,Seo-gu/서구,KR-26-12,Wolpyeong 2(i)-dong/월평2동,KR-26-12-139
Busan/부산,KR-26,Seo-gu/서구,KR-26-12,Wolpyeong 3(sam)-dong/월평3동,KR-26-12-140
Busan/부산,KR-26,Seo-gu/서구,KR-26-12,Wolpyeong-dong/월평동,KR-26-12-141
Busan/부산,KR-26,Seo-gu/서구,KR-26-12,Wonchang-dong/원창동,KR-26-12-142
Busan/부산,KR-26,Seo-gu/서구,KR-26-12,Wondaedong 1(il)-ga/원대동1가,KR-26-12-143
Busan/부산,KR-26,Seo-gu/서구,KR-26-12,Wondaedong 2(i)-ga/원대동2가,KR-26-12-144
Busan/부산,KR-26,Seo-gu/서구,KR-26-12,Wondaedong 3(sam)-ga/원대동3가,KR-26-12-145
Busan/부산,KR-26,Seo-gu/서구,KR-26-12,Wondang-dong/원당동,KR-26-12-146
Busan/부산,KR-26,Seo-gu/서구,KR-26-12,Wonjeong-dong/원정동,KR-26-12-147
Busan/부산,KR-26,Seo-gu/서구,KR-26-12,Yang 1(il)-dong/양1동,KR-26-12-148
Busan/부산,KR-26,Seo-gu/서구,KR-26-12,Yang 2(i)-dong/양2동,KR-26-12-149
Busan/부산,KR-26,Seo-gu/서구,KR-26-12,Yang 3(sam)-dong/양3동,KR-26-12-150
Busan/부산,KR-26,Seo-gu/서구,KR-26-12,Yang-dong/양동,KR-26-12-151
Busan/부산,KR-26,Seo-gu/서구,KR-26-12,Yeonhui-dong/연희동,KR-26-12-152
Busan/부산,KR-26,Seo-gu/서구,KR-26-12,Yongchon-dong/용촌동,KR-26-12-153
Busan/부산,KR-26,Seo-gu/서구,KR-26-12,Yongdu-dong/용두동,KR-26-12-154
Busan/부산,KR-26,Seo-gu/서구,KR-26-12,Yongmun-dong/용문동,KR-26-12-155
Busan/부산,KR-26,Seo-gu/서구,KR-26-12,Yuchon-dong/유촌동,KR-26-12-156
Busan/부산,KR-26,Suyeong-gu/수영구,KR-26-13,Gwangan 1(il)-dong/광안1동,KR-26-13-0
Busan/부산,KR-26,Suyeong-gu/수영구,KR-26-13,Gwangan 2(i)-dong/광안2동,KR-26-13-1
Busan/부산,KR-26,Suyeong-gu/수영구,KR-26-13,Gwangan 3(sam)-dong/광안3동,KR-26-13-2
Busan/부산,KR-26,Suyeong-gu/수영구,KR-26-13,Gwangan 4(sa)-dong/광안4동,KR-26-13-3
Busan/부산,KR-26,Suyeong-gu/수영구,KR-26-13,Gwangan-dong/광안동,KR-26-13-4
Busan/부산,KR-26,Suyeong-gu/수영구,KR-26-13,Mangmi 1(il)-dong/망미1동,KR-26-13-5
Busan/부산,KR-26,Suyeong-gu/수영구,KR-26-13,Mangmi 2(i)-dong/망미2동,KR-26-13-6
Busan/부산,KR-26,Suyeong-gu/수영구,KR-26-13,Mangmi-dong/망미동,KR-26-13-7
Busan/부산,KR-26,Suyeong-gu/수영구,KR-26-13,Minrak-dong/민락동,KR-26-13-8
Busan/부산,KR-26,Suyeong-gu/수영구,KR-26-13,Nambusanucheguksaseoham/남부산우체국사서함,KR-26-13-9
Busan/부산,KR-26,Suyeong-gu/수영구,KR-26-13,Namcheon 1(il)-dong/남천1동,KR-26-13-10
Busan/부산,KR-26,Suyeong-gu/수영구,KR-26-13,Namcheon 2(i)-dong/남천2동,KR-26-13-11
Busan/부산,KR-26,Suyeong-gu/수영구,KR-26-13,Namcheon-dong/남천동,KR-26-13-12
Busan/부산,KR-26,Suyeong-gu/수영구,KR-26-13,Suyeong-dong/수영동,KR-26-13-13
Busan/부산,KR-26,Yeongdo-gu/영도구,KR-26-14,Bongraedong 1(il)-ga/봉래동1가,KR-26-14-0
Busan/부산,KR-26,Yeongdo-gu/영도구,KR-26-14,Bongraedong 2(i)-ga/봉래동2가,KR-26-14-1
Busan/부산,KR-26,Yeongdo-gu/영도구,KR-26-14,Bongraedong 3(sam)-ga/봉래동3가,KR-26-14-2
Busan/부산,KR-26,Yeongdo-gu/영도구,KR-26-14,Bongraedong 4(sa)-ga/봉래동4가,KR-26-14-3
Busan/부산,KR-26,Yeongdo-gu/영도구,KR-26-14,Bongraedong 5(o)-ga/봉래동5가,KR-26-14-4
Busan/부산,KR-26,Yeongdo-gu/영도구,KR-26-14,Bongrae-dong/봉래동,KR-26-14-5
Busan/부산,KR-26,Yeongdo-gu/영도구,KR-26-14,Busanyeongdoucheguksaseoham/부산영도우체국사서함,KR-26-14-6
Busan/부산,KR-26,Yeongdo-gu/영도구,KR-26-14,Cheonghag 1(il)-dong/청학1동,KR-26-14-7
Busan/부산,KR-26,Yeongdo-gu/영도구,KR-26-14,Cheonghag 2(i)-dong/청학2동,KR-26-14-8
Busan/부산,KR-26,Yeongdo-gu/영도구,KR-26-14,Cheonghak-dong/청학동,KR-26-14-9
Busan/부산,KR-26,Yeongdo-gu/영도구,KR-26-14,Daegyodong 1(il)-ga/대교동1가,KR-26-14-10
Busan/부산,KR-26,Yeongdo-gu/영도구,KR-26-14,Daegyodong 2(i)-ga/대교동2가,KR-26-14-11
Busan/부산,KR-26,Yeongdo-gu/영도구,KR-26-14,Daegyo-dong/대교동,KR-26-14-12
Busan/부산,KR-26,Yeongdo-gu/영도구,KR-26-14,Daepyeongdong 1(il)-ga/대평동1가,KR-26-14-13
Busan/부산,KR-26,Yeongdo-gu/영도구,KR-26-14,Daepyeongdong 2(i)-ga/대평동2가,KR-26-14-14
Busan/부산,KR-26,Yeongdo-gu/영도구,KR-26-14,Daepyeong-dong/대평동,KR-26-14-15
Busan/부산,KR-26,Yeongdo-gu/영도구,KR-26-14,Dongsam 1(il)-dong/동삼1동,KR-26-14-16
Busan/부산,KR-26,Yeongdo-gu/영도구,KR-26-14,Dongsam 2(i)-dong/동삼2동,KR-26-14-17
Busan/부산,KR-26,Yeongdo-gu/영도구,KR-26-14,Dongsam 3(sam)-dong/동삼3동,KR-26-14-18
Busan/부산,KR-26,Yeongdo-gu/영도구,KR-26-14,Dongsam-dong/동삼동,KR-26-14-19
Busan/부산,KR-26,Yeongdo-gu/영도구,KR-26-14,Namhangdong 1(il)-ga/남항동1가,KR-26-14-20
Busan/부산,KR-26,Yeongdo-gu/영도구,KR-26-14,Namhangdong 2(i)-ga/남항동2가,KR-26-14-21
Busan/부산,KR-26,Yeongdo-gu/영도구,KR-26-14,Namhangdong 3(sam)-ga/남항동3가,KR-26-14-22
Busan/부산,KR-26,Yeongdo-gu/영도구,KR-26-14,Namhang-dong/남항동,KR-26-14-23
Busan/부산,KR-26,Yeongdo-gu/영도구,KR-26-14,Sinseondong 1(il)-ga/신선동1가,KR-26-14-24
Busan/부산,KR-26,Yeongdo-gu/영도구,KR-26-14,Sinseondong 2(i)-ga/신선동2가,KR-26-14-25
Busan/부산,KR-26,Yeongdo-gu/영도구,KR-26-14,Sinseondong 3(sam)-ga/신선동3가,KR-26-14-26
Busan/부산,KR-26,Yeongdo-gu/영도구,KR-26-14,Sinseon-dong/신선동,KR-26-14-27
Busan/부산,KR-26,Yeongdo-gu/영도구,KR-26-14,Yeongseondong 1(il)-ga/영선동1가,KR-26-14-28
Busan/부산,KR-26,Yeongdo-gu/영도구,KR-26-14,Yeongseondong 2(i)-ga/영선동2가,KR-26-14-29
Busan/부산,KR-26,Yeongdo-gu/영도구,KR-26-14,Yeongseondong 3(sam)-ga/영선동3가,KR-26-14-30
Busan/부산,KR-26,Yeongdo-gu/영도구,KR-26-14,Yeongseondong 4(sa)-ga/영선동4가,KR-26-14-31
Busan/부산,KR-26,Yeongdo-gu/영도구,KR-26-14,Yeongseon-dong/영선동,KR-26-14-32
Busan/부산,KR-26,Yeonje-gu/연제구,KR-26-15,Geoje 1(il)-dong/거제1동,KR-26-15-0
Busan/부산,KR-26,Yeonje-gu/연제구,KR-26-15,Geoje 2(i)-dong/거제2동,KR-26-15-1
Busan/부산,KR-26,Yeonje-gu/연제구,KR-26-15,Geoje 3(sam)-dong/거제3동,KR-26-15-2
Busan/부산,KR-26,Yeonje-gu/연제구,KR-26-15,Geoje 4(sa)-dong/거제4동,KR-26-15-3
Busan/부산,KR-26,Yeonje-gu/연제구,KR-26-15,Geoje-dong/거제동,KR-26-15-4
Busan/부산,KR-26,Yeonje-gu/연제구,KR-26-15,Yeonsan 1(il)-dong/연산1동,KR-26-15-5
Busan/부산,KR-26,Yeonje-gu/연제구,KR-26-15,Yeonsan 2(i)-dong/연산2동,KR-26-15-6
Busan/부산,KR-26,Yeonje-gu/연제구,KR-26-15,Yeonsan 3(sam)-dong/연산3동,KR-26-15-7
Busan/부산,KR-26,Yeonje-gu/연제구,KR-26-15,Yeonsan 4(sa)-dong/연산4동,KR-26-15-8
Busan/부산,KR-26,Yeonje-gu/연제구,KR-26-15,Yeonsan 5(o)-dong/연산5동,KR-26-15-9
Busan/부산,KR-26,Yeonje-gu/연제구,KR-26-15,Yeonsan 6(yuk)-dong/연산6동,KR-26-15-10
Busan/부산,KR-26,Yeonje-gu/연제구,KR-26-15,Yeonsan 8(pal)-dong/연산8동,KR-26-15-11
Busan/부산,KR-26,Yeonje-gu/연제구,KR-26-15,Yeonsan 9(gu)-dong/연산9동,KR-26-15-12
Busan/부산,KR-26,Yeonje-gu/연제구,KR-26-15,Yeonsan-dong/연산동,KR-26-15-13
Chungcheongbuk-do/충북,KR-43,Boeun-gun/보은군,KR-43-0,Boeun-eup/보은읍,KR-43-0-0
Chungcheongbuk-do/충북,KR-43,Boeun-gun/보은군,KR-43-0,Hoein-myeon/회인면,KR-43-0-1
Chungcheongbuk-do/충북,KR-43,Boeun-gun/보은군,KR-43-0,Hoenam-myeon/회남면,KR-43-0-2
Chungcheongbuk-do/충북,KR-43,Boeun-gun/보은군,KR-43-0,Jangan-myeon/장안면,KR-43-0-3
Chungcheongbuk-do/충북,KR-43,Boeun-gun/보은군,KR-43-0,Maro-myeon/마로면,KR-43-0-4
Chungcheongbuk-do/충북,KR-43,Boeun-gun/보은군,KR-43-0,Naebuk-myeon/내북면,KR-43-0-5
Chungcheongbuk-do/충북,KR-43,Boeun-gun/보은군,KR-43-0,Samseung-myeon/삼승면,KR-43-0-6
Chungcheongbuk-do/충북,KR-43,Boeun-gun/보은군,KR-43-0,Sanoe-myeon/산외면,KR-43-0-7
Chungcheongbuk-do/충북,KR-43,Boeun-gun/보은군,KR-43-0,Sokrisan-myeon/속리산면,KR-43-0-8
Chungcheongbuk-do/충북,KR-43,Boeun-gun/보은군,KR-43-0,Suhan-myeon/수한면,KR-43-0-9
Chungcheongbuk-do/충북,KR-43,Boeun-gun/보은군,KR-43-0,Tanbu-myeon/탄부면,KR-43-0-10
Chungcheongbuk-do/충북,KR-43,Cheongwon-gun/청원군,KR-43-1,Bugi-myeon/북이면,KR-43-1-0
Chungcheongbuk-do/충북,KR-43,Cheongwon-gun/청원군,KR-43-1,Buyong-myeon/부용면,KR-43-1-1
Chungcheongbuk-do/충북,KR-43,Cheongwon-gun/청원군,KR-43-1,Gadeok-myeon/가덕면,KR-43-1-2
Chungcheongbuk-do/충북,KR-43,Cheongwon-gun/청원군,KR-43-1,Gangnae-myeon/강내면,KR-43-1-3
Chungcheongbuk-do/충북,KR-43,Cheongwon-gun/청원군,KR-43-1,Gangoe-myeon/강외면,KR-43-1-4
Chungcheongbuk-do/충북,KR-43,Cheongwon-gun/청원군,KR-43-1,Hyeondo-myeon/현도면,KR-43-1-5
Chungcheongbuk-do/충북,KR-43,Cheongwon-gun/청원군,KR-43-1,Miwon-myeon/미원면,KR-43-1-6
Chungcheongbuk-do/충북,KR-43,Cheongwon-gun/청원군,KR-43-1,Munui-myeon/문의면,KR-43-1-7
Chungcheongbuk-do/충북,KR-43,Cheongwon-gun/청원군,KR-43-1,Naesu-eup/내수읍,KR-43-1-8
Chungcheongbuk-do/충북,KR-43,Cheongwon-gun/청원군,KR-43-1,Namil-myeon/남일면,KR-43-1-9
Chungcheongbuk-do/충북,KR-43,Cheongwon-gun/청원군,KR-43-1,Nami-myeon/남이면,KR-43-1-10
Chungcheongbuk-do/충북,KR-43,Cheongwon-gun/청원군,KR-43-1,Nangseong-myeon/낭성면,KR-43-1-11
Chungcheongbuk-do/충북,KR-43,Cheongwon-gun/청원군,KR-43-1,Ochang-eup/오창읍,KR-43-1-12
Chungcheongbuk-do/충북,KR-43,Cheongwon-gun/청원군,KR-43-1,Oksan-myeon/옥산면,KR-43-1-13
Chungcheongbuk-do/충북,KR-43,Chungju-si/충주시,KR-43-2,Angseong-myeon/앙성면,KR-43-2-0
Chungcheongbuk-do/충북,KR-43,Chungju-si/충주시,KR-43-2,Anrim-dong/안림동,KR-43-2-1
Chungcheongbuk-do/충북,KR-43,Chungju-si/충주시,KR-43-2,Bongbang-dong/봉방동,KR-43-2-2
Chungcheongbuk-do/충북,KR-43,Chungju-si/충주시,KR-43-2,Chilgeum-dong/칠금동,KR-43-2-3
Chungcheongbuk-do/충북,KR-43,Chungju-si/충주시,KR-43-2,Chungin-dong/충인동,KR-43-2-4
Chungcheongbuk-do/충북,KR-43,Chungju-si/충주시,KR-43-2,Chungjuucheguksaseoham/충주우체국사서함,KR-43-2-5
Chungcheongbuk-do/충북,KR-43,Chungju-si/충주시,KR-43-2,Chungui-dong/충의동,KR-43-2-6
Chungcheongbuk-do/충북,KR-43,Chungju-si/충주시,KR-43-2,Dalcheon-dong/달천동,KR-43-2-7
Chungcheongbuk-do/충북,KR-43,Chungju-si/충주시,KR-43-2,Danwol-dong/단월동,KR-43-2-8
Chungcheongbuk-do/충북,KR-43,Chungju-si/충주시,KR-43-2,Dongryang-myeon/동량면,KR-43-2-9
Chungcheongbuk-do/충북,KR-43,Chungju-si/충주시,KR-43-2,Eomjeong-myeon/엄정면,KR-43-2-10
Chungcheongbuk-do/충북,KR-43,Chungju-si/충주시,KR-43-2,Gageum-myeon/가금면,KR-43-2-11
Chungcheongbuk-do/충북,KR-43,Chungju-si/충주시,KR-43-2,Gaju-dong/가주동,KR-43-2-12
Chungcheongbuk-do/충북,KR-43,Chungju-si/충주시,KR-43-2,Geumga-myeon/금가면,KR-43-2-13
Chungcheongbuk-do/충북,KR-43,Chungju-si/충주시,KR-43-2,Geumreung-dong/금릉동,KR-43-2-14
Chungcheongbuk-do/충북,KR-43,Chungju-si/충주시,KR-43-2,Gyohyeon 1(il)-dong/교현1동,KR-43-2-15
Chungcheongbuk-do/충북,KR-43,Chungju-si/충주시,KR-43-2,Gyohyeon 2(i)-dong/교현2동,KR-43-2-16
Chungcheongbuk-do/충북,KR-43,Chungju-si/충주시,KR-43-2,Gyohyeon-dong/교현동,KR-43-2-17
Chungcheongbuk-do/충북,KR-43,Chungju-si/충주시,KR-43-2,Hoam-dong/호암동,KR-43-2-18
Chungcheongbuk-do/충북,KR-43,Chungju-si/충주시,KR-43-2,Iryu-myeon/이류면,KR-43-2-19
Chungcheongbuk-do/충북,KR-43,Chungju-si/충주시,KR-43-2,Jihyeon-dong/지현동,KR-43-2-20
Chungcheongbuk-do/충북,KR-43,Chungju-si/충주시,KR-43-2,Jik-dong/직동,KR-43-2-21
Chungcheongbuk-do/충북,KR-43,Chungju-si/충주시,KR-43-2,Jongmin-dong/종민동,KR-43-2-22
Chungcheongbuk-do/충북,KR-43,Chungju-si/충주시,KR-43-2,Judeog-eup/주덕읍,KR-43-2-23
Chungcheongbuk-do/충북,KR-43,Chungju-si/충주시,KR-43-2,Mokbeol-dong/목벌동,KR-43-2-24
Chungcheongbuk-do/충북,KR-43,Chungju-si/충주시,KR-43-2,Mokhaeng-dong/목행동,KR-43-2-25
Chungcheongbuk-do/충북,KR-43,Chungju-si/충주시,KR-43-2,Munhwa-dong/문화동,KR-43-2-26
Chungcheongbuk-do/충북,KR-43,Chungju-si/충주시,KR-43-2,Noeun-myeon/노은면,KR-43-2-27
Chungcheongbuk-do/충북,KR-43,Chungju-si/충주시,KR-43-2,Pung-dong/풍동,KR-43-2-28
Chungcheongbuk-do/충북,KR-43,Chungju-si/충주시,KR-43-2,Salmi-myeon/살미면,KR-43-2-29
Chungcheongbuk-do/충북,KR-43,Chungju-si/충주시,KR-43-2,Sancheok-myeon/산척면,KR-43-2-30
Chungcheongbuk-do/충북,KR-43,Chungju-si/충주시,KR-43-2,Seongnae-dong/성내동,KR-43-2-31
Chungcheongbuk-do/충북,KR-43,Chungju-si/충주시,KR-43-2,Seongnam-dong/성남동,KR-43-2-32
Chungcheongbuk-do/충북,KR-43,Chungju-si/충주시,KR-43-2,Seongseo-dong/성서동,KR-43-2-33
Chungcheongbuk-do/충북,KR-43,Chungju-si/충주시,KR-43-2,Sinni-myeon/신니면,KR-43-2-34
Chungcheongbuk-do/충북,KR-43,Chungju-si/충주시,KR-43-2,Sotae-myeon/소태면,KR-43-2-35
Chungcheongbuk-do/충북,KR-43,Chungju-si/충주시,KR-43-2,Suanbo-myeon/수안보면,KR-43-2-36
Chungcheongbuk-do/충북,KR-43,Chungju-si/충주시,KR-43-2,Yeonsu-dong/연수동,KR-43-2-37
Chungcheongbuk-do/충북,KR-43,Chungju-si/충주시,KR-43-2,Yongdu-dong/용두동,KR-43-2-38
Chungcheongbuk-do/충북,KR-43,Chungju-si/충주시,KR-43-2,Yonggwan-dong/용관동,KR-43-2-39
Chungcheongbuk-do/충북,KR-43,Chungju-si/충주시,KR-43-2,Yongsan-dong/용산동,KR-43-2-40
Chungcheongbuk-do/충북,KR-43,Chungju-si/충주시,KR-43-2,Yongtan-dong/용탄동,KR-43-2-41
Chungcheongbuk-do/충북,KR-43,Danyang-gun/단양군,KR-43-3,Daegang-myeon/대강면,KR-43-3-0
Chungcheongbuk-do/충북,KR-43,Danyang-gun/단양군,KR-43-3,Danseong-myeon/단성면,KR-43-3-1
Chungcheongbuk-do/충북,KR-43,Danyang-gun/단양군,KR-43-3,Danyang-eup/단양읍,KR-43-3-2
Chungcheongbuk-do/충북,KR-43,Danyang-gun/단양군,KR-43-3,Eosangcheon-myeon/어상천면,KR-43-3-3
Chungcheongbuk-do/충북,KR-43,Danyang-gun/단양군,KR-43-3,Gagok-myeon/가곡면,KR-43-3-4
Chungcheongbuk-do/충북,KR-43,Danyang-gun/단양군,KR-43-3,Jeokseong-myeon/적성면,KR-43-3-5
Chungcheongbuk-do/충북,KR-43,Danyang-gun/단양군,KR-43-3,Maepo-eup/매포읍,KR-43-3-6
Chungcheongbuk-do/충북,KR-43,Danyang-gun/단양군,KR-43-3,Yeongchun-myeon/영춘면,KR-43-3-7
Chungcheongbuk-do/충북,KR-43,Eumseong-gun/음성군,KR-43-4,Daeso-myeon/대소면,KR-43-4-0
Chungcheongbuk-do/충북,KR-43,Eumseong-gun/음성군,KR-43-4,Eumseong-eup/음성읍,KR-43-4-1
Chungcheongbuk-do/충북,KR-43,Eumseong-gun/음성군,KR-43-4,Gamgok-myeon/감곡면,KR-43-4-2
Chungcheongbuk-do/충북,KR-43,Eumseong-gun/음성군,KR-43-4,Geumwang-eup/금왕읍,KR-43-4-3
Chungcheongbuk-do/충북,KR-43,Eumseong-gun/음성군,KR-43-4,Maengdong-myeon/맹동면,KR-43-4-4
Chungcheongbuk-do/충북,KR-43,Eumseong-gun/음성군,KR-43-4,Saenggeuk-myeon/생극면,KR-43-4-5
Chungcheongbuk-do/충북,KR-43,Eumseong-gun/음성군,KR-43-4,Samseong-myeon/삼성면,KR-43-4-6
Chungcheongbuk-do/충북,KR-43,Eumseong-gun/음성군,KR-43-4,Soi-myeon/소이면,KR-43-4-7
Chungcheongbuk-do/충북,KR-43,Eumseong-gun/음성군,KR-43-4,Wonnam-myeon/원남면,KR-43-4-8
Chungcheongbuk-do/충북,KR-43,Goesan-gun/괴산군,KR-43-5,Buljeong-myeon/불정면,KR-43-5-0
Chungcheongbuk-do/충북,KR-43,Goesan-gun/괴산군,KR-43-5,Cheongan-myeon/청안면,KR-43-5-1
Chungcheongbuk-do/충북,KR-43,Goesan-gun/괴산군,KR-43-5,Cheongcheon-myeon/청천면,KR-43-5-2
Chungcheongbuk-do/충북,KR-43,Goesan-gun/괴산군,KR-43-5,Chilseong-myeon/칠성면,KR-43-5-3
Chungcheongbuk-do/충북,KR-43,Goesan-gun/괴산군,KR-43-5,Gammul-myeon/감물면,KR-43-5-4
Chungcheongbuk-do/충북,KR-43,Goesan-gun/괴산군,KR-43-5,Goesan-eup/괴산읍,KR-43-5-5
Chungcheongbuk-do/충북,KR-43,Goesan-gun/괴산군,KR-43-5,Jangyeon-myeon/장연면,KR-43-5-6
Chungcheongbuk-do/충북,KR-43,Goesan-gun/괴산군,KR-43-5,Mungwang-myeon/문광면,KR-43-5-7
Chungcheongbuk-do/충북,KR-43,Goesan-gun/괴산군,KR-43-5,Sari-myeon/사리면,KR-43-5-8
Chungcheongbuk-do/충북,KR-43,Goesan-gun/괴산군,KR-43-5,Sosu-myeon/소수면,KR-43-5-9
Chungcheongbuk-do/충북,KR-43,Goesan-gun/괴산군,KR-43-5,Yeonpung-myeon/연풍면,KR-43-5-10
Chungcheongbuk-do/충북,KR-43,Heungdeok-gu Cheongju-si/청주시 흥덕구,KR-43-6,Biha-dong/비하동,KR-43-6-0
Chungcheongbuk-do/충북,KR-43,Heungdeok-gu Cheongju-si/청주시 흥덕구,KR-43-6,Bokdae 1(il)-dong/복대1동,KR-43-6-1
Chungcheongbuk-do/충북,KR-43,Heungdeok-gu Cheongju-si/청주시 흥덕구,KR-43-6,Bokdae 2(i)-dong/복대2동,KR-43-6-2
Chungcheongbuk-do/충북,KR-43,Heungdeok-gu Cheongju-si/청주시 흥덕구,KR-43-6,Bokdae-dong/복대동,KR-43-6-3
Chungcheongbuk-do/충북,KR-43,Heungdeok-gu Cheongju-si/청주시 흥덕구,KR-43-6,Bongmyeong 1(il)-dong/봉명1동,KR-43-6-4
Chungcheongbuk-do/충북,KR-43,Heungdeok-gu Cheongju-si/청주시 흥덕구,KR-43-6,Bongmyeong 2(i)-dong/봉명2동,KR-43-6-5
Chungcheongbuk-do/충북,KR-43,Heungdeok-gu Cheongju-si/청주시 흥덕구,KR-43-6,Bongmyeong-dong/봉명동,KR-43-6-6
Chungcheongbuk-do/충북,KR-43,Heungdeok-gu Cheongju-si/청주시 흥덕구,KR-43-6,Bunpyeong-dong/분평동,KR-43-6-7
Chungcheongbuk-do/충북,KR-43,Heungdeok-gu Cheongju-si/청주시 흥덕구,KR-43-6,Dongmak-dong/동막동,KR-43-6-8
Chungcheongbuk-do/충북,KR-43,Heungdeok-gu Cheongju-si/청주시 흥덕구,KR-43-6,Gaesin-dong/개신동,KR-43-6-9
Chungcheongbuk-do/충북,KR-43,Heungdeok-gu Cheongju-si/청주시 흥덕구,KR-43-6,Gagyeong-dong/가경동,KR-43-6-10
Chungcheongbuk-do/충북,KR-43,Heungdeok-gu Cheongju-si/청주시 흥덕구,KR-43-6,Gangseo 1(il)-dong/강서1동,KR-43-6-11
Chungcheongbuk-do/충북,KR-43,Heungdeok-gu Cheongju-si/청주시 흥덕구,KR-43-6,Gangseo 2(i)-dong/강서2동,KR-43-6-12
Chungcheongbuk-do/충북,KR-43,Heungdeok-gu Cheongju-si/청주시 흥덕구,KR-43-6,Gangseo-dong/강서동,KR-43-6-13
Chungcheongbuk-do/충북,KR-43,Heungdeok-gu Cheongju-si/청주시 흥덕구,KR-43-6,Hwagye-dong/화계동,KR-43-6-14
Chungcheongbuk-do/충북,KR-43,Heungdeok-gu Cheongju-si/청주시 흥덕구,KR-43-6,Hyangjeong-dong/향정동,KR-43-6-15
Chungcheongbuk-do/충북,KR-43,Heungdeok-gu Cheongju-si/청주시 흥덕구,KR-43-6,Hyeonam-dong/현암동,KR-43-6-16
Chungcheongbuk-do/충북,KR-43,Heungdeok-gu Cheongju-si/청주시 흥덕구,KR-43-6,Hyuam-dong/휴암동,KR-43-6-17
Chungcheongbuk-do/충북,KR-43,Heungdeok-gu Cheongju-si/청주시 흥덕구,KR-43-6,Jangam-dong/장암동,KR-43-6-18
Chungcheongbuk-do/충북,KR-43,Heungdeok-gu Cheongju-si/청주시 흥덕구,KR-43-6,Jangseong-dong/장성동,KR-43-6-19
Chungcheongbuk-do/충북,KR-43,Heungdeok-gu Cheongju-si/청주시 흥덕구,KR-43-6,Jeongbong-dong/정봉동,KR-43-6-20
Chungcheongbuk-do/충북,KR-43,Heungdeok-gu Cheongju-si/청주시 흥덕구,KR-43-6,Jidong-dong/지동동,KR-43-6-21
Chungcheongbuk-do/충북,KR-43,Heungdeok-gu Cheongju-si/청주시 흥덕구,KR-43-6,Jukrim-dong/죽림동,KR-43-6-22
Chungcheongbuk-do/충북,KR-43,Heungdeok-gu Cheongju-si/청주시 흥덕구,KR-43-6,Mipyeong-dong/미평동,KR-43-6-23
Chungcheongbuk-do/충북,KR-43,Heungdeok-gu Cheongju-si/청주시 흥덕구,KR-43-6,Mochung-dong/모충동,KR-43-6-24
Chungcheongbuk-do/충북,KR-43,Heungdeok-gu Cheongju-si/청주시 흥덕구,KR-43-6,Munam-dong/문암동,KR-43-6-25
Chungcheongbuk-do/충북,KR-43,Heungdeok-gu Cheongju-si/청주시 흥덕구,KR-43-6,Naegok-dong/내곡동,KR-43-6-26
Chungcheongbuk-do/충북,KR-43,Heungdeok-gu Cheongju-si/청주시 흥덕구,KR-43-6,Namchon-dong/남촌동,KR-43-6-27
Chungcheongbuk-do/충북,KR-43,Heungdeok-gu Cheongju-si/청주시 흥덕구,KR-43-6,Oebuk-dong/외북동,KR-43-6-28
Chungcheongbuk-do/충북,KR-43,Heungdeok-gu Cheongju-si/청주시 흥덕구,KR-43-6,Pyeong-dong/평동,KR-43-6-29
Chungcheongbuk-do/충북,KR-43,Heungdeok-gu Cheongju-si/청주시 흥덕구,KR-43-6,Sachang-dong/사창동,KR-43-6-30
Chungcheongbuk-do/충북,KR-43,Heungdeok-gu Cheongju-si/청주시 흥덕구,KR-43-6,Sajig 1(il)-dong/사직1동,KR-43-6-31
Chungcheongbuk-do/충북,KR-43,Heungdeok-gu Cheongju-si/청주시 흥덕구,KR-43-6,Sajig 2(i)-dong/사직2동,KR-43-6-32
Chungcheongbuk-do/충북,KR-43,Heungdeok-gu Cheongju-si/청주시 흥덕구,KR-43-6,Sajik-dong/사직동,KR-43-6-33
Chungcheongbuk-do/충북,KR-43,Heungdeok-gu Cheongju-si/청주시 흥덕구,KR-43-6,Sangsin-dong/상신동,KR-43-6-34
Chungcheongbuk-do/충북,KR-43,Heungdeok-gu Cheongju-si/청주시 흥덕구,KR-43-6,Sannam-dong/산남동,KR-43-6-35
Chungcheongbuk-do/충북,KR-43,Heungdeok-gu Cheongju-si/청주시 흥덕구,KR-43-6,Seocheongjuucheguksaseoham/서청주우체국사서함,KR-43-6-36
Chungcheongbuk-do/충북,KR-43,Heungdeok-gu Cheongju-si/청주시 흥덕구,KR-43-6,Seochon-dong/서촌동,KR-43-6-37
Chungcheongbuk-do/충북,KR-43,Heungdeok-gu Cheongju-si/청주시 흥덕구,KR-43-6,Seokgok-dong/석곡동,KR-43-6-38
Chungcheongbuk-do/충북,KR-43,Heungdeok-gu Cheongju-si/청주시 흥덕구,KR-43-6,Seokso-dong/석소동,KR-43-6-39
Chungcheongbuk-do/충북,KR-43,Heungdeok-gu Cheongju-si/청주시 흥덕구,KR-43-6,Seonghwa-dong/성화동,KR-43-6-40
Chungcheongbuk-do/충북,KR-43,Heungdeok-gu Cheongju-si/청주시 흥덕구,KR-43-6,Sinbong-dong/신봉동,KR-43-6-41
Chungcheongbuk-do/충북,KR-43,Heungdeok-gu Cheongju-si/청주시 흥덕구,KR-43-6,Sinchon-dong/신촌동,KR-43-6-42
Chungcheongbuk-do/충북,KR-43,Heungdeok-gu Cheongju-si/청주시 흥덕구,KR-43-6,Sindae-dong/신대동,KR-43-6-43
Chungcheongbuk-do/충북,KR-43,Heungdeok-gu Cheongju-si/청주시 흥덕구,KR-43-6,Sinjeon-dong/신전동,KR-43-6-44
Chungcheongbuk-do/충북,KR-43,Heungdeok-gu Cheongju-si/청주시 흥덕구,KR-43-6,Sinseong-dong/신성동,KR-43-6-45
Chungcheongbuk-do/충북,KR-43,Heungdeok-gu Cheongju-si/청주시 흥덕구,KR-43-6,Songjeol-dong/송절동,KR-43-6-46
Chungcheongbuk-do/충북,KR-43,Heungdeok-gu Cheongju-si/청주시 흥덕구,KR-43-6,Songjeong-dong/송정동,KR-43-6-47
Chungcheongbuk-do/충북,KR-43,Heungdeok-gu Cheongju-si/청주시 흥덕구,KR-43-6,Sugog 1(il)-dong/수곡1동,KR-43-6-48
Chungcheongbuk-do/충북,KR-43,Heungdeok-gu Cheongju-si/청주시 흥덕구,KR-43-6,Sugog 2(i)-dong/수곡2동,KR-43-6-49
Chungcheongbuk-do/충북,KR-43,Heungdeok-gu Cheongju-si/청주시 흥덕구,KR-43-6,Sugok-dong/수곡동,KR-43-6-50
Chungcheongbuk-do/충북,KR-43,Heungdeok-gu Cheongju-si/청주시 흥덕구,KR-43-6,Suui-dong/수의동,KR-43-6-51
Chungcheongbuk-do/충북,KR-43,Heungdeok-gu Cheongju-si/청주시 흥덕구,KR-43-6,Uncheon-dong/운천동,KR-43-6-52
Chungcheongbuk-do/충북,KR-43,Heungdeok-gu Cheongju-si/청주시 흥덕구,KR-43-6,Wonpyeong-dong/원평동,KR-43-6-53
Chungcheongbuk-do/충북,KR-43,Jecheon-si/제천시,KR-43-7,Baegun-myeon/백운면,KR-43-7-0
Chungcheongbuk-do/충북,KR-43,Jecheon-si/제천시,KR-43-7,Bongyang-eup/봉양읍,KR-43-7-1
Chungcheongbuk-do/충북,KR-43,Jecheon-si/제천시,KR-43-7,Cheongjeon-dong/청전동,KR-43-7-2
Chungcheongbuk-do/충북,KR-43,Jecheon-si/제천시,KR-43-7,Cheongpung-myeon/청풍면,KR-43-7-3
Chungcheongbuk-do/충북,KR-43,Jecheon-si/제천시,KR-43-7,Cheonnam-dong/천남동,KR-43-7-4
Chungcheongbuk-do/충북,KR-43,Jecheon-si/제천시,KR-43-7,Daerang-dong/대랑동,KR-43-7-5
Chungcheongbuk-do/충북,KR-43,Jecheon-si/제천시,KR-43-7,Deoksan-myeon/덕산면,KR-43-7-6
Chungcheongbuk-do/충북,KR-43,Jecheon-si/제천시,KR-43-7,Donghyeon-dong/동현동,KR-43-7-7
Chungcheongbuk-do/충북,KR-43,Jecheon-si/제천시,KR-43-7,Duhak-dong/두학동,KR-43-7-8
Chungcheongbuk-do/충북,KR-43,Jecheon-si/제천시,KR-43-7,Gangje-dong/강제동,KR-43-7-9
Chungcheongbuk-do/충북,KR-43,Jecheon-si/제천시,KR-43-7,Geumseong-myeon/금성면,KR-43-7-10
Chungcheongbuk-do/충북,KR-43,Jecheon-si/제천시,KR-43-7,Goam-dong/고암동,KR-43-7-11
Chungcheongbuk-do/충북,KR-43,Jecheon-si/제천시,KR-43-7,Gomyeong-dong/고명동,KR-43-7-12
Chungcheongbuk-do/충북,KR-43,Jecheon-si/제천시,KR-43-7,Gyo-dong/교동,KR-43-7-13
Chungcheongbuk-do/충북,KR-43,Jecheon-si/제천시,KR-43-7,Hansu-myeon/한수면,KR-43-7-14
Chungcheongbuk-do/충북,KR-43,Jecheon-si/제천시,KR-43-7,Haso-dong/하소동,KR-43-7-15
Chungcheongbuk-do/충북,KR-43,Jecheon-si/제천시,KR-43-7,Heukseok-dong/흑석동,KR-43-7-16
Chungcheongbuk-do/충북,KR-43,Jecheon-si/제천시,KR-43-7,Hwasan-dong/화산동,KR-43-7-17
Chungcheongbuk-do/충북,KR-43,Jecheon-si/제천시,KR-43-7,Jajak-dong/자작동,KR-43-7-18
Chungcheongbuk-do/충북,KR-43,Jecheon-si/제천시,KR-43-7,Jangrak-dong/장락동,KR-43-7-19
Chungcheongbuk-do/충북,KR-43,Jecheon-si/제천시,KR-43-7,Jecheonucheguksaseoham/제천우체국사서함,KR-43-7-20
Chungcheongbuk-do/충북,KR-43,Jecheon-si/제천시,KR-43-7,Jungangro 1(il)-ga/중앙로1가,KR-43-7-21
Chungcheongbuk-do/충북,KR-43,Jecheon-si/제천시,KR-43-7,Jungangro 2(i)-ga/중앙로2가,KR-43-7-22
Chungcheongbuk-do/충북,KR-43,Jecheon-si/제천시,KR-43-7,Mosan-dong/모산동,KR-43-7-23
Chungcheongbuk-do/충북,KR-43,Jecheon-si/제천시,KR-43-7,Myeong-dong/명동,KR-43-7-24
Chungcheongbuk-do/충북,KR-43,Jecheon-si/제천시,KR-43-7,Myeongji-dong/명지동,KR-43-7-25
Chungcheongbuk-do/충북,KR-43,Jecheon-si/제천시,KR-43-7,Namcheon-dong/남천동,KR-43-7-26
Chungcheongbuk-do/충북,KR-43,Jecheon-si/제천시,KR-43-7,Sangok-dong/산곡동,KR-43-7-27
Chungcheongbuk-do/충북,KR-43,Jecheon-si/제천시,KR-43-7,Seobu-dong/서부동,KR-43-7-28
Chungcheongbuk-do/충북,KR-43,Jecheon-si/제천시,KR-43-7,Sinbaek-dong/신백동,KR-43-7-29
Chungcheongbuk-do/충북,KR-43,Jecheon-si/제천시,KR-43-7,Sin-dong/신동,KR-43-7-30
Chungcheongbuk-do/충북,KR-43,Jecheon-si/제천시,KR-43-7,Sinwol-dong/신월동,KR-43-7-31
Chungcheongbuk-do/충북,KR-43,Jecheon-si/제천시,KR-43-7,Songhak-myeon/송학면,KR-43-7-32
Chungcheongbuk-do/충북,KR-43,Jecheon-si/제천시,KR-43-7,Susan-myeon/수산면,KR-43-7-33
Chungcheongbuk-do/충북,KR-43,Jecheon-si/제천시,KR-43-7,Uirim-dong/의림동,KR-43-7-34
Chungcheongbuk-do/충북,KR-43,Jecheon-si/제천시,KR-43-7,Wangam-dong/왕암동,KR-43-7-35
Chungcheongbuk-do/충북,KR-43,Jecheon-si/제천시,KR-43-7,Yeongcheon-dong/영천동,KR-43-7-36
Chungcheongbuk-do/충북,KR-43,Jeungpyeong-gun/증평군,KR-43-8,Doan-myeon/도안면,KR-43-8-0
Chungcheongbuk-do/충북,KR-43,Jeungpyeong-gun/증평군,KR-43-8,Jeungpyeong-eup/증평읍,KR-43-8-1
Chungcheongbuk-do/충북,KR-43,Jincheon-gun/진천군,KR-43-9,Baekgok-myeon/백곡면,KR-43-9-0
Chungcheongbuk-do/충북,KR-43,Jincheon-gun/진천군,KR-43-9,Chopyeong-myeon/초평면,KR-43-9-1
Chungcheongbuk-do/충북,KR-43,Jincheon-gun/진천군,KR-43-9,Deoksan-myeon/덕산면,KR-43-9-2
Chungcheongbuk-do/충북,KR-43,Jincheon-gun/진천군,KR-43-9,Gwanghyewon-myeon/광혜원면,KR-43-9-3
Chungcheongbuk-do/충북,KR-43,Jincheon-gun/진천군,KR-43-9,Iwol-myeon/이월면,KR-43-9-4
Chungcheongbuk-do/충북,KR-43,Jincheon-gun/진천군,KR-43-9,Jincheon-eup/진천읍,KR-43-9-5
Chungcheongbuk-do/충북,KR-43,Jincheon-gun/진천군,KR-43-9,Munbaek-myeon/문백면,KR-43-9-6
Chungcheongbuk-do/충북,KR-43,Okcheon-gun/옥천군,KR-43-10,Annae-myeon/안내면,KR-43-10-0
Chungcheongbuk-do/충북,KR-43,Okcheon-gun/옥천군,KR-43-10,Annam-myeon/안남면,KR-43-10-1
Chungcheongbuk-do/충북,KR-43,Okcheon-gun/옥천군,KR-43-10,Cheongsan-myeon/청산면,KR-43-10-2
Chungcheongbuk-do/충북,KR-43,Okcheon-gun/옥천군,KR-43-10,Cheongseong-myeon/청성면,KR-43-10-3
Chungcheongbuk-do/충북,KR-43,Okcheon-gun/옥천군,KR-43-10,Dongi-myeon/동이면,KR-43-10-4
Chungcheongbuk-do/충북,KR-43,Okcheon-gun/옥천군,KR-43-10,Gunbuk-myeon/군북면,KR-43-10-5
Chungcheongbuk-do/충북,KR-43,Okcheon-gun/옥천군,KR-43-10,Gunseo-myeon/군서면,KR-43-10-6
Chungcheongbuk-do/충북,KR-43,Okcheon-gun/옥천군,KR-43-10,Iwon-myeon/이원면,KR-43-10-7
Chungcheongbuk-do/충북,KR-43,Okcheon-gun/옥천군,KR-43-10,Okcheon-eup/옥천읍,KR-43-10-8
Chungcheongbuk-do/충북,KR-43,Sangdang-gu Cheongju-si/청주시 상당구,KR-43-11,Bangseo-dong/방서동,KR-43-11-0
Chungcheongbuk-do/충북,KR-43,Sangdang-gu Cheongju-si/청주시 상당구,KR-43-11,Bukmunro 1(il)-ga/북문로1가,KR-43-11-1
Chungcheongbuk-do/충북,KR-43,Sangdang-gu Cheongju-si/청주시 상당구,KR-43-11,Bukmunro 2(i)-ga/북문로2가,KR-43-11-2
Chungcheongbuk-do/충북,KR-43,Sangdang-gu Cheongju-si/청주시 상당구,KR-43-11,Bukmunro 3(sam)-ga/북문로3가,KR-43-11-3
Chungcheongbuk-do/충북,KR-43,Sangdang-gu Cheongju-si/청주시 상당구,KR-43-11,Cheongjuucheguksaseoham/청주우체국사서함,KR-43-11-4
Chungcheongbuk-do/충북,KR-43,Sangdang-gu Cheongju-si/청주시 상당구,KR-43-11,Daeseong-dong/대성동,KR-43-11-5
Chungcheongbuk-do/충북,KR-43,Sangdang-gu Cheongju-si/청주시 상당구,KR-43-11,Geumcheon-dong/금천동,KR-43-11-6
Chungcheongbuk-do/충북,KR-43,Sangdang-gu Cheongju-si/청주시 상당구,KR-43-11,Jeongbuk-dong/정북동,KR-43-11-7
Chungcheongbuk-do/충북,KR-43,Sangdang-gu Cheongju-si/청주시 상당구,KR-43-11,Jeongha-dong/정하동,KR-43-11-8
Chungcheongbuk-do/충북,KR-43,Sangdang-gu Cheongju-si/청주시 상당구,KR-43-11,Jeongsang-dong/정상동,KR-43-11-9
Chungcheongbuk-do/충북,KR-43,Sangdang-gu Cheongju-si/청주시 상당구,KR-43-11,Jibuk-dong/지북동,KR-43-11-10
Chungcheongbuk-do/충북,KR-43,Sangdang-gu Cheongju-si/청주시 상당구,KR-43-11,Jujung-dong/주중동,KR-43-11-11
Chungcheongbuk-do/충북,KR-43,Sangdang-gu Cheongju-si/청주시 상당구,KR-43-11,Juseong-dong/주성동,KR-43-11-12
Chungcheongbuk-do/충북,KR-43,Sangdang-gu Cheongju-si/청주시 상당구,KR-43-11,Munhwa-dong/문화동,KR-43-11-13
Chungcheongbuk-do/충북,KR-43,Sangdang-gu Cheongju-si/청주시 상당구,KR-43-11,Myeongam-dong/명암동,KR-43-11-14
Chungcheongbuk-do/충북,KR-43,Sangdang-gu Cheongju-si/청주시 상당구,KR-43-11,Naedeog 1(il)-dong/내덕1동,KR-43-11-15
Chungcheongbuk-do/충북,KR-43,Sangdang-gu Cheongju-si/청주시 상당구,KR-43-11,Naedeog 2(i)-dong/내덕2동,KR-43-11-16
Chungcheongbuk-do/충북,KR-43,Sangdang-gu Cheongju-si/청주시 상당구,KR-43-11,Naedeok-dong/내덕동,KR-43-11-17
Chungcheongbuk-do/충북,KR-43,Sangdang-gu Cheongju-si/청주시 상당구,KR-43-11,Namju-dong/남주동,KR-43-11-18
Chungcheongbuk-do/충북,KR-43,Sangdang-gu Cheongju-si/청주시 상당구,KR-43-11,Nammunro 1(il)-ga/남문로1가,KR-43-11-19
Chungcheongbuk-do/충북,KR-43,Sangdang-gu Cheongju-si/청주시 상당구,KR-43-11,Nammunro 2(i)-ga/남문로2가,KR-43-11-20
Chungcheongbuk-do/충북,KR-43,Sangdang-gu Cheongju-si/청주시 상당구,KR-43-11,Odong-dong/오동동,KR-43-11-21
Chungcheongbuk-do/충북,KR-43,Sangdang-gu Cheongju-si/청주시 상당구,KR-43-11,Oeha-dong/외하동,KR-43-11-22
Chungcheongbuk-do/충북,KR-43,Sangdang-gu Cheongju-si/청주시 상당구,KR-43-11,Oenam-dong/외남동,KR-43-11-23
Chungcheongbuk-do/충북,KR-43,Sangdang-gu Cheongju-si/청주시 상당구,KR-43-11,Oepyeong-dong/외평동,KR-43-11-24
Chungcheongbuk-do/충북,KR-43,Sangdang-gu Cheongju-si/청주시 상당구,KR-43-11,Pyeongchon-dong/평촌동,KR-43-11-25
Chungcheongbuk-do/충북,KR-43,Sangdang-gu Cheongju-si/청주시 상당구,KR-43-11,Sacheon-dong/사천동,KR-43-11-26
Chungcheongbuk-do/충북,KR-43,Sangdang-gu Cheongju-si/청주시 상당구,KR-43-11,Sanseong-dong/산성동,KR-43-11-27
Chungcheongbuk-do/충북,KR-43,Sangdang-gu Cheongju-si/청주시 상당구,KR-43-11,Seokgyo-dong/석교동,KR-43-11-28
Chungcheongbuk-do/충북,KR-43,Sangdang-gu Cheongju-si/청주시 상당구,KR-43-11,Seomun-dong/서문동,KR-43-11-29
Chungcheongbuk-do/충북,KR-43,Sangdang-gu Cheongju-si/청주시 상당구,KR-43-11,Seoun-dong/서운동,KR-43-11-30
Chungcheongbuk-do/충북,KR-43,Sangdang-gu Cheongju-si/청주시 상당구,KR-43-11,Su-dong/수동,KR-43-11-31
Chungcheongbuk-do/충북,KR-43,Sangdang-gu Cheongju-si/청주시 상당구,KR-43-11,Tap-dong/탑동,KR-43-11-32
Chungcheongbuk-do/충북,KR-43,Sangdang-gu Cheongju-si/청주시 상당구,KR-43-11,Uam-dong/우암동,KR-43-11-33
Chungcheongbuk-do/충북,KR-43,Sangdang-gu Cheongju-si/청주시 상당구,KR-43-11,Undong-dong/운동동,KR-43-11-34
Chungcheongbuk-do/충북,KR-43,Sangdang-gu Cheongju-si/청주시 상당구,KR-43-11,Woro-dong/월오동,KR-43-11-35
Chungcheongbuk-do/충북,KR-43,Sangdang-gu Cheongju-si/청주시 상당구,KR-43-11,Yeong-dong/영동,KR-43-11-36
Chungcheongbuk-do/충북,KR-43,Sangdang-gu Cheongju-si/청주시 상당구,KR-43-11,Yeongun-dong/영운동,KR-43-11-37
Chungcheongbuk-do/충북,KR-43,Sangdang-gu Cheongju-si/청주시 상당구,KR-43-11,Yongam 1(il)-dong/용암1동,KR-43-11-38
Chungcheongbuk-do/충북,KR-43,Sangdang-gu Cheongju-si/청주시 상당구,KR-43-11,Yongam 2(i)-dong/용암2동,KR-43-11-39
Chungcheongbuk-do/충북,KR-43,Sangdang-gu Cheongju-si/청주시 상당구,KR-43-11,Yongam-dong/용암동,KR-43-11-40
Chungcheongbuk-do/충북,KR-43,Sangdang-gu Cheongju-si/청주시 상당구,KR-43-11,Yongdam-dong/용담동,KR-43-11-41
Chungcheongbuk-do/충북,KR-43,Sangdang-gu Cheongju-si/청주시 상당구,KR-43-11,Yongjeong-dong/용정동,KR-43-11-42
Chungcheongbuk-do/충북,KR-43,Sangdang-gu Cheongju-si/청주시 상당구,KR-43-11,Yullyang-dong/율량동,KR-43-11-43
Chungcheongbuk-do/충북,KR-43,Yeongdong-gun/영동군,KR-43-12,Chupungryeong-myeon/추풍령면,KR-43-12-0
Chungcheongbuk-do/충북,KR-43,Yeongdong-gun/영동군,KR-43-12,Haksan-myeon/학산면,KR-43-12-1
Chungcheongbuk-do/충북,KR-43,Yeongdong-gun/영동군,KR-43-12,Hwanggan-myeon/황간면,KR-43-12-2
Chungcheongbuk-do/충북,KR-43,Yeongdong-gun/영동군,KR-43-12,Maegok-myeon/매곡면,KR-43-12-3
Chungcheongbuk-do/충북,KR-43,Yeongdong-gun/영동군,KR-43-12,Sangchon-myeon/상촌면,KR-43-12-4
Chungcheongbuk-do/충북,KR-43,Yeongdong-gun/영동군,KR-43-12,Simcheon-myeon/심천면,KR-43-12-5
Chungcheongbuk-do/충북,KR-43,Yeongdong-gun/영동군,KR-43-12,Yanggang-myeon/양강면,KR-43-12-6
Chungcheongbuk-do/충북,KR-43,Yeongdong-gun/영동군,KR-43-12,Yangsan-myeon/양산면,KR-43-12-7
Chungcheongbuk-do/충북,KR-43,Yeongdong-gun/영동군,KR-43-12,Yeongdong-eup/영동읍,KR-43-12-8
Chungcheongbuk-do/충북,KR-43,Yeongdong-gun/영동군,KR-43-12,Yonghwa-myeon/용화면,KR-43-12-9
Chungcheongbuk-do/충북,KR-43,Yeongdong-gun/영동군,KR-43-12,Yongsan-myeon/용산면,KR-43-12-10
Chungcheongnam-do/충남,KR-44,Asan-si/아산시,KR-44-0,Asanucheguksaseoham/아산우체국사서함,KR-44-0-0
Chungcheongnam-do/충남,KR-44,Asan-si/아산시,KR-44-0,Baebang-myeon/배방면,KR-44-0-1
Chungcheongnam-do/충남,KR-44,Asan-si/아산시,KR-44-0,Baemi-dong/배미동,KR-44-0-2
Chungcheongnam-do/충남,KR-44,Asan-si/아산시,KR-44-0,Bangchuk-dong/방축동,KR-44-0-3
Chungcheongnam-do/충남,KR-44,Asan-si/아산시,KR-44-0,Beopgok-dong/법곡동,KR-44-0-4
Chungcheongnam-do/충남,KR-44,Asan-si/아산시,KR-44-0,Chosa-dong/초사동,KR-44-0-5
Chungcheongnam-do/충남,KR-44,Asan-si/아산시,KR-44-0,Deuksan-dong/득산동,KR-44-0-6
Chungcheongnam-do/충남,KR-44,Asan-si/아산시,KR-44-0,Dogo-myeon/도고면,KR-44-0-7
Chungcheongnam-do/충남,KR-44,Asan-si/아산시,KR-44-0,Dunpo-myeon/둔포면,KR-44-0-8
Chungcheongnam-do/충남,KR-44,Asan-si/아산시,KR-44-0,Eumbong-myeon/음봉면,KR-44-0-9
Chungcheongnam-do/충남,KR-44,Asan-si/아산시,KR-44-0,Eupnae-dong/읍내동,KR-44-0-10
Chungcheongnam-do/충남,KR-44,Asan-si/아산시,KR-44-0,Gisan-dong/기산동,KR-44-0-11
Chungcheongnam-do/충남,KR-44,Asan-si/아산시,KR-44-0,Gwongok-dong/권곡동,KR-44-0-12
Chungcheongnam-do/충남,KR-44,Asan-si/아산시,KR-44-0,Inju-myeon/인주면,KR-44-0-13
Chungcheongnam-do/충남,KR-44,Asan-si/아산시,KR-44-0,Jangjon-dong/장존동,KR-44-0-14
Chungcheongnam-do/충남,KR-44,Asan-si/아산시,KR-44-0,Jeomyang-dong/점양동,KR-44-0-15
Chungcheongnam-do/충남,KR-44,Asan-si/아산시,KR-44-0,Jwabu-dong/좌부동,KR-44-0-16
Chungcheongnam-do/충남,KR-44,Asan-si/아산시,KR-44-0,Mojong-dong/모종동,KR-44-0-17
Chungcheongnam-do/충남,KR-44,Asan-si/아산시,KR-44-0,Nam-dong/남동,KR-44-0-18
Chungcheongnam-do/충남,KR-44,Asan-si/아산시,KR-44-0,Oncheon 1(il)-dong/온천1동,KR-44-0-19
Chungcheongnam-do/충남,KR-44,Asan-si/아산시,KR-44-0,Oncheon 2(i)-dong/온천2동,KR-44-0-20
Chungcheongnam-do/충남,KR-44,Asan-si/아산시,KR-44-0,Oncheon-dong/온천동,KR-44-0-21
Chungcheongnam-do/충남,KR-44,Asan-si/아산시,KR-44-0,Punggi-dong/풍기동,KR-44-0-22
Chungcheongnam-do/충남,KR-44,Asan-si/아산시,KR-44-0,Seonjang-myeon/선장면,KR-44-0-23
Chungcheongnam-do/충남,KR-44,Asan-si/아산시,KR-44-0,Sinchang-myeon/신창면,KR-44-0-24
Chungcheongnam-do/충남,KR-44,Asan-si/아산시,KR-44-0,Sin-dong/신동,KR-44-0-25
Chungcheongnam-do/충남,KR-44,Asan-si/아산시,KR-44-0,Sinin-dong/신인동,KR-44-0-26
Chungcheongnam-do/충남,KR-44,Asan-si/아산시,KR-44-0,Sirok-dong/실옥동,KR-44-0-27
Chungcheongnam-do/충남,KR-44,Asan-si/아산시,KR-44-0,Songak-myeon/송악면,KR-44-0-28
Chungcheongnam-do/충남,KR-44,Asan-si/아산시,KR-44-0,Tangjeong-myeon/탕정면,KR-44-0-29
Chungcheongnam-do/충남,KR-44,Asan-si/아산시,KR-44-0,Yeomchi-eup/염치읍,KR-44-0-30
Chungcheongnam-do/충남,KR-44,Asan-si/아산시,KR-44-0,Yeongin-myeon/영인면,KR-44-0-31
Chungcheongnam-do/충남,KR-44,Asan-si/아산시,KR-44-0,Yonghwa-dong/용화동,KR-44-0-32
Chungcheongnam-do/충남,KR-44,Boryeong-si/보령시,KR-44-1,Boryeongucheguksaseoham/보령우체국사서함,KR-44-1-0
Chungcheongnam-do/충남,KR-44,Boryeong-si/보령시,KR-44-1,Cheonbuk-myeon/천북면,KR-44-1-1
Chungcheongnam-do/충남,KR-44,Boryeong-si/보령시,KR-44-1,Cheongra-myeon/청라면,KR-44-1-2
Chungcheongnam-do/충남,KR-44,Boryeong-si/보령시,KR-44-1,Cheongso-myeon/청소면,KR-44-1-3
Chungcheongnam-do/충남,KR-44,Boryeong-si/보령시,KR-44-1,Daecheon 1(il)-dong/대천1동,KR-44-1-4
Chungcheongnam-do/충남,KR-44,Boryeong-si/보령시,KR-44-1,Daecheon 2(i)-dong/대천2동,KR-44-1-5
Chungcheongnam-do/충남,KR-44,Boryeong-si/보령시,KR-44-1,Daecheon-dong/대천동,KR-44-1-6
Chungcheongnam-do/충남,KR-44,Boryeong-si/보령시,KR-44-1,Dongdae-dong/동대동,KR-44-1-7
Chungcheongnam-do/충남,KR-44,Boryeong-si/보령시,KR-44-1,Gungchon-dong/궁촌동,KR-44-1-8
Chungcheongnam-do/충남,KR-44,Boryeong-si/보령시,KR-44-1,Hwasan-dong/화산동,KR-44-1-9
Chungcheongnam-do/충남,KR-44,Boryeong-si/보령시,KR-44-1,Jugyo-myeon/주교면,KR-44-1-10
Chungcheongnam-do/충남,KR-44,Boryeong-si/보령시,KR-44-1,Jukjeong-dong/죽정동,KR-44-1-11
Chungcheongnam-do/충남,KR-44,Boryeong-si/보령시,KR-44-1,Jupo-myeon/주포면,KR-44-1-12
Chungcheongnam-do/충남,KR-44,Boryeong-si/보령시,KR-44-1,Jusan-myeon/주산면,KR-44-1-13
Chungcheongnam-do/충남,KR-44,Boryeong-si/보령시,KR-44-1,Misan-myeon/미산면,KR-44-1-14
Chungcheongnam-do/충남,KR-44,Boryeong-si/보령시,KR-44-1,Myeongcheon-dong/명천동,KR-44-1-15
Chungcheongnam-do/충남,KR-44,Boryeong-si/보령시,KR-44-1,Naehang-dong/내항동,KR-44-1-16
Chungcheongnam-do/충남,KR-44,Boryeong-si/보령시,KR-44-1,Namgok-dong/남곡동,KR-44-1-17
Chungcheongnam-do/충남,KR-44,Boryeong-si/보령시,KR-44-1,Nampo-myeon/남포면,KR-44-1-18
Chungcheongnam-do/충남,KR-44,Boryeong-si/보령시,KR-44-1,Ocheon-myeon/오천면,KR-44-1-19
Chungcheongnam-do/충남,KR-44,Boryeong-si/보령시,KR-44-1,Seongju-myeon/성주면,KR-44-1-20
Chungcheongnam-do/충남,KR-44,Boryeong-si/보령시,KR-44-1,Sinheuk-dong/신흑동,KR-44-1-21
Chungcheongnam-do/충남,KR-44,Boryeong-si/보령시,KR-44-1,Ungcheon-eup/웅천읍,KR-44-1-22
Chungcheongnam-do/충남,KR-44,Boryeong-si/보령시,KR-44-1,Yoam-dong/요암동,KR-44-1-23
Chungcheongnam-do/충남,KR-44,Buyeo-gun/부여군,KR-44-2,Buyeo-eup/부여읍,KR-44-2-0
Chungcheongnam-do/충남,KR-44,Buyeo-gun/부여군,KR-44-2,Chochon-myeon/초촌면,KR-44-2-1
Chungcheongnam-do/충남,KR-44,Buyeo-gun/부여군,KR-44-2,Chunghwa-myeon/충화면,KR-44-2-2
Chungcheongnam-do/충남,KR-44,Buyeo-gun/부여군,KR-44-2,Eunsan-myeon/은산면,KR-44-2-3
Chungcheongnam-do/충남,KR-44,Buyeo-gun/부여군,KR-44-2,Guryong-myeon/구룡면,KR-44-2-4
Chungcheongnam-do/충남,KR-44,Buyeo-gun/부여군,KR-44-2,Gyuam-myeon/규암면,KR-44-2-5
Chungcheongnam-do/충남,KR-44,Buyeo-gun/부여군,KR-44-2,Hongsan-myeon/홍산면,KR-44-2-6
Chungcheongnam-do/충남,KR-44,Buyeo-gun/부여군,KR-44-2,Imcheon-myeon/임천면,KR-44-2-7
Chungcheongnam-do/충남,KR-44,Buyeo-gun/부여군,KR-44-2,Jangam-myeon/장암면,KR-44-2-8
Chungcheongnam-do/충남,KR-44,Buyeo-gun/부여군,KR-44-2,Naesan-myeon/내산면,KR-44-2-9
Chungcheongnam-do/충남,KR-44,Buyeo-gun/부여군,KR-44-2,Nam-myeon/남면,KR-44-2-10
Chungcheongnam-do/충남,KR-44,Buyeo-gun/부여군,KR-44-2,Oesan-myeon/외산면,KR-44-2-11
Chungcheongnam-do/충남,KR-44,Buyeo-gun/부여군,KR-44-2,Oksan-myeon/옥산면,KR-44-2-12
Chungcheongnam-do/충남,KR-44,Buyeo-gun/부여군,KR-44-2,Sedo-myeon/세도면,KR-44-2-13
Chungcheongnam-do/충남,KR-44,Buyeo-gun/부여군,KR-44-2,Seokseong-myeon/석성면,KR-44-2-14
Chungcheongnam-do/충남,KR-44,Buyeo-gun/부여군,KR-44-2,Yanghwa-myeon/양화면,KR-44-2-15
Chungcheongnam-do/충남,KR-44,Cheongyang-gun/청양군,KR-44-3,Bibong-myeon/비봉면,KR-44-3-0
Chungcheongnam-do/충남,KR-44,Cheongyang-gun/청양군,KR-44-3,Cheongnam-myeon/청남면,KR-44-3-1
Chungcheongnam-do/충남,KR-44,Cheongyang-gun/청양군,KR-44-3,Cheongyang-eup/청양읍,KR-44-3-2
Chungcheongnam-do/충남,KR-44,Cheongyang-gun/청양군,KR-44-3,Daechi-myeon/대치면,KR-44-3-3
Chungcheongnam-do/충남,KR-44,Cheongyang-gun/청양군,KR-44-3,Hwaseong-myeon/화성면,KR-44-3-4
Chungcheongnam-do/충남,KR-44,Cheongyang-gun/청양군,KR-44-3,Jangpyeong-myeon/장평면,KR-44-3-5
Chungcheongnam-do/충남,KR-44,Cheongyang-gun/청양군,KR-44-3,Jeongsan-myeon/정산면,KR-44-3-6
Chungcheongnam-do/충남,KR-44,Cheongyang-gun/청양군,KR-44-3,Mok-myeon/목면,KR-44-3-7
Chungcheongnam-do/충남,KR-44,Cheongyang-gun/청양군,KR-44-3,Namyang-myeon/남양면,KR-44-3-8
Chungcheongnam-do/충남,KR-44,Cheongyang-gun/청양군,KR-44-3,Ungok-myeon/운곡면,KR-44-3-9
Chungcheongnam-do/충남,KR-44,Dangjin-gun/당진군,KR-44-4,Daehoji-myeon/대호지면,KR-44-4-0
Chungcheongnam-do/충남,KR-44,Dangjin-gun/당진군,KR-44-4,Dangjin-eup/당진읍,KR-44-4-1
Chungcheongnam-do/충남,KR-44,Dangjin-gun/당진군,KR-44-4,Godae-myeon/고대면,KR-44-4-2
Chungcheongnam-do/충남,KR-44,Dangjin-gun/당진군,KR-44-4,Hapdeog-eup/합덕읍,KR-44-4-3
Chungcheongnam-do/충남,KR-44,Dangjin-gun/당진군,KR-44-4,Jeongmi-myeon/정미면,KR-44-4-4
Chungcheongnam-do/충남,KR-44,Dangjin-gun/당진군,KR-44-4,Myeoncheon-myeon/면천면,KR-44-4-5
Chungcheongnam-do/충남,KR-44,Dangjin-gun/당진군,KR-44-4,Seokmun-myeon/석문면,KR-44-4-6
Chungcheongnam-do/충남,KR-44,Dangjin-gun/당진군,KR-44-4,Sinpyeong-myeon/신평면,KR-44-4-7
Chungcheongnam-do/충남,KR-44,Dangjin-gun/당진군,KR-44-4,Songak-myeon/송악면,KR-44-4-8
Chungcheongnam-do/충남,KR-44,Dangjin-gun/당진군,KR-44-4,Songsan-myeon/송산면,KR-44-4-9
Chungcheongnam-do/충남,KR-44,Dangjin-gun/당진군,KR-44-4,Sunseong-myeon/순성면,KR-44-4-10
Chungcheongnam-do/충남,KR-44,Dangjin-gun/당진군,KR-44-4,Ugang-myeon/우강면,KR-44-4-11
Chungcheongnam-do/충남,KR-44,Dongnam-gu Cheonan-si/천안시 동남구,KR-44-5,Anseo-dong/안서동,KR-44-5-0
Chungcheongnam-do/충남,KR-44,Dongnam-gu Cheonan-si/천안시 동남구,KR-44-5,Bongmyeong-dong/봉명동,KR-44-5-1
Chungcheongnam-do/충남,KR-44,Dongnam-gu Cheonan-si/천안시 동남구,KR-44-5,Buk-myeon/북면,KR-44-5-2
Chungcheongnam-do/충남,KR-44,Dongnam-gu Cheonan-si/천안시 동남구,KR-44-5,Byeongcheon-myeon/병천면,KR-44-5-3
Chungcheongnam-do/충남,KR-44,Dongnam-gu Cheonan-si/천안시 동남구,KR-44-5,Cheonanucheguksaseoham/천안우체국사서함,KR-44-5-4
Chungcheongnam-do/충남,KR-44,Dongnam-gu Cheonan-si/천안시 동남구,KR-44-5,Cheongdang-dong/청당동,KR-44-5-5
Chungcheongnam-do/충남,KR-44,Dongnam-gu Cheonan-si/천안시 동남구,KR-44-5,Cheongsu-dong/청수동,KR-44-5-6
Chungcheongnam-do/충남,KR-44,Dongnam-gu Cheonan-si/천안시 동남구,KR-44-5,Daeheung-dong/대흥동,KR-44-5-7
Chungcheongnam-do/충남,KR-44,Dongnam-gu Cheonan-si/천안시 동남구,KR-44-5,Daga-dong/다가동,KR-44-5-8
Chungcheongnam-do/충남,KR-44,Dongnam-gu Cheonan-si/천안시 동남구,KR-44-5,Dong-myeon/동면,KR-44-5-9
Chungcheongnam-do/충남,KR-44,Dongnam-gu Cheonan-si/천안시 동남구,KR-44-5,Guryong-dong/구룡동,KR-44-5-10
Chungcheongnam-do/충남,KR-44,Dongnam-gu Cheonan-si/천안시 동남구,KR-44-5,Guseong-dong/구성동,KR-44-5-11
Chungcheongnam-do/충남,KR-44,Dongnam-gu Cheonan-si/천안시 동남구,KR-44-5,Gwangdeok-myeon/광덕면,KR-44-5-12
Chungcheongnam-do/충남,KR-44,Dongnam-gu Cheonan-si/천안시 동남구,KR-44-5,Mokcheon-eup/목천읍,KR-44-5-13
Chungcheongnam-do/충남,KR-44,Dongnam-gu Cheonan-si/천안시 동남구,KR-44-5,Munhwa-dong/문화동,KR-44-5-14
Chungcheongnam-do/충남,KR-44,Dongnam-gu Cheonan-si/천안시 동남구,KR-44-5,Oryong-dong/오룡동,KR-44-5-15
Chungcheongnam-do/충남,KR-44,Dongnam-gu Cheonan-si/천안시 동남구,KR-44-5,Pungse-myeon/풍세면,KR-44-5-16
Chungcheongnam-do/충남,KR-44,Dongnam-gu Cheonan-si/천안시 동남구,KR-44-5,Sajik-dong/사직동,KR-44-5-17
Chungcheongnam-do/충남,KR-44,Dongnam-gu Cheonan-si/천안시 동남구,KR-44-5,Samryong-dong/삼룡동,KR-44-5-18
Chungcheongnam-do/충남,KR-44,Dongnam-gu Cheonan-si/천안시 동남구,KR-44-5,Seonghwang-dong/성황동,KR-44-5-19
Chungcheongnam-do/충남,KR-44,Dongnam-gu Cheonan-si/천안시 동남구,KR-44-5,Seongnam-myeon/성남면,KR-44-5-20
Chungcheongnam-do/충남,KR-44,Dongnam-gu Cheonan-si/천안시 동남구,KR-44-5,Sinbang-dong/신방동,KR-44-5-21
Chungcheongnam-do/충남,KR-44,Dongnam-gu Cheonan-si/천안시 동남구,KR-44-5,Sinbu-dong/신부동,KR-44-5-22
Chungcheongnam-do/충남,KR-44,Dongnam-gu Cheonan-si/천안시 동남구,KR-44-5,Susin-myeon/수신면,KR-44-5-23
Chungcheongnam-do/충남,KR-44,Dongnam-gu Cheonan-si/천안시 동남구,KR-44-5,Wonseong 1(il)-dong/원성1동,KR-44-5-24
Chungcheongnam-do/충남,KR-44,Dongnam-gu Cheonan-si/천안시 동남구,KR-44-5,Wonseong 2(i)-dong/원성2동,KR-44-5-25
Chungcheongnam-do/충남,KR-44,Dongnam-gu Cheonan-si/천안시 동남구,KR-44-5,Wonseong-dong/원성동,KR-44-5-26
Chungcheongnam-do/충남,KR-44,Dongnam-gu Cheonan-si/천안시 동남구,KR-44-5,Yeongseong-dong/영성동,KR-44-5-27
Chungcheongnam-do/충남,KR-44,Dongnam-gu Cheonan-si/천안시 동남구,KR-44-5,Yonggok-dong/용곡동,KR-44-5-28
Chungcheongnam-do/충남,KR-44,Dongnam-gu Cheonan-si/천안시 동남구,KR-44-5,Yuryang-dong/유량동,KR-44-5-29
Chungcheongnam-do/충남,KR-44,Geumsan-gun/금산군,KR-44-6,Boksu-myeon/복수면,KR-44-6-0
Chungcheongnam-do/충남,KR-44,Geumsan-gun/금산군,KR-44-6,Buri-myeon/부리면,KR-44-6-1
Chungcheongnam-do/충남,KR-44,Geumsan-gun/금산군,KR-44-6,Chubu-myeon/추부면,KR-44-6-2
Chungcheongnam-do/충남,KR-44,Geumsan-gun/금산군,KR-44-6,Geumsan-eup/금산읍,KR-44-6-3
Chungcheongnam-do/충남,KR-44,Geumsan-gun/금산군,KR-44-6,Geumseong-myeon/금성면,KR-44-6-4
Chungcheongnam-do/충남,KR-44,Geumsan-gun/금산군,KR-44-6,Gunbuk-myeon/군북면,KR-44-6-5
Chungcheongnam-do/충남,KR-44,Geumsan-gun/금산군,KR-44-6,Jewon-myeon/제원면,KR-44-6-6
Chungcheongnam-do/충남,KR-44,Geumsan-gun/금산군,KR-44-6,Jinsan-myeon/진산면,KR-44-6-7
Chungcheongnam-do/충남,KR-44,Geumsan-gun/금산군,KR-44-6,Namil-myeon/남일면,KR-44-6-8
Chungcheongnam-do/충남,KR-44,Geumsan-gun/금산군,KR-44-6,Nami-myeon/남이면,KR-44-6-9
Chungcheongnam-do/충남,KR-44,Gongju-si/공주시,KR-44-7,Banjuk-dong/반죽동,KR-44-7-0
Chungcheongnam-do/충남,KR-44,Gongju-si/공주시,KR-44-7,Banpo-myeon/반포면,KR-44-7-1
Chungcheongnam-do/충남,KR-44,Gongju-si/공주시,KR-44-7,Bonghwang-dong/봉황동,KR-44-7-2
Chungcheongnam-do/충남,KR-44,Gongju-si/공주시,KR-44-7,Bongjeong-dong/봉정동,KR-44-7-3
Chungcheongnam-do/충남,KR-44,Gongju-si/공주시,KR-44-7,Geomsang-dong/검상동,KR-44-7-4
Chungcheongnam-do/충남,KR-44,Gongju-si/공주시,KR-44-7,Geumhak-dong/금학동,KR-44-7-5
Chungcheongnam-do/충남,KR-44,Gongju-si/공주시,KR-44-7,Geumheung-dong/금흥동,KR-44-7-6
Chungcheongnam-do/충남,KR-44,Gongju-si/공주시,KR-44-7,Geumseong-dong/금성동,KR-44-7-7
Chungcheongnam-do/충남,KR-44,Gongju-si/공주시,KR-44-7,Gongjuucheguksaseoham/공주우체국사서함,KR-44-7-8
Chungcheongnam-do/충남,KR-44,Gongju-si/공주시,KR-44-7,Gyeryong-myeon/계룡면,KR-44-7-9
Chungcheongnam-do/충남,KR-44,Gongju-si/공주시,KR-44-7,Gyo-dong/교동,KR-44-7-10
Chungcheongnam-do/충남,KR-44,Gongju-si/공주시,KR-44-7,Iin-myeon/이인면,KR-44-7-11
Chungcheongnam-do/충남,KR-44,Gongju-si/공주시,KR-44-7,Janggi-myeon/장기면,KR-44-7-12
Chungcheongnam-do/충남,KR-44,Gongju-si/공주시,KR-44-7,Jeongan-myeon/정안면,KR-44-7-13
Chungcheongnam-do/충남,KR-44,Gongju-si/공주시,KR-44-7,Jumi-dong/주미동,KR-44-7-14
Chungcheongnam-do/충남,KR-44,Gongju-si/공주시,KR-44-7,Jung-dong/중동,KR-44-7-15
Chungcheongnam-do/충남,KR-44,Gongju-si/공주시,KR-44-7,Junghak-dong/중학동,KR-44-7-16
Chungcheongnam-do/충남,KR-44,Gongju-si/공주시,KR-44-7,Mureung-dong/무릉동,KR-44-7-17
Chungcheongnam-do/충남,KR-44,Gongju-si/공주시,KR-44-7,Ogok-dong/오곡동,KR-44-7-18
Chungcheongnam-do/충남,KR-44,Gongju-si/공주시,KR-44-7,Okryong-dong/옥룡동,KR-44-7-19
Chungcheongnam-do/충남,KR-44,Gongju-si/공주시,KR-44-7,Sagok-myeon/사곡면,KR-44-7-20
Chungcheongnam-do/충남,KR-44,Gongju-si/공주시,KR-44-7,Sangwang-dong/상왕동,KR-44-7-21
Chungcheongnam-do/충남,KR-44,Gongju-si/공주시,KR-44-7,Sanseong-dong/산성동,KR-44-7-22
Chungcheongnam-do/충남,KR-44,Gongju-si/공주시,KR-44-7,Singi-dong/신기동,KR-44-7-23
Chungcheongnam-do/충남,KR-44,Gongju-si/공주시,KR-44-7,Singwan-dong/신관동,KR-44-7-24
Chungcheongnam-do/충남,KR-44,Gongju-si/공주시,KR-44-7,Sinpung-myeon/신풍면,KR-44-7-25
Chungcheongnam-do/충남,KR-44,Gongju-si/공주시,KR-44-7,Sohak-dong/소학동,KR-44-7-26
Chungcheongnam-do/충남,KR-44,Gongju-si/공주시,KR-44-7,Ssangsin-dong/쌍신동,KR-44-7-27
Chungcheongnam-do/충남,KR-44,Gongju-si/공주시,KR-44-7,Taebong-dong/태봉동,KR-44-7-28
Chungcheongnam-do/충남,KR-44,Gongju-si/공주시,KR-44-7,Tancheon-myeon/탄천면,KR-44-7-29
Chungcheongnam-do/충남,KR-44,Gongju-si/공주시,KR-44-7,Uidang-myeon/의당면,KR-44-7-30
Chungcheongnam-do/충남,KR-44,Gongju-si/공주시,KR-44-7,Ungjin-dong/웅진동,KR-44-7-31
Chungcheongnam-do/충남,KR-44,Gongju-si/공주시,KR-44-7,Useong-myeon/우성면,KR-44-7-32
Chungcheongnam-do/충남,KR-44,Gongju-si/공주시,KR-44-7,Wolmi-dong/월미동,KR-44-7-33
Chungcheongnam-do/충남,KR-44,Gongju-si/공주시,KR-44-7,Wolsong-dong/월송동,KR-44-7-34
Chungcheongnam-do/충남,KR-44,Gongju-si/공주시,KR-44-7,Yugu-eup/유구읍,KR-44-7-35
Chungcheongnam-do/충남,KR-44,Gyeryong-si/계룡시,KR-44-8,Duma-myeon/두마면,KR-44-8-0
Chungcheongnam-do/충남,KR-44,Gyeryong-si/계룡시,KR-44-8,Eomsa-myeon/엄사면,KR-44-8-1
Chungcheongnam-do/충남,KR-44,Gyeryong-si/계룡시,KR-44-8,Geumam-dong/금암동,KR-44-8-2
Chungcheongnam-do/충남,KR-44,Gyeryong-si/계룡시,KR-44-8,Namseon-myeon/남선면,KR-44-8-3
Chungcheongnam-do/충남,KR-44,Hongseong-gun/홍성군,KR-44-9,Eunha-myeon/은하면,KR-44-9-0
Chungcheongnam-do/충남,KR-44,Hongseong-gun/홍성군,KR-44-9,Galsan-myeon/갈산면,KR-44-9-1
Chungcheongnam-do/충남,KR-44,Hongseong-gun/홍성군,KR-44-9,Geumma-myeon/금마면,KR-44-9-2
Chungcheongnam-do/충남,KR-44,Hongseong-gun/홍성군,KR-44-9,Guhang-myeon/구항면,KR-44-9-3
Chungcheongnam-do/충남,KR-44,Hongseong-gun/홍성군,KR-44-9,Gwangcheon-eup/광천읍,KR-44-9-4
Chungcheongnam-do/충남,KR-44,Hongseong-gun/홍성군,KR-44-9,Gyeolseong-myeon/결성면,KR-44-9-5
Chungcheongnam-do/충남,KR-44,Hongseong-gun/홍성군,KR-44-9,Hongbuk-myeon/홍북면,KR-44-9-6
Chungcheongnam-do/충남,KR-44,Hongseong-gun/홍성군,KR-44-9,Hongdong-myeon/홍동면,KR-44-9-7
Chungcheongnam-do/충남,KR-44,Hongseong-gun/홍성군,KR-44-9,Hongseong-eup/홍성읍,KR-44-9-8
Chungcheongnam-do/충남,KR-44,Hongseong-gun/홍성군,KR-44-9,Janggok-myeon/장곡면,KR-44-9-9
Chungcheongnam-do/충남,KR-44,Hongseong-gun/홍성군,KR-44-9,Seobu-myeon/서부면,KR-44-9-10
Chungcheongnam-do/충남,KR-44,Nonsan-si/논산시,KR-44-10,Banwol-dong/반월동,KR-44-10-0
Chungcheongnam-do/충남,KR-44,Nonsan-si/논산시,KR-44-10,Beolgok-myeon/벌곡면,KR-44-10-1
Chungcheongnam-do/충남,KR-44,Nonsan-si/논산시,KR-44-10,Buchang-dong/부창동,KR-44-10-2
Chungcheongnam-do/충남,KR-44,Nonsan-si/논산시,KR-44-10,Bujeok-myeon/부적면,KR-44-10-3
Chungcheongnam-do/충남,KR-44,Nonsan-si/논산시,KR-44-10,Chaeun-myeon/채운면,KR-44-10-4
Chungcheongnam-do/충남,KR-44,Nonsan-si/논산시,KR-44-10,Chwiam-dong/취암동,KR-44-10-5
Chungcheongnam-do/충남,KR-44,Nonsan-si/논산시,KR-44-10,Daegyo-dong/대교동,KR-44-10-6
Chungcheongnam-do/충남,KR-44,Nonsan-si/논산시,KR-44-10,Deokji-dong/덕지동,KR-44-10-7
Chungcheongnam-do/충남,KR-44,Nonsan-si/논산시,KR-44-10,Deunghwa-dong/등화동,KR-44-10-8
Chungcheongnam-do/충남,KR-44,Nonsan-si/논산시,KR-44-10,Eunjin-myeon/은진면,KR-44-10-9
Chungcheongnam-do/충남,KR-44,Nonsan-si/논산시,KR-44-10,Ganggyeong-eup/강경읍,KR-44-10-10
Chungcheongnam-do/충남,KR-44,Nonsan-si/논산시,KR-44-10,Gangsan-dong/강산동,KR-44-10-11
Chungcheongnam-do/충남,KR-44,Nonsan-si/논산시,KR-44-10,Gayagok-myeon/가야곡면,KR-44-10-12
Chungcheongnam-do/충남,KR-44,Nonsan-si/논산시,KR-44-10,Gwanchok-dong/관촉동,KR-44-10-13
Chungcheongnam-do/충남,KR-44,Nonsan-si/논산시,KR-44-10,Gwangseok-myeon/광석면,KR-44-10-14
Chungcheongnam-do/충남,KR-44,Nonsan-si/논산시,KR-44-10,Hwaji-dong/화지동,KR-44-10-15
Chungcheongnam-do/충남,KR-44,Nonsan-si/논산시,KR-44-10,Jisan-dong/지산동,KR-44-10-16
Chungcheongnam-do/충남,KR-44,Nonsan-si/논산시,KR-44-10,Nae-dong/내동,KR-44-10-17
Chungcheongnam-do/충남,KR-44,Nonsan-si/논산시,KR-44-10,Nonsanucheguksaseoham/논산우체국사서함,KR-44-10-18
Chungcheongnam-do/충남,KR-44,Nonsan-si/논산시,KR-44-10,Noseong-myeon/노성면,KR-44-10-19
Chungcheongnam-do/충남,KR-44,Nonsan-si/논산시,KR-44-10,Sangwol-myeon/상월면,KR-44-10-20
Chungcheongnam-do/충남,KR-44,Nonsan-si/논산시,KR-44-10,Seongdong-myeon/성동면,KR-44-10-21
Chungcheongnam-do/충남,KR-44,Nonsan-si/논산시,KR-44-10,Yangchon-myeon/양촌면,KR-44-10-22
Chungcheongnam-do/충남,KR-44,Nonsan-si/논산시,KR-44-10,Yeonmu-eup/연무읍,KR-44-10-23
Chungcheongnam-do/충남,KR-44,Nonsan-si/논산시,KR-44-10,Yeonsan-myeon/연산면,KR-44-10-24
Chungcheongnam-do/충남,KR-44,Seobuk-gu Cheonan-si/천안시 서북구,KR-44-11,Baekseok-dong/백석동,KR-44-11-0
Chungcheongnam-do/충남,KR-44,Seobuk-gu Cheonan-si/천안시 서북구,KR-44-11,Budae-dong/부대동,KR-44-11-1
Chungcheongnam-do/충남,KR-44,Seobuk-gu Cheonan-si/천안시 서북구,KR-44-11,Buldang-dong/불당동,KR-44-11-2
Chungcheongnam-do/충남,KR-44,Seobuk-gu Cheonan-si/천안시 서북구,KR-44-11,Chaam-dong/차암동,KR-44-11-3
Chungcheongnam-do/충남,KR-44,Seobuk-gu Cheonan-si/천안시 서북구,KR-44-11,Dujeong-dong/두정동,KR-44-11-4
Chungcheongnam-do/충남,KR-44,Seobuk-gu Cheonan-si/천안시 서북구,KR-44-11,Eopseong-dong/업성동,KR-44-11-5
Chungcheongnam-do/충남,KR-44,Seobuk-gu Cheonan-si/천안시 서북구,KR-44-11,Ipjang-myeon/입장면,KR-44-11-6
Chungcheongnam-do/충남,KR-44,Seobuk-gu Cheonan-si/천안시 서북구,KR-44-11,Jiksan-eup/직산읍,KR-44-11-7
Chungcheongnam-do/충남,KR-44,Seobuk-gu Cheonan-si/천안시 서북구,KR-44-11,Seonggeo-eup/성거읍,KR-44-11-8
Chungcheongnam-do/충남,KR-44,Seobuk-gu Cheonan-si/천안시 서북구,KR-44-11,Seonghwan-eup/성환읍,KR-44-11-9
Chungcheongnam-do/충남,KR-44,Seobuk-gu Cheonan-si/천안시 서북구,KR-44-11,Seongjeong 1(il)-dong/성정1동,KR-44-11-10
Chungcheongnam-do/충남,KR-44,Seobuk-gu Cheonan-si/천안시 서북구,KR-44-11,Seongjeong 2(i)-dong/성정2동,KR-44-11-11
Chungcheongnam-do/충남,KR-44,Seobuk-gu Cheonan-si/천안시 서북구,KR-44-11,Seongjeong-dong/성정동,KR-44-11-12
Chungcheongnam-do/충남,KR-44,Seobuk-gu Cheonan-si/천안시 서북구,KR-44-11,Seongseong-dong/성성동,KR-44-11-13
Chungcheongnam-do/충남,KR-44,Seobuk-gu Cheonan-si/천안시 서북구,KR-44-11,Sindang-dong/신당동,KR-44-11-14
Chungcheongnam-do/충남,KR-44,Seobuk-gu Cheonan-si/천안시 서북구,KR-44-11,Ssangyong 1(il)-dong/쌍용1동,KR-44-11-15
Chungcheongnam-do/충남,KR-44,Seobuk-gu Cheonan-si/천안시 서북구,KR-44-11,Ssangyong 2(i)-dong/쌍용2동,KR-44-11-16
Chungcheongnam-do/충남,KR-44,Seobuk-gu Cheonan-si/천안시 서북구,KR-44-11,Ssangyong 3(sam)-dong/쌍용3동,KR-44-11-17
Chungcheongnam-do/충남,KR-44,Seobuk-gu Cheonan-si/천안시 서북구,KR-44-11,Ssangyong-dong/쌍용동,KR-44-11-18
Chungcheongnam-do/충남,KR-44,Seobuk-gu Cheonan-si/천안시 서북구,KR-44-11,Wachon-dong/와촌동,KR-44-11-19
Chungcheongnam-do/충남,KR-44,Seocheon-gun/서천군,KR-44-12,Biin-myeon/비인면,KR-44-12-0
Chungcheongnam-do/충남,KR-44,Seocheon-gun/서천군,KR-44-12,Gisan-myeon/기산면,KR-44-12-1
Chungcheongnam-do/충남,KR-44,Seocheon-gun/서천군,KR-44-12,Hansan-myeon/한산면,KR-44-12-2
Chungcheongnam-do/충남,KR-44,Seocheon-gun/서천군,KR-44-12,Hwayang-myeon/화양면,KR-44-12-3
Chungcheongnam-do/충남,KR-44,Seocheon-gun/서천군,KR-44-12,Janghang-eup/장항읍,KR-44-12-4
Chungcheongnam-do/충남,KR-44,Seocheon-gun/서천군,KR-44-12,Jongcheon-myeon/종천면,KR-44-12-5
Chungcheongnam-do/충남,KR-44,Seocheon-gun/서천군,KR-44-12,Masan-myeon/마산면,KR-44-12-6
Chungcheongnam-do/충남,KR-44,Seocheon-gun/서천군,KR-44-12,Maseo-myeon/마서면,KR-44-12-7
Chungcheongnam-do/충남,KR-44,Seocheon-gun/서천군,KR-44-12,Munsan-myeon/문산면,KR-44-12-8
Chungcheongnam-do/충남,KR-44,Seocheon-gun/서천군,KR-44-12,Pangyo-myeon/판교면,KR-44-12-9
Chungcheongnam-do/충남,KR-44,Seocheon-gun/서천군,KR-44-12,Seocheon-eup/서천읍,KR-44-12-10
Chungcheongnam-do/충남,KR-44,Seocheon-gun/서천군,KR-44-12,Seo-myeon/서면,KR-44-12-11
Chungcheongnam-do/충남,KR-44,Seocheon-gun/서천군,KR-44-12,Sicho-myeon/시초면,KR-44-12-12
Chungcheongnam-do/충남,KR-44,Seosan-si/서산시,KR-44-13,Buseok-myeon/부석면,KR-44-13-0
Chungcheongnam-do/충남,KR-44,Seosan-si/서산시,KR-44-13,Daesan-eup/대산읍,KR-44-13-1
Chungcheongnam-do/충남,KR-44,Seosan-si/서산시,KR-44-13,Daesanucheguksaseoham/대산우체국사서함,KR-44-13-2
Chungcheongnam-do/충남,KR-44,Seosan-si/서산시,KR-44-13,Deokjicheon-dong/덕지천동,KR-44-13-3
Chungcheongnam-do/충남,KR-44,Seosan-si/서산시,KR-44-13,Dongmun-dong/동문동,KR-44-13-4
Chungcheongnam-do/충남,KR-44,Seosan-si/서산시,KR-44-13,Eumam-myeon/음암면,KR-44-13-5
Chungcheongnam-do/충남,KR-44,Seosan-si/서산시,KR-44-13,Eupnae-dong/읍내동,KR-44-13-6
Chungcheongnam-do/충남,KR-44,Seosan-si/서산시,KR-44-13,Galsan-dong/갈산동,KR-44-13-7
Chungcheongnam-do/충남,KR-44,Seosan-si/서산시,KR-44-13,Gobuk-myeon/고북면,KR-44-13-8
Chungcheongnam-do/충남,KR-44,Seosan-si/서산시,KR-44-13,Haemi-myeon/해미면,KR-44-13-9
Chungcheongnam-do/충남,KR-44,Seosan-si/서산시,KR-44-13,Inji-myeon/인지면,KR-44-13-10
Chungcheongnam-do/충남,KR-44,Seosan-si/서산시,KR-44-13,Jamhong-dong/잠홍동,KR-44-13-11
Chungcheongnam-do/충남,KR-44,Seosan-si/서산시,KR-44-13,Jang-dong/장동,KR-44-13-12
Chungcheongnam-do/충남,KR-44,Seosan-si/서산시,KR-44-13,Jigok-myeon/지곡면,KR-44-13-13
Chungcheongnam-do/충남,KR-44,Seosan-si/서산시,KR-44-13,Jukseong-dong/죽성동,KR-44-13-14
Chungcheongnam-do/충남,KR-44,Seosan-si/서산시,KR-44-13,Onam-dong/오남동,KR-44-13-15
Chungcheongnam-do/충남,KR-44,Seosan-si/서산시,KR-44-13,Onseok-dong/온석동,KR-44-13-16
Chungcheongnam-do/충남,KR-44,Seosan-si/서산시,KR-44-13,Palbong-myeon/팔봉면,KR-44-13-17
Chungcheongnam-do/충남,KR-44,Seosan-si/서산시,KR-44-13,Seoknam-dong/석남동,KR-44-13-18
Chungcheongnam-do/충남,KR-44,Seosan-si/서산시,KR-44-13,Seokrim-dong/석림동,KR-44-13-19
Chungcheongnam-do/충남,KR-44,Seosan-si/서산시,KR-44-13,Seongyeon-myeon/성연면,KR-44-13-20
Chungcheongnam-do/충남,KR-44,Seosan-si/서산시,KR-44-13,Seosanucheguksaseoham/서산우체국사서함,KR-44-13-21
Chungcheongnam-do/충남,KR-44,Seosan-si/서산시,KR-44-13,Suseok-dong/수석동,KR-44-13-22
Chungcheongnam-do/충남,KR-44,Seosan-si/서산시,KR-44-13,Unsan-myeon/운산면,KR-44-13-23
Chungcheongnam-do/충남,KR-44,Seosan-si/서산시,KR-44-13,Yangdae-dong/양대동,KR-44-13-24
Chungcheongnam-do/충남,KR-44,Seosan-si/서산시,KR-44-13,Yecheon-dong/예천동,KR-44-13-25
Chungcheongnam-do/충남,KR-44,Taean-gun/태안군,KR-44-14,Anmyeon-eup/안면읍,KR-44-14-0
Chungcheongnam-do/충남,KR-44,Taean-gun/태안군,KR-44-14,Geunheung-myeon/근흥면,KR-44-14-1
Chungcheongnam-do/충남,KR-44,Taean-gun/태안군,KR-44-14,Gonam-myeon/고남면,KR-44-14-2
Chungcheongnam-do/충남,KR-44,Taean-gun/태안군,KR-44-14,Iwon-myeon/이원면,KR-44-14-3
Chungcheongnam-do/충남,KR-44,Taean-gun/태안군,KR-44-14,Nam-myeon/남면,KR-44-14-4
Chungcheongnam-do/충남,KR-44,Taean-gun/태안군,KR-44-14,Sowon-myeon/소원면,KR-44-14-5
Chungcheongnam-do/충남,KR-44,Taean-gun/태안군,KR-44-14,Taean-eup/태안읍,KR-44-14-6
Chungcheongnam-do/충남,KR-44,Taean-gun/태안군,KR-44-14,Wonbuk-myeon/원북면,KR-44-14-7
Chungcheongnam-do/충남,KR-44,Yeongi-gun/연기군,KR-44-15,Dong-myeon/동면,KR-44-15-0
Chungcheongnam-do/충남,KR-44,Yeongi-gun/연기군,KR-44-15,Geumnam-myeon/금남면,KR-44-15-1
Chungcheongnam-do/충남,KR-44,Yeongi-gun/연기군,KR-44-15,Jeondong-myeon/전동면,KR-44-15-2
Chungcheongnam-do/충남,KR-44,Yeongi-gun/연기군,KR-44-15,Jeonui-myeon/전의면,KR-44-15-3
Chungcheongnam-do/충남,KR-44,Yeongi-gun/연기군,KR-44-15,Jochiwon-eup/조치원읍,KR-44-15-4
Chungcheongnam-do/충남,KR-44,Yeongi-gun/연기군,KR-44-15,Nam-myeon/남면,KR-44-15-5
Chungcheongnam-do/충남,KR-44,Yeongi-gun/연기군,KR-44-15,Seo-myeon/서면,KR-44-15-6
Chungcheongnam-do/충남,KR-44,Yeongi-gun/연기군,KR-44-15,Sojeong-myeon/소정면,KR-44-15-7
Chungcheongnam-do/충남,KR-44,Yesan-gun/예산군,KR-44-16,Bongsan-myeon/봉산면,KR-44-16-0
Chungcheongnam-do/충남,KR-44,Yesan-gun/예산군,KR-44-16,Daeheung-myeon/대흥면,KR-44-16-1
Chungcheongnam-do/충남,KR-44,Yesan-gun/예산군,KR-44-16,Daesul-myeon/대술면,KR-44-16-2
Chungcheongnam-do/충남,KR-44,Yesan-gun/예산군,KR-44-16,Deoksan-myeon/덕산면,KR-44-16-3
Chungcheongnam-do/충남,KR-44,Yesan-gun/예산군,KR-44-16,Eungbong-myeon/응봉면,KR-44-16-4
Chungcheongnam-do/충남,KR-44,Yesan-gun/예산군,KR-44-16,Godeok-myeon/고덕면,KR-44-16-5
Chungcheongnam-do/충남,KR-44,Yesan-gun/예산군,KR-44-16,Gwangsi-myeon/광시면,KR-44-16-6
Chungcheongnam-do/충남,KR-44,Yesan-gun/예산군,KR-44-16,Oga-myeon/오가면,KR-44-16-7
Chungcheongnam-do/충남,KR-44,Yesan-gun/예산군,KR-44-16,Sapgyo-eup/삽교읍,KR-44-16-8
Chungcheongnam-do/충남,KR-44,Yesan-gun/예산군,KR-44-16,Sinam-myeon/신암면,KR-44-16-9
Chungcheongnam-do/충남,KR-44,Yesan-gun/예산군,KR-44-16,Sinyang-myeon/신양면,KR-44-16-10
Chungcheongnam-do/충남,KR-44,Yesan-gun/예산군,KR-44-16,Yesan-eup/예산읍,KR-44-16-11
Daegu/대구,KR-27,Buk-gu/북구,KR-27-0,Bokhyeon 1(il)-dong/복현1동,KR-27-0-0
Daegu/대구,KR-27,Buk-gu/북구,KR-27-0,Bokhyeon 2(i)-dong/복현2동,KR-27-0-1
Daegu/대구,KR-27,Buk-gu/북구,KR-27-0,Bokhyeon-dong/복현동,KR-27-0-2
Daegu/대구,KR-27,Buk-gu/북구,KR-27-0,Bonchon-dong/본촌동,KR-27-0-3
Daegu/대구,KR-27,Buk-gu/북구,KR-27-0,Bukbusanucheguksaseoham/북부산우체국사서함,KR-27-0-4
Daegu/대구,KR-27,Buk-gu/북구,KR-27-0,Bukdaeguucheguksaseoham/북대구우체국사서함,KR-27-0-5
Daegu/대구,KR-27,Buk-gu/북구,KR-27-0,Buk-dong/북동,KR-27-0-6
Daegu/대구,KR-27,Buk-gu/북구,KR-27-0,Bukgwangjuucheguksaseoham/북광주우체국사서함,KR-27-0-7
Daegu/대구,KR-27,Buk-gu/북구,KR-27-0,Changpyeong-dong/창평동,KR-27-0-8
Daegu/대구,KR-27,Buk-gu/북구,KR-27-0,Cheongok-dong/천곡동,KR-27-0-9
Daegu/대구,KR-27,Buk-gu/북구,KR-27-0,Cheongpung-dong/청풍동,KR-27-0-10
Daegu/대구,KR-27,Buk-gu/북구,KR-27-0,Chilseongdong 1(il)-ga/칠성동1가,KR-27-0-11
Daegu/대구,KR-27,Buk-gu/북구,KR-27-0,Chilseongdong 2(i)-ga/칠성동2가,KR-27-0-12
Daegu/대구,KR-27,Buk-gu/북구,KR-27-0,Chimsan 1(il)-dong/침산1동,KR-27-0-13
Daegu/대구,KR-27,Buk-gu/북구,KR-27-0,Chimsan 2(i)-dong/침산2동,KR-27-0-14
Daegu/대구,KR-27,Buk-gu/북구,KR-27-0,Chimsan 3(sam)-dong/침산3동,KR-27-0-15
Daegu/대구,KR-27,Buk-gu/북구,KR-27-0,Chimsan-dong/침산동,KR-27-0-16
Daegu/대구,KR-27,Buk-gu/북구,KR-27-0,Chunghyo-dong/충효동,KR-27-0-17
Daegu/대구,KR-27,Buk-gu/북구,KR-27-0,Daean-dong/대안동,KR-27-0-18
Daegu/대구,KR-27,Buk-gu/북구,KR-27-0,Daechon-dong/대촌동,KR-27-0-19
Daegu/대구,KR-27,Buk-gu/북구,KR-27-0,Daehyeon 1(il)-dong/대현1동,KR-27-0-20
Daegu/대구,KR-27,Buk-gu/북구,KR-27-0,Daehyeon 2(i)-dong/대현2동,KR-27-0-21
Daegu/대구,KR-27,Buk-gu/북구,KR-27-0,Daehyeon-dong/대현동,KR-27-0-22
Daegu/대구,KR-27,Buk-gu/북구,KR-27-0,Dalcheon-dong/달천동,KR-27-0-23
Daegu/대구,KR-27,Buk-gu/북구,KR-27-0,Dangsa-dong/당사동,KR-27-0-24
Daegu/대구,KR-27,Buk-gu/북구,KR-27-0,Deogui-dong/덕의동,KR-27-0-25
Daegu/대구,KR-27,Buk-gu/북구,KR-27-0,Deokcheon 1(il)-dong/덕천1동,KR-27-0-26
Daegu/대구,KR-27,Buk-gu/북구,KR-27-0,Deokcheon 2(i)-dong/덕천2동,KR-27-0-27
Daegu/대구,KR-27,Buk-gu/북구,KR-27-0,Deokcheon 3(sam)-dong/덕천3동,KR-27-0-28
Daegu/대구,KR-27,Buk-gu/북구,KR-27-0,Deokcheon-dong/덕천동,KR-27-0-29
Daegu/대구,KR-27,Buk-gu/북구,KR-27-0,Donam-dong/도남동,KR-27-0-30
Daegu/대구,KR-27,Buk-gu/북구,KR-27-0,Dongbyeon-dong/동변동,KR-27-0-31
Daegu/대구,KR-27,Buk-gu/북구,KR-27-0,Dongcheon-dong/동천동,KR-27-0-32
Daegu/대구,KR-27,Buk-gu/북구,KR-27-0,Dongho-dong/동호동,KR-27-0-33
Daegu/대구,KR-27,Buk-gu/북구,KR-27-0,Dongrim-dong/동림동,KR-27-0-34
Daegu/대구,KR-27,Buk-gu/북구,KR-27-0,Duam 1(il)-dong/두암1동,KR-27-0-35
Daegu/대구,KR-27,Buk-gu/북구,KR-27-0,Duam 2(i)-dong/두암2동,KR-27-0-36
Daegu/대구,KR-27,Buk-gu/북구,KR-27-0,Duam 3(sam)-dong/두암3동,KR-27-0-37
Daegu/대구,KR-27,Buk-gu/북구,KR-27-0,Duam-dong/두암동,KR-27-0-38
Daegu/대구,KR-27,Buk-gu/북구,KR-27-0,Eomul-dong/어물동,KR-27-0-39
Daegu/대구,KR-27,Buk-gu/북구,KR-27-0,Eupnae-dong/읍내동,KR-27-0-40
Daegu/대구,KR-27,Buk-gu/북구,KR-27-0,Gadae-dong/가대동,KR-27-0-41
Daegu/대구,KR-27,Buk-gu/북구,KR-27-0,Gakhwa-dong/각화동,KR-27-0-42
Daegu/대구,KR-27,Buk-gu/북구,KR-27-0,Geomdan-dong/검단동,KR-27-0-43
Daegu/대구,KR-27,Buk-gu/북구,KR-27-0,Geumgok-dong/금곡동,KR-27-0-44
Daegu/대구,KR-27,Buk-gu/북구,KR-27-0,Geumgok-dong/금곡동,KR-27-0-44
Daegu/대구,KR-27,Buk-gu/북구,KR-27-0,Geumho-dong/금호동,KR-27-0-45
Daegu/대구,KR-27,Buk-gu/북구,KR-27-0,Goseongdong 1(il)-ga/고성동1가,KR-27-0-46
Daegu/대구,KR-27,Buk-gu/북구,KR-27-0,Goseongdong 2(i)-ga/고성동2가,KR-27-0-47
Daegu/대구,KR-27,Buk-gu/북구,KR-27-0,Goseongdong 3(sam)-ga/고성동3가,KR-27-0-48
Daegu/대구,KR-27,Buk-gu/북구,KR-27-0,Guam-dong/구암동,KR-27-0-49
Daegu/대구,KR-27,Buk-gu/북구,KR-27-0,Gugu-dong/국우동,KR-27-0-50
Daegu/대구,KR-27,Buk-gu/북구,KR-27-0,Gupo 1(il)-dong/구포1동,KR-27-0-51
Daegu/대구,KR-27,Buk-gu/북구,KR-27-0,Gupo 2(i)-dong/구포2동,KR-27-0-52
Daegu/대구,KR-27,Buk-gu/북구,KR-27-0,Gupo 3(sam)-dong/구포3동,KR-27-0-53
Daegu/대구,KR-27,Buk-gu/북구,KR-27-0,Gupo-dong/구포동,KR-27-0-54
Daegu/대구,KR-27,Buk-gu/북구,KR-27-0,Guyu-dong/구유동,KR-27-0-55
Daegu/대구,KR-27,Buk-gu/북구,KR-27-0,Gwaneum-dong/관음동,KR-27-0-56
Daegu/대구,KR-27,Buk-gu/북구,KR-27-0,Hakjeong-dong/학정동,KR-27-0-57
Daegu/대구,KR-27,Buk-gu/북구,KR-27-0,Hogye-dong/호계동,KR-27-0-58
Daegu/대구,KR-27,Buk-gu/북구,KR-27-0,Hwaam-dong/화암동,KR-27-0-59
Daegu/대구,KR-27,Buk-gu/북구,KR-27-0,Hwabong-dong/화봉동,KR-27-0-60
Daegu/대구,KR-27,Buk-gu/북구,KR-27-0,Hwamyeong 1(il)-dong/화명1동,KR-27-0-61
Daegu/대구,KR-27,Buk-gu/북구,KR-27-0,Hwamyeong 2(i)-dong/화명2동,KR-27-0-62
Daegu/대구,KR-27,Buk-gu/북구,KR-27-0,Hwamyeong 3(sam)-dong/화명3동,KR-27-0-63
Daegu/대구,KR-27,Buk-gu/북구,KR-27-0,Hwamyeong-dong/화명동,KR-27-0-64
Daegu/대구,KR-27,Buk-gu/북구,KR-27-0,Hyomun-dong/효문동,KR-27-0-65
Daegu/대구,KR-27,Buk-gu/북구,KR-27-0,Hyoryeong-dong/효령동,KR-27-0-66
Daegu/대구,KR-27,Buk-gu/북구,KR-27-0,Ilgok-dong/일곡동,KR-27-0-67
Daegu/대구,KR-27,Buk-gu/북구,KR-27-0,Im-dong/임동,KR-27-0-68
Daegu/대구,KR-27,Buk-gu/북구,KR-27-0,Jangdeung-dong/장등동,KR-27-0-69
Daegu/대구,KR-27,Buk-gu/북구,KR-27-0,Jeongja-dong/정자동,KR-27-0-70
Daegu/대구,KR-27,Buk-gu/북구,KR-27-0,Jinjang-dong/진장동,KR-27-0-71
Daegu/대구,KR-27,Buk-gu/북구,KR-27-0,Jiya-dong/지야동,KR-27-0-72
Daegu/대구,KR-27,Buk-gu/북구,KR-27-0,Joya-dong/조야동,KR-27-0-73
Daegu/대구,KR-27,Buk-gu/북구,KR-27-0,Jungheung 1(il)-dong/중흥1동,KR-27-0-74
Daegu/대구,KR-27,Buk-gu/북구,KR-27-0,Jungheung 2(i)-dong/중흥2동,KR-27-0-75
Daegu/대구,KR-27,Buk-gu/북구,KR-27-0,Jungheung 3(sam)-dong/중흥3동,KR-27-0-76
Daegu/대구,KR-27,Buk-gu/북구,KR-27-0,Jungheung-dong/중흥동,KR-27-0-77
Daegu/대구,KR-27,Buk-gu/북구,KR-27-0,Jungsan-dong/중산동,KR-27-0-78
Daegu/대구,KR-27,Buk-gu/북구,KR-27-0,Maecheon-dong/매천동,KR-27-0-79
Daegu/대구,KR-27,Buk-gu/북구,KR-27-0,Maegok-dong/매곡동,KR-27-0-80
Daegu/대구,KR-27,Buk-gu/북구,KR-27-0,Maegok-dong/매곡동,KR-27-0-80
Daegu/대구,KR-27,Buk-gu/북구,KR-27-0,Mandeog 1(il)-dong/만덕1동,KR-27-0-81
Daegu/대구,KR-27,Buk-gu/북구,KR-27-0,Mandeog 2(i)-dong/만덕2동,KR-27-0-82
Daegu/대구,KR-27,Buk-gu/북구,KR-27-0,Mandeog 3(sam)-dong/만덕3동,KR-27-0-83
Daegu/대구,KR-27,Buk-gu/북구,KR-27-0,Mandeok-dong/만덕동,KR-27-0-84
Daegu/대구,KR-27,Buk-gu/북구,KR-27-0,Mangwol-dong/망월동,KR-27-0-85
Daegu/대구,KR-27,Buk-gu/북구,KR-27-0,Munheung 1(il)-dong/문흥1동,KR-27-0-86
Daegu/대구,KR-27,Buk-gu/북구,KR-27-0,Munheung 2(i)-dong/문흥2동,KR-27-0-87
Daegu/대구,KR-27,Buk-gu/북구,KR-27-0,Munheung-dong/문흥동,KR-27-0-88
Daegu/대구,KR-27,Buk-gu/북구,KR-27-0,Muryong-dong/무룡동,KR-27-0-89
Daegu/대구,KR-27,Buk-gu/북구,KR-27-0,Myeongchon-dong/명촌동,KR-27-0-90
Daegu/대구,KR-27,Buk-gu/북구,KR-27-0,Nogok-dong/노곡동,KR-27-0-91
Daegu/대구,KR-27,Buk-gu/북구,KR-27-0,Nowondong 1(il)-ga/노원동1가,KR-27-0-92
Daegu/대구,KR-27,Buk-gu/북구,KR-27-0,Nowondong 2(i)-ga/노원동2가,KR-27-0-93
Daegu/대구,KR-27,Buk-gu/북구,KR-27-0,Nowondong 3(sam)-ga/노원동3가,KR-27-0-94
Daegu/대구,KR-27,Buk-gu/북구,KR-27-0,Numun-dong/누문동,KR-27-0-95
Daegu/대구,KR-27,Buk-gu/북구,KR-27-0,Ochi 1(il)-dong/오치1동,KR-27-0-96
Daegu/대구,KR-27,Buk-gu/북구,KR-27-0,Ochi 2(i)-dong/오치2동,KR-27-0-97
Daegu/대구,KR-27,Buk-gu/북구,KR-27-0,Ochi-dong/오치동,KR-27-0-98
Daegu/대구,KR-27,Buk-gu/북구,KR-27-0,Oryong-dong/오룡동,KR-27-0-99
Daegu/대구,KR-27,Buk-gu/북구,KR-27-0,Paldal-dong/팔달동,KR-27-0-100
Daegu/대구,KR-27,Buk-gu/북구,KR-27-0,Punghyang-dong/풍향동,KR-27-0-101
Daegu/대구,KR-27,Buk-gu/북구,KR-27-0,Saengyong-dong/생용동,KR-27-0-102
Daegu/대구,KR-27,Buk-gu/북구,KR-27-0,Samgak-dong/삼각동,KR-27-0-103
Daegu/대구,KR-27,Buk-gu/북구,KR-27-0,Sangan-dong/상안동,KR-27-0-104
Daegu/대구,KR-27,Buk-gu/북구,KR-27-0,Sangyeog 1(il)-dong/산격1동,KR-27-0-105
Daegu/대구,KR-27,Buk-gu/북구,KR-27-0,Sangyeog 2(i)-dong/산격2동,KR-27-0-106
Daegu/대구,KR-27,Buk-gu/북구,KR-27-0,Sangyeog 3(sam)-dong/산격3동,KR-27-0-107
Daegu/대구,KR-27,Buk-gu/북구,KR-27-0,Sangyeog 4(sa)-dong/산격4동,KR-27-0-108
Daegu/대구,KR-27,Buk-gu/북구,KR-27-0,Sangyeok-dong/산격동,KR-27-0-109
Daegu/대구,KR-27,Buk-gu/북구,KR-27-0,Sanha-dong/산하동,KR-27-0-110
Daegu/대구,KR-27,Buk-gu/북구,KR-27-0,Sasu-dong/사수동,KR-27-0-111
Daegu/대구,KR-27,Buk-gu/북구,KR-27-0,Seobyeon-dong/서변동,KR-27-0-112
Daegu/대구,KR-27,Buk-gu/북구,KR-27-0,Sinan-dong/신안동,KR-27-0-113
Daegu/대구,KR-27,Buk-gu/북구,KR-27-0,Sincheon-dong/신천동,KR-27-0-114
Daegu/대구,KR-27,Buk-gu/북구,KR-27-0,Sinhyeon-dong/신현동,KR-27-0-115
Daegu/대구,KR-27,Buk-gu/북구,KR-27-0,Sinmyeong-dong/신명동,KR-27-0-116
Daegu/대구,KR-27,Buk-gu/북구,KR-27-0,Sinyong-dong/신용동,KR-27-0-117
Daegu/대구,KR-27,Buk-gu/북구,KR-27-0,Sirye-dong/시례동,KR-27-0-118
Daegu/대구,KR-27,Buk-gu/북구,KR-27-0,Songjeong-dong/송정동,KR-27-0-119
Daegu/대구,KR-27,Buk-gu/북구,KR-27-0,Sugok-dong/수곡동,KR-27-0-120
Daegu/대구,KR-27,Buk-gu/북구,KR-27-0,Taejeon 1(il)-dong/태전1동,KR-27-0-121
Daegu/대구,KR-27,Buk-gu/북구,KR-27-0,Taejeon 2(i)-dong/태전2동,KR-27-0-122
Daegu/대구,KR-27,Buk-gu/북구,KR-27-0,Taejeon-dong/태전동,KR-27-0-123
Daegu/대구,KR-27,Buk-gu/북구,KR-27-0,Taeryeong-dong/태령동,KR-27-0-124
Daegu/대구,KR-27,Buk-gu/북구,KR-27-0,Unam 1(il)-dong/운암1동,KR-27-0-125
Daegu/대구,KR-27,Buk-gu/북구,KR-27-0,Unam 2(i)-dong/운암2동,KR-27-0-126
Daegu/대구,KR-27,Buk-gu/북구,KR-27-0,Unam 3(sam)-dong/운암3동,KR-27-0-127
Daegu/대구,KR-27,Buk-gu/북구,KR-27-0,Unam-dong/운암동,KR-27-0-128
Daegu/대구,KR-27,Buk-gu/북구,KR-27-0,Unjeong-dong/운정동,KR-27-0-129
Daegu/대구,KR-27,Buk-gu/북구,KR-27-0,Usan-dong/우산동,KR-27-0-130
Daegu/대구,KR-27,Buk-gu/북구,KR-27-0,Wolchul-dong/월출동,KR-27-0-131
Daegu/대구,KR-27,Buk-gu/북구,KR-27-0,Yangjeong-dong/양정동,KR-27-0-132
Daegu/대구,KR-27,Buk-gu/북구,KR-27-0,Yangsan-dong/양산동,KR-27-0-133
Daegu/대구,KR-27,Buk-gu/북구,KR-27-0,Yeompo-dong/염포동,KR-27-0-134
Daegu/대구,KR-27,Buk-gu/북구,KR-27-0,Yeonam-dong/연암동,KR-27-0-135
Daegu/대구,KR-27,Buk-gu/북구,KR-27-0,Yeongyeong-dong/연경동,KR-27-0-136
Daegu/대구,KR-27,Buk-gu/북구,KR-27-0,Yeonje-dong/연제동,KR-27-0-137
Daegu/대구,KR-27,Buk-gu/북구,KR-27-0,Yongbong-dong/용봉동,KR-27-0-138
Daegu/대구,KR-27,Buk-gu/북구,KR-27-0,Yongdu-dong/용두동,KR-27-0-139
Daegu/대구,KR-27,Buk-gu/북구,KR-27-0,Yonggang-dong/용강동,KR-27-0-140
Daegu/대구,KR-27,Buk-gu/북구,KR-27-0,Yongjeon-dong/용전동,KR-27-0-141
Daegu/대구,KR-27,Buk-gu/북구,KR-27-0,Yu-dong/유동,KR-27-0-142
Daegu/대구,KR-27,Dalseo-gu/달서구,KR-27-1,Bon-dong/본동,KR-27-1-0
Daegu/대구,KR-27,Dalseo-gu/달서구,KR-27-1,Bonri-dong/본리동,KR-27-1-1
Daegu/대구,KR-27,Dalseo-gu/달서구,KR-27-1,Daecheon-dong/대천동,KR-27-1-2
Daegu/대구,KR-27,Dalseo-gu/달서구,KR-27-1,Daegok-dong/대곡동,KR-27-1-3
Daegu/대구,KR-27,Dalseo-gu/달서구,KR-27-1,Daegudalseoucheguksaseoham/대구달서우체국사서함,KR-27-1-4
Daegu/대구,KR-27,Dalseo-gu/달서구,KR-27-1,Daeguseongseoucheguksaseoham/대구성서우체국사서함,KR-27-1-5
Daegu/대구,KR-27,Dalseo-gu/달서구,KR-27-1,Dowon-dong/도원동,KR-27-1-6
Daegu/대구,KR-27,Dalseo-gu/달서구,KR-27-1,Duryu 1(il)-dong/두류1동,KR-27-1-7
Daegu/대구,KR-27,Dalseo-gu/달서구,KR-27-1,Duryu 2(i)-dong/두류2동,KR-27-1-8
Daegu/대구,KR-27,Dalseo-gu/달서구,KR-27-1,Duryu 3(sam)-dong/두류3동,KR-27-1-9
Daegu/대구,KR-27,Dalseo-gu/달서구,KR-27-1,Duryu-dong/두류동,KR-27-1-10
Daegu/대구,KR-27,Dalseo-gu/달서구,KR-27-1,Galsan-dong/갈산동,KR-27-1-11
Daegu/대구,KR-27,Dalseo-gu/달서구,KR-27-1,Gamsam-dong/감삼동,KR-27-1-12
Daegu/대구,KR-27,Dalseo-gu/달서구,KR-27-1,Horim-dong/호림동,KR-27-1-13
Daegu/대구,KR-27,Dalseo-gu/달서구,KR-27-1,Hosan-dong/호산동,KR-27-1-14
Daegu/대구,KR-27,Dalseo-gu/달서구,KR-27-1,Igog 1(il)-dong/이곡1동,KR-27-1-15
Daegu/대구,KR-27,Dalseo-gu/달서구,KR-27-1,Igog 2(i)-dong/이곡2동,KR-27-1-16
Daegu/대구,KR-27,Dalseo-gu/달서구,KR-27-1,Igok-dong/이곡동,KR-27-1-17
Daegu/대구,KR-27,Dalseo-gu/달서구,KR-27-1,Jang-dong/장동,KR-27-1-18
Daegu/대구,KR-27,Dalseo-gu/달서구,KR-27-1,Janggi-dong/장기동,KR-27-1-19
Daegu/대구,KR-27,Dalseo-gu/달서구,KR-27-1,Jincheon-dong/진천동,KR-27-1-20
Daegu/대구,KR-27,Dalseo-gu/달서구,KR-27-1,Jukjeon-dong/죽전동,KR-27-1-21
Daegu/대구,KR-27,Dalseo-gu/달서구,KR-27-1,Paho-dong/파호동,KR-27-1-22
Daegu/대구,KR-27,Dalseo-gu/달서구,KR-27-1,Sangin 1(il)-dong/상인1동,KR-27-1-23
Daegu/대구,KR-27,Dalseo-gu/달서구,KR-27-1,Sangin 2(i)-dong/상인2동,KR-27-1-24
Daegu/대구,KR-27,Dalseo-gu/달서구,KR-27-1,Sangin 3(sam)-dong/상인3동,KR-27-1-25
Daegu/대구,KR-27,Dalseo-gu/달서구,KR-27-1,Sangin-dong/상인동,KR-27-1-26
Daegu/대구,KR-27,Dalseo-gu/달서구,KR-27-1,Seongdang 1(il)-dong/성당1동,KR-27-1-27
Daegu/대구,KR-27,Dalseo-gu/달서구,KR-27-1,Seongdang 2(i)-dong/성당2동,KR-27-1-28
Daegu/대구,KR-27,Dalseo-gu/달서구,KR-27-1,Seongdang-dong/성당동,KR-27-1-29
Daegu/대구,KR-27,Dalseo-gu/달서구,KR-27-1,Sindang-dong/신당동,KR-27-1-30
Daegu/대구,KR-27,Dalseo-gu/달서구,KR-27-1,Songhyeon 1(il)-dong/송현1동,KR-27-1-31
Daegu/대구,KR-27,Dalseo-gu/달서구,KR-27-1,Songhyeon 2(i)-dong/송현2동,KR-27-1-32
Daegu/대구,KR-27,Dalseo-gu/달서구,KR-27-1,Songhyeon-dong/송현동,KR-27-1-33
Daegu/대구,KR-27,Dalseo-gu/달서구,KR-27-1,Wolseong 1(il)-dong/월성1동,KR-27-1-34
Daegu/대구,KR-27,Dalseo-gu/달서구,KR-27-1,Wolseong 2(i)-dong/월성2동,KR-27-1-35
Daegu/대구,KR-27,Dalseo-gu/달서구,KR-27-1,Wolseong-dong/월성동,KR-27-1-36
Daegu/대구,KR-27,Dalseo-gu/달서구,KR-27-1,Woram-dong/월암동,KR-27-1-37
Daegu/대구,KR-27,Dalseo-gu/달서구,KR-27-1,Yongsan 1(il)-dong/용산1동,KR-27-1-38
Daegu/대구,KR-27,Dalseo-gu/달서구,KR-27-1,Yongsan 2(i)-dong/용산2동,KR-27-1-39
Daegu/대구,KR-27,Dalseo-gu/달서구,KR-27-1,Yongsan-dong/용산동,KR-27-1-40
Daegu/대구,KR-27,Dalseo-gu/달서구,KR-27-1,Yucheon-dong/유천동,KR-27-1-41
Daegu/대구,KR-27,Dalseong-gun/달성군,KR-27-2,Dasa-eup/다사읍,KR-27-2-0
Daegu/대구,KR-27,Dalseong-gun/달성군,KR-27-2,Gachang-myeon/가창면,KR-27-2-1
Daegu/대구,KR-27,Dalseong-gun/달성군,KR-27-2,Guji-myeon/구지면,KR-27-2-2
Daegu/대구,KR-27,Dalseong-gun/달성군,KR-27-2,Habin-myeon/하빈면,KR-27-2-3
Daegu/대구,KR-27,Dalseong-gun/달성군,KR-27-2,Hwawon-eup/화원읍,KR-27-2-4
Daegu/대구,KR-27,Dalseong-gun/달성군,KR-27-2,Hyeonpung-myeon/현풍면,KR-27-2-5
Daegu/대구,KR-27,Dalseong-gun/달성군,KR-27-2,Nongong-eup/논공읍,KR-27-2-6
Daegu/대구,KR-27,Dalseong-gun/달성군,KR-27-2,Okpo-myeon/옥포면,KR-27-2-7
Daegu/대구,KR-27,Dalseong-gun/달성군,KR-27-2,Yuga-myeon/유가면,KR-27-2-8
Daegu/대구,KR-27,Dong-gu/동구,KR-27-3,Baegan-dong/백안동,KR-27-3-0
Daegu/대구,KR-27,Dong-gu/동구,KR-27-3,Bangchon-dong/방촌동,KR-27-3-1
Daegu/대구,KR-27,Dong-gu/동구,KR-27-3,Bangeo-dong/방어동,KR-27-3-2
Daegu/대구,KR-27,Dong-gu/동구,KR-27-3,Beomil-dong/범일동,KR-27-3-3
Daegu/대구,KR-27,Dong-gu/동구,KR-27-3,Beomir 1(il)-dong/범일1동,KR-27-3-4
Daegu/대구,KR-27,Dong-gu/동구,KR-27-3,Beomir 2(i)-dong/범일2동,KR-27-3-5
Daegu/대구,KR-27,Dong-gu/동구,KR-27-3,Beomir 4(sa)-dong/범일4동,KR-27-3-6
Daegu/대구,KR-27,Dong-gu/동구,KR-27-3,Beomir 5(o)-dong/범일5동,KR-27-3-7
Daegu/대구,KR-27,Dong-gu/동구,KR-27-3,Biryong-dong/비룡동,KR-27-3-8
Daegu/대구,KR-27,Dong-gu/동구,KR-27-3,Bongmu-dong/봉무동,KR-27-3-9
Daegu/대구,KR-27,Dong-gu/동구,KR-27-3,Bu-dong/부동,KR-27-3-10
Daegu/대구,KR-27,Dong-gu/동구,KR-27-3,Bullo-dong/불로동,KR-27-3-11
Daegu/대구,KR-27,Dong-gu/동구,KR-27-3,Bullo-dong/불로동,KR-27-3-11
Daegu/대구,KR-27,Dong-gu/동구,KR-27-3,Changyeong-dong/창영동,KR-27-3-12
Daegu/대구,KR-27,Dong-gu/동구,KR-27-3,Cheon-dong/천동,KR-27-3-13
Daegu/대구,KR-27,Dong-gu/동구,KR-27-3,Choryang 1(il)-dong/초량1동,KR-27-3-14
Daegu/대구,KR-27,Dong-gu/동구,KR-27-3,Choryang 2(i)-dong/초량2동,KR-27-3-15
Daegu/대구,KR-27,Dong-gu/동구,KR-27-3,Choryang 3(sam)-dong/초량3동,KR-27-3-16
Daegu/대구,KR-27,Dong-gu/동구,KR-27-3,Choryang 6(yuk)-dong/초량6동,KR-27-3-17
Daegu/대구,KR-27,Dong-gu/동구,KR-27-3,Choryang-dong/초량동,KR-27-3-18
Daegu/대구,KR-27,Dong-gu/동구,KR-27-3,Chu-dong/추동,KR-27-3-19
Daegu/대구,KR-27,Dong-gu/동구,KR-27-3,Chungjangro 1(il)-ga/충장로1가,KR-27-3-20
Daegu/대구,KR-27,Dong-gu/동구,KR-27-3,Chungjangro 2(i)-ga/충장로2가,KR-27-3-21
Daegu/대구,KR-27,Dong-gu/동구,KR-27-3,Chungjangro 3(sam)-ga/충장로3가,KR-27-3-22
Daegu/대구,KR-27,Dong-gu/동구,KR-27-3,Chungjangro 4(sa)-ga/충장로4가,KR-27-3-23
Daegu/대구,KR-27,Dong-gu/동구,KR-27-3,Chungjangro 5(o)-ga/충장로5가,KR-27-3-24
Daegu/대구,KR-27,Dong-gu/동구,KR-27-3,Dae 1(il)-dong/대1동,KR-27-3-25
Daegu/대구,KR-27,Dong-gu/동구,KR-27-3,Dae 2(i)-dong/대2동,KR-27-3-26
Daegu/대구,KR-27,Dong-gu/동구,KR-27-3,Daebyeol-dong/대별동,KR-27-3-27
Daegu/대구,KR-27,Dong-gu/동구,KR-27-3,Dae-dong/대동,KR-27-3-28
Daegu/대구,KR-27,Dong-gu/동구,KR-27-3,Daein-dong/대인동,KR-27-3-29
Daegu/대구,KR-27,Dong-gu/동구,KR-27-3,Daejeonucheguksaseoham/대전우체국사서함,KR-27-3-30
Daegu/대구,KR-27,Dong-gu/동구,KR-27-3,Daerim-dong/대림동,KR-27-3-31
Daegu/대구,KR-27,Dong-gu/동구,KR-27-3,Daeseong-dong/대성동,KR-27-3-32
Daegu/대구,KR-27,Dong-gu/동구,KR-27-3,Daesong-dong/대송동,KR-27-3-33
Daegu/대구,KR-27,Dong-gu/동구,KR-27-3,Daeui-dong/대의동,KR-27-3-34
Daegu/대구,KR-27,Dong-gu/동구,KR-27-3,Deokgok-dong/덕곡동,KR-27-3-35
Daegu/대구,KR-27,Dong-gu/동구,KR-27-3,Do-dong/도동,KR-27-3-36
Daegu/대구,KR-27,Dong-gu/동구,KR-27-3,Dohak-dong/도학동,KR-27-3-37
Daegu/대구,KR-27,Dong-gu/동구,KR-27-3,Dongbu-dong/동부동,KR-27-3-38
Daegu/대구,KR-27,Dong-gu/동구,KR-27-3,Dongbusanucheguksaseoham/동부산우체국사서함,KR-27-3-39
Daegu/대구,KR-27,Dong-gu/동구,KR-27-3,Dongdaeguucheguksaseoham/동대구우체국사서함,KR-27-3-40
Daegu/대구,KR-27,Dong-gu/동구,KR-27-3,Dongho-dong/동호동,KR-27-3-41
Daegu/대구,KR-27,Dong-gu/동구,KR-27-3,Dongmyeong-dong/동명동,KR-27-3-42
Daegu/대구,KR-27,Dong-gu/동구,KR-27-3,Dongnae-dong/동내동,KR-27-3-43
Daegu/대구,KR-27,Dong-gu/동구,KR-27-3,Dongulsanucheguksaseoham/동울산우체국사서함,KR-27-3-44
Daegu/대구,KR-27,Dong-gu/동구,KR-27-3,Dunsan-dong/둔산동,KR-27-3-45
Daegu/대구,KR-27,Dong-gu/동구,KR-27-3,Gaksan-dong/각산동,KR-27-3-46
Daegu/대구,KR-27,Dong-gu/동구,KR-27-3,Gao-dong/가오동,KR-27-3-47
Daegu/대구,KR-27,Dong-gu/동구,KR-27-3,Gayang 1(il)-dong/가양1동,KR-27-3-48
Daegu/대구,KR-27,Dong-gu/동구,KR-27-3,Gayang 2(i)-dong/가양2동,KR-27-3-49
Daegu/대구,KR-27,Dong-gu/동구,KR-27-3,Gayang-dong/가양동,KR-27-3-50
Daegu/대구,KR-27,Dong-gu/동구,KR-27-3,Geomsa-dong/검사동,KR-27-3-51
Daegu/대구,KR-27,Dong-gu/동구,KR-27-3,Geum-dong/금동,KR-27-3-52
Daegu/대구,KR-27,Dong-gu/동구,KR-27-3,Geumgang-dong/금강동,KR-27-3-53
Daegu/대구,KR-27,Dong-gu/동구,KR-27-3,Geumgok-dong/금곡동,KR-27-3-54
Daegu/대구,KR-27,Dong-gu/동구,KR-27-3,Geumnamro 1(il)-ga/금남로1가,KR-27-3-55
Daegu/대구,KR-27,Dong-gu/동구,KR-27-3,Geumnamro 2(i)-ga/금남로2가,KR-27-3-56
Daegu/대구,KR-27,Dong-gu/동구,KR-27-3,Geumnamro 3(sam)-ga/금남로3가,KR-27-3-57
Daegu/대구,KR-27,Dong-gu/동구,KR-27-3,Geumnamro 4(sa)-ga/금남로4가,KR-27-3-58
Daegu/대구,KR-27,Dong-gu/동구,KR-27-3,Geumnamro 5(o)-ga/금남로5가,KR-27-3-59
Daegu/대구,KR-27,Dong-gu/동구,KR-27-3,Goejeon-dong/괴전동,KR-27-3-60
Daegu/대구,KR-27,Dong-gu/동구,KR-27-3,Gudo-dong/구도동,KR-27-3-61
Daegu/대구,KR-27,Dong-gu/동구,KR-27-3,Gung-dong/궁동,KR-27-3-62
Daegu/대구,KR-27,Dong-gu/동구,KR-27-3,Gwangjuucheguksaseoham/광주우체국사서함,KR-27-3-63
Daegu/대구,KR-27,Dong-gu/동구,KR-27-3,Gwangsan-dong/광산동,KR-27-3-64
Daegu/대구,KR-27,Dong-gu/동구,KR-27-3,Gyerim 1(il)-dong/계림1동,KR-27-3-65
Daegu/대구,KR-27,Dong-gu/동구,KR-27-3,Gyerim 2(i)-dong/계림2동,KR-27-3-66
Daegu/대구,KR-27,Dong-gu/동구,KR-27-3,Gyerim-dong/계림동,KR-27-3-67
Daegu/대구,KR-27,Dong-gu/동구,KR-27-3,Hak-dong/학동,KR-27-3-68
Daegu/대구,KR-27,Dong-gu/동구,KR-27-3,Haso-dong/하소동,KR-27-3-69
Daegu/대구,KR-27,Dong-gu/동구,KR-27-3,Honam-dong/호남동,KR-27-3-70
Daegu/대구,KR-27,Dong-gu/동구,KR-27-3,Hongdo-dong/홍도동,KR-27-3-71
Daegu/대구,KR-27,Dong-gu/동구,KR-27-3,Hwajeong-dong/화정동,KR-27-3-72
Daegu/대구,KR-27,Dong-gu/동구,KR-27-3,Hwanggeum-dong/황금동,KR-27-3-73
Daegu/대구,KR-27,Dong-gu/동구,KR-27-3,Hwapyeong-dong/화평동,KR-27-3-74
Daegu/대구,KR-27,Dong-gu/동구,KR-27-3,Hwasu 1(il)-dong/화수1동,KR-27-3-75
Daegu/대구,KR-27,Dong-gu/동구,KR-27-3,Hwasu 2(i)-dong/화수2동,KR-27-3-76
Daegu/대구,KR-27,Dong-gu/동구,KR-27-3,Hwasu-dong/화수동,KR-27-3-77
Daegu/대구,KR-27,Dong-gu/동구,KR-27-3,Hyo-dong/효동,KR-27-3-78
Daegu/대구,KR-27,Dong-gu/동구,KR-27-3,Hyomog 1(il)-dong/효목1동,KR-27-3-79
Daegu/대구,KR-27,Dong-gu/동구,KR-27-3,Hyomog 2(i)-dong/효목2동,KR-27-3-80
Daegu/대구,KR-27,Dong-gu/동구,KR-27-3,Hyomok-dong/효목동,KR-27-3-81
Daegu/대구,KR-27,Dong-gu/동구,KR-27-3,Hyopyeong-dong/효평동,KR-27-3-82
Daegu/대구,KR-27,Dong-gu/동구,KR-27-3,Ilsan-dong/일산동,KR-27-3-83
Daegu/대구,KR-27,Dong-gu/동구,KR-27-3,In-dong/인동,KR-27-3-84
Daegu/대구,KR-27,Dong-gu/동구,KR-27-3,Ipseok-dong/입석동,KR-27-3-85
Daegu/대구,KR-27,Dong-gu/동구,KR-27-3,Isa-dong/이사동,KR-27-3-86
Daegu/대구,KR-27,Dong-gu/동구,KR-27-3,Jangcheok-dong/장척동,KR-27-3-87
Daegu/대구,KR-27,Dong-gu/동구,KR-27-3,Jang-dong/장동,KR-27-3-88
Daegu/대구,KR-27,Dong-gu/동구,KR-27-3,Jayang-dong/자양동,KR-27-3-89
Daegu/대구,KR-27,Dong-gu/동구,KR-27-3,Jeong-dong/정동,KR-27-3-90
Daegu/대구,KR-27,Dong-gu/동구,KR-27-3,Jeonha 1(il)-dong/전하1동,KR-27-3-91
Daegu/대구,KR-27,Dong-gu/동구,KR-27-3,Jeonha 2(i)-dong/전하2동,KR-27-3-92
Daegu/대구,KR-27,Dong-gu/동구,KR-27-3,Jeonha-dong/전하동,KR-27-3-93
Daegu/대구,KR-27,Dong-gu/동구,KR-27-3,Jijeo-dong/지저동,KR-27-3-94
Daegu/대구,KR-27,Dong-gu/동구,KR-27-3,Jik-dong/직동,KR-27-3-95
Daegu/대구,KR-27,Dong-gu/동구,KR-27-3,Jimyo-dong/지묘동,KR-27-3-96
Daegu/대구,KR-27,Dong-gu/동구,KR-27-3,Jinin-dong/진인동,KR-27-3-97
Daegu/대구,KR-27,Dong-gu/동구,KR-27-3,Jisan 1(il)-dong/지산1동,KR-27-3-98
Daegu/대구,KR-27,Dong-gu/동구,KR-27-3,Jisan 2(i)-dong/지산2동,KR-27-3-99
Daegu/대구,KR-27,Dong-gu/동구,KR-27-3,Jisan-dong/지산동,KR-27-3-100
Daegu/대구,KR-27,Dong-gu/동구,KR-27-3,Juchon-dong/주촌동,KR-27-3-101
Daegu/대구,KR-27,Dong-gu/동구,KR-27-3,Jujeon-dong/주전동,KR-27-3-102
Daegu/대구,KR-27,Dong-gu/동구,KR-27-3,Jungdae-dong/중대동,KR-27-3-103
Daegu/대구,KR-27,Dong-gu/동구,KR-27-3,Jung-dong/중동,KR-27-3-104
Daegu/대구,KR-27,Dong-gu/동구,KR-27-3,Jusan-dong/주산동,KR-27-3-105
Daegu/대구,KR-27,Dong-gu/동구,KR-27-3,Jwacheon 1(il)-dong/좌천1동,KR-27-3-106
Daegu/대구,KR-27,Dong-gu/동구,KR-27-3,Jwacheon 4(sa)-dong/좌천4동,KR-27-3-107
Daegu/대구,KR-27,Dong-gu/동구,KR-27-3,Jwacheon-dong/좌천동,KR-27-3-108
Daegu/대구,KR-27,Dong-gu/동구,KR-27-3,Maeyeo-dong/매여동,KR-27-3-109
Daegu/대구,KR-27,Dong-gu/동구,KR-27-3,Manseok-dong/만석동,KR-27-3-110
Daegu/대구,KR-27,Dong-gu/동구,KR-27-3,Masan-dong/마산동,KR-27-3-111
Daegu/대구,KR-27,Dong-gu/동구,KR-27-3,Midae-dong/미대동,KR-27-3-112
Daegu/대구,KR-27,Dong-gu/동구,KR-27-3,Migok-dong/미곡동,KR-27-3-113
Daegu/대구,KR-27,Dong-gu/동구,KR-27-3,Nae-dong/내동,KR-27-3-114
Daegu/대구,KR-27,Dong-gu/동구,KR-27-3,Naegok-dong/내곡동,KR-27-3-115
Daegu/대구,KR-27,Dong-gu/동구,KR-27-3,Naenam-dong/내남동,KR-27-3-116
Daegu/대구,KR-27,Dong-gu/동구,KR-27-3,Naetap-dong/내탑동,KR-27-3-117
Daegu/대구,KR-27,Dong-gu/동구,KR-27-3,Nam-dong/남동,KR-27-3-118
Daegu/대구,KR-27,Dong-gu/동구,KR-27-3,Nangwol-dong/낭월동,KR-27-3-119
Daegu/대구,KR-27,Dong-gu/동구,KR-27-3,Neungseong-dong/능성동,KR-27-3-120
Daegu/대구,KR-27,Dong-gu/동구,KR-27-3,O-dong/오동,KR-27-3-121
Daegu/대구,KR-27,Dong-gu/동구,KR-27-3,Panam 1(il)-dong/판암1동,KR-27-3-122
Daegu/대구,KR-27,Dong-gu/동구,KR-27-3,Panam 2(i)-dong/판암2동,KR-27-3-123
Daegu/대구,KR-27,Dong-gu/동구,KR-27-3,Panam-dong/판암동,KR-27-3-124
Daegu/대구,KR-27,Dong-gu/동구,KR-27-3,Pyeonggwang-dong/평광동,KR-27-3-125
Daegu/대구,KR-27,Dong-gu/동구,KR-27-3,Sabok-dong/사복동,KR-27-3-126
Daegu/대구,KR-27,Dong-gu/동구,KR-27-3,Samgoe-dong/삼괴동,KR-27-3-127
Daegu/대구,KR-27,Dong-gu/동구,KR-27-3,Samjeong-dong/삼정동,KR-27-3-128
Daegu/대구,KR-27,Dong-gu/동구,KR-27-3,Samseong-dong/삼성동,KR-27-3-129
Daegu/대구,KR-27,Dong-gu/동구,KR-27-3,Sangmae-dong/상매동,KR-27-3-130
Daegu/대구,KR-27,Dong-gu/동구,KR-27-3,Sangso-dong/상소동,KR-27-3-131
Daegu/대구,KR-27,Dong-gu/동구,KR-27-3,Sansu 1(il)-dong/산수1동,KR-27-3-132
Daegu/대구,KR-27,Dong-gu/동구,KR-27-3,Sansu 2(i)-dong/산수2동,KR-27-3-133
Daegu/대구,KR-27,Dong-gu/동구,KR-27-3,Sansu-dong/산수동,KR-27-3-134
Daegu/대구,KR-27,Dong-gu/동구,KR-27-3,Saseong-dong/사성동,KR-27-3-135
Daegu/대구,KR-27,Dong-gu/동구,KR-27-3,Secheon-dong/세천동,KR-27-3-136
Daegu/대구,KR-27,Dong-gu/동구,KR-27-3,Seobu-dong/서부동,KR-27-3-137
Daegu/대구,KR-27,Dong-gu/동구,KR-27-3,Seoho-dong/서호동,KR-27-3-138
Daegu/대구,KR-27,Dong-gu/동구,KR-27-3,Seongnam-dong/성남동,KR-27-3-139
Daegu/대구,KR-27,Dong-gu/동구,KR-27-3,Seongyo-dong/선교동,KR-27-3-140
Daegu/대구,KR-27,Dong-gu/동구,KR-27-3,Seoseok-dong/서석동,KR-27-3-141
Daegu/대구,KR-27,Dong-gu/동구,KR-27-3,Sinam 1(il)-dong/신암1동,KR-27-3-142
Daegu/대구,KR-27,Dong-gu/동구,KR-27-3,Sinam 2(i)-dong/신암2동,KR-27-3-143
Daegu/대구,KR-27,Dong-gu/동구,KR-27-3,Sinam 3(sam)-dong/신암3동,KR-27-3-144
Daegu/대구,KR-27,Dong-gu/동구,KR-27-3,Sinam 4(sa)-dong/신암4동,KR-27-3-145
Daegu/대구,KR-27,Dong-gu/동구,KR-27-3,Sinam 5(o)-dong/신암5동,KR-27-3-146
Daegu/대구,KR-27,Dong-gu/동구,KR-27-3,Sinam-dong/신암동,KR-27-3-147
Daegu/대구,KR-27,Dong-gu/동구,KR-27-3,Sinan-dong/신안동,KR-27-3-148
Daegu/대구,KR-27,Dong-gu/동구,KR-27-3,Sincheon 2(i)-dong/신천1.2동,KR-27-3-149
Daegu/대구,KR-27,Dong-gu/동구,KR-27-3,Sincheon 3(sam)-dong/신천3동,KR-27-3-150
Daegu/대구,KR-27,Dong-gu/동구,KR-27-3,Sincheon 4(sa)-dong/신천4동,KR-27-3-151
Daegu/대구,KR-27,Dong-gu/동구,KR-27-3,Sincheon-dong/신천동,KR-27-3-152
Daegu/대구,KR-27,Dong-gu/동구,KR-27-3,Sinchon-dong/신촌동,KR-27-3-153
Daegu/대구,KR-27,Dong-gu/동구,KR-27-3,Singi-dong/신기동,KR-27-3-154
Daegu/대구,KR-27,Dong-gu/동구,KR-27-3,Sinha-dong/신하동,KR-27-3-155
Daegu/대구,KR-27,Dong-gu/동구,KR-27-3,Sinheung-dong/신흥동,KR-27-3-156
Daegu/대구,KR-27,Dong-gu/동구,KR-27-3,Sinmu-dong/신무동,KR-27-3-157
Daegu/대구,KR-27,Dong-gu/동구,KR-27-3,Sinpyeong-dong/신평동,KR-27-3-158
Daegu/대구,KR-27,Dong-gu/동구,KR-27-3,Sinsang-dong/신상동,KR-27-3-159
Daegu/대구,KR-27,Dong-gu/동구,KR-27-3,Sinseo-dong/신서동,KR-27-3-160
Daegu/대구,KR-27,Dong-gu/동구,KR-27-3,Sinyong-dong/신용동,KR-27-3-161
Daegu/대구,KR-27,Dong-gu/동구,KR-27-3,Soho-dong/소호동,KR-27-3-162
Daegu/대구,KR-27,Dong-gu/동구,KR-27-3,Soje-dong/소제동,KR-27-3-163
Daegu/대구,KR-27,Dong-gu/동구,KR-27-3,Songhyeon 1(il)-dong/송현1동,KR-27-3-164
Daegu/대구,KR-27,Dong-gu/동구,KR-27-3,Songhyeon 2(i)-dong/송현2동,KR-27-3-165
Daegu/대구,KR-27,Dong-gu/동구,KR-27-3,Songhyeon 3(sam)-dong/송현3동,KR-27-3-166
Daegu/대구,KR-27,Dong-gu/동구,KR-27-3,Songhyeon-dong/송현동,KR-27-3-167
Daegu/대구,KR-27,Dong-gu/동구,KR-27-3,Songjeong-dong/송정동,KR-27-3-168
Daegu/대구,KR-27,Dong-gu/동구,KR-27-3,Songrim 1(il)-dong/송림1동,KR-27-3-169
Daegu/대구,KR-27,Dong-gu/동구,KR-27-3,Songrim 2(i)-dong/송림2동,KR-27-3-170
Daegu/대구,KR-27,Dong-gu/동구,KR-27-3,Songrim 3(sam)-dong/송림3동,KR-27-3-171
Daegu/대구,KR-27,Dong-gu/동구,KR-27-3,Songrim 4(sa)-dong/송림4동,KR-27-3-172
Daegu/대구,KR-27,Dong-gu/동구,KR-27-3,Songrim 5(o)-dong/송림5동,KR-27-3-173
Daegu/대구,KR-27,Dong-gu/동구,KR-27-3,Songrim 6(yuk)-dong/송림6동,KR-27-3-174
Daegu/대구,KR-27,Dong-gu/동구,KR-27-3,Songrim-dong/송림동,KR-27-3-175
Daegu/대구,KR-27,Dong-gu/동구,KR-27-3,Sotae-dong/소태동,KR-27-3-176
Daegu/대구,KR-27,Dong-gu/동구,KR-27-3,Sugi-dong/수기동,KR-27-3-177
Daegu/대구,KR-27,Dong-gu/동구,KR-27-3,Sujeong 1(il)-dong/수정1동,KR-27-3-178
Daegu/대구,KR-27,Dong-gu/동구,KR-27-3,Sujeong 2(i)-dong/수정2동,KR-27-3-179
Daegu/대구,KR-27,Dong-gu/동구,KR-27-3,Sujeong 4(sa)-dong/수정4동,KR-27-3-180
Daegu/대구,KR-27,Dong-gu/동구,KR-27-3,Sujeong 5(o)-dong/수정5동,KR-27-3-181
Daegu/대구,KR-27,Dong-gu/동구,KR-27-3,Sujeong-dong/수정동,KR-27-3-182
Daegu/대구,KR-27,Dong-gu/동구,KR-27-3,Sukcheon-dong/숙천동,KR-27-3-183
Daegu/대구,KR-27,Dong-gu/동구,KR-27-3,Unrim-dong/운림동,KR-27-3-184
Daegu/대구,KR-27,Dong-gu/동구,KR-27-3,Wolnam-dong/월남동,KR-27-3-185
Daegu/대구,KR-27,Dong-gu/동구,KR-27-3,Won-dong/원동,KR-27-3-186
Daegu/대구,KR-27,Dong-gu/동구,KR-27-3,Yonggye-dong/용계동,KR-27-3-187
Daegu/대구,KR-27,Dong-gu/동구,KR-27-3,Yonggye-dong/용계동,KR-27-3-187
Daegu/대구,KR-27,Dong-gu/동구,KR-27-3,Yongjeon-dong/용전동,KR-27-3-188
Daegu/대구,KR-27,Dong-gu/동구,KR-27-3,Yongsan-dong/용산동,KR-27-3-189
Daegu/대구,KR-27,Dong-gu/동구,KR-27-3,Yongsu-dong/용수동,KR-27-3-190
Daegu/대구,KR-27,Dong-gu/동구,KR-27-3,Yongun-dong/용운동,KR-27-3-191
Daegu/대구,KR-27,Dong-gu/동구,KR-27-3,Yongyeon-dong/용연동,KR-27-3-192
Daegu/대구,KR-27,Dong-gu/동구,KR-27-3,Yulha-dong/율하동,KR-27-3-193
Daegu/대구,KR-27,Dong-gu/동구,KR-27-3,Yuram-dong/율암동,KR-27-3-194
Daegu/대구,KR-27,Jung-gu/중구,KR-27-4,Anyeong-dong/안영동,KR-27-4-0
Daegu/대구,KR-27,Jung-gu/중구,KR-27-4,Bangsan-dong/방산동,KR-27-4-1
Daegu/대구,KR-27,Jung-gu/중구,KR-27-4,Bangu 1(il)-dong/반구1동,KR-27-4-2
Daegu/대구,KR-27,Jung-gu/중구,KR-27-4,Bangu 2(i)-dong/반구2동,KR-27-4-3
Daegu/대구,KR-27,Jung-gu/중구,KR-27-4,Bangu-dong/반구동,KR-27-4-4
Daegu/대구,KR-27,Jung-gu/중구,KR-27-4,Boksan 1(il)-dong/복산1동,KR-27-4-5
Daegu/대구,KR-27,Jung-gu/중구,KR-27-4,Boksan 2(i)-dong/복산2동,KR-27-4-6
Daegu/대구,KR-27,Jung-gu/중구,KR-27-4,Boksan-dong/복산동,KR-27-4-7
Daegu/대구,KR-27,Jung-gu/중구,KR-27-4,Bongraedong 1(il)-ga/봉래동1가,KR-27-4-8
Daegu/대구,KR-27,Jung-gu/중구,KR-27-4,Bongraedong 2(i)-ga/봉래동2가,KR-27-4-9
Daegu/대구,KR-27,Jung-gu/중구,KR-27-4,Bongsan-dong/봉산동,KR-27-4-10
Daegu/대구,KR-27,Jung-gu/중구,KR-27-4,Bosudong 1(il)-ga/보수동1가,KR-27-4-11
Daegu/대구,KR-27,Jung-gu/중구,KR-27-4,Bosudong 2(i)-ga/보수동2가,KR-27-4-12
Daegu/대구,KR-27,Jung-gu/중구,KR-27-4,Bosudong 3(sam)-ga/보수동3가,KR-27-4-13
Daegu/대구,KR-27,Jung-gu/중구,KR-27-4,Bosu-dong/보수동,KR-27-4-14
Daegu/대구,KR-27,Jung-gu/중구,KR-27-4,Bukchang-dong/북창동,KR-27-4-15
Daegu/대구,KR-27,Jung-gu/중구,KR-27-4,Bukjeong-dong/북정동,KR-27-4-16
Daegu/대구,KR-27,Jung-gu/중구,KR-27-4,Buknae-dong/북내동,KR-27-4-17
Daegu/대구,KR-27,Jung-gu/중구,KR-27-4,Bukseongdong 1(il)-ga/북성동1가,KR-27-4-18
Daegu/대구,KR-27,Jung-gu/중구,KR-27-4,Bukseongdong 2(i)-ga/북성동2가,KR-27-4-19
Daegu/대구,KR-27,Jung-gu/중구,KR-27-4,Bukseongdong 3(sam)-ga/북성동3가,KR-27-4-20
Daegu/대구,KR-27,Jung-gu/중구,KR-27-4,Bukseongro 1(il)-ga/북성로1가,KR-27-4-21
Daegu/대구,KR-27,Jung-gu/중구,KR-27-4,Bukseongro 2(i)-ga/북성로2가,KR-27-4-22
Daegu/대구,KR-27,Jung-gu/중구,KR-27-4,Bupyeongdong 1(il)-ga/부평동1가,KR-27-4-23
Daegu/대구,KR-27,Jung-gu/중구,KR-27-4,Bupyeongdong 2(i)-ga/부평동2가,KR-27-4-24
Daegu/대구,KR-27,Jung-gu/중구,KR-27-4,Bupyeongdong 3(sam)-ga/부평동3가,KR-27-4-25
Daegu/대구,KR-27,Jung-gu/중구,KR-27-4,Bupyeongdong 4(sa)-ga/부평동4가,KR-27-4-26
Daegu/대구,KR-27,Jung-gu/중구,KR-27-4,Bupyeong-dong/부평동,KR-27-4-27
Daegu/대구,KR-27,Jung-gu/중구,KR-27-4,Busa-dong/부사동,KR-27-4-28
Daegu/대구,KR-27,Jung-gu/중구,KR-27-4,Busanucheguksaseoham/부산우체국사서함,KR-27-4-29
Daegu/대구,KR-27,Jung-gu/중구,KR-27-4,Changseondong 1(il)-ga/창선동1가,KR-27-4-30
Daegu/대구,KR-27,Jung-gu/중구,KR-27-4,Changseondong 2(i)-ga/창선동2가,KR-27-4-31
Daegu/대구,KR-27,Jung-gu/중구,KR-27-4,Changseon-dong/창선동,KR-27-4-32
Daegu/대구,KR-27,Jung-gu/중구,KR-27-4,Chimsan-dong/침산동,KR-27-4-33
Daegu/대구,KR-27,Jung-gu/중구,KR-27-4,Cho-dong/초동,KR-27-4-34
Daegu/대구,KR-27,Jung-gu/중구,KR-27-4,Chungjeongro 1(il)-ga/충정로1가,KR-27-4-35
Daegu/대구,KR-27,Jung-gu/중구,KR-27-4,Chungmuro 1(il)-ga/충무로1가,KR-27-4-36
Daegu/대구,KR-27,Jung-gu/중구,KR-27-4,Chungmuro 2(i)-ga/충무로2가,KR-27-4-37
Daegu/대구,KR-27,Jung-gu/중구,KR-27-4,Chungmuro 3(sam)-ga/충무로3가,KR-27-4-38
Daegu/대구,KR-27,Jung-gu/중구,KR-27-4,Chungmuro 4(sa)-ga/충무로4가,KR-27-4-39
Daegu/대구,KR-27,Jung-gu/중구,KR-27-4,Chungmuro 5(o)-ga/충무로5가,KR-27-4-40
Daegu/대구,KR-27,Jung-gu/중구,KR-27-4,Da-dong/다동,KR-27-4-41
Daegu/대구,KR-27,Jung-gu/중구,KR-27-4,Daean-dong/대안동,KR-27-4-42
Daegu/대구,KR-27,Jung-gu/중구,KR-27-4,Daebong 1(il)-dong/대봉1동,KR-27-4-43
Daegu/대구,KR-27,Jung-gu/중구,KR-27-4,Daebong 2(i)-dong/대봉2동,KR-27-4-44
Daegu/대구,KR-27,Jung-gu/중구,KR-27-4,Daebong-dong/대봉동,KR-27-4-45
Daegu/대구,KR-27,Jung-gu/중구,KR-27-4,Daechangdong 1(il)-ga/대창동1가,KR-27-4-46
Daegu/대구,KR-27,Jung-gu/중구,KR-27-4,Daechangdong 2(i)-ga/대창동2가,KR-27-4-47
Daegu/대구,KR-27,Jung-gu/중구,KR-27-4,Daechang-dong/대창동,KR-27-4-48
Daegu/대구,KR-27,Jung-gu/중구,KR-27-4,Daecheongdong 1(il)-ga/대청동1가,KR-27-4-49
Daegu/대구,KR-27,Jung-gu/중구,KR-27-4,Daecheongdong 2(i)-ga/대청동2가,KR-27-4-50
Daegu/대구,KR-27,Jung-gu/중구,KR-27-4,Daecheongdong 3(sam)-ga/대청동3가,KR-27-4-51
Daegu/대구,KR-27,Jung-gu/중구,KR-27-4,Daecheongdong 4(sa)-ga/대청동4가,KR-27-4-52
Daegu/대구,KR-27,Jung-gu/중구,KR-27-4,Daecheong-dong/대청동,KR-27-4-53
Daegu/대구,KR-27,Jung-gu/중구,KR-27-4,Daeguucheguksaseoham/대구우체국사서함,KR-27-4-54
Daegu/대구,KR-27,Jung-gu/중구,KR-27-4,Daeheung-dong/대흥동,KR-27-4-55
Daegu/대구,KR-27,Jung-gu/중구,KR-27-4,Daesa-dong/대사동,KR-27-4-56
Daegu/대구,KR-27,Jung-gu/중구,KR-27-4,Daesin-dong/대신동,KR-27-4-57
Daegu/대구,KR-27,Jung-gu/중구,KR-27-4,Dalseong-dong/달성동,KR-27-4-58
Daegu/대구,KR-27,Jung-gu/중구,KR-27-4,Dap-dong/답동,KR-27-4-59
Daegu/대구,KR-27,Jung-gu/중구,KR-27-4,Daun-dong/다운동,KR-27-4-60
Daegu/대구,KR-27,Jung-gu/중구,KR-27-4,Deokgyo-dong/덕교동,KR-27-4-61
Daegu/대구,KR-27,Jung-gu/중구,KR-27-4,Deoksan-dong/덕산동,KR-27-4-62
Daegu/대구,KR-27,Jung-gu/중구,KR-27-4,Dong-dong/동동,KR-27-4-63
Daegu/대구,KR-27,Jung-gu/중구,KR-27-4,Donggwangdong 1(il)-ga/동광동1가,KR-27-4-64
Daegu/대구,KR-27,Jung-gu/중구,KR-27-4,Donggwangdong 2(i)-ga/동광동2가,KR-27-4-65
Daegu/대구,KR-27,Jung-gu/중구,KR-27-4,Donggwangdong 3(sam)-ga/동광동3가,KR-27-4-66
Daegu/대구,KR-27,Jung-gu/중구,KR-27-4,Donggwangdong 4(sa)-ga/동광동4가,KR-27-4-67
Daegu/대구,KR-27,Jung-gu/중구,KR-27-4,Donggwangdong 5(o)-ga/동광동5가,KR-27-4-68
Daegu/대구,KR-27,Jung-gu/중구,KR-27-4,Donggwang-dong/동광동,KR-27-4-69
Daegu/대구,KR-27,Jung-gu/중구,KR-27-4,Dongil-dong/동일동,KR-27-4-70
Daegu/대구,KR-27,Jung-gu/중구,KR-27-4,Dongindong 1(il)-ga/동인동1가,KR-27-4-71
Daegu/대구,KR-27,Jung-gu/중구,KR-27-4,Dongindong 2(i)-ga/동인동2가,KR-27-4-72
Daegu/대구,KR-27,Jung-gu/중구,KR-27-4,Dongindong 3(sam)-ga/동인동3가,KR-27-4-73
Daegu/대구,KR-27,Jung-gu/중구,KR-27-4,Dongindong 4(sa)-ga/동인동4가,KR-27-4-74
Daegu/대구,KR-27,Jung-gu/중구,KR-27-4,Dongmun-dong/동문동,KR-27-4-75
Daegu/대구,KR-27,Jung-gu/중구,KR-27-4,Dongsan-dong/동산동,KR-27-4-76
Daegu/대구,KR-27,Jung-gu/중구,KR-27-4,Dongseongro 1(il)-ga/동성로1가,KR-27-4-77
Daegu/대구,KR-27,Jung-gu/중구,KR-27-4,Dongseongro 2(i)-ga/동성로2가,KR-27-4-78
Daegu/대구,KR-27,Jung-gu/중구,KR-27-4,Dongseongro 3(sam)-ga/동성로3가,KR-27-4-79
Daegu/대구,KR-27,Jung-gu/중구,KR-27-4,Dowon-dong/도원동,KR-27-4-80
Daegu/대구,KR-27,Jung-gu/중구,KR-27-4,Dowon-dong/도원동,KR-27-4-80
Daegu/대구,KR-27,Jung-gu/중구,KR-27-4,Eonam-dong/어남동,KR-27-4-81
Daegu/대구,KR-27,Jung-gu/중구,KR-27-4,Euljiro 1(il)-ga/을지로1가,KR-27-4-82
Daegu/대구,KR-27,Jung-gu/중구,KR-27-4,Euljiro 2(i)-ga/을지로2가,KR-27-4-83
Daegu/대구,KR-27,Jung-gu/중구,KR-27-4,Euljiro 3(sam)-ga/을지로3가,KR-27-4-84
Daegu/대구,KR-27,Jung-gu/중구,KR-27-4,Euljiro 4(sa)-ga/을지로4가,KR-27-4-85
Daegu/대구,KR-27,Jung-gu/중구,KR-27-4,Euljiro 5(o)-ga/을지로5가,KR-27-4-86
Daegu/대구,KR-27,Jung-gu/중구,KR-27-4,Euljiro 6(yuk)-ga/을지로6가,KR-27-4-87
Daegu/대구,KR-27,Jung-gu/중구,KR-27-4,Euljiro 7(chil)-ga/을지로7가,KR-27-4-88
Daegu/대구,KR-27,Jung-gu/중구,KR-27-4,Eunhaeng-dong/은행동,KR-27-4-89
Daegu/대구,KR-27,Jung-gu/중구,KR-27-4,Eurwang-dong/을왕동,KR-27-4-90
Daegu/대구,KR-27,Jung-gu/중구,KR-27-4,Geum-dong/금동,KR-27-4-91
Daegu/대구,KR-27,Jung-gu/중구,KR-27-4,Gongpyeong-dong/공평동,KR-27-4-92
Daegu/대구,KR-27,Jung-gu/중구,KR-27-4,Guwan-dong/구완동,KR-27-4-93
Daegu/대구,KR-27,Jung-gu/중구,KR-27-4,Gwandong 1(il)-ga/관동1가,KR-27-4-94
Daegu/대구,KR-27,Jung-gu/중구,KR-27-4,Gwandong 2(i)-ga/관동2가,KR-27-4-95
Daegu/대구,KR-27,Jung-gu/중구,KR-27-4,Gwandong 3(sam)-ga/관동3가,KR-27-4-96
Daegu/대구,KR-27,Jung-gu/중구,KR-27-4,Gwangbokdong 1(il)-ga/광복동1가,KR-27-4-97
Daegu/대구,KR-27,Jung-gu/중구,KR-27-4,Gwangbokdong 2(i)-ga/광복동2가,KR-27-4-98
Daegu/대구,KR-27,Jung-gu/중구,KR-27-4,Gwangbokdong 3(sam)-ga/광복동3가,KR-27-4-99
Daegu/대구,KR-27,Jung-gu/중구,KR-27-4,Gwangbok-dong/광복동,KR-27-4-100
Daegu/대구,KR-27,Jung-gu/중구,KR-27-4,Gwanghuidong 1(il)-ga/광희동1가,KR-27-4-101
Daegu/대구,KR-27,Jung-gu/중구,KR-27-4,Gwanghuidong 2(i)-ga/광희동2가,KR-27-4-102
Daegu/대구,KR-27,Jung-gu/중구,KR-27-4,Gyeong-dong/경동,KR-27-4-103
Daegu/대구,KR-27,Jung-gu/중구,KR-27-4,Gyesandong 1(il)-ga/계산동1가,KR-27-4-104
Daegu/대구,KR-27,Jung-gu/중구,KR-27-4,Gyesandong 2(i)-ga/계산동2가,KR-27-4-105
Daegu/대구,KR-27,Jung-gu/중구,KR-27-4,Gyo-dong/교동,KR-27-4-106
Daegu/대구,KR-27,Jung-gu/중구,KR-27-4,Gyo-dong/교동,KR-27-4-106
Daegu/대구,KR-27,Jung-gu/중구,KR-27-4,Haeandong 1(il)-ga/해안동1가,KR-27-4-107
Daegu/대구,KR-27,Jung-gu/중구,KR-27-4,Haeandong 2(i)-ga/해안동2가,KR-27-4-108
Daegu/대구,KR-27,Jung-gu/중구,KR-27-4,Haeandong 3(sam)-ga/해안동3가,KR-27-4-109
Daegu/대구,KR-27,Jung-gu/중구,KR-27-4,Haeandong 4(sa)-ga/해안동4가,KR-27-4-110
Daegu/대구,KR-27,Jung-gu/중구,KR-27-4,Haksan-dong/학산동,KR-27-4-111
Daegu/대구,KR-27,Jung-gu/중구,KR-27-4,Hakseong-dong/학성동,KR-27-4-112
Daegu/대구,KR-27,Jung-gu/중구,KR-27-4,Hangdong 1(il)-ga/항동1가,KR-27-4-113
Daegu/대구,KR-27,Jung-gu/중구,KR-27-4,Hangdong 2(i)-ga/항동2가,KR-27-4-114
Daegu/대구,KR-27,Jung-gu/중구,KR-27-4,Hangdong 3(sam)-ga/항동3가,KR-27-4-115
Daegu/대구,KR-27,Jung-gu/중구,KR-27-4,Hangdong 4(sa)-ga/항동4가,KR-27-4-116
Daegu/대구,KR-27,Jung-gu/중구,KR-27-4,Hangdong 5(o)-ga/항동5가,KR-27-4-117
Daegu/대구,KR-27,Jung-gu/중구,KR-27-4,Hangdong 6(yuk)-ga/항동6가,KR-27-4-118
Daegu/대구,KR-27,Jung-gu/중구,KR-27-4,Hangdong 7(chil)-ga/항동7가,KR-27-4-119
Daegu/대구,KR-27,Jung-gu/중구,KR-27-4,Haseo-dong/하서동,KR-27-4-120
Daegu/대구,KR-27,Jung-gu/중구,KR-27-4,Heungin-dong/흥인동,KR-27-4-121
Daegu/대구,KR-27,Jung-gu/중구,KR-27-4,Ho-dong/호동,KR-27-4-122
Daegu/대구,KR-27,Jung-gu/중구,KR-27-4,Hoehyeondong 1(il)-ga/회현동1가,KR-27-4-123
Daegu/대구,KR-27,Jung-gu/중구,KR-27-4,Hoehyeondong 2(i)-ga/회현동2가,KR-27-4-124
Daegu/대구,KR-27,Jung-gu/중구,KR-27-4,Hoehyeondong 3(sam)-ga/회현동3가,KR-27-4-125
Daegu/대구,KR-27,Jung-gu/중구,KR-27-4,Hwajeon-dong/화전동,KR-27-4-126
Daegu/대구,KR-27,Jung-gu/중구,KR-27-4,Hwanghak-dong/황학동,KR-27-4-127
Daegu/대구,KR-27,Jung-gu/중구,KR-27-4,Hyangchon-dong/향촌동,KR-27-4-128
Daegu/대구,KR-27,Jung-gu/중구,KR-27-4,Incheongonghangucheguksaseoham/인천공항우체국사서함,KR-27-4-129
Daegu/대구,KR-27,Jung-gu/중구,KR-27-4,Ingyo-dong/인교동,KR-27-4-130
Daegu/대구,KR-27,Jung-gu/중구,KR-27-4,Inhyeondong 1(il)-ga/인현동1가,KR-27-4-131
Daegu/대구,KR-27,Jung-gu/중구,KR-27-4,Inhyeondong 2(i)-ga/인현동2가,KR-27-4-132
Daegu/대구,KR-27,Jung-gu/중구,KR-27-4,Inhyeon-dong/인현동,KR-27-4-133
Daegu/대구,KR-27,Jung-gu/중구,KR-27-4,Ipjeong-dong/입정동,KR-27-4-134
Daegu/대구,KR-27,Jung-gu/중구,KR-27-4,Jangchungdong 1(il)-ga/장충동1가,KR-27-4-135
Daegu/대구,KR-27,Jung-gu/중구,KR-27-4,Jangchungdong 2(i)-ga/장충동2가,KR-27-4-136
Daegu/대구,KR-27,Jung-gu/중구,KR-27-4,Janggwan-dong/장관동,KR-27-4-137
Daegu/대구,KR-27,Jung-gu/중구,KR-27-4,Janggyo-dong/장교동,KR-27-4-138
Daegu/대구,KR-27,Jung-gu/중구,KR-27-4,Janghyeon-dong/장현동,KR-27-4-139
Daegu/대구,KR-27,Jung-gu/중구,KR-27-4,Jeodong 1(il)-ga/저동1가,KR-27-4-140
Daegu/대구,KR-27,Jung-gu/중구,KR-27-4,Jeodong 2(i)-ga/저동2가,KR-27-4-141
Daegu/대구,KR-27,Jung-gu/중구,KR-27-4,Jeon-dong/전동,KR-27-4-142
Daegu/대구,KR-27,Jung-gu/중구,KR-27-4,Jeon-dong/전동,KR-27-4-142
Daegu/대구,KR-27,Jung-gu/중구,KR-27-4,Jeong-dong/정동,KR-27-4-143
Daegu/대구,KR-27,Jung-gu/중구,KR-27-4,Jeongsaeng-dong/정생동,KR-27-4-144
Daegu/대구,KR-27,Jung-gu/중구,KR-27-4,Jongro 1(il)-ga/종로1가,KR-27-4-145
Daegu/대구,KR-27,Jung-gu/중구,KR-27-4,Jongro 2(i)-ga/종로2가,KR-27-4-146
Daegu/대구,KR-27,Jung-gu/중구,KR-27-4,Jugyo-dong/주교동,KR-27-4-147
Daegu/대구,KR-27,Jung-gu/중구,KR-27-4,Juja-dong/주자동,KR-27-4-148
Daegu/대구,KR-27,Jung-gu/중구,KR-27-4,Jungangdong 1(il)-ga/중앙동1가,KR-27-4-149
Daegu/대구,KR-27,Jung-gu/중구,KR-27-4,Jungangdong 1(il)-ga/중앙동1가,KR-27-4-149
Daegu/대구,KR-27,Jung-gu/중구,KR-27-4,Jungangdong 2(i)-ga/중앙동2가,KR-27-4-150
Daegu/대구,KR-27,Jung-gu/중구,KR-27-4,Jungangdong 2(i)-ga/중앙동2가,KR-27-4-150
Daegu/대구,KR-27,Jung-gu/중구,KR-27-4,Jungangdong 3(sam)-ga/중앙동3가,KR-27-4-151
Daegu/대구,KR-27,Jung-gu/중구,KR-27-4,Jungangdong 3(sam)-ga/중앙동3가,KR-27-4-151
Daegu/대구,KR-27,Jung-gu/중구,KR-27-4,Jungangdong 4(sa)-ga/중앙동4가,KR-27-4-152
Daegu/대구,KR-27,Jung-gu/중구,KR-27-4,Jungangdong 4(sa)-ga/중앙동4가,KR-27-4-152
Daegu/대구,KR-27,Jung-gu/중구,KR-27-4,Jungangdong 5(o)-ga/중앙동5가,KR-27-4-153
Daegu/대구,KR-27,Jung-gu/중구,KR-27-4,Jungangdong 6(yuk)-ga/중앙동6가,KR-27-4-154
Daegu/대구,KR-27,Jung-gu/중구,KR-27-4,Jungangdong 7(chil)-ga/중앙동7가,KR-27-4-155
Daegu/대구,KR-27,Jung-gu/중구,KR-27-4,Jungang-dong/중앙동,KR-27-4-156
Daegu/대구,KR-27,Jung-gu/중구,KR-27-4,Jungangucheguksaseoham/중앙우체국사서함,KR-27-4-157
Daegu/대구,KR-27,Jung-gu/중구,KR-27-4,Jungchon-dong/중촌동,KR-27-4-158
Daegu/대구,KR-27,Jung-gu/중구,KR-27-4,Jungrim-dong/중림동,KR-27-4-159
Daegu/대구,KR-27,Jung-gu/중구,KR-27-4,Jungsan-dong/중산동,KR-27-4-160
Daegu/대구,KR-27,Jung-gu/중구,KR-27-4,Manridong 1(il)-ga/만리동1가,KR-27-4-161
Daegu/대구,KR-27,Jung-gu/중구,KR-27-4,Manridong 2(i)-ga/만리동2가,KR-27-4-162
Daegu/대구,KR-27,Jung-gu/중구,KR-27-4,Mokdal-dong/목달동,KR-27-4-163
Daegu/대구,KR-27,Jung-gu/중구,KR-27-4,Mok-dong/목동,KR-27-4-164
Daegu/대구,KR-27,Jung-gu/중구,KR-27-4,Mugyo-dong/무교동,KR-27-4-165
Daegu/대구,KR-27,Jung-gu/중구,KR-27-4,Muhak-dong/무학동,KR-27-4-166
Daegu/대구,KR-27,Jung-gu/중구,KR-27-4,Mukjeong-dong/묵정동,KR-27-4-167
Daegu/대구,KR-27,Jung-gu/중구,KR-27-4,Munchang-dong/문창동,KR-27-4-168
Daegu/대구,KR-27,Jung-gu/중구,KR-27-4,Munhwa 1(il)-dong/문화1동,KR-27-4-169
Daegu/대구,KR-27,Jung-gu/중구,KR-27-4,Munhwa 2(i)-dong/문화2동,KR-27-4-170
Daegu/대구,KR-27,Jung-gu/중구,KR-27-4,Munhwa-dong/문화동,KR-27-4-171
Daegu/대구,KR-27,Jung-gu/중구,KR-27-4,Munhwa-dong/문화동,KR-27-4-171
Daegu/대구,KR-27,Jung-gu/중구,KR-27-4,Musu-dong/무수동,KR-27-4-172
Daegu/대구,KR-27,Jung-gu/중구,KR-27-4,Muui-dong/무의동,KR-27-4-173
Daegu/대구,KR-27,Jung-gu/중구,KR-27-4,Myeongdong 1(il)-ga/명동1가,KR-27-4-174
Daegu/대구,KR-27,Jung-gu/중구,KR-27-4,Myeongdong 2(i)-ga/명동2가,KR-27-4-175
Daegu/대구,KR-27,Jung-gu/중구,KR-27-4,Nae-dong/내동,KR-27-4-176
Daegu/대구,KR-27,Jung-gu/중구,KR-27-4,Nambuk-dong/남북동,KR-27-4-177
Daegu/대구,KR-27,Jung-gu/중구,KR-27-4,Namchang-dong/남창동,KR-27-4-178
Daegu/대구,KR-27,Jung-gu/중구,KR-27-4,Namdaemunro 1(il)-ga/남대문로1가,KR-27-4-179
Daegu/대구,KR-27,Jung-gu/중구,KR-27-4,Namdaemunro 2(i)-ga/남대문로2가,KR-27-4-180
Daegu/대구,KR-27,Jung-gu/중구,KR-27-4,Namdaemunro 3(sam)-ga/남대문로3가,KR-27-4-181
Daegu/대구,KR-27,Jung-gu/중구,KR-27-4,Namdaemunro 4(sa)-ga/남대문로4가,KR-27-4-182
Daegu/대구,KR-27,Jung-gu/중구,KR-27-4,Namdaemunro 5(o)-ga/남대문로5가,KR-27-4-183
Daegu/대구,KR-27,Jung-gu/중구,KR-27-4,Namhak-dong/남학동,KR-27-4-184
Daegu/대구,KR-27,Jung-gu/중구,KR-27-4,Namil-dong/남일동,KR-27-4-185
Daegu/대구,KR-27,Jung-gu/중구,KR-27-4,Namoe-dong/남외동,KR-27-4-186
Daegu/대구,KR-27,Jung-gu/중구,KR-27-4,Nampodong 1(il)-ga/남포동1가,KR-27-4-187
Daegu/대구,KR-27,Jung-gu/중구,KR-27-4,Nampodong 2(i)-ga/남포동2가,KR-27-4-188
Daegu/대구,KR-27,Jung-gu/중구,KR-27-4,Nampodong 3(sam)-ga/남포동3가,KR-27-4-189
Daegu/대구,KR-27,Jung-gu/중구,KR-27-4,Nampodong 4(sa)-ga/남포동4가,KR-27-4-190
Daegu/대구,KR-27,Jung-gu/중구,KR-27-4,Nampodong 5(o)-ga/남포동5가,KR-27-4-191
Daegu/대구,KR-27,Jung-gu/중구,KR-27-4,Nampodong 6(yuk)-ga/남포동6가,KR-27-4-192
Daegu/대구,KR-27,Jung-gu/중구,KR-27-4,Nampo-dong/남포동,KR-27-4-193
Daegu/대구,KR-27,Jung-gu/중구,KR-27-4,Namsan 1(il)-dong/남산1동,KR-27-4-194
Daegu/대구,KR-27,Jung-gu/중구,KR-27-4,Namsan 2(i)-dong/남산2동,KR-27-4-195
Daegu/대구,KR-27,Jung-gu/중구,KR-27-4,Namsan 3(sam)-dong/남산3동,KR-27-4-196
Daegu/대구,KR-27,Jung-gu/중구,KR-27-4,Namsan 4(sa)-dong/남산4동,KR-27-4-197
Daegu/대구,KR-27,Jung-gu/중구,KR-27-4,Namsandong 1(il)-ga/남산동1가,KR-27-4-198
Daegu/대구,KR-27,Jung-gu/중구,KR-27-4,Namsandong 2(i)-ga/남산동2가,KR-27-4-199
Daegu/대구,KR-27,Jung-gu/중구,KR-27-4,Namsandong 3(sam)-ga/남산동3가,KR-27-4-200
Daegu/대구,KR-27,Jung-gu/중구,KR-27-4,Namsan-dong/남산동,KR-27-4-201
Daegu/대구,KR-27,Jung-gu/중구,KR-27-4,Namseongno/남성로,KR-27-4-202
Daegu/대구,KR-27,Jung-gu/중구,KR-27-4,Ojang-dong/오장동,KR-27-4-203
Daegu/대구,KR-27,Jung-gu/중구,KR-27-4,Okgye-dong/옥계동,KR-27-4-204
Daegu/대구,KR-27,Jung-gu/중구,KR-27-4,Okgyo-dong/옥교동,KR-27-4-205
Daegu/대구,KR-27,Jung-gu/중구,KR-27-4,Oryu-dong/오류동,KR-27-4-206
Daegu/대구,KR-27,Jung-gu/중구,KR-27-4,Pildong 1(il)-ga/필동1가,KR-27-4-207
Daegu/대구,KR-27,Jung-gu/중구,KR-27-4,Pildong 2(i)-ga/필동2가,KR-27-4-208
Daegu/대구,KR-27,Jung-gu/중구,KR-27-4,Pildong 3(sam)-ga/필동3가,KR-27-4-209
Daegu/대구,KR-27,Jung-gu/중구,KR-27-4,Pojeong-dong/포정동,KR-27-4-210
Daegu/대구,KR-27,Jung-gu/중구,KR-27-4,Sa-dong/사동,KR-27-4-211
Daegu/대구,KR-27,Jung-gu/중구,KR-27-4,Sail-dong/사일동,KR-27-4-212
Daegu/대구,KR-27,Jung-gu/중구,KR-27-4,Sajeong-dong/사정동,KR-27-4-213
Daegu/대구,KR-27,Jung-gu/중구,KR-27-4,Samdeokdong 1(il)-ga/삼덕동1가,KR-27-4-214
Daegu/대구,KR-27,Jung-gu/중구,KR-27-4,Samdeokdong 2(i)-ga/삼덕동2가,KR-27-4-215
Daegu/대구,KR-27,Jung-gu/중구,KR-27-4,Samdeokdong 3(sam)-ga/삼덕동3가,KR-27-4-216
Daegu/대구,KR-27,Jung-gu/중구,KR-27-4,Samgak-dong/삼각동,KR-27-4-217
Daegu/대구,KR-27,Jung-gu/중구,KR-27-4,Sangdeok-dong/상덕동,KR-27-4-218
Daegu/대구,KR-27,Jung-gu/중구,KR-27-4,Sangseo-dong/상서동,KR-27-4-219
Daegu/대구,KR-27,Jung-gu/중구,KR-27-4,Sanrim-dong/산림동,KR-27-4-220
Daegu/대구,KR-27,Jung-gu/중구,KR-27-4,Sanseong-dong/산성동,KR-27-4-221
Daegu/대구,KR-27,Jung-gu/중구,KR-27-4,Seodaejeonucheguksaseoham/서대전우체국사서함,KR-27-4-222
Daegu/대구,KR-27,Jung-gu/중구,KR-27-4,Seo-dong/서동,KR-27-4-223
Daegu/대구,KR-27,Jung-gu/중구,KR-27-4,Seokgyo-dong/석교동,KR-27-4-224
Daegu/대구,KR-27,Jung-gu/중구,KR-27-4,Seomunro 1(il)-ga/서문로1가,KR-27-4-225
Daegu/대구,KR-27,Jung-gu/중구,KR-27-4,Seomunro 2(i)-ga/서문로2가,KR-27-4-226
Daegu/대구,KR-27,Jung-gu/중구,KR-27-4,Seonae-dong/서내동,KR-27-4-227
Daegu/대구,KR-27,Jung-gu/중구,KR-27-4,Seongan-dong/성안동,KR-27-4-228
Daegu/대구,KR-27,Jung-gu/중구,KR-27-4,Seongnam-dong/성남동,KR-27-4-229
Daegu/대구,KR-27,Jung-gu/중구,KR-27-4,Seonhwa-dong/선화동,KR-27-4-230
Daegu/대구,KR-27,Jung-gu/중구,KR-27-4,Seonhwa-dong/선화동,KR-27-4-230
Daegu/대구,KR-27,Jung-gu/중구,KR-27-4,Seonrin-dong/선린동,KR-27-4-231
Daegu/대구,KR-27,Jung-gu/중구,KR-27-4,Seoseongro 1(il)-ga/서성로1가,KR-27-4-232
Daegu/대구,KR-27,Jung-gu/중구,KR-27-4,Seoseongro 2(i)-ga/서성로2가,KR-27-4-233
Daegu/대구,KR-27,Jung-gu/중구,KR-27-4,Seosomun-dong/서소문동,KR-27-4-234
Daegu/대구,KR-27,Jung-gu/중구,KR-27-4,Seoya-dong/서야동,KR-27-4-235
Daegu/대구,KR-27,Jung-gu/중구,KR-27-4,Sijangbugno/시장북로,KR-27-4-236
Daegu/대구,KR-27,Jung-gu/중구,KR-27-4,Sinchangdong 1(il)-ga/신창동1가,KR-27-4-237
Daegu/대구,KR-27,Jung-gu/중구,KR-27-4,Sinchangdong 2(i)-ga/신창동2가,KR-27-4-238
Daegu/대구,KR-27,Jung-gu/중구,KR-27-4,Sinchangdong 3(sam)-ga/신창동3가,KR-27-4-239
Daegu/대구,KR-27,Jung-gu/중구,KR-27-4,Sinchangdong 4(sa)-ga/신창동4가,KR-27-4-240
Daegu/대구,KR-27,Jung-gu/중구,KR-27-4,Sinchang-dong/신창동,KR-27-4-241
Daegu/대구,KR-27,Jung-gu/중구,KR-27-4,Sindang 1(il)-dong/신당1동,KR-27-4-242
Daegu/대구,KR-27,Jung-gu/중구,KR-27-4,Sindang 2(i)-dong/신당2동,KR-27-4-243
Daegu/대구,KR-27,Jung-gu/중구,KR-27-4,Sindang 3(sam)-dong/신당3동,KR-27-4-244
Daegu/대구,KR-27,Jung-gu/중구,KR-27-4,Sindang 4(sa)-dong/신당4동,KR-27-4-245
Daegu/대구,KR-27,Jung-gu/중구,KR-27-4,Sindang 5(o)-dong/신당5동,KR-27-4-246
Daegu/대구,KR-27,Jung-gu/중구,KR-27-4,Sindang 6(yuk)-dong/신당6동,KR-27-4-247
Daegu/대구,KR-27,Jung-gu/중구,KR-27-4,Sindang-dong/신당동,KR-27-4-248
Daegu/대구,KR-27,Jung-gu/중구,KR-27-4,Sinheungdong 1(il)-ga/신흥동1가,KR-27-4-249
Daegu/대구,KR-27,Jung-gu/중구,KR-27-4,Sinheungdong 2(i)-ga/신흥동2가,KR-27-4-250
Daegu/대구,KR-27,Jung-gu/중구,KR-27-4,Sinheungdong 3(sam)-ga/신흥동3가,KR-27-4-251
Daegu/대구,KR-27,Jung-gu/중구,KR-27-4,Sinpo-dong/신포동,KR-27-4-252
Daegu/대구,KR-27,Jung-gu/중구,KR-27-4,Sinsaeng-dong/신생동,KR-27-4-253
Daegu/대구,KR-27,Jung-gu/중구,KR-27-4,Sogong-dong/소공동,KR-27-4-254
Daegu/대구,KR-27,Jung-gu/중구,KR-27-4,Songhakdong 1(il)-ga/송학동1가,KR-27-4-255
Daegu/대구,KR-27,Jung-gu/중구,KR-27-4,Songhakdong 2(i)-ga/송학동2가,KR-27-4-256
Daegu/대구,KR-27,Jung-gu/중구,KR-27-4,Songhakdong 3(sam)-ga/송학동3가,KR-27-4-257
Daegu/대구,KR-27,Jung-gu/중구,KR-27-4,Songwoldong 1(il)-ga/송월동1가,KR-27-4-258
Daegu/대구,KR-27,Jung-gu/중구,KR-27-4,Songwoldong 2(i)-ga/송월동2가,KR-27-4-259
Daegu/대구,KR-27,Jung-gu/중구,KR-27-4,Songwoldong 3(sam)-ga/송월동3가,KR-27-4-260
Daegu/대구,KR-27,Jung-gu/중구,KR-27-4,Ssangrim-dong/쌍림동,KR-27-4-261
Daegu/대구,KR-27,Jung-gu/중구,KR-27-4,Suchang-dong/수창동,KR-27-4-262
Daegu/대구,KR-27,Jung-gu/중구,KR-27-4,Su-dong/수동,KR-27-4-263
Daegu/대구,KR-27,Jung-gu/중구,KR-27-4,Suha-dong/수하동,KR-27-4-264
Daegu/대구,KR-27,Jung-gu/중구,KR-27-4,Sunhwa-dong/순화동,KR-27-4-265
Daegu/대구,KR-27,Jung-gu/중구,KR-27-4,Supyo-dong/수표동,KR-27-4-266
Daegu/대구,KR-27,Jung-gu/중구,KR-27-4,Taehwa-dong/태화동,KR-27-4-267
Daegu/대구,KR-27,Jung-gu/중구,KR-27-4,Taepyeong 1(il)-dong/태평1동,KR-27-4-268
Daegu/대구,KR-27,Jung-gu/중구,KR-27-4,Taepyeong 2(i)-dong/태평2동,KR-27-4-269
Daegu/대구,KR-27,Jung-gu/중구,KR-27-4,Taepyeong-dong/태평동,KR-27-4-270
Daegu/대구,KR-27,Jung-gu/중구,KR-27-4,Taepyeongro 1(il)-ga/태평로1가,KR-27-4-271
Daegu/대구,KR-27,Jung-gu/중구,KR-27-4,Taepyeongro 1(il)-ga/태평로1가,KR-27-4-271
Daegu/대구,KR-27,Jung-gu/중구,KR-27-4,Taepyeongro 2(i)-ga/태평로2가,KR-27-4-272
Daegu/대구,KR-27,Jung-gu/중구,KR-27-4,Taepyeongro 2(i)-ga/태평로2가,KR-27-4-272
Daegu/대구,KR-27,Jung-gu/중구,KR-27-4,Taepyeongro 3(sam)-ga/태평로3가,KR-27-4-273
Daegu/대구,KR-27,Jung-gu/중구,KR-27-4,Uijuro 1(il)-ga/의주로1가,KR-27-4-274
Daegu/대구,KR-27,Jung-gu/중구,KR-27-4,Uijuro 2(i)-ga/의주로2가,KR-27-4-275
Daegu/대구,KR-27,Jung-gu/중구,KR-27-4,Ujeong-dong/우정동,KR-27-4-276
Daegu/대구,KR-27,Jung-gu/중구,KR-27-4,Ulsanucheguksaseoham/울산우체국사서함,KR-27-4-277
Daegu/대구,KR-27,Jung-gu/중구,KR-27-4,Unbuk-dong/운북동,KR-27-4-278
Daegu/대구,KR-27,Jung-gu/중구,KR-27-4,Unnam-dong/운남동,KR-27-4-279
Daegu/대구,KR-27,Jung-gu/중구,KR-27-4,Unseo-dong/운서동,KR-27-4-280
Daegu/대구,KR-27,Jung-gu/중구,KR-27-4,Wanjeon-dong/완전동,KR-27-4-281
Daegu/대구,KR-27,Jung-gu/중구,KR-27-4,Yaksa-dong/약사동,KR-27-4-282
Daegu/대구,KR-27,Jung-gu/중구,KR-27-4,Yegwan-dong/예관동,KR-27-4-283
Daegu/대구,KR-27,Jung-gu/중구,KR-27-4,Yejang-dong/예장동,KR-27-4-284
Daegu/대구,KR-27,Jung-gu/중구,KR-27-4,Yeongju 1(il)-dong/영주1동,KR-27-4-285
Daegu/대구,KR-27,Jung-gu/중구,KR-27-4,Yeongju 2(i)-dong/영주2동,KR-27-4-286
Daegu/대구,KR-27,Jung-gu/중구,KR-27-4,Yeongju-dong/영주동,KR-27-4-287
Daegu/대구,KR-27,Jung-gu/중구,KR-27-4,Yongdeok-dong/용덕동,KR-27-4-288
Daegu/대구,KR-27,Jung-gu/중구,KR-27-4,Yong-dong/용동,KR-27-4-289
Daegu/대구,KR-27,Jung-gu/중구,KR-27-4,Yongdu-dong/용두동,KR-27-4-290
Daegu/대구,KR-27,Jung-gu/중구,KR-27-4,Yucheon 1(il)-dong/유천1동,KR-27-4-291
Daegu/대구,KR-27,Jung-gu/중구,KR-27-4,Yucheon 2(i)-dong/유천2동,KR-27-4-292
Daegu/대구,KR-27,Jung-gu/중구,KR-27-4,Yucheon-dong/유천동,KR-27-4-293
Daegu/대구,KR-27,Jung-gu/중구,KR-27-4,Yu-dong/유동,KR-27-4-294
Daegu/대구,KR-27,Jung-gu/중구,KR-27-4,Yugok-dong/유곡동,KR-27-4-295
Daegu/대구,KR-27,Jung-gu/중구,KR-27-4,Yulmok-dong/율목동,KR-27-4-296
Daegu/대구,KR-27,Nam-gu/남구,KR-27-5,Apchon-dong/압촌동,KR-27-5-0
Daegu/대구,KR-27,Nam-gu/남구,KR-27-5,Baegun 1(il)-dong/백운1동,KR-27-5-1
Daegu/대구,KR-27,Nam-gu/남구,KR-27-5,Baegun 2(i)-dong/백운2동,KR-27-5-2
Daegu/대구,KR-27,Nam-gu/남구,KR-27-5,Baegun-dong/백운동,KR-27-5-3
Daegu/대구,KR-27,Nam-gu/남구,KR-27-5,Bangrim 1(il)-dong/방림1동,KR-27-5-4
Daegu/대구,KR-27,Nam-gu/남구,KR-27-5,Bangrim 2(i)-dong/방림2동,KR-27-5-5
Daegu/대구,KR-27,Nam-gu/남구,KR-27-5,Bangrim-dong/방림동,KR-27-5-6
Daegu/대구,KR-27,Nam-gu/남구,KR-27-5,Bongdeog 1(il)-dong/봉덕1동,KR-27-5-7
Daegu/대구,KR-27,Nam-gu/남구,KR-27-5,Bongdeog 2(i)-dong/봉덕2동,KR-27-5-8
Daegu/대구,KR-27,Nam-gu/남구,KR-27-5,Bongdeog 3(sam)-dong/봉덕3동,KR-27-5-9
Daegu/대구,KR-27,Nam-gu/남구,KR-27-5,Bongdeok-dong/봉덕동,KR-27-5-10
Daegu/대구,KR-27,Nam-gu/남구,KR-27-5,Bongseon 1(il)-dong/봉선1동,KR-27-5-11
Daegu/대구,KR-27,Nam-gu/남구,KR-27-5,Bongseon 2(i)-dong/봉선2동,KR-27-5-12
Daegu/대구,KR-27,Nam-gu/남구,KR-27-5,Bongseon-dong/봉선동,KR-27-5-13
Daegu/대구,KR-27,Nam-gu/남구,KR-27-5,Bugok-dong/부곡동,KR-27-5-14
Daegu/대구,KR-27,Nam-gu/남구,KR-27-5,Chilseok-dong/칠석동,KR-27-5-15
Daegu/대구,KR-27,Nam-gu/남구,KR-27-5,Daeji-dong/대지동,KR-27-5-16
Daegu/대구,KR-27,Nam-gu/남구,KR-27-5,Daemyeong 1(il)-dong/대명1동,KR-27-5-17
Daegu/대구,KR-27,Nam-gu/남구,KR-27-5,Daemyeong 10(sip)-dong/대명10동,KR-27-5-18
Daegu/대구,KR-27,Nam-gu/남구,KR-27-5,Daemyeong 11(sibil)-dong/대명11동,KR-27-5-19
Daegu/대구,KR-27,Nam-gu/남구,KR-27-5,Daemyeong 2(i)-dong/대명2동,KR-27-5-20
Daegu/대구,KR-27,Nam-gu/남구,KR-27-5,Daemyeong 3(sam)-dong/대명3동,KR-27-5-21
Daegu/대구,KR-27,Nam-gu/남구,KR-27-5,Daemyeong 4(sa)-dong/대명4동,KR-27-5-22
Daegu/대구,KR-27,Nam-gu/남구,KR-27-5,Daemyeong 5(o)-dong/대명5동,KR-27-5-23
Daegu/대구,KR-27,Nam-gu/남구,KR-27-5,Daemyeong 6(yuk)-dong/대명6동,KR-27-5-24
Daegu/대구,KR-27,Nam-gu/남구,KR-27-5,Daemyeong 9(gu)-dong/대명9동,KR-27-5-25
Daegu/대구,KR-27,Nam-gu/남구,KR-27-5,Daemyeong-dong/대명동,KR-27-5-26
Daegu/대구,KR-27,Nam-gu/남구,KR-27-5,Daeyeon 1(il)-dong/대연1동,KR-27-5-27
Daegu/대구,KR-27,Nam-gu/남구,KR-27-5,Daeyeon 2(i)-dong/대연2동,KR-27-5-28
Daegu/대구,KR-27,Nam-gu/남구,KR-27-5,Daeyeon 3(sam)-dong/대연3동,KR-27-5-29
Daegu/대구,KR-27,Nam-gu/남구,KR-27-5,Daeyeon 4(sa)-dong/대연4동,KR-27-5-30
Daegu/대구,KR-27,Nam-gu/남구,KR-27-5,Daeyeon 5(o)-dong/대연5동,KR-27-5-31
Daegu/대구,KR-27,Nam-gu/남구,KR-27-5,Daeyeon 6(yuk)-dong/대연6동,KR-27-5-32
Daegu/대구,KR-27,Nam-gu/남구,KR-27-5,Daeyeon-dong/대연동,KR-27-5-33
Daegu/대구,KR-27,Nam-gu/남구,KR-27-5,Dal-dong/달동,KR-27-5-34
Daegu/대구,KR-27,Nam-gu/남구,KR-27-5,Deoknam-dong/덕남동,KR-27-5-35
Daegu/대구,KR-27,Nam-gu/남구,KR-27-5,Dogeum-dong/도금동,KR-27-5-36
Daegu/대구,KR-27,Nam-gu/남구,KR-27-5,Dohwa 1(il)-dong/도화1동,KR-27-5-37
Daegu/대구,KR-27,Nam-gu/남구,KR-27-5,Dohwa 2(i)-dong/도화2동,KR-27-5-38
Daegu/대구,KR-27,Nam-gu/남구,KR-27-5,Dohwa 3(sam)-dong/도화3동,KR-27-5-39
Daegu/대구,KR-27,Nam-gu/남구,KR-27-5,Dohwa-dong/도화동,KR-27-5-40
Daegu/대구,KR-27,Nam-gu/남구,KR-27-5,Duwang-dong/두왕동,KR-27-5-41
Daegu/대구,KR-27,Nam-gu/남구,KR-27-5,Gaeun-dong/개운동,KR-27-5-42
Daegu/대구,KR-27,Nam-gu/남구,KR-27-5,Gamman 1(il)-dong/감만1동,KR-27-5-43
Daegu/대구,KR-27,Nam-gu/남구,KR-27-5,Gamman 2(i)-dong/감만2동,KR-27-5-44
Daegu/대구,KR-27,Nam-gu/남구,KR-27-5,Gamman-dong/감만동,KR-27-5-45
Daegu/대구,KR-27,Nam-gu/남구,KR-27-5,Gosa-dong/고사동,KR-27-5-46
Daegu/대구,KR-27,Nam-gu/남구,KR-27-5,Gu-dong/구동,KR-27-5-47
Daegu/대구,KR-27,Nam-gu/남구,KR-27-5,Guso-dong/구소동,KR-27-5-48
Daegu/대구,KR-27,Nam-gu/남구,KR-27-5,Gwangyo-dong/관교동,KR-27-5-49
Daegu/대구,KR-27,Nam-gu/남구,KR-27-5,Haengam-dong/행암동,KR-27-5-50
Daegu/대구,KR-27,Nam-gu/남구,KR-27-5,Hagig 1(il)-dong/학익1동,KR-27-5-51
Daegu/대구,KR-27,Nam-gu/남구,KR-27-5,Hagig 2(i)-dong/학익2동,KR-27-5-52
Daegu/대구,KR-27,Nam-gu/남구,KR-27-5,Hagik-dong/학익동,KR-27-5-53
Daegu/대구,KR-27,Nam-gu/남구,KR-27-5,Hwajang-dong/화장동,KR-27-5-54
Daegu/대구,KR-27,Nam-gu/남구,KR-27-5,Hwangseong-dong/황성동,KR-27-5-55
Daegu/대구,KR-27,Nam-gu/남구,KR-27-5,Icheon-dong/이천동,KR-27-5-56
Daegu/대구,KR-27,Nam-gu/남구,KR-27-5,Ijang-dong/이장동,KR-27-5-57
Daegu/대구,KR-27,Nam-gu/남구,KR-27-5,Imam-dong/임암동,KR-27-5-58
Daegu/대구,KR-27,Nam-gu/남구,KR-27-5,Jangsaengpo-dong/장생포동,KR-27-5-59
Daegu/대구,KR-27,Nam-gu/남구,KR-27-5,Jinwol-dong/진월동,KR-27-5-60
Daegu/대구,KR-27,Nam-gu/남구,KR-27-5,Jiseok-dong/지석동,KR-27-5-61
Daegu/대구,KR-27,Nam-gu/남구,KR-27-5,Juan 1(il)-dong/주안1동,KR-27-5-62
Daegu/대구,KR-27,Nam-gu/남구,KR-27-5,Juan 2(i)-dong/주안2동,KR-27-5-63
Daegu/대구,KR-27,Nam-gu/남구,KR-27-5,Juan 3(sam)-dong/주안3동,KR-27-5-64
Daegu/대구,KR-27,Nam-gu/남구,KR-27-5,Juan 4(sa)-dong/주안4동,KR-27-5-65
Daegu/대구,KR-27,Nam-gu/남구,KR-27-5,Juan 5(o)-dong/주안5동,KR-27-5-66
Daegu/대구,KR-27,Nam-gu/남구,KR-27-5,Juan 6(yuk)-dong/주안6동,KR-27-5-67
Daegu/대구,KR-27,Nam-gu/남구,KR-27-5,Juan 7(chil)-dong/주안7동,KR-27-5-68
Daegu/대구,KR-27,Nam-gu/남구,KR-27-5,Juan 8(pal)-dong/주안8동,KR-27-5-69
Daegu/대구,KR-27,Nam-gu/남구,KR-27-5,Juan-dong/주안동,KR-27-5-70
Daegu/대구,KR-27,Nam-gu/남구,KR-27-5,Juwol-dong/주월동,KR-27-5-71
Daegu/대구,KR-27,Nam-gu/남구,KR-27-5,Juwor 1(il)-dong/주월1동,KR-27-5-72
Daegu/대구,KR-27,Nam-gu/남구,KR-27-5,Juwor 2(i)-dong/주월2동,KR-27-5-73
Daegu/대구,KR-27,Nam-gu/남구,KR-27-5,Maeam-dong/매암동,KR-27-5-74
Daegu/대구,KR-27,Nam-gu/남구,KR-27-5,Mugeo-dong/무거동,KR-27-5-75
Daegu/대구,KR-27,Nam-gu/남구,KR-27-5,Munhak-dong/문학동,KR-27-5-76
Daegu/대구,KR-27,Nam-gu/남구,KR-27-5,Munhyeon 1(il)-dong/문현1동,KR-27-5-77
Daegu/대구,KR-27,Nam-gu/남구,KR-27-5,Munhyeon 2(i)-dong/문현2동,KR-27-5-78
Daegu/대구,KR-27,Nam-gu/남구,KR-27-5,Munhyeon 3(sam)-dong/문현3동,KR-27-5-79
Daegu/대구,KR-27,Nam-gu/남구,KR-27-5,Munhyeon 4(sa)-dong/문현4동,KR-27-5-80
Daegu/대구,KR-27,Nam-gu/남구,KR-27-5,Munhyeon-dong/문현동,KR-27-5-81
Daegu/대구,KR-27,Nam-gu/남구,KR-27-5,Namdaeguucheguksaseoham/남대구우체국사서함,KR-27-5-82
Daegu/대구,KR-27,Nam-gu/남구,KR-27-5,Namhwa-dong/남화동,KR-27-5-83
Daegu/대구,KR-27,Nam-gu/남구,KR-27-5,Namulsanucheguksaseoham/남울산우체국사서함,KR-27-5-84
Daegu/대구,KR-27,Nam-gu/남구,KR-27-5,Nodae-dong/노대동,KR-27-5-85
Daegu/대구,KR-27,Nam-gu/남구,KR-27-5,Ok-dong/옥동,KR-27-5-86
Daegu/대구,KR-27,Nam-gu/남구,KR-27-5,Sa-dong/사동,KR-27-5-87
Daegu/대구,KR-27,Nam-gu/남구,KR-27-5,Samsan-dong/삼산동,KR-27-5-88
Daegu/대구,KR-27,Nam-gu/남구,KR-27-5,Sanggae-dong/상개동,KR-27-5-89
Daegu/대구,KR-27,Nam-gu/남구,KR-27-5,Seo 1(il)-dong/서1동,KR-27-5-90
Daegu/대구,KR-27,Nam-gu/남구,KR-27-5,Seo 2(i)-dong/서2동,KR-27-5-91
Daegu/대구,KR-27,Nam-gu/남구,KR-27-5,Seo-dong/서동,KR-27-5-92
Daegu/대구,KR-27,Nam-gu/남구,KR-27-5,Seokjeong-dong/석정동,KR-27-5-93
Daegu/대구,KR-27,Nam-gu/남구,KR-27-5,Seonam-dong/선암동,KR-27-5-94
Daegu/대구,KR-27,Nam-gu/남구,KR-27-5,Seongam-dong/성암동,KR-27-5-95
Daegu/대구,KR-27,Nam-gu/남구,KR-27-5,Seungchon-dong/승촌동,KR-27-5-96
Daegu/대구,KR-27,Nam-gu/남구,KR-27-5,Sinjang-dong/신장동,KR-27-5-97
Daegu/대구,KR-27,Nam-gu/남구,KR-27-5,Sinjeong 1(il)-dong/신정1동,KR-27-5-98
Daegu/대구,KR-27,Nam-gu/남구,KR-27-5,Sinjeong 2(i)-dong/신정2동,KR-27-5-99
Daegu/대구,KR-27,Nam-gu/남구,KR-27-5,Sinjeong 3(sam)-dong/신정3동,KR-27-5-100
Daegu/대구,KR-27,Nam-gu/남구,KR-27-5,Sinjeong 4(sa)-dong/신정4동,KR-27-5-101
Daegu/대구,KR-27,Nam-gu/남구,KR-27-5,Sinjeong 5(o)-dong/신정5동,KR-27-5-102
Daegu/대구,KR-27,Nam-gu/남구,KR-27-5,Sinjeong-dong/신정동,KR-27-5-103
Daegu/대구,KR-27,Nam-gu/남구,KR-27-5,Songha-dong/송하동,KR-27-5-104
Daegu/대구,KR-27,Nam-gu/남구,KR-27-5,Sungui 1(il)-dong/숭의1동,KR-27-5-105
Daegu/대구,KR-27,Nam-gu/남구,KR-27-5,Sungui 2(i)-dong/숭의2동,KR-27-5-106
Daegu/대구,KR-27,Nam-gu/남구,KR-27-5,Sungui 3(sam)-dong/숭의3동,KR-27-5-107
Daegu/대구,KR-27,Nam-gu/남구,KR-27-5,Sungui 4(sa)-dong/숭의4동,KR-27-5-108
Daegu/대구,KR-27,Nam-gu/남구,KR-27-5,Sungui-dong/숭의동,KR-27-5-109
Daegu/대구,KR-27,Nam-gu/남구,KR-27-5,Uam 1(il)-dong/우암1동,KR-27-5-110
Daegu/대구,KR-27,Nam-gu/남구,KR-27-5,Uam 2(i)-dong/우암2동,KR-27-5-111
Daegu/대구,KR-27,Nam-gu/남구,KR-27-5,Uam-dong/우암동,KR-27-5-112
Daegu/대구,KR-27,Nam-gu/남구,KR-27-5,Wolsan 1(il)-dong/월산1동,KR-27-5-113
Daegu/대구,KR-27,Nam-gu/남구,KR-27-5,Wolsan 2(i)-dong/월산2동,KR-27-5-114
Daegu/대구,KR-27,Nam-gu/남구,KR-27-5,Wolsan 3(sam)-dong/월산3동,KR-27-5-115
Daegu/대구,KR-27,Nam-gu/남구,KR-27-5,Wolsan 4(sa)-dong/월산4동,KR-27-5-116
Daegu/대구,KR-27,Nam-gu/남구,KR-27-5,Wolsan 5(o)-dong/월산5동,KR-27-5-117
Daegu/대구,KR-27,Nam-gu/남구,KR-27-5,Wolsan-dong/월산동,KR-27-5-118
Daegu/대구,KR-27,Nam-gu/남구,KR-27-5,Wolseong-dong/월성동,KR-27-5-119
Daegu/대구,KR-27,Nam-gu/남구,KR-27-5,Wonsan-dong/원산동,KR-27-5-120
Daegu/대구,KR-27,Nam-gu/남구,KR-27-5,Yaeum-dong/야음동,KR-27-5-121
Daegu/대구,KR-27,Nam-gu/남구,KR-27-5,Yangchon-dong/양촌동,KR-27-5-122
Daegu/대구,KR-27,Nam-gu/남구,KR-27-5,Yanggwa-dong/양과동,KR-27-5-123
Daegu/대구,KR-27,Nam-gu/남구,KR-27-5,Yangrim-dong/양림동,KR-27-5-124
Daegu/대구,KR-27,Nam-gu/남구,KR-27-5,Yeocheon-dong/여천동,KR-27-5-125
Daegu/대구,KR-27,Nam-gu/남구,KR-27-5,Yongdang-dong/용당동,KR-27-5-126
Daegu/대구,KR-27,Nam-gu/남구,KR-27-5,Yongho 1(il)-dong/용호1동,KR-27-5-127
Daegu/대구,KR-27,Nam-gu/남구,KR-27-5,Yongho 2(i)-dong/용호2동,KR-27-5-128
Daegu/대구,KR-27,Nam-gu/남구,KR-27-5,Yongho 3(sam)-dong/용호3동,KR-27-5-129
Daegu/대구,KR-27,Nam-gu/남구,KR-27-5,Yongho 4(sa)-dong/용호4동,KR-27-5-130
Daegu/대구,KR-27,Nam-gu/남구,KR-27-5,Yongho-dong/용호동,KR-27-5-131
Daegu/대구,KR-27,Nam-gu/남구,KR-27-5,Yonghyeon 1(il)-dong/용현1동,KR-27-5-132
Daegu/대구,KR-27,Nam-gu/남구,KR-27-5,Yonghyeon 2(i)-dong/용현2동,KR-27-5-133
Daegu/대구,KR-27,Nam-gu/남구,KR-27-5,Yonghyeon 3(sam)-dong/용현3동,KR-27-5-134
Daegu/대구,KR-27,Nam-gu/남구,KR-27-5,Yonghyeon 4(sa)-dong/용현4동,KR-27-5-135
Daegu/대구,KR-27,Nam-gu/남구,KR-27-5,Yonghyeon 5(o)-dong/용현5동,KR-27-5-136
Daegu/대구,KR-27,Nam-gu/남구,KR-27-5,Yonghyeon-dong/용현동,KR-27-5-137
Daegu/대구,KR-27,Nam-gu/남구,KR-27-5,Yongjam-dong/용잠동,KR-27-5-138
Daegu/대구,KR-27,Nam-gu/남구,KR-27-5,Yongyeon-dong/용연동,KR-27-5-139
Daegu/대구,KR-27,Seo-gu/서구,KR-27-6,Amidong 1(il)-ga/아미동1가,KR-27-6-0
Daegu/대구,KR-27,Seo-gu/서구,KR-27-6,Amidong 2(i)-ga/아미동2가,KR-27-6-1
Daegu/대구,KR-27,Seo-gu/서구,KR-27-6,Ami-dong/아미동,KR-27-6-2
Daegu/대구,KR-27,Seo-gu/서구,KR-27-6,Amnam-dong/암남동,KR-27-6-3
Daegu/대구,KR-27,Seo-gu/서구,KR-27-6,Baekseok-dong/백석동,KR-27-6-4
Daegu/대구,KR-27,Seo-gu/서구,KR-27-6,Bisan 1(il)-dong/비산1동,KR-27-6-5
Daegu/대구,KR-27,Seo-gu/서구,KR-27-6,Bisan 2.3-dong/비산2.3동,KR-27-6-6
Daegu/대구,KR-27,Seo-gu/서구,KR-27-6,Bisan 4(sa)-dong/비산4동,KR-27-6-7
Daegu/대구,KR-27,Seo-gu/서구,KR-27-6,Bisan 5(o)-dong/비산5동,KR-27-6-8
Daegu/대구,KR-27,Seo-gu/서구,KR-27-6,Bisan 6(yuk)-dong/비산6동,KR-27-6-9
Daegu/대구,KR-27,Seo-gu/서구,KR-27-6,Bisan 7(chil)-dong/비산7동,KR-27-6-10
Daegu/대구,KR-27,Seo-gu/서구,KR-27-6,Bisan-dong/비산동,KR-27-6-11
Daegu/대구,KR-27,Seo-gu/서구,KR-27-6,Boksu-dong/복수동,KR-27-6-12
Daegu/대구,KR-27,Seo-gu/서구,KR-27-6,Bonggok-dong/봉곡동,KR-27-6-13
Daegu/대구,KR-27,Seo-gu/서구,KR-27-6,Bullo-dong/불로동,KR-27-6-14
Daegu/대구,KR-27,Seo-gu/서구,KR-27-6,Bumindong 1(il)-ga/부민동1가,KR-27-6-15
Daegu/대구,KR-27,Seo-gu/서구,KR-27-6,Bumindong 2(i)-ga/부민동2가,KR-27-6-16
Daegu/대구,KR-27,Seo-gu/서구,KR-27-6,Bumindong 3(sam)-ga/부민동3가,KR-27-6-17
Daegu/대구,KR-27,Seo-gu/서구,KR-27-6,Bumin-dong/부민동,KR-27-6-18
Daegu/대구,KR-27,Seo-gu/서구,KR-27-6,Buyongdong 1(il)-ga/부용동1가,KR-27-6-19
Daegu/대구,KR-27,Seo-gu/서구,KR-27-6,Buyongdong 2(i)-ga/부용동2가,KR-27-6-20
Daegu/대구,KR-27,Seo-gu/서구,KR-27-6,Buyong-dong/부용동,KR-27-6-21
Daegu/대구,KR-27,Seo-gu/서구,KR-27-6,Byeokjin-dong/벽진동,KR-27-6-22
Daegu/대구,KR-27,Seo-gu/서구,KR-27-6,Byeon-dong/변동,KR-27-6-23
Daegu/대구,KR-27,Seo-gu/서구,KR-27-6,Chipyeong-dong/치평동,KR-27-6-24
Daegu/대구,KR-27,Seo-gu/서구,KR-27-6,Chojang-dong/초장동,KR-27-6-25
Daegu/대구,KR-27,Seo-gu/서구,KR-27-6,Chungmudong 1(il)-ga/충무동1가,KR-27-6-26
Daegu/대구,KR-27,Seo-gu/서구,KR-27-6,Chungmudong 2(i)-ga/충무동2가,KR-27-6-27
Daegu/대구,KR-27,Seo-gu/서구,KR-27-6,Chungmudong 3(sam)-ga/충무동3가,KR-27-6-28
Daegu/대구,KR-27,Seo-gu/서구,KR-27-6,Chungmu-dong/충무동,KR-27-6-29
Daegu/대구,KR-27,Seo-gu/서구,KR-27-6,Daegok-dong/대곡동,KR-27-6-30
Daegu/대구,KR-27,Seo-gu/서구,KR-27-6,Daejeondunsanucheguksaseoham/대전둔산우체국사서함,KR-27-6-31
Daegu/대구,KR-27,Seo-gu/서구,KR-27-6,Dangha-dong/당하동,KR-27-6-32
Daegu/대구,KR-27,Seo-gu/서구,KR-27-6,Deokheung-dong/덕흥동,KR-27-6-33
Daegu/대구,KR-27,Seo-gu/서구,KR-27-6,Doan-dong/도안동,KR-27-6-34
Daegu/대구,KR-27,Seo-gu/서구,KR-27-6,Doma 1(il)-dong/도마1동,KR-27-6-35
Daegu/대구,KR-27,Seo-gu/서구,KR-27-6,Doma 2(i)-dong/도마2동,KR-27-6-36
Daegu/대구,KR-27,Seo-gu/서구,KR-27-6,Doma-dong/도마동,KR-27-6-37
Daegu/대구,KR-27,Seo-gu/서구,KR-27-6,Dongdaesindong 1(il)-ga/동대신동1가,KR-27-6-38
Daegu/대구,KR-27,Seo-gu/서구,KR-27-6,Dongdaesindong 2(i)-ga/동대신동2가,KR-27-6-39
Daegu/대구,KR-27,Seo-gu/서구,KR-27-6,Dongdaesindong 3(sam)-ga/동대신동3가,KR-27-6-40
Daegu/대구,KR-27,Seo-gu/서구,KR-27-6,Dunsan 1(il)-dong/둔산1동,KR-27-6-41
Daegu/대구,KR-27,Seo-gu/서구,KR-27-6,Dunsan 2(i)-dong/둔산2동,KR-27-6-42
Daegu/대구,KR-27,Seo-gu/서구,KR-27-6,Dunsan-dong/둔산동,KR-27-6-43
Daegu/대구,KR-27,Seo-gu/서구,KR-27-6,Gajang-dong/가장동,KR-27-6-44
Daegu/대구,KR-27,Seo-gu/서구,KR-27-6,Gajeong 1(il)-dong/가정1동,KR-27-6-45
Daegu/대구,KR-27,Seo-gu/서구,KR-27-6,Gajeong 2(i)-dong/가정2동,KR-27-6-46
Daegu/대구,KR-27,Seo-gu/서구,KR-27-6,Gajeong 3(sam)-dong/가정3동,KR-27-6-47
Daegu/대구,KR-27,Seo-gu/서구,KR-27-6,Gajeong-dong/가정동,KR-27-6-48
Daegu/대구,KR-27,Seo-gu/서구,KR-27-6,Gajwa 1(il)-dong/가좌1동,KR-27-6-49
Daegu/대구,KR-27,Seo-gu/서구,KR-27-6,Gajwa 2(i)-dong/가좌2동,KR-27-6-50
Daegu/대구,KR-27,Seo-gu/서구,KR-27-6,Gajwa 3(sam)-dong/가좌3동,KR-27-6-51
Daegu/대구,KR-27,Seo-gu/서구,KR-27-6,Gajwa 4(sa)-dong/가좌4동,KR-27-6-52
Daegu/대구,KR-27,Seo-gu/서구,KR-27-6,Gajwa-dong/가좌동,KR-27-6-53
Daegu/대구,KR-27,Seo-gu/서구,KR-27-6,Galma 1(il)-dong/갈마1동,KR-27-6-54
Daegu/대구,KR-27,Seo-gu/서구,KR-27-6,Galma 2(i)-dong/갈마2동,KR-27-6-55
Daegu/대구,KR-27,Seo-gu/서구,KR-27-6,Galma-dong/갈마동,KR-27-6-56
Daegu/대구,KR-27,Seo-gu/서구,KR-27-6,Gasuwon-dong/가수원동,KR-27-6-57
Daegu/대구,KR-27,Seo-gu/서구,KR-27-6,Geomam-dong/검암동,KR-27-6-58
Daegu/대구,KR-27,Seo-gu/서구,KR-27-6,Geumgok-dong/금곡동,KR-27-6-59
Daegu/대구,KR-27,Seo-gu/서구,KR-27-6,Geumho-dong/금호동,KR-27-6-60
Daegu/대구,KR-27,Seo-gu/서구,KR-27-6,Goegok-dong/괴곡동,KR-27-6-61
Daegu/대구,KR-27,Seo-gu/서구,KR-27-6,Goejeong-dong/괴정동,KR-27-6-62
Daegu/대구,KR-27,Seo-gu/서구,KR-27-6,Gongchon-dong/공촌동,KR-27-6-63
Daegu/대구,KR-27,Seo-gu/서구,KR-27-6,Gwangcheon-dong/광천동,KR-27-6-64
Daegu/대구,KR-27,Seo-gu/서구,KR-27-6,Gwanjeo 1(il)-dong/관저1동,KR-27-6-65
Daegu/대구,KR-27,Seo-gu/서구,KR-27-6,Gwanjeo 2(i)-dong/관저2동,KR-27-6-66
Daegu/대구,KR-27,Seo-gu/서구,KR-27-6,Gwanjeo-dong/관저동,KR-27-6-67
Daegu/대구,KR-27,Seo-gu/서구,KR-27-6,Gyeongseo-dong/경서동,KR-27-6-68
Daegu/대구,KR-27,Seo-gu/서구,KR-27-6,Heukseok-dong/흑석동,KR-27-6-69
Daegu/대구,KR-27,Seo-gu/서구,KR-27-6,Hwajeong 1(il)-dong/화정1동,KR-27-6-70
Daegu/대구,KR-27,Seo-gu/서구,KR-27-6,Hwajeong 2(i)-dong/화정2동,KR-27-6-71
Daegu/대구,KR-27,Seo-gu/서구,KR-27-6,Hwajeong 3(sam)-dong/화정3동,KR-27-6-72
Daegu/대구,KR-27,Seo-gu/서구,KR-27-6,Hwajeong 4(sa)-dong/화정4동,KR-27-6-73
Daegu/대구,KR-27,Seo-gu/서구,KR-27-6,Hwajeong-dong/화정동,KR-27-6-74
Daegu/대구,KR-27,Seo-gu/서구,KR-27-6,Ihyeon-dong/이현동,KR-27-6-75
Daegu/대구,KR-27,Seo-gu/서구,KR-27-6,Jangan-dong/장안동,KR-27-6-76
Daegu/대구,KR-27,Seo-gu/서구,KR-27-6,Jeongrim-dong/정림동,KR-27-6-77
Daegu/대구,KR-27,Seo-gu/서구,KR-27-6,Jungri-dong/중리동,KR-27-6-78
Daegu/대구,KR-27,Seo-gu/서구,KR-27-6,Maeno-dong/매노동,KR-27-6-79
Daegu/대구,KR-27,Seo-gu/서구,KR-27-6,Maewol-dong/매월동,KR-27-6-80
Daegu/대구,KR-27,Seo-gu/서구,KR-27-6,Majeon-dong/마전동,KR-27-6-81
Daegu/대구,KR-27,Seo-gu/서구,KR-27-6,Mannyeon-dong/만년동,KR-27-6-82
Daegu/대구,KR-27,Seo-gu/서구,KR-27-6,Mareuk-dong/마륵동,KR-27-6-83
Daegu/대구,KR-27,Seo-gu/서구,KR-27-6,Naebang-dong/내방동,KR-27-6-84
Daegu/대구,KR-27,Seo-gu/서구,KR-27-6,Naedang 1(il)-dong/내당1동,KR-27-6-85
Daegu/대구,KR-27,Seo-gu/서구,KR-27-6,Naedang 2.3-dong/내당2.3동,KR-27-6-86
Daegu/대구,KR-27,Seo-gu/서구,KR-27-6,Naedang 4(sa)-dong/내당4동,KR-27-6-87
Daegu/대구,KR-27,Seo-gu/서구,KR-27-6,Naedang-dong/내당동,KR-27-6-88
Daegu/대구,KR-27,Seo-gu/서구,KR-27-6,Nae-dong/내동,KR-27-6-89
Daegu/대구,KR-27,Seo-gu/서구,KR-27-6,Nambumin 1(il)-dong/남부민1동,KR-27-6-90
Daegu/대구,KR-27,Seo-gu/서구,KR-27-6,Nambumin 2(i)-dong/남부민2동,KR-27-6-91
Daegu/대구,KR-27,Seo-gu/서구,KR-27-6,Nambumin-dong/남부민동,KR-27-6-92
Daegu/대구,KR-27,Seo-gu/서구,KR-27-6,Nongseong 1(il)-dong/농성1동,KR-27-6-93
Daegu/대구,KR-27,Seo-gu/서구,KR-27-6,Nongseong 2(i)-dong/농성2동,KR-27-6-94
Daegu/대구,KR-27,Seo-gu/서구,KR-27-6,Nongseong-dong/농성동,KR-27-6-95
Daegu/대구,KR-27,Seo-gu/서구,KR-27-6,O-dong/오동,KR-27-6-96
Daegu/대구,KR-27,Seo-gu/서구,KR-27-6,Oryu-dong/오류동,KR-27-6-97
Daegu/대구,KR-27,Seo-gu/서구,KR-27-6,Pungam-dong/풍암동,KR-27-6-98
Daegu/대구,KR-27,Seo-gu/서구,KR-27-6,Pyeongchon-dong/평촌동,KR-27-6-99
Daegu/대구,KR-27,Seo-gu/서구,KR-27-6,Pyeongri 1(il)-dong/평리1동,KR-27-6-100
Daegu/대구,KR-27,Seo-gu/서구,KR-27-6,Pyeongri 2(i)-dong/평리2동,KR-27-6-101
Daegu/대구,KR-27,Seo-gu/서구,KR-27-6,Pyeongri 3(sam)-dong/평리3동,KR-27-6-102
Daegu/대구,KR-27,Seo-gu/서구,KR-27-6,Pyeongri 4(sa)-dong/평리4동,KR-27-6-103
Daegu/대구,KR-27,Seo-gu/서구,KR-27-6,Pyeongri 5(o)-dong/평리5동,KR-27-6-104
Daegu/대구,KR-27,Seo-gu/서구,KR-27-6,Pyeongri 6(yuk)-dong/평리6동,KR-27-6-105
Daegu/대구,KR-27,Seo-gu/서구,KR-27-6,Pyeongri-dong/평리동,KR-27-6-106
Daegu/대구,KR-27,Seo-gu/서구,KR-27-6,Samcheon-dong/삼천동,KR-27-6-107
Daegu/대구,KR-27,Seo-gu/서구,KR-27-6,Sangmu 1(il)-dong/상무1동,KR-27-6-108
Daegu/대구,KR-27,Seo-gu/서구,KR-27-6,Sangmu 2(i)-dong/상무2동,KR-27-6-109
Daegu/대구,KR-27,Seo-gu/서구,KR-27-6,Sangmu-dong/상무동,KR-27-6-110
Daegu/대구,KR-27,Seo-gu/서구,KR-27-6,Sangri-dong/상리동,KR-27-6-111
Daegu/대구,KR-27,Seo-gu/서구,KR-27-6,Sanjik-dong/산직동,KR-27-6-112
Daegu/대구,KR-27,Seo-gu/서구,KR-27-6,Seha-dong/세하동,KR-27-6-113
Daegu/대구,KR-27,Seo-gu/서구,KR-27-6,Seochang-dong/서창동,KR-27-6-114
Daegu/대구,KR-27,Seo-gu/서구,KR-27-6,Seodaeguucheguksaseoham/서대구우체국사서함,KR-27-6-115
Daegu/대구,KR-27,Seo-gu/서구,KR-27-6,Seodaesindong 1(il)-ga/서대신동1가,KR-27-6-116
Daegu/대구,KR-27,Seo-gu/서구,KR-27-6,Seodaesindong 2(i)-ga/서대신동2가,KR-27-6-117
Daegu/대구,KR-27,Seo-gu/서구,KR-27-6,Seodaesindong 3(sam)-ga/서대신동3가,KR-27-6-118
Daegu/대구,KR-27,Seo-gu/서구,KR-27-6,Seogwangjuucheguksaseoham/서광주우체국사서함,KR-27-6-119
Daegu/대구,KR-27,Seo-gu/서구,KR-27-6,Seoincheonucheguksaseoham/서인천우체국사서함,KR-27-6-120
Daegu/대구,KR-27,Seo-gu/서구,KR-27-6,Seoknam 1(il)-dong/석남1동,KR-27-6-121
Daegu/대구,KR-27,Seo-gu/서구,KR-27-6,Seoknam 2(i)-dong/석남2동,KR-27-6-122
Daegu/대구,KR-27,Seo-gu/서구,KR-27-6,Seoknam 3(sam)-dong/석남3동,KR-27-6-123
Daegu/대구,KR-27,Seo-gu/서구,KR-27-6,Seoknam-dong/석남동,KR-27-6-124
Daegu/대구,KR-27,Seo-gu/서구,KR-27-6,Sicheon-dong/시천동,KR-27-6-125
Daegu/대구,KR-27,Seo-gu/서구,KR-27-6,Simgok-dong/심곡동,KR-27-6-126
Daegu/대구,KR-27,Seo-gu/서구,KR-27-6,Sinhyeon-dong/신현동,KR-27-6-127
Daegu/대구,KR-27,Seo-gu/서구,KR-27-6,Ssangchon-dong/쌍촌동,KR-27-6-128
Daegu/대구,KR-27,Seo-gu/서구,KR-27-6,Tanbang-dong/탄방동,KR-27-6-129
Daegu/대구,KR-27,Seo-gu/서구,KR-27-6,Toseongdong 1(il)-ga/토성동1가,KR-27-6-130
Daegu/대구,KR-27,Seo-gu/서구,KR-27-6,Toseongdong 2(i)-ga/토성동2가,KR-27-6-131
Daegu/대구,KR-27,Seo-gu/서구,KR-27-6,Toseongdong 3(sam)-ga/토성동3가,KR-27-6-132
Daegu/대구,KR-27,Seo-gu/서구,KR-27-6,Toseongdong 4(sa)-ga/토성동4가,KR-27-6-133
Daegu/대구,KR-27,Seo-gu/서구,KR-27-6,Toseongdong 5(o)-ga/토성동5가,KR-27-6-134
Daegu/대구,KR-27,Seo-gu/서구,KR-27-6,Toseong-dong/토성동,KR-27-6-135
Daegu/대구,KR-27,Seo-gu/서구,KR-27-6,Umyeong-dong/우명동,KR-27-6-136
Daegu/대구,KR-27,Seo-gu/서구,KR-27-6,Wanggil-dong/왕길동,KR-27-6-137
Daegu/대구,KR-27,Seo-gu/서구,KR-27-6,Wolpyeong 1(il)-dong/월평1동,KR-27-6-138
Daegu/대구,KR-27,Seo-gu/서구,KR-27-6,Wolpyeong 2(i)-dong/월평2동,KR-27-6-139
Daegu/대구,KR-27,Seo-gu/서구,KR-27-6,Wolpyeong 3(sam)-dong/월평3동,KR-27-6-140
Daegu/대구,KR-27,Seo-gu/서구,KR-27-6,Wolpyeong-dong/월평동,KR-27-6-141
Daegu/대구,KR-27,Seo-gu/서구,KR-27-6,Wonchang-dong/원창동,KR-27-6-142
Daegu/대구,KR-27,Seo-gu/서구,KR-27-6,Wondaedong 1(il)-ga/원대동1가,KR-27-6-143
Daegu/대구,KR-27,Seo-gu/서구,KR-27-6,Wondaedong 2(i)-ga/원대동2가,KR-27-6-144
Daegu/대구,KR-27,Seo-gu/서구,KR-27-6,Wondaedong 3(sam)-ga/원대동3가,KR-27-6-145
Daegu/대구,KR-27,Seo-gu/서구,KR-27-6,Wondang-dong/원당동,KR-27-6-146
Daegu/대구,KR-27,Seo-gu/서구,KR-27-6,Wonjeong-dong/원정동,KR-27-6-147
Daegu/대구,KR-27,Seo-gu/서구,KR-27-6,Yang 1(il)-dong/양1동,KR-27-6-148
Daegu/대구,KR-27,Seo-gu/서구,KR-27-6,Yang 2(i)-dong/양2동,KR-27-6-149
Daegu/대구,KR-27,Seo-gu/서구,KR-27-6,Yang 3(sam)-dong/양3동,KR-27-6-150
Daegu/대구,KR-27,Seo-gu/서구,KR-27-6,Yang-dong/양동,KR-27-6-151
Daegu/대구,KR-27,Seo-gu/서구,KR-27-6,Yeonhui-dong/연희동,KR-27-6-152
Daegu/대구,KR-27,Seo-gu/서구,KR-27-6,Yongchon-dong/용촌동,KR-27-6-153
Daegu/대구,KR-27,Seo-gu/서구,KR-27-6,Yongdu-dong/용두동,KR-27-6-154
Daegu/대구,KR-27,Seo-gu/서구,KR-27-6,Yongmun-dong/용문동,KR-27-6-155
Daegu/대구,KR-27,Seo-gu/서구,KR-27-6,Yuchon-dong/유촌동,KR-27-6-156
Daegu/대구,KR-27,Suseong-gu/수성구,KR-27-7,Beomeo 1(il)-dong/범어1동,KR-27-7-0
Daegu/대구,KR-27,Suseong-gu/수성구,KR-27-7,Beomeo 2(i)-dong/범어2동,KR-27-7-1
Daegu/대구,KR-27,Suseong-gu/수성구,KR-27-7,Beomeo 3(sam)-dong/범어3동,KR-27-7-2
Daegu/대구,KR-27,Suseong-gu/수성구,KR-27-7,Beomeo 4(sa)-dong/범어4동,KR-27-7-3
Daegu/대구,KR-27,Suseong-gu/수성구,KR-27-7,Beomeo-dong/범어동,KR-27-7-4
Daegu/대구,KR-27,Suseong-gu/수성구,KR-27-7,Beommul-dong/범물동,KR-27-7-5
Daegu/대구,KR-27,Suseong-gu/수성구,KR-27-7,Beommur 1(il)-dong/범물1동,KR-27-7-6
Daegu/대구,KR-27,Suseong-gu/수성구,KR-27-7,Beommur 2(i)-dong/범물2동,KR-27-7-7
Daegu/대구,KR-27,Suseong-gu/수성구,KR-27-7,Daegususeongucheguksaseoham/대구수성우체국사서함,KR-27-7-8
Daegu/대구,KR-27,Suseong-gu/수성구,KR-27-7,Daeheung-dong/대흥동,KR-27-7-9
Daegu/대구,KR-27,Suseong-gu/수성구,KR-27-7,Dusan-dong/두산동,KR-27-7-10
Daegu/대구,KR-27,Suseong-gu/수성구,KR-27-7,Gacheon-dong/가천동,KR-27-7-11
Daegu/대구,KR-27,Suseong-gu/수성구,KR-27-7,Gomo-dong/고모동,KR-27-7-12
Daegu/대구,KR-27,Suseong-gu/수성구,KR-27-7,Hwanggeum 1(il)-dong/황금1동,KR-27-7-13
Daegu/대구,KR-27,Suseong-gu/수성구,KR-27-7,Hwanggeum 2(i)-dong/황금2동,KR-27-7-14
Daegu/대구,KR-27,Suseong-gu/수성구,KR-27-7,Hwanggeum-dong/황금동,KR-27-7-15
Daegu/대구,KR-27,Suseong-gu/수성구,KR-27-7,Icheon-dong/이천동,KR-27-7-16
Daegu/대구,KR-27,Suseong-gu/수성구,KR-27-7,Jisan 1(il)-dong/지산1동,KR-27-7-17
Daegu/대구,KR-27,Suseong-gu/수성구,KR-27-7,Jisan 2(i)-dong/지산2동,KR-27-7-18
Daegu/대구,KR-27,Suseong-gu/수성구,KR-27-7,Jisan-dong/지산동,KR-27-7-19
Daegu/대구,KR-27,Suseong-gu/수성구,KR-27-7,Jung-dong/중동,KR-27-7-20
Daegu/대구,KR-27,Suseong-gu/수성구,KR-27-7,Maeho-dong/매호동,KR-27-7-21
Daegu/대구,KR-27,Suseong-gu/수성구,KR-27-7,Manchon 1(il)-dong/만촌1동,KR-27-7-22
Daegu/대구,KR-27,Suseong-gu/수성구,KR-27-7,Manchon 2(i)-dong/만촌2동,KR-27-7-23
Daegu/대구,KR-27,Suseong-gu/수성구,KR-27-7,Manchon 3(sam)-dong/만촌3동,KR-27-7-24
Daegu/대구,KR-27,Suseong-gu/수성구,KR-27-7,Manchon-dong/만촌동,KR-27-7-25
Daegu/대구,KR-27,Suseong-gu/수성구,KR-27-7,Nobyeon-dong/노변동,KR-27-7-26
Daegu/대구,KR-27,Suseong-gu/수성구,KR-27-7,Pa-dong/파동,KR-27-7-27
Daegu/대구,KR-27,Suseong-gu/수성구,KR-27-7,Samdeok-dong/삼덕동,KR-27-7-28
Daegu/대구,KR-27,Suseong-gu/수성구,KR-27-7,Sang-dong/상동,KR-27-7-29
Daegu/대구,KR-27,Suseong-gu/수성구,KR-27-7,Sawol-dong/사월동,KR-27-7-30
Daegu/대구,KR-27,Suseong-gu/수성구,KR-27-7,Seong-dong/성동,KR-27-7-31
Daegu/대구,KR-27,Suseong-gu/수성구,KR-27-7,Siji-dong/시지동,KR-27-7-32
Daegu/대구,KR-27,Suseong-gu/수성구,KR-27-7,Sinmae-dong/신매동,KR-27-7-33
Daegu/대구,KR-27,Suseong-gu/수성구,KR-27-7,Suseongdong 1(il)-ga/수성동1가,KR-27-7-34
Daegu/대구,KR-27,Suseong-gu/수성구,KR-27-7,Suseongdong 2(i)-ga/수성동2가,KR-27-7-35
Daegu/대구,KR-27,Suseong-gu/수성구,KR-27-7,Suseongdong 3(sam)-ga/수성동3가,KR-27-7-36
Daegu/대구,KR-27,Suseong-gu/수성구,KR-27-7,Suseongdong 4(sa)-ga/수성동4가,KR-27-7-37
Daegu/대구,KR-27,Suseong-gu/수성구,KR-27-7,Uksu-dong/욱수동,KR-27-7-38
Daegu/대구,KR-27,Suseong-gu/수성구,KR-27-7,Yeonho-dong/연호동,KR-27-7-39
Daejeon/대전,KR-30,Daedeok-gu/대덕구,KR-30-0,Beob 1(il)-dong/법1동,KR-30-0-0
Daejeon/대전,KR-30,Daedeok-gu/대덕구,KR-30-0,Beob 2(i)-dong/법2동,KR-30-0-1
Daejeon/대전,KR-30,Daedeok-gu/대덕구,KR-30-0,Beop-dong/법동,KR-30-0-2
Daejeon/대전,KR-30,Daedeok-gu/대덕구,KR-30-0,Birae-dong/비래동,KR-30-0-3
Daejeon/대전,KR-30,Daedeok-gu/대덕구,KR-30-0,Busu-dong/부수동,KR-30-0-4
Daejeon/대전,KR-30,Daedeok-gu/대덕구,KR-30-0,Daehwa-dong/대화동,KR-30-0-5
Daejeon/대전,KR-30,Daedeok-gu/대덕구,KR-30-0,Daejeondaedeogucheguksaseoham/대전대덕우체국사서함,KR-30-0-6
Daejeon/대전,KR-30,Daedeok-gu/대덕구,KR-30-0,Deogam-dong/덕암동,KR-30-0-7
Daejeon/대전,KR-30,Daedeok-gu/대덕구,KR-30-0,Eupnae-dong/읍내동,KR-30-0-8
Daejeon/대전,KR-30,Daedeok-gu/대덕구,KR-30-0,Galjeon-dong/갈전동,KR-30-0-9
Daejeon/대전,KR-30,Daedeok-gu/대덕구,KR-30-0,Hwangho-dong/황호동,KR-30-0-10
Daejeon/대전,KR-30,Daedeok-gu/대덕구,KR-30-0,Ihyeon-dong/이현동,KR-30-0-11
Daejeon/대전,KR-30,Daedeok-gu/대덕구,KR-30-0,Jang-dong/장동,KR-30-0-12
Daejeon/대전,KR-30,Daedeok-gu/대덕구,KR-30-0,Jungri-dong/중리동,KR-30-0-13
Daejeon/대전,KR-30,Daedeok-gu/대덕구,KR-30-0,Miho-dong/미호동,KR-30-0-14
Daejeon/대전,KR-30,Daedeok-gu/대덕구,KR-30-0,Moksang-dong/목상동,KR-30-0-15
Daejeon/대전,KR-30,Daedeok-gu/대덕구,KR-30-0,Munpyeong-dong/문평동,KR-30-0-16
Daejeon/대전,KR-30,Daedeok-gu/대덕구,KR-30-0,Ojeong-dong/오정동,KR-30-0-17
Daejeon/대전,KR-30,Daedeok-gu/대덕구,KR-30-0,Pyeongchon-dong/평촌동,KR-30-0-18
Daejeon/대전,KR-30,Daedeok-gu/대덕구,KR-30-0,Samjeong-dong/삼정동,KR-30-0-19
Daejeon/대전,KR-30,Daedeok-gu/대덕구,KR-30-0,Sangseo-dong/상서동,KR-30-0-20
Daejeon/대전,KR-30,Daedeok-gu/대덕구,KR-30-0,Seokbong-dong/석봉동,KR-30-0-21
Daejeon/대전,KR-30,Daedeok-gu/대덕구,KR-30-0,Sindae-dong/신대동,KR-30-0-22
Daejeon/대전,KR-30,Daedeok-gu/대덕구,KR-30-0,Sinil-dong/신일동,KR-30-0-23
Daejeon/대전,KR-30,Daedeok-gu/대덕구,KR-30-0,Sintanjin-dong/신탄진동,KR-30-0-24
Daejeon/대전,KR-30,Daedeok-gu/대덕구,KR-30-0,Songchon-dong/송촌동,KR-30-0-25
Daejeon/대전,KR-30,Daedeok-gu/대덕구,KR-30-0,Wa-dong/와동,KR-30-0-26
Daejeon/대전,KR-30,Daedeok-gu/대덕구,KR-30-0,Yeonchuk-dong/연축동,KR-30-0-27
Daejeon/대전,KR-30,Daedeok-gu/대덕구,KR-30-0,Yongho-dong/용호동,KR-30-0-28
Daejeon/대전,KR-30,Dong-gu/동구,KR-30-1,Baegan-dong/백안동,KR-30-1-0
Daejeon/대전,KR-30,Dong-gu/동구,KR-30-1,Bangchon-dong/방촌동,KR-30-1-1
Daejeon/대전,KR-30,Dong-gu/동구,KR-30-1,Bangeo-dong/방어동,KR-30-1-2
Daejeon/대전,KR-30,Dong-gu/동구,KR-30-1,Beomil-dong/범일동,KR-30-1-3
Daejeon/대전,KR-30,Dong-gu/동구,KR-30-1,Beomir 1(il)-dong/범일1동,KR-30-1-4
Daejeon/대전,KR-30,Dong-gu/동구,KR-30-1,Beomir 2(i)-dong/범일2동,KR-30-1-5
Daejeon/대전,KR-30,Dong-gu/동구,KR-30-1,Beomir 4(sa)-dong/범일4동,KR-30-1-6
Daejeon/대전,KR-30,Dong-gu/동구,KR-30-1,Beomir 5(o)-dong/범일5동,KR-30-1-7
Daejeon/대전,KR-30,Dong-gu/동구,KR-30-1,Biryong-dong/비룡동,KR-30-1-8
Daejeon/대전,KR-30,Dong-gu/동구,KR-30-1,Bongmu-dong/봉무동,KR-30-1-9
Daejeon/대전,KR-30,Dong-gu/동구,KR-30-1,Bu-dong/부동,KR-30-1-10
Daejeon/대전,KR-30,Dong-gu/동구,KR-30-1,Bullo-dong/불로동,KR-30-1-11
Daejeon/대전,KR-30,Dong-gu/동구,KR-30-1,Bullo-dong/불로동,KR-30-1-11
Daejeon/대전,KR-30,Dong-gu/동구,KR-30-1,Changyeong-dong/창영동,KR-30-1-12
Daejeon/대전,KR-30,Dong-gu/동구,KR-30-1,Cheon-dong/천동,KR-30-1-13
Daejeon/대전,KR-30,Dong-gu/동구,KR-30-1,Choryang 1(il)-dong/초량1동,KR-30-1-14
Daejeon/대전,KR-30,Dong-gu/동구,KR-30-1,Choryang 2(i)-dong/초량2동,KR-30-1-15
Daejeon/대전,KR-30,Dong-gu/동구,KR-30-1,Choryang 3(sam)-dong/초량3동,KR-30-1-16
Daejeon/대전,KR-30,Dong-gu/동구,KR-30-1,Choryang 6(yuk)-dong/초량6동,KR-30-1-17
Daejeon/대전,KR-30,Dong-gu/동구,KR-30-1,Choryang-dong/초량동,KR-30-1-18
Daejeon/대전,KR-30,Dong-gu/동구,KR-30-1,Chu-dong/추동,KR-30-1-19
Daejeon/대전,KR-30,Dong-gu/동구,KR-30-1,Chungjangro 1(il)-ga/충장로1가,KR-30-1-20
Daejeon/대전,KR-30,Dong-gu/동구,KR-30-1,Chungjangro 2(i)-ga/충장로2가,KR-30-1-21
Daejeon/대전,KR-30,Dong-gu/동구,KR-30-1,Chungjangro 3(sam)-ga/충장로3가,KR-30-1-22
Daejeon/대전,KR-30,Dong-gu/동구,KR-30-1,Chungjangro 4(sa)-ga/충장로4가,KR-30-1-23
Daejeon/대전,KR-30,Dong-gu/동구,KR-30-1,Chungjangro 5(o)-ga/충장로5가,KR-30-1-24
Daejeon/대전,KR-30,Dong-gu/동구,KR-30-1,Dae 1(il)-dong/대1동,KR-30-1-25
Daejeon/대전,KR-30,Dong-gu/동구,KR-30-1,Dae 2(i)-dong/대2동,KR-30-1-26
Daejeon/대전,KR-30,Dong-gu/동구,KR-30-1,Daebyeol-dong/대별동,KR-30-1-27
Daejeon/대전,KR-30,Dong-gu/동구,KR-30-1,Dae-dong/대동,KR-30-1-28
Daejeon/대전,KR-30,Dong-gu/동구,KR-30-1,Daein-dong/대인동,KR-30-1-29
Daejeon/대전,KR-30,Dong-gu/동구,KR-30-1,Daejeonucheguksaseoham/대전우체국사서함,KR-30-1-30
Daejeon/대전,KR-30,Dong-gu/동구,KR-30-1,Daerim-dong/대림동,KR-30-1-31
Daejeon/대전,KR-30,Dong-gu/동구,KR-30-1,Daeseong-dong/대성동,KR-30-1-32
Daejeon/대전,KR-30,Dong-gu/동구,KR-30-1,Daesong-dong/대송동,KR-30-1-33
Daejeon/대전,KR-30,Dong-gu/동구,KR-30-1,Daeui-dong/대의동,KR-30-1-34
Daejeon/대전,KR-30,Dong-gu/동구,KR-30-1,Deokgok-dong/덕곡동,KR-30-1-35
Daejeon/대전,KR-30,Dong-gu/동구,KR-30-1,Do-dong/도동,KR-30-1-36
Daejeon/대전,KR-30,Dong-gu/동구,KR-30-1,Dohak-dong/도학동,KR-30-1-37
Daejeon/대전,KR-30,Dong-gu/동구,KR-30-1,Dongbu-dong/동부동,KR-30-1-38
Daejeon/대전,KR-30,Dong-gu/동구,KR-30-1,Dongbusanucheguksaseoham/동부산우체국사서함,KR-30-1-39
Daejeon/대전,KR-30,Dong-gu/동구,KR-30-1,Dongdaeguucheguksaseoham/동대구우체국사서함,KR-30-1-40
Daejeon/대전,KR-30,Dong-gu/동구,KR-30-1,Dongho-dong/동호동,KR-30-1-41
Daejeon/대전,KR-30,Dong-gu/동구,KR-30-1,Dongmyeong-dong/동명동,KR-30-1-42
Daejeon/대전,KR-30,Dong-gu/동구,KR-30-1,Dongnae-dong/동내동,KR-30-1-43
Daejeon/대전,KR-30,Dong-gu/동구,KR-30-1,Dongulsanucheguksaseoham/동울산우체국사서함,KR-30-1-44
Daejeon/대전,KR-30,Dong-gu/동구,KR-30-1,Dunsan-dong/둔산동,KR-30-1-45
Daejeon/대전,KR-30,Dong-gu/동구,KR-30-1,Gaksan-dong/각산동,KR-30-1-46
Daejeon/대전,KR-30,Dong-gu/동구,KR-30-1,Gao-dong/가오동,KR-30-1-47
Daejeon/대전,KR-30,Dong-gu/동구,KR-30-1,Gayang 1(il)-dong/가양1동,KR-30-1-48
Daejeon/대전,KR-30,Dong-gu/동구,KR-30-1,Gayang 2(i)-dong/가양2동,KR-30-1-49
Daejeon/대전,KR-30,Dong-gu/동구,KR-30-1,Gayang-dong/가양동,KR-30-1-50
Daejeon/대전,KR-30,Dong-gu/동구,KR-30-1,Geomsa-dong/검사동,KR-30-1-51
Daejeon/대전,KR-30,Dong-gu/동구,KR-30-1,Geum-dong/금동,KR-30-1-52
Daejeon/대전,KR-30,Dong-gu/동구,KR-30-1,Geumgang-dong/금강동,KR-30-1-53
Daejeon/대전,KR-30,Dong-gu/동구,KR-30-1,Geumgok-dong/금곡동,KR-30-1-54
Daejeon/대전,KR-30,Dong-gu/동구,KR-30-1,Geumnamro 1(il)-ga/금남로1가,KR-30-1-55
Daejeon/대전,KR-30,Dong-gu/동구,KR-30-1,Geumnamro 2(i)-ga/금남로2가,KR-30-1-56
Daejeon/대전,KR-30,Dong-gu/동구,KR-30-1,Geumnamro 3(sam)-ga/금남로3가,KR-30-1-57
Daejeon/대전,KR-30,Dong-gu/동구,KR-30-1,Geumnamro 4(sa)-ga/금남로4가,KR-30-1-58
Daejeon/대전,KR-30,Dong-gu/동구,KR-30-1,Geumnamro 5(o)-ga/금남로5가,KR-30-1-59
Daejeon/대전,KR-30,Dong-gu/동구,KR-30-1,Goejeon-dong/괴전동,KR-30-1-60
Daejeon/대전,KR-30,Dong-gu/동구,KR-30-1,Gudo-dong/구도동,KR-30-1-61
Daejeon/대전,KR-30,Dong-gu/동구,KR-30-1,Gung-dong/궁동,KR-30-1-62
Daejeon/대전,KR-30,Dong-gu/동구,KR-30-1,Gwangjuucheguksaseoham/광주우체국사서함,KR-30-1-63
Daejeon/대전,KR-30,Dong-gu/동구,KR-30-1,Gwangsan-dong/광산동,KR-30-1-64
Daejeon/대전,KR-30,Dong-gu/동구,KR-30-1,Gyerim 1(il)-dong/계림1동,KR-30-1-65
Daejeon/대전,KR-30,Dong-gu/동구,KR-30-1,Gyerim 2(i)-dong/계림2동,KR-30-1-66
Daejeon/대전,KR-30,Dong-gu/동구,KR-30-1,Gyerim-dong/계림동,KR-30-1-67
Daejeon/대전,KR-30,Dong-gu/동구,KR-30-1,Hak-dong/학동,KR-30-1-68
Daejeon/대전,KR-30,Dong-gu/동구,KR-30-1,Haso-dong/하소동,KR-30-1-69
Daejeon/대전,KR-30,Dong-gu/동구,KR-30-1,Honam-dong/호남동,KR-30-1-70
Daejeon/대전,KR-30,Dong-gu/동구,KR-30-1,Hongdo-dong/홍도동,KR-30-1-71
Daejeon/대전,KR-30,Dong-gu/동구,KR-30-1,Hwajeong-dong/화정동,KR-30-1-72
Daejeon/대전,KR-30,Dong-gu/동구,KR-30-1,Hwanggeum-dong/황금동,KR-30-1-73
Daejeon/대전,KR-30,Dong-gu/동구,KR-30-1,Hwapyeong-dong/화평동,KR-30-1-74
Daejeon/대전,KR-30,Dong-gu/동구,KR-30-1,Hwasu 1(il)-dong/화수1동,KR-30-1-75
Daejeon/대전,KR-30,Dong-gu/동구,KR-30-1,Hwasu 2(i)-dong/화수2동,KR-30-1-76
Daejeon/대전,KR-30,Dong-gu/동구,KR-30-1,Hwasu-dong/화수동,KR-30-1-77
Daejeon/대전,KR-30,Dong-gu/동구,KR-30-1,Hyo-dong/효동,KR-30-1-78
Daejeon/대전,KR-30,Dong-gu/동구,KR-30-1,Hyomog 1(il)-dong/효목1동,KR-30-1-79
Daejeon/대전,KR-30,Dong-gu/동구,KR-30-1,Hyomog 2(i)-dong/효목2동,KR-30-1-80
Daejeon/대전,KR-30,Dong-gu/동구,KR-30-1,Hyomok-dong/효목동,KR-30-1-81
Daejeon/대전,KR-30,Dong-gu/동구,KR-30-1,Hyopyeong-dong/효평동,KR-30-1-82
Daejeon/대전,KR-30,Dong-gu/동구,KR-30-1,Ilsan-dong/일산동,KR-30-1-83
Daejeon/대전,KR-30,Dong-gu/동구,KR-30-1,In-dong/인동,KR-30-1-84
Daejeon/대전,KR-30,Dong-gu/동구,KR-30-1,Ipseok-dong/입석동,KR-30-1-85
Daejeon/대전,KR-30,Dong-gu/동구,KR-30-1,Isa-dong/이사동,KR-30-1-86
Daejeon/대전,KR-30,Dong-gu/동구,KR-30-1,Jangcheok-dong/장척동,KR-30-1-87
Daejeon/대전,KR-30,Dong-gu/동구,KR-30-1,Jang-dong/장동,KR-30-1-88
Daejeon/대전,KR-30,Dong-gu/동구,KR-30-1,Jayang-dong/자양동,KR-30-1-89
Daejeon/대전,KR-30,Dong-gu/동구,KR-30-1,Jeong-dong/정동,KR-30-1-90
Daejeon/대전,KR-30,Dong-gu/동구,KR-30-1,Jeonha 1(il)-dong/전하1동,KR-30-1-91
Daejeon/대전,KR-30,Dong-gu/동구,KR-30-1,Jeonha 2(i)-dong/전하2동,KR-30-1-92
Daejeon/대전,KR-30,Dong-gu/동구,KR-30-1,Jeonha-dong/전하동,KR-30-1-93
Daejeon/대전,KR-30,Dong-gu/동구,KR-30-1,Jijeo-dong/지저동,KR-30-1-94
Daejeon/대전,KR-30,Dong-gu/동구,KR-30-1,Jik-dong/직동,KR-30-1-95
Daejeon/대전,KR-30,Dong-gu/동구,KR-30-1,Jimyo-dong/지묘동,KR-30-1-96
Daejeon/대전,KR-30,Dong-gu/동구,KR-30-1,Jinin-dong/진인동,KR-30-1-97
Daejeon/대전,KR-30,Dong-gu/동구,KR-30-1,Jisan 1(il)-dong/지산1동,KR-30-1-98
Daejeon/대전,KR-30,Dong-gu/동구,KR-30-1,Jisan 2(i)-dong/지산2동,KR-30-1-99
Daejeon/대전,KR-30,Dong-gu/동구,KR-30-1,Jisan-dong/지산동,KR-30-1-100
Daejeon/대전,KR-30,Dong-gu/동구,KR-30-1,Juchon-dong/주촌동,KR-30-1-101
Daejeon/대전,KR-30,Dong-gu/동구,KR-30-1,Jujeon-dong/주전동,KR-30-1-102
Daejeon/대전,KR-30,Dong-gu/동구,KR-30-1,Jungdae-dong/중대동,KR-30-1-103
Daejeon/대전,KR-30,Dong-gu/동구,KR-30-1,Jung-dong/중동,KR-30-1-104
Daejeon/대전,KR-30,Dong-gu/동구,KR-30-1,Jusan-dong/주산동,KR-30-1-105
Daejeon/대전,KR-30,Dong-gu/동구,KR-30-1,Jwacheon 1(il)-dong/좌천1동,KR-30-1-106
Daejeon/대전,KR-30,Dong-gu/동구,KR-30-1,Jwacheon 4(sa)-dong/좌천4동,KR-30-1-107
Daejeon/대전,KR-30,Dong-gu/동구,KR-30-1,Jwacheon-dong/좌천동,KR-30-1-108
Daejeon/대전,KR-30,Dong-gu/동구,KR-30-1,Maeyeo-dong/매여동,KR-30-1-109
Daejeon/대전,KR-30,Dong-gu/동구,KR-30-1,Manseok-dong/만석동,KR-30-1-110
Daejeon/대전,KR-30,Dong-gu/동구,KR-30-1,Masan-dong/마산동,KR-30-1-111
Daejeon/대전,KR-30,Dong-gu/동구,KR-30-1,Midae-dong/미대동,KR-30-1-112
Daejeon/대전,KR-30,Dong-gu/동구,KR-30-1,Migok-dong/미곡동,KR-30-1-113
Daejeon/대전,KR-30,Dong-gu/동구,KR-30-1,Nae-dong/내동,KR-30-1-114
Daejeon/대전,KR-30,Dong-gu/동구,KR-30-1,Naegok-dong/내곡동,KR-30-1-115
Daejeon/대전,KR-30,Dong-gu/동구,KR-30-1,Naenam-dong/내남동,KR-30-1-116
Daejeon/대전,KR-30,Dong-gu/동구,KR-30-1,Naetap-dong/내탑동,KR-30-1-117
Daejeon/대전,KR-30,Dong-gu/동구,KR-30-1,Nam-dong/남동,KR-30-1-118
Daejeon/대전,KR-30,Dong-gu/동구,KR-30-1,Nangwol-dong/낭월동,KR-30-1-119
Daejeon/대전,KR-30,Dong-gu/동구,KR-30-1,Neungseong-dong/능성동,KR-30-1-120
Daejeon/대전,KR-30,Dong-gu/동구,KR-30-1,O-dong/오동,KR-30-1-121
Daejeon/대전,KR-30,Dong-gu/동구,KR-30-1,Panam 1(il)-dong/판암1동,KR-30-1-122
Daejeon/대전,KR-30,Dong-gu/동구,KR-30-1,Panam 2(i)-dong/판암2동,KR-30-1-123
Daejeon/대전,KR-30,Dong-gu/동구,KR-30-1,Panam-dong/판암동,KR-30-1-124
Daejeon/대전,KR-30,Dong-gu/동구,KR-30-1,Pyeonggwang-dong/평광동,KR-30-1-125
Daejeon/대전,KR-30,Dong-gu/동구,KR-30-1,Sabok-dong/사복동,KR-30-1-126
Daejeon/대전,KR-30,Dong-gu/동구,KR-30-1,Samgoe-dong/삼괴동,KR-30-1-127
Daejeon/대전,KR-30,Dong-gu/동구,KR-30-1,Samjeong-dong/삼정동,KR-30-1-128
Daejeon/대전,KR-30,Dong-gu/동구,KR-30-1,Samseong-dong/삼성동,KR-30-1-129
Daejeon/대전,KR-30,Dong-gu/동구,KR-30-1,Sangmae-dong/상매동,KR-30-1-130
Daejeon/대전,KR-30,Dong-gu/동구,KR-30-1,Sangso-dong/상소동,KR-30-1-131
Daejeon/대전,KR-30,Dong-gu/동구,KR-30-1,Sansu 1(il)-dong/산수1동,KR-30-1-132
Daejeon/대전,KR-30,Dong-gu/동구,KR-30-1,Sansu 2(i)-dong/산수2동,KR-30-1-133
Daejeon/대전,KR-30,Dong-gu/동구,KR-30-1,Sansu-dong/산수동,KR-30-1-134
Daejeon/대전,KR-30,Dong-gu/동구,KR-30-1,Saseong-dong/사성동,KR-30-1-135
Daejeon/대전,KR-30,Dong-gu/동구,KR-30-1,Secheon-dong/세천동,KR-30-1-136
Daejeon/대전,KR-30,Dong-gu/동구,KR-30-1,Seobu-dong/서부동,KR-30-1-137
Daejeon/대전,KR-30,Dong-gu/동구,KR-30-1,Seoho-dong/서호동,KR-30-1-138
Daejeon/대전,KR-30,Dong-gu/동구,KR-30-1,Seongnam-dong/성남동,KR-30-1-139
Daejeon/대전,KR-30,Dong-gu/동구,KR-30-1,Seongyo-dong/선교동,KR-30-1-140
Daejeon/대전,KR-30,Dong-gu/동구,KR-30-1,Seoseok-dong/서석동,KR-30-1-141
Daejeon/대전,KR-30,Dong-gu/동구,KR-30-1,Sinam 1(il)-dong/신암1동,KR-30-1-142
Daejeon/대전,KR-30,Dong-gu/동구,KR-30-1,Sinam 2(i)-dong/신암2동,KR-30-1-143
Daejeon/대전,KR-30,Dong-gu/동구,KR-30-1,Sinam 3(sam)-dong/신암3동,KR-30-1-144
Daejeon/대전,KR-30,Dong-gu/동구,KR-30-1,Sinam 4(sa)-dong/신암4동,KR-30-1-145
Daejeon/대전,KR-30,Dong-gu/동구,KR-30-1,Sinam 5(o)-dong/신암5동,KR-30-1-146
Daejeon/대전,KR-30,Dong-gu/동구,KR-30-1,Sinam-dong/신암동,KR-30-1-147
Daejeon/대전,KR-30,Dong-gu/동구,KR-30-1,Sinan-dong/신안동,KR-30-1-148
Daejeon/대전,KR-30,Dong-gu/동구,KR-30-1,Sincheon 2(i)-dong/신천1.2동,KR-30-1-149
Daejeon/대전,KR-30,Dong-gu/동구,KR-30-1,Sincheon 3(sam)-dong/신천3동,KR-30-1-150
Daejeon/대전,KR-30,Dong-gu/동구,KR-30-1,Sincheon 4(sa)-dong/신천4동,KR-30-1-151
Daejeon/대전,KR-30,Dong-gu/동구,KR-30-1,Sincheon-dong/신천동,KR-30-1-152
Daejeon/대전,KR-30,Dong-gu/동구,KR-30-1,Sinchon-dong/신촌동,KR-30-1-153
Daejeon/대전,KR-30,Dong-gu/동구,KR-30-1,Singi-dong/신기동,KR-30-1-154
Daejeon/대전,KR-30,Dong-gu/동구,KR-30-1,Sinha-dong/신하동,KR-30-1-155
Daejeon/대전,KR-30,Dong-gu/동구,KR-30-1,Sinheung-dong/신흥동,KR-30-1-156
Daejeon/대전,KR-30,Dong-gu/동구,KR-30-1,Sinmu-dong/신무동,KR-30-1-157
Daejeon/대전,KR-30,Dong-gu/동구,KR-30-1,Sinpyeong-dong/신평동,KR-30-1-158
Daejeon/대전,KR-30,Dong-gu/동구,KR-30-1,Sinsang-dong/신상동,KR-30-1-159
Daejeon/대전,KR-30,Dong-gu/동구,KR-30-1,Sinseo-dong/신서동,KR-30-1-160
Daejeon/대전,KR-30,Dong-gu/동구,KR-30-1,Sinyong-dong/신용동,KR-30-1-161
Daejeon/대전,KR-30,Dong-gu/동구,KR-30-1,Soho-dong/소호동,KR-30-1-162
Daejeon/대전,KR-30,Dong-gu/동구,KR-30-1,Soje-dong/소제동,KR-30-1-163
Daejeon/대전,KR-30,Dong-gu/동구,KR-30-1,Songhyeon 1(il)-dong/송현1동,KR-30-1-164
Daejeon/대전,KR-30,Dong-gu/동구,KR-30-1,Songhyeon 2(i)-dong/송현2동,KR-30-1-165
Daejeon/대전,KR-30,Dong-gu/동구,KR-30-1,Songhyeon 3(sam)-dong/송현3동,KR-30-1-166
Daejeon/대전,KR-30,Dong-gu/동구,KR-30-1,Songhyeon-dong/송현동,KR-30-1-167
Daejeon/대전,KR-30,Dong-gu/동구,KR-30-1,Songjeong-dong/송정동,KR-30-1-168
Daejeon/대전,KR-30,Dong-gu/동구,KR-30-1,Songrim 1(il)-dong/송림1동,KR-30-1-169
Daejeon/대전,KR-30,Dong-gu/동구,KR-30-1,Songrim 2(i)-dong/송림2동,KR-30-1-170
Daejeon/대전,KR-30,Dong-gu/동구,KR-30-1,Songrim 3(sam)-dong/송림3동,KR-30-1-171
Daejeon/대전,KR-30,Dong-gu/동구,KR-30-1,Songrim 4(sa)-dong/송림4동,KR-30-1-172
Daejeon/대전,KR-30,Dong-gu/동구,KR-30-1,Songrim 5(o)-dong/송림5동,KR-30-1-173
Daejeon/대전,KR-30,Dong-gu/동구,KR-30-1,Songrim 6(yuk)-dong/송림6동,KR-30-1-174
Daejeon/대전,KR-30,Dong-gu/동구,KR-30-1,Songrim-dong/송림동,KR-30-1-175
Daejeon/대전,KR-30,Dong-gu/동구,KR-30-1,Sotae-dong/소태동,KR-30-1-176
Daejeon/대전,KR-30,Dong-gu/동구,KR-30-1,Sugi-dong/수기동,KR-30-1-177
Daejeon/대전,KR-30,Dong-gu/동구,KR-30-1,Sujeong 1(il)-dong/수정1동,KR-30-1-178
Daejeon/대전,KR-30,Dong-gu/동구,KR-30-1,Sujeong 2(i)-dong/수정2동,KR-30-1-179
Daejeon/대전,KR-30,Dong-gu/동구,KR-30-1,Sujeong 4(sa)-dong/수정4동,KR-30-1-180
Daejeon/대전,KR-30,Dong-gu/동구,KR-30-1,Sujeong 5(o)-dong/수정5동,KR-30-1-181
Daejeon/대전,KR-30,Dong-gu/동구,KR-30-1,Sujeong-dong/수정동,KR-30-1-182
Daejeon/대전,KR-30,Dong-gu/동구,KR-30-1,Sukcheon-dong/숙천동,KR-30-1-183
Daejeon/대전,KR-30,Dong-gu/동구,KR-30-1,Unrim-dong/운림동,KR-30-1-184
Daejeon/대전,KR-30,Dong-gu/동구,KR-30-1,Wolnam-dong/월남동,KR-30-1-185
Daejeon/대전,KR-30,Dong-gu/동구,KR-30-1,Won-dong/원동,KR-30-1-186
Daejeon/대전,KR-30,Dong-gu/동구,KR-30-1,Yonggye-dong/용계동,KR-30-1-187
Daejeon/대전,KR-30,Dong-gu/동구,KR-30-1,Yonggye-dong/용계동,KR-30-1-187
Daejeon/대전,KR-30,Dong-gu/동구,KR-30-1,Yongjeon-dong/용전동,KR-30-1-188
Daejeon/대전,KR-30,Dong-gu/동구,KR-30-1,Yongsan-dong/용산동,KR-30-1-189
Daejeon/대전,KR-30,Dong-gu/동구,KR-30-1,Yongsu-dong/용수동,KR-30-1-190
Daejeon/대전,KR-30,Dong-gu/동구,KR-30-1,Yongun-dong/용운동,KR-30-1-191
Daejeon/대전,KR-30,Dong-gu/동구,KR-30-1,Yongyeon-dong/용연동,KR-30-1-192
Daejeon/대전,KR-30,Dong-gu/동구,KR-30-1,Yulha-dong/율하동,KR-30-1-193
Daejeon/대전,KR-30,Dong-gu/동구,KR-30-1,Yuram-dong/율암동,KR-30-1-194
Daejeon/대전,KR-30,Jung-gu/중구,KR-30-2,Anyeong-dong/안영동,KR-30-2-0
Daejeon/대전,KR-30,Jung-gu/중구,KR-30-2,Bangsan-dong/방산동,KR-30-2-1
Daejeon/대전,KR-30,Jung-gu/중구,KR-30-2,Bangu 1(il)-dong/반구1동,KR-30-2-2
Daejeon/대전,KR-30,Jung-gu/중구,KR-30-2,Bangu 2(i)-dong/반구2동,KR-30-2-3
Daejeon/대전,KR-30,Jung-gu/중구,KR-30-2,Bangu-dong/반구동,KR-30-2-4
Daejeon/대전,KR-30,Jung-gu/중구,KR-30-2,Boksan 1(il)-dong/복산1동,KR-30-2-5
Daejeon/대전,KR-30,Jung-gu/중구,KR-30-2,Boksan 2(i)-dong/복산2동,KR-30-2-6
Daejeon/대전,KR-30,Jung-gu/중구,KR-30-2,Boksan-dong/복산동,KR-30-2-7
Daejeon/대전,KR-30,Jung-gu/중구,KR-30-2,Bongraedong 1(il)-ga/봉래동1가,KR-30-2-8
Daejeon/대전,KR-30,Jung-gu/중구,KR-30-2,Bongraedong 2(i)-ga/봉래동2가,KR-30-2-9
Daejeon/대전,KR-30,Jung-gu/중구,KR-30-2,Bongsan-dong/봉산동,KR-30-2-10
Daejeon/대전,KR-30,Jung-gu/중구,KR-30-2,Bosudong 1(il)-ga/보수동1가,KR-30-2-11
Daejeon/대전,KR-30,Jung-gu/중구,KR-30-2,Bosudong 2(i)-ga/보수동2가,KR-30-2-12
Daejeon/대전,KR-30,Jung-gu/중구,KR-30-2,Bosudong 3(sam)-ga/보수동3가,KR-30-2-13
Daejeon/대전,KR-30,Jung-gu/중구,KR-30-2,Bosu-dong/보수동,KR-30-2-14
Daejeon/대전,KR-30,Jung-gu/중구,KR-30-2,Bukchang-dong/북창동,KR-30-2-15
Daejeon/대전,KR-30,Jung-gu/중구,KR-30-2,Bukjeong-dong/북정동,KR-30-2-16
Daejeon/대전,KR-30,Jung-gu/중구,KR-30-2,Buknae-dong/북내동,KR-30-2-17
Daejeon/대전,KR-30,Jung-gu/중구,KR-30-2,Bukseongdong 1(il)-ga/북성동1가,KR-30-2-18
Daejeon/대전,KR-30,Jung-gu/중구,KR-30-2,Bukseongdong 2(i)-ga/북성동2가,KR-30-2-19
Daejeon/대전,KR-30,Jung-gu/중구,KR-30-2,Bukseongdong 3(sam)-ga/북성동3가,KR-30-2-20
Daejeon/대전,KR-30,Jung-gu/중구,KR-30-2,Bukseongro 1(il)-ga/북성로1가,KR-30-2-21
Daejeon/대전,KR-30,Jung-gu/중구,KR-30-2,Bukseongro 2(i)-ga/북성로2가,KR-30-2-22
Daejeon/대전,KR-30,Jung-gu/중구,KR-30-2,Bupyeongdong 1(il)-ga/부평동1가,KR-30-2-23
Daejeon/대전,KR-30,Jung-gu/중구,KR-30-2,Bupyeongdong 2(i)-ga/부평동2가,KR-30-2-24
Daejeon/대전,KR-30,Jung-gu/중구,KR-30-2,Bupyeongdong 3(sam)-ga/부평동3가,KR-30-2-25
Daejeon/대전,KR-30,Jung-gu/중구,KR-30-2,Bupyeongdong 4(sa)-ga/부평동4가,KR-30-2-26
Daejeon/대전,KR-30,Jung-gu/중구,KR-30-2,Bupyeong-dong/부평동,KR-30-2-27
Daejeon/대전,KR-30,Jung-gu/중구,KR-30-2,Busa-dong/부사동,KR-30-2-28
Daejeon/대전,KR-30,Jung-gu/중구,KR-30-2,Busanucheguksaseoham/부산우체국사서함,KR-30-2-29
Daejeon/대전,KR-30,Jung-gu/중구,KR-30-2,Changseondong 1(il)-ga/창선동1가,KR-30-2-30
Daejeon/대전,KR-30,Jung-gu/중구,KR-30-2,Changseondong 2(i)-ga/창선동2가,KR-30-2-31
Daejeon/대전,KR-30,Jung-gu/중구,KR-30-2,Changseon-dong/창선동,KR-30-2-32
Daejeon/대전,KR-30,Jung-gu/중구,KR-30-2,Chimsan-dong/침산동,KR-30-2-33
Daejeon/대전,KR-30,Jung-gu/중구,KR-30-2,Cho-dong/초동,KR-30-2-34
Daejeon/대전,KR-30,Jung-gu/중구,KR-30-2,Chungjeongro 1(il)-ga/충정로1가,KR-30-2-35
Daejeon/대전,KR-30,Jung-gu/중구,KR-30-2,Chungmuro 1(il)-ga/충무로1가,KR-30-2-36
Daejeon/대전,KR-30,Jung-gu/중구,KR-30-2,Chungmuro 2(i)-ga/충무로2가,KR-30-2-37
Daejeon/대전,KR-30,Jung-gu/중구,KR-30-2,Chungmuro 3(sam)-ga/충무로3가,KR-30-2-38
Daejeon/대전,KR-30,Jung-gu/중구,KR-30-2,Chungmuro 4(sa)-ga/충무로4가,KR-30-2-39
Daejeon/대전,KR-30,Jung-gu/중구,KR-30-2,Chungmuro 5(o)-ga/충무로5가,KR-30-2-40
Daejeon/대전,KR-30,Jung-gu/중구,KR-30-2,Da-dong/다동,KR-30-2-41
Daejeon/대전,KR-30,Jung-gu/중구,KR-30-2,Daean-dong/대안동,KR-30-2-42
Daejeon/대전,KR-30,Jung-gu/중구,KR-30-2,Daebong 1(il)-dong/대봉1동,KR-30-2-43
Daejeon/대전,KR-30,Jung-gu/중구,KR-30-2,Daebong 2(i)-dong/대봉2동,KR-30-2-44
Daejeon/대전,KR-30,Jung-gu/중구,KR-30-2,Daebong-dong/대봉동,KR-30-2-45
Daejeon/대전,KR-30,Jung-gu/중구,KR-30-2,Daechangdong 1(il)-ga/대창동1가,KR-30-2-46
Daejeon/대전,KR-30,Jung-gu/중구,KR-30-2,Daechangdong 2(i)-ga/대창동2가,KR-30-2-47
Daejeon/대전,KR-30,Jung-gu/중구,KR-30-2,Daechang-dong/대창동,KR-30-2-48
Daejeon/대전,KR-30,Jung-gu/중구,KR-30-2,Daecheongdong 1(il)-ga/대청동1가,KR-30-2-49
Daejeon/대전,KR-30,Jung-gu/중구,KR-30-2,Daecheongdong 2(i)-ga/대청동2가,KR-30-2-50
Daejeon/대전,KR-30,Jung-gu/중구,KR-30-2,Daecheongdong 3(sam)-ga/대청동3가,KR-30-2-51
Daejeon/대전,KR-30,Jung-gu/중구,KR-30-2,Daecheongdong 4(sa)-ga/대청동4가,KR-30-2-52
Daejeon/대전,KR-30,Jung-gu/중구,KR-30-2,Daecheong-dong/대청동,KR-30-2-53
Daejeon/대전,KR-30,Jung-gu/중구,KR-30-2,Daeguucheguksaseoham/대구우체국사서함,KR-30-2-54
Daejeon/대전,KR-30,Jung-gu/중구,KR-30-2,Daeheung-dong/대흥동,KR-30-2-55
Daejeon/대전,KR-30,Jung-gu/중구,KR-30-2,Daesa-dong/대사동,KR-30-2-56
Daejeon/대전,KR-30,Jung-gu/중구,KR-30-2,Daesin-dong/대신동,KR-30-2-57
Daejeon/대전,KR-30,Jung-gu/중구,KR-30-2,Dalseong-dong/달성동,KR-30-2-58
Daejeon/대전,KR-30,Jung-gu/중구,KR-30-2,Dap-dong/답동,KR-30-2-59
Daejeon/대전,KR-30,Jung-gu/중구,KR-30-2,Daun-dong/다운동,KR-30-2-60
Daejeon/대전,KR-30,Jung-gu/중구,KR-30-2,Deokgyo-dong/덕교동,KR-30-2-61
Daejeon/대전,KR-30,Jung-gu/중구,KR-30-2,Deoksan-dong/덕산동,KR-30-2-62
Daejeon/대전,KR-30,Jung-gu/중구,KR-30-2,Dong-dong/동동,KR-30-2-63
Daejeon/대전,KR-30,Jung-gu/중구,KR-30-2,Donggwangdong 1(il)-ga/동광동1가,KR-30-2-64
Daejeon/대전,KR-30,Jung-gu/중구,KR-30-2,Donggwangdong 2(i)-ga/동광동2가,KR-30-2-65
Daejeon/대전,KR-30,Jung-gu/중구,KR-30-2,Donggwangdong 3(sam)-ga/동광동3가,KR-30-2-66
Daejeon/대전,KR-30,Jung-gu/중구,KR-30-2,Donggwangdong 4(sa)-ga/동광동4가,KR-30-2-67
Daejeon/대전,KR-30,Jung-gu/중구,KR-30-2,Donggwangdong 5(o)-ga/동광동5가,KR-30-2-68
Daejeon/대전,KR-30,Jung-gu/중구,KR-30-2,Donggwang-dong/동광동,KR-30-2-69
Daejeon/대전,KR-30,Jung-gu/중구,KR-30-2,Dongil-dong/동일동,KR-30-2-70
Daejeon/대전,KR-30,Jung-gu/중구,KR-30-2,Dongindong 1(il)-ga/동인동1가,KR-30-2-71
Daejeon/대전,KR-30,Jung-gu/중구,KR-30-2,Dongindong 2(i)-ga/동인동2가,KR-30-2-72
Daejeon/대전,KR-30,Jung-gu/중구,KR-30-2,Dongindong 3(sam)-ga/동인동3가,KR-30-2-73
Daejeon/대전,KR-30,Jung-gu/중구,KR-30-2,Dongindong 4(sa)-ga/동인동4가,KR-30-2-74
Daejeon/대전,KR-30,Jung-gu/중구,KR-30-2,Dongmun-dong/동문동,KR-30-2-75
Daejeon/대전,KR-30,Jung-gu/중구,KR-30-2,Dongsan-dong/동산동,KR-30-2-76
Daejeon/대전,KR-30,Jung-gu/중구,KR-30-2,Dongseongro 1(il)-ga/동성로1가,KR-30-2-77
Daejeon/대전,KR-30,Jung-gu/중구,KR-30-2,Dongseongro 2(i)-ga/동성로2가,KR-30-2-78
Daejeon/대전,KR-30,Jung-gu/중구,KR-30-2,Dongseongro 3(sam)-ga/동성로3가,KR-30-2-79
Daejeon/대전,KR-30,Jung-gu/중구,KR-30-2,Dowon-dong/도원동,KR-30-2-80
Daejeon/대전,KR-30,Jung-gu/중구,KR-30-2,Dowon-dong/도원동,KR-30-2-80
Daejeon/대전,KR-30,Jung-gu/중구,KR-30-2,Eonam-dong/어남동,KR-30-2-81
Daejeon/대전,KR-30,Jung-gu/중구,KR-30-2,Euljiro 1(il)-ga/을지로1가,KR-30-2-82
Daejeon/대전,KR-30,Jung-gu/중구,KR-30-2,Euljiro 2(i)-ga/을지로2가,KR-30-2-83
Daejeon/대전,KR-30,Jung-gu/중구,KR-30-2,Euljiro 3(sam)-ga/을지로3가,KR-30-2-84
Daejeon/대전,KR-30,Jung-gu/중구,KR-30-2,Euljiro 4(sa)-ga/을지로4가,KR-30-2-85
Daejeon/대전,KR-30,Jung-gu/중구,KR-30-2,Euljiro 5(o)-ga/을지로5가,KR-30-2-86
Daejeon/대전,KR-30,Jung-gu/중구,KR-30-2,Euljiro 6(yuk)-ga/을지로6가,KR-30-2-87
Daejeon/대전,KR-30,Jung-gu/중구,KR-30-2,Euljiro 7(chil)-ga/을지로7가,KR-30-2-88
Daejeon/대전,KR-30,Jung-gu/중구,KR-30-2,Eunhaeng-dong/은행동,KR-30-2-89
Daejeon/대전,KR-30,Jung-gu/중구,KR-30-2,Eurwang-dong/을왕동,KR-30-2-90
Daejeon/대전,KR-30,Jung-gu/중구,KR-30-2,Geum-dong/금동,KR-30-2-91
Daejeon/대전,KR-30,Jung-gu/중구,KR-30-2,Gongpyeong-dong/공평동,KR-30-2-92
Daejeon/대전,KR-30,Jung-gu/중구,KR-30-2,Guwan-dong/구완동,KR-30-2-93
Daejeon/대전,KR-30,Jung-gu/중구,KR-30-2,Gwandong 1(il)-ga/관동1가,KR-30-2-94
Daejeon/대전,KR-30,Jung-gu/중구,KR-30-2,Gwandong 2(i)-ga/관동2가,KR-30-2-95
Daejeon/대전,KR-30,Jung-gu/중구,KR-30-2,Gwandong 3(sam)-ga/관동3가,KR-30-2-96
Daejeon/대전,KR-30,Jung-gu/중구,KR-30-2,Gwangbokdong 1(il)-ga/광복동1가,KR-30-2-97
Daejeon/대전,KR-30,Jung-gu/중구,KR-30-2,Gwangbokdong 2(i)-ga/광복동2가,KR-30-2-98
Daejeon/대전,KR-30,Jung-gu/중구,KR-30-2,Gwangbokdong 3(sam)-ga/광복동3가,KR-30-2-99
Daejeon/대전,KR-30,Jung-gu/중구,KR-30-2,Gwangbok-dong/광복동,KR-30-2-100
Daejeon/대전,KR-30,Jung-gu/중구,KR-30-2,Gwanghuidong 1(il)-ga/광희동1가,KR-30-2-101
Daejeon/대전,KR-30,Jung-gu/중구,KR-30-2,Gwanghuidong 2(i)-ga/광희동2가,KR-30-2-102
Daejeon/대전,KR-30,Jung-gu/중구,KR-30-2,Gyeong-dong/경동,KR-30-2-103
Daejeon/대전,KR-30,Jung-gu/중구,KR-30-2,Gyesandong 1(il)-ga/계산동1가,KR-30-2-104
Daejeon/대전,KR-30,Jung-gu/중구,KR-30-2,Gyesandong 2(i)-ga/계산동2가,KR-30-2-105
Daejeon/대전,KR-30,Jung-gu/중구,KR-30-2,Gyo-dong/교동,KR-30-2-106
Daejeon/대전,KR-30,Jung-gu/중구,KR-30-2,Gyo-dong/교동,KR-30-2-106
Daejeon/대전,KR-30,Jung-gu/중구,KR-30-2,Haeandong 1(il)-ga/해안동1가,KR-30-2-107
Daejeon/대전,KR-30,Jung-gu/중구,KR-30-2,Haeandong 2(i)-ga/해안동2가,KR-30-2-108
Daejeon/대전,KR-30,Jung-gu/중구,KR-30-2,Haeandong 3(sam)-ga/해안동3가,KR-30-2-109
Daejeon/대전,KR-30,Jung-gu/중구,KR-30-2,Haeandong 4(sa)-ga/해안동4가,KR-30-2-110
Daejeon/대전,KR-30,Jung-gu/중구,KR-30-2,Haksan-dong/학산동,KR-30-2-111
Daejeon/대전,KR-30,Jung-gu/중구,KR-30-2,Hakseong-dong/학성동,KR-30-2-112
Daejeon/대전,KR-30,Jung-gu/중구,KR-30-2,Hangdong 1(il)-ga/항동1가,KR-30-2-113
Daejeon/대전,KR-30,Jung-gu/중구,KR-30-2,Hangdong 2(i)-ga/항동2가,KR-30-2-114
Daejeon/대전,KR-30,Jung-gu/중구,KR-30-2,Hangdong 3(sam)-ga/항동3가,KR-30-2-115
Daejeon/대전,KR-30,Jung-gu/중구,KR-30-2,Hangdong 4(sa)-ga/항동4가,KR-30-2-116
Daejeon/대전,KR-30,Jung-gu/중구,KR-30-2,Hangdong 5(o)-ga/항동5가,KR-30-2-117
Daejeon/대전,KR-30,Jung-gu/중구,KR-30-2,Hangdong 6(yuk)-ga/항동6가,KR-30-2-118
Daejeon/대전,KR-30,Jung-gu/중구,KR-30-2,Hangdong 7(chil)-ga/항동7가,KR-30-2-119
Daejeon/대전,KR-30,Jung-gu/중구,KR-30-2,Haseo-dong/하서동,KR-30-2-120
Daejeon/대전,KR-30,Jung-gu/중구,KR-30-2,Heungin-dong/흥인동,KR-30-2-121
Daejeon/대전,KR-30,Jung-gu/중구,KR-30-2,Ho-dong/호동,KR-30-2-122
Daejeon/대전,KR-30,Jung-gu/중구,KR-30-2,Hoehyeondong 1(il)-ga/회현동1가,KR-30-2-123
Daejeon/대전,KR-30,Jung-gu/중구,KR-30-2,Hoehyeondong 2(i)-ga/회현동2가,KR-30-2-124
Daejeon/대전,KR-30,Jung-gu/중구,KR-30-2,Hoehyeondong 3(sam)-ga/회현동3가,KR-30-2-125
Daejeon/대전,KR-30,Jung-gu/중구,KR-30-2,Hwajeon-dong/화전동,KR-30-2-126
Daejeon/대전,KR-30,Jung-gu/중구,KR-30-2,Hwanghak-dong/황학동,KR-30-2-127
Daejeon/대전,KR-30,Jung-gu/중구,KR-30-2,Hyangchon-dong/향촌동,KR-30-2-128
Daejeon/대전,KR-30,Jung-gu/중구,KR-30-2,Incheongonghangucheguksaseoham/인천공항우체국사서함,KR-30-2-129
Daejeon/대전,KR-30,Jung-gu/중구,KR-30-2,Ingyo-dong/인교동,KR-30-2-130
Daejeon/대전,KR-30,Jung-gu/중구,KR-30-2,Inhyeondong 1(il)-ga/인현동1가,KR-30-2-131
Daejeon/대전,KR-30,Jung-gu/중구,KR-30-2,Inhyeondong 2(i)-ga/인현동2가,KR-30-2-132
Daejeon/대전,KR-30,Jung-gu/중구,KR-30-2,Inhyeon-dong/인현동,KR-30-2-133
Daejeon/대전,KR-30,Jung-gu/중구,KR-30-2,Ipjeong-dong/입정동,KR-30-2-134
Daejeon/대전,KR-30,Jung-gu/중구,KR-30-2,Jangchungdong 1(il)-ga/장충동1가,KR-30-2-135
Daejeon/대전,KR-30,Jung-gu/중구,KR-30-2,Jangchungdong 2(i)-ga/장충동2가,KR-30-2-136
Daejeon/대전,KR-30,Jung-gu/중구,KR-30-2,Janggwan-dong/장관동,KR-30-2-137
Daejeon/대전,KR-30,Jung-gu/중구,KR-30-2,Janggyo-dong/장교동,KR-30-2-138
Daejeon/대전,KR-30,Jung-gu/중구,KR-30-2,Janghyeon-dong/장현동,KR-30-2-139
Daejeon/대전,KR-30,Jung-gu/중구,KR-30-2,Jeodong 1(il)-ga/저동1가,KR-30-2-140
Daejeon/대전,KR-30,Jung-gu/중구,KR-30-2,Jeodong 2(i)-ga/저동2가,KR-30-2-141
Daejeon/대전,KR-30,Jung-gu/중구,KR-30-2,Jeon-dong/전동,KR-30-2-142
Daejeon/대전,KR-30,Jung-gu/중구,KR-30-2,Jeon-dong/전동,KR-30-2-142
Daejeon/대전,KR-30,Jung-gu/중구,KR-30-2,Jeong-dong/정동,KR-30-2-143
Daejeon/대전,KR-30,Jung-gu/중구,KR-30-2,Jeongsaeng-dong/정생동,KR-30-2-144
Daejeon/대전,KR-30,Jung-gu/중구,KR-30-2,Jongro 1(il)-ga/종로1가,KR-30-2-145
Daejeon/대전,KR-30,Jung-gu/중구,KR-30-2,Jongro 2(i)-ga/종로2가,KR-30-2-146
Daejeon/대전,KR-30,Jung-gu/중구,KR-30-2,Jugyo-dong/주교동,KR-30-2-147
Daejeon/대전,KR-30,Jung-gu/중구,KR-30-2,Juja-dong/주자동,KR-30-2-148
Daejeon/대전,KR-30,Jung-gu/중구,KR-30-2,Jungangdong 1(il)-ga/중앙동1가,KR-30-2-149
Daejeon/대전,KR-30,Jung-gu/중구,KR-30-2,Jungangdong 1(il)-ga/중앙동1가,KR-30-2-149
Daejeon/대전,KR-30,Jung-gu/중구,KR-30-2,Jungangdong 2(i)-ga/중앙동2가,KR-30-2-150
Daejeon/대전,KR-30,Jung-gu/중구,KR-30-2,Jungangdong 2(i)-ga/중앙동2가,KR-30-2-150
Daejeon/대전,KR-30,Jung-gu/중구,KR-30-2,Jungangdong 3(sam)-ga/중앙동3가,KR-30-2-151
Daejeon/대전,KR-30,Jung-gu/중구,KR-30-2,Jungangdong 3(sam)-ga/중앙동3가,KR-30-2-151
Daejeon/대전,KR-30,Jung-gu/중구,KR-30-2,Jungangdong 4(sa)-ga/중앙동4가,KR-30-2-152
Daejeon/대전,KR-30,Jung-gu/중구,KR-30-2,Jungangdong 4(sa)-ga/중앙동4가,KR-30-2-152
Daejeon/대전,KR-30,Jung-gu/중구,KR-30-2,Jungangdong 5(o)-ga/중앙동5가,KR-30-2-153
Daejeon/대전,KR-30,Jung-gu/중구,KR-30-2,Jungangdong 6(yuk)-ga/중앙동6가,KR-30-2-154
Daejeon/대전,KR-30,Jung-gu/중구,KR-30-2,Jungangdong 7(chil)-ga/중앙동7가,KR-30-2-155
Daejeon/대전,KR-30,Jung-gu/중구,KR-30-2,Jungang-dong/중앙동,KR-30-2-156
Daejeon/대전,KR-30,Jung-gu/중구,KR-30-2,Jungangucheguksaseoham/중앙우체국사서함,KR-30-2-157
Daejeon/대전,KR-30,Jung-gu/중구,KR-30-2,Jungchon-dong/중촌동,KR-30-2-158
Daejeon/대전,KR-30,Jung-gu/중구,KR-30-2,Jungrim-dong/중림동,KR-30-2-159
Daejeon/대전,KR-30,Jung-gu/중구,KR-30-2,Jungsan-dong/중산동,KR-30-2-160
Daejeon/대전,KR-30,Jung-gu/중구,KR-30-2,Manridong 1(il)-ga/만리동1가,KR-30-2-161
Daejeon/대전,KR-30,Jung-gu/중구,KR-30-2,Manridong 2(i)-ga/만리동2가,KR-30-2-162
Daejeon/대전,KR-30,Jung-gu/중구,KR-30-2,Mokdal-dong/목달동,KR-30-2-163
Daejeon/대전,KR-30,Jung-gu/중구,KR-30-2,Mok-dong/목동,KR-30-2-164
Daejeon/대전,KR-30,Jung-gu/중구,KR-30-2,Mugyo-dong/무교동,KR-30-2-165
Daejeon/대전,KR-30,Jung-gu/중구,KR-30-2,Muhak-dong/무학동,KR-30-2-166
Daejeon/대전,KR-30,Jung-gu/중구,KR-30-2,Mukjeong-dong/묵정동,KR-30-2-167
Daejeon/대전,KR-30,Jung-gu/중구,KR-30-2,Munchang-dong/문창동,KR-30-2-168
Daejeon/대전,KR-30,Jung-gu/중구,KR-30-2,Munhwa 1(il)-dong/문화1동,KR-30-2-169
Daejeon/대전,KR-30,Jung-gu/중구,KR-30-2,Munhwa 2(i)-dong/문화2동,KR-30-2-170
Daejeon/대전,KR-30,Jung-gu/중구,KR-30-2,Munhwa-dong/문화동,KR-30-2-171
Daejeon/대전,KR-30,Jung-gu/중구,KR-30-2,Munhwa-dong/문화동,KR-30-2-171
Daejeon/대전,KR-30,Jung-gu/중구,KR-30-2,Musu-dong/무수동,KR-30-2-172
Daejeon/대전,KR-30,Jung-gu/중구,KR-30-2,Muui-dong/무의동,KR-30-2-173
Daejeon/대전,KR-30,Jung-gu/중구,KR-30-2,Myeongdong 1(il)-ga/명동1가,KR-30-2-174
Daejeon/대전,KR-30,Jung-gu/중구,KR-30-2,Myeongdong 2(i)-ga/명동2가,KR-30-2-175
Daejeon/대전,KR-30,Jung-gu/중구,KR-30-2,Nae-dong/내동,KR-30-2-176
Daejeon/대전,KR-30,Jung-gu/중구,KR-30-2,Nambuk-dong/남북동,KR-30-2-177
Daejeon/대전,KR-30,Jung-gu/중구,KR-30-2,Namchang-dong/남창동,KR-30-2-178
Daejeon/대전,KR-30,Jung-gu/중구,KR-30-2,Namdaemunro 1(il)-ga/남대문로1가,KR-30-2-179
Daejeon/대전,KR-30,Jung-gu/중구,KR-30-2,Namdaemunro 2(i)-ga/남대문로2가,KR-30-2-180
Daejeon/대전,KR-30,Jung-gu/중구,KR-30-2,Namdaemunro 3(sam)-ga/남대문로3가,KR-30-2-181
Daejeon/대전,KR-30,Jung-gu/중구,KR-30-2,Namdaemunro 4(sa)-ga/남대문로4가,KR-30-2-182
Daejeon/대전,KR-30,Jung-gu/중구,KR-30-2,Namdaemunro 5(o)-ga/남대문로5가,KR-30-2-183
Daejeon/대전,KR-30,Jung-gu/중구,KR-30-2,Namhak-dong/남학동,KR-30-2-184
Daejeon/대전,KR-30,Jung-gu/중구,KR-30-2,Namil-dong/남일동,KR-30-2-185
Daejeon/대전,KR-30,Jung-gu/중구,KR-30-2,Namoe-dong/남외동,KR-30-2-186
Daejeon/대전,KR-30,Jung-gu/중구,KR-30-2,Nampodong 1(il)-ga/남포동1가,KR-30-2-187
Daejeon/대전,KR-30,Jung-gu/중구,KR-30-2,Nampodong 2(i)-ga/남포동2가,KR-30-2-188
Daejeon/대전,KR-30,Jung-gu/중구,KR-30-2,Nampodong 3(sam)-ga/남포동3가,KR-30-2-189
Daejeon/대전,KR-30,Jung-gu/중구,KR-30-2,Nampodong 4(sa)-ga/남포동4가,KR-30-2-190
Daejeon/대전,KR-30,Jung-gu/중구,KR-30-2,Nampodong 5(o)-ga/남포동5가,KR-30-2-191
Daejeon/대전,KR-30,Jung-gu/중구,KR-30-2,Nampodong 6(yuk)-ga/남포동6가,KR-30-2-192
Daejeon/대전,KR-30,Jung-gu/중구,KR-30-2,Nampo-dong/남포동,KR-30-2-193
Daejeon/대전,KR-30,Jung-gu/중구,KR-30-2,Namsan 1(il)-dong/남산1동,KR-30-2-194
Daejeon/대전,KR-30,Jung-gu/중구,KR-30-2,Namsan 2(i)-dong/남산2동,KR-30-2-195
Daejeon/대전,KR-30,Jung-gu/중구,KR-30-2,Namsan 3(sam)-dong/남산3동,KR-30-2-196
Daejeon/대전,KR-30,Jung-gu/중구,KR-30-2,Namsan 4(sa)-dong/남산4동,KR-30-2-197
Daejeon/대전,KR-30,Jung-gu/중구,KR-30-2,Namsandong 1(il)-ga/남산동1가,KR-30-2-198
Daejeon/대전,KR-30,Jung-gu/중구,KR-30-2,Namsandong 2(i)-ga/남산동2가,KR-30-2-199
Daejeon/대전,KR-30,Jung-gu/중구,KR-30-2,Namsandong 3(sam)-ga/남산동3가,KR-30-2-200
Daejeon/대전,KR-30,Jung-gu/중구,KR-30-2,Namsan-dong/남산동,KR-30-2-201
Daejeon/대전,KR-30,Jung-gu/중구,KR-30-2,Namseongno/남성로,KR-30-2-202
Daejeon/대전,KR-30,Jung-gu/중구,KR-30-2,Ojang-dong/오장동,KR-30-2-203
Daejeon/대전,KR-30,Jung-gu/중구,KR-30-2,Okgye-dong/옥계동,KR-30-2-204
Daejeon/대전,KR-30,Jung-gu/중구,KR-30-2,Okgyo-dong/옥교동,KR-30-2-205
Daejeon/대전,KR-30,Jung-gu/중구,KR-30-2,Oryu-dong/오류동,KR-30-2-206
Daejeon/대전,KR-30,Jung-gu/중구,KR-30-2,Pildong 1(il)-ga/필동1가,KR-30-2-207
Daejeon/대전,KR-30,Jung-gu/중구,KR-30-2,Pildong 2(i)-ga/필동2가,KR-30-2-208
Daejeon/대전,KR-30,Jung-gu/중구,KR-30-2,Pildong 3(sam)-ga/필동3가,KR-30-2-209
Daejeon/대전,KR-30,Jung-gu/중구,KR-30-2,Pojeong-dong/포정동,KR-30-2-210
Daejeon/대전,KR-30,Jung-gu/중구,KR-30-2,Sa-dong/사동,KR-30-2-211
Daejeon/대전,KR-30,Jung-gu/중구,KR-30-2,Sail-dong/사일동,KR-30-2-212
Daejeon/대전,KR-30,Jung-gu/중구,KR-30-2,Sajeong-dong/사정동,KR-30-2-213
Daejeon/대전,KR-30,Jung-gu/중구,KR-30-2,Samdeokdong 1(il)-ga/삼덕동1가,KR-30-2-214
Daejeon/대전,KR-30,Jung-gu/중구,KR-30-2,Samdeokdong 2(i)-ga/삼덕동2가,KR-30-2-215
Daejeon/대전,KR-30,Jung-gu/중구,KR-30-2,Samdeokdong 3(sam)-ga/삼덕동3가,KR-30-2-216
Daejeon/대전,KR-30,Jung-gu/중구,KR-30-2,Samgak-dong/삼각동,KR-30-2-217
Daejeon/대전,KR-30,Jung-gu/중구,KR-30-2,Sangdeok-dong/상덕동,KR-30-2-218
Daejeon/대전,KR-30,Jung-gu/중구,KR-30-2,Sangseo-dong/상서동,KR-30-2-219
Daejeon/대전,KR-30,Jung-gu/중구,KR-30-2,Sanrim-dong/산림동,KR-30-2-220
Daejeon/대전,KR-30,Jung-gu/중구,KR-30-2,Sanseong-dong/산성동,KR-30-2-221
Daejeon/대전,KR-30,Jung-gu/중구,KR-30-2,Seodaejeonucheguksaseoham/서대전우체국사서함,KR-30-2-222
Daejeon/대전,KR-30,Jung-gu/중구,KR-30-2,Seo-dong/서동,KR-30-2-223
Daejeon/대전,KR-30,Jung-gu/중구,KR-30-2,Seokgyo-dong/석교동,KR-30-2-224
Daejeon/대전,KR-30,Jung-gu/중구,KR-30-2,Seomunro 1(il)-ga/서문로1가,KR-30-2-225
Daejeon/대전,KR-30,Jung-gu/중구,KR-30-2,Seomunro 2(i)-ga/서문로2가,KR-30-2-226
Daejeon/대전,KR-30,Jung-gu/중구,KR-30-2,Seonae-dong/서내동,KR-30-2-227
Daejeon/대전,KR-30,Jung-gu/중구,KR-30-2,Seongan-dong/성안동,KR-30-2-228
Daejeon/대전,KR-30,Jung-gu/중구,KR-30-2,Seongnam-dong/성남동,KR-30-2-229
Daejeon/대전,KR-30,Jung-gu/중구,KR-30-2,Seonhwa-dong/선화동,KR-30-2-230
Daejeon/대전,KR-30,Jung-gu/중구,KR-30-2,Seonhwa-dong/선화동,KR-30-2-230
Daejeon/대전,KR-30,Jung-gu/중구,KR-30-2,Seonrin-dong/선린동,KR-30-2-231
Daejeon/대전,KR-30,Jung-gu/중구,KR-30-2,Seoseongro 1(il)-ga/서성로1가,KR-30-2-232
Daejeon/대전,KR-30,Jung-gu/중구,KR-30-2,Seoseongro 2(i)-ga/서성로2가,KR-30-2-233
Daejeon/대전,KR-30,Jung-gu/중구,KR-30-2,Seosomun-dong/서소문동,KR-30-2-234
Daejeon/대전,KR-30,Jung-gu/중구,KR-30-2,Seoya-dong/서야동,KR-30-2-235
Daejeon/대전,KR-30,Jung-gu/중구,KR-30-2,Sijangbugno/시장북로,KR-30-2-236
Daejeon/대전,KR-30,Jung-gu/중구,KR-30-2,Sinchangdong 1(il)-ga/신창동1가,KR-30-2-237
Daejeon/대전,KR-30,Jung-gu/중구,KR-30-2,Sinchangdong 2(i)-ga/신창동2가,KR-30-2-238
Daejeon/대전,KR-30,Jung-gu/중구,KR-30-2,Sinchangdong 3(sam)-ga/신창동3가,KR-30-2-239
Daejeon/대전,KR-30,Jung-gu/중구,KR-30-2,Sinchangdong 4(sa)-ga/신창동4가,KR-30-2-240
Daejeon/대전,KR-30,Jung-gu/중구,KR-30-2,Sinchang-dong/신창동,KR-30-2-241
Daejeon/대전,KR-30,Jung-gu/중구,KR-30-2,Sindang 1(il)-dong/신당1동,KR-30-2-242
Daejeon/대전,KR-30,Jung-gu/중구,KR-30-2,Sindang 2(i)-dong/신당2동,KR-30-2-243
Daejeon/대전,KR-30,Jung-gu/중구,KR-30-2,Sindang 3(sam)-dong/신당3동,KR-30-2-244
Daejeon/대전,KR-30,Jung-gu/중구,KR-30-2,Sindang 4(sa)-dong/신당4동,KR-30-2-245
Daejeon/대전,KR-30,Jung-gu/중구,KR-30-2,Sindang 5(o)-dong/신당5동,KR-30-2-246
Daejeon/대전,KR-30,Jung-gu/중구,KR-30-2,Sindang 6(yuk)-dong/신당6동,KR-30-2-247
Daejeon/대전,KR-30,Jung-gu/중구,KR-30-2,Sindang-dong/신당동,KR-30-2-248
Daejeon/대전,KR-30,Jung-gu/중구,KR-30-2,Sinheungdong 1(il)-ga/신흥동1가,KR-30-2-249
Daejeon/대전,KR-30,Jung-gu/중구,KR-30-2,Sinheungdong 2(i)-ga/신흥동2가,KR-30-2-250
Daejeon/대전,KR-30,Jung-gu/중구,KR-30-2,Sinheungdong 3(sam)-ga/신흥동3가,KR-30-2-251
Daejeon/대전,KR-30,Jung-gu/중구,KR-30-2,Sinpo-dong/신포동,KR-30-2-252
Daejeon/대전,KR-30,Jung-gu/중구,KR-30-2,Sinsaeng-dong/신생동,KR-30-2-253
Daejeon/대전,KR-30,Jung-gu/중구,KR-30-2,Sogong-dong/소공동,KR-30-2-254
Daejeon/대전,KR-30,Jung-gu/중구,KR-30-2,Songhakdong 1(il)-ga/송학동1가,KR-30-2-255
Daejeon/대전,KR-30,Jung-gu/중구,KR-30-2,Songhakdong 2(i)-ga/송학동2가,KR-30-2-256
Daejeon/대전,KR-30,Jung-gu/중구,KR-30-2,Songhakdong 3(sam)-ga/송학동3가,KR-30-2-257
Daejeon/대전,KR-30,Jung-gu/중구,KR-30-2,Songwoldong 1(il)-ga/송월동1가,KR-30-2-258
Daejeon/대전,KR-30,Jung-gu/중구,KR-30-2,Songwoldong 2(i)-ga/송월동2가,KR-30-2-259
Daejeon/대전,KR-30,Jung-gu/중구,KR-30-2,Songwoldong 3(sam)-ga/송월동3가,KR-30-2-260
Daejeon/대전,KR-30,Jung-gu/중구,KR-30-2,Ssangrim-dong/쌍림동,KR-30-2-261
Daejeon/대전,KR-30,Jung-gu/중구,KR-30-2,Suchang-dong/수창동,KR-30-2-262
Daejeon/대전,KR-30,Jung-gu/중구,KR-30-2,Su-dong/수동,KR-30-2-263
Daejeon/대전,KR-30,Jung-gu/중구,KR-30-2,Suha-dong/수하동,KR-30-2-264
Daejeon/대전,KR-30,Jung-gu/중구,KR-30-2,Sunhwa-dong/순화동,KR-30-2-265
Daejeon/대전,KR-30,Jung-gu/중구,KR-30-2,Supyo-dong/수표동,KR-30-2-266
Daejeon/대전,KR-30,Jung-gu/중구,KR-30-2,Taehwa-dong/태화동,KR-30-2-267
Daejeon/대전,KR-30,Jung-gu/중구,KR-30-2,Taepyeong 1(il)-dong/태평1동,KR-30-2-268
Daejeon/대전,KR-30,Jung-gu/중구,KR-30-2,Taepyeong 2(i)-dong/태평2동,KR-30-2-269
Daejeon/대전,KR-30,Jung-gu/중구,KR-30-2,Taepyeong-dong/태평동,KR-30-2-270
Daejeon/대전,KR-30,Jung-gu/중구,KR-30-2,Taepyeongro 1(il)-ga/태평로1가,KR-30-2-271
Daejeon/대전,KR-30,Jung-gu/중구,KR-30-2,Taepyeongro 1(il)-ga/태평로1가,KR-30-2-271
Daejeon/대전,KR-30,Jung-gu/중구,KR-30-2,Taepyeongro 2(i)-ga/태평로2가,KR-30-2-272
Daejeon/대전,KR-30,Jung-gu/중구,KR-30-2,Taepyeongro 2(i)-ga/태평로2가,KR-30-2-272
Daejeon/대전,KR-30,Jung-gu/중구,KR-30-2,Taepyeongro 3(sam)-ga/태평로3가,KR-30-2-273
Daejeon/대전,KR-30,Jung-gu/중구,KR-30-2,Uijuro 1(il)-ga/의주로1가,KR-30-2-274
Daejeon/대전,KR-30,Jung-gu/중구,KR-30-2,Uijuro 2(i)-ga/의주로2가,KR-30-2-275
Daejeon/대전,KR-30,Jung-gu/중구,KR-30-2,Ujeong-dong/우정동,KR-30-2-276
Daejeon/대전,KR-30,Jung-gu/중구,KR-30-2,Ulsanucheguksaseoham/울산우체국사서함,KR-30-2-277
Daejeon/대전,KR-30,Jung-gu/중구,KR-30-2,Unbuk-dong/운북동,KR-30-2-278
Daejeon/대전,KR-30,Jung-gu/중구,KR-30-2,Unnam-dong/운남동,KR-30-2-279
Daejeon/대전,KR-30,Jung-gu/중구,KR-30-2,Unseo-dong/운서동,KR-30-2-280
Daejeon/대전,KR-30,Jung-gu/중구,KR-30-2,Wanjeon-dong/완전동,KR-30-2-281
Daejeon/대전,KR-30,Jung-gu/중구,KR-30-2,Yaksa-dong/약사동,KR-30-2-282
Daejeon/대전,KR-30,Jung-gu/중구,KR-30-2,Yegwan-dong/예관동,KR-30-2-283
Daejeon/대전,KR-30,Jung-gu/중구,KR-30-2,Yejang-dong/예장동,KR-30-2-284
Daejeon/대전,KR-30,Jung-gu/중구,KR-30-2,Yeongju 1(il)-dong/영주1동,KR-30-2-285
Daejeon/대전,KR-30,Jung-gu/중구,KR-30-2,Yeongju 2(i)-dong/영주2동,KR-30-2-286
Daejeon/대전,KR-30,Jung-gu/중구,KR-30-2,Yeongju-dong/영주동,KR-30-2-287
Daejeon/대전,KR-30,Jung-gu/중구,KR-30-2,Yongdeok-dong/용덕동,KR-30-2-288
Daejeon/대전,KR-30,Jung-gu/중구,KR-30-2,Yong-dong/용동,KR-30-2-289
Daejeon/대전,KR-30,Jung-gu/중구,KR-30-2,Yongdu-dong/용두동,KR-30-2-290
Daejeon/대전,KR-30,Jung-gu/중구,KR-30-2,Yucheon 1(il)-dong/유천1동,KR-30-2-291
Daejeon/대전,KR-30,Jung-gu/중구,KR-30-2,Yucheon 2(i)-dong/유천2동,KR-30-2-292
Daejeon/대전,KR-30,Jung-gu/중구,KR-30-2,Yucheon-dong/유천동,KR-30-2-293
Daejeon/대전,KR-30,Jung-gu/중구,KR-30-2,Yu-dong/유동,KR-30-2-294
Daejeon/대전,KR-30,Jung-gu/중구,KR-30-2,Yugok-dong/유곡동,KR-30-2-295
Daejeon/대전,KR-30,Jung-gu/중구,KR-30-2,Yulmok-dong/율목동,KR-30-2-296
Daejeon/대전,KR-30,Seo-gu/서구,KR-30-3,Amidong 1(il)-ga/아미동1가,KR-30-3-0
Daejeon/대전,KR-30,Seo-gu/서구,KR-30-3,Amidong 2(i)-ga/아미동2가,KR-30-3-1
Daejeon/대전,KR-30,Seo-gu/서구,KR-30-3,Ami-dong/아미동,KR-30-3-2
Daejeon/대전,KR-30,Seo-gu/서구,KR-30-3,Amnam-dong/암남동,KR-30-3-3
Daejeon/대전,KR-30,Seo-gu/서구,KR-30-3,Baekseok-dong/백석동,KR-30-3-4
Daejeon/대전,KR-30,Seo-gu/서구,KR-30-3,Bisan 1(il)-dong/비산1동,KR-30-3-5
Daejeon/대전,KR-30,Seo-gu/서구,KR-30-3,Bisan 2.3-dong/비산2.3동,KR-30-3-6
Daejeon/대전,KR-30,Seo-gu/서구,KR-30-3,Bisan 4(sa)-dong/비산4동,KR-30-3-7
Daejeon/대전,KR-30,Seo-gu/서구,KR-30-3,Bisan 5(o)-dong/비산5동,KR-30-3-8
Daejeon/대전,KR-30,Seo-gu/서구,KR-30-3,Bisan 6(yuk)-dong/비산6동,KR-30-3-9
Daejeon/대전,KR-30,Seo-gu/서구,KR-30-3,Bisan 7(chil)-dong/비산7동,KR-30-3-10
Daejeon/대전,KR-30,Seo-gu/서구,KR-30-3,Bisan-dong/비산동,KR-30-3-11
Daejeon/대전,KR-30,Seo-gu/서구,KR-30-3,Boksu-dong/복수동,KR-30-3-12
Daejeon/대전,KR-30,Seo-gu/서구,KR-30-3,Bonggok-dong/봉곡동,KR-30-3-13
Daejeon/대전,KR-30,Seo-gu/서구,KR-30-3,Bullo-dong/불로동,KR-30-3-14
Daejeon/대전,KR-30,Seo-gu/서구,KR-30-3,Bumindong 1(il)-ga/부민동1가,KR-30-3-15
Daejeon/대전,KR-30,Seo-gu/서구,KR-30-3,Bumindong 2(i)-ga/부민동2가,KR-30-3-16
Daejeon/대전,KR-30,Seo-gu/서구,KR-30-3,Bumindong 3(sam)-ga/부민동3가,KR-30-3-17
Daejeon/대전,KR-30,Seo-gu/서구,KR-30-3,Bumin-dong/부민동,KR-30-3-18
Daejeon/대전,KR-30,Seo-gu/서구,KR-30-3,Buyongdong 1(il)-ga/부용동1가,KR-30-3-19
Daejeon/대전,KR-30,Seo-gu/서구,KR-30-3,Buyongdong 2(i)-ga/부용동2가,KR-30-3-20
Daejeon/대전,KR-30,Seo-gu/서구,KR-30-3,Buyong-dong/부용동,KR-30-3-21
Daejeon/대전,KR-30,Seo-gu/서구,KR-30-3,Byeokjin-dong/벽진동,KR-30-3-22
Daejeon/대전,KR-30,Seo-gu/서구,KR-30-3,Byeon-dong/변동,KR-30-3-23
Daejeon/대전,KR-30,Seo-gu/서구,KR-30-3,Chipyeong-dong/치평동,KR-30-3-24
Daejeon/대전,KR-30,Seo-gu/서구,KR-30-3,Chojang-dong/초장동,KR-30-3-25
Daejeon/대전,KR-30,Seo-gu/서구,KR-30-3,Chungmudong 1(il)-ga/충무동1가,KR-30-3-26
Daejeon/대전,KR-30,Seo-gu/서구,KR-30-3,Chungmudong 2(i)-ga/충무동2가,KR-30-3-27
Daejeon/대전,KR-30,Seo-gu/서구,KR-30-3,Chungmudong 3(sam)-ga/충무동3가,KR-30-3-28
Daejeon/대전,KR-30,Seo-gu/서구,KR-30-3,Chungmu-dong/충무동,KR-30-3-29
Daejeon/대전,KR-30,Seo-gu/서구,KR-30-3,Daegok-dong/대곡동,KR-30-3-30
Daejeon/대전,KR-30,Seo-gu/서구,KR-30-3,Daejeondunsanucheguksaseoham/대전둔산우체국사서함,KR-30-3-31
Daejeon/대전,KR-30,Seo-gu/서구,KR-30-3,Dangha-dong/당하동,KR-30-3-32
Daejeon/대전,KR-30,Seo-gu/서구,KR-30-3,Deokheung-dong/덕흥동,KR-30-3-33
Daejeon/대전,KR-30,Seo-gu/서구,KR-30-3,Doan-dong/도안동,KR-30-3-34
Daejeon/대전,KR-30,Seo-gu/서구,KR-30-3,Doma 1(il)-dong/도마1동,KR-30-3-35
Daejeon/대전,KR-30,Seo-gu/서구,KR-30-3,Doma 2(i)-dong/도마2동,KR-30-3-36
Daejeon/대전,KR-30,Seo-gu/서구,KR-30-3,Doma-dong/도마동,KR-30-3-37
Daejeon/대전,KR-30,Seo-gu/서구,KR-30-3,Dongdaesindong 1(il)-ga/동대신동1가,KR-30-3-38
Daejeon/대전,KR-30,Seo-gu/서구,KR-30-3,Dongdaesindong 2(i)-ga/동대신동2가,KR-30-3-39
Daejeon/대전,KR-30,Seo-gu/서구,KR-30-3,Dongdaesindong 3(sam)-ga/동대신동3가,KR-30-3-40
Daejeon/대전,KR-30,Seo-gu/서구,KR-30-3,Dunsan 1(il)-dong/둔산1동,KR-30-3-41
Daejeon/대전,KR-30,Seo-gu/서구,KR-30-3,Dunsan 2(i)-dong/둔산2동,KR-30-3-42
Daejeon/대전,KR-30,Seo-gu/서구,KR-30-3,Dunsan-dong/둔산동,KR-30-3-43
Daejeon/대전,KR-30,Seo-gu/서구,KR-30-3,Gajang-dong/가장동,KR-30-3-44
Daejeon/대전,KR-30,Seo-gu/서구,KR-30-3,Gajeong 1(il)-dong/가정1동,KR-30-3-45
Daejeon/대전,KR-30,Seo-gu/서구,KR-30-3,Gajeong 2(i)-dong/가정2동,KR-30-3-46
Daejeon/대전,KR-30,Seo-gu/서구,KR-30-3,Gajeong 3(sam)-dong/가정3동,KR-30-3-47
Daejeon/대전,KR-30,Seo-gu/서구,KR-30-3,Gajeong-dong/가정동,KR-30-3-48
Daejeon/대전,KR-30,Seo-gu/서구,KR-30-3,Gajwa 1(il)-dong/가좌1동,KR-30-3-49
Daejeon/대전,KR-30,Seo-gu/서구,KR-30-3,Gajwa 2(i)-dong/가좌2동,KR-30-3-50
Daejeon/대전,KR-30,Seo-gu/서구,KR-30-3,Gajwa 3(sam)-dong/가좌3동,KR-30-3-51
Daejeon/대전,KR-30,Seo-gu/서구,KR-30-3,Gajwa 4(sa)-dong/가좌4동,KR-30-3-52
Daejeon/대전,KR-30,Seo-gu/서구,KR-30-3,Gajwa-dong/가좌동,KR-30-3-53
Daejeon/대전,KR-30,Seo-gu/서구,KR-30-3,Galma 1(il)-dong/갈마1동,KR-30-3-54
Daejeon/대전,KR-30,Seo-gu/서구,KR-30-3,Galma 2(i)-dong/갈마2동,KR-30-3-55
Daejeon/대전,KR-30,Seo-gu/서구,KR-30-3,Galma-dong/갈마동,KR-30-3-56
Daejeon/대전,KR-30,Seo-gu/서구,KR-30-3,Gasuwon-dong/가수원동,KR-30-3-57
Daejeon/대전,KR-30,Seo-gu/서구,KR-30-3,Geomam-dong/검암동,KR-30-3-58
Daejeon/대전,KR-30,Seo-gu/서구,KR-30-3,Geumgok-dong/금곡동,KR-30-3-59
Daejeon/대전,KR-30,Seo-gu/서구,KR-30-3,Geumho-dong/금호동,KR-30-3-60
Daejeon/대전,KR-30,Seo-gu/서구,KR-30-3,Goegok-dong/괴곡동,KR-30-3-61
Daejeon/대전,KR-30,Seo-gu/서구,KR-30-3,Goejeong-dong/괴정동,KR-30-3-62
Daejeon/대전,KR-30,Seo-gu/서구,KR-30-3,Gongchon-dong/공촌동,KR-30-3-63
Daejeon/대전,KR-30,Seo-gu/서구,KR-30-3,Gwangcheon-dong/광천동,KR-30-3-64
Daejeon/대전,KR-30,Seo-gu/서구,KR-30-3,Gwanjeo 1(il)-dong/관저1동,KR-30-3-65
Daejeon/대전,KR-30,Seo-gu/서구,KR-30-3,Gwanjeo 2(i)-dong/관저2동,KR-30-3-66
Daejeon/대전,KR-30,Seo-gu/서구,KR-30-3,Gwanjeo-dong/관저동,KR-30-3-67
Daejeon/대전,KR-30,Seo-gu/서구,KR-30-3,Gyeongseo-dong/경서동,KR-30-3-68
Daejeon/대전,KR-30,Seo-gu/서구,KR-30-3,Heukseok-dong/흑석동,KR-30-3-69
Daejeon/대전,KR-30,Seo-gu/서구,KR-30-3,Hwajeong 1(il)-dong/화정1동,KR-30-3-70
Daejeon/대전,KR-30,Seo-gu/서구,KR-30-3,Hwajeong 2(i)-dong/화정2동,KR-30-3-71
Daejeon/대전,KR-30,Seo-gu/서구,KR-30-3,Hwajeong 3(sam)-dong/화정3동,KR-30-3-72
Daejeon/대전,KR-30,Seo-gu/서구,KR-30-3,Hwajeong 4(sa)-dong/화정4동,KR-30-3-73
Daejeon/대전,KR-30,Seo-gu/서구,KR-30-3,Hwajeong-dong/화정동,KR-30-3-74
Daejeon/대전,KR-30,Seo-gu/서구,KR-30-3,Ihyeon-dong/이현동,KR-30-3-75
Daejeon/대전,KR-30,Seo-gu/서구,KR-30-3,Jangan-dong/장안동,KR-30-3-76
Daejeon/대전,KR-30,Seo-gu/서구,KR-30-3,Jeongrim-dong/정림동,KR-30-3-77
Daejeon/대전,KR-30,Seo-gu/서구,KR-30-3,Jungri-dong/중리동,KR-30-3-78
Daejeon/대전,KR-30,Seo-gu/서구,KR-30-3,Maeno-dong/매노동,KR-30-3-79
Daejeon/대전,KR-30,Seo-gu/서구,KR-30-3,Maewol-dong/매월동,KR-30-3-80
Daejeon/대전,KR-30,Seo-gu/서구,KR-30-3,Majeon-dong/마전동,KR-30-3-81
Daejeon/대전,KR-30,Seo-gu/서구,KR-30-3,Mannyeon-dong/만년동,KR-30-3-82
Daejeon/대전,KR-30,Seo-gu/서구,KR-30-3,Mareuk-dong/마륵동,KR-30-3-83
Daejeon/대전,KR-30,Seo-gu/서구,KR-30-3,Naebang-dong/내방동,KR-30-3-84
Daejeon/대전,KR-30,Seo-gu/서구,KR-30-3,Naedang 1(il)-dong/내당1동,KR-30-3-85
Daejeon/대전,KR-30,Seo-gu/서구,KR-30-3,Naedang 2.3-dong/내당2.3동,KR-30-3-86
Daejeon/대전,KR-30,Seo-gu/서구,KR-30-3,Naedang 4(sa)-dong/내당4동,KR-30-3-87
Daejeon/대전,KR-30,Seo-gu/서구,KR-30-3,Naedang-dong/내당동,KR-30-3-88
Daejeon/대전,KR-30,Seo-gu/서구,KR-30-3,Nae-dong/내동,KR-30-3-89
Daejeon/대전,KR-30,Seo-gu/서구,KR-30-3,Nambumin 1(il)-dong/남부민1동,KR-30-3-90
Daejeon/대전,KR-30,Seo-gu/서구,KR-30-3,Nambumin 2(i)-dong/남부민2동,KR-30-3-91
Daejeon/대전,KR-30,Seo-gu/서구,KR-30-3,Nambumin-dong/남부민동,KR-30-3-92
Daejeon/대전,KR-30,Seo-gu/서구,KR-30-3,Nongseong 1(il)-dong/농성1동,KR-30-3-93
Daejeon/대전,KR-30,Seo-gu/서구,KR-30-3,Nongseong 2(i)-dong/농성2동,KR-30-3-94
Daejeon/대전,KR-30,Seo-gu/서구,KR-30-3,Nongseong-dong/농성동,KR-30-3-95
Daejeon/대전,KR-30,Seo-gu/서구,KR-30-3,O-dong/오동,KR-30-3-96
Daejeon/대전,KR-30,Seo-gu/서구,KR-30-3,Oryu-dong/오류동,KR-30-3-97
Daejeon/대전,KR-30,Seo-gu/서구,KR-30-3,Pungam-dong/풍암동,KR-30-3-98
Daejeon/대전,KR-30,Seo-gu/서구,KR-30-3,Pyeongchon-dong/평촌동,KR-30-3-99
Daejeon/대전,KR-30,Seo-gu/서구,KR-30-3,Pyeongri 1(il)-dong/평리1동,KR-30-3-100
Daejeon/대전,KR-30,Seo-gu/서구,KR-30-3,Pyeongri 2(i)-dong/평리2동,KR-30-3-101
Daejeon/대전,KR-30,Seo-gu/서구,KR-30-3,Pyeongri 3(sam)-dong/평리3동,KR-30-3-102
Daejeon/대전,KR-30,Seo-gu/서구,KR-30-3,Pyeongri 4(sa)-dong/평리4동,KR-30-3-103
Daejeon/대전,KR-30,Seo-gu/서구,KR-30-3,Pyeongri 5(o)-dong/평리5동,KR-30-3-104
Daejeon/대전,KR-30,Seo-gu/서구,KR-30-3,Pyeongri 6(yuk)-dong/평리6동,KR-30-3-105
Daejeon/대전,KR-30,Seo-gu/서구,KR-30-3,Pyeongri-dong/평리동,KR-30-3-106
Daejeon/대전,KR-30,Seo-gu/서구,KR-30-3,Samcheon-dong/삼천동,KR-30-3-107
Daejeon/대전,KR-30,Seo-gu/서구,KR-30-3,Sangmu 1(il)-dong/상무1동,KR-30-3-108
Daejeon/대전,KR-30,Seo-gu/서구,KR-30-3,Sangmu 2(i)-dong/상무2동,KR-30-3-109
Daejeon/대전,KR-30,Seo-gu/서구,KR-30-3,Sangmu-dong/상무동,KR-30-3-110
Daejeon/대전,KR-30,Seo-gu/서구,KR-30-3,Sangri-dong/상리동,KR-30-3-111
Daejeon/대전,KR-30,Seo-gu/서구,KR-30-3,Sanjik-dong/산직동,KR-30-3-112
Daejeon/대전,KR-30,Seo-gu/서구,KR-30-3,Seha-dong/세하동,KR-30-3-113
Daejeon/대전,KR-30,Seo-gu/서구,KR-30-3,Seochang-dong/서창동,KR-30-3-114
Daejeon/대전,KR-30,Seo-gu/서구,KR-30-3,Seodaeguucheguksaseoham/서대구우체국사서함,KR-30-3-115
Daejeon/대전,KR-30,Seo-gu/서구,KR-30-3,Seodaesindong 1(il)-ga/서대신동1가,KR-30-3-116
Daejeon/대전,KR-30,Seo-gu/서구,KR-30-3,Seodaesindong 2(i)-ga/서대신동2가,KR-30-3-117
Daejeon/대전,KR-30,Seo-gu/서구,KR-30-3,Seodaesindong 3(sam)-ga/서대신동3가,KR-30-3-118
Daejeon/대전,KR-30,Seo-gu/서구,KR-30-3,Seogwangjuucheguksaseoham/서광주우체국사서함,KR-30-3-119
Daejeon/대전,KR-30,Seo-gu/서구,KR-30-3,Seoincheonucheguksaseoham/서인천우체국사서함,KR-30-3-120
Daejeon/대전,KR-30,Seo-gu/서구,KR-30-3,Seoknam 1(il)-dong/석남1동,KR-30-3-121
Daejeon/대전,KR-30,Seo-gu/서구,KR-30-3,Seoknam 2(i)-dong/석남2동,KR-30-3-122
Daejeon/대전,KR-30,Seo-gu/서구,KR-30-3,Seoknam 3(sam)-dong/석남3동,KR-30-3-123
Daejeon/대전,KR-30,Seo-gu/서구,KR-30-3,Seoknam-dong/석남동,KR-30-3-124
Daejeon/대전,KR-30,Seo-gu/서구,KR-30-3,Sicheon-dong/시천동,KR-30-3-125
Daejeon/대전,KR-30,Seo-gu/서구,KR-30-3,Simgok-dong/심곡동,KR-30-3-126
Daejeon/대전,KR-30,Seo-gu/서구,KR-30-3,Sinhyeon-dong/신현동,KR-30-3-127
Daejeon/대전,KR-30,Seo-gu/서구,KR-30-3,Ssangchon-dong/쌍촌동,KR-30-3-128
Daejeon/대전,KR-30,Seo-gu/서구,KR-30-3,Tanbang-dong/탄방동,KR-30-3-129
Daejeon/대전,KR-30,Seo-gu/서구,KR-30-3,Toseongdong 1(il)-ga/토성동1가,KR-30-3-130
Daejeon/대전,KR-30,Seo-gu/서구,KR-30-3,Toseongdong 2(i)-ga/토성동2가,KR-30-3-131
Daejeon/대전,KR-30,Seo-gu/서구,KR-30-3,Toseongdong 3(sam)-ga/토성동3가,KR-30-3-132
Daejeon/대전,KR-30,Seo-gu/서구,KR-30-3,Toseongdong 4(sa)-ga/토성동4가,KR-30-3-133
Daejeon/대전,KR-30,Seo-gu/서구,KR-30-3,Toseongdong 5(o)-ga/토성동5가,KR-30-3-134
Daejeon/대전,KR-30,Seo-gu/서구,KR-30-3,Toseong-dong/토성동,KR-30-3-135
Daejeon/대전,KR-30,Seo-gu/서구,KR-30-3,Umyeong-dong/우명동,KR-30-3-136
Daejeon/대전,KR-30,Seo-gu/서구,KR-30-3,Wanggil-dong/왕길동,KR-30-3-137
Daejeon/대전,KR-30,Seo-gu/서구,KR-30-3,Wolpyeong 1(il)-dong/월평1동,KR-30-3-138
Daejeon/대전,KR-30,Seo-gu/서구,KR-30-3,Wolpyeong 2(i)-dong/월평2동,KR-30-3-139
Daejeon/대전,KR-30,Seo-gu/서구,KR-30-3,Wolpyeong 3(sam)-dong/월평3동,KR-30-3-140
Daejeon/대전,KR-30,Seo-gu/서구,KR-30-3,Wolpyeong-dong/월평동,KR-30-3-141
Daejeon/대전,KR-30,Seo-gu/서구,KR-30-3,Wonchang-dong/원창동,KR-30-3-142
Daejeon/대전,KR-30,Seo-gu/서구,KR-30-3,Wondaedong 1(il)-ga/원대동1가,KR-30-3-143
Daejeon/대전,KR-30,Seo-gu/서구,KR-30-3,Wondaedong 2(i)-ga/원대동2가,KR-30-3-144
Daejeon/대전,KR-30,Seo-gu/서구,KR-30-3,Wondaedong 3(sam)-ga/원대동3가,KR-30-3-145
Daejeon/대전,KR-30,Seo-gu/서구,KR-30-3,Wondang-dong/원당동,KR-30-3-146
Daejeon/대전,KR-30,Seo-gu/서구,KR-30-3,Wonjeong-dong/원정동,KR-30-3-147
Daejeon/대전,KR-30,Seo-gu/서구,KR-30-3,Yang 1(il)-dong/양1동,KR-30-3-148
Daejeon/대전,KR-30,Seo-gu/서구,KR-30-3,Yang 2(i)-dong/양2동,KR-30-3-149
Daejeon/대전,KR-30,Seo-gu/서구,KR-30-3,Yang 3(sam)-dong/양3동,KR-30-3-150
Daejeon/대전,KR-30,Seo-gu/서구,KR-30-3,Yang-dong/양동,KR-30-3-151
Daejeon/대전,KR-30,Seo-gu/서구,KR-30-3,Yeonhui-dong/연희동,KR-30-3-152
Daejeon/대전,KR-30,Seo-gu/서구,KR-30-3,Yongchon-dong/용촌동,KR-30-3-153
Daejeon/대전,KR-30,Seo-gu/서구,KR-30-3,Yongdu-dong/용두동,KR-30-3-154
Daejeon/대전,KR-30,Seo-gu/서구,KR-30-3,Yongmun-dong/용문동,KR-30-3-155
Daejeon/대전,KR-30,Seo-gu/서구,KR-30-3,Yuchon-dong/유촌동,KR-30-3-156
Daejeon/대전,KR-30,Yuseong-gu/유성구,KR-30-4,Ansan-dong/안산동,KR-30-4-0
Daejeon/대전,KR-30,Yuseong-gu/유성구,KR-30-4,Bang-dong/방동,KR-30-4-1
Daejeon/대전,KR-30,Yuseong-gu/유성구,KR-30-4,Banghyeon-dong/방현동,KR-30-4-2
Daejeon/대전,KR-30,Yuseong-gu/유성구,KR-30-4,Banseok-dong/반석동,KR-30-4-3
Daejeon/대전,KR-30,Yuseong-gu/유성구,KR-30-4,Bogyong-dong/복용동,KR-30-4-4
Daejeon/대전,KR-30,Yuseong-gu/유성구,KR-30-4,Bongmyeong-dong/봉명동,KR-30-4-5
Daejeon/대전,KR-30,Yuseong-gu/유성구,KR-30-4,Bongsan-dong/봉산동,KR-30-4-6
Daejeon/대전,KR-30,Yuseong-gu/유성구,KR-30-4,Chumok-dong/추목동,KR-30-4-7
Daejeon/대전,KR-30,Yuseong-gu/유성구,KR-30-4,Dae-dong/대동,KR-30-4-8
Daejeon/대전,KR-30,Yuseong-gu/유성구,KR-30-4,Daejeong-dong/대정동,KR-30-4-9
Daejeon/대전,KR-30,Yuseong-gu/유성구,KR-30-4,Daejeonyuseongucheguksaseoham/대전유성우체국사서함,KR-30-4-10
Daejeon/대전,KR-30,Yuseong-gu/유성구,KR-30-4,Deokjin-dong/덕진동,KR-30-4-11
Daejeon/대전,KR-30,Yuseong-gu/유성구,KR-30-4,Deokmyeong-dong/덕명동,KR-30-4-12
Daejeon/대전,KR-30,Yuseong-gu/유성구,KR-30-4,Doryong-dong/도룡동,KR-30-4-13
Daejeon/대전,KR-30,Yuseong-gu/유성구,KR-30-4,Dungok-dong/둔곡동,KR-30-4-14
Daejeon/대전,KR-30,Yuseong-gu/유성구,KR-30-4,Eoeun-dong/어은동,KR-30-4-15
Daejeon/대전,KR-30,Yuseong-gu/유성구,KR-30-4,Gajeong-dong/가정동,KR-30-4-16
Daejeon/대전,KR-30,Yuseong-gu/유성구,KR-30-4,Gap-dong/갑동,KR-30-4-17
Daejeon/대전,KR-30,Yuseong-gu/유성구,KR-30-4,Geumgo-dong/금고동,KR-30-4-18
Daejeon/대전,KR-30,Yuseong-gu/유성구,KR-30-4,Geumtan-dong/금탄동,KR-30-4-19
Daejeon/대전,KR-30,Yuseong-gu/유성구,KR-30-4,Guam-dong/구암동,KR-30-4-20
Daejeon/대전,KR-30,Yuseong-gu/유성구,KR-30-4,Gung-dong/궁동,KR-30-4-21
Daejeon/대전,KR-30,Yuseong-gu/유성구,KR-30-4,Guryong-dong/구룡동,KR-30-4-22
Daejeon/대전,KR-30,Yuseong-gu/유성구,KR-30-4,Guseong-dong/구성동,KR-30-4-23
Daejeon/대전,KR-30,Yuseong-gu/유성구,KR-30-4,Gwanpyeong-dong/관평동,KR-30-4-24
Daejeon/대전,KR-30,Yuseong-gu/유성구,KR-30-4,Gyesan-dong/계산동,KR-30-4-25
Daejeon/대전,KR-30,Yuseong-gu/유성구,KR-30-4,Gyochon-dong/교촌동,KR-30-4-26
Daejeon/대전,KR-30,Yuseong-gu/유성구,KR-30-4,Hagi-dong/하기동,KR-30-4-27
Daejeon/대전,KR-30,Yuseong-gu/유성구,KR-30-4,Hakha-dong/학하동,KR-30-4-28
Daejeon/대전,KR-30,Yuseong-gu/유성구,KR-30-4,Hwaam-dong/화암동,KR-30-4-29
Daejeon/대전,KR-30,Yuseong-gu/유성구,KR-30-4,Jangdae-dong/장대동,KR-30-4-30
Daejeon/대전,KR-30,Yuseong-gu/유성구,KR-30-4,Jang-dong/장동,KR-30-4-31
Daejeon/대전,KR-30,Yuseong-gu/유성구,KR-30-4,Jaun-dong/자운동,KR-30-4-32
Daejeon/대전,KR-30,Yuseong-gu/유성구,KR-30-4,Jeonmin-dong/전민동,KR-30-4-33
Daejeon/대전,KR-30,Yuseong-gu/유성구,KR-30-4,Jijok-dong/지족동,KR-30-4-34
Daejeon/대전,KR-30,Yuseong-gu/유성구,KR-30-4,Juk-dong/죽동,KR-30-4-35
Daejeon/대전,KR-30,Yuseong-gu/유성구,KR-30-4,Munji-dong/문지동,KR-30-4-36
Daejeon/대전,KR-30,Yuseong-gu/유성구,KR-30-4,Noeun-dong/노은동,KR-30-4-37
Daejeon/대전,KR-30,Yuseong-gu/유성구,KR-30-4,Oesam-dong/외삼동,KR-30-4-38
Daejeon/대전,KR-30,Yuseong-gu/유성구,KR-30-4,Sangdae-dong/상대동,KR-30-4-39
Daejeon/대전,KR-30,Yuseong-gu/유성구,KR-30-4,Se-dong/세동,KR-30-4-40
Daejeon/대전,KR-30,Yuseong-gu/유성구,KR-30-4,Seongbuk-dong/성북동,KR-30-4-41
Daejeon/대전,KR-30,Yuseong-gu/유성구,KR-30-4,Sinbong-dong/신봉동,KR-30-4-42
Daejeon/대전,KR-30,Yuseong-gu/유성구,KR-30-4,Sin-dong/신동,KR-30-4-43
Daejeon/대전,KR-30,Yuseong-gu/유성구,KR-30-4,Sinseong-dong/신성동,KR-30-4-44
Daejeon/대전,KR-30,Yuseong-gu/유성구,KR-30-4,Songgang-dong/송강동,KR-30-4-45
Daejeon/대전,KR-30,Yuseong-gu/유성구,KR-30-4,Songjeong-dong/송정동,KR-30-4-46
Daejeon/대전,KR-30,Yuseong-gu/유성구,KR-30-4,Sunam-dong/수남동,KR-30-4-47
Daejeon/대전,KR-30,Yuseong-gu/유성구,KR-30-4,Taprip-dong/탑립동,KR-30-4-48
Daejeon/대전,KR-30,Yuseong-gu/유성구,KR-30-4,Wonchon-dong/원촌동,KR-30-4-49
Daejeon/대전,KR-30,Yuseong-gu/유성구,KR-30-4,Wonnae-dong/원내동,KR-30-4-50
Daejeon/대전,KR-30,Yuseong-gu/유성구,KR-30-4,Wonsinheung-dong/원신흥동,KR-30-4-51
Daejeon/대전,KR-30,Yuseong-gu/유성구,KR-30-4,Yonggye-dong/용계동,KR-30-4-52
Daejeon/대전,KR-30,Yuseong-gu/유성구,KR-30-4,Yongsan-dong/용산동,KR-30-4-53
Gangwon-do/강원,KR-42,Cheorwon-gun/철원군,KR-42-0,Cheorwon-eup/철원읍,KR-42-0-0
Gangwon-do/강원,KR-42,Cheorwon-gun/철원군,KR-42-0,Dongsong-eup/동송읍,KR-42-0-1
Gangwon-do/강원,KR-42,Cheorwon-gun/철원군,KR-42-0,Galmar-eup/갈말읍,KR-42-0-2
Gangwon-do/강원,KR-42,Cheorwon-gun/철원군,KR-42-0,Geunbuk-myeon/근북면,KR-42-0-3
Gangwon-do/강원,KR-42,Cheorwon-gun/철원군,KR-42-0,Geunnam-myeon/근남면,KR-42-0-4
Gangwon-do/강원,KR-42,Cheorwon-gun/철원군,KR-42-0,Gimhwa-eup/김화읍,KR-42-0-5
Gangwon-do/강원,KR-42,Cheorwon-gun/철원군,KR-42-0,Seo-myeon/서면,KR-42-0-6
Gangwon-do/강원,KR-42,Chuncheon-si/춘천시,KR-42-1,Bongui-dong/봉의동,KR-42-1-0
Gangwon-do/강원,KR-42,Chuncheon-si/춘천시,KR-42-1,Buksan-myeon/북산면,KR-42-1-1
Gangwon-do/강원,KR-42,Chuncheon-si/춘천시,KR-42-1,Chiljeon-dong/칠전동,KR-42-1-2
Gangwon-do/강원,KR-42,Chuncheon-si/춘천시,KR-42-1,Chuncheonucheguksaseoham/춘천우체국사서함,KR-42-1-3
Gangwon-do/강원,KR-42,Chuncheon-si/춘천시,KR-42-1,Dong-myeon/동면,KR-42-1-4
Gangwon-do/강원,KR-42,Chuncheon-si/춘천시,KR-42-1,Dongnae-myeon/동내면,KR-42-1-5
Gangwon-do/강원,KR-42,Chuncheon-si/춘천시,KR-42-1,Dongsan-myeon/동산면,KR-42-1-6
Gangwon-do/강원,KR-42,Chuncheon-si/춘천시,KR-42-1,Geunhwa-dong/근화동,KR-42-1-7
Gangwon-do/강원,KR-42,Chuncheon-si/춘천시,KR-42-1,Gyo-dong/교동,KR-42-1-8
Gangwon-do/강원,KR-42,Chuncheon-si/춘천시,KR-42-1,Hupyeong 1(il)-dong/후평1동,KR-42-1-9
Gangwon-do/강원,KR-42,Chuncheon-si/춘천시,KR-42-1,Hupyeong 2(i)-dong/후평2동,KR-42-1-10
Gangwon-do/강원,KR-42,Chuncheon-si/춘천시,KR-42-1,Hupyeong 3(sam)-dong/후평3동,KR-42-1-11
Gangwon-do/강원,KR-42,Chuncheon-si/춘천시,KR-42-1,Hupyeong-dong/후평동,KR-42-1-12
Gangwon-do/강원,KR-42,Chuncheon-si/춘천시,KR-42-1,Hyoja 1(il)-dong/효자1동,KR-42-1-13
Gangwon-do/강원,KR-42,Chuncheon-si/춘천시,KR-42-1,Hyoja 2(i)-dong/효자2동,KR-42-1-14
Gangwon-do/강원,KR-42,Chuncheon-si/춘천시,KR-42-1,Hyoja 3(sam)-dong/효자3동,KR-42-1-15
Gangwon-do/강원,KR-42,Chuncheon-si/춘천시,KR-42-1,Hyoja-dong/효자동,KR-42-1-16
Gangwon-do/강원,KR-42,Chuncheon-si/춘천시,KR-42-1,Joyang-dong/조양동,KR-42-1-17
Gangwon-do/강원,KR-42,Chuncheon-si/춘천시,KR-42-1,Jukrim-dong/죽림동,KR-42-1-18
Gangwon-do/강원,KR-42,Chuncheon-si/춘천시,KR-42-1,Jungangro 1(il)-ga/중앙로1가,KR-42-1-19
Gangwon-do/강원,KR-42,Chuncheon-si/춘천시,KR-42-1,Jungangro 2(i)-ga/중앙로2가,KR-42-1-20
Gangwon-do/강원,KR-42,Chuncheon-si/춘천시,KR-42-1,Jungangro 3(sam)-ga/중앙로3가,KR-42-1-21
Gangwon-do/강원,KR-42,Chuncheon-si/춘천시,KR-42-1,Jungdo-dong/중도동,KR-42-1-22
Gangwon-do/강원,KR-42,Chuncheon-si/춘천시,KR-42-1,Nagwon-dong/낙원동,KR-42-1-23
Gangwon-do/강원,KR-42,Chuncheon-si/춘천시,KR-42-1,Nam-myeon/남면,KR-42-1-24
Gangwon-do/강원,KR-42,Chuncheon-si/춘천시,KR-42-1,Namsan-myeon/남산면,KR-42-1-25
Gangwon-do/강원,KR-42,Chuncheon-si/춘천시,KR-42-1,Okcheon-dong/옥천동,KR-42-1-26
Gangwon-do/강원,KR-42,Chuncheon-si/춘천시,KR-42-1,Onui-dong/온의동,KR-42-1-27
Gangwon-do/강원,KR-42,Chuncheon-si/춘천시,KR-42-1,Sabuk-myeon/사북면,KR-42-1-28
Gangwon-do/강원,KR-42,Chuncheon-si/춘천시,KR-42-1,Samcheon-dong/삼천동,KR-42-1-29
Gangwon-do/강원,KR-42,Chuncheon-si/춘천시,KR-42-1,Sanong-dong/사농동,KR-42-1-30
Gangwon-do/강원,KR-42,Chuncheon-si/춘천시,KR-42-1,Seoksa-dong/석사동,KR-42-1-31
Gangwon-do/강원,KR-42,Chuncheon-si/춘천시,KR-42-1,Seo-myeon/서면,KR-42-1-32
Gangwon-do/강원,KR-42,Chuncheon-si/춘천시,KR-42-1,Sinbug-eup/신북읍,KR-42-1-33
Gangwon-do/강원,KR-42,Chuncheon-si/춘천시,KR-42-1,Sin-dong/신동,KR-42-1-34
Gangwon-do/강원,KR-42,Chuncheon-si/춘천시,KR-42-1,Sindong-myeon/신동면,KR-42-1-35
Gangwon-do/강원,KR-42,Chuncheon-si/춘천시,KR-42-1,Songam-dong/송암동,KR-42-1-36
Gangwon-do/강원,KR-42,Chuncheon-si/춘천시,KR-42-1,Soyangro 1(il)-ga/소양로1가,KR-42-1-37
Gangwon-do/강원,KR-42,Chuncheon-si/춘천시,KR-42-1,Soyangro 2(i)-ga/소양로2가,KR-42-1-38
Gangwon-do/강원,KR-42,Chuncheon-si/춘천시,KR-42-1,Soyangro 3(sam)-ga/소양로3가,KR-42-1-39
Gangwon-do/강원,KR-42,Chuncheon-si/춘천시,KR-42-1,Soyangro 4(sa)-ga/소양로4가,KR-42-1-40
Gangwon-do/강원,KR-42,Chuncheon-si/춘천시,KR-42-1,Toegye-dong/퇴계동,KR-42-1-41
Gangwon-do/강원,KR-42,Chuncheon-si/춘천시,KR-42-1,Udu-dong/우두동,KR-42-1-42
Gangwon-do/강원,KR-42,Chuncheon-si/춘천시,KR-42-1,Ungyo-dong/운교동,KR-42-1-43
Gangwon-do/강원,KR-42,Chuncheon-si/춘천시,KR-42-1,Yaksa-dong/약사동,KR-42-1-44
Gangwon-do/강원,KR-42,Chuncheon-si/춘천시,KR-42-1,Yoseon-dong/요선동,KR-42-1-45
Gangwon-do/강원,KR-42,Donghae-si/동해시,KR-42-2,Balhan-dong/발한동,KR-42-2-0
Gangwon-do/강원,KR-42,Donghae-si/동해시,KR-42-2,Bicheon-dong/비천동,KR-42-2-1
Gangwon-do/강원,KR-42,Donghae-si/동해시,KR-42-2,Bugok-dong/부곡동,KR-42-2-2
Gangwon-do/강원,KR-42,Donghae-si/동해시,KR-42-2,Bukpyeong-dong/북평동,KR-42-2-3
Gangwon-do/강원,KR-42,Donghae-si/동해시,KR-42-2,Cheongok-dong/천곡동,KR-42-2-4
Gangwon-do/강원,KR-42,Donghae-si/동해시,KR-42-2,Chogu-dong/초구동,KR-42-2-5
Gangwon-do/강원,KR-42,Donghae-si/동해시,KR-42-2,Chuam-dong/추암동,KR-42-2-6
Gangwon-do/강원,KR-42,Donghae-si/동해시,KR-42-2,Daegu-dong/대구동,KR-42-2-7
Gangwon-do/강원,KR-42,Donghae-si/동해시,KR-42-2,Daejin-dong/대진동,KR-42-2-8
Gangwon-do/강원,KR-42,Donghae-si/동해시,KR-42-2,Dalbang-dong/달방동,KR-42-2-9
Gangwon-do/강원,KR-42,Donghae-si/동해시,KR-42-2,Danbong-dong/단봉동,KR-42-2-10
Gangwon-do/강원,KR-42,Donghae-si/동해시,KR-42-2,Donghaeucheguksaseoham/동해우체국사서함,KR-42-2-11
Gangwon-do/강원,KR-42,Donghae-si/동해시,KR-42-2,Dongho-dong/동호동,KR-42-2-12
Gangwon-do/강원,KR-42,Donghae-si/동해시,KR-42-2,Donghoe-dong/동회동,KR-42-2-13
Gangwon-do/강원,KR-42,Donghae-si/동해시,KR-42-2,Eodal-dong/어달동,KR-42-2-14
Gangwon-do/강원,KR-42,Donghae-si/동해시,KR-42-2,Goeran-dong/괴란동,KR-42-2-15
Gangwon-do/강원,KR-42,Donghae-si/동해시,KR-42-2,Guho-dong/구호동,KR-42-2-16
Gangwon-do/강원,KR-42,Donghae-si/동해시,KR-42-2,Gumi-dong/구미동,KR-42-2-17
Gangwon-do/강원,KR-42,Donghae-si/동해시,KR-42-2,Gwiun-dong/귀운동,KR-42-2-18
Gangwon-do/강원,KR-42,Donghae-si/동해시,KR-42-2,Hohyeon-dong/호현동,KR-42-2-19
Gangwon-do/강원,KR-42,Donghae-si/동해시,KR-42-2,Hyoga-dong/효가동,KR-42-2-20
Gangwon-do/강원,KR-42,Donghae-si/동해시,KR-42-2,Ido-dong/이도동,KR-42-2-21
Gangwon-do/강원,KR-42,Donghae-si/동해시,KR-42-2,Igi-dong/이기동,KR-42-2-22
Gangwon-do/강원,KR-42,Donghae-si/동해시,KR-42-2,Iro-dong/이로동,KR-42-2-23
Gangwon-do/강원,KR-42,Donghae-si/동해시,KR-42-2,Jiga-dong/지가동,KR-42-2-24
Gangwon-do/강원,KR-42,Donghae-si/동해시,KR-42-2,Jiheung-dong/지흥동,KR-42-2-25
Gangwon-do/강원,KR-42,Donghae-si/동해시,KR-42-2,Mangsang-dong/망상동,KR-42-2-26
Gangwon-do/강원,KR-42,Donghae-si/동해시,KR-42-2,Manu-dong/만우동,KR-42-2-27
Gangwon-do/강원,KR-42,Donghae-si/동해시,KR-42-2,Mukhojin-dong/묵호진동,KR-42-2-28
Gangwon-do/강원,KR-42,Donghae-si/동해시,KR-42-2,Naan-dong/나안동,KR-42-2-29
Gangwon-do/강원,KR-42,Donghae-si/동해시,KR-42-2,Nae-dong/내동,KR-42-2-30
Gangwon-do/강원,KR-42,Donghae-si/동해시,KR-42-2,Pyeongreung-dong/평릉동,KR-42-2-31
Gangwon-do/강원,KR-42,Donghae-si/동해시,KR-42-2,Samhwa-dong/삼화동,KR-42-2-32
Gangwon-do/강원,KR-42,Donghae-si/동해시,KR-42-2,Simgok-dong/심곡동,KR-42-2-33
Gangwon-do/강원,KR-42,Donghae-si/동해시,KR-42-2,Sinheung-dong/신흥동,KR-42-2-34
Gangwon-do/강원,KR-42,Donghae-si/동해시,KR-42-2,Songjeong-dong/송정동,KR-42-2-35
Gangwon-do/강원,KR-42,Donghae-si/동해시,KR-42-2,Swaeun-dong/쇄운동,KR-42-2-36
Gangwon-do/강원,KR-42,Donghae-si/동해시,KR-42-2,Yongjeong-dong/용정동,KR-42-2-37
Gangwon-do/강원,KR-42,Gangreung-si/강릉시,KR-42-3,Anhyeon-dong/안현동,KR-42-3-0
Gangwon-do/강원,KR-42,Gangreung-si/강릉시,KR-42-3,Bagwol-dong/박월동,KR-42-3-1
Gangwon-do/강원,KR-42,Gangreung-si/강릉시,KR-42-3,Byeongsan-dong/병산동,KR-42-3-2
Gangwon-do/강원,KR-42,Gangreung-si/강릉시,KR-42-3,Cheongryang-dong/청량동,KR-42-3-3
Gangwon-do/강원,KR-42,Gangreung-si/강릉시,KR-42-3,Chodang-dong/초당동,KR-42-3-4
Gangwon-do/강원,KR-42,Gangreung-si/강릉시,KR-42-3,Daejeon-dong/대전동,KR-42-3-5
Gangwon-do/강원,KR-42,Gangreung-si/강릉시,KR-42-3,Damsan-dong/담산동,KR-42-3-6
Gangwon-do/강원,KR-42,Gangreung-si/강릉시,KR-42-3,Dusan-dong/두산동,KR-42-3-7
Gangwon-do/강원,KR-42,Gangreung-si/강릉시,KR-42-3,Gangdong-myeon/강동면,KR-42-3-8
Gangwon-do/강원,KR-42,Gangreung-si/강릉시,KR-42-3,Gangmun-dong/강문동,KR-42-3-9
Gangwon-do/강원,KR-42,Gangreung-si/강릉시,KR-42-3,Gangreungucheguksaseoham/강릉우체국사서함,KR-42-3-10
Gangwon-do/강원,KR-42,Gangreung-si/강릉시,KR-42-3,Geumhak-dong/금학동,KR-42-3-11
Gangwon-do/강원,KR-42,Gangreung-si/강릉시,KR-42-3,Gujeong-myeon/구정면,KR-42-3-12
Gangwon-do/강원,KR-42,Gangreung-si/강릉시,KR-42-3,Gyeonso-dong/견소동,KR-42-3-13
Gangwon-do/강원,KR-42,Gangreung-si/강릉시,KR-42-3,Gyo 1(il)-dong/교1동,KR-42-3-14
Gangwon-do/강원,KR-42,Gangreung-si/강릉시,KR-42-3,Gyo 2(i)-dong/교2동,KR-42-3-15
Gangwon-do/강원,KR-42,Gangreung-si/강릉시,KR-42-3,Gyo-dong/교동,KR-42-3-16
Gangwon-do/강원,KR-42,Gangreung-si/강릉시,KR-42-3,Hak-dong/학동,KR-42-3-17
Gangwon-do/강원,KR-42,Gangreung-si/강릉시,KR-42-3,Hoesan-dong/회산동,KR-42-3-18
Gangwon-do/강원,KR-42,Gangreung-si/강릉시,KR-42-3,Hongje-dong/홍제동,KR-42-3-19
Gangwon-do/강원,KR-42,Gangreung-si/강릉시,KR-42-3,Ibam-dong/입암동,KR-42-3-20
Gangwon-do/강원,KR-42,Gangreung-si/강릉시,KR-42-3,Imdang-dong/임당동,KR-42-3-21
Gangwon-do/강원,KR-42,Gangreung-si/강릉시,KR-42-3,Janghyeon-dong/장현동,KR-42-3-22
Gangwon-do/강원,KR-42,Gangreung-si/강릉시,KR-42-3,Jeo-dong/저동,KR-42-3-23
Gangwon-do/강원,KR-42,Gangreung-si/강릉시,KR-42-3,Jibyeon-dong/지변동,KR-42-3-24
Gangwon-do/강원,KR-42,Gangreung-si/강릉시,KR-42-3,Jukheon-dong/죽헌동,KR-42-3-25
Gangwon-do/강원,KR-42,Gangreung-si/강릉시,KR-42-3,Jumunjin-eup/주문진읍,KR-42-3-26
Gangwon-do/강원,KR-42,Gangreung-si/강릉시,KR-42-3,Myeongju-dong/명주동,KR-42-3-27
Gangwon-do/강원,KR-42,Gangreung-si/강릉시,KR-42-3,Naegok-dong/내곡동,KR-42-3-28
Gangwon-do/강원,KR-42,Gangreung-si/강릉시,KR-42-3,Namhangjin-dong/남항진동,KR-42-3-29
Gangwon-do/강원,KR-42,Gangreung-si/강릉시,KR-42-3,Nammun-dong/남문동,KR-42-3-30
Gangwon-do/강원,KR-42,Gangreung-si/강릉시,KR-42-3,Nangok-dong/난곡동,KR-42-3-31
Gangwon-do/강원,KR-42,Gangreung-si/강릉시,KR-42-3,Noam-dong/노암동,KR-42-3-32
Gangwon-do/강원,KR-42,Gangreung-si/강릉시,KR-42-3,Okcheon-dong/옥천동,KR-42-3-33
Gangwon-do/강원,KR-42,Gangreung-si/강릉시,KR-42-3,Okgye-myeon/옥계면,KR-42-3-34
Gangwon-do/강원,KR-42,Gangreung-si/강릉시,KR-42-3,Ponam 1(il)-dong/포남1동,KR-42-3-35
Gangwon-do/강원,KR-42,Gangreung-si/강릉시,KR-42-3,Ponam 2(i)-dong/포남2동,KR-42-3-36
Gangwon-do/강원,KR-42,Gangreung-si/강릉시,KR-42-3,Ponam-dong/포남동,KR-42-3-37
Gangwon-do/강원,KR-42,Gangreung-si/강릉시,KR-42-3,Sacheon-myeon/사천면,KR-42-3-38
Gangwon-do/강원,KR-42,Gangreung-si/강릉시,KR-42-3,Seongnae-dong/성내동,KR-42-3-39
Gangwon-do/강원,KR-42,Gangreung-si/강릉시,KR-42-3,Seongnam-dong/성남동,KR-42-3-40
Gangwon-do/강원,KR-42,Gangreung-si/강릉시,KR-42-3,Seongsan-myeon/성산면,KR-42-3-41
Gangwon-do/강원,KR-42,Gangreung-si/강릉시,KR-42-3,Sinseok-dong/신석동,KR-42-3-42
Gangwon-do/강원,KR-42,Gangreung-si/강릉시,KR-42-3,Songjeong-dong/송정동,KR-42-3-43
Gangwon-do/강원,KR-42,Gangreung-si/강릉시,KR-42-3,Unjeong-dong/운정동,KR-42-3-44
Gangwon-do/강원,KR-42,Gangreung-si/강릉시,KR-42-3,Unsan-dong/운산동,KR-42-3-45
Gangwon-do/강원,KR-42,Gangreung-si/강릉시,KR-42-3,Wangsan-myeon/왕산면,KR-42-3-46
Gangwon-do/강원,KR-42,Gangreung-si/강릉시,KR-42-3,Wolhopyeong-dong/월호평동,KR-42-3-47
Gangwon-do/강원,KR-42,Gangreung-si/강릉시,KR-42-3,Yeongok-myeon/연곡면,KR-42-3-48
Gangwon-do/강원,KR-42,Gangreung-si/강릉시,KR-42-3,Yonggang-dong/용강동,KR-42-3-49
Gangwon-do/강원,KR-42,Gangreung-si/강릉시,KR-42-3,Yucheon-dong/유천동,KR-42-3-50
Gangwon-do/강원,KR-42,Gangreung-si/강릉시,KR-42-3,Yusan-dong/유산동,KR-42-3-51
Gangwon-do/강원,KR-42,Goseong-gun/고성군,KR-42-4,Daega-myeon/대가면,KR-42-4-0
Gangwon-do/강원,KR-42,Goseong-gun/고성군,KR-42-4,Donghae-myeon/동해면,KR-42-4-1
Gangwon-do/강원,KR-42,Goseong-gun/고성군,KR-42-4,Gaecheon-myeon/개천면,KR-42-4-2
Gangwon-do/강원,KR-42,Goseong-gun/고성군,KR-42-4,Ganseong-eup/간성읍,KR-42-4-3
Gangwon-do/강원,KR-42,Goseong-gun/고성군,KR-42-4,Geojin-eup/거진읍,KR-42-4-4
Gangwon-do/강원,KR-42,Goseong-gun/고성군,KR-42-4,Georyu-myeon/거류면,KR-42-4-5
Gangwon-do/강원,KR-42,Goseong-gun/고성군,KR-42-4,Goseong-eup/고성읍,KR-42-4-6
Gangwon-do/강원,KR-42,Goseong-gun/고성군,KR-42-4,Guman-myeon/구만면,KR-42-4-7
Gangwon-do/강원,KR-42,Goseong-gun/고성군,KR-42-4,Hail-myeon/하일면,KR-42-4-8
Gangwon-do/강원,KR-42,Goseong-gun/고성군,KR-42-4,Hai-myeon/하이면,KR-42-4-9
Gangwon-do/강원,KR-42,Goseong-gun/고성군,KR-42-4,Hoehwa-myeon/회화면,KR-42-4-10
Gangwon-do/강원,KR-42,Goseong-gun/고성군,KR-42-4,Hyeonnae-myeon/현내면,KR-42-4-11
Gangwon-do/강원,KR-42,Goseong-gun/고성군,KR-42-4,Jugwang-myeon/죽왕면,KR-42-4-12
Gangwon-do/강원,KR-42,Goseong-gun/고성군,KR-42-4,Maam-myeon/마암면,KR-42-4-13
Gangwon-do/강원,KR-42,Goseong-gun/고성군,KR-42-4,Samsan-myeon/삼산면,KR-42-4-14
Gangwon-do/강원,KR-42,Goseong-gun/고성군,KR-42-4,Sangri-myeon/상리면,KR-42-4-15
Gangwon-do/강원,KR-42,Goseong-gun/고성군,KR-42-4,Toseong-myeon/토성면,KR-42-4-16
Gangwon-do/강원,KR-42,Goseong-gun/고성군,KR-42-4,Yeonghyeon-myeon/영현면,KR-42-4-17
Gangwon-do/강원,KR-42,Goseong-gun/고성군,KR-42-4,Yeongo-myeon/영오면,KR-42-4-18
Gangwon-do/강원,KR-42,Hoengseong-gun/횡성군,KR-42-5,Anheung-myeon/안흥면,KR-42-5-0
Gangwon-do/강원,KR-42,Hoengseong-gun/횡성군,KR-42-5,Cheongil-myeon/청일면,KR-42-5-1
Gangwon-do/강원,KR-42,Hoengseong-gun/횡성군,KR-42-5,Dunnae-myeon/둔내면,KR-42-5-2
Gangwon-do/강원,KR-42,Hoengseong-gun/횡성군,KR-42-5,Gangrim-myeon/강림면,KR-42-5-3
Gangwon-do/강원,KR-42,Hoengseong-gun/횡성군,KR-42-5,Gapcheon-myeon/갑천면,KR-42-5-4
Gangwon-do/강원,KR-42,Hoengseong-gun/횡성군,KR-42-5,Gonggeun-myeon/공근면,KR-42-5-5
Gangwon-do/강원,KR-42,Hoengseong-gun/횡성군,KR-42-5,Hoengseong-eup/횡성읍,KR-42-5-6
Gangwon-do/강원,KR-42,Hoengseong-gun/횡성군,KR-42-5,Seowon-myeon/서원면,KR-42-5-7
Gangwon-do/강원,KR-42,Hoengseong-gun/횡성군,KR-42-5,Ucheon-myeon/우천면,KR-42-5-8
Gangwon-do/강원,KR-42,Hongcheon-gun/홍천군,KR-42-6,Bukbang-myeon/북방면,KR-42-6-0
Gangwon-do/강원,KR-42,Hongcheon-gun/홍천군,KR-42-6,Dong-myeon/동면,KR-42-6-1
Gangwon-do/강원,KR-42,Hongcheon-gun/홍천군,KR-42-6,Duchon-myeon/두촌면,KR-42-6-2
Gangwon-do/강원,KR-42,Hongcheon-gun/홍천군,KR-42-6,Hongcheon-eup/홍천읍,KR-42-6-3
Gangwon-do/강원,KR-42,Hongcheon-gun/홍천군,KR-42-6,Hwachon-myeon/화촌면,KR-42-6-4
Gangwon-do/강원,KR-42,Hongcheon-gun/홍천군,KR-42-6,Naechon-myeon/내촌면,KR-42-6-5
Gangwon-do/강원,KR-42,Hongcheon-gun/홍천군,KR-42-6,Nae-myeon/내면,KR-42-6-6
Gangwon-do/강원,KR-42,Hongcheon-gun/홍천군,KR-42-6,Nam-myeon/남면,KR-42-6-7
Gangwon-do/강원,KR-42,Hongcheon-gun/홍천군,KR-42-6,Seo-myeon/서면,KR-42-6-8
Gangwon-do/강원,KR-42,Hongcheon-gun/홍천군,KR-42-6,Seoseok-myeon/서석면,KR-42-6-9
Gangwon-do/강원,KR-42,Hwacheon-gun/화천군,KR-42-7,Gandong-myeon/간동면,KR-42-7-0
Gangwon-do/강원,KR-42,Hwacheon-gun/화천군,KR-42-7,Hanam-myeon/하남면,KR-42-7-1
Gangwon-do/강원,KR-42,Hwacheon-gun/화천군,KR-42-7,Hwacheon-eup/화천읍,KR-42-7-2
Gangwon-do/강원,KR-42,Hwacheon-gun/화천군,KR-42-7,Sanae-myeon/사내면,KR-42-7-3
Gangwon-do/강원,KR-42,Hwacheon-gun/화천군,KR-42-7,Sangseo-myeon/상서면,KR-42-7-4
Gangwon-do/강원,KR-42,Inje-gun/인제군,KR-42-8,Buk-myeon/북면,KR-42-8-0
Gangwon-do/강원,KR-42,Inje-gun/인제군,KR-42-8,Girin-myeon/기린면,KR-42-8-1
Gangwon-do/강원,KR-42,Inje-gun/인제군,KR-42-8,Inje-eup/인제읍,KR-42-8-2
Gangwon-do/강원,KR-42,Inje-gun/인제군,KR-42-8,Nam-myeon/남면,KR-42-8-3
Gangwon-do/강원,KR-42,Inje-gun/인제군,KR-42-8,Sangnam-myeon/상남면,KR-42-8-4
Gangwon-do/강원,KR-42,Inje-gun/인제군,KR-42-8,Seohwa-myeon/서화면,KR-42-8-5
Gangwon-do/강원,KR-42,Jeongseon-gun/정선군,KR-42-9,Buk-myeon/북면,KR-42-9-0
Gangwon-do/강원,KR-42,Jeongseon-gun/정선군,KR-42-9,Bukpyeong-myeon/북평면,KR-42-9-1
Gangwon-do/강원,KR-42,Jeongseon-gun/정선군,KR-42-9,Dong-myeon/동면,KR-42-9-2
Gangwon-do/강원,KR-42,Jeongseon-gun/정선군,KR-42-9,Gohan-eup/고한읍,KR-42-9-3
Gangwon-do/강원,KR-42,Jeongseon-gun/정선군,KR-42-9,Imgye-myeon/임계면,KR-42-9-4
Gangwon-do/강원,KR-42,Jeongseon-gun/정선군,KR-42-9,Jeongseon-eup/정선읍,KR-42-9-5
Gangwon-do/강원,KR-42,Jeongseon-gun/정선군,KR-42-9,Nam-myeon/남면,KR-42-9-6
Gangwon-do/강원,KR-42,Jeongseon-gun/정선군,KR-42-9,Sabug-eup/사북읍,KR-42-9-7
Gangwon-do/강원,KR-42,Jeongseon-gun/정선군,KR-42-9,Sindong-eup/신동읍,KR-42-9-8
Gangwon-do/강원,KR-42,Pyeongchang-gun/평창군,KR-42-10,Bangrim-myeon/방림면,KR-42-10-0
Gangwon-do/강원,KR-42,Pyeongchang-gun/평창군,KR-42-10,Bongpyeong-myeon/봉평면,KR-42-10-1
Gangwon-do/강원,KR-42,Pyeongchang-gun/평창군,KR-42-10,Daegwanryeong-myeon/대관령면,KR-42-10-2
Gangwon-do/강원,KR-42,Pyeongchang-gun/평창군,KR-42-10,Daehwa-myeon/대화면,KR-42-10-3
Gangwon-do/강원,KR-42,Pyeongchang-gun/평창군,KR-42-10,Jinbu-myeon/진부면,KR-42-10-4
Gangwon-do/강원,KR-42,Pyeongchang-gun/평창군,KR-42-10,Mitan-myeon/미탄면,KR-42-10-5
Gangwon-do/강원,KR-42,Pyeongchang-gun/평창군,KR-42-10,Pyeongchang-eup/평창읍,KR-42-10-6
Gangwon-do/강원,KR-42,Pyeongchang-gun/평창군,KR-42-10,Yongpyeong-myeon/용평면,KR-42-10-7
Gangwon-do/강원,KR-42,Samcheok-si/삼척시,KR-42-11,Dangjeo-dong/당저동,KR-42-11-0
Gangwon-do/강원,KR-42,Samcheok-si/삼척시,KR-42-11,Deungbong-dong/등봉동,KR-42-11-1
Gangwon-do/강원,KR-42,Samcheok-si/삼척시,KR-42-11,Dogye-eup/도계읍,KR-42-11-2
Gangwon-do/강원,KR-42,Samcheok-si/삼척시,KR-42-11,Dogyeong-dong/도경동,KR-42-11-3
Gangwon-do/강원,KR-42,Samcheok-si/삼척시,KR-42-11,Eupjung-dong/읍중동,KR-42-11-4
Gangwon-do/강원,KR-42,Samcheok-si/삼척시,KR-42-11,Eupsang-dong/읍상동,KR-42-11-5
Gangwon-do/강원,KR-42,Samcheok-si/삼척시,KR-42-11,Gagok-myeon/가곡면,KR-42-11-6
Gangwon-do/강원,KR-42,Samcheok-si/삼척시,KR-42-11,Galcheon-dong/갈천동,KR-42-11-7
Gangwon-do/강원,KR-42,Samcheok-si/삼척시,KR-42-11,Geonji-dong/건지동,KR-42-11-8
Gangwon-do/강원,KR-42,Samcheok-si/삼척시,KR-42-11,Geundeok-myeon/근덕면,KR-42-11-9
Gangwon-do/강원,KR-42,Samcheok-si/삼척시,KR-42-11,Geunsan-dong/근산동,KR-42-11-10
Gangwon-do/강원,KR-42,Samcheok-si/삼척시,KR-42-11,Gyo-dong/교동,KR-42-11-11
Gangwon-do/강원,KR-42,Samcheok-si/삼척시,KR-42-11,Hajang-myeon/하장면,KR-42-11-12
Gangwon-do/강원,KR-42,Samcheok-si/삼척시,KR-42-11,Jawon-dong/자원동,KR-42-11-13
Gangwon-do/강원,KR-42,Samcheok-si/삼척시,KR-42-11,Jeokno-dong/적노동,KR-42-11-14
Gangwon-do/강원,KR-42,Samcheok-si/삼척시,KR-42-11,Jeongha-dong/정하동,KR-42-11-15
Gangwon-do/강원,KR-42,Samcheok-si/삼척시,KR-42-11,Jeongsang-dong/정상동,KR-42-11-16
Gangwon-do/강원,KR-42,Samcheok-si/삼척시,KR-42-11,Jeungsan-dong/증산동,KR-42-11-17
Gangwon-do/강원,KR-42,Samcheok-si/삼척시,KR-42-11,Jobi-dong/조비동,KR-42-11-18
Gangwon-do/강원,KR-42,Samcheok-si/삼척시,KR-42-11,Madal-dong/마달동,KR-42-11-19
Gangwon-do/강원,KR-42,Samcheok-si/삼척시,KR-42-11,Mapyeong-dong/마평동,KR-42-11-20
Gangwon-do/강원,KR-42,Samcheok-si/삼척시,KR-42-11,Miro-myeon/미로면,KR-42-11-21
Gangwon-do/강원,KR-42,Samcheok-si/삼척시,KR-42-11,Namyang-dong/남양동,KR-42-11-22
Gangwon-do/강원,KR-42,Samcheok-si/삼척시,KR-42-11,Nogok-myeon/노곡면,KR-42-11-23
Gangwon-do/강원,KR-42,Samcheok-si/삼척시,KR-42-11,Obun-dong/오분동,KR-42-11-24
Gangwon-do/강원,KR-42,Samcheok-si/삼척시,KR-42-11,Osa-dong/오사동,KR-42-11-25
Gangwon-do/강원,KR-42,Samcheok-si/삼척시,KR-42-11,Pyeongjeon-dong/평전동,KR-42-11-26
Gangwon-do/강원,KR-42,Samcheok-si/삼척시,KR-42-11,Sajik-dong/사직동,KR-42-11-27
Gangwon-do/강원,KR-42,Samcheok-si/삼척시,KR-42-11,Samcheogucheguksaseoham/삼척우체국사서함,KR-42-11-28
Gangwon-do/강원,KR-42,Samcheok-si/삼척시,KR-42-11,Seongbuk-dong/성북동,KR-42-11-29
Gangwon-do/강원,KR-42,Samcheok-si/삼척시,KR-42-11,Seongnae-dong/성내동,KR-42-11-30
Gangwon-do/강원,KR-42,Samcheok-si/삼척시,KR-42-11,Seongnam-dong/성남동,KR-42-11-31
Gangwon-do/강원,KR-42,Samcheok-si/삼척시,KR-42-11,Singi-myeon/신기면,KR-42-11-32
Gangwon-do/강원,KR-42,Samcheok-si/삼척시,KR-42-11,Uji-dong/우지동,KR-42-11-33
Gangwon-do/강원,KR-42,Samcheok-si/삼척시,KR-42-11,Wondang-dong/원당동,KR-42-11-34
Gangwon-do/강원,KR-42,Samcheok-si/삼척시,KR-42-11,Wondeog-eup/원덕읍,KR-42-11-35
Gangwon-do/강원,KR-42,Sokcho-si/속초시,KR-42-12,Cheonghak-dong/청학동,KR-42-12-0
Gangwon-do/강원,KR-42,Sokcho-si/속초시,KR-42-12,Cheongho-dong/청호동,KR-42-12-1
Gangwon-do/강원,KR-42,Sokcho-si/속초시,KR-42-12,Daepo-dong/대포동,KR-42-12-2
Gangwon-do/강원,KR-42,Sokcho-si/속초시,KR-42-12,Domun-dong/도문동,KR-42-12-3
Gangwon-do/강원,KR-42,Sokcho-si/속초시,KR-42-12,Dongmyeong-dong/동명동,KR-42-12-4
Gangwon-do/강원,KR-42,Sokcho-si/속초시,KR-42-12,Geumho-dong/금호동,KR-42-12-5
Gangwon-do/강원,KR-42,Sokcho-si/속초시,KR-42-12,Gyo-dong/교동,KR-42-12-6
Gangwon-do/강원,KR-42,Sokcho-si/속초시,KR-42-12,Jangsa-dong/장사동,KR-42-12-7
Gangwon-do/강원,KR-42,Sokcho-si/속초시,KR-42-12,Joyang-dong/조양동,KR-42-12-8
Gangwon-do/강원,KR-42,Sokcho-si/속초시,KR-42-12,Jungang-dong/중앙동,KR-42-12-9
Gangwon-do/강원,KR-42,Sokcho-si/속초시,KR-42-12,Nohak-dong/노학동,KR-42-12-10
Gangwon-do/강원,KR-42,Sokcho-si/속초시,KR-42-12,Seorak-dong/설악동,KR-42-12-11
Gangwon-do/강원,KR-42,Sokcho-si/속초시,KR-42-12,Sokchoucheguksaseoham/속초우체국사서함,KR-42-12-12
Gangwon-do/강원,KR-42,Sokcho-si/속초시,KR-42-12,Yeongrang-dong/영랑동,KR-42-12-13
Gangwon-do/강원,KR-42,Taebaek-si/태백시,KR-42-13,Baeksan-dong/백산동,KR-42-13-0
Gangwon-do/강원,KR-42,Taebaek-si/태백시,KR-42-13,Changjuk-dong/창죽동,KR-42-13-1
Gangwon-do/강원,KR-42,Taebaek-si/태백시,KR-42-13,Cheoram-dong/철암동,KR-42-13-2
Gangwon-do/강원,KR-42,Taebaek-si/태백시,KR-42-13,Dongjeom-dong/동점동,KR-42-13-3
Gangwon-do/강원,KR-42,Taebaek-si/태백시,KR-42-13,Geumcheon-dong/금천동,KR-42-13-4
Gangwon-do/강원,KR-42,Taebaek-si/태백시,KR-42-13,Gumunso-dong/구문소동,KR-42-13-5
Gangwon-do/강원,KR-42,Taebaek-si/태백시,KR-42-13,Hasami-dong/하사미동,KR-42-13-6
Gangwon-do/강원,KR-42,Taebaek-si/태백시,KR-42-13,Hwajeon-dong/화전동,KR-42-13-7
Gangwon-do/강원,KR-42,Taebaek-si/태백시,KR-42-13,Hwangji-dong/황지동,KR-42-13-8
Gangwon-do/강원,KR-42,Taebaek-si/태백시,KR-42-13,Hwangyeon-dong/황연동,KR-42-13-9
Gangwon-do/강원,KR-42,Taebaek-si/태백시,KR-42-13,Hyeol-dong/혈동,KR-42-13-10
Gangwon-do/강원,KR-42,Taebaek-si/태백시,KR-42-13,Jangseong-dong/장성동,KR-42-13-11
Gangwon-do/강원,KR-42,Taebaek-si/태백시,KR-42-13,Jeokgak-dong/적각동,KR-42-13-12
Gangwon-do/강원,KR-42,Taebaek-si/태백시,KR-42-13,Jotan-dong/조탄동,KR-42-13-13
Gangwon-do/강원,KR-42,Taebaek-si/태백시,KR-42-13,Mungok-dong/문곡동,KR-42-13-14
Gangwon-do/강원,KR-42,Taebaek-si/태백시,KR-42-13,Samsu-dong/삼수동,KR-42-13-15
Gangwon-do/강원,KR-42,Taebaek-si/태백시,KR-42-13,Sangjang-dong/상장동,KR-42-13-16
Gangwon-do/강원,KR-42,Taebaek-si/태백시,KR-42-13,Sangsami-dong/상사미동,KR-42-13-17
Gangwon-do/강원,KR-42,Taebaek-si/태백시,KR-42-13,Sodo-dong/소도동,KR-42-13-18
Gangwon-do/강원,KR-42,Taebaek-si/태백시,KR-42-13,Taebaegucheguksaseoham/태백우체국사서함,KR-42-13-19
Gangwon-do/강원,KR-42,Taebaek-si/태백시,KR-42-13,Tong-dong/통동,KR-42-13-20
Gangwon-do/강원,KR-42,Taebaek-si/태백시,KR-42-13,Won-dong/원동,KR-42-13-21
Gangwon-do/강원,KR-42,Wonju-si/원주시,KR-42-14,Bangok-dong/반곡동,KR-42-14-0
Gangwon-do/강원,KR-42,Wonju-si/원주시,KR-42-14,Bongsan-dong/봉산동,KR-42-14-1
Gangwon-do/강원,KR-42,Wonju-si/원주시,KR-42-14,Buron-myeon/부론면,KR-42-14-2
Gangwon-do/강원,KR-42,Wonju-si/원주시,KR-42-14,Dangu-dong/단구동,KR-42-14-3
Gangwon-do/강원,KR-42,Wonju-si/원주시,KR-42-14,Dangye-dong/단계동,KR-42-14-4
Gangwon-do/강원,KR-42,Wonju-si/원주시,KR-42-14,Gaeun-dong/개운동,KR-42-14-5
Gangwon-do/강원,KR-42,Wonju-si/원주시,KR-42-14,Gahyeon-dong/가현동,KR-42-14-6
Gangwon-do/강원,KR-42,Wonju-si/원주시,KR-42-14,Gwanseol-dong/관설동,KR-42-14-7
Gangwon-do/강원,KR-42,Wonju-si/원주시,KR-42-14,Gwirae-myeon/귀래면,KR-42-14-8
Gangwon-do/강원,KR-42,Wonju-si/원주시,KR-42-14,Haenggu-dong/행구동,KR-42-14-9
Gangwon-do/강원,KR-42,Wonju-si/원주시,KR-42-14,Hakseong-dong/학성동,KR-42-14-10
Gangwon-do/강원,KR-42,Wonju-si/원주시,KR-42-14,Heungeop-myeon/흥업면,KR-42-14-11
Gangwon-do/강원,KR-42,Wonju-si/원주시,KR-42-14,Hojeo-myeon/호저면,KR-42-14-12
Gangwon-do/강원,KR-42,Wonju-si/원주시,KR-42-14,Ilsan-dong/일산동,KR-42-14-13
Gangwon-do/강원,KR-42,Wonju-si/원주시,KR-42-14,In-dong/인동,KR-42-14-14
Gangwon-do/강원,KR-42,Wonju-si/원주시,KR-42-14,Jijeong-myeon/지정면,KR-42-14-15
Gangwon-do/강원,KR-42,Wonju-si/원주시,KR-42-14,Jungang-dong/중앙동,KR-42-14-16
Gangwon-do/강원,KR-42,Wonju-si/원주시,KR-42-14,Munmag-eup/문막읍,KR-42-14-17
Gangwon-do/강원,KR-42,Wonju-si/원주시,KR-42-14,Musil-dong/무실동,KR-42-14-18
Gangwon-do/강원,KR-42,Wonju-si/원주시,KR-42-14,Myeongryun 1(il)-dong/명륜1동,KR-42-14-19
Gangwon-do/강원,KR-42,Wonju-si/원주시,KR-42-14,Myeongryun 2(i)-dong/명륜2동,KR-42-14-20
Gangwon-do/강원,KR-42,Wonju-si/원주시,KR-42-14,Myeongryun-dong/명륜동,KR-42-14-21
Gangwon-do/강원,KR-42,Wonju-si/원주시,KR-42-14,Panbu-myeon/판부면,KR-42-14-22
Gangwon-do/강원,KR-42,Wonju-si/원주시,KR-42-14,Pyeongwon-dong/평원동,KR-42-14-23
Gangwon-do/강원,KR-42,Wonju-si/원주시,KR-42-14,Sinrim-myeon/신림면,KR-42-14-24
Gangwon-do/강원,KR-42,Wonju-si/원주시,KR-42-14,Socho-myeon/소초면,KR-42-14-25
Gangwon-do/강원,KR-42,Wonju-si/원주시,KR-42-14,Taejang 1(il)-dong/태장1동,KR-42-14-26
Gangwon-do/강원,KR-42,Wonju-si/원주시,KR-42-14,Taejang 2(i)-dong/태장2동,KR-42-14-27
Gangwon-do/강원,KR-42,Wonju-si/원주시,KR-42-14,Taejang-dong/태장동,KR-42-14-28
Gangwon-do/강원,KR-42,Wonju-si/원주시,KR-42-14,Usan-dong/우산동,KR-42-14-29
Gangwon-do/강원,KR-42,Wonju-si/원주시,KR-42-14,Won-dong/원동,KR-42-14-30
Gangwon-do/강원,KR-42,Wonju-si/원주시,KR-42-14,Wonjuucheguksaseoham/원주우체국사서함,KR-42-14-31
Gangwon-do/강원,KR-42,Yanggu-gun/양구군,KR-42-15,Bangsan-myeon/방산면,KR-42-15-0
Gangwon-do/강원,KR-42,Yanggu-gun/양구군,KR-42-15,Dong-myeon/동면,KR-42-15-1
Gangwon-do/강원,KR-42,Yanggu-gun/양구군,KR-42-15,Haean-myeon/해안면,KR-42-15-2
Gangwon-do/강원,KR-42,Yanggu-gun/양구군,KR-42-15,Nam-myeon/남면,KR-42-15-3
Gangwon-do/강원,KR-42,Yanggu-gun/양구군,KR-42-15,Yanggu-eup/양구읍,KR-42-15-4
Gangwon-do/강원,KR-42,Yangyang-gun/양양군,KR-42-16,Ganghyeon-myeon/강현면,KR-42-16-0
Gangwon-do/강원,KR-42,Yangyang-gun/양양군,KR-42-16,Hyeonbuk-myeon/현북면,KR-42-16-1
Gangwon-do/강원,KR-42,Yangyang-gun/양양군,KR-42-16,Hyeonnam-myeon/현남면,KR-42-16-2
Gangwon-do/강원,KR-42,Yangyang-gun/양양군,KR-42-16,Seo-myeon/서면,KR-42-16-3
Gangwon-do/강원,KR-42,Yangyang-gun/양양군,KR-42-16,Sonyang-myeon/손양면,KR-42-16-4
Gangwon-do/강원,KR-42,Yangyang-gun/양양군,KR-42-16,Yangyang-eup/양양읍,KR-42-16-5
Gangwon-do/강원,KR-42,Yeongwol-gun/영월군,KR-42-17,Buk-myeon/북면,KR-42-17-0
Gangwon-do/강원,KR-42,Yeongwol-gun/영월군,KR-42-17,Hadong-myeon/하동면,KR-42-17-1
Gangwon-do/강원,KR-42,Yeongwol-gun/영월군,KR-42-17,Jucheon-myeon/주천면,KR-42-17-2
Gangwon-do/강원,KR-42,Yeongwol-gun/영월군,KR-42-17,Jungdong-myeon/중동면,KR-42-17-3
Gangwon-do/강원,KR-42,Yeongwol-gun/영월군,KR-42-17,Nam-myeon/남면,KR-42-17-4
Gangwon-do/강원,KR-42,Yeongwol-gun/영월군,KR-42-17,Sangdong-eup/상동읍,KR-42-17-5
Gangwon-do/강원,KR-42,Yeongwol-gun/영월군,KR-42-17,Seo-myeon/서면,KR-42-17-6
Gangwon-do/강원,KR-42,Yeongwol-gun/영월군,KR-42-17,Suju-myeon/수주면,KR-42-17-7
Gangwon-do/강원,KR-42,Yeongwol-gun/영월군,KR-42-17,Yeongwor-eup/영월읍,KR-42-17-8
Gwangju/광주,KR-29,Buk-gu/북구,KR-29-0,Bokhyeon 1(il)-dong/복현1동,KR-29-0-0
Gwangju/광주,KR-29,Buk-gu/북구,KR-29-0,Bokhyeon 2(i)-dong/복현2동,KR-29-0-1
Gwangju/광주,KR-29,Buk-gu/북구,KR-29-0,Bokhyeon-dong/복현동,KR-29-0-2
Gwangju/광주,KR-29,Buk-gu/북구,KR-29-0,Bonchon-dong/본촌동,KR-29-0-3
Gwangju/광주,KR-29,Buk-gu/북구,KR-29-0,Bukbusanucheguksaseoham/북부산우체국사서함,KR-29-0-4
Gwangju/광주,KR-29,Buk-gu/북구,KR-29-0,Bukdaeguucheguksaseoham/북대구우체국사서함,KR-29-0-5
Gwangju/광주,KR-29,Buk-gu/북구,KR-29-0,Buk-dong/북동,KR-29-0-6
Gwangju/광주,KR-29,Buk-gu/북구,KR-29-0,Bukgwangjuucheguksaseoham/북광주우체국사서함,KR-29-0-7
Gwangju/광주,KR-29,Buk-gu/북구,KR-29-0,Changpyeong-dong/창평동,KR-29-0-8
Gwangju/광주,KR-29,Buk-gu/북구,KR-29-0,Cheongok-dong/천곡동,KR-29-0-9
Gwangju/광주,KR-29,Buk-gu/북구,KR-29-0,Cheongpung-dong/청풍동,KR-29-0-10
Gwangju/광주,KR-29,Buk-gu/북구,KR-29-0,Chilseongdong 1(il)-ga/칠성동1가,KR-29-0-11
Gwangju/광주,KR-29,Buk-gu/북구,KR-29-0,Chilseongdong 2(i)-ga/칠성동2가,KR-29-0-12
Gwangju/광주,KR-29,Buk-gu/북구,KR-29-0,Chimsan 1(il)-dong/침산1동,KR-29-0-13
Gwangju/광주,KR-29,Buk-gu/북구,KR-29-0,Chimsan 2(i)-dong/침산2동,KR-29-0-14
Gwangju/광주,KR-29,Buk-gu/북구,KR-29-0,Chimsan 3(sam)-dong/침산3동,KR-29-0-15
Gwangju/광주,KR-29,Buk-gu/북구,KR-29-0,Chimsan-dong/침산동,KR-29-0-16
Gwangju/광주,KR-29,Buk-gu/북구,KR-29-0,Chunghyo-dong/충효동,KR-29-0-17
Gwangju/광주,KR-29,Buk-gu/북구,KR-29-0,Daean-dong/대안동,KR-29-0-18
Gwangju/광주,KR-29,Buk-gu/북구,KR-29-0,Daechon-dong/대촌동,KR-29-0-19
Gwangju/광주,KR-29,Buk-gu/북구,KR-29-0,Daehyeon 1(il)-dong/대현1동,KR-29-0-20
Gwangju/광주,KR-29,Buk-gu/북구,KR-29-0,Daehyeon 2(i)-dong/대현2동,KR-29-0-21
Gwangju/광주,KR-29,Buk-gu/북구,KR-29-0,Daehyeon-dong/대현동,KR-29-0-22
Gwangju/광주,KR-29,Buk-gu/북구,KR-29-0,Dalcheon-dong/달천동,KR-29-0-23
Gwangju/광주,KR-29,Buk-gu/북구,KR-29-0,Dangsa-dong/당사동,KR-29-0-24
Gwangju/광주,KR-29,Buk-gu/북구,KR-29-0,Deogui-dong/덕의동,KR-29-0-25
Gwangju/광주,KR-29,Buk-gu/북구,KR-29-0,Deokcheon 1(il)-dong/덕천1동,KR-29-0-26
Gwangju/광주,KR-29,Buk-gu/북구,KR-29-0,Deokcheon 2(i)-dong/덕천2동,KR-29-0-27
Gwangju/광주,KR-29,Buk-gu/북구,KR-29-0,Deokcheon 3(sam)-dong/덕천3동,KR-29-0-28
Gwangju/광주,KR-29,Buk-gu/북구,KR-29-0,Deokcheon-dong/덕천동,KR-29-0-29
Gwangju/광주,KR-29,Buk-gu/북구,KR-29-0,Donam-dong/도남동,KR-29-0-30
Gwangju/광주,KR-29,Buk-gu/북구,KR-29-0,Dongbyeon-dong/동변동,KR-29-0-31
Gwangju/광주,KR-29,Buk-gu/북구,KR-29-0,Dongcheon-dong/동천동,KR-29-0-32
Gwangju/광주,KR-29,Buk-gu/북구,KR-29-0,Dongho-dong/동호동,KR-29-0-33
Gwangju/광주,KR-29,Buk-gu/북구,KR-29-0,Dongrim-dong/동림동,KR-29-0-34
Gwangju/광주,KR-29,Buk-gu/북구,KR-29-0,Duam 1(il)-dong/두암1동,KR-29-0-35
Gwangju/광주,KR-29,Buk-gu/북구,KR-29-0,Duam 2(i)-dong/두암2동,KR-29-0-36
Gwangju/광주,KR-29,Buk-gu/북구,KR-29-0,Duam 3(sam)-dong/두암3동,KR-29-0-37
Gwangju/광주,KR-29,Buk-gu/북구,KR-29-0,Duam-dong/두암동,KR-29-0-38
Gwangju/광주,KR-29,Buk-gu/북구,KR-29-0,Eomul-dong/어물동,KR-29-0-39
Gwangju/광주,KR-29,Buk-gu/북구,KR-29-0,Eupnae-dong/읍내동,KR-29-0-40
Gwangju/광주,KR-29,Buk-gu/북구,KR-29-0,Gadae-dong/가대동,KR-29-0-41
Gwangju/광주,KR-29,Buk-gu/북구,KR-29-0,Gakhwa-dong/각화동,KR-29-0-42
Gwangju/광주,KR-29,Buk-gu/북구,KR-29-0,Geomdan-dong/검단동,KR-29-0-43
Gwangju/광주,KR-29,Buk-gu/북구,KR-29-0,Geumgok-dong/금곡동,KR-29-0-44
Gwangju/광주,KR-29,Buk-gu/북구,KR-29-0,Geumgok-dong/금곡동,KR-29-0-44
Gwangju/광주,KR-29,Buk-gu/북구,KR-29-0,Geumho-dong/금호동,KR-29-0-45
Gwangju/광주,KR-29,Buk-gu/북구,KR-29-0,Goseongdong 1(il)-ga/고성동1가,KR-29-0-46
Gwangju/광주,KR-29,Buk-gu/북구,KR-29-0,Goseongdong 2(i)-ga/고성동2가,KR-29-0-47
Gwangju/광주,KR-29,Buk-gu/북구,KR-29-0,Goseongdong 3(sam)-ga/고성동3가,KR-29-0-48
Gwangju/광주,KR-29,Buk-gu/북구,KR-29-0,Guam-dong/구암동,KR-29-0-49
Gwangju/광주,KR-29,Buk-gu/북구,KR-29-0,Gugu-dong/국우동,KR-29-0-50
Gwangju/광주,KR-29,Buk-gu/북구,KR-29-0,Gupo 1(il)-dong/구포1동,KR-29-0-51
Gwangju/광주,KR-29,Buk-gu/북구,KR-29-0,Gupo 2(i)-dong/구포2동,KR-29-0-52
Gwangju/광주,KR-29,Buk-gu/북구,KR-29-0,Gupo 3(sam)-dong/구포3동,KR-29-0-53
Gwangju/광주,KR-29,Buk-gu/북구,KR-29-0,Gupo-dong/구포동,KR-29-0-54
Gwangju/광주,KR-29,Buk-gu/북구,KR-29-0,Guyu-dong/구유동,KR-29-0-55
Gwangju/광주,KR-29,Buk-gu/북구,KR-29-0,Gwaneum-dong/관음동,KR-29-0-56
Gwangju/광주,KR-29,Buk-gu/북구,KR-29-0,Hakjeong-dong/학정동,KR-29-0-57
Gwangju/광주,KR-29,Buk-gu/북구,KR-29-0,Hogye-dong/호계동,KR-29-0-58
Gwangju/광주,KR-29,Buk-gu/북구,KR-29-0,Hwaam-dong/화암동,KR-29-0-59
Gwangju/광주,KR-29,Buk-gu/북구,KR-29-0,Hwabong-dong/화봉동,KR-29-0-60
Gwangju/광주,KR-29,Buk-gu/북구,KR-29-0,Hwamyeong 1(il)-dong/화명1동,KR-29-0-61
Gwangju/광주,KR-29,Buk-gu/북구,KR-29-0,Hwamyeong 2(i)-dong/화명2동,KR-29-0-62
Gwangju/광주,KR-29,Buk-gu/북구,KR-29-0,Hwamyeong 3(sam)-dong/화명3동,KR-29-0-63
Gwangju/광주,KR-29,Buk-gu/북구,KR-29-0,Hwamyeong-dong/화명동,KR-29-0-64
Gwangju/광주,KR-29,Buk-gu/북구,KR-29-0,Hyomun-dong/효문동,KR-29-0-65
Gwangju/광주,KR-29,Buk-gu/북구,KR-29-0,Hyoryeong-dong/효령동,KR-29-0-66
Gwangju/광주,KR-29,Buk-gu/북구,KR-29-0,Ilgok-dong/일곡동,KR-29-0-67
Gwangju/광주,KR-29,Buk-gu/북구,KR-29-0,Im-dong/임동,KR-29-0-68
Gwangju/광주,KR-29,Buk-gu/북구,KR-29-0,Jangdeung-dong/장등동,KR-29-0-69
Gwangju/광주,KR-29,Buk-gu/북구,KR-29-0,Jeongja-dong/정자동,KR-29-0-70
Gwangju/광주,KR-29,Buk-gu/북구,KR-29-0,Jinjang-dong/진장동,KR-29-0-71
Gwangju/광주,KR-29,Buk-gu/북구,KR-29-0,Jiya-dong/지야동,KR-29-0-72
Gwangju/광주,KR-29,Buk-gu/북구,KR-29-0,Joya-dong/조야동,KR-29-0-73
Gwangju/광주,KR-29,Buk-gu/북구,KR-29-0,Jungheung 1(il)-dong/중흥1동,KR-29-0-74
Gwangju/광주,KR-29,Buk-gu/북구,KR-29-0,Jungheung 2(i)-dong/중흥2동,KR-29-0-75
Gwangju/광주,KR-29,Buk-gu/북구,KR-29-0,Jungheung 3(sam)-dong/중흥3동,KR-29-0-76
Gwangju/광주,KR-29,Buk-gu/북구,KR-29-0,Jungheung-dong/중흥동,KR-29-0-77
Gwangju/광주,KR-29,Buk-gu/북구,KR-29-0,Jungsan-dong/중산동,KR-29-0-78
Gwangju/광주,KR-29,Buk-gu/북구,KR-29-0,Maecheon-dong/매천동,KR-29-0-79
Gwangju/광주,KR-29,Buk-gu/북구,KR-29-0,Maegok-dong/매곡동,KR-29-0-80
Gwangju/광주,KR-29,Buk-gu/북구,KR-29-0,Maegok-dong/매곡동,KR-29-0-80
Gwangju/광주,KR-29,Buk-gu/북구,KR-29-0,Mandeog 1(il)-dong/만덕1동,KR-29-0-81
Gwangju/광주,KR-29,Buk-gu/북구,KR-29-0,Mandeog 2(i)-dong/만덕2동,KR-29-0-82
Gwangju/광주,KR-29,Buk-gu/북구,KR-29-0,Mandeog 3(sam)-dong/만덕3동,KR-29-0-83
Gwangju/광주,KR-29,Buk-gu/북구,KR-29-0,Mandeok-dong/만덕동,KR-29-0-84
Gwangju/광주,KR-29,Buk-gu/북구,KR-29-0,Mangwol-dong/망월동,KR-29-0-85
Gwangju/광주,KR-29,Buk-gu/북구,KR-29-0,Munheung 1(il)-dong/문흥1동,KR-29-0-86
Gwangju/광주,KR-29,Buk-gu/북구,KR-29-0,Munheung 2(i)-dong/문흥2동,KR-29-0-87
Gwangju/광주,KR-29,Buk-gu/북구,KR-29-0,Munheung-dong/문흥동,KR-29-0-88
Gwangju/광주,KR-29,Buk-gu/북구,KR-29-0,Muryong-dong/무룡동,KR-29-0-89
Gwangju/광주,KR-29,Buk-gu/북구,KR-29-0,Myeongchon-dong/명촌동,KR-29-0-90
Gwangju/광주,KR-29,Buk-gu/북구,KR-29-0,Nogok-dong/노곡동,KR-29-0-91
Gwangju/광주,KR-29,Buk-gu/북구,KR-29-0,Nowondong 1(il)-ga/노원동1가,KR-29-0-92
Gwangju/광주,KR-29,Buk-gu/북구,KR-29-0,Nowondong 2(i)-ga/노원동2가,KR-29-0-93
Gwangju/광주,KR-29,Buk-gu/북구,KR-29-0,Nowondong 3(sam)-ga/노원동3가,KR-29-0-94
Gwangju/광주,KR-29,Buk-gu/북구,KR-29-0,Numun-dong/누문동,KR-29-0-95
Gwangju/광주,KR-29,Buk-gu/북구,KR-29-0,Ochi 1(il)-dong/오치1동,KR-29-0-96
Gwangju/광주,KR-29,Buk-gu/북구,KR-29-0,Ochi 2(i)-dong/오치2동,KR-29-0-97
Gwangju/광주,KR-29,Buk-gu/북구,KR-29-0,Ochi-dong/오치동,KR-29-0-98
Gwangju/광주,KR-29,Buk-gu/북구,KR-29-0,Oryong-dong/오룡동,KR-29-0-99
Gwangju/광주,KR-29,Buk-gu/북구,KR-29-0,Paldal-dong/팔달동,KR-29-0-100
Gwangju/광주,KR-29,Buk-gu/북구,KR-29-0,Punghyang-dong/풍향동,KR-29-0-101
Gwangju/광주,KR-29,Buk-gu/북구,KR-29-0,Saengyong-dong/생용동,KR-29-0-102
Gwangju/광주,KR-29,Buk-gu/북구,KR-29-0,Samgak-dong/삼각동,KR-29-0-103
Gwangju/광주,KR-29,Buk-gu/북구,KR-29-0,Sangan-dong/상안동,KR-29-0-104
Gwangju/광주,KR-29,Buk-gu/북구,KR-29-0,Sangyeog 1(il)-dong/산격1동,KR-29-0-105
Gwangju/광주,KR-29,Buk-gu/북구,KR-29-0,Sangyeog 2(i)-dong/산격2동,KR-29-0-106
Gwangju/광주,KR-29,Buk-gu/북구,KR-29-0,Sangyeog 3(sam)-dong/산격3동,KR-29-0-107
Gwangju/광주,KR-29,Buk-gu/북구,KR-29-0,Sangyeog 4(sa)-dong/산격4동,KR-29-0-108
Gwangju/광주,KR-29,Buk-gu/북구,KR-29-0,Sangyeok-dong/산격동,KR-29-0-109
Gwangju/광주,KR-29,Buk-gu/북구,KR-29-0,Sanha-dong/산하동,KR-29-0-110
Gwangju/광주,KR-29,Buk-gu/북구,KR-29-0,Sasu-dong/사수동,KR-29-0-111
Gwangju/광주,KR-29,Buk-gu/북구,KR-29-0,Seobyeon-dong/서변동,KR-29-0-112
Gwangju/광주,KR-29,Buk-gu/북구,KR-29-0,Sinan-dong/신안동,KR-29-0-113
Gwangju/광주,KR-29,Buk-gu/북구,KR-29-0,Sincheon-dong/신천동,KR-29-0-114
Gwangju/광주,KR-29,Buk-gu/북구,KR-29-0,Sinhyeon-dong/신현동,KR-29-0-115
Gwangju/광주,KR-29,Buk-gu/북구,KR-29-0,Sinmyeong-dong/신명동,KR-29-0-116
Gwangju/광주,KR-29,Buk-gu/북구,KR-29-0,Sinyong-dong/신용동,KR-29-0-117
Gwangju/광주,KR-29,Buk-gu/북구,KR-29-0,Sirye-dong/시례동,KR-29-0-118
Gwangju/광주,KR-29,Buk-gu/북구,KR-29-0,Songjeong-dong/송정동,KR-29-0-119
Gwangju/광주,KR-29,Buk-gu/북구,KR-29-0,Sugok-dong/수곡동,KR-29-0-120
Gwangju/광주,KR-29,Buk-gu/북구,KR-29-0,Taejeon 1(il)-dong/태전1동,KR-29-0-121
Gwangju/광주,KR-29,Buk-gu/북구,KR-29-0,Taejeon 2(i)-dong/태전2동,KR-29-0-122
Gwangju/광주,KR-29,Buk-gu/북구,KR-29-0,Taejeon-dong/태전동,KR-29-0-123
Gwangju/광주,KR-29,Buk-gu/북구,KR-29-0,Taeryeong-dong/태령동,KR-29-0-124
Gwangju/광주,KR-29,Buk-gu/북구,KR-29-0,Unam 1(il)-dong/운암1동,KR-29-0-125
Gwangju/광주,KR-29,Buk-gu/북구,KR-29-0,Unam 2(i)-dong/운암2동,KR-29-0-126
Gwangju/광주,KR-29,Buk-gu/북구,KR-29-0,Unam 3(sam)-dong/운암3동,KR-29-0-127
Gwangju/광주,KR-29,Buk-gu/북구,KR-29-0,Unam-dong/운암동,KR-29-0-128
Gwangju/광주,KR-29,Buk-gu/북구,KR-29-0,Unjeong-dong/운정동,KR-29-0-129
Gwangju/광주,KR-29,Buk-gu/북구,KR-29-0,Usan-dong/우산동,KR-29-0-130
Gwangju/광주,KR-29,Buk-gu/북구,KR-29-0,Wolchul-dong/월출동,KR-29-0-131
Gwangju/광주,KR-29,Buk-gu/북구,KR-29-0,Yangjeong-dong/양정동,KR-29-0-132
Gwangju/광주,KR-29,Buk-gu/북구,KR-29-0,Yangsan-dong/양산동,KR-29-0-133
Gwangju/광주,KR-29,Buk-gu/북구,KR-29-0,Yeompo-dong/염포동,KR-29-0-134
Gwangju/광주,KR-29,Buk-gu/북구,KR-29-0,Yeonam-dong/연암동,KR-29-0-135
Gwangju/광주,KR-29,Buk-gu/북구,KR-29-0,Yeongyeong-dong/연경동,KR-29-0-136
Gwangju/광주,KR-29,Buk-gu/북구,KR-29-0,Yeonje-dong/연제동,KR-29-0-137
Gwangju/광주,KR-29,Buk-gu/북구,KR-29-0,Yongbong-dong/용봉동,KR-29-0-138
Gwangju/광주,KR-29,Buk-gu/북구,KR-29-0,Yongdu-dong/용두동,KR-29-0-139
Gwangju/광주,KR-29,Buk-gu/북구,KR-29-0,Yonggang-dong/용강동,KR-29-0-140
Gwangju/광주,KR-29,Buk-gu/북구,KR-29-0,Yongjeon-dong/용전동,KR-29-0-141
Gwangju/광주,KR-29,Buk-gu/북구,KR-29-0,Yu-dong/유동,KR-29-0-142
Gwangju/광주,KR-29,Dong-gu/동구,KR-29-1,Baegan-dong/백안동,KR-29-1-0
Gwangju/광주,KR-29,Dong-gu/동구,KR-29-1,Bangchon-dong/방촌동,KR-29-1-1
Gwangju/광주,KR-29,Dong-gu/동구,KR-29-1,Bangeo-dong/방어동,KR-29-1-2
Gwangju/광주,KR-29,Dong-gu/동구,KR-29-1,Beomil-dong/범일동,KR-29-1-3
Gwangju/광주,KR-29,Dong-gu/동구,KR-29-1,Beomir 1(il)-dong/범일1동,KR-29-1-4
Gwangju/광주,KR-29,Dong-gu/동구,KR-29-1,Beomir 2(i)-dong/범일2동,KR-29-1-5
Gwangju/광주,KR-29,Dong-gu/동구,KR-29-1,Beomir 4(sa)-dong/범일4동,KR-29-1-6
Gwangju/광주,KR-29,Dong-gu/동구,KR-29-1,Beomir 5(o)-dong/범일5동,KR-29-1-7
Gwangju/광주,KR-29,Dong-gu/동구,KR-29-1,Biryong-dong/비룡동,KR-29-1-8
Gwangju/광주,KR-29,Dong-gu/동구,KR-29-1,Bongmu-dong/봉무동,KR-29-1-9
Gwangju/광주,KR-29,Dong-gu/동구,KR-29-1,Bu-dong/부동,KR-29-1-10
Gwangju/광주,KR-29,Dong-gu/동구,KR-29-1,Bullo-dong/불로동,KR-29-1-11
Gwangju/광주,KR-29,Dong-gu/동구,KR-29-1,Bullo-dong/불로동,KR-29-1-11
Gwangju/광주,KR-29,Dong-gu/동구,KR-29-1,Changyeong-dong/창영동,KR-29-1-12
Gwangju/광주,KR-29,Dong-gu/동구,KR-29-1,Cheon-dong/천동,KR-29-1-13
Gwangju/광주,KR-29,Dong-gu/동구,KR-29-1,Choryang 1(il)-dong/초량1동,KR-29-1-14
Gwangju/광주,KR-29,Dong-gu/동구,KR-29-1,Choryang 2(i)-dong/초량2동,KR-29-1-15
Gwangju/광주,KR-29,Dong-gu/동구,KR-29-1,Choryang 3(sam)-dong/초량3동,KR-29-1-16
Gwangju/광주,KR-29,Dong-gu/동구,KR-29-1,Choryang 6(yuk)-dong/초량6동,KR-29-1-17
Gwangju/광주,KR-29,Dong-gu/동구,KR-29-1,Choryang-dong/초량동,KR-29-1-18
Gwangju/광주,KR-29,Dong-gu/동구,KR-29-1,Chu-dong/추동,KR-29-1-19
Gwangju/광주,KR-29,Dong-gu/동구,KR-29-1,Chungjangro 1(il)-ga/충장로1가,KR-29-1-20
Gwangju/광주,KR-29,Dong-gu/동구,KR-29-1,Chungjangro 2(i)-ga/충장로2가,KR-29-1-21
Gwangju/광주,KR-29,Dong-gu/동구,KR-29-1,Chungjangro 3(sam)-ga/충장로3가,KR-29-1-22
Gwangju/광주,KR-29,Dong-gu/동구,KR-29-1,Chungjangro 4(sa)-ga/충장로4가,KR-29-1-23
Gwangju/광주,KR-29,Dong-gu/동구,KR-29-1,Chungjangro 5(o)-ga/충장로5가,KR-29-1-24
Gwangju/광주,KR-29,Dong-gu/동구,KR-29-1,Dae 1(il)-dong/대1동,KR-29-1-25
Gwangju/광주,KR-29,Dong-gu/동구,KR-29-1,Dae 2(i)-dong/대2동,KR-29-1-26
Gwangju/광주,KR-29,Dong-gu/동구,KR-29-1,Daebyeol-dong/대별동,KR-29-1-27
Gwangju/광주,KR-29,Dong-gu/동구,KR-29-1,Dae-dong/대동,KR-29-1-28
Gwangju/광주,KR-29,Dong-gu/동구,KR-29-1,Daein-dong/대인동,KR-29-1-29
Gwangju/광주,KR-29,Dong-gu/동구,KR-29-1,Daejeonucheguksaseoham/대전우체국사서함,KR-29-1-30
Gwangju/광주,KR-29,Dong-gu/동구,KR-29-1,Daerim-dong/대림동,KR-29-1-31
Gwangju/광주,KR-29,Dong-gu/동구,KR-29-1,Daeseong-dong/대성동,KR-29-1-32
Gwangju/광주,KR-29,Dong-gu/동구,KR-29-1,Daesong-dong/대송동,KR-29-1-33
Gwangju/광주,KR-29,Dong-gu/동구,KR-29-1,Daeui-dong/대의동,KR-29-1-34
Gwangju/광주,KR-29,Dong-gu/동구,KR-29-1,Deokgok-dong/덕곡동,KR-29-1-35
Gwangju/광주,KR-29,Dong-gu/동구,KR-29-1,Do-dong/도동,KR-29-1-36
Gwangju/광주,KR-29,Dong-gu/동구,KR-29-1,Dohak-dong/도학동,KR-29-1-37
Gwangju/광주,KR-29,Dong-gu/동구,KR-29-1,Dongbu-dong/동부동,KR-29-1-38
Gwangju/광주,KR-29,Dong-gu/동구,KR-29-1,Dongbusanucheguksaseoham/동부산우체국사서함,KR-29-1-39
Gwangju/광주,KR-29,Dong-gu/동구,KR-29-1,Dongdaeguucheguksaseoham/동대구우체국사서함,KR-29-1-40
Gwangju/광주,KR-29,Dong-gu/동구,KR-29-1,Dongho-dong/동호동,KR-29-1-41
Gwangju/광주,KR-29,Dong-gu/동구,KR-29-1,Dongmyeong-dong/동명동,KR-29-1-42
Gwangju/광주,KR-29,Dong-gu/동구,KR-29-1,Dongnae-dong/동내동,KR-29-1-43
Gwangju/광주,KR-29,Dong-gu/동구,KR-29-1,Dongulsanucheguksaseoham/동울산우체국사서함,KR-29-1-44
Gwangju/광주,KR-29,Dong-gu/동구,KR-29-1,Dunsan-dong/둔산동,KR-29-1-45
Gwangju/광주,KR-29,Dong-gu/동구,KR-29-1,Gaksan-dong/각산동,KR-29-1-46
Gwangju/광주,KR-29,Dong-gu/동구,KR-29-1,Gao-dong/가오동,KR-29-1-47
Gwangju/광주,KR-29,Dong-gu/동구,KR-29-1,Gayang 1(il)-dong/가양1동,KR-29-1-48
Gwangju/광주,KR-29,Dong-gu/동구,KR-29-1,Gayang 2(i)-dong/가양2동,KR-29-1-49
Gwangju/광주,KR-29,Dong-gu/동구,KR-29-1,Gayang-dong/가양동,KR-29-1-50
Gwangju/광주,KR-29,Dong-gu/동구,KR-29-1,Geomsa-dong/검사동,KR-29-1-51
Gwangju/광주,KR-29,Dong-gu/동구,KR-29-1,Geum-dong/금동,KR-29-1-52
Gwangju/광주,KR-29,Dong-gu/동구,KR-29-1,Geumgang-dong/금강동,KR-29-1-53
Gwangju/광주,KR-29,Dong-gu/동구,KR-29-1,Geumgok-dong/금곡동,KR-29-1-54
Gwangju/광주,KR-29,Dong-gu/동구,KR-29-1,Geumnamro 1(il)-ga/금남로1가,KR-29-1-55
Gwangju/광주,KR-29,Dong-gu/동구,KR-29-1,Geumnamro 2(i)-ga/금남로2가,KR-29-1-56
Gwangju/광주,KR-29,Dong-gu/동구,KR-29-1,Geumnamro 3(sam)-ga/금남로3가,KR-29-1-57
Gwangju/광주,KR-29,Dong-gu/동구,KR-29-1,Geumnamro 4(sa)-ga/금남로4가,KR-29-1-58
Gwangju/광주,KR-29,Dong-gu/동구,KR-29-1,Geumnamro 5(o)-ga/금남로5가,KR-29-1-59
Gwangju/광주,KR-29,Dong-gu/동구,KR-29-1,Goejeon-dong/괴전동,KR-29-1-60
Gwangju/광주,KR-29,Dong-gu/동구,KR-29-1,Gudo-dong/구도동,KR-29-1-61
Gwangju/광주,KR-29,Dong-gu/동구,KR-29-1,Gung-dong/궁동,KR-29-1-62
Gwangju/광주,KR-29,Dong-gu/동구,KR-29-1,Gwangjuucheguksaseoham/광주우체국사서함,KR-29-1-63
Gwangju/광주,KR-29,Dong-gu/동구,KR-29-1,Gwangsan-dong/광산동,KR-29-1-64
Gwangju/광주,KR-29,Dong-gu/동구,KR-29-1,Gyerim 1(il)-dong/계림1동,KR-29-1-65
Gwangju/광주,KR-29,Dong-gu/동구,KR-29-1,Gyerim 2(i)-dong/계림2동,KR-29-1-66
Gwangju/광주,KR-29,Dong-gu/동구,KR-29-1,Gyerim-dong/계림동,KR-29-1-67
Gwangju/광주,KR-29,Dong-gu/동구,KR-29-1,Hak-dong/학동,KR-29-1-68
Gwangju/광주,KR-29,Dong-gu/동구,KR-29-1,Haso-dong/하소동,KR-29-1-69
Gwangju/광주,KR-29,Dong-gu/동구,KR-29-1,Honam-dong/호남동,KR-29-1-70
Gwangju/광주,KR-29,Dong-gu/동구,KR-29-1,Hongdo-dong/홍도동,KR-29-1-71
Gwangju/광주,KR-29,Dong-gu/동구,KR-29-1,Hwajeong-dong/화정동,KR-29-1-72
Gwangju/광주,KR-29,Dong-gu/동구,KR-29-1,Hwanggeum-dong/황금동,KR-29-1-73
Gwangju/광주,KR-29,Dong-gu/동구,KR-29-1,Hwapyeong-dong/화평동,KR-29-1-74
Gwangju/광주,KR-29,Dong-gu/동구,KR-29-1,Hwasu 1(il)-dong/화수1동,KR-29-1-75
Gwangju/광주,KR-29,Dong-gu/동구,KR-29-1,Hwasu 2(i)-dong/화수2동,KR-29-1-76
Gwangju/광주,KR-29,Dong-gu/동구,KR-29-1,Hwasu-dong/화수동,KR-29-1-77
Gwangju/광주,KR-29,Dong-gu/동구,KR-29-1,Hyo-dong/효동,KR-29-1-78
Gwangju/광주,KR-29,Dong-gu/동구,KR-29-1,Hyomog 1(il)-dong/효목1동,KR-29-1-79
Gwangju/광주,KR-29,Dong-gu/동구,KR-29-1,Hyomog 2(i)-dong/효목2동,KR-29-1-80
Gwangju/광주,KR-29,Dong-gu/동구,KR-29-1,Hyomok-dong/효목동,KR-29-1-81
Gwangju/광주,KR-29,Dong-gu/동구,KR-29-1,Hyopyeong-dong/효평동,KR-29-1-82
Gwangju/광주,KR-29,Dong-gu/동구,KR-29-1,Ilsan-dong/일산동,KR-29-1-83
Gwangju/광주,KR-29,Dong-gu/동구,KR-29-1,In-dong/인동,KR-29-1-84
Gwangju/광주,KR-29,Dong-gu/동구,KR-29-1,Ipseok-dong/입석동,KR-29-1-85
Gwangju/광주,KR-29,Dong-gu/동구,KR-29-1,Isa-dong/이사동,KR-29-1-86
Gwangju/광주,KR-29,Dong-gu/동구,KR-29-1,Jangcheok-dong/장척동,KR-29-1-87
Gwangju/광주,KR-29,Dong-gu/동구,KR-29-1,Jang-dong/장동,KR-29-1-88
Gwangju/광주,KR-29,Dong-gu/동구,KR-29-1,Jayang-dong/자양동,KR-29-1-89
Gwangju/광주,KR-29,Dong-gu/동구,KR-29-1,Jeong-dong/정동,KR-29-1-90
Gwangju/광주,KR-29,Dong-gu/동구,KR-29-1,Jeonha 1(il)-dong/전하1동,KR-29-1-91
Gwangju/광주,KR-29,Dong-gu/동구,KR-29-1,Jeonha 2(i)-dong/전하2동,KR-29-1-92
Gwangju/광주,KR-29,Dong-gu/동구,KR-29-1,Jeonha-dong/전하동,KR-29-1-93
Gwangju/광주,KR-29,Dong-gu/동구,KR-29-1,Jijeo-dong/지저동,KR-29-1-94
Gwangju/광주,KR-29,Dong-gu/동구,KR-29-1,Jik-dong/직동,KR-29-1-95
Gwangju/광주,KR-29,Dong-gu/동구,KR-29-1,Jimyo-dong/지묘동,KR-29-1-96
Gwangju/광주,KR-29,Dong-gu/동구,KR-29-1,Jinin-dong/진인동,KR-29-1-97
Gwangju/광주,KR-29,Dong-gu/동구,KR-29-1,Jisan 1(il)-dong/지산1동,KR-29-1-98
Gwangju/광주,KR-29,Dong-gu/동구,KR-29-1,Jisan 2(i)-dong/지산2동,KR-29-1-99
Gwangju/광주,KR-29,Dong-gu/동구,KR-29-1,Jisan-dong/지산동,KR-29-1-100
Gwangju/광주,KR-29,Dong-gu/동구,KR-29-1,Juchon-dong/주촌동,KR-29-1-101
Gwangju/광주,KR-29,Dong-gu/동구,KR-29-1,Jujeon-dong/주전동,KR-29-1-102
Gwangju/광주,KR-29,Dong-gu/동구,KR-29-1,Jungdae-dong/중대동,KR-29-1-103
Gwangju/광주,KR-29,Dong-gu/동구,KR-29-1,Jung-dong/중동,KR-29-1-104
Gwangju/광주,KR-29,Dong-gu/동구,KR-29-1,Jusan-dong/주산동,KR-29-1-105
Gwangju/광주,KR-29,Dong-gu/동구,KR-29-1,Jwacheon 1(il)-dong/좌천1동,KR-29-1-106
Gwangju/광주,KR-29,Dong-gu/동구,KR-29-1,Jwacheon 4(sa)-dong/좌천4동,KR-29-1-107
Gwangju/광주,KR-29,Dong-gu/동구,KR-29-1,Jwacheon-dong/좌천동,KR-29-1-108
Gwangju/광주,KR-29,Dong-gu/동구,KR-29-1,Maeyeo-dong/매여동,KR-29-1-109
Gwangju/광주,KR-29,Dong-gu/동구,KR-29-1,Manseok-dong/만석동,KR-29-1-110
Gwangju/광주,KR-29,Dong-gu/동구,KR-29-1,Masan-dong/마산동,KR-29-1-111
Gwangju/광주,KR-29,Dong-gu/동구,KR-29-1,Midae-dong/미대동,KR-29-1-112
Gwangju/광주,KR-29,Dong-gu/동구,KR-29-1,Migok-dong/미곡동,KR-29-1-113
Gwangju/광주,KR-29,Dong-gu/동구,KR-29-1,Nae-dong/내동,KR-29-1-114
Gwangju/광주,KR-29,Dong-gu/동구,KR-29-1,Naegok-dong/내곡동,KR-29-1-115
Gwangju/광주,KR-29,Dong-gu/동구,KR-29-1,Naenam-dong/내남동,KR-29-1-116
Gwangju/광주,KR-29,Dong-gu/동구,KR-29-1,Naetap-dong/내탑동,KR-29-1-117
Gwangju/광주,KR-29,Dong-gu/동구,KR-29-1,Nam-dong/남동,KR-29-1-118
Gwangju/광주,KR-29,Dong-gu/동구,KR-29-1,Nangwol-dong/낭월동,KR-29-1-119
Gwangju/광주,KR-29,Dong-gu/동구,KR-29-1,Neungseong-dong/능성동,KR-29-1-120
Gwangju/광주,KR-29,Dong-gu/동구,KR-29-1,O-dong/오동,KR-29-1-121
Gwangju/광주,KR-29,Dong-gu/동구,KR-29-1,Panam 1(il)-dong/판암1동,KR-29-1-122
Gwangju/광주,KR-29,Dong-gu/동구,KR-29-1,Panam 2(i)-dong/판암2동,KR-29-1-123
Gwangju/광주,KR-29,Dong-gu/동구,KR-29-1,Panam-dong/판암동,KR-29-1-124
Gwangju/광주,KR-29,Dong-gu/동구,KR-29-1,Pyeonggwang-dong/평광동,KR-29-1-125
Gwangju/광주,KR-29,Dong-gu/동구,KR-29-1,Sabok-dong/사복동,KR-29-1-126
Gwangju/광주,KR-29,Dong-gu/동구,KR-29-1,Samgoe-dong/삼괴동,KR-29-1-127
Gwangju/광주,KR-29,Dong-gu/동구,KR-29-1,Samjeong-dong/삼정동,KR-29-1-128
Gwangju/광주,KR-29,Dong-gu/동구,KR-29-1,Samseong-dong/삼성동,KR-29-1-129
Gwangju/광주,KR-29,Dong-gu/동구,KR-29-1,Sangmae-dong/상매동,KR-29-1-130
Gwangju/광주,KR-29,Dong-gu/동구,KR-29-1,Sangso-dong/상소동,KR-29-1-131
Gwangju/광주,KR-29,Dong-gu/동구,KR-29-1,Sansu 1(il)-dong/산수1동,KR-29-1-132
Gwangju/광주,KR-29,Dong-gu/동구,KR-29-1,Sansu 2(i)-dong/산수2동,KR-29-1-133
Gwangju/광주,KR-29,Dong-gu/동구,KR-29-1,Sansu-dong/산수동,KR-29-1-134
Gwangju/광주,KR-29,Dong-gu/동구,KR-29-1,Saseong-dong/사성동,KR-29-1-135
Gwangju/광주,KR-29,Dong-gu/동구,KR-29-1,Secheon-dong/세천동,KR-29-1-136
Gwangju/광주,KR-29,Dong-gu/동구,KR-29-1,Seobu-dong/서부동,KR-29-1-137
Gwangju/광주,KR-29,Dong-gu/동구,KR-29-1,Seoho-dong/서호동,KR-29-1-138
Gwangju/광주,KR-29,Dong-gu/동구,KR-29-1,Seongnam-dong/성남동,KR-29-1-139
Gwangju/광주,KR-29,Dong-gu/동구,KR-29-1,Seongyo-dong/선교동,KR-29-1-140
Gwangju/광주,KR-29,Dong-gu/동구,KR-29-1,Seoseok-dong/서석동,KR-29-1-141
Gwangju/광주,KR-29,Dong-gu/동구,KR-29-1,Sinam 1(il)-dong/신암1동,KR-29-1-142
Gwangju/광주,KR-29,Dong-gu/동구,KR-29-1,Sinam 2(i)-dong/신암2동,KR-29-1-143
Gwangju/광주,KR-29,Dong-gu/동구,KR-29-1,Sinam 3(sam)-dong/신암3동,KR-29-1-144
Gwangju/광주,KR-29,Dong-gu/동구,KR-29-1,Sinam 4(sa)-dong/신암4동,KR-29-1-145
Gwangju/광주,KR-29,Dong-gu/동구,KR-29-1,Sinam 5(o)-dong/신암5동,KR-29-1-146
Gwangju/광주,KR-29,Dong-gu/동구,KR-29-1,Sinam-dong/신암동,KR-29-1-147
Gwangju/광주,KR-29,Dong-gu/동구,KR-29-1,Sinan-dong/신안동,KR-29-1-148
Gwangju/광주,KR-29,Dong-gu/동구,KR-29-1,Sincheon 2(i)-dong/신천1.2동,KR-29-1-149
Gwangju/광주,KR-29,Dong-gu/동구,KR-29-1,Sincheon 3(sam)-dong/신천3동,KR-29-1-150
Gwangju/광주,KR-29,Dong-gu/동구,KR-29-1,Sincheon 4(sa)-dong/신천4동,KR-29-1-151
Gwangju/광주,KR-29,Dong-gu/동구,KR-29-1,Sincheon-dong/신천동,KR-29-1-152
Gwangju/광주,KR-29,Dong-gu/동구,KR-29-1,Sinchon-dong/신촌동,KR-29-1-153
Gwangju/광주,KR-29,Dong-gu/동구,KR-29-1,Singi-dong/신기동,KR-29-1-154
Gwangju/광주,KR-29,Dong-gu/동구,KR-29-1,Sinha-dong/신하동,KR-29-1-155
Gwangju/광주,KR-29,Dong-gu/동구,KR-29-1,Sinheung-dong/신흥동,KR-29-1-156
Gwangju/광주,KR-29,Dong-gu/동구,KR-29-1,Sinmu-dong/신무동,KR-29-1-157
Gwangju/광주,KR-29,Dong-gu/동구,KR-29-1,Sinpyeong-dong/신평동,KR-29-1-158
Gwangju/광주,KR-29,Dong-gu/동구,KR-29-1,Sinsang-dong/신상동,KR-29-1-159
Gwangju/광주,KR-29,Dong-gu/동구,KR-29-1,Sinseo-dong/신서동,KR-29-1-160
Gwangju/광주,KR-29,Dong-gu/동구,KR-29-1,Sinyong-dong/신용동,KR-29-1-161
Gwangju/광주,KR-29,Dong-gu/동구,KR-29-1,Soho-dong/소호동,KR-29-1-162
Gwangju/광주,KR-29,Dong-gu/동구,KR-29-1,Soje-dong/소제동,KR-29-1-163
Gwangju/광주,KR-29,Dong-gu/동구,KR-29-1,Songhyeon 1(il)-dong/송현1동,KR-29-1-164
Gwangju/광주,KR-29,Dong-gu/동구,KR-29-1,Songhyeon 2(i)-dong/송현2동,KR-29-1-165
Gwangju/광주,KR-29,Dong-gu/동구,KR-29-1,Songhyeon 3(sam)-dong/송현3동,KR-29-1-166
Gwangju/광주,KR-29,Dong-gu/동구,KR-29-1,Songhyeon-dong/송현동,KR-29-1-167
Gwangju/광주,KR-29,Dong-gu/동구,KR-29-1,Songjeong-dong/송정동,KR-29-1-168
Gwangju/광주,KR-29,Dong-gu/동구,KR-29-1,Songrim 1(il)-dong/송림1동,KR-29-1-169
Gwangju/광주,KR-29,Dong-gu/동구,KR-29-1,Songrim 2(i)-dong/송림2동,KR-29-1-170
Gwangju/광주,KR-29,Dong-gu/동구,KR-29-1,Songrim 3(sam)-dong/송림3동,KR-29-1-171
Gwangju/광주,KR-29,Dong-gu/동구,KR-29-1,Songrim 4(sa)-dong/송림4동,KR-29-1-172
Gwangju/광주,KR-29,Dong-gu/동구,KR-29-1,Songrim 5(o)-dong/송림5동,KR-29-1-173
Gwangju/광주,KR-29,Dong-gu/동구,KR-29-1,Songrim 6(yuk)-dong/송림6동,KR-29-1-174
Gwangju/광주,KR-29,Dong-gu/동구,KR-29-1,Songrim-dong/송림동,KR-29-1-175
Gwangju/광주,KR-29,Dong-gu/동구,KR-29-1,Sotae-dong/소태동,KR-29-1-176
Gwangju/광주,KR-29,Dong-gu/동구,KR-29-1,Sugi-dong/수기동,KR-29-1-177
Gwangju/광주,KR-29,Dong-gu/동구,KR-29-1,Sujeong 1(il)-dong/수정1동,KR-29-1-178
Gwangju/광주,KR-29,Dong-gu/동구,KR-29-1,Sujeong 2(i)-dong/수정2동,KR-29-1-179
Gwangju/광주,KR-29,Dong-gu/동구,KR-29-1,Sujeong 4(sa)-dong/수정4동,KR-29-1-180
Gwangju/광주,KR-29,Dong-gu/동구,KR-29-1,Sujeong 5(o)-dong/수정5동,KR-29-1-181
Gwangju/광주,KR-29,Dong-gu/동구,KR-29-1,Sujeong-dong/수정동,KR-29-1-182
Gwangju/광주,KR-29,Dong-gu/동구,KR-29-1,Sukcheon-dong/숙천동,KR-29-1-183
Gwangju/광주,KR-29,Dong-gu/동구,KR-29-1,Unrim-dong/운림동,KR-29-1-184
Gwangju/광주,KR-29,Dong-gu/동구,KR-29-1,Wolnam-dong/월남동,KR-29-1-185
Gwangju/광주,KR-29,Dong-gu/동구,KR-29-1,Won-dong/원동,KR-29-1-186
Gwangju/광주,KR-29,Dong-gu/동구,KR-29-1,Yonggye-dong/용계동,KR-29-1-187
Gwangju/광주,KR-29,Dong-gu/동구,KR-29-1,Yonggye-dong/용계동,KR-29-1-187
Gwangju/광주,KR-29,Dong-gu/동구,KR-29-1,Yongjeon-dong/용전동,KR-29-1-188
Gwangju/광주,KR-29,Dong-gu/동구,KR-29-1,Yongsan-dong/용산동,KR-29-1-189
Gwangju/광주,KR-29,Dong-gu/동구,KR-29-1,Yongsu-dong/용수동,KR-29-1-190
Gwangju/광주,KR-29,Dong-gu/동구,KR-29-1,Yongun-dong/용운동,KR-29-1-191
Gwangju/광주,KR-29,Dong-gu/동구,KR-29-1,Yongyeon-dong/용연동,KR-29-1-192
Gwangju/광주,KR-29,Dong-gu/동구,KR-29-1,Yulha-dong/율하동,KR-29-1-193
Gwangju/광주,KR-29,Dong-gu/동구,KR-29-1,Yuram-dong/율암동,KR-29-1-194
Gwangju/광주,KR-29,Gwangsan-gu/광산구,KR-29-2,Ancheong-dong/안청동,KR-29-2-0
Gwangju/광주,KR-29,Gwangsan-gu/광산구,KR-29-2,Bakho-dong/박호동,KR-29-2-1
Gwangju/광주,KR-29,Gwangsan-gu/광산구,KR-29-2,Bia-dong/비아동,KR-29-2-2
Gwangju/광주,KR-29,Gwangsan-gu/광산구,KR-29-2,Bokryong-dong/복룡동,KR-29-2-3
Gwangju/광주,KR-29,Gwangsan-gu/광산구,KR-29-2,Bondeok-dong/본덕동,KR-29-2-4
Gwangju/광주,KR-29,Gwangsan-gu/광산구,KR-29-2,Buksan-dong/북산동,KR-29-2-5
Gwangju/광주,KR-29,Gwangsan-gu/광산구,KR-29-2,Daesan-dong/대산동,KR-29-2-6
Gwangju/광주,KR-29,Gwangsan-gu/광산구,KR-29-2,Deokrim-dong/덕림동,KR-29-2-7
Gwangju/광주,KR-29,Gwangsan-gu/광산구,KR-29-2,Deungim-dong/등임동,KR-29-2-8
Gwangju/광주,KR-29,Gwangsan-gu/광산구,KR-29-2,Docheon-dong/도천동,KR-29-2-9
Gwangju/광주,KR-29,Gwangsan-gu/광산구,KR-29-2,Dodeok-dong/도덕동,KR-29-2-10
Gwangju/광주,KR-29,Gwangsan-gu/광산구,KR-29-2,Doho-dong/도호동,KR-29-2-11
Gwangju/광주,KR-29,Gwangsan-gu/광산구,KR-29-2,Dongho-dong/동호동,KR-29-2-12
Gwangju/광주,KR-29,Gwangsan-gu/광산구,KR-29-2,Dongrim-dong/동림동,KR-29-2-13
Gwangju/광주,KR-29,Gwangsan-gu/광산구,KR-29-2,Dongsan-dong/동산동,KR-29-2-14
Gwangju/광주,KR-29,Gwangsan-gu/광산구,KR-29-2,Dosan-dong/도산동,KR-29-2-15
Gwangju/광주,KR-29,Gwangsan-gu/광산구,KR-29-2,Dujeong-dong/두정동,KR-29-2-16
Gwangju/광주,KR-29,Gwangsan-gu/광산구,KR-29-2,Eoryong-dong/어룡동,KR-29-2-17
Gwangju/광주,KR-29,Gwangsan-gu/광산구,KR-29-2,Goryong-dong/고룡동,KR-29-2-18
Gwangju/광주,KR-29,Gwangsan-gu/광산구,KR-29-2,Gwangjugwangsanucheguksaseoham/광주광산우체국사서함,KR-29-2-19
Gwangju/광주,KR-29,Gwangsan-gu/광산구,KR-29-2,Gwangsan-dong/광산동,KR-29-2-20
Gwangju/광주,KR-29,Gwangsan-gu/광산구,KR-29-2,Hanam-dong/하남동,KR-29-2-21
Gwangju/광주,KR-29,Gwangsan-gu/광산구,KR-29-2,Hasan-dong/하산동,KR-29-2-22
Gwangju/광주,KR-29,Gwangsan-gu/광산구,KR-29-2,Heukseok-dong/흑석동,KR-29-2-23
Gwangju/광주,KR-29,Gwangsan-gu/광산구,KR-29-2,Hwangryong-dong/황룡동,KR-29-2-24
Gwangju/광주,KR-29,Gwangsan-gu/광산구,KR-29-2,Imgok-dong/임곡동,KR-29-2-25
Gwangju/광주,KR-29,Gwangsan-gu/광산구,KR-29-2,Jangdeok-dong/장덕동,KR-29-2-26
Gwangju/광주,KR-29,Gwangsan-gu/광산구,KR-29-2,Jangrok-dong/장록동,KR-29-2-27
Gwangju/광주,KR-29,Gwangsan-gu/광산구,KR-29-2,Jangsu-dong/장수동,KR-29-2-28
Gwangju/광주,KR-29,Gwangsan-gu/광산구,KR-29-2,Jijeong-dong/지정동,KR-29-2-29
Gwangju/광주,KR-29,Gwangsan-gu/광산구,KR-29-2,Jijuk-dong/지죽동,KR-29-2-30
Gwangju/광주,KR-29,Gwangsan-gu/광산구,KR-29-2,Jingok-dong/진곡동,KR-29-2-31
Gwangju/광주,KR-29,Gwangsan-gu/광산구,KR-29-2,Jipyeong-dong/지평동,KR-29-2-32
Gwangju/광주,KR-29,Gwangsan-gu/광산구,KR-29-2,Jisan-dong/지산동,KR-29-2-33
Gwangju/광주,KR-29,Gwangsan-gu/광산구,KR-29-2,Myeongdo-dong/명도동,KR-29-2-34
Gwangju/광주,KR-29,Gwangsan-gu/광산구,KR-29-2,Myeonghwa-dong/명화동,KR-29-2-35
Gwangju/광주,KR-29,Gwangsan-gu/광산구,KR-29-2,Naesan-dong/내산동,KR-29-2-36
Gwangju/광주,KR-29,Gwangsan-gu/광산구,KR-29-2,Namsan-dong/남산동,KR-29-2-37
Gwangju/광주,KR-29,Gwangsan-gu/광산구,KR-29-2,Ok-dong/옥동,KR-29-2-38
Gwangju/광주,KR-29,Gwangsan-gu/광산구,KR-29-2,Osan-dong/오산동,KR-29-2-39
Gwangju/광주,KR-29,Gwangsan-gu/광산구,KR-29-2,Oseon-dong/오선동,KR-29-2-40
Gwangju/광주,KR-29,Gwangsan-gu/광산구,KR-29-2,Oun-dong/오운동,KR-29-2-41
Gwangju/광주,KR-29,Gwangsan-gu/광산구,KR-29-2,Saho-dong/사호동,KR-29-2-42
Gwangju/광주,KR-29,Gwangsan-gu/광산구,KR-29-2,Samdo-dong/삼도동,KR-29-2-43
Gwangju/광주,KR-29,Gwangsan-gu/광산구,KR-29-2,Samgeo-dong/삼거동,KR-29-2-44
Gwangju/광주,KR-29,Gwangsan-gu/광산구,KR-29-2,Sanjeong-dong/산정동,KR-29-2-45
Gwangju/광주,KR-29,Gwangsan-gu/광산구,KR-29-2,Sanmak-dong/산막동,KR-29-2-46
Gwangju/광주,KR-29,Gwangsan-gu/광산구,KR-29-2,Sansu-dong/산수동,KR-29-2-47
Gwangju/광주,KR-29,Gwangsan-gu/광산구,KR-29-2,Sanwol-dong/산월동,KR-29-2-48
Gwangju/광주,KR-29,Gwangsan-gu/광산구,KR-29-2,Seobong-dong/서봉동,KR-29-2-49
Gwangju/광주,KR-29,Gwangsan-gu/광산구,KR-29-2,Seonam-dong/선암동,KR-29-2-50
Gwangju/광주,KR-29,Gwangsan-gu/광산구,KR-29-2,Seon-dong/선동,KR-29-2-51
Gwangju/광주,KR-29,Gwangsan-gu/광산구,KR-29-2,Sinchang-dong/신창동,KR-29-2-52
Gwangju/광주,KR-29,Gwangsan-gu/광산구,KR-29-2,Sinchon-dong/신촌동,KR-29-2-53
Gwangju/광주,KR-29,Gwangsan-gu/광산구,KR-29-2,Sin-dong/신동,KR-29-2-54
Gwangju/광주,KR-29,Gwangsan-gu/광산구,KR-29-2,Singa-dong/신가동,KR-29-2-55
Gwangju/광주,KR-29,Gwangsan-gu/광산구,KR-29-2,Sinryong-dong/신룡동,KR-29-2-56
Gwangju/광주,KR-29,Gwangsan-gu/광산구,KR-29-2,Sochon-dong/소촌동,KR-29-2-57
Gwangju/광주,KR-29,Gwangsan-gu/광산구,KR-29-2,Songchi-dong/송치동,KR-29-2-58
Gwangju/광주,KR-29,Gwangsan-gu/광산구,KR-29-2,Songchon-dong/송촌동,KR-29-2-59
Gwangju/광주,KR-29,Gwangsan-gu/광산구,KR-29-2,Songdae-dong/송대동,KR-29-2-60
Gwangju/광주,KR-29,Gwangsan-gu/광산구,KR-29-2,Songhak-dong/송학동,KR-29-2-61
Gwangju/광주,KR-29,Gwangsan-gu/광산구,KR-29-2,Songjeong 1(il)-dong/송정1동,KR-29-2-62
Gwangju/광주,KR-29,Gwangsan-gu/광산구,KR-29-2,Songjeong 2(i)-dong/송정2동,KR-29-2-63
Gwangju/광주,KR-29,Gwangsan-gu/광산구,KR-29-2,Songjeong-dong/송정동,KR-29-2-64
Gwangju/광주,KR-29,Gwangsan-gu/광산구,KR-29-2,Songsan-dong/송산동,KR-29-2-65
Gwangju/광주,KR-29,Gwangsan-gu/광산구,KR-29-2,Ssangam-dong/쌍암동,KR-29-2-66
Gwangju/광주,KR-29,Gwangsan-gu/광산구,KR-29-2,Suwan-dong/수완동,KR-29-2-67
Gwangju/광주,KR-29,Gwangsan-gu/광산구,KR-29-2,Unnam-dong/운남동,KR-29-2-68
Gwangju/광주,KR-29,Gwangsan-gu/광산구,KR-29-2,Unsu-dong/운수동,KR-29-2-69
Gwangju/광주,KR-29,Gwangsan-gu/광산구,KR-29-2,Usan-dong/우산동,KR-29-2-70
Gwangju/광주,KR-29,Gwangsan-gu/광산구,KR-29-2,Wang-dong/왕동,KR-29-2-71
Gwangju/광주,KR-29,Gwangsan-gu/광산구,KR-29-2,Wolgog 1(il)-dong/월곡1동,KR-29-2-72
Gwangju/광주,KR-29,Gwangsan-gu/광산구,KR-29-2,Wolgog 2(i)-dong/월곡2동,KR-29-2-73
Gwangju/광주,KR-29,Gwangsan-gu/광산구,KR-29-2,Wolgok-dong/월곡동,KR-29-2-74
Gwangju/광주,KR-29,Gwangsan-gu/광산구,KR-29-2,Wolgye-dong/월계동,KR-29-2-75
Gwangju/광주,KR-29,Gwangsan-gu/광산구,KR-29-2,Woljeon-dong/월전동,KR-29-2-76
Gwangju/광주,KR-29,Gwangsan-gu/광산구,KR-29-2,Yang-dong/양동,KR-29-2-77
Gwangju/광주,KR-29,Gwangsan-gu/광산구,KR-29-2,Yangsan-dong/양산동,KR-29-2-78
Gwangju/광주,KR-29,Gwangsan-gu/광산구,KR-29-2,Yeonsan-dong/연산동,KR-29-2-79
Gwangju/광주,KR-29,Gwangsan-gu/광산구,KR-29-2,Yogi-dong/요기동,KR-29-2-80
Gwangju/광주,KR-29,Gwangsan-gu/광산구,KR-29-2,Yongbong-dong/용봉동,KR-29-2-81
Gwangju/광주,KR-29,Gwangsan-gu/광산구,KR-29-2,Yong-dong/용동,KR-29-2-82
Gwangju/광주,KR-29,Gwangsan-gu/광산구,KR-29-2,Yonggok-dong/용곡동,KR-29-2-83
Gwangju/광주,KR-29,Gwangsan-gu/광산구,KR-29-2,Yugye-dong/유계동,KR-29-2-84
Gwangju/광주,KR-29,Nam-gu/남구,KR-29-3,Apchon-dong/압촌동,KR-29-3-0
Gwangju/광주,KR-29,Nam-gu/남구,KR-29-3,Baegun 1(il)-dong/백운1동,KR-29-3-1
Gwangju/광주,KR-29,Nam-gu/남구,KR-29-3,Baegun 2(i)-dong/백운2동,KR-29-3-2
Gwangju/광주,KR-29,Nam-gu/남구,KR-29-3,Baegun-dong/백운동,KR-29-3-3
Gwangju/광주,KR-29,Nam-gu/남구,KR-29-3,Bangrim 1(il)-dong/방림1동,KR-29-3-4
Gwangju/광주,KR-29,Nam-gu/남구,KR-29-3,Bangrim 2(i)-dong/방림2동,KR-29-3-5
Gwangju/광주,KR-29,Nam-gu/남구,KR-29-3,Bangrim-dong/방림동,KR-29-3-6
Gwangju/광주,KR-29,Nam-gu/남구,KR-29-3,Bongdeog 1(il)-dong/봉덕1동,KR-29-3-7
Gwangju/광주,KR-29,Nam-gu/남구,KR-29-3,Bongdeog 2(i)-dong/봉덕2동,KR-29-3-8
Gwangju/광주,KR-29,Nam-gu/남구,KR-29-3,Bongdeog 3(sam)-dong/봉덕3동,KR-29-3-9
Gwangju/광주,KR-29,Nam-gu/남구,KR-29-3,Bongdeok-dong/봉덕동,KR-29-3-10
Gwangju/광주,KR-29,Nam-gu/남구,KR-29-3,Bongseon 1(il)-dong/봉선1동,KR-29-3-11
Gwangju/광주,KR-29,Nam-gu/남구,KR-29-3,Bongseon 2(i)-dong/봉선2동,KR-29-3-12
Gwangju/광주,KR-29,Nam-gu/남구,KR-29-3,Bongseon-dong/봉선동,KR-29-3-13
Gwangju/광주,KR-29,Nam-gu/남구,KR-29-3,Bugok-dong/부곡동,KR-29-3-14
Gwangju/광주,KR-29,Nam-gu/남구,KR-29-3,Chilseok-dong/칠석동,KR-29-3-15
Gwangju/광주,KR-29,Nam-gu/남구,KR-29-3,Daeji-dong/대지동,KR-29-3-16
Gwangju/광주,KR-29,Nam-gu/남구,KR-29-3,Daemyeong 1(il)-dong/대명1동,KR-29-3-17
Gwangju/광주,KR-29,Nam-gu/남구,KR-29-3,Daemyeong 10(sip)-dong/대명10동,KR-29-3-18
Gwangju/광주,KR-29,Nam-gu/남구,KR-29-3,Daemyeong 11(sibil)-dong/대명11동,KR-29-3-19
Gwangju/광주,KR-29,Nam-gu/남구,KR-29-3,Daemyeong 2(i)-dong/대명2동,KR-29-3-20
Gwangju/광주,KR-29,Nam-gu/남구,KR-29-3,Daemyeong 3(sam)-dong/대명3동,KR-29-3-21
Gwangju/광주,KR-29,Nam-gu/남구,KR-29-3,Daemyeong 4(sa)-dong/대명4동,KR-29-3-22
Gwangju/광주,KR-29,Nam-gu/남구,KR-29-3,Daemyeong 5(o)-dong/대명5동,KR-29-3-23
Gwangju/광주,KR-29,Nam-gu/남구,KR-29-3,Daemyeong 6(yuk)-dong/대명6동,KR-29-3-24
Gwangju/광주,KR-29,Nam-gu/남구,KR-29-3,Daemyeong 9(gu)-dong/대명9동,KR-29-3-25
Gwangju/광주,KR-29,Nam-gu/남구,KR-29-3,Daemyeong-dong/대명동,KR-29-3-26
Gwangju/광주,KR-29,Nam-gu/남구,KR-29-3,Daeyeon 1(il)-dong/대연1동,KR-29-3-27
Gwangju/광주,KR-29,Nam-gu/남구,KR-29-3,Daeyeon 2(i)-dong/대연2동,KR-29-3-28
Gwangju/광주,KR-29,Nam-gu/남구,KR-29-3,Daeyeon 3(sam)-dong/대연3동,KR-29-3-29
Gwangju/광주,KR-29,Nam-gu/남구,KR-29-3,Daeyeon 4(sa)-dong/대연4동,KR-29-3-30
Gwangju/광주,KR-29,Nam-gu/남구,KR-29-3,Daeyeon 5(o)-dong/대연5동,KR-29-3-31
Gwangju/광주,KR-29,Nam-gu/남구,KR-29-3,Daeyeon 6(yuk)-dong/대연6동,KR-29-3-32
Gwangju/광주,KR-29,Nam-gu/남구,KR-29-3,Daeyeon-dong/대연동,KR-29-3-33
Gwangju/광주,KR-29,Nam-gu/남구,KR-29-3,Dal-dong/달동,KR-29-3-34
Gwangju/광주,KR-29,Nam-gu/남구,KR-29-3,Deoknam-dong/덕남동,KR-29-3-35
Gwangju/광주,KR-29,Nam-gu/남구,KR-29-3,Dogeum-dong/도금동,KR-29-3-36
Gwangju/광주,KR-29,Nam-gu/남구,KR-29-3,Dohwa 1(il)-dong/도화1동,KR-29-3-37
Gwangju/광주,KR-29,Nam-gu/남구,KR-29-3,Dohwa 2(i)-dong/도화2동,KR-29-3-38
Gwangju/광주,KR-29,Nam-gu/남구,KR-29-3,Dohwa 3(sam)-dong/도화3동,KR-29-3-39
Gwangju/광주,KR-29,Nam-gu/남구,KR-29-3,Dohwa-dong/도화동,KR-29-3-40
Gwangju/광주,KR-29,Nam-gu/남구,KR-29-3,Duwang-dong/두왕동,KR-29-3-41
Gwangju/광주,KR-29,Nam-gu/남구,KR-29-3,Gaeun-dong/개운동,KR-29-3-42
Gwangju/광주,KR-29,Nam-gu/남구,KR-29-3,Gamman 1(il)-dong/감만1동,KR-29-3-43
Gwangju/광주,KR-29,Nam-gu/남구,KR-29-3,Gamman 2(i)-dong/감만2동,KR-29-3-44
Gwangju/광주,KR-29,Nam-gu/남구,KR-29-3,Gamman-dong/감만동,KR-29-3-45
Gwangju/광주,KR-29,Nam-gu/남구,KR-29-3,Gosa-dong/고사동,KR-29-3-46
Gwangju/광주,KR-29,Nam-gu/남구,KR-29-3,Gu-dong/구동,KR-29-3-47
Gwangju/광주,KR-29,Nam-gu/남구,KR-29-3,Guso-dong/구소동,KR-29-3-48
Gwangju/광주,KR-29,Nam-gu/남구,KR-29-3,Gwangyo-dong/관교동,KR-29-3-49
Gwangju/광주,KR-29,Nam-gu/남구,KR-29-3,Haengam-dong/행암동,KR-29-3-50
Gwangju/광주,KR-29,Nam-gu/남구,KR-29-3,Hagig 1(il)-dong/학익1동,KR-29-3-51
Gwangju/광주,KR-29,Nam-gu/남구,KR-29-3,Hagig 2(i)-dong/학익2동,KR-29-3-52
Gwangju/광주,KR-29,Nam-gu/남구,KR-29-3,Hagik-dong/학익동,KR-29-3-53
Gwangju/광주,KR-29,Nam-gu/남구,KR-29-3,Hwajang-dong/화장동,KR-29-3-54
Gwangju/광주,KR-29,Nam-gu/남구,KR-29-3,Hwangseong-dong/황성동,KR-29-3-55
Gwangju/광주,KR-29,Nam-gu/남구,KR-29-3,Icheon-dong/이천동,KR-29-3-56
Gwangju/광주,KR-29,Nam-gu/남구,KR-29-3,Ijang-dong/이장동,KR-29-3-57
Gwangju/광주,KR-29,Nam-gu/남구,KR-29-3,Imam-dong/임암동,KR-29-3-58
Gwangju/광주,KR-29,Nam-gu/남구,KR-29-3,Jangsaengpo-dong/장생포동,KR-29-3-59
Gwangju/광주,KR-29,Nam-gu/남구,KR-29-3,Jinwol-dong/진월동,KR-29-3-60
Gwangju/광주,KR-29,Nam-gu/남구,KR-29-3,Jiseok-dong/지석동,KR-29-3-61
Gwangju/광주,KR-29,Nam-gu/남구,KR-29-3,Juan 1(il)-dong/주안1동,KR-29-3-62
Gwangju/광주,KR-29,Nam-gu/남구,KR-29-3,Juan 2(i)-dong/주안2동,KR-29-3-63
Gwangju/광주,KR-29,Nam-gu/남구,KR-29-3,Juan 3(sam)-dong/주안3동,KR-29-3-64
Gwangju/광주,KR-29,Nam-gu/남구,KR-29-3,Juan 4(sa)-dong/주안4동,KR-29-3-65
Gwangju/광주,KR-29,Nam-gu/남구,KR-29-3,Juan 5(o)-dong/주안5동,KR-29-3-66
Gwangju/광주,KR-29,Nam-gu/남구,KR-29-3,Juan 6(yuk)-dong/주안6동,KR-29-3-67
Gwangju/광주,KR-29,Nam-gu/남구,KR-29-3,Juan 7(chil)-dong/주안7동,KR-29-3-68
Gwangju/광주,KR-29,Nam-gu/남구,KR-29-3,Juan 8(pal)-dong/주안8동,KR-29-3-69
Gwangju/광주,KR-29,Nam-gu/남구,KR-29-3,Juan-dong/주안동,KR-29-3-70
Gwangju/광주,KR-29,Nam-gu/남구,KR-29-3,Juwol-dong/주월동,KR-29-3-71
Gwangju/광주,KR-29,Nam-gu/남구,KR-29-3,Juwor 1(il)-dong/주월1동,KR-29-3-72
Gwangju/광주,KR-29,Nam-gu/남구,KR-29-3,Juwor 2(i)-dong/주월2동,KR-29-3-73
Gwangju/광주,KR-29,Nam-gu/남구,KR-29-3,Maeam-dong/매암동,KR-29-3-74
Gwangju/광주,KR-29,Nam-gu/남구,KR-29-3,Mugeo-dong/무거동,KR-29-3-75
Gwangju/광주,KR-29,Nam-gu/남구,KR-29-3,Munhak-dong/문학동,KR-29-3-76
Gwangju/광주,KR-29,Nam-gu/남구,KR-29-3,Munhyeon 1(il)-dong/문현1동,KR-29-3-77
Gwangju/광주,KR-29,Nam-gu/남구,KR-29-3,Munhyeon 2(i)-dong/문현2동,KR-29-3-78
Gwangju/광주,KR-29,Nam-gu/남구,KR-29-3,Munhyeon 3(sam)-dong/문현3동,KR-29-3-79
Gwangju/광주,KR-29,Nam-gu/남구,KR-29-3,Munhyeon 4(sa)-dong/문현4동,KR-29-3-80
Gwangju/광주,KR-29,Nam-gu/남구,KR-29-3,Munhyeon-dong/문현동,KR-29-3-81
Gwangju/광주,KR-29,Nam-gu/남구,KR-29-3,Namdaeguucheguksaseoham/남대구우체국사서함,KR-29-3-82
Gwangju/광주,KR-29,Nam-gu/남구,KR-29-3,Namhwa-dong/남화동,KR-29-3-83
Gwangju/광주,KR-29,Nam-gu/남구,KR-29-3,Namulsanucheguksaseoham/남울산우체국사서함,KR-29-3-84
Gwangju/광주,KR-29,Nam-gu/남구,KR-29-3,Nodae-dong/노대동,KR-29-3-85
Gwangju/광주,KR-29,Nam-gu/남구,KR-29-3,Ok-dong/옥동,KR-29-3-86
Gwangju/광주,KR-29,Nam-gu/남구,KR-29-3,Sa-dong/사동,KR-29-3-87
Gwangju/광주,KR-29,Nam-gu/남구,KR-29-3,Samsan-dong/삼산동,KR-29-3-88
Gwangju/광주,KR-29,Nam-gu/남구,KR-29-3,Sanggae-dong/상개동,KR-29-3-89
Gwangju/광주,KR-29,Nam-gu/남구,KR-29-3,Seo 1(il)-dong/서1동,KR-29-3-90
Gwangju/광주,KR-29,Nam-gu/남구,KR-29-3,Seo 2(i)-dong/서2동,KR-29-3-91
Gwangju/광주,KR-29,Nam-gu/남구,KR-29-3,Seo-dong/서동,KR-29-3-92
Gwangju/광주,KR-29,Nam-gu/남구,KR-29-3,Seokjeong-dong/석정동,KR-29-3-93
Gwangju/광주,KR-29,Nam-gu/남구,KR-29-3,Seonam-dong/선암동,KR-29-3-94
Gwangju/광주,KR-29,Nam-gu/남구,KR-29-3,Seongam-dong/성암동,KR-29-3-95
Gwangju/광주,KR-29,Nam-gu/남구,KR-29-3,Seungchon-dong/승촌동,KR-29-3-96
Gwangju/광주,KR-29,Nam-gu/남구,KR-29-3,Sinjang-dong/신장동,KR-29-3-97
Gwangju/광주,KR-29,Nam-gu/남구,KR-29-3,Sinjeong 1(il)-dong/신정1동,KR-29-3-98
Gwangju/광주,KR-29,Nam-gu/남구,KR-29-3,Sinjeong 2(i)-dong/신정2동,KR-29-3-99
Gwangju/광주,KR-29,Nam-gu/남구,KR-29-3,Sinjeong 3(sam)-dong/신정3동,KR-29-3-100
Gwangju/광주,KR-29,Nam-gu/남구,KR-29-3,Sinjeong 4(sa)-dong/신정4동,KR-29-3-101
Gwangju/광주,KR-29,Nam-gu/남구,KR-29-3,Sinjeong 5(o)-dong/신정5동,KR-29-3-102
Gwangju/광주,KR-29,Nam-gu/남구,KR-29-3,Sinjeong-dong/신정동,KR-29-3-103
Gwangju/광주,KR-29,Nam-gu/남구,KR-29-3,Songha-dong/송하동,KR-29-3-104
Gwangju/광주,KR-29,Nam-gu/남구,KR-29-3,Sungui 1(il)-dong/숭의1동,KR-29-3-105
Gwangju/광주,KR-29,Nam-gu/남구,KR-29-3,Sungui 2(i)-dong/숭의2동,KR-29-3-106
Gwangju/광주,KR-29,Nam-gu/남구,KR-29-3,Sungui 3(sam)-dong/숭의3동,KR-29-3-107
Gwangju/광주,KR-29,Nam-gu/남구,KR-29-3,Sungui 4(sa)-dong/숭의4동,KR-29-3-108
Gwangju/광주,KR-29,Nam-gu/남구,KR-29-3,Sungui-dong/숭의동,KR-29-3-109
Gwangju/광주,KR-29,Nam-gu/남구,KR-29-3,Uam 1(il)-dong/우암1동,KR-29-3-110
Gwangju/광주,KR-29,Nam-gu/남구,KR-29-3,Uam 2(i)-dong/우암2동,KR-29-3-111
Gwangju/광주,KR-29,Nam-gu/남구,KR-29-3,Uam-dong/우암동,KR-29-3-112
Gwangju/광주,KR-29,Nam-gu/남구,KR-29-3,Wolsan 1(il)-dong/월산1동,KR-29-3-113
Gwangju/광주,KR-29,Nam-gu/남구,KR-29-3,Wolsan 2(i)-dong/월산2동,KR-29-3-114
Gwangju/광주,KR-29,Nam-gu/남구,KR-29-3,Wolsan 3(sam)-dong/월산3동,KR-29-3-115
Gwangju/광주,KR-29,Nam-gu/남구,KR-29-3,Wolsan 4(sa)-dong/월산4동,KR-29-3-116
Gwangju/광주,KR-29,Nam-gu/남구,KR-29-3,Wolsan 5(o)-dong/월산5동,KR-29-3-117
Gwangju/광주,KR-29,Nam-gu/남구,KR-29-3,Wolsan-dong/월산동,KR-29-3-118
Gwangju/광주,KR-29,Nam-gu/남구,KR-29-3,Wolseong-dong/월성동,KR-29-3-119
Gwangju/광주,KR-29,Nam-gu/남구,KR-29-3,Wonsan-dong/원산동,KR-29-3-120
Gwangju/광주,KR-29,Nam-gu/남구,KR-29-3,Yaeum-dong/야음동,KR-29-3-121
Gwangju/광주,KR-29,Nam-gu/남구,KR-29-3,Yangchon-dong/양촌동,KR-29-3-122
Gwangju/광주,KR-29,Nam-gu/남구,KR-29-3,Yanggwa-dong/양과동,KR-29-3-123
Gwangju/광주,KR-29,Nam-gu/남구,KR-29-3,Yangrim-dong/양림동,KR-29-3-124
Gwangju/광주,KR-29,Nam-gu/남구,KR-29-3,Yeocheon-dong/여천동,KR-29-3-125
Gwangju/광주,KR-29,Nam-gu/남구,KR-29-3,Yongdang-dong/용당동,KR-29-3-126
Gwangju/광주,KR-29,Nam-gu/남구,KR-29-3,Yongho 1(il)-dong/용호1동,KR-29-3-127
Gwangju/광주,KR-29,Nam-gu/남구,KR-29-3,Yongho 2(i)-dong/용호2동,KR-29-3-128
Gwangju/광주,KR-29,Nam-gu/남구,KR-29-3,Yongho 3(sam)-dong/용호3동,KR-29-3-129
Gwangju/광주,KR-29,Nam-gu/남구,KR-29-3,Yongho 4(sa)-dong/용호4동,KR-29-3-130
Gwangju/광주,KR-29,Nam-gu/남구,KR-29-3,Yongho-dong/용호동,KR-29-3-131
Gwangju/광주,KR-29,Nam-gu/남구,KR-29-3,Yonghyeon 1(il)-dong/용현1동,KR-29-3-132
Gwangju/광주,KR-29,Nam-gu/남구,KR-29-3,Yonghyeon 2(i)-dong/용현2동,KR-29-3-133
Gwangju/광주,KR-29,Nam-gu/남구,KR-29-3,Yonghyeon 3(sam)-dong/용현3동,KR-29-3-134
Gwangju/광주,KR-29,Nam-gu/남구,KR-29-3,Yonghyeon 4(sa)-dong/용현4동,KR-29-3-135
Gwangju/광주,KR-29,Nam-gu/남구,KR-29-3,Yonghyeon 5(o)-dong/용현5동,KR-29-3-136
Gwangju/광주,KR-29,Nam-gu/남구,KR-29-3,Yonghyeon-dong/용현동,KR-29-3-137
Gwangju/광주,KR-29,Nam-gu/남구,KR-29-3,Yongjam-dong/용잠동,KR-29-3-138
Gwangju/광주,KR-29,Nam-gu/남구,KR-29-3,Yongyeon-dong/용연동,KR-29-3-139
Gwangju/광주,KR-29,Seo-gu/서구,KR-29-4,Amidong 1(il)-ga/아미동1가,KR-29-4-0
Gwangju/광주,KR-29,Seo-gu/서구,KR-29-4,Amidong 2(i)-ga/아미동2가,KR-29-4-1
Gwangju/광주,KR-29,Seo-gu/서구,KR-29-4,Ami-dong/아미동,KR-29-4-2
Gwangju/광주,KR-29,Seo-gu/서구,KR-29-4,Amnam-dong/암남동,KR-29-4-3
Gwangju/광주,KR-29,Seo-gu/서구,KR-29-4,Baekseok-dong/백석동,KR-29-4-4
Gwangju/광주,KR-29,Seo-gu/서구,KR-29-4,Bisan 1(il)-dong/비산1동,KR-29-4-5
Gwangju/광주,KR-29,Seo-gu/서구,KR-29-4,Bisan 2.3-dong/비산2.3동,KR-29-4-6
Gwangju/광주,KR-29,Seo-gu/서구,KR-29-4,Bisan 4(sa)-dong/비산4동,KR-29-4-7
Gwangju/광주,KR-29,Seo-gu/서구,KR-29-4,Bisan 5(o)-dong/비산5동,KR-29-4-8
Gwangju/광주,KR-29,Seo-gu/서구,KR-29-4,Bisan 6(yuk)-dong/비산6동,KR-29-4-9
Gwangju/광주,KR-29,Seo-gu/서구,KR-29-4,Bisan 7(chil)-dong/비산7동,KR-29-4-10
Gwangju/광주,KR-29,Seo-gu/서구,KR-29-4,Bisan-dong/비산동,KR-29-4-11
Gwangju/광주,KR-29,Seo-gu/서구,KR-29-4,Boksu-dong/복수동,KR-29-4-12
Gwangju/광주,KR-29,Seo-gu/서구,KR-29-4,Bonggok-dong/봉곡동,KR-29-4-13
Gwangju/광주,KR-29,Seo-gu/서구,KR-29-4,Bullo-dong/불로동,KR-29-4-14
Gwangju/광주,KR-29,Seo-gu/서구,KR-29-4,Bumindong 1(il)-ga/부민동1가,KR-29-4-15
Gwangju/광주,KR-29,Seo-gu/서구,KR-29-4,Bumindong 2(i)-ga/부민동2가,KR-29-4-16
Gwangju/광주,KR-29,Seo-gu/서구,KR-29-4,Bumindong 3(sam)-ga/부민동3가,KR-29-4-17
Gwangju/광주,KR-29,Seo-gu/서구,KR-29-4,Bumin-dong/부민동,KR-29-4-18
Gwangju/광주,KR-29,Seo-gu/서구,KR-29-4,Buyongdong 1(il)-ga/부용동1가,KR-29-4-19
Gwangju/광주,KR-29,Seo-gu/서구,KR-29-4,Buyongdong 2(i)-ga/부용동2가,KR-29-4-20
Gwangju/광주,KR-29,Seo-gu/서구,KR-29-4,Buyong-dong/부용동,KR-29-4-21
Gwangju/광주,KR-29,Seo-gu/서구,KR-29-4,Byeokjin-dong/벽진동,KR-29-4-22
Gwangju/광주,KR-29,Seo-gu/서구,KR-29-4,Byeon-dong/변동,KR-29-4-23
Gwangju/광주,KR-29,Seo-gu/서구,KR-29-4,Chipyeong-dong/치평동,KR-29-4-24
Gwangju/광주,KR-29,Seo-gu/서구,KR-29-4,Chojang-dong/초장동,KR-29-4-25
Gwangju/광주,KR-29,Seo-gu/서구,KR-29-4,Chungmudong 1(il)-ga/충무동1가,KR-29-4-26
Gwangju/광주,KR-29,Seo-gu/서구,KR-29-4,Chungmudong 2(i)-ga/충무동2가,KR-29-4-27
Gwangju/광주,KR-29,Seo-gu/서구,KR-29-4,Chungmudong 3(sam)-ga/충무동3가,KR-29-4-28
Gwangju/광주,KR-29,Seo-gu/서구,KR-29-4,Chungmu-dong/충무동,KR-29-4-29
Gwangju/광주,KR-29,Seo-gu/서구,KR-29-4,Daegok-dong/대곡동,KR-29-4-30
Gwangju/광주,KR-29,Seo-gu/서구,KR-29-4,Daejeondunsanucheguksaseoham/대전둔산우체국사서함,KR-29-4-31
Gwangju/광주,KR-29,Seo-gu/서구,KR-29-4,Dangha-dong/당하동,KR-29-4-32
Gwangju/광주,KR-29,Seo-gu/서구,KR-29-4,Deokheung-dong/덕흥동,KR-29-4-33
Gwangju/광주,KR-29,Seo-gu/서구,KR-29-4,Doan-dong/도안동,KR-29-4-34
Gwangju/광주,KR-29,Seo-gu/서구,KR-29-4,Doma 1(il)-dong/도마1동,KR-29-4-35
Gwangju/광주,KR-29,Seo-gu/서구,KR-29-4,Doma 2(i)-dong/도마2동,KR-29-4-36
Gwangju/광주,KR-29,Seo-gu/서구,KR-29-4,Doma-dong/도마동,KR-29-4-37
Gwangju/광주,KR-29,Seo-gu/서구,KR-29-4,Dongdaesindong 1(il)-ga/동대신동1가,KR-29-4-38
Gwangju/광주,KR-29,Seo-gu/서구,KR-29-4,Dongdaesindong 2(i)-ga/동대신동2가,KR-29-4-39
Gwangju/광주,KR-29,Seo-gu/서구,KR-29-4,Dongdaesindong 3(sam)-ga/동대신동3가,KR-29-4-40
Gwangju/광주,KR-29,Seo-gu/서구,KR-29-4,Dunsan 1(il)-dong/둔산1동,KR-29-4-41
Gwangju/광주,KR-29,Seo-gu/서구,KR-29-4,Dunsan 2(i)-dong/둔산2동,KR-29-4-42
Gwangju/광주,KR-29,Seo-gu/서구,KR-29-4,Dunsan-dong/둔산동,KR-29-4-43
Gwangju/광주,KR-29,Seo-gu/서구,KR-29-4,Gajang-dong/가장동,KR-29-4-44
Gwangju/광주,KR-29,Seo-gu/서구,KR-29-4,Gajeong 1(il)-dong/가정1동,KR-29-4-45
Gwangju/광주,KR-29,Seo-gu/서구,KR-29-4,Gajeong 2(i)-dong/가정2동,KR-29-4-46
Gwangju/광주,KR-29,Seo-gu/서구,KR-29-4,Gajeong 3(sam)-dong/가정3동,KR-29-4-47
Gwangju/광주,KR-29,Seo-gu/서구,KR-29-4,Gajeong-dong/가정동,KR-29-4-48
Gwangju/광주,KR-29,Seo-gu/서구,KR-29-4,Gajwa 1(il)-dong/가좌1동,KR-29-4-49
Gwangju/광주,KR-29,Seo-gu/서구,KR-29-4,Gajwa 2(i)-dong/가좌2동,KR-29-4-50
Gwangju/광주,KR-29,Seo-gu/서구,KR-29-4,Gajwa 3(sam)-dong/가좌3동,KR-29-4-51
Gwangju/광주,KR-29,Seo-gu/서구,KR-29-4,Gajwa 4(sa)-dong/가좌4동,KR-29-4-52
Gwangju/광주,KR-29,Seo-gu/서구,KR-29-4,Gajwa-dong/가좌동,KR-29-4-53
Gwangju/광주,KR-29,Seo-gu/서구,KR-29-4,Galma 1(il)-dong/갈마1동,KR-29-4-54
Gwangju/광주,KR-29,Seo-gu/서구,KR-29-4,Galma 2(i)-dong/갈마2동,KR-29-4-55
Gwangju/광주,KR-29,Seo-gu/서구,KR-29-4,Galma-dong/갈마동,KR-29-4-56
Gwangju/광주,KR-29,Seo-gu/서구,KR-29-4,Gasuwon-dong/가수원동,KR-29-4-57
Gwangju/광주,KR-29,Seo-gu/서구,KR-29-4,Geomam-dong/검암동,KR-29-4-58
Gwangju/광주,KR-29,Seo-gu/서구,KR-29-4,Geumgok-dong/금곡동,KR-29-4-59
Gwangju/광주,KR-29,Seo-gu/서구,KR-29-4,Geumho-dong/금호동,KR-29-4-60
Gwangju/광주,KR-29,Seo-gu/서구,KR-29-4,Goegok-dong/괴곡동,KR-29-4-61
Gwangju/광주,KR-29,Seo-gu/서구,KR-29-4,Goejeong-dong/괴정동,KR-29-4-62
Gwangju/광주,KR-29,Seo-gu/서구,KR-29-4,Gongchon-dong/공촌동,KR-29-4-63
Gwangju/광주,KR-29,Seo-gu/서구,KR-29-4,Gwangcheon-dong/광천동,KR-29-4-64
Gwangju/광주,KR-29,Seo-gu/서구,KR-29-4,Gwanjeo 1(il)-dong/관저1동,KR-29-4-65
Gwangju/광주,KR-29,Seo-gu/서구,KR-29-4,Gwanjeo 2(i)-dong/관저2동,KR-29-4-66
Gwangju/광주,KR-29,Seo-gu/서구,KR-29-4,Gwanjeo-dong/관저동,KR-29-4-67
Gwangju/광주,KR-29,Seo-gu/서구,KR-29-4,Gyeongseo-dong/경서동,KR-29-4-68
Gwangju/광주,KR-29,Seo-gu/서구,KR-29-4,Heukseok-dong/흑석동,KR-29-4-69
Gwangju/광주,KR-29,Seo-gu/서구,KR-29-4,Hwajeong 1(il)-dong/화정1동,KR-29-4-70
Gwangju/광주,KR-29,Seo-gu/서구,KR-29-4,Hwajeong 2(i)-dong/화정2동,KR-29-4-71
Gwangju/광주,KR-29,Seo-gu/서구,KR-29-4,Hwajeong 3(sam)-dong/화정3동,KR-29-4-72
Gwangju/광주,KR-29,Seo-gu/서구,KR-29-4,Hwajeong 4(sa)-dong/화정4동,KR-29-4-73
Gwangju/광주,KR-29,Seo-gu/서구,KR-29-4,Hwajeong-dong/화정동,KR-29-4-74
Gwangju/광주,KR-29,Seo-gu/서구,KR-29-4,Ihyeon-dong/이현동,KR-29-4-75
Gwangju/광주,KR-29,Seo-gu/서구,KR-29-4,Jangan-dong/장안동,KR-29-4-76
Gwangju/광주,KR-29,Seo-gu/서구,KR-29-4,Jeongrim-dong/정림동,KR-29-4-77
Gwangju/광주,KR-29,Seo-gu/서구,KR-29-4,Jungri-dong/중리동,KR-29-4-78
Gwangju/광주,KR-29,Seo-gu/서구,KR-29-4,Maeno-dong/매노동,KR-29-4-79
Gwangju/광주,KR-29,Seo-gu/서구,KR-29-4,Maewol-dong/매월동,KR-29-4-80
Gwangju/광주,KR-29,Seo-gu/서구,KR-29-4,Majeon-dong/마전동,KR-29-4-81
Gwangju/광주,KR-29,Seo-gu/서구,KR-29-4,Mannyeon-dong/만년동,KR-29-4-82
Gwangju/광주,KR-29,Seo-gu/서구,KR-29-4,Mareuk-dong/마륵동,KR-29-4-83
Gwangju/광주,KR-29,Seo-gu/서구,KR-29-4,Naebang-dong/내방동,KR-29-4-84
Gwangju/광주,KR-29,Seo-gu/서구,KR-29-4,Naedang 1(il)-dong/내당1동,KR-29-4-85
Gwangju/광주,KR-29,Seo-gu/서구,KR-29-4,Naedang 2.3-dong/내당2.3동,KR-29-4-86
Gwangju/광주,KR-29,Seo-gu/서구,KR-29-4,Naedang 4(sa)-dong/내당4동,KR-29-4-87
Gwangju/광주,KR-29,Seo-gu/서구,KR-29-4,Naedang-dong/내당동,KR-29-4-88
Gwangju/광주,KR-29,Seo-gu/서구,KR-29-4,Nae-dong/내동,KR-29-4-89
Gwangju/광주,KR-29,Seo-gu/서구,KR-29-4,Nambumin 1(il)-dong/남부민1동,KR-29-4-90
Gwangju/광주,KR-29,Seo-gu/서구,KR-29-4,Nambumin 2(i)-dong/남부민2동,KR-29-4-91
Gwangju/광주,KR-29,Seo-gu/서구,KR-29-4,Nambumin-dong/남부민동,KR-29-4-92
Gwangju/광주,KR-29,Seo-gu/서구,KR-29-4,Nongseong 1(il)-dong/농성1동,KR-29-4-93
Gwangju/광주,KR-29,Seo-gu/서구,KR-29-4,Nongseong 2(i)-dong/농성2동,KR-29-4-94
Gwangju/광주,KR-29,Seo-gu/서구,KR-29-4,Nongseong-dong/농성동,KR-29-4-95
Gwangju/광주,KR-29,Seo-gu/서구,KR-29-4,O-dong/오동,KR-29-4-96
Gwangju/광주,KR-29,Seo-gu/서구,KR-29-4,Oryu-dong/오류동,KR-29-4-97
Gwangju/광주,KR-29,Seo-gu/서구,KR-29-4,Pungam-dong/풍암동,KR-29-4-98
Gwangju/광주,KR-29,Seo-gu/서구,KR-29-4,Pyeongchon-dong/평촌동,KR-29-4-99
Gwangju/광주,KR-29,Seo-gu/서구,KR-29-4,Pyeongri 1(il)-dong/평리1동,KR-29-4-100
Gwangju/광주,KR-29,Seo-gu/서구,KR-29-4,Pyeongri 2(i)-dong/평리2동,KR-29-4-101
Gwangju/광주,KR-29,Seo-gu/서구,KR-29-4,Pyeongri 3(sam)-dong/평리3동,KR-29-4-102
Gwangju/광주,KR-29,Seo-gu/서구,KR-29-4,Pyeongri 4(sa)-dong/평리4동,KR-29-4-103
Gwangju/광주,KR-29,Seo-gu/서구,KR-29-4,Pyeongri 5(o)-dong/평리5동,KR-29-4-104
Gwangju/광주,KR-29,Seo-gu/서구,KR-29-4,Pyeongri 6(yuk)-dong/평리6동,KR-29-4-105
Gwangju/광주,KR-29,Seo-gu/서구,KR-29-4,Pyeongri-dong/평리동,KR-29-4-106
Gwangju/광주,KR-29,Seo-gu/서구,KR-29-4,Samcheon-dong/삼천동,KR-29-4-107
Gwangju/광주,KR-29,Seo-gu/서구,KR-29-4,Sangmu 1(il)-dong/상무1동,KR-29-4-108
Gwangju/광주,KR-29,Seo-gu/서구,KR-29-4,Sangmu 2(i)-dong/상무2동,KR-29-4-109
Gwangju/광주,KR-29,Seo-gu/서구,KR-29-4,Sangmu-dong/상무동,KR-29-4-110
Gwangju/광주,KR-29,Seo-gu/서구,KR-29-4,Sangri-dong/상리동,KR-29-4-111
Gwangju/광주,KR-29,Seo-gu/서구,KR-29-4,Sanjik-dong/산직동,KR-29-4-112
Gwangju/광주,KR-29,Seo-gu/서구,KR-29-4,Seha-dong/세하동,KR-29-4-113
Gwangju/광주,KR-29,Seo-gu/서구,KR-29-4,Seochang-dong/서창동,KR-29-4-114
Gwangju/광주,KR-29,Seo-gu/서구,KR-29-4,Seodaeguucheguksaseoham/서대구우체국사서함,KR-29-4-115
Gwangju/광주,KR-29,Seo-gu/서구,KR-29-4,Seodaesindong 1(il)-ga/서대신동1가,KR-29-4-116
Gwangju/광주,KR-29,Seo-gu/서구,KR-29-4,Seodaesindong 2(i)-ga/서대신동2가,KR-29-4-117
Gwangju/광주,KR-29,Seo-gu/서구,KR-29-4,Seodaesindong 3(sam)-ga/서대신동3가,KR-29-4-118
Gwangju/광주,KR-29,Seo-gu/서구,KR-29-4,Seogwangjuucheguksaseoham/서광주우체국사서함,KR-29-4-119
Gwangju/광주,KR-29,Seo-gu/서구,KR-29-4,Seoincheonucheguksaseoham/서인천우체국사서함,KR-29-4-120
Gwangju/광주,KR-29,Seo-gu/서구,KR-29-4,Seoknam 1(il)-dong/석남1동,KR-29-4-121
Gwangju/광주,KR-29,Seo-gu/서구,KR-29-4,Seoknam 2(i)-dong/석남2동,KR-29-4-122
Gwangju/광주,KR-29,Seo-gu/서구,KR-29-4,Seoknam 3(sam)-dong/석남3동,KR-29-4-123
Gwangju/광주,KR-29,Seo-gu/서구,KR-29-4,Seoknam-dong/석남동,KR-29-4-124
Gwangju/광주,KR-29,Seo-gu/서구,KR-29-4,Sicheon-dong/시천동,KR-29-4-125
Gwangju/광주,KR-29,Seo-gu/서구,KR-29-4,Simgok-dong/심곡동,KR-29-4-126
Gwangju/광주,KR-29,Seo-gu/서구,KR-29-4,Sinhyeon-dong/신현동,KR-29-4-127
Gwangju/광주,KR-29,Seo-gu/서구,KR-29-4,Ssangchon-dong/쌍촌동,KR-29-4-128
Gwangju/광주,KR-29,Seo-gu/서구,KR-29-4,Tanbang-dong/탄방동,KR-29-4-129
Gwangju/광주,KR-29,Seo-gu/서구,KR-29-4,Toseongdong 1(il)-ga/토성동1가,KR-29-4-130
Gwangju/광주,KR-29,Seo-gu/서구,KR-29-4,Toseongdong 2(i)-ga/토성동2가,KR-29-4-131
Gwangju/광주,KR-29,Seo-gu/서구,KR-29-4,Toseongdong 3(sam)-ga/토성동3가,KR-29-4-132
Gwangju/광주,KR-29,Seo-gu/서구,KR-29-4,Toseongdong 4(sa)-ga/토성동4가,KR-29-4-133
Gwangju/광주,KR-29,Seo-gu/서구,KR-29-4,Toseongdong 5(o)-ga/토성동5가,KR-29-4-134
Gwangju/광주,KR-29,Seo-gu/서구,KR-29-4,Toseong-dong/토성동,KR-29-4-135
Gwangju/광주,KR-29,Seo-gu/서구,KR-29-4,Umyeong-dong/우명동,KR-29-4-136
Gwangju/광주,KR-29,Seo-gu/서구,KR-29-4,Wanggil-dong/왕길동,KR-29-4-137
Gwangju/광주,KR-29,Seo-gu/서구,KR-29-4,Wolpyeong 1(il)-dong/월평1동,KR-29-4-138
Gwangju/광주,KR-29,Seo-gu/서구,KR-29-4,Wolpyeong 2(i)-dong/월평2동,KR-29-4-139
Gwangju/광주,KR-29,Seo-gu/서구,KR-29-4,Wolpyeong 3(sam)-dong/월평3동,KR-29-4-140
Gwangju/광주,KR-29,Seo-gu/서구,KR-29-4,Wolpyeong-dong/월평동,KR-29-4-141
Gwangju/광주,KR-29,Seo-gu/서구,KR-29-4,Wonchang-dong/원창동,KR-29-4-142
Gwangju/광주,KR-29,Seo-gu/서구,KR-29-4,Wondaedong 1(il)-ga/원대동1가,KR-29-4-143
Gwangju/광주,KR-29,Seo-gu/서구,KR-29-4,Wondaedong 2(i)-ga/원대동2가,KR-29-4-144
Gwangju/광주,KR-29,Seo-gu/서구,KR-29-4,Wondaedong 3(sam)-ga/원대동3가,KR-29-4-145
Gwangju/광주,KR-29,Seo-gu/서구,KR-29-4,Wondang-dong/원당동,KR-29-4-146
Gwangju/광주,KR-29,Seo-gu/서구,KR-29-4,Wonjeong-dong/원정동,KR-29-4-147
Gwangju/광주,KR-29,Seo-gu/서구,KR-29-4,Yang 1(il)-dong/양1동,KR-29-4-148
Gwangju/광주,KR-29,Seo-gu/서구,KR-29-4,Yang 2(i)-dong/양2동,KR-29-4-149
Gwangju/광주,KR-29,Seo-gu/서구,KR-29-4,Yang 3(sam)-dong/양3동,KR-29-4-150
Gwangju/광주,KR-29,Seo-gu/서구,KR-29-4,Yang-dong/양동,KR-29-4-151
Gwangju/광주,KR-29,Seo-gu/서구,KR-29-4,Yeonhui-dong/연희동,KR-29-4-152
Gwangju/광주,KR-29,Seo-gu/서구,KR-29-4,Yongchon-dong/용촌동,KR-29-4-153
Gwangju/광주,KR-29,Seo-gu/서구,KR-29-4,Yongdu-dong/용두동,KR-29-4-154
Gwangju/광주,KR-29,Seo-gu/서구,KR-29-4,Yongmun-dong/용문동,KR-29-4-155
Gwangju/광주,KR-29,Seo-gu/서구,KR-29-4,Yuchon-dong/유촌동,KR-29-4-156
Gyeonggi-do/경기,KR-41,Anseong-si/안성시,KR-41-0,Anseongucheguksaseoham/안성우체국사서함,KR-41-0-0
Gyeonggi-do/경기,KR-41,Anseong-si/안성시,KR-41-0,Ayang-dong/아양동,KR-41-0-1
Gyeonggi-do/경기,KR-41,Anseong-si/안성시,KR-41-0,Balhwa-dong/발화동,KR-41-0-2
Gyeonggi-do/경기,KR-41,Anseong-si/안성시,KR-41-0,Bogae-myeon/보개면,KR-41-0-3
Gyeonggi-do/경기,KR-41,Anseong-si/안성시,KR-41-0,Bongnam-dong/봉남동,KR-41-0-4
Gyeonggi-do/경기,KR-41,Anseong-si/안성시,KR-41-0,Bongsan-dong/봉산동,KR-41-0-5
Gyeonggi-do/경기,KR-41,Anseong-si/안성시,KR-41-0,Changjeon-dong/창전동,KR-41-0-6
Gyeonggi-do/경기,KR-41,Anseong-si/안성시,KR-41-0,Daecheon-dong/대천동,KR-41-0-7
Gyeonggi-do/경기,KR-41,Anseong-si/안성시,KR-41-0,Daedeok-myeon/대덕면,KR-41-0-8
Gyeonggi-do/경기,KR-41,Anseong-si/안성시,KR-41-0,Dangwang-dong/당왕동,KR-41-0-9
Gyeonggi-do/경기,KR-41,Anseong-si/안성시,KR-41-0,Dogi-dong/도기동,KR-41-0-10
Gyeonggi-do/경기,KR-41,Anseong-si/안성시,KR-41-0,Dongbon-dong/동본동,KR-41-0-11
Gyeonggi-do/경기,KR-41,Anseong-si/안성시,KR-41-0,Gahyeon-dong/가현동,KR-41-0-12
Gyeonggi-do/경기,KR-41,Anseong-si/안성시,KR-41-0,Gasa-dong/가사동,KR-41-0-13
Gyeonggi-do/경기,KR-41,Anseong-si/안성시,KR-41-0,Geumgwang-myeon/금광면,KR-41-0-14
Gyeonggi-do/경기,KR-41,Anseong-si/안성시,KR-41-0,Geumsan-dong/금산동,KR-41-0-15
Gyeonggi-do/경기,KR-41,Anseong-si/안성시,KR-41-0,Geumseok-dong/금석동,KR-41-0-16
Gyeonggi-do/경기,KR-41,Anseong-si/안성시,KR-41-0,Gongdo-eup/공도읍,KR-41-0-17
Gyeonggi-do/경기,KR-41,Anseong-si/안성시,KR-41-0,Gosam-myeon/고삼면,KR-41-0-18
Gyeonggi-do/경기,KR-41,Anseong-si/안성시,KR-41-0,Gupo-dong/구포동,KR-41-0-19
Gyeonggi-do/경기,KR-41,Anseong-si/안성시,KR-41-0,Gye-dong/계동,KR-41-0-20
Gyeonggi-do/경기,KR-41,Anseong-si/안성시,KR-41-0,Hyeonsu-dong/현수동,KR-41-0-21
Gyeonggi-do/경기,KR-41,Anseong-si/안성시,KR-41-0,Iljuk-myeon/일죽면,KR-41-0-22
Gyeonggi-do/경기,KR-41,Anseong-si/안성시,KR-41-0,Inji-dong/인지동,KR-41-0-23
Gyeonggi-do/경기,KR-41,Anseong-si/안성시,KR-41-0,Juksan-myeon/죽산면,KR-41-0-24
Gyeonggi-do/경기,KR-41,Anseong-si/안성시,KR-41-0,Jungri-dong/중리동,KR-41-0-25
Gyeonggi-do/경기,KR-41,Anseong-si/안성시,KR-41-0,Miyang-myeon/미양면,KR-41-0-26
Gyeonggi-do/경기,KR-41,Anseong-si/안성시,KR-41-0,Myeongryun-dong/명륜동,KR-41-0-27
Gyeonggi-do/경기,KR-41,Anseong-si/안성시,KR-41-0,Nagwon-dong/낙원동,KR-41-0-28
Gyeonggi-do/경기,KR-41,Anseong-si/안성시,KR-41-0,Okcheon-dong/옥천동,KR-41-0-29
Gyeonggi-do/경기,KR-41,Anseong-si/안성시,KR-41-0,Oksan-dong/옥산동,KR-41-0-30
Gyeonggi-do/경기,KR-41,Anseong-si/안성시,KR-41-0,Sagok-dong/사곡동,KR-41-0-31
Gyeonggi-do/경기,KR-41,Anseong-si/안성시,KR-41-0,Samjuk-myeon/삼죽면,KR-41-0-32
Gyeonggi-do/경기,KR-41,Anseong-si/안성시,KR-41-0,Seoin-dong/서인동,KR-41-0-33
Gyeonggi-do/경기,KR-41,Anseong-si/안성시,KR-41-0,Seokjeong-dong/석정동,KR-41-0-34
Gyeonggi-do/경기,KR-41,Anseong-si/안성시,KR-41-0,Seongnam-dong/성남동,KR-41-0-35
Gyeonggi-do/경기,KR-41,Anseong-si/안성시,KR-41-0,Seoun-myeon/서운면,KR-41-0-36
Gyeonggi-do/경기,KR-41,Anseong-si/안성시,KR-41-0,Singeonji-dong/신건지동,KR-41-0-37
Gyeonggi-do/경기,KR-41,Anseong-si/안성시,KR-41-0,Sinheung-dong/신흥동,KR-41-0-38
Gyeonggi-do/경기,KR-41,Anseong-si/안성시,KR-41-0,Sinmosan-dong/신모산동,KR-41-0-39
Gyeonggi-do/경기,KR-41,Anseong-si/안성시,KR-41-0,Sinsohyeon-dong/신소현동,KR-41-0-40
Gyeonggi-do/경기,KR-41,Anseong-si/안성시,KR-41-0,Sungin-dong/숭인동,KR-41-0-41
Gyeonggi-do/경기,KR-41,Anseong-si/안성시,KR-41-0,Wongok-myeon/원곡면,KR-41-0-42
Gyeonggi-do/경기,KR-41,Anseong-si/안성시,KR-41-0,Yangseong-myeon/양성면,KR-41-0-43
Gyeonggi-do/경기,KR-41,Anseong-si/안성시,KR-41-0,Yeong-dong/영동,KR-41-0-44
Gyeonggi-do/경기,KR-41,Anseong-si/안성시,KR-41-0,Yeonji-dong/연지동,KR-41-0-45
Gyeonggi-do/경기,KR-41,Bundang-gu Seongnam-si/성남시 분당구,KR-41-1,Baekhyeon-dong/백현동,KR-41-1-0
Gyeonggi-do/경기,KR-41,Bundang-gu Seongnam-si/성남시 분당구,KR-41-1,Bundang-dong/분당동,KR-41-1-1
Gyeonggi-do/경기,KR-41,Bundang-gu Seongnam-si/성남시 분당구,KR-41-1,Daejang-dong/대장동,KR-41-1-2
Gyeonggi-do/경기,KR-41,Bundang-gu Seongnam-si/성남시 분당구,KR-41-1,Dongwon-dong/동원동,KR-41-1-3
Gyeonggi-do/경기,KR-41,Bundang-gu Seongnam-si/성남시 분당구,KR-41-1,Geumgok-dong/금곡동,KR-41-1-4
Gyeonggi-do/경기,KR-41,Bundang-gu Seongnam-si/성남시 분당구,KR-41-1,Gumi-dong/구미동,KR-41-1-5
Gyeonggi-do/경기,KR-41,Bundang-gu Seongnam-si/성남시 분당구,KR-41-1,Gungnae-dong/궁내동,KR-41-1-6
Gyeonggi-do/경기,KR-41,Bundang-gu Seongnam-si/성남시 분당구,KR-41-1,Hasanun-dong/하산운동,KR-41-1-7
Gyeonggi-do/경기,KR-41,Bundang-gu Seongnam-si/성남시 분당구,KR-41-1,Imae-dong/이매동,KR-41-1-8
Gyeonggi-do/경기,KR-41,Bundang-gu Seongnam-si/성남시 분당구,KR-41-1,Jeongja-dong/정자동,KR-41-1-9
Gyeonggi-do/경기,KR-41,Bundang-gu Seongnam-si/성남시 분당구,KR-41-1,Pangyo-dong/판교동,KR-41-1-10
Gyeonggi-do/경기,KR-41,Bundang-gu Seongnam-si/성남시 분당구,KR-41-1,Sampyeong-dong/삼평동,KR-41-1-11
Gyeonggi-do/경기,KR-41,Bundang-gu Seongnam-si/성남시 분당구,KR-41-1,Seogun-dong/석운동,KR-41-1-12
Gyeonggi-do/경기,KR-41,Bundang-gu Seongnam-si/성남시 분당구,KR-41-1,Seohyeon-dong/서현동,KR-41-1-13
Gyeonggi-do/경기,KR-41,Bundang-gu Seongnam-si/성남시 분당구,KR-41-1,Seongnambundangucheguksaseoham/성남분당우체국사서함,KR-41-1-14
Gyeonggi-do/경기,KR-41,Bundang-gu Seongnam-si/성남시 분당구,KR-41-1,Seongnamupyeonjipjungguksaseoham/성남우편집중국사서함,KR-41-1-15
Gyeonggi-do/경기,KR-41,Bundang-gu Seongnam-si/성남시 분당구,KR-41-1,Sunae-dong/수내동,KR-41-1-16
Gyeonggi-do/경기,KR-41,Bundang-gu Seongnam-si/성남시 분당구,KR-41-1,Unjung-dong/운중동,KR-41-1-17
Gyeonggi-do/경기,KR-41,Bundang-gu Seongnam-si/성남시 분당구,KR-41-1,Yatap-dong/야탑동,KR-41-1-18
Gyeonggi-do/경기,KR-41,Bundang-gu Seongnam-si/성남시 분당구,KR-41-1,Yul-dong/율동,KR-41-1-19
Gyeonggi-do/경기,KR-41,Cheoin-gu Yongin-si/용인시 처인구,KR-41-2,Baegam-myeon/백암면,KR-41-2-0
Gyeonggi-do/경기,KR-41,Cheoin-gu Yongin-si/용인시 처인구,KR-41-2,Gimryangjang-dong/김량장동,KR-41-2-1
Gyeonggi-do/경기,KR-41,Cheoin-gu Yongin-si/용인시 처인구,KR-41-2,Gorim-dong/고림동,KR-41-2-2
Gyeonggi-do/경기,KR-41,Cheoin-gu Yongin-si/용인시 처인구,KR-41-2,Haegok-dong/해곡동,KR-41-2-3
Gyeonggi-do/경기,KR-41,Cheoin-gu Yongin-si/용인시 처인구,KR-41-2,Ho-dong/호동,KR-41-2-4
Gyeonggi-do/경기,KR-41,Cheoin-gu Yongin-si/용인시 처인구,KR-41-2,Idong-myeon/이동면,KR-41-2-5
Gyeonggi-do/경기,KR-41,Cheoin-gu Yongin-si/용인시 처인구,KR-41-2,Mapyeong-dong/마평동,KR-41-2-6
Gyeonggi-do/경기,KR-41,Cheoin-gu Yongin-si/용인시 처인구,KR-41-2,Mohyeon-myeon/모현면,KR-41-2-7
Gyeonggi-do/경기,KR-41,Cheoin-gu Yongin-si/용인시 처인구,KR-41-2,Nam-dong/남동,KR-41-2-8
Gyeonggi-do/경기,KR-41,Cheoin-gu Yongin-si/용인시 처인구,KR-41-2,Namsa-myeon/남사면,KR-41-2-9
Gyeonggi-do/경기,KR-41,Cheoin-gu Yongin-si/용인시 처인구,KR-41-2,Pogog-eup/포곡읍,KR-41-2-10
Gyeonggi-do/경기,KR-41,Cheoin-gu Yongin-si/용인시 처인구,KR-41-2,Samga-dong/삼가동,KR-41-2-11
Gyeonggi-do/경기,KR-41,Cheoin-gu Yongin-si/용인시 처인구,KR-41-2,Unhak-dong/운학동,KR-41-2-12
Gyeonggi-do/경기,KR-41,Cheoin-gu Yongin-si/용인시 처인구,KR-41-2,Wonsam-myeon/원삼면,KR-41-2-13
Gyeonggi-do/경기,KR-41,Cheoin-gu Yongin-si/용인시 처인구,KR-41-2,Yangji-myeon/양지면,KR-41-2-14
Gyeonggi-do/경기,KR-41,Cheoin-gu Yongin-si/용인시 처인구,KR-41-2,Yeokbuk-dong/역북동,KR-41-2-15
Gyeonggi-do/경기,KR-41,Cheoin-gu Yongin-si/용인시 처인구,KR-41-2,Yonginucheguksaseoham/용인우체국사서함,KR-41-2-16
Gyeonggi-do/경기,KR-41,Cheoin-gu Yongin-si/용인시 처인구,KR-41-2,Yubang-dong/유방동,KR-41-2-17
Gyeonggi-do/경기,KR-41,Danwon-gu Ansan-si/안산시 단원구,KR-41-3,Ansanucheguksaseoham/안산우체국사서함,KR-41-3-0
Gyeonggi-do/경기,KR-41,Danwon-gu Ansan-si/안산시 단원구,KR-41-3,Choji-dong/초지동,KR-41-3-1
Gyeonggi-do/경기,KR-41,Danwon-gu Ansan-si/안산시 단원구,KR-41-3,Daebubuk-dong/대부북동,KR-41-3-2
Gyeonggi-do/경기,KR-41,Danwon-gu Ansan-si/안산시 단원구,KR-41-3,Daebudong-dong/대부동동,KR-41-3-3
Gyeonggi-do/경기,KR-41,Danwon-gu Ansan-si/안산시 단원구,KR-41-3,Daebunam-dong/대부남동,KR-41-3-4
Gyeonggi-do/경기,KR-41,Danwon-gu Ansan-si/안산시 단원구,KR-41-3,Gojan 1(il)-dong/고잔1동,KR-41-3-5
Gyeonggi-do/경기,KR-41,Danwon-gu Ansan-si/안산시 단원구,KR-41-3,Gojan 2(i)-dong/고잔2동,KR-41-3-6
Gyeonggi-do/경기,KR-41,Danwon-gu Ansan-si/안산시 단원구,KR-41-3,Gojan-dong/고잔동,KR-41-3-7
Gyeonggi-do/경기,KR-41,Danwon-gu Ansan-si/안산시 단원구,KR-41-3,Hwajeong-dong/화정동,KR-41-3-8
Gyeonggi-do/경기,KR-41,Danwon-gu Ansan-si/안산시 단원구,KR-41-3,Moknae-dong/목내동,KR-41-3-9
Gyeonggi-do/경기,KR-41,Danwon-gu Ansan-si/안산시 단원구,KR-41-3,Pungdo-dong/풍도동,KR-41-3-10
Gyeonggi-do/경기,KR-41,Danwon-gu Ansan-si/안산시 단원구,KR-41-3,Seonbu 1(il)-dong/선부1동,KR-41-3-11
Gyeonggi-do/경기,KR-41,Danwon-gu Ansan-si/안산시 단원구,KR-41-3,Seonbu 2(i)-dong/선부2동,KR-41-3-12
Gyeonggi-do/경기,KR-41,Danwon-gu Ansan-si/안산시 단원구,KR-41-3,Seonbu 3(sam)-dong/선부3동,KR-41-3-13
Gyeonggi-do/경기,KR-41,Danwon-gu Ansan-si/안산시 단원구,KR-41-3,Seonbu-dong/선부동,KR-41-3-14
Gyeonggi-do/경기,KR-41,Danwon-gu Ansan-si/안산시 단원구,KR-41-3,Seongam-dong/선감동,KR-41-3-15
Gyeonggi-do/경기,KR-41,Danwon-gu Ansan-si/안산시 단원구,KR-41-3,Seonggok-dong/성곡동,KR-41-3-16
Gyeonggi-do/경기,KR-41,Danwon-gu Ansan-si/안산시 단원구,KR-41-3,Singil-dong/신길동,KR-41-3-17
Gyeonggi-do/경기,KR-41,Danwon-gu Ansan-si/안산시 단원구,KR-41-3,Wa-dong/와동,KR-41-3-18
Gyeonggi-do/경기,KR-41,Danwon-gu Ansan-si/안산시 단원구,KR-41-3,Wongog 1(il)-dong/원곡1동,KR-41-3-19
Gyeonggi-do/경기,KR-41,Danwon-gu Ansan-si/안산시 단원구,KR-41-3,Wongog 2(i)-dong/원곡2동,KR-41-3-20
Gyeonggi-do/경기,KR-41,Danwon-gu Ansan-si/안산시 단원구,KR-41-3,Wongok-dong/원곡동,KR-41-3-21
Gyeonggi-do/경기,KR-41,Danwon-gu Ansan-si/안산시 단원구,KR-41-3,Wonsi-dong/원시동,KR-41-3-22
Gyeonggi-do/경기,KR-41,Deogyang-gu Goyang-si/고양시 덕양구,KR-41-4,Bukhan-dong/북한동,KR-41-4-0
Gyeonggi-do/경기,KR-41,Deogyang-gu Goyang-si/고양시 덕양구,KR-41-4,Byeokje-dong/벽제동,KR-41-4-1
Gyeonggi-do/경기,KR-41,Deogyang-gu Goyang-si/고양시 덕양구,KR-41-4,Daeja-dong/대자동,KR-41-4-2
Gyeonggi-do/경기,KR-41,Deogyang-gu Goyang-si/고양시 덕양구,KR-41-4,Daejang-dong/대장동,KR-41-4-3
Gyeonggi-do/경기,KR-41,Deogyang-gu Goyang-si/고양시 덕양구,KR-41-4,Deogeun-dong/덕은동,KR-41-4-4
Gyeonggi-do/경기,KR-41,Deogyang-gu Goyang-si/고양시 덕양구,KR-41-4,Donae-dong/도내동,KR-41-4-5
Gyeonggi-do/경기,KR-41,Deogyang-gu Goyang-si/고양시 덕양구,KR-41-4,Dongsan-dong/동산동,KR-41-4-6
Gyeonggi-do/경기,KR-41,Deogyang-gu Goyang-si/고양시 덕양구,KR-41-4,Gangmae-dong/강매동,KR-41-4-7
Gyeonggi-do/경기,KR-41,Deogyang-gu Goyang-si/고양시 덕양구,KR-41-4,Goyangdeogyangucheguksaseoham/고양덕양우체국사서함,KR-41-4-8
Gyeonggi-do/경기,KR-41,Deogyang-gu Goyang-si/고양시 덕양구,KR-41-4,Goyang-dong/고양동,KR-41-4-9
Gyeonggi-do/경기,KR-41,Deogyang-gu Goyang-si/고양시 덕양구,KR-41-4,Gwansan-dong/관산동,KR-41-4-10
Gyeonggi-do/경기,KR-41,Deogyang-gu Goyang-si/고양시 덕양구,KR-41-4,Haengjunae-dong/행주내동,KR-41-4-11
Gyeonggi-do/경기,KR-41,Deogyang-gu Goyang-si/고양시 덕양구,KR-41-4,Haengjuoe-dong/행주외동,KR-41-4-12
Gyeonggi-do/경기,KR-41,Deogyang-gu Goyang-si/고양시 덕양구,KR-41-4,Haengsin 1(il)-dong/행신1동,KR-41-4-13
Gyeonggi-do/경기,KR-41,Deogyang-gu Goyang-si/고양시 덕양구,KR-41-4,Haengsin 2(i)-dong/행신2동,KR-41-4-14
Gyeonggi-do/경기,KR-41,Deogyang-gu Goyang-si/고양시 덕양구,KR-41-4,Haengsin 3(sam)-dong/행신3동,KR-41-4-15
Gyeonggi-do/경기,KR-41,Deogyang-gu Goyang-si/고양시 덕양구,KR-41-4,Haengsin-dong/행신동,KR-41-4-16
Gyeonggi-do/경기,KR-41,Deogyang-gu Goyang-si/고양시 덕양구,KR-41-4,Hwajeon-dong/화전동,KR-41-4-17
Gyeonggi-do/경기,KR-41,Deogyang-gu Goyang-si/고양시 덕양구,KR-41-4,Hwajeong 1(il)-dong/화정1동,KR-41-4-18
Gyeonggi-do/경기,KR-41,Deogyang-gu Goyang-si/고양시 덕양구,KR-41-4,Hwajeong 2(i)-dong/화정2동,KR-41-4-19
Gyeonggi-do/경기,KR-41,Deogyang-gu Goyang-si/고양시 덕양구,KR-41-4,Hwajeong-dong/화정동,KR-41-4-20
Gyeonggi-do/경기,KR-41,Deogyang-gu Goyang-si/고양시 덕양구,KR-41-4,Hyangdong-dong/향동동,KR-41-4-21
Gyeonggi-do/경기,KR-41,Deogyang-gu Goyang-si/고양시 덕양구,KR-41-4,Hyeoncheon-dong/현천동,KR-41-4-22
Gyeonggi-do/경기,KR-41,Deogyang-gu Goyang-si/고양시 덕양구,KR-41-4,Hyoja-dong/효자동,KR-41-4-23
Gyeonggi-do/경기,KR-41,Deogyang-gu Goyang-si/고양시 덕양구,KR-41-4,Jichuk-dong/지축동,KR-41-4-24
Gyeonggi-do/경기,KR-41,Deogyang-gu Goyang-si/고양시 덕양구,KR-41-4,Jugyo-dong/주교동,KR-41-4-25
Gyeonggi-do/경기,KR-41,Deogyang-gu Goyang-si/고양시 덕양구,KR-41-4,Naegok-dong/내곡동,KR-41-4-26
Gyeonggi-do/경기,KR-41,Deogyang-gu Goyang-si/고양시 덕양구,KR-41-4,Naeyu-dong/내유동,KR-41-4-27
Gyeonggi-do/경기,KR-41,Deogyang-gu Goyang-si/고양시 덕양구,KR-41-4,Ogeum-dong/오금동,KR-41-4-28
Gyeonggi-do/경기,KR-41,Deogyang-gu Goyang-si/고양시 덕양구,KR-41-4,Samsong-dong/삼송동,KR-41-4-29
Gyeonggi-do/경기,KR-41,Deogyang-gu Goyang-si/고양시 덕양구,KR-41-4,Seongsa 1(il)-dong/성사1동,KR-41-4-30
Gyeonggi-do/경기,KR-41,Deogyang-gu Goyang-si/고양시 덕양구,KR-41-4,Seongsa 2(i)-dong/성사2동,KR-41-4-31
Gyeonggi-do/경기,KR-41,Deogyang-gu Goyang-si/고양시 덕양구,KR-41-4,Seongsa-dong/성사동,KR-41-4-32
Gyeonggi-do/경기,KR-41,Deogyang-gu Goyang-si/고양시 덕양구,KR-41-4,Seonyu-dong/선유동,KR-41-4-33
Gyeonggi-do/경기,KR-41,Deogyang-gu Goyang-si/고양시 덕양구,KR-41-4,Sinpyeong-dong/신평동,KR-41-4-34
Gyeonggi-do/경기,KR-41,Deogyang-gu Goyang-si/고양시 덕양구,KR-41-4,Sinwon-dong/신원동,KR-41-4-35
Gyeonggi-do/경기,KR-41,Deogyang-gu Goyang-si/고양시 덕양구,KR-41-4,Todang-dong/토당동,KR-41-4-36
Gyeonggi-do/경기,KR-41,Deogyang-gu Goyang-si/고양시 덕양구,KR-41-4,Wondang-dong/원당동,KR-41-4-37
Gyeonggi-do/경기,KR-41,Deogyang-gu Goyang-si/고양시 덕양구,KR-41-4,Wonheung-dong/원흥동,KR-41-4-38
Gyeonggi-do/경기,KR-41,Deogyang-gu Goyang-si/고양시 덕양구,KR-41-4,Yongdu-dong/용두동,KR-41-4-39
Gyeonggi-do/경기,KR-41,Dongan-gu Anyang-si/안양시 동안구,KR-41-5,Anyangucheguksaseoham/안양우체국사서함,KR-41-5-0
Gyeonggi-do/경기,KR-41,Dongan-gu Anyang-si/안양시 동안구,KR-41-5,Anyangupyeonjipjungguksaseoham/안양우편집중국사서함,KR-41-5-1
Gyeonggi-do/경기,KR-41,Dongan-gu Anyang-si/안양시 동안구,KR-41-5,Beomgye-dong/범계동,KR-41-5-2
Gyeonggi-do/경기,KR-41,Dongan-gu Anyang-si/안양시 동안구,KR-41-5,Bisan 1(il)-dong/비산1동,KR-41-5-3
Gyeonggi-do/경기,KR-41,Dongan-gu Anyang-si/안양시 동안구,KR-41-5,Bisan 2(i)-dong/비산2동,KR-41-5-4
Gyeonggi-do/경기,KR-41,Dongan-gu Anyang-si/안양시 동안구,KR-41-5,Bisan 3(sam)-dong/비산3동,KR-41-5-5
Gyeonggi-do/경기,KR-41,Dongan-gu Anyang-si/안양시 동안구,KR-41-5,Bisan-dong/비산동,KR-41-5-6
Gyeonggi-do/경기,KR-41,Dongan-gu Anyang-si/안양시 동안구,KR-41-5,Buheung-dong/부흥동,KR-41-5-7
Gyeonggi-do/경기,KR-41,Dongan-gu Anyang-si/안양시 동안구,KR-41-5,Burim-dong/부림동,KR-41-5-8
Gyeonggi-do/경기,KR-41,Dongan-gu Anyang-si/안양시 동안구,KR-41-5,Daran-dong/달안동,KR-41-5-9
Gyeonggi-do/경기,KR-41,Dongan-gu Anyang-si/안양시 동안구,KR-41-5,Galsan-dong/갈산동,KR-41-5-10
Gyeonggi-do/경기,KR-41,Dongan-gu Anyang-si/안양시 동안구,KR-41-5,Gwanyang 1(il)-dong/관양1동,KR-41-5-11
Gyeonggi-do/경기,KR-41,Dongan-gu Anyang-si/안양시 동안구,KR-41-5,Gwanyang 2(i)-dong/관양2동,KR-41-5-12
Gyeonggi-do/경기,KR-41,Dongan-gu Anyang-si/안양시 동안구,KR-41-5,Gwanyang-dong/관양동,KR-41-5-13
Gyeonggi-do/경기,KR-41,Dongan-gu Anyang-si/안양시 동안구,KR-41-5,Gwiin-dong/귀인동,KR-41-5-14
Gyeonggi-do/경기,KR-41,Dongan-gu Anyang-si/안양시 동안구,KR-41-5,Hogye 1(il)-dong/호계1동,KR-41-5-15
Gyeonggi-do/경기,KR-41,Dongan-gu Anyang-si/안양시 동안구,KR-41-5,Hogye 2(i)-dong/호계2동,KR-41-5-16
Gyeonggi-do/경기,KR-41,Dongan-gu Anyang-si/안양시 동안구,KR-41-5,Hogye 3(sam)-dong/호계3동,KR-41-5-17
Gyeonggi-do/경기,KR-41,Dongan-gu Anyang-si/안양시 동안구,KR-41-5,Hogye-dong/호계동,KR-41-5-18
Gyeonggi-do/경기,KR-41,Dongan-gu Anyang-si/안양시 동안구,KR-41-5,Pyeongan-dong/평안동,KR-41-5-19
Gyeonggi-do/경기,KR-41,Dongan-gu Anyang-si/안양시 동안구,KR-41-5,Pyeongchon-dong/평촌동,KR-41-5-20
Gyeonggi-do/경기,KR-41,Dongan-gu Anyang-si/안양시 동안구,KR-41-5,Sinchon-dong/신촌동,KR-41-5-21
Gyeonggi-do/경기,KR-41,Dongducheon-si/동두천시,KR-41-6,Anheung-dong/안흥동,KR-41-6-0
Gyeonggi-do/경기,KR-41,Dongducheon-si/동두천시,KR-41-6,Bosan-dong/보산동,KR-41-6-1
Gyeonggi-do/경기,KR-41,Dongducheon-si/동두천시,KR-41-6,Dongducheon-dong/동두천동,KR-41-6-2
Gyeonggi-do/경기,KR-41,Dongducheon-si/동두천시,KR-41-6,Dongducheonucheguksaseoham/동두천우체국사서함,KR-41-6-3
Gyeonggi-do/경기,KR-41,Dongducheon-si/동두천시,KR-41-6,Geolsan-dong/걸산동,KR-41-6-4
Gyeonggi-do/경기,KR-41,Dongducheon-si/동두천시,KR-41-6,Gwangam-dong/광암동,KR-41-6-5
Gyeonggi-do/경기,KR-41,Dongducheon-si/동두천시,KR-41-6,Habongam-dong/하봉암동,KR-41-6-6
Gyeonggi-do/경기,KR-41,Dongducheon-si/동두천시,KR-41-6,Jihaeng-dong/지행동,KR-41-6-7
Gyeonggi-do/경기,KR-41,Dongducheon-si/동두천시,KR-41-6,Jungang-dong/중앙동,KR-41-6-8
Gyeonggi-do/경기,KR-41,Dongducheon-si/동두천시,KR-41-6,Saengyeon 1(il)-dong/생연1동,KR-41-6-9
Gyeonggi-do/경기,KR-41,Dongducheon-si/동두천시,KR-41-6,Saengyeon 2(i)-dong/생연2동,KR-41-6-10
Gyeonggi-do/경기,KR-41,Dongducheon-si/동두천시,KR-41-6,Saengyeon-dong/생연동,KR-41-6-11
Gyeonggi-do/경기,KR-41,Dongducheon-si/동두천시,KR-41-6,Sangbongam-dong/상봉암동,KR-41-6-12
Gyeonggi-do/경기,KR-41,Dongducheon-si/동두천시,KR-41-6,Sangpae-dong/상패동,KR-41-6-13
Gyeonggi-do/경기,KR-41,Dongducheon-si/동두천시,KR-41-6,Songnae-dong/송내동,KR-41-6-14
Gyeonggi-do/경기,KR-41,Dongducheon-si/동두천시,KR-41-6,Tapdong-dong/탑동동,KR-41-6-15
Gyeonggi-do/경기,KR-41,Gapyeong-gun/가평군,KR-41-7,Buk-myeon/북면,KR-41-7-0
Gyeonggi-do/경기,KR-41,Gapyeong-gun/가평군,KR-41-7,Cheongpyeong-myeon/청평면,KR-41-7-1
Gyeonggi-do/경기,KR-41,Gapyeong-gun/가평군,KR-41-7,Gapyeong-eup/가평읍,KR-41-7-2
Gyeonggi-do/경기,KR-41,Gapyeong-gun/가평군,KR-41-7,Ha-myeon/하면,KR-41-7-3
Gyeonggi-do/경기,KR-41,Gapyeong-gun/가평군,KR-41-7,Sang-myeon/상면,KR-41-7-4
Gyeonggi-do/경기,KR-41,Gapyeong-gun/가평군,KR-41-7,Seorak-myeon/설악면,KR-41-7-5
Gyeonggi-do/경기,KR-41,Giheung-gu Yongin-si/용인시 기흥구,KR-41-8,Bojeong-dong/보정동,KR-41-8-0
Gyeonggi-do/경기,KR-41,Giheung-gu Yongin-si/용인시 기흥구,KR-41-8,Bora-dong/보라동,KR-41-8-1
Gyeonggi-do/경기,KR-41,Giheung-gu Yongin-si/용인시 기흥구,KR-41-8,Cheongdeok-dong/청덕동,KR-41-8-2
Gyeonggi-do/경기,KR-41,Giheung-gu Yongin-si/용인시 기흥구,KR-41-8,Dongbaek-dong/동백동,KR-41-8-3
Gyeonggi-do/경기,KR-41,Giheung-gu Yongin-si/용인시 기흥구,KR-41-8,Eonnam-dong/언남동,KR-41-8-4
Gyeonggi-do/경기,KR-41,Giheung-gu Yongin-si/용인시 기흥구,KR-41-8,Gomae-dong/고매동,KR-41-8-5
Gyeonggi-do/경기,KR-41,Giheung-gu Yongin-si/용인시 기흥구,KR-41-8,Gongse-dong/공세동,KR-41-8-6
Gyeonggi-do/경기,KR-41,Giheung-gu Yongin-si/용인시 기흥구,KR-41-8,Gugal-dong/구갈동,KR-41-8-7
Gyeonggi-do/경기,KR-41,Giheung-gu Yongin-si/용인시 기흥구,KR-41-8,Hagal-dong/하갈동,KR-41-8-8
Gyeonggi-do/경기,KR-41,Giheung-gu Yongin-si/용인시 기흥구,KR-41-8,Jigok-dong/지곡동,KR-41-8-9
Gyeonggi-do/경기,KR-41,Giheung-gu Yongin-si/용인시 기흥구,KR-41-8,Jung-dong/중동,KR-41-8-10
Gyeonggi-do/경기,KR-41,Giheung-gu Yongin-si/용인시 기흥구,KR-41-8,Mabuk-dong/마북동,KR-41-8-11
Gyeonggi-do/경기,KR-41,Giheung-gu Yongin-si/용인시 기흥구,KR-41-8,Nongseo-dong/농서동,KR-41-8-12
Gyeonggi-do/경기,KR-41,Giheung-gu Yongin-si/용인시 기흥구,KR-41-8,Sanggal-dong/상갈동,KR-41-8-13
Gyeonggi-do/경기,KR-41,Giheung-gu Yongin-si/용인시 기흥구,KR-41-8,Sangha-dong/상하동,KR-41-8-14
Gyeonggi-do/경기,KR-41,Giheung-gu Yongin-si/용인시 기흥구,KR-41-8,Seocheon-dong/서천동,KR-41-8-15
Gyeonggi-do/경기,KR-41,Giheung-gu Yongin-si/용인시 기흥구,KR-41-8,Singal-dong/신갈동,KR-41-8-16
Gyeonggi-do/경기,KR-41,Giheung-gu Yongin-si/용인시 기흥구,KR-41-8,Yeongdeok-dong/영덕동,KR-41-8-17
Gyeonggi-do/경기,KR-41,Gimpo-si/김포시,KR-41-9,Bukbyeon-dong/북변동,KR-41-9-0
Gyeonggi-do/경기,KR-41,Gimpo-si/김포시,KR-41-9,Daegot-myeon/대곶면,KR-41-9-1
Gyeonggi-do/경기,KR-41,Gimpo-si/김포시,KR-41-9,Gamjeong-dong/감정동,KR-41-9-2
Gyeonggi-do/경기,KR-41,Gimpo-si/김포시,KR-41-9,Geolpo-dong/걸포동,KR-41-9-3
Gyeonggi-do/경기,KR-41,Gimpo-si/김포시,KR-41-9,Gochon-myeon/고촌면,KR-41-9-4
Gyeonggi-do/경기,KR-41,Gimpo-si/김포시,KR-41-9,Haseong-myeon/하성면,KR-41-9-5
Gyeonggi-do/경기,KR-41,Gimpo-si/김포시,KR-41-9,Janggi-dong/장기동,KR-41-9-6
Gyeonggi-do/경기,KR-41,Gimpo-si/김포시,KR-41-9,Pungmu-dong/풍무동,KR-41-9-7
Gyeonggi-do/경기,KR-41,Gimpo-si/김포시,KR-41-9,Sau-dong/사우동,KR-41-9-8
Gyeonggi-do/경기,KR-41,Gimpo-si/김포시,KR-41-9,Tongjin-eup/통진읍,KR-41-9-9
Gyeonggi-do/경기,KR-41,Gimpo-si/김포시,KR-41-9,Unyang-dong/운양동,KR-41-9-10
Gyeonggi-do/경기,KR-41,Gimpo-si/김포시,KR-41-9,Wolgot-myeon/월곶면,KR-41-9-11
Gyeonggi-do/경기,KR-41,Gimpo-si/김포시,KR-41-9,Yangchon-myeon/양촌면,KR-41-9-12
Gyeonggi-do/경기,KR-41,Gunpo-si/군포시,KR-41-10,Bugok-dong/부곡동,KR-41-10-0
Gyeonggi-do/경기,KR-41,Gunpo-si/군포시,KR-41-10,Daeyami-dong/대야미동,KR-41-10-1
Gyeonggi-do/경기,KR-41,Gunpo-si/군포시,KR-41-10,Dang-dong/당동,KR-41-10-2
Gyeonggi-do/경기,KR-41,Gunpo-si/군포시,KR-41-10,Dangjeong-dong/당정동,KR-41-10-3
Gyeonggi-do/경기,KR-41,Gunpo-si/군포시,KR-41-10,Domagyo-dong/도마교동,KR-41-10-4
Gyeonggi-do/경기,KR-41,Gunpo-si/군포시,KR-41-10,Dundae-dong/둔대동,KR-41-10-5
Gyeonggi-do/경기,KR-41,Gunpo-si/군포시,KR-41-10,Geumjeong-dong/금정동,KR-41-10-6
Gyeonggi-do/경기,KR-41,Gunpo-si/군포시,KR-41-10,Gungnae-dong/궁내동,KR-41-10-7
Gyeonggi-do/경기,KR-41,Gunpo-si/군포시,KR-41-10,Gunpo 1(il)-dong/군포1동,KR-41-10-8
Gyeonggi-do/경기,KR-41,Gunpo-si/군포시,KR-41-10,Gunpo 2(i)-dong/군포2동,KR-41-10-9
Gyeonggi-do/경기,KR-41,Gunpo-si/군포시,KR-41-10,Gunpoucheguksaseoham/군포우체국사서함,KR-41-10-10
Gyeonggi-do/경기,KR-41,Gunpo-si/군포시,KR-41-10,Gwangjeong-dong/광정동,KR-41-10-11
Gyeonggi-do/경기,KR-41,Gunpo-si/군포시,KR-41-10,Jaegung-dong/재궁동,KR-41-10-12
Gyeonggi-do/경기,KR-41,Gunpo-si/군포시,KR-41-10,Ogeum-dong/오금동,KR-41-10-13
Gyeonggi-do/경기,KR-41,Gunpo-si/군포시,KR-41-10,Sanbon 1(il)-dong/산본1동,KR-41-10-14
Gyeonggi-do/경기,KR-41,Gunpo-si/군포시,KR-41-10,Sanbon 2(i)-dong/산본2동,KR-41-10-15
Gyeonggi-do/경기,KR-41,Gunpo-si/군포시,KR-41-10,Sanbon-dong/산본동,KR-41-10-16
Gyeonggi-do/경기,KR-41,Gunpo-si/군포시,KR-41-10,Sokdal-dong/속달동,KR-41-10-17
Gyeonggi-do/경기,KR-41,Gunpo-si/군포시,KR-41-10,Suri-dong/수리동,KR-41-10-18
Gyeonggi-do/경기,KR-41,Guri-si/구리시,KR-41-11,Acheon-dong/아천동,KR-41-11-0
Gyeonggi-do/경기,KR-41,Guri-si/구리시,KR-41-11,Donggu-dong/동구동,KR-41-11-1
Gyeonggi-do/경기,KR-41,Guri-si/구리시,KR-41-11,Galmae-dong/갈매동,KR-41-11-2
Gyeonggi-do/경기,KR-41,Guri-si/구리시,KR-41-11,Guriucheguksaseoham/구리우체국사서함,KR-41-11-3
Gyeonggi-do/경기,KR-41,Guri-si/구리시,KR-41-11,Gyomun 1(il)-dong/교문1동,KR-41-11-4
Gyeonggi-do/경기,KR-41,Guri-si/구리시,KR-41-11,Gyomun 2(i)-dong/교문2동,KR-41-11-5
Gyeonggi-do/경기,KR-41,Guri-si/구리시,KR-41-11,Gyomun-dong/교문동,KR-41-11-6
Gyeonggi-do/경기,KR-41,Guri-si/구리시,KR-41-11,Inchang-dong/인창동,KR-41-11-7
Gyeonggi-do/경기,KR-41,Guri-si/구리시,KR-41-11,Sano-dong/사노동,KR-41-11-8
Gyeonggi-do/경기,KR-41,Guri-si/구리시,KR-41-11,Sutaeg 1(il)-dong/수택1동,KR-41-11-9
Gyeonggi-do/경기,KR-41,Guri-si/구리시,KR-41-11,Sutaeg 2(i)-dong/수택2동,KR-41-11-10
Gyeonggi-do/경기,KR-41,Guri-si/구리시,KR-41-11,Sutaeg 3(sam)-dong/수택3동,KR-41-11-11
Gyeonggi-do/경기,KR-41,Guri-si/구리시,KR-41-11,Sutaek-dong/수택동,KR-41-11-12
Gyeonggi-do/경기,KR-41,Guri-si/구리시,KR-41-11,Topyeong-dong/토평동,KR-41-11-13
Gyeonggi-do/경기,KR-41,Gwacheon-si/과천시,KR-41-12,Burim-dong/부림동,KR-41-12-0
Gyeonggi-do/경기,KR-41,Gwacheon-si/과천시,KR-41-12,Byeoryang-dong/별양동,KR-41-12-1
Gyeonggi-do/경기,KR-41,Gwacheon-si/과천시,KR-41-12,Galhyeon-dong/갈현동,KR-41-12-2
Gyeonggi-do/경기,KR-41,Gwacheon-si/과천시,KR-41-12,Gwacheon-dong/과천동,KR-41-12-3
Gyeonggi-do/경기,KR-41,Gwacheon-si/과천시,KR-41-12,Gwacheonucheguksaseoham/과천우체국사서함,KR-41-12-4
Gyeonggi-do/경기,KR-41,Gwacheon-si/과천시,KR-41-12,Gwanmun-dong/관문동,KR-41-12-5
Gyeonggi-do/경기,KR-41,Gwacheon-si/과천시,KR-41-12,Juam-dong/주암동,KR-41-12-6
Gyeonggi-do/경기,KR-41,Gwacheon-si/과천시,KR-41-12,Jungang-dong/중앙동,KR-41-12-7
Gyeonggi-do/경기,KR-41,Gwacheon-si/과천시,KR-41-12,Makgye-dong/막계동,KR-41-12-8
Gyeonggi-do/경기,KR-41,Gwacheon-si/과천시,KR-41-12,Munwon-dong/문원동,KR-41-12-9
Gyeonggi-do/경기,KR-41,Gwacheon-si/과천시,KR-41-12,Wonmun-dong/원문동,KR-41-12-10
Gyeonggi-do/경기,KR-41,Gwangju-si/광주시,KR-41-13,Chowor-eup/초월읍,KR-41-13-0
Gyeonggi-do/경기,KR-41,Gwangju-si/광주시,KR-41-13,Docheok-myeon/도척면,KR-41-13-1
Gyeonggi-do/경기,KR-41,Gwangju-si/광주시,KR-41-13,Gyeongan-dong/경안동,KR-41-13-2
Gyeonggi-do/경기,KR-41,Gwangju-si/광주시,KR-41-13,Hoedeok-dong/회덕동,KR-41-13-3
Gyeonggi-do/경기,KR-41,Gwangju-si/광주시,KR-41-13,Jangji-dong/장지동,KR-41-13-4
Gyeonggi-do/경기,KR-41,Gwangju-si/광주시,KR-41-13,Jik-dong/직동,KR-41-13-5
Gyeonggi-do/경기,KR-41,Gwangju-si/광주시,KR-41-13,Jungbu-myeon/중부면,KR-41-13-6
Gyeonggi-do/경기,KR-41,Gwangju-si/광주시,KR-41-13,Jungdae-dong/중대동,KR-41-13-7
Gyeonggi-do/경기,KR-41,Gwangju-si/광주시,KR-41-13,Mok-dong/목동,KR-41-13-8
Gyeonggi-do/경기,KR-41,Gwangju-si/광주시,KR-41-13,Mokhyeon-dong/목현동,KR-41-13-9
Gyeonggi-do/경기,KR-41,Gwangju-si/광주시,KR-41-13,Namjong-myeon/남종면,KR-41-13-10
Gyeonggi-do/경기,KR-41,Gwangju-si/광주시,KR-41-13,Opo-eup/오포읍,KR-41-13-11
Gyeonggi-do/경기,KR-41,Gwangju-si/광주시,KR-41-13,Sam-dong/삼동,KR-41-13-12
Gyeonggi-do/경기,KR-41,Gwangju-si/광주시,KR-41-13,Silchon-eup/실촌읍,KR-41-13-13
Gyeonggi-do/경기,KR-41,Gwangju-si/광주시,KR-41-13,Songjeong-dong/송정동,KR-41-13-14
Gyeonggi-do/경기,KR-41,Gwangju-si/광주시,KR-41-13,Ssangryeong-dong/쌍령동,KR-41-13-15
Gyeonggi-do/경기,KR-41,Gwangju-si/광주시,KR-41-13,Taejeon-dong/태전동,KR-41-13-16
Gyeonggi-do/경기,KR-41,Gwangju-si/광주시,KR-41-13,Tanbeol-dong/탄벌동,KR-41-13-17
Gyeonggi-do/경기,KR-41,Gwangju-si/광주시,KR-41-13,Toechon-myeon/퇴촌면,KR-41-13-18
Gyeonggi-do/경기,KR-41,Gwangju-si/광주시,KR-41-13,Yeok-dong/역동,KR-41-13-19
Gyeonggi-do/경기,KR-41,Gwangmyeong-si/광명시,KR-41-14,Cheolsan 1(il)-dong/철산1동,KR-41-14-0
Gyeonggi-do/경기,KR-41,Gwangmyeong-si/광명시,KR-41-14,Cheolsan 2(i)-dong/철산2동,KR-41-14-1
Gyeonggi-do/경기,KR-41,Gwangmyeong-si/광명시,KR-41-14,Cheolsan 3(sam)-dong/철산3동,KR-41-14-2
Gyeonggi-do/경기,KR-41,Gwangmyeong-si/광명시,KR-41-14,Cheolsan 4(sa)-dong/철산4동,KR-41-14-3
Gyeonggi-do/경기,KR-41,Gwangmyeong-si/광명시,KR-41-14,Cheolsan-dong/철산동,KR-41-14-4
Gyeonggi-do/경기,KR-41,Gwangmyeong-si/광명시,KR-41-14,Gahak-dong/가학동,KR-41-14-5
Gyeonggi-do/경기,KR-41,Gwangmyeong-si/광명시,KR-41-14,Gwangmyeong 1(il)-dong/광명1동,KR-41-14-6
Gyeonggi-do/경기,KR-41,Gwangmyeong-si/광명시,KR-41-14,Gwangmyeong 2(i)-dong/광명2동,KR-41-14-7
Gyeonggi-do/경기,KR-41,Gwangmyeong-si/광명시,KR-41-14,Gwangmyeong 3(sam)-dong/광명3동,KR-41-14-8
Gyeonggi-do/경기,KR-41,Gwangmyeong-si/광명시,KR-41-14,Gwangmyeong 4(sa)-dong/광명4동,KR-41-14-9
Gyeonggi-do/경기,KR-41,Gwangmyeong-si/광명시,KR-41-14,Gwangmyeong 5(o)-dong/광명5동,KR-41-14-10
Gyeonggi-do/경기,KR-41,Gwangmyeong-si/광명시,KR-41-14,Gwangmyeong 6(yuk)-dong/광명6동,KR-41-14-11
Gyeonggi-do/경기,KR-41,Gwangmyeong-si/광명시,KR-41-14,Gwangmyeong 7(chil)-dong/광명7동,KR-41-14-12
Gyeonggi-do/경기,KR-41,Gwangmyeong-si/광명시,KR-41-14,Gwangmyeong-dong/광명동,KR-41-14-13
Gyeonggi-do/경기,KR-41,Gwangmyeong-si/광명시,KR-41-14,Gwangmyeongucheguksaseoham/광명우체국사서함,KR-41-14-14
Gyeonggi-do/경기,KR-41,Gwangmyeong-si/광명시,KR-41-14,Haan 1(il)-dong/하안1동,KR-41-14-15
Gyeonggi-do/경기,KR-41,Gwangmyeong-si/광명시,KR-41-14,Haan 2(i)-dong/하안2동,KR-41-14-16
Gyeonggi-do/경기,KR-41,Gwangmyeong-si/광명시,KR-41-14,Haan 3(sam)-dong/하안3동,KR-41-14-17
Gyeonggi-do/경기,KR-41,Gwangmyeong-si/광명시,KR-41-14,Haan 4(sa)-dong/하안4동,KR-41-14-18
Gyeonggi-do/경기,KR-41,Gwangmyeong-si/광명시,KR-41-14,Haan-dong/하안동,KR-41-14-19
Gyeonggi-do/경기,KR-41,Gwangmyeong-si/광명시,KR-41-14,Iljik-dong/일직동,KR-41-14-20
Gyeonggi-do/경기,KR-41,Gwangmyeong-si/광명시,KR-41-14,Noonsa-dong/노온사동,KR-41-14-21
Gyeonggi-do/경기,KR-41,Gwangmyeong-si/광명시,KR-41-14,Okgil-dong/옥길동,KR-41-14-22
Gyeonggi-do/경기,KR-41,Gwangmyeong-si/광명시,KR-41-14,Soha 1(il)-dong/소하1동,KR-41-14-23
Gyeonggi-do/경기,KR-41,Gwangmyeong-si/광명시,KR-41-14,Soha 2(i)-dong/소하2동,KR-41-14-24
Gyeonggi-do/경기,KR-41,Gwangmyeong-si/광명시,KR-41-14,Soha-dong/소하동,KR-41-14-25
Gyeonggi-do/경기,KR-41,Gwonseon-gu Suwon-si/수원시 권선구,KR-41-15,Daehwanggyo-dong/대황교동,KR-41-15-0
Gyeonggi-do/경기,KR-41,Gwonseon-gu Suwon-si/수원시 권선구,KR-41-15,Dangsu-dong/당수동,KR-41-15-1
Gyeonggi-do/경기,KR-41,Gwonseon-gu Suwon-si/수원시 권선구,KR-41-15,Geumgok-dong/금곡동,KR-41-15-2
Gyeonggi-do/경기,KR-41,Gwonseon-gu Suwon-si/수원시 권선구,KR-41-15,Gokbanjeong-dong/곡반정동,KR-41-15-3
Gyeonggi-do/경기,KR-41,Gwonseon-gu Suwon-si/수원시 권선구,KR-41-15,Gosaek-dong/고색동,KR-41-15-4
Gyeonggi-do/경기,KR-41,Gwonseon-gu Suwon-si/수원시 권선구,KR-41-15,Guun-dong/구운동,KR-41-15-5
Gyeonggi-do/경기,KR-41,Gwonseon-gu Suwon-si/수원시 권선구,KR-41-15,Gwonseon-dong/권선동,KR-41-15-6
Gyeonggi-do/경기,KR-41,Gwonseon-gu Suwon-si/수원시 권선구,KR-41-15,Homaesil-dong/호매실동,KR-41-15-7
Gyeonggi-do/경기,KR-41,Gwonseon-gu Suwon-si/수원시 권선구,KR-41-15,Ipbuk-dong/입북동,KR-41-15-8
Gyeonggi-do/경기,KR-41,Gwonseon-gu Suwon-si/수원시 권선구,KR-41-15,Jangji-dong/장지동,KR-41-15-9
Gyeonggi-do/경기,KR-41,Gwonseon-gu Suwon-si/수원시 권선구,KR-41-15,Omokcheon-dong/오목천동,KR-41-15-10
Gyeonggi-do/경기,KR-41,Gwonseon-gu Suwon-si/수원시 권선구,KR-41-15,Pyeong-dong/평동,KR-41-15-11
Gyeonggi-do/경기,KR-41,Gwonseon-gu Suwon-si/수원시 권선구,KR-41-15,Pyeongri-dong/평리동,KR-41-15-12
Gyeonggi-do/경기,KR-41,Gwonseon-gu Suwon-si/수원시 권선구,KR-41-15,Seodun-dong/서둔동,KR-41-15-13
Gyeonggi-do/경기,KR-41,Gwonseon-gu Suwon-si/수원시 권선구,KR-41-15,Seryu 1(il)-dong/세류1동,KR-41-15-14
Gyeonggi-do/경기,KR-41,Gwonseon-gu Suwon-si/수원시 권선구,KR-41-15,Seryu 2(i)-dong/세류2동,KR-41-15-15
Gyeonggi-do/경기,KR-41,Gwonseon-gu Suwon-si/수원시 권선구,KR-41-15,Seryu 3(sam)-dong/세류3동,KR-41-15-16
Gyeonggi-do/경기,KR-41,Gwonseon-gu Suwon-si/수원시 권선구,KR-41-15,Seryu-dong/세류동,KR-41-15-17
Gyeonggi-do/경기,KR-41,Gwonseon-gu Suwon-si/수원시 권선구,KR-41-15,Tap-dong/탑동,KR-41-15-18
Gyeonggi-do/경기,KR-41,Hanam-si/하남시,KR-41-16,Baealmi-dong/배알미동,KR-41-16-0
Gyeonggi-do/경기,KR-41,Hanam-si/하남시,KR-41-16,Changu-dong/창우동,KR-41-16-1
Gyeonggi-do/경기,KR-41,Hanam-si/하남시,KR-41-16,Cheonhyeon-dong/천현동,KR-41-16-2
Gyeonggi-do/경기,KR-41,Hanam-si/하남시,KR-41-16,Choi-dong/초이동,KR-41-16-3
Gyeonggi-do/경기,KR-41,Hanam-si/하남시,KR-41-16,Choil-dong/초일동,KR-41-16-4
Gyeonggi-do/경기,KR-41,Hanam-si/하남시,KR-41-16,Chungung-dong/춘궁동,KR-41-16-5
Gyeonggi-do/경기,KR-41,Hanam-si/하남시,KR-41-16,Deokpung 1(il)-dong/덕풍1동,KR-41-16-6
Gyeonggi-do/경기,KR-41,Hanam-si/하남시,KR-41-16,Deokpung 2(i)-dong/덕풍2동,KR-41-16-7
Gyeonggi-do/경기,KR-41,Hanam-si/하남시,KR-41-16,Deokpung 3(sam)-dong/덕풍3동,KR-41-16-8
Gyeonggi-do/경기,KR-41,Hanam-si/하남시,KR-41-16,Deokpung-dong/덕풍동,KR-41-16-9
Gyeonggi-do/경기,KR-41,Hanam-si/하남시,KR-41-16,Gambuk-dong/감북동,KR-41-16-10
Gyeonggi-do/경기,KR-41,Hanam-si/하남시,KR-41-16,Gami-dong/감이동,KR-41-16-11
Gyeonggi-do/경기,KR-41,Hanam-si/하남시,KR-41-16,Gamil-dong/감일동,KR-41-16-12
Gyeonggi-do/경기,KR-41,Hanam-si/하남시,KR-41-16,Gwangam-dong/광암동,KR-41-16-13
Gyeonggi-do/경기,KR-41,Hanam-si/하남시,KR-41-16,Gyosan-dong/교산동,KR-41-16-14
Gyeonggi-do/경기,KR-41,Hanam-si/하남시,KR-41-16,Hagam-dong/학암동,KR-41-16-15
Gyeonggi-do/경기,KR-41,Hanam-si/하남시,KR-41-16,Hang-dong/항동,KR-41-16-16
Gyeonggi-do/경기,KR-41,Hanam-si/하남시,KR-41-16,Hasachang-dong/하사창동,KR-41-16-17
Gyeonggi-do/경기,KR-41,Hanam-si/하남시,KR-41-16,Hasangok-dong/하산곡동,KR-41-16-18
Gyeonggi-do/경기,KR-41,Hanam-si/하남시,KR-41-16,Mangwol-dong/망월동,KR-41-16-19
Gyeonggi-do/경기,KR-41,Hanam-si/하남시,KR-41-16,Misa-dong/미사동,KR-41-16-20
Gyeonggi-do/경기,KR-41,Hanam-si/하남시,KR-41-16,Pungsan-dong/풍산동,KR-41-16-21
Gyeonggi-do/경기,KR-41,Hanam-si/하남시,KR-41-16,Sangsachang-dong/상사창동,KR-41-16-22
Gyeonggi-do/경기,KR-41,Hanam-si/하남시,KR-41-16,Sangsangok-dong/상산곡동,KR-41-16-23
Gyeonggi-do/경기,KR-41,Hanam-si/하남시,KR-41-16,Seon-dong/선동,KR-41-16-24
Gyeonggi-do/경기,KR-41,Hanam-si/하남시,KR-41-16,Sinjang 1(il)-dong/신장1동,KR-41-16-25
Gyeonggi-do/경기,KR-41,Hanam-si/하남시,KR-41-16,Sinjang 2(i)-dong/신장2동,KR-41-16-26
Gyeonggi-do/경기,KR-41,Hanam-si/하남시,KR-41-16,Sinjang-dong/신장동,KR-41-16-27
Gyeonggi-do/경기,KR-41,Hwaseong-si/화성시,KR-41-17,Annyeong-dong/안녕동,KR-41-17-0
Gyeonggi-do/경기,KR-41,Hwaseong-si/화성시,KR-41-17,Anseok-dong/안석동,KR-41-17-1
Gyeonggi-do/경기,KR-41,Hwaseong-si/화성시,KR-41-17,Baeyang-dong/배양동,KR-41-17-2
Gyeonggi-do/경기,KR-41,Hwaseong-si/화성시,KR-41-17,Banjeong-dong/반정동,KR-41-17-3
Gyeonggi-do/경기,KR-41,Hwaseong-si/화성시,KR-41-17,Bansong-dong/반송동,KR-41-17-4
Gyeonggi-do/경기,KR-41,Hwaseong-si/화성시,KR-41-17,Banwol-dong/반월동,KR-41-17-5
Gyeonggi-do/경기,KR-41,Hwaseong-si/화성시,KR-41-17,Bibong-myeon/비봉면,KR-41-17-6
Gyeonggi-do/경기,KR-41,Hwaseong-si/화성시,KR-41-17,Bongdam-eup/봉담읍,KR-41-17-7
Gyeonggi-do/경기,KR-41,Hwaseong-si/화성시,KR-41-17,Bugyang-dong/북양동,KR-41-17-8
Gyeonggi-do/경기,KR-41,Hwaseong-si/화성시,KR-41-17,Byeongjeom-dong/병점동,KR-41-17-9
Gyeonggi-do/경기,KR-41,Hwaseong-si/화성시,KR-41-17,Dongtan-myeon/동탄면,KR-41-17-10
Gyeonggi-do/경기,KR-41,Hwaseong-si/화성시,KR-41-17,Gian-dong/기안동,KR-41-17-11
Gyeonggi-do/경기,KR-41,Hwaseong-si/화성시,KR-41-17,Gisan-dong/기산동,KR-41-17-12
Gyeonggi-do/경기,KR-41,Hwaseong-si/화성시,KR-41-17,Hwalcho-dong/활초동,KR-41-17-13
Gyeonggi-do/경기,KR-41,Hwaseong-si/화성시,KR-41-17,Hwanggye-dong/황계동,KR-41-17-14
Gyeonggi-do/경기,KR-41,Hwaseong-si/화성시,KR-41-17,Hyangnam-eup/향남읍,KR-41-17-15
Gyeonggi-do/경기,KR-41,Hwaseong-si/화성시,KR-41-17,Jangan-myeon/장안면,KR-41-17-16
Gyeonggi-do/경기,KR-41,Hwaseong-si/화성시,KR-41-17,Jangdeok-dong/장덕동,KR-41-17-17
Gyeonggi-do/경기,KR-41,Hwaseong-si/화성시,KR-41-17,Jangjeon-dong/장전동,KR-41-17-18
Gyeonggi-do/경기,KR-41,Hwaseong-si/화성시,KR-41-17,Jeongnam-myeon/정남면,KR-41-17-19
Gyeonggi-do/경기,KR-41,Hwaseong-si/화성시,KR-41-17,Jinan-dong/진안동,KR-41-17-20
Gyeonggi-do/경기,KR-41,Hwaseong-si/화성시,KR-41-17,Mado-myeon/마도면,KR-41-17-21
Gyeonggi-do/경기,KR-41,Hwaseong-si/화성시,KR-41-17,Maesong-myeon/매송면,KR-41-17-22
Gyeonggi-do/경기,KR-41,Hwaseong-si/화성시,KR-41-17,Munho-dong/문호동,KR-41-17-23
Gyeonggi-do/경기,KR-41,Hwaseong-si/화성시,KR-41-17,Musong-dong/무송동,KR-41-17-24
Gyeonggi-do/경기,KR-41,Hwaseong-si/화성시,KR-41-17,Namyang-dong/남양동,KR-41-17-25
Gyeonggi-do/경기,KR-41,Hwaseong-si/화성시,KR-41-17,Neung-dong/능동,KR-41-17-26
Gyeonggi-do/경기,KR-41,Hwaseong-si/화성시,KR-41-17,Onseok-dong/온석동,KR-41-17-27
Gyeonggi-do/경기,KR-41,Hwaseong-si/화성시,KR-41-17,Paltan-myeon/팔탄면,KR-41-17-28
Gyeonggi-do/경기,KR-41,Hwaseong-si/화성시,KR-41-17,Seogu-dong/석우동,KR-41-17-29
Gyeonggi-do/경기,KR-41,Hwaseong-si/화성시,KR-41-17,Seosin-myeon/서신면,KR-41-17-30
Gyeonggi-do/경기,KR-41,Hwaseong-si/화성시,KR-41-17,Si-dong/시동,KR-41-17-31
Gyeonggi-do/경기,KR-41,Hwaseong-si/화성시,KR-41-17,Sinnam-dong/신남동,KR-41-17-32
Gyeonggi-do/경기,KR-41,Hwaseong-si/화성시,KR-41-17,Sinoe-dong/신외동,KR-41-17-33
Gyeonggi-do/경기,KR-41,Hwaseong-si/화성시,KR-41-17,Songrim-dong/송림동,KR-41-17-34
Gyeonggi-do/경기,KR-41,Hwaseong-si/화성시,KR-41-17,Songsan-dong/송산동,KR-41-17-35
Gyeonggi-do/경기,KR-41,Hwaseong-si/화성시,KR-41-17,Songsan-myeon/송산면,KR-41-17-36
Gyeonggi-do/경기,KR-41,Hwaseong-si/화성시,KR-41-17,Suhwa-dong/수화동,KR-41-17-37
Gyeonggi-do/경기,KR-41,Hwaseong-si/화성시,KR-41-17,Ujeong-eup/우정읍,KR-41-17-38
Gyeonggi-do/경기,KR-41,Hwaseong-si/화성시,KR-41-17,Woncheon-dong/원천동,KR-41-17-39
Gyeonggi-do/경기,KR-41,Hwaseong-si/화성시,KR-41-17,Yanggam-myeon/양감면,KR-41-17-40
Gyeonggi-do/경기,KR-41,Icheon-si/이천시,KR-41-18,Anheung-dong/안흥동,KR-41-18-0
Gyeonggi-do/경기,KR-41,Icheon-si/이천시,KR-41-18,Baeksa-myeon/백사면,KR-41-18-1
Gyeonggi-do/경기,KR-41,Icheon-si/이천시,KR-41-18,Bubar-eup/부발읍,KR-41-18-2
Gyeonggi-do/경기,KR-41,Icheon-si/이천시,KR-41-18,Changjeon-dong/창전동,KR-41-18-3
Gyeonggi-do/경기,KR-41,Icheon-si/이천시,KR-41-18,Daepo-dong/대포동,KR-41-18-4
Gyeonggi-do/경기,KR-41,Icheon-si/이천시,KR-41-18,Daewol-myeon/대월면,KR-41-18-5
Gyeonggi-do/경기,KR-41,Icheon-si/이천시,KR-41-18,Danwol-dong/단월동,KR-41-18-6
Gyeonggi-do/경기,KR-41,Icheon-si/이천시,KR-41-18,Galsan-dong/갈산동,KR-41-18-7
Gyeonggi-do/경기,KR-41,Icheon-si/이천시,KR-41-18,Godam-dong/고담동,KR-41-18-8
Gyeonggi-do/경기,KR-41,Icheon-si/이천시,KR-41-18,Gwango-dong/관고동,KR-41-18-9
Gyeonggi-do/경기,KR-41,Icheon-si/이천시,KR-41-18,Hobeop-myeon/호법면,KR-41-18-10
Gyeonggi-do/경기,KR-41,Icheon-si/이천시,KR-41-18,Icheonucheguksaseoham/이천우체국사서함,KR-41-18-11
Gyeonggi-do/경기,KR-41,Icheon-si/이천시,KR-41-18,Janghowon-eup/장호원읍,KR-41-18-12
Gyeonggi-do/경기,KR-41,Icheon-si/이천시,KR-41-18,Jangrok-dong/장록동,KR-41-18-13
Gyeonggi-do/경기,KR-41,Icheon-si/이천시,KR-41-18,Jeungil-dong/증일동,KR-41-18-14
Gyeonggi-do/경기,KR-41,Icheon-si/이천시,KR-41-18,Jeungpo-dong/증포동,KR-41-18-15
Gyeonggi-do/경기,KR-41,Icheon-si/이천시,KR-41-18,Jinri-dong/진리동,KR-41-18-16
Gyeonggi-do/경기,KR-41,Icheon-si/이천시,KR-41-18,Jungri-dong/중리동,KR-41-18-17
Gyeonggi-do/경기,KR-41,Icheon-si/이천시,KR-41-18,Majang-myeon/마장면,KR-41-18-18
Gyeonggi-do/경기,KR-41,Icheon-si/이천시,KR-41-18,Moga-myeon/모가면,KR-41-18-19
Gyeonggi-do/경기,KR-41,Icheon-si/이천시,KR-41-18,Saeum-dong/사음동,KR-41-18-20
Gyeonggi-do/경기,KR-41,Icheon-si/이천시,KR-41-18,Seolseong-myeon/설성면,KR-41-18-21
Gyeonggi-do/경기,KR-41,Icheon-si/이천시,KR-41-18,Sindun-myeon/신둔면,KR-41-18-22
Gyeonggi-do/경기,KR-41,Icheon-si/이천시,KR-41-18,Songjeong-dong/송정동,KR-41-18-23
Gyeonggi-do/경기,KR-41,Icheon-si/이천시,KR-41-18,Yulhyeon-dong/율현동,KR-41-18-24
Gyeonggi-do/경기,KR-41,Icheon-si/이천시,KR-41-18,Yul-myeon/율면,KR-41-18-25
Gyeonggi-do/경기,KR-41,Ilsandong-gu Goyang-si/고양시 일산동구,KR-41-19,Baekseog 1(il)-dong/백석1동,KR-41-19-0
Gyeonggi-do/경기,KR-41,Ilsandong-gu Goyang-si/고양시 일산동구,KR-41-19,Baekseog 2(i)-dong/백석2동,KR-41-19-1
Gyeonggi-do/경기,KR-41,Ilsandong-gu Goyang-si/고양시 일산동구,KR-41-19,Baekseok-dong/백석동,KR-41-19-2
Gyeonggi-do/경기,KR-41,Ilsandong-gu Goyang-si/고양시 일산동구,KR-41-19,Goyangilsanucheguksaseoham/고양일산우체국사서함,KR-41-19-3
Gyeonggi-do/경기,KR-41,Ilsandong-gu Goyang-si/고양시 일산동구,KR-41-19,Goyangupyeonjipjungguksaseoham/고양우편집중국사서함,KR-41-19-4
Gyeonggi-do/경기,KR-41,Ilsandong-gu Goyang-si/고양시 일산동구,KR-41-19,Janghang 1(il)-dong/장항1동,KR-41-19-5
Gyeonggi-do/경기,KR-41,Ilsandong-gu Goyang-si/고양시 일산동구,KR-41-19,Janghang 2(i)-dong/장항2동,KR-41-19-6
Gyeonggi-do/경기,KR-41,Ilsandong-gu Goyang-si/고양시 일산동구,KR-41-19,Janghang-dong/장항동,KR-41-19-7
Gyeonggi-do/경기,KR-41,Ilsandong-gu Goyang-si/고양시 일산동구,KR-41-19,Jeongbalsan-dong/정발산동,KR-41-19-8
Gyeonggi-do/경기,KR-41,Ilsandong-gu Goyang-si/고양시 일산동구,KR-41-19,Jiyeong-dong/지영동,KR-41-19-9
Gyeonggi-do/경기,KR-41,Ilsandong-gu Goyang-si/고양시 일산동구,KR-41-19,Jungsan-dong/중산동,KR-41-19-10
Gyeonggi-do/경기,KR-41,Ilsandong-gu Goyang-si/고양시 일산동구,KR-41-19,Madu 1(il)-dong/마두1동,KR-41-19-11
Gyeonggi-do/경기,KR-41,Ilsandong-gu Goyang-si/고양시 일산동구,KR-41-19,Madu 2(i)-dong/마두2동,KR-41-19-12
Gyeonggi-do/경기,KR-41,Ilsandong-gu Goyang-si/고양시 일산동구,KR-41-19,Madu-dong/마두동,KR-41-19-13
Gyeonggi-do/경기,KR-41,Ilsandong-gu Goyang-si/고양시 일산동구,KR-41-19,Munbong-dong/문봉동,KR-41-19-14
Gyeonggi-do/경기,KR-41,Ilsandong-gu Goyang-si/고양시 일산동구,KR-41-19,Pung-dong/풍동,KR-41-19-15
Gyeonggi-do/경기,KR-41,Ilsandong-gu Goyang-si/고양시 일산동구,KR-41-19,Sanhwang-dong/산황동,KR-41-19-16
Gyeonggi-do/경기,KR-41,Ilsandong-gu Goyang-si/고양시 일산동구,KR-41-19,Sarihyeon-dong/사리현동,KR-41-19-17
Gyeonggi-do/경기,KR-41,Ilsandong-gu Goyang-si/고양시 일산동구,KR-41-19,Seolmun-dong/설문동,KR-41-19-18
Gyeonggi-do/경기,KR-41,Ilsandong-gu Goyang-si/고양시 일산동구,KR-41-19,Seongseok-dong/성석동,KR-41-19-19
Gyeonggi-do/경기,KR-41,Ilsandong-gu Goyang-si/고양시 일산동구,KR-41-19,Siksa-dong/식사동,KR-41-19-20
Gyeonggi-do/경기,KR-41,Ilsanseo-gu Goyang-si/고양시 일산서구,KR-41-20,Beopgot-dong/법곳동,KR-41-20-0
Gyeonggi-do/경기,KR-41,Ilsanseo-gu Goyang-si/고양시 일산서구,KR-41-20,Daehwa-dong/대화동,KR-41-20-1
Gyeonggi-do/경기,KR-41,Ilsanseo-gu Goyang-si/고양시 일산서구,KR-41-20,Deogi-dong/덕이동,KR-41-20-2
Gyeonggi-do/경기,KR-41,Ilsanseo-gu Goyang-si/고양시 일산서구,KR-41-20,Gajwa-dong/가좌동,KR-41-20-3
Gyeonggi-do/경기,KR-41,Ilsanseo-gu Goyang-si/고양시 일산서구,KR-41-20,Gusan-dong/구산동,KR-41-20-4
Gyeonggi-do/경기,KR-41,Ilsanseo-gu Goyang-si/고양시 일산서구,KR-41-20,Ilsan 1(il)-dong/일산1동,KR-41-20-5
Gyeonggi-do/경기,KR-41,Ilsanseo-gu Goyang-si/고양시 일산서구,KR-41-20,Ilsan 2(i)-dong/일산2동,KR-41-20-6
Gyeonggi-do/경기,KR-41,Ilsanseo-gu Goyang-si/고양시 일산서구,KR-41-20,Ilsan 3(sam)-dong/일산3동,KR-41-20-7
Gyeonggi-do/경기,KR-41,Ilsanseo-gu Goyang-si/고양시 일산서구,KR-41-20,Ilsan-dong/일산동,KR-41-20-8
Gyeonggi-do/경기,KR-41,Ilsanseo-gu Goyang-si/고양시 일산서구,KR-41-20,Juyeob 1(il)-dong/주엽1동,KR-41-20-9
Gyeonggi-do/경기,KR-41,Ilsanseo-gu Goyang-si/고양시 일산서구,KR-41-20,Juyeob 2(i)-dong/주엽2동,KR-41-20-10
Gyeonggi-do/경기,KR-41,Ilsanseo-gu Goyang-si/고양시 일산서구,KR-41-20,Juyeop-dong/주엽동,KR-41-20-11
Gyeonggi-do/경기,KR-41,Ilsanseo-gu Goyang-si/고양시 일산서구,KR-41-20,Tanhyeon-dong/탄현동,KR-41-20-12
Gyeonggi-do/경기,KR-41,Jangan-gu Suwon-si/수원시 장안구,KR-41-21,Cheoncheon-dong/천천동,KR-41-21-0
Gyeonggi-do/경기,KR-41,Jangan-gu Suwon-si/수원시 장안구,KR-41-21,Hagwanggyo-dong/하광교동,KR-41-21-1
Gyeonggi-do/경기,KR-41,Jangan-gu Suwon-si/수원시 장안구,KR-41-21,Imok-dong/이목동,KR-41-21-2
Gyeonggi-do/경기,KR-41,Jangan-gu Suwon-si/수원시 장안구,KR-41-21,Jeongja 1(il)-dong/정자1동,KR-41-21-3
Gyeonggi-do/경기,KR-41,Jangan-gu Suwon-si/수원시 장안구,KR-41-21,Jeongja 2(i)-dong/정자2동,KR-41-21-4
Gyeonggi-do/경기,KR-41,Jangan-gu Suwon-si/수원시 장안구,KR-41-21,Jeongja 3(sam)-dong/정자3동,KR-41-21-5
Gyeonggi-do/경기,KR-41,Jangan-gu Suwon-si/수원시 장안구,KR-41-21,Jeongja-dong/정자동,KR-41-21-6
Gyeonggi-do/경기,KR-41,Jangan-gu Suwon-si/수원시 장안구,KR-41-21,Jowon-dong/조원동,KR-41-21-7
Gyeonggi-do/경기,KR-41,Jangan-gu Suwon-si/수원시 장안구,KR-41-21,Pajang-dong/파장동,KR-41-21-8
Gyeonggi-do/경기,KR-41,Jangan-gu Suwon-si/수원시 장안구,KR-41-21,Sanggwanggyo-dong/상광교동,KR-41-21-9
Gyeonggi-do/경기,KR-41,Jangan-gu Suwon-si/수원시 장안구,KR-41-21,Songjuk-dong/송죽동,KR-41-21-10
Gyeonggi-do/경기,KR-41,Jangan-gu Suwon-si/수원시 장안구,KR-41-21,Suwonucheguksaseoham/수원우체국사서함,KR-41-21-11
Gyeonggi-do/경기,KR-41,Jangan-gu Suwon-si/수원시 장안구,KR-41-21,Yeonghwa-dong/영화동,KR-41-21-12
Gyeonggi-do/경기,KR-41,Jangan-gu Suwon-si/수원시 장안구,KR-41-21,Yeonmu-dong/연무동,KR-41-21-13
Gyeonggi-do/경기,KR-41,Jangan-gu Suwon-si/수원시 장안구,KR-41-21,Yuljeon-dong/율전동,KR-41-21-14
Gyeonggi-do/경기,KR-41,Jungwon-gu Seongnam-si/성남시 중원구,KR-41-22,Dochon-dong/도촌동,KR-41-22-0
Gyeonggi-do/경기,KR-41,Jungwon-gu Seongnam-si/성남시 중원구,KR-41-22,Eunhaeng 1(il)-dong/은행1동,KR-41-22-1
Gyeonggi-do/경기,KR-41,Jungwon-gu Seongnam-si/성남시 중원구,KR-41-22,Eunhaeng 2(i)-dong/은행2동,KR-41-22-2
Gyeonggi-do/경기,KR-41,Jungwon-gu Seongnam-si/성남시 중원구,KR-41-22,Eunhaeng-dong/은행동,KR-41-22-3
Gyeonggi-do/경기,KR-41,Jungwon-gu Seongnam-si/성남시 중원구,KR-41-22,Galhyeon-dong/갈현동,KR-41-22-4
Gyeonggi-do/경기,KR-41,Jungwon-gu Seongnam-si/성남시 중원구,KR-41-22,Geumgwang 1(il)-dong/금광1동,KR-41-22-5
Gyeonggi-do/경기,KR-41,Jungwon-gu Seongnam-si/성남시 중원구,KR-41-22,Geumgwang 2(i)-dong/금광2동,KR-41-22-6
Gyeonggi-do/경기,KR-41,Jungwon-gu Seongnam-si/성남시 중원구,KR-41-22,Geumgwang-dong/금광동,KR-41-22-7
Gyeonggi-do/경기,KR-41,Jungwon-gu Seongnam-si/성남시 중원구,KR-41-22,Hadaewon-dong/하대원동,KR-41-22-8
Gyeonggi-do/경기,KR-41,Jungwon-gu Seongnam-si/성남시 중원구,KR-41-22,Jung-dong/중동,KR-41-22-9
Gyeonggi-do/경기,KR-41,Jungwon-gu Seongnam-si/성남시 중원구,KR-41-22,Sangdaewon 1(il)-dong/상대원1동,KR-41-22-10
Gyeonggi-do/경기,KR-41,Jungwon-gu Seongnam-si/성남시 중원구,KR-41-22,Sangdaewon 2(i)-dong/상대원2동,KR-41-22-11
Gyeonggi-do/경기,KR-41,Jungwon-gu Seongnam-si/성남시 중원구,KR-41-22,Sangdaewon 3(sam)-dong/상대원3동,KR-41-22-12
Gyeonggi-do/경기,KR-41,Jungwon-gu Seongnam-si/성남시 중원구,KR-41-22,Sangdaewon-dong/상대원동,KR-41-22-13
Gyeonggi-do/경기,KR-41,Jungwon-gu Seongnam-si/성남시 중원구,KR-41-22,Seongnam-dong/성남동,KR-41-22-14
Gyeonggi-do/경기,KR-41,Jungwon-gu Seongnam-si/성남시 중원구,KR-41-22,Yeosu-dong/여수동,KR-41-22-15
Gyeonggi-do/경기,KR-41,Manan-gu Anyang-si/안양시 만안구,KR-41-23,Anyang 1(il)-dong/안양1동,KR-41-23-0
Gyeonggi-do/경기,KR-41,Manan-gu Anyang-si/안양시 만안구,KR-41-23,Anyang 2(i)-dong/안양2동,KR-41-23-1
Gyeonggi-do/경기,KR-41,Manan-gu Anyang-si/안양시 만안구,KR-41-23,Anyang 3(sam)-dong/안양3동,KR-41-23-2
Gyeonggi-do/경기,KR-41,Manan-gu Anyang-si/안양시 만안구,KR-41-23,Anyang 4(sa)-dong/안양4동,KR-41-23-3
Gyeonggi-do/경기,KR-41,Manan-gu Anyang-si/안양시 만안구,KR-41-23,Anyang 5(o)-dong/안양5동,KR-41-23-4
Gyeonggi-do/경기,KR-41,Manan-gu Anyang-si/안양시 만안구,KR-41-23,Anyang 6(yuk)-dong/안양6동,KR-41-23-5
Gyeonggi-do/경기,KR-41,Manan-gu Anyang-si/안양시 만안구,KR-41-23,Anyang 7(chil)-dong/안양7동,KR-41-23-6
Gyeonggi-do/경기,KR-41,Manan-gu Anyang-si/안양시 만안구,KR-41-23,Anyang 8(pal)-dong/안양8동,KR-41-23-7
Gyeonggi-do/경기,KR-41,Manan-gu Anyang-si/안양시 만안구,KR-41-23,Anyang 9(gu)-dong/안양9동,KR-41-23-8
Gyeonggi-do/경기,KR-41,Manan-gu Anyang-si/안양시 만안구,KR-41-23,Anyang-dong/안양동,KR-41-23-9
Gyeonggi-do/경기,KR-41,Manan-gu Anyang-si/안양시 만안구,KR-41-23,Bakdal-dong/박달동,KR-41-23-10
Gyeonggi-do/경기,KR-41,Manan-gu Anyang-si/안양시 만안구,KR-41-23,Bakdar 1(il)-dong/박달1동,KR-41-23-11
Gyeonggi-do/경기,KR-41,Manan-gu Anyang-si/안양시 만안구,KR-41-23,Bakdar 2(i)-dong/박달2동,KR-41-23-12
Gyeonggi-do/경기,KR-41,Manan-gu Anyang-si/안양시 만안구,KR-41-23,Seoanyangucheguksaseoham/서안양우체국사서함,KR-41-23-13
Gyeonggi-do/경기,KR-41,Manan-gu Anyang-si/안양시 만안구,KR-41-23,Seoksu 1(il)-dong/석수1동,KR-41-23-14
Gyeonggi-do/경기,KR-41,Manan-gu Anyang-si/안양시 만안구,KR-41-23,Seoksu 2(i)-dong/석수2동,KR-41-23-15
Gyeonggi-do/경기,KR-41,Manan-gu Anyang-si/안양시 만안구,KR-41-23,Seoksu 3(sam)-dong/석수3동,KR-41-23-16
Gyeonggi-do/경기,KR-41,Manan-gu Anyang-si/안양시 만안구,KR-41-23,Seoksu-dong/석수동,KR-41-23-17
Gyeonggi-do/경기,KR-41,Namyangju-si/남양주시,KR-41-24,Byeolnae-myeon/별내면,KR-41-24-0
Gyeonggi-do/경기,KR-41,Namyangju-si/남양주시,KR-41-24,Donong-dong/도농동,KR-41-24-1
Gyeonggi-do/경기,KR-41,Namyangju-si/남양주시,KR-41-24,Gaun-dong/가운동,KR-41-24-2
Gyeonggi-do/경기,KR-41,Namyangju-si/남양주시,KR-41-24,Geumgok-dong/금곡동,KR-41-24-3
Gyeonggi-do/경기,KR-41,Namyangju-si/남양주시,KR-41-24,Hopyeong-dong/호평동,KR-41-24-4
Gyeonggi-do/경기,KR-41,Namyangju-si/남양주시,KR-41-24,Hwado-eup/화도읍,KR-41-24-5
Gyeonggi-do/경기,KR-41,Namyangju-si/남양주시,KR-41-24,Ilpae-dong/일패동,KR-41-24-6
Gyeonggi-do/경기,KR-41,Namyangju-si/남양주시,KR-41-24,Ipae-dong/이패동,KR-41-24-7
Gyeonggi-do/경기,KR-41,Namyangju-si/남양주시,KR-41-24,Jigeum-dong/지금동,KR-41-24-8
Gyeonggi-do/경기,KR-41,Namyangju-si/남양주시,KR-41-24,Jingeon-eup/진건읍,KR-41-24-9
Gyeonggi-do/경기,KR-41,Namyangju-si/남양주시,KR-41-24,Jinjeob-eup/진접읍,KR-41-24-10
Gyeonggi-do/경기,KR-41,Namyangju-si/남양주시,KR-41-24,Joan-myeon/조안면,KR-41-24-11
Gyeonggi-do/경기,KR-41,Namyangju-si/남양주시,KR-41-24,Onam-eup/오남읍,KR-41-24-12
Gyeonggi-do/경기,KR-41,Namyangju-si/남양주시,KR-41-24,Pyeongnae-dong/평내동,KR-41-24-13
Gyeonggi-do/경기,KR-41,Namyangju-si/남양주시,KR-41-24,Sampae-dong/삼패동,KR-41-24-14
Gyeonggi-do/경기,KR-41,Namyangju-si/남양주시,KR-41-24,Sudong-myeon/수동면,KR-41-24-15
Gyeonggi-do/경기,KR-41,Namyangju-si/남양주시,KR-41-24,Suseok-dong/수석동,KR-41-24-16
Gyeonggi-do/경기,KR-41,Namyangju-si/남양주시,KR-41-24,Toegyewon-myeon/퇴계원면,KR-41-24-17
Gyeonggi-do/경기,KR-41,Namyangju-si/남양주시,KR-41-24,Wabu-eup/와부읍,KR-41-24-18
Gyeonggi-do/경기,KR-41,Namyangju-si/남양주시,KR-41-24,Yangjeong-dong/양정동,KR-41-24-19
Gyeonggi-do/경기,KR-41,Ojeong-gu Bucheon-si/부천시 오정구,KR-41-25,Bucheonupyeonjipjungguksaseoham/부천우편집중국사서함,KR-41-25-0
Gyeonggi-do/경기,KR-41,Ojeong-gu Bucheon-si/부천시 오정구,KR-41-25,Daejang-dong/대장동,KR-41-25-1
Gyeonggi-do/경기,KR-41,Ojeong-gu Bucheon-si/부천시 오정구,KR-41-25,Gogang 1(il)-dong/고강1동,KR-41-25-2
Gyeonggi-do/경기,KR-41,Ojeong-gu Bucheon-si/부천시 오정구,KR-41-25,Gogangbon-dong/고강본동,KR-41-25-3
Gyeonggi-do/경기,KR-41,Ojeong-gu Bucheon-si/부천시 오정구,KR-41-25,Gogang-dong/고강동,KR-41-25-4
Gyeonggi-do/경기,KR-41,Ojeong-gu Bucheon-si/부천시 오정구,KR-41-25,Jak-dong/작동,KR-41-25-5
Gyeonggi-do/경기,KR-41,Ojeong-gu Bucheon-si/부천시 오정구,KR-41-25,Nae-dong/내동,KR-41-25-6
Gyeonggi-do/경기,KR-41,Ojeong-gu Bucheon-si/부천시 오정구,KR-41-25,Ojeong-dong/오정동,KR-41-25-7
Gyeonggi-do/경기,KR-41,Ojeong-gu Bucheon-si/부천시 오정구,KR-41-25,Samjeong-dong/삼정동,KR-41-25-8
Gyeonggi-do/경기,KR-41,Ojeong-gu Bucheon-si/부천시 오정구,KR-41-25,Wonjong 1(il)-dong/원종1동,KR-41-25-9
Gyeonggi-do/경기,KR-41,Ojeong-gu Bucheon-si/부천시 오정구,KR-41-25,Wonjong 2(i)-dong/원종2동,KR-41-25-10
Gyeonggi-do/경기,KR-41,Ojeong-gu Bucheon-si/부천시 오정구,KR-41-25,Wonjong-dong/원종동,KR-41-25-11
Gyeonggi-do/경기,KR-41,Ojeong-gu Bucheon-si/부천시 오정구,KR-41-25,Yeowol-dong/여월동,KR-41-25-12
Gyeonggi-do/경기,KR-41,Osan-si/오산시,KR-41-26,Beoreum-dong/벌음동,KR-41-26-0
Gyeonggi-do/경기,KR-41,Osan-si/오산시,KR-41-26,Busan-dong/부산동,KR-41-26-1
Gyeonggi-do/경기,KR-41,Osan-si/오산시,KR-41-26,Cheonghak-dong/청학동,KR-41-26-2
Gyeonggi-do/경기,KR-41,Osan-si/오산시,KR-41-26,Cheongho-dong/청호동,KR-41-26-3
Gyeonggi-do/경기,KR-41,Osan-si/오산시,KR-41-26,Dugok-dong/두곡동,KR-41-26-4
Gyeonggi-do/경기,KR-41,Osan-si/오산시,KR-41-26,Eungye-dong/은계동,KR-41-26-5
Gyeonggi-do/경기,KR-41,Osan-si/오산시,KR-41-26,Gajang-dong/가장동,KR-41-26-6
Gyeonggi-do/경기,KR-41,Osan-si/오산시,KR-41-26,Galgot-dong/갈곶동,KR-41-26-7
Gyeonggi-do/경기,KR-41,Osan-si/오산시,KR-41-26,Gasu-dong/가수동,KR-41-26-8
Gyeonggi-do/경기,KR-41,Osan-si/오산시,KR-41-26,Geumam-dong/금암동,KR-41-26-9
Gyeonggi-do/경기,KR-41,Osan-si/오산시,KR-41-26,Gohyeon-dong/고현동,KR-41-26-10
Gyeonggi-do/경기,KR-41,Osan-si/오산시,KR-41-26,Gwol-dong/궐동,KR-41-26-11
Gyeonggi-do/경기,KR-41,Osan-si/오산시,KR-41-26,Jigot-dong/지곶동,KR-41-26-12
Gyeonggi-do/경기,KR-41,Osan-si/오산시,KR-41-26,Naesammi-dong/내삼미동,KR-41-26-13
Gyeonggi-do/경기,KR-41,Osan-si/오산시,KR-41-26,Nueup-dong/누읍동,KR-41-26-14
Gyeonggi-do/경기,KR-41,Osan-si/오산시,KR-41-26,Oesammi-dong/외삼미동,KR-41-26-15
Gyeonggi-do/경기,KR-41,Osan-si/오산시,KR-41-26,Osan-dong/오산동,KR-41-26-16
Gyeonggi-do/경기,KR-41,Osan-si/오산시,KR-41-26,Osanucheguksaseoham/오산우체국사서함,KR-41-26-17
Gyeonggi-do/경기,KR-41,Osan-si/오산시,KR-41-26,Segyo-dong/세교동,KR-41-26-18
Gyeonggi-do/경기,KR-41,Osan-si/오산시,KR-41-26,Seo-dong/서동,KR-41-26-19
Gyeonggi-do/경기,KR-41,Osan-si/오산시,KR-41-26,Seorang-dong/서랑동,KR-41-26-20
Gyeonggi-do/경기,KR-41,Osan-si/오산시,KR-41-26,Sucheong-dong/수청동,KR-41-26-21
Gyeonggi-do/경기,KR-41,Osan-si/오산시,KR-41-26,Tap-dong/탑동,KR-41-26-22
Gyeonggi-do/경기,KR-41,Osan-si/오산시,KR-41-26,Won-dong/원동,KR-41-26-23
Gyeonggi-do/경기,KR-41,Osan-si/오산시,KR-41-26,Yangsan-dong/양산동,KR-41-26-24
Gyeonggi-do/경기,KR-41,Paju-si/파주시,KR-41-27,Adong-dong/아동동,KR-41-27-0
Gyeonggi-do/경기,KR-41,Paju-si/파주시,KR-41-27,Beobwon-eup/법원읍,KR-41-27-1
Gyeonggi-do/경기,KR-41,Paju-si/파주시,KR-41-27,Geomsan-dong/검산동,KR-41-27-2
Gyeonggi-do/경기,KR-41,Paju-si/파주시,KR-41-27,Geumchon 1(il)-dong/금촌1동,KR-41-27-3
Gyeonggi-do/경기,KR-41,Paju-si/파주시,KR-41-27,Geumchon 2(i)-dong/금촌2동,KR-41-27-4
Gyeonggi-do/경기,KR-41,Paju-si/파주시,KR-41-27,Geumchon-dong/금촌동,KR-41-27-5
Gyeonggi-do/경기,KR-41,Paju-si/파주시,KR-41-27,Geumneung-dong/금능동,KR-41-27-6
Gyeonggi-do/경기,KR-41,Paju-si/파주시,KR-41-27,Gunnae-myeon/군내면,KR-41-27-7
Gyeonggi-do/경기,KR-41,Paju-si/파주시,KR-41-27,Gwangtan-myeon/광탄면,KR-41-27-8
Gyeonggi-do/경기,KR-41,Paju-si/파주시,KR-41-27,Gyoha-eup/교하읍,KR-41-27-9
Gyeonggi-do/경기,KR-41,Paju-si/파주시,KR-41-27,Jangdan-myeon/장단면,KR-41-27-10
Gyeonggi-do/경기,KR-41,Paju-si/파주시,KR-41-27,Jeokseong-myeon/적성면,KR-41-27-11
Gyeonggi-do/경기,KR-41,Paju-si/파주시,KR-41-27,Jindong-myeon/진동면,KR-41-27-12
Gyeonggi-do/경기,KR-41,Paju-si/파주시,KR-41-27,Jinseo-myeon/진서면,KR-41-27-13
Gyeonggi-do/경기,KR-41,Paju-si/파주시,KR-41-27,Jori-eup/조리읍,KR-41-27-14
Gyeonggi-do/경기,KR-41,Paju-si/파주시,KR-41-27,Maekgeum-dong/맥금동,KR-41-27-15
Gyeonggi-do/경기,KR-41,Paju-si/파주시,KR-41-27,Munsan-eup/문산읍,KR-41-27-16
Gyeonggi-do/경기,KR-41,Paju-si/파주시,KR-41-27,Munsanucheguksaseoham/문산우체국사서함,KR-41-27-17
Gyeonggi-do/경기,KR-41,Paju-si/파주시,KR-41-27,Paju-eup/파주읍,KR-41-27-18
Gyeonggi-do/경기,KR-41,Paju-si/파주시,KR-41-27,Pajuucheguksaseoham/파주우체국사서함,KR-41-27-19
Gyeonggi-do/경기,KR-41,Paju-si/파주시,KR-41-27,Papyeong-myeon/파평면,KR-41-27-20
Gyeonggi-do/경기,KR-41,Paju-si/파주시,KR-41-27,Tanhyeon-myeon/탄현면,KR-41-27-21
Gyeonggi-do/경기,KR-41,Paju-si/파주시,KR-41-27,Wollong-myeon/월롱면,KR-41-27-22
Gyeonggi-do/경기,KR-41,Paju-si/파주시,KR-41-27,Yadong-dong/야동동,KR-41-27-23
Gyeonggi-do/경기,KR-41,Paldal-gu Suwon-si/수원시 팔달구,KR-41-28,Buksu-dong/북수동,KR-41-28-0
Gyeonggi-do/경기,KR-41,Paldal-gu Suwon-si/수원시 팔달구,KR-41-28,Dongsuwonucheguksaseoham/동수원우체국사서함,KR-41-28-1
Gyeonggi-do/경기,KR-41,Paldal-gu Suwon-si/수원시 팔달구,KR-41-28,Godeung-dong/고등동,KR-41-28-2
Gyeonggi-do/경기,KR-41,Paldal-gu Suwon-si/수원시 팔달구,KR-41-28,Gucheon-dong/구천동,KR-41-28-3
Gyeonggi-do/경기,KR-41,Paldal-gu Suwon-si/수원시 팔달구,KR-41-28,Gyo-dong/교동,KR-41-28-4
Gyeonggi-do/경기,KR-41,Paldal-gu Suwon-si/수원시 팔달구,KR-41-28,Hwaseo 1(il)-dong/화서1동,KR-41-28-5
Gyeonggi-do/경기,KR-41,Paldal-gu Suwon-si/수원시 팔달구,KR-41-28,Hwaseo 2(i)-dong/화서2동,KR-41-28-6
Gyeonggi-do/경기,KR-41,Paldal-gu Suwon-si/수원시 팔달구,KR-41-28,Hwaseo-dong/화서동,KR-41-28-7
Gyeonggi-do/경기,KR-41,Paldal-gu Suwon-si/수원시 팔달구,KR-41-28,Ingye-dong/인계동,KR-41-28-8
Gyeonggi-do/경기,KR-41,Paldal-gu Suwon-si/수원시 팔달구,KR-41-28,Jangan-dong/장안동,KR-41-28-9
Gyeonggi-do/경기,KR-41,Paldal-gu Suwon-si/수원시 팔달구,KR-41-28,Ji-dong/지동,KR-41-28-10
Gyeonggi-do/경기,KR-41,Paldal-gu Suwon-si/수원시 팔달구,KR-41-28,Jung-dong/중동,KR-41-28-11
Gyeonggi-do/경기,KR-41,Paldal-gu Suwon-si/수원시 팔달구,KR-41-28,Maegyo-dong/매교동,KR-41-28-12
Gyeonggi-do/경기,KR-41,Paldal-gu Suwon-si/수원시 팔달구,KR-41-28,Maehyang-dong/매향동,KR-41-28-13
Gyeonggi-do/경기,KR-41,Paldal-gu Suwon-si/수원시 팔달구,KR-41-28,Maesanro 1(il)-ga/매산로1가,KR-41-28-14
Gyeonggi-do/경기,KR-41,Paldal-gu Suwon-si/수원시 팔달구,KR-41-28,Maesanro 2(i)-ga/매산로2가,KR-41-28-15
Gyeonggi-do/경기,KR-41,Paldal-gu Suwon-si/수원시 팔달구,KR-41-28,Maesanro 3(sam)-ga/매산로3가,KR-41-28-16
Gyeonggi-do/경기,KR-41,Paldal-gu Suwon-si/수원시 팔달구,KR-41-28,Namchang-dong/남창동,KR-41-28-17
Gyeonggi-do/경기,KR-41,Paldal-gu Suwon-si/수원시 팔달구,KR-41-28,Namsu-dong/남수동,KR-41-28-18
Gyeonggi-do/경기,KR-41,Paldal-gu Suwon-si/수원시 팔달구,KR-41-28,Paldallo 1(il)-ga/팔달로1가,KR-41-28-19
Gyeonggi-do/경기,KR-41,Paldal-gu Suwon-si/수원시 팔달구,KR-41-28,Paldallo 2(i)-ga/팔달로2가,KR-41-28-20
Gyeonggi-do/경기,KR-41,Paldal-gu Suwon-si/수원시 팔달구,KR-41-28,Paldallo 3(sam)-ga/팔달로3가,KR-41-28-21
Gyeonggi-do/경기,KR-41,Paldal-gu Suwon-si/수원시 팔달구,KR-41-28,Sinpung-dong/신풍동,KR-41-28-22
Gyeonggi-do/경기,KR-41,Paldal-gu Suwon-si/수원시 팔달구,KR-41-28,Uman 1(il)-dong/우만1동,KR-41-28-23
Gyeonggi-do/경기,KR-41,Paldal-gu Suwon-si/수원시 팔달구,KR-41-28,Uman 2(i)-dong/우만2동,KR-41-28-24
Gyeonggi-do/경기,KR-41,Paldal-gu Suwon-si/수원시 팔달구,KR-41-28,Uman-dong/우만동,KR-41-28-25
Gyeonggi-do/경기,KR-41,Paldal-gu Suwon-si/수원시 팔달구,KR-41-28,Yeong-dong/영동,KR-41-28-26
Gyeonggi-do/경기,KR-41,Pocheon-si/포천시,KR-41-29,Changsu-myeon/창수면,KR-41-29-0
Gyeonggi-do/경기,KR-41,Pocheon-si/포천시,KR-41-29,Donggyo-dong/동교동,KR-41-29-1
Gyeonggi-do/경기,KR-41,Pocheon-si/포천시,KR-41-29,Eoryong-dong/어룡동,KR-41-29-2
Gyeonggi-do/경기,KR-41,Pocheon-si/포천시,KR-41-29,Gasan-myeon/가산면,KR-41-29-3
Gyeonggi-do/경기,KR-41,Pocheon-si/포천시,KR-41-29,Gunnae-myeon/군내면,KR-41-29-4
Gyeonggi-do/경기,KR-41,Pocheon-si/포천시,KR-41-29,Gwanin-myeon/관인면,KR-41-29-5
Gyeonggi-do/경기,KR-41,Pocheon-si/포천시,KR-41-29,Hwahyeon-myeon/화현면,KR-41-29-6
Gyeonggi-do/경기,KR-41,Pocheon-si/포천시,KR-41-29,Idong-myeon/이동면,KR-41-29-7
Gyeonggi-do/경기,KR-41,Pocheon-si/포천시,KR-41-29,Ildong-myeon/일동면,KR-41-29-8
Gyeonggi-do/경기,KR-41,Pocheon-si/포천시,KR-41-29,Jajak-dong/자작동,KR-41-29-9
Gyeonggi-do/경기,KR-41,Pocheon-si/포천시,KR-41-29,Naechon-myeon/내촌면,KR-41-29-10
Gyeonggi-do/경기,KR-41,Pocheon-si/포천시,KR-41-29,Seondan-dong/선단동,KR-41-29-11
Gyeonggi-do/경기,KR-41,Pocheon-si/포천시,KR-41-29,Seorun-dong/설운동,KR-41-29-12
Gyeonggi-do/경기,KR-41,Pocheon-si/포천시,KR-41-29,Sinbuk-myeon/신북면,KR-41-29-13
Gyeonggi-do/경기,KR-41,Pocheon-si/포천시,KR-41-29,Sineup-dong/신읍동,KR-41-29-14
Gyeonggi-do/경기,KR-41,Pocheon-si/포천시,KR-41-29,Soheur-eup/소흘읍,KR-41-29-15
Gyeonggi-do/경기,KR-41,Pocheon-si/포천시,KR-41-29,Yeongbuk-myeon/영북면,KR-41-29-16
Gyeonggi-do/경기,KR-41,Pocheon-si/포천시,KR-41-29,Yeongjung-myeon/영중면,KR-41-29-17
Gyeonggi-do/경기,KR-41,Pyeongtaek-si/평택시,KR-41-30,Anjung-eup/안중읍,KR-41-30-0
Gyeonggi-do/경기,KR-41,Pyeongtaek-si/평택시,KR-41-30,Bijeon 1(il)-dong/비전1동,KR-41-30-1
Gyeonggi-do/경기,KR-41,Pyeongtaek-si/평택시,KR-41-30,Bijeon 2(i)-dong/비전2동,KR-41-30-2
Gyeonggi-do/경기,KR-41,Pyeongtaek-si/평택시,KR-41-30,Bijeon-dong/비전동,KR-41-30-3
Gyeonggi-do/경기,KR-41,Pyeongtaek-si/평택시,KR-41-30,Cheongbuk-myeon/청북면,KR-41-30-4
Gyeonggi-do/경기,KR-41,Pyeongtaek-si/평택시,KR-41-30,Cheongryong-dong/청룡동,KR-41-30-5
Gyeonggi-do/경기,KR-41,Pyeongtaek-si/평택시,KR-41-30,Chilgoe-dong/칠괴동,KR-41-30-6
Gyeonggi-do/경기,KR-41,Pyeongtaek-si/평택시,KR-41-30,Chirwon-dong/칠원동,KR-41-30-7
Gyeonggi-do/경기,KR-41,Pyeongtaek-si/평택시,KR-41-30,Doil-dong/도일동,KR-41-30-8
Gyeonggi-do/경기,KR-41,Pyeongtaek-si/평택시,KR-41-30,Dokgok-dong/독곡동,KR-41-30-9
Gyeonggi-do/경기,KR-41,Pyeongtaek-si/평택시,KR-41-30,Dongsak-dong/동삭동,KR-41-30-10
Gyeonggi-do/경기,KR-41,Pyeongtaek-si/평택시,KR-41-30,Gajae-dong/가재동,KR-41-30-11
Gyeonggi-do/경기,KR-41,Pyeongtaek-si/평택시,KR-41-30,Godeok-myeon/고덕면,KR-41-30-12
Gyeonggi-do/경기,KR-41,Pyeongtaek-si/평택시,KR-41-30,Gunmun-dong/군문동,KR-41-30-13
Gyeonggi-do/경기,KR-41,Pyeongtaek-si/평택시,KR-41-30,Hapjeong-dong/합정동,KR-41-30-14
Gyeonggi-do/경기,KR-41,Pyeongtaek-si/평택시,KR-41-30,Hyeondeok-myeon/현덕면,KR-41-30-15
Gyeonggi-do/경기,KR-41,Pyeongtaek-si/평택시,KR-41-30,Ichung-dong/이충동,KR-41-30-16
Gyeonggi-do/경기,KR-41,Pyeongtaek-si/평택시,KR-41-30,Jangan-dong/장안동,KR-41-30-17
Gyeonggi-do/경기,KR-41,Pyeongtaek-si/평택시,KR-41-30,Jangdang-dong/장당동,KR-41-30-18
Gyeonggi-do/경기,KR-41,Pyeongtaek-si/평택시,KR-41-30,Jije-dong/지제동,KR-41-30-19
Gyeonggi-do/경기,KR-41,Pyeongtaek-si/평택시,KR-41-30,Jinwi-myeon/진위면,KR-41-30-20
Gyeonggi-do/경기,KR-41,Pyeongtaek-si/평택시,KR-41-30,Jisan-dong/지산동,KR-41-30-21
Gyeonggi-do/경기,KR-41,Pyeongtaek-si/평택시,KR-41-30,Jukbaek-dong/죽백동,KR-41-30-22
Gyeonggi-do/경기,KR-41,Pyeongtaek-si/평택시,KR-41-30,Mogok-dong/모곡동,KR-41-30-23
Gyeonggi-do/경기,KR-41,Pyeongtaek-si/평택시,KR-41-30,Oseong-myeon/오성면,KR-41-30-24
Gyeonggi-do/경기,KR-41,Pyeongtaek-si/평택시,KR-41-30,Paengseong-eup/팽성읍,KR-41-30-25
Gyeonggi-do/경기,KR-41,Pyeongtaek-si/평택시,KR-41-30,Poseung-eup/포승읍,KR-41-30-26
Gyeonggi-do/경기,KR-41,Pyeongtaek-si/평택시,KR-41-30,Pyeongtaegucheguksaseoham/평택우체국사서함,KR-41-30-27
Gyeonggi-do/경기,KR-41,Pyeongtaek-si/평택시,KR-41-30,Pyeongtaek-dong/평택동,KR-41-30-28
Gyeonggi-do/경기,KR-41,Pyeongtaek-si/평택시,KR-41-30,Segyo-dong/세교동,KR-41-30-29
Gyeonggi-do/경기,KR-41,Pyeongtaek-si/평택시,KR-41-30,Seojeong-dong/서정동,KR-41-30-30
Gyeonggi-do/경기,KR-41,Pyeongtaek-si/평택시,KR-41-30,Seotan-myeon/서탄면,KR-41-30-31
Gyeonggi-do/경기,KR-41,Pyeongtaek-si/평택시,KR-41-30,Sindae-dong/신대동,KR-41-30-32
Gyeonggi-do/경기,KR-41,Pyeongtaek-si/평택시,KR-41-30,Sinjang 1(il)-dong/신장1동,KR-41-30-33
Gyeonggi-do/경기,KR-41,Pyeongtaek-si/평택시,KR-41-30,Sinjang 2(i)-dong/신장2동,KR-41-30-34
Gyeonggi-do/경기,KR-41,Pyeongtaek-si/평택시,KR-41-30,Sinjang-dong/신장동,KR-41-30-35
Gyeonggi-do/경기,KR-41,Pyeongtaek-si/평택시,KR-41-30,Songtanucheguksaseoham/송탄우체국사서함,KR-41-30-36
Gyeonggi-do/경기,KR-41,Pyeongtaek-si/평택시,KR-41-30,Sosa-dong/소사동,KR-41-30-37
Gyeonggi-do/경기,KR-41,Pyeongtaek-si/평택시,KR-41-30,Tongbok-dong/통복동,KR-41-30-38
Gyeonggi-do/경기,KR-41,Pyeongtaek-si/평택시,KR-41-30,Wolgok-dong/월곡동,KR-41-30-39
Gyeonggi-do/경기,KR-41,Pyeongtaek-si/평택시,KR-41-30,Yongi-dong/용이동,KR-41-30-40
Gyeonggi-do/경기,KR-41,Pyeongtaek-si/평택시,KR-41-30,Yucheon-dong/유천동,KR-41-30-41
Gyeonggi-do/경기,KR-41,Sangrok-gu Ansan-si/안산시 상록구,KR-41-31,Bono 1(il)-dong/본오1동,KR-41-31-0
Gyeonggi-do/경기,KR-41,Sangrok-gu Ansan-si/안산시 상록구,KR-41-31,Bono 2(i)-dong/본오2동,KR-41-31-1
Gyeonggi-do/경기,KR-41,Sangrok-gu Ansan-si/안산시 상록구,KR-41-31,Bono 3(sam)-dong/본오3동,KR-41-31-2
Gyeonggi-do/경기,KR-41,Sangrok-gu Ansan-si/안산시 상록구,KR-41-31,Bono-dong/본오동,KR-41-31-3
Gyeonggi-do/경기,KR-41,Sangrok-gu Ansan-si/안산시 상록구,KR-41-31,Bugok-dong/부곡동,KR-41-31-4
Gyeonggi-do/경기,KR-41,Sangrok-gu Ansan-si/안산시 상록구,KR-41-31,Geongeon-dong/건건동,KR-41-31-5
Gyeonggi-do/경기,KR-41,Sangrok-gu Ansan-si/안산시 상록구,KR-41-31,I-dong/이동,KR-41-31-6
Gyeonggi-do/경기,KR-41,Sangrok-gu Ansan-si/안산시 상록구,KR-41-31,Il-dong/일동,KR-41-31-7
Gyeonggi-do/경기,KR-41,Sangrok-gu Ansan-si/안산시 상록구,KR-41-31,Jangha-dong/장하동,KR-41-31-8
Gyeonggi-do/경기,KR-41,Sangrok-gu Ansan-si/안산시 상록구,KR-41-31,Jangsang-dong/장상동,KR-41-31-9
Gyeonggi-do/경기,KR-41,Sangrok-gu Ansan-si/안산시 상록구,KR-41-31,Palgogi-dong/팔곡이동,KR-41-31-10
Gyeonggi-do/경기,KR-41,Sangrok-gu Ansan-si/안산시 상록구,KR-41-31,Palgogil-dong/팔곡일동,KR-41-31-11
Gyeonggi-do/경기,KR-41,Sangrok-gu Ansan-si/안산시 상록구,KR-41-31,Sa 1(il)-dong/사1동,KR-41-31-12
Gyeonggi-do/경기,KR-41,Sangrok-gu Ansan-si/안산시 상록구,KR-41-31,Sa 2(i)-dong/사2동,KR-41-31-13
Gyeonggi-do/경기,KR-41,Sangrok-gu Ansan-si/안산시 상록구,KR-41-31,Sa 3(sam)-dong/사3동,KR-41-31-14
Gyeonggi-do/경기,KR-41,Sangrok-gu Ansan-si/안산시 상록구,KR-41-31,Sa-dong/사동,KR-41-31-15
Gyeonggi-do/경기,KR-41,Sangrok-gu Ansan-si/안산시 상록구,KR-41-31,Sasa-dong/사사동,KR-41-31-16
Gyeonggi-do/경기,KR-41,Sangrok-gu Ansan-si/안산시 상록구,KR-41-31,Seongpo-dong/성포동,KR-41-31-17
Gyeonggi-do/경기,KR-41,Sangrok-gu Ansan-si/안산시 상록구,KR-41-31,Suam-dong/수암동,KR-41-31-18
Gyeonggi-do/경기,KR-41,Sangrok-gu Ansan-si/안산시 상록구,KR-41-31,Wolpi-dong/월피동,KR-41-31-19
Gyeonggi-do/경기,KR-41,Sangrok-gu Ansan-si/안산시 상록구,KR-41-31,Yangsang-dong/양상동,KR-41-31-20
Gyeonggi-do/경기,KR-41,Siheung-si/시흥시,KR-41-32,Anhyeon-dong/안현동,KR-41-32-0
Gyeonggi-do/경기,KR-41,Siheung-si/시흥시,KR-41-32,Bangsan-dong/방산동,KR-41-32-1
Gyeonggi-do/경기,KR-41,Siheung-si/시흥시,KR-41-32,Daeya-dong/대야동,KR-41-32-2
Gyeonggi-do/경기,KR-41,Siheung-si/시흥시,KR-41-32,Dochang-dong/도창동,KR-41-32-3
Gyeonggi-do/경기,KR-41,Siheung-si/시흥시,KR-41-32,Eunhaeng-dong/은행동,KR-41-32-4
Gyeonggi-do/경기,KR-41,Siheung-si/시흥시,KR-41-32,Geomo-dong/거모동,KR-41-32-5
Gyeonggi-do/경기,KR-41,Siheung-si/시흥시,KR-41-32,Geumi-dong/금이동,KR-41-32-6
Gyeonggi-do/경기,KR-41,Siheung-si/시흥시,KR-41-32,Gunja-dong/군자동,KR-41-32-7
Gyeonggi-do/경기,KR-41,Siheung-si/시흥시,KR-41-32,Gwangseok-dong/광석동,KR-41-32-8
Gyeonggi-do/경기,KR-41,Siheung-si/시흥시,KR-41-32,Gwarim-dong/과림동,KR-41-32-9
Gyeonggi-do/경기,KR-41,Siheung-si/시흥시,KR-41-32,Gyesu-dong/계수동,KR-41-32-10
Gyeonggi-do/경기,KR-41,Siheung-si/시흥시,KR-41-32,Hajung-dong/하중동,KR-41-32-11
Gyeonggi-do/경기,KR-41,Siheung-si/시흥시,KR-41-32,Hasang-dong/하상동,KR-41-32-12
Gyeonggi-do/경기,KR-41,Siheung-si/시흥시,KR-41-32,Hwajeong-dong/화정동,KR-41-32-13
Gyeonggi-do/경기,KR-41,Siheung-si/시흥시,KR-41-32,Janggok-dong/장곡동,KR-41-32-14
Gyeonggi-do/경기,KR-41,Siheung-si/시흥시,KR-41-32,Janghyeon-dong/장현동,KR-41-32-15
Gyeonggi-do/경기,KR-41,Siheung-si/시흥시,KR-41-32,Jeongwang 1(il)-dong/정왕1동,KR-41-32-16
Gyeonggi-do/경기,KR-41,Siheung-si/시흥시,KR-41-32,Jeongwang 2(i)-dong/정왕2동,KR-41-32-17
Gyeonggi-do/경기,KR-41,Siheung-si/시흥시,KR-41-32,Jeongwang 3(sam)-dong/정왕3동,KR-41-32-18
Gyeonggi-do/경기,KR-41,Siheung-si/시흥시,KR-41-32,Jeongwang 4(sa)-dong/정왕4동,KR-41-32-19
Gyeonggi-do/경기,KR-41,Siheung-si/시흥시,KR-41-32,Jeongwangbon-dong/정왕본동,KR-41-32-20
Gyeonggi-do/경기,KR-41,Siheung-si/시흥시,KR-41-32,Jeongwang-dong/정왕동,KR-41-32-21
Gyeonggi-do/경기,KR-41,Siheung-si/시흥시,KR-41-32,Jonam-dong/조남동,KR-41-32-22
Gyeonggi-do/경기,KR-41,Siheung-si/시흥시,KR-41-32,Jugyul-dong/죽율동,KR-41-32-23
Gyeonggi-do/경기,KR-41,Siheung-si/시흥시,KR-41-32,Maehwa-dong/매화동,KR-41-32-24
Gyeonggi-do/경기,KR-41,Siheung-si/시흥시,KR-41-32,Misan-dong/미산동,KR-41-32-25
Gyeonggi-do/경기,KR-41,Siheung-si/시흥시,KR-41-32,Mokgam-dong/목감동,KR-41-32-26
Gyeonggi-do/경기,KR-41,Siheung-si/시흥시,KR-41-32,Mujinae-dong/무지내동,KR-41-32-27
Gyeonggi-do/경기,KR-41,Siheung-si/시흥시,KR-41-32,Murwang-dong/물왕동,KR-41-32-28
Gyeonggi-do/경기,KR-41,Siheung-si/시흥시,KR-41-32,Neunggok-dong/능곡동,KR-41-32-29
Gyeonggi-do/경기,KR-41,Siheung-si/시흥시,KR-41-32,Nongok-dong/논곡동,KR-41-32-30
Gyeonggi-do/경기,KR-41,Siheung-si/시흥시,KR-41-32,Po-dong/포동,KR-41-32-31
Gyeonggi-do/경기,KR-41,Siheung-si/시흥시,KR-41-32,Sanhyeon-dong/산현동,KR-41-32-32
Gyeonggi-do/경기,KR-41,Siheung-si/시흥시,KR-41-32,Siheungucheguksaseoham/시흥우체국사서함,KR-41-32-33
Gyeonggi-do/경기,KR-41,Siheung-si/시흥시,KR-41-32,Sincheon-dong/신천동,KR-41-32-34
Gyeonggi-do/경기,KR-41,Siheung-si/시흥시,KR-41-32,Wolgot-dong/월곶동,KR-41-32-35
Gyeonggi-do/경기,KR-41,Sosa-gu Bucheon-si/부천시 소사구,KR-41-33,Beombak-dong/범박동,KR-41-33-0
Gyeonggi-do/경기,KR-41,Sosa-gu Bucheon-si/부천시 소사구,KR-41-33,Goean-dong/괴안동,KR-41-33-1
Gyeonggi-do/경기,KR-41,Sosa-gu Bucheon-si/부천시 소사구,KR-41-33,Gyesu-dong/계수동,KR-41-33-2
Gyeonggi-do/경기,KR-41,Sosa-gu Bucheon-si/부천시 소사구,KR-41-33,Nambucheonucheguksaseoham/남부천우체국사서함,KR-41-33-3
Gyeonggi-do/경기,KR-41,Sosa-gu Bucheon-si/부천시 소사구,KR-41-33,Okgil-dong/옥길동,KR-41-33-4
Gyeonggi-do/경기,KR-41,Sosa-gu Bucheon-si/부천시 소사구,KR-41-33,Simgokbon 1(il)-dong/심곡본1동,KR-41-33-5
Gyeonggi-do/경기,KR-41,Sosa-gu Bucheon-si/부천시 소사구,KR-41-33,Simgokbon-dong/심곡본동,KR-41-33-6
Gyeonggi-do/경기,KR-41,Sosa-gu Bucheon-si/부천시 소사구,KR-41-33,Songnae 1(il)-dong/송내1동,KR-41-33-7
Gyeonggi-do/경기,KR-41,Sosa-gu Bucheon-si/부천시 소사구,KR-41-33,Songnae 2(i)-dong/송내2동,KR-41-33-8
Gyeonggi-do/경기,KR-41,Sosa-gu Bucheon-si/부천시 소사구,KR-41-33,Songnae-dong/송내동,KR-41-33-9
Gyeonggi-do/경기,KR-41,Sosa-gu Bucheon-si/부천시 소사구,KR-41-33,Sosabon 1(il)-dong/소사본1동,KR-41-33-10
Gyeonggi-do/경기,KR-41,Sosa-gu Bucheon-si/부천시 소사구,KR-41-33,Sosabon 2(i)-dong/소사본2동,KR-41-33-11
Gyeonggi-do/경기,KR-41,Sosa-gu Bucheon-si/부천시 소사구,KR-41-33,Sosabon 3(sam)-dong/소사본3동,KR-41-33-12
Gyeonggi-do/경기,KR-41,Sosa-gu Bucheon-si/부천시 소사구,KR-41-33,Sosabon-dong/소사본동,KR-41-33-13
Gyeonggi-do/경기,KR-41,Sosa-gu Bucheon-si/부천시 소사구,KR-41-33,Yeokgog 3(sam)-dong/역곡3동,KR-41-33-14
Gyeonggi-do/경기,KR-41,Sujeong-gu Seongnam-si/성남시 수정구,KR-41-34,Bokjeong-dong/복정동,KR-41-34-0
Gyeonggi-do/경기,KR-41,Sujeong-gu Seongnam-si/성남시 수정구,KR-41-34,Changgok-dong/창곡동,KR-41-34-1
Gyeonggi-do/경기,KR-41,Sujeong-gu Seongnam-si/성남시 수정구,KR-41-34,Dandae-dong/단대동,KR-41-34-2
Gyeonggi-do/경기,KR-41,Sujeong-gu Seongnam-si/성남시 수정구,KR-41-34,Dunjeon-dong/둔전동,KR-41-34-3
Gyeonggi-do/경기,KR-41,Sujeong-gu Seongnam-si/성남시 수정구,KR-41-34,Geumto-dong/금토동,KR-41-34-4
Gyeonggi-do/경기,KR-41,Sujeong-gu Seongnam-si/성남시 수정구,KR-41-34,Godeung-dong/고등동,KR-41-34-5
Gyeonggi-do/경기,KR-41,Sujeong-gu Seongnam-si/성남시 수정구,KR-41-34,Oya-dong/오야동,KR-41-34-6
Gyeonggi-do/경기,KR-41,Sujeong-gu Seongnam-si/성남시 수정구,KR-41-34,Sangjeok-dong/상적동,KR-41-34-7
Gyeonggi-do/경기,KR-41,Sujeong-gu Seongnam-si/성남시 수정구,KR-41-34,Sanseong-dong/산성동,KR-41-34-8
Gyeonggi-do/경기,KR-41,Sujeong-gu Seongnam-si/성남시 수정구,KR-41-34,Sasong-dong/사송동,KR-41-34-9
Gyeonggi-do/경기,KR-41,Sujeong-gu Seongnam-si/성남시 수정구,KR-41-34,Seongnamucheguksaseoham/성남우체국사서함,KR-41-34-10
Gyeonggi-do/경기,KR-41,Sujeong-gu Seongnam-si/성남시 수정구,KR-41-34,Siheung-dong/시흥동,KR-41-34-11
Gyeonggi-do/경기,KR-41,Sujeong-gu Seongnam-si/성남시 수정구,KR-41-34,Simgok-dong/심곡동,KR-41-34-12
Gyeonggi-do/경기,KR-41,Sujeong-gu Seongnam-si/성남시 수정구,KR-41-34,Sinchon-dong/신촌동,KR-41-34-13
Gyeonggi-do/경기,KR-41,Sujeong-gu Seongnam-si/성남시 수정구,KR-41-34,Sinheung 1(il)-dong/신흥1동,KR-41-34-14
Gyeonggi-do/경기,KR-41,Sujeong-gu Seongnam-si/성남시 수정구,KR-41-34,Sinheung 2(i)-dong/신흥2동,KR-41-34-15
Gyeonggi-do/경기,KR-41,Sujeong-gu Seongnam-si/성남시 수정구,KR-41-34,Sinheung 3(sam)-dong/신흥3동,KR-41-34-16
Gyeonggi-do/경기,KR-41,Sujeong-gu Seongnam-si/성남시 수정구,KR-41-34,Sinheung-dong/신흥동,KR-41-34-17
Gyeonggi-do/경기,KR-41,Sujeong-gu Seongnam-si/성남시 수정구,KR-41-34,Sujin 1(il)-dong/수진1동,KR-41-34-18
Gyeonggi-do/경기,KR-41,Sujeong-gu Seongnam-si/성남시 수정구,KR-41-34,Sujin 2(i)-dong/수진2동,KR-41-34-19
Gyeonggi-do/경기,KR-41,Sujeong-gu Seongnam-si/성남시 수정구,KR-41-34,Sujin-dong/수진동,KR-41-34-20
Gyeonggi-do/경기,KR-41,Sujeong-gu Seongnam-si/성남시 수정구,KR-41-34,Taepyeong 1(il)-dong/태평1동,KR-41-34-21
Gyeonggi-do/경기,KR-41,Sujeong-gu Seongnam-si/성남시 수정구,KR-41-34,Taepyeong 2(i)-dong/태평2동,KR-41-34-22
Gyeonggi-do/경기,KR-41,Sujeong-gu Seongnam-si/성남시 수정구,KR-41-34,Taepyeong 3(sam)-dong/태평3동,KR-41-34-23
Gyeonggi-do/경기,KR-41,Sujeong-gu Seongnam-si/성남시 수정구,KR-41-34,Taepyeong 4(sa)-dong/태평4동,KR-41-34-24
Gyeonggi-do/경기,KR-41,Sujeong-gu Seongnam-si/성남시 수정구,KR-41-34,Taepyeong-dong/태평동,KR-41-34-25
Gyeonggi-do/경기,KR-41,Sujeong-gu Seongnam-si/성남시 수정구,KR-41-34,Yangji-dong/양지동,KR-41-34-26
Gyeonggi-do/경기,KR-41,Suji-gu Yongin-si/용인시 수지구,KR-41-35,Dongcheon-dong/동천동,KR-41-35-0
Gyeonggi-do/경기,KR-41,Suji-gu Yongin-si/용인시 수지구,KR-41-35,Gogi-dong/고기동,KR-41-35-1
Gyeonggi-do/경기,KR-41,Suji-gu Yongin-si/용인시 수지구,KR-41-35,Jukjeon 1(il)-dong/죽전1동,KR-41-35-2
Gyeonggi-do/경기,KR-41,Suji-gu Yongin-si/용인시 수지구,KR-41-35,Jukjeon 2(i)-dong/죽전2동,KR-41-35-3
Gyeonggi-do/경기,KR-41,Suji-gu Yongin-si/용인시 수지구,KR-41-35,Jukjeon-dong/죽전동,KR-41-35-4
Gyeonggi-do/경기,KR-41,Suji-gu Yongin-si/용인시 수지구,KR-41-35,Pungdeokcheon 1(il)-dong/풍덕천1동,KR-41-35-5
Gyeonggi-do/경기,KR-41,Suji-gu Yongin-si/용인시 수지구,KR-41-35,Pungdeokcheon 2(i)-dong/풍덕천2동,KR-41-35-6
Gyeonggi-do/경기,KR-41,Suji-gu Yongin-si/용인시 수지구,KR-41-35,Pungdeokcheon-dong/풍덕천동,KR-41-35-7
Gyeonggi-do/경기,KR-41,Suji-gu Yongin-si/용인시 수지구,KR-41-35,Sanghyeon 1(il)-dong/상현1동,KR-41-35-8
Gyeonggi-do/경기,KR-41,Suji-gu Yongin-si/용인시 수지구,KR-41-35,Sanghyeon 2(i)-dong/상현2동,KR-41-35-9
Gyeonggi-do/경기,KR-41,Suji-gu Yongin-si/용인시 수지구,KR-41-35,Sanghyeon-dong/상현동,KR-41-35-10
Gyeonggi-do/경기,KR-41,Suji-gu Yongin-si/용인시 수지구,KR-41-35,Seongbok-dong/성복동,KR-41-35-11
Gyeonggi-do/경기,KR-41,Suji-gu Yongin-si/용인시 수지구,KR-41-35,Sinbong-dong/신봉동,KR-41-35-12
Gyeonggi-do/경기,KR-41,Suji-gu Yongin-si/용인시 수지구,KR-41-35,Yonginsujiucheguksaseoham/용인수지우체국사서함,KR-41-35-13
Gyeonggi-do/경기,KR-41,Uijeongbu-si/의정부시,KR-41-36,Ganeung 1(il)-dong/가능1동,KR-41-36-0
Gyeonggi-do/경기,KR-41,Uijeongbu-si/의정부시,KR-41-36,Ganeung 2(i)-dong/가능2동,KR-41-36-1
Gyeonggi-do/경기,KR-41,Uijeongbu-si/의정부시,KR-41-36,Ganeung 3(sam)-dong/가능3동,KR-41-36-2
Gyeonggi-do/경기,KR-41,Uijeongbu-si/의정부시,KR-41-36,Ganeung-dong/가능동,KR-41-36-3
Gyeonggi-do/경기,KR-41,Uijeongbu-si/의정부시,KR-41-36,Geumo-dong/금오동,KR-41-36-4
Gyeonggi-do/경기,KR-41,Uijeongbu-si/의정부시,KR-41-36,Gosan-dong/고산동,KR-41-36-5
Gyeonggi-do/경기,KR-41,Uijeongbu-si/의정부시,KR-41-36,Howon 1(il)-dong/호원1동,KR-41-36-6
Gyeonggi-do/경기,KR-41,Uijeongbu-si/의정부시,KR-41-36,Howon 2(i)-dong/호원2동,KR-41-36-7
Gyeonggi-do/경기,KR-41,Uijeongbu-si/의정부시,KR-41-36,Howon-dong/호원동,KR-41-36-8
Gyeonggi-do/경기,KR-41,Uijeongbu-si/의정부시,KR-41-36,Jail-dong/자일동,KR-41-36-9
Gyeonggi-do/경기,KR-41,Uijeongbu-si/의정부시,KR-41-36,Jangam-dong/장암동,KR-41-36-10
Gyeonggi-do/경기,KR-41,Uijeongbu-si/의정부시,KR-41-36,Minrak-dong/민락동,KR-41-36-11
Gyeonggi-do/경기,KR-41,Uijeongbu-si/의정부시,KR-41-36,Nagyang-dong/낙양동,KR-41-36-12
Gyeonggi-do/경기,KR-41,Uijeongbu-si/의정부시,KR-41-36,Nogyang-dong/녹양동,KR-41-36-13
Gyeonggi-do/경기,KR-41,Uijeongbu-si/의정부시,KR-41-36,Sangok-dong/산곡동,KR-41-36-14
Gyeonggi-do/경기,KR-41,Uijeongbu-si/의정부시,KR-41-36,Singog 1(il)-dong/신곡1동,KR-41-36-15
Gyeonggi-do/경기,KR-41,Uijeongbu-si/의정부시,KR-41-36,Singog 2(i)-dong/신곡2동,KR-41-36-16
Gyeonggi-do/경기,KR-41,Uijeongbu-si/의정부시,KR-41-36,Singok-dong/신곡동,KR-41-36-17
Gyeonggi-do/경기,KR-41,Uijeongbu-si/의정부시,KR-41-36,Uijeongbu 1(il)-dong/의정부1동,KR-41-36-18
Gyeonggi-do/경기,KR-41,Uijeongbu-si/의정부시,KR-41-36,Uijeongbu 2(i)-dong/의정부2동,KR-41-36-19
Gyeonggi-do/경기,KR-41,Uijeongbu-si/의정부시,KR-41-36,Uijeongbu 3(sam)-dong/의정부3동,KR-41-36-20
Gyeonggi-do/경기,KR-41,Uijeongbu-si/의정부시,KR-41-36,Uijeongbu-dong/의정부동,KR-41-36-21
Gyeonggi-do/경기,KR-41,Uijeongbu-si/의정부시,KR-41-36,Uijeongbuucheguksaseoham/의정부우체국사서함,KR-41-36-22
Gyeonggi-do/경기,KR-41,Uijeongbu-si/의정부시,KR-41-36,Yonghyeon-dong/용현동,KR-41-36-23
Gyeonggi-do/경기,KR-41,Uiwang-si/의왕시,KR-41-37,Cheonggye-dong/청계동,KR-41-37-0
Gyeonggi-do/경기,KR-41,Uiwang-si/의왕시,KR-41-37,Chopyeong-dong/초평동,KR-41-37-1
Gyeonggi-do/경기,KR-41,Uiwang-si/의왕시,KR-41-37,Gocheon-dong/고천동,KR-41-37-2
Gyeonggi-do/경기,KR-41,Uiwang-si/의왕시,KR-41-37,Hagui-dong/학의동,KR-41-37-3
Gyeonggi-do/경기,KR-41,Uiwang-si/의왕시,KR-41-37,I-dong/이동,KR-41-37-4
Gyeonggi-do/경기,KR-41,Uiwang-si/의왕시,KR-41-37,Naeson 1(il)-dong/내손1동,KR-41-37-5
Gyeonggi-do/경기,KR-41,Uiwang-si/의왕시,KR-41-37,Naeson 2(i)-dong/내손2동,KR-41-37-6
Gyeonggi-do/경기,KR-41,Uiwang-si/의왕시,KR-41-37,Naeson-dong/내손동,KR-41-37-7
Gyeonggi-do/경기,KR-41,Uiwang-si/의왕시,KR-41-37,Ojeon-dong/오전동,KR-41-37-8
Gyeonggi-do/경기,KR-41,Uiwang-si/의왕시,KR-41-37,Poil-dong/포일동,KR-41-37-9
Gyeonggi-do/경기,KR-41,Uiwang-si/의왕시,KR-41-37,Sam-dong/삼동,KR-41-37-10
Gyeonggi-do/경기,KR-41,Uiwang-si/의왕시,KR-41-37,Wanggok-dong/왕곡동,KR-41-37-11
Gyeonggi-do/경기,KR-41,Uiwang-si/의왕시,KR-41-37,Woram-dong/월암동,KR-41-37-12
Gyeonggi-do/경기,KR-41,Wonmi-gu Bucheon-si/부천시 원미구,KR-41-38,Bucheonucheguksaseoham/부천우체국사서함,KR-41-38-0
Gyeonggi-do/경기,KR-41,Wonmi-gu Bucheon-si/부천시 원미구,KR-41-38,Chunui-dong/춘의동,KR-41-38-1
Gyeonggi-do/경기,KR-41,Wonmi-gu Bucheon-si/부천시 원미구,KR-41-38,Dodang-dong/도당동,KR-41-38-2
Gyeonggi-do/경기,KR-41,Wonmi-gu Bucheon-si/부천시 원미구,KR-41-38,Jung 1(il)-dong/중1동,KR-41-38-3
Gyeonggi-do/경기,KR-41,Wonmi-gu Bucheon-si/부천시 원미구,KR-41-38,Jung 2(i)-dong/중2동,KR-41-38-4
Gyeonggi-do/경기,KR-41,Wonmi-gu Bucheon-si/부천시 원미구,KR-41-38,Jung 3(sam)-dong/중3동,KR-41-38-5
Gyeonggi-do/경기,KR-41,Wonmi-gu Bucheon-si/부천시 원미구,KR-41-38,Jung 4(sa)-dong/중4동,KR-41-38-6
Gyeonggi-do/경기,KR-41,Wonmi-gu Bucheon-si/부천시 원미구,KR-41-38,Jung-dong/중동,KR-41-38-7
Gyeonggi-do/경기,KR-41,Wonmi-gu Bucheon-si/부천시 원미구,KR-41-38,Sang 1(il)-dong/상1동,KR-41-38-8
Gyeonggi-do/경기,KR-41,Wonmi-gu Bucheon-si/부천시 원미구,KR-41-38,Sang 2(i)-dong/상2동,KR-41-38-9
Gyeonggi-do/경기,KR-41,Wonmi-gu Bucheon-si/부천시 원미구,KR-41-38,Sang 3(sam)-dong/상3동,KR-41-38-10
Gyeonggi-do/경기,KR-41,Wonmi-gu Bucheon-si/부천시 원미구,KR-41-38,Sang-dong/상동,KR-41-38-11
Gyeonggi-do/경기,KR-41,Wonmi-gu Bucheon-si/부천시 원미구,KR-41-38,Simgog 1(il)-dong/심곡1동,KR-41-38-12
Gyeonggi-do/경기,KR-41,Wonmi-gu Bucheon-si/부천시 원미구,KR-41-38,Simgog 2(i)-dong/심곡2동,KR-41-38-13
Gyeonggi-do/경기,KR-41,Wonmi-gu Bucheon-si/부천시 원미구,KR-41-38,Simgog 3(sam)-dong/심곡3동,KR-41-38-14
Gyeonggi-do/경기,KR-41,Wonmi-gu Bucheon-si/부천시 원미구,KR-41-38,Simgok-dong/심곡동,KR-41-38-15
Gyeonggi-do/경기,KR-41,Wonmi-gu Bucheon-si/부천시 원미구,KR-41-38,Sosa-dong/소사동,KR-41-38-16
Gyeonggi-do/경기,KR-41,Wonmi-gu Bucheon-si/부천시 원미구,KR-41-38,Wonmi 1(il)-dong/원미1동,KR-41-38-17
Gyeonggi-do/경기,KR-41,Wonmi-gu Bucheon-si/부천시 원미구,KR-41-38,Wonmi 2(i)-dong/원미2동,KR-41-38-18
Gyeonggi-do/경기,KR-41,Wonmi-gu Bucheon-si/부천시 원미구,KR-41-38,Wonmi-dong/원미동,KR-41-38-19
Gyeonggi-do/경기,KR-41,Wonmi-gu Bucheon-si/부천시 원미구,KR-41-38,Yakdae-dong/약대동,KR-41-38-20
Gyeonggi-do/경기,KR-41,Wonmi-gu Bucheon-si/부천시 원미구,KR-41-38,Yeokgog 1(il)-dong/역곡1동,KR-41-38-21
Gyeonggi-do/경기,KR-41,Wonmi-gu Bucheon-si/부천시 원미구,KR-41-38,Yeokgog 2(i)-dong/역곡2동,KR-41-38-22
Gyeonggi-do/경기,KR-41,Wonmi-gu Bucheon-si/부천시 원미구,KR-41-38,Yeokgok-dong/역곡동,KR-41-38-23
Gyeonggi-do/경기,KR-41,Yangju-si/양주시,KR-41-39,Baekseog-eup/백석읍,KR-41-39-0
Gyeonggi-do/경기,KR-41,Yangju-si/양주시,KR-41-39,Bongyang-dong/봉양동,KR-41-39-1
Gyeonggi-do/경기,KR-41,Yangju-si/양주시,KR-41-39,Deokgye-dong/덕계동,KR-41-39-2
Gyeonggi-do/경기,KR-41,Yangju-si/양주시,KR-41-39,Deokjeong-dong/덕정동,KR-41-39-3
Gyeonggi-do/경기,KR-41,Yangju-si/양주시,KR-41-39,Eodun-dong/어둔동,KR-41-39-4
Gyeonggi-do/경기,KR-41,Yangju-si/양주시,KR-41-39,Eunhyeon-myeon/은현면,KR-41-39-5
Gyeonggi-do/경기,KR-41,Yangju-si/양주시,KR-41-39,Goam-dong/고암동,KR-41-39-6
Gyeonggi-do/경기,KR-41,Yangju-si/양주시,KR-41-39,Goeup-dong/고읍동,KR-41-39-7
Gyeonggi-do/경기,KR-41,Yangju-si/양주시,KR-41-39,Gwangjeok-myeon/광적면,KR-41-39-8
Gyeonggi-do/경기,KR-41,Yangju-si/양주시,KR-41-39,Gwangsa-dong/광사동,KR-41-39-9
Gyeonggi-do/경기,KR-41,Yangju-si/양주시,KR-41-39,Hoeam-dong/회암동,KR-41-39-10
Gyeonggi-do/경기,KR-41,Yangju-si/양주시,KR-41-39,Hoejeong-dong/회정동,KR-41-39-11
Gyeonggi-do/경기,KR-41,Yangju-si/양주시,KR-41-39,Jangheung-myeon/장흥면,KR-41-39-12
Gyeonggi-do/경기,KR-41,Yangju-si/양주시,KR-41-39,Majeon-dong/마전동,KR-41-39-13
Gyeonggi-do/경기,KR-41,Yangju-si/양주시,KR-41-39,Mansong-dong/만송동,KR-41-39-14
Gyeonggi-do/경기,KR-41,Yangju-si/양주시,KR-41-39,Nambang-dong/남방동,KR-41-39-15
Gyeonggi-do/경기,KR-41,Yangju-si/양주시,KR-41-39,Nam-myeon/남면,KR-41-39-16
Gyeonggi-do/경기,KR-41,Yangju-si/양주시,KR-41-39,Okjeong-dong/옥정동,KR-41-39-17
Gyeonggi-do/경기,KR-41,Yangju-si/양주시,KR-41-39,Samsung-dong/삼숭동,KR-41-39-18
Gyeonggi-do/경기,KR-41,Yangju-si/양주시,KR-41-39,Sanbuk-dong/산북동,KR-41-39-19
Gyeonggi-do/경기,KR-41,Yangju-si/양주시,KR-41-39,Yuljeong-dong/율정동,KR-41-39-20
Gyeonggi-do/경기,KR-41,Yangju-si/양주시,KR-41-39,Yuyang-dong/유양동,KR-41-39-21
Gyeonggi-do/경기,KR-41,Yangpyeong-gun/양평군,KR-41-40,Cheongun-myeon/청운면,KR-41-40-0
Gyeonggi-do/경기,KR-41,Yangpyeong-gun/양평군,KR-41-40,Danwol-myeon/단월면,KR-41-40-1
Gyeonggi-do/경기,KR-41,Yangpyeong-gun/양평군,KR-41-40,Gaegun-myeon/개군면,KR-41-40-2
Gyeonggi-do/경기,KR-41,Yangpyeong-gun/양평군,KR-41-40,Gangha-myeon/강하면,KR-41-40-3
Gyeonggi-do/경기,KR-41,Yangpyeong-gun/양평군,KR-41-40,Gangsang-myeon/강상면,KR-41-40-4
Gyeonggi-do/경기,KR-41,Yangpyeong-gun/양평군,KR-41-40,Jipyeong-myeon/지평면,KR-41-40-5
Gyeonggi-do/경기,KR-41,Yangpyeong-gun/양평군,KR-41-40,Okcheon-myeon/옥천면,KR-41-40-6
Gyeonggi-do/경기,KR-41,Yangpyeong-gun/양평군,KR-41-40,Seojong-myeon/서종면,KR-41-40-7
Gyeonggi-do/경기,KR-41,Yangpyeong-gun/양평군,KR-41-40,Yangdong-myeon/양동면,KR-41-40-8
Gyeonggi-do/경기,KR-41,Yangpyeong-gun/양평군,KR-41-40,Yangpyeong-eup/양평읍,KR-41-40-9
Gyeonggi-do/경기,KR-41,Yangpyeong-gun/양평군,KR-41-40,Yangseo-myeon/양서면,KR-41-40-10
Gyeonggi-do/경기,KR-41,Yangpyeong-gun/양평군,KR-41-40,Yongmun-myeon/용문면,KR-41-40-11
Gyeonggi-do/경기,KR-41,Yeoju-gun/여주군,KR-41-41,Buknae-myeon/북내면,KR-41-41-0
Gyeonggi-do/경기,KR-41,Yeoju-gun/여주군,KR-41-41,Daesin-myeon/대신면,KR-41-41-1
Gyeonggi-do/경기,KR-41,Yeoju-gun/여주군,KR-41-41,Ganam-myeon/가남면,KR-41-41-2
Gyeonggi-do/경기,KR-41,Yeoju-gun/여주군,KR-41-41,Gangcheon-myeon/강천면,KR-41-41-3
Gyeonggi-do/경기,KR-41,Yeoju-gun/여주군,KR-41-41,Geumsa-myeon/금사면,KR-41-41-4
Gyeonggi-do/경기,KR-41,Yeoju-gun/여주군,KR-41-41,Heungcheon-myeon/흥천면,KR-41-41-5
Gyeonggi-do/경기,KR-41,Yeoju-gun/여주군,KR-41-41,Jeomdong-myeon/점동면,KR-41-41-6
Gyeonggi-do/경기,KR-41,Yeoju-gun/여주군,KR-41-41,Neungseo-myeon/능서면,KR-41-41-7
Gyeonggi-do/경기,KR-41,Yeoju-gun/여주군,KR-41-41,Sanbuk-myeon/산북면,KR-41-41-8
Gyeonggi-do/경기,KR-41,Yeoju-gun/여주군,KR-41-41,Yeoju-eup/여주읍,KR-41-41-9
Gyeonggi-do/경기,KR-41,Yeoncheon-gun/연천군,KR-41-42,Baekhak-myeon/백학면,KR-41-42-0
Gyeonggi-do/경기,KR-41,Yeoncheon-gun/연천군,KR-41-42,Cheongsan-myeon/청산면,KR-41-42-1
Gyeonggi-do/경기,KR-41,Yeoncheon-gun/연천군,KR-41-42,Gunnam-myeon/군남면,KR-41-42-2
Gyeonggi-do/경기,KR-41,Yeoncheon-gun/연천군,KR-41-42,Jangnam-myeon/장남면,KR-41-42-3
Gyeonggi-do/경기,KR-41,Yeoncheon-gun/연천군,KR-41-42,Jeongog-eup/전곡읍,KR-41-42-4
Gyeonggi-do/경기,KR-41,Yeoncheon-gun/연천군,KR-41-42,Jung-myeon/중면,KR-41-42-5
Gyeonggi-do/경기,KR-41,Yeoncheon-gun/연천군,KR-41-42,Misan-myeon/미산면,KR-41-42-6
Gyeonggi-do/경기,KR-41,Yeoncheon-gun/연천군,KR-41-42,Sinseo-myeon/신서면,KR-41-42-7
Gyeonggi-do/경기,KR-41,Yeoncheon-gun/연천군,KR-41-42,Wangjing-myeon/왕징면,KR-41-42-8
Gyeonggi-do/경기,KR-41,Yeoncheon-gun/연천군,KR-41-42,Yeoncheon-eup/연천읍,KR-41-42-9
Gyeonggi-do/경기,KR-41,Yeongtong-gu Suwon-si/수원시 영통구,KR-41-43,Ha-dong/하동,KR-41-43-0
Gyeonggi-do/경기,KR-41,Yeongtong-gu Suwon-si/수원시 영통구,KR-41-43,Iui-dong/이의동,KR-41-43-1
Gyeonggi-do/경기,KR-41,Yeongtong-gu Suwon-si/수원시 영통구,KR-41-43,Maetan 1(il)-dong/매탄1동,KR-41-43-2
Gyeonggi-do/경기,KR-41,Yeongtong-gu Suwon-si/수원시 영통구,KR-41-43,Maetan 2(i)-dong/매탄2동,KR-41-43-3
Gyeonggi-do/경기,KR-41,Yeongtong-gu Suwon-si/수원시 영통구,KR-41-43,Maetan 3(sam)-dong/매탄3동,KR-41-43-4
Gyeonggi-do/경기,KR-41,Yeongtong-gu Suwon-si/수원시 영통구,KR-41-43,Maetan 4(sa)-dong/매탄4동,KR-41-43-5
Gyeonggi-do/경기,KR-41,Yeongtong-gu Suwon-si/수원시 영통구,KR-41-43,Maetan-dong/매탄동,KR-41-43-6
Gyeonggi-do/경기,KR-41,Yeongtong-gu Suwon-si/수원시 영통구,KR-41-43,Mangpo-dong/망포동,KR-41-43-7
Gyeonggi-do/경기,KR-41,Yeongtong-gu Suwon-si/수원시 영통구,KR-41-43,Sin-dong/신동,KR-41-43-8
Gyeonggi-do/경기,KR-41,Yeongtong-gu Suwon-si/수원시 영통구,KR-41-43,Woncheon-dong/원천동,KR-41-43-9
Gyeonggi-do/경기,KR-41,Yeongtong-gu Suwon-si/수원시 영통구,KR-41-43,Yeongtong 1(il)-dong/영통1동,KR-41-43-10
Gyeonggi-do/경기,KR-41,Yeongtong-gu Suwon-si/수원시 영통구,KR-41-43,Yeongtong 2(i)-dong/영통2동,KR-41-43-11
Gyeonggi-do/경기,KR-41,Yeongtong-gu Suwon-si/수원시 영통구,KR-41-43,Yeongtong-dong/영통동,KR-41-43-12
Gyeongsangbuk-do/경북,KR-47,Andong-si/안동시,KR-47-0,Andongucheguksaseoham/안동우체국사서함,KR-47-0-0
Gyeongsangbuk-do/경북,KR-47,Andong-si/안동시,KR-47-0,Angi-dong/안기동,KR-47-0-1
Gyeongsangbuk-do/경북,KR-47,Andong-si/안동시,KR-47-0,Anheung-dong/안흥동,KR-47-0-2
Gyeongsangbuk-do/경북,KR-47,Andong-si/안동시,KR-47-0,Anmak-dong/안막동,KR-47-0-3
Gyeongsangbuk-do/경북,KR-47,Andong-si/안동시,KR-47-0,Beopheung-dong/법흥동,KR-47-0-4
Gyeongsangbuk-do/경북,KR-47,Andong-si/안동시,KR-47-0,Beopsang-dong/법상동,KR-47-0-5
Gyeongsangbuk-do/경북,KR-47,Andong-si/안동시,KR-47-0,Bukhu-myeon/북후면,KR-47-0-6
Gyeongsangbuk-do/경북,KR-47,Andong-si/안동시,KR-47-0,Bukmun-dong/북문동,KR-47-0-7
Gyeongsangbuk-do/경북,KR-47,Andong-si/안동시,KR-47-0,Cheonri-dong/천리동,KR-47-0-8
Gyeongsangbuk-do/경북,KR-47,Andong-si/안동시,KR-47-0,Daeseok-dong/대석동,KR-47-0-9
Gyeongsangbuk-do/경북,KR-47,Andong-si/안동시,KR-47-0,Dangbuk-dong/당북동,KR-47-0-10
Gyeongsangbuk-do/경북,KR-47,Andong-si/안동시,KR-47-0,Dongbu-dong/동부동,KR-47-0-11
Gyeongsangbuk-do/경북,KR-47,Andong-si/안동시,KR-47-0,Dongmun-dong/동문동,KR-47-0-12
Gyeongsangbuk-do/경북,KR-47,Andong-si/안동시,KR-47-0,Dosan-myeon/도산면,KR-47-0-13
Gyeongsangbuk-do/경북,KR-47,Andong-si/안동시,KR-47-0,Geumgok-dong/금곡동,KR-47-0-14
Gyeongsangbuk-do/경북,KR-47,Andong-si/안동시,KR-47-0,Giran-myeon/길안면,KR-47-0-15
Gyeongsangbuk-do/경북,KR-47,Andong-si/안동시,KR-47-0,Gwangseok-dong/광석동,KR-47-0-16
Gyeongsangbuk-do/경북,KR-47,Andong-si/안동시,KR-47-0,Hwaseong-dong/화성동,KR-47-0-17
Gyeongsangbuk-do/경북,KR-47,Andong-si/안동시,KR-47-0,Icheon-dong/이천동,KR-47-0-18
Gyeongsangbuk-do/경북,KR-47,Andong-si/안동시,KR-47-0,Iljik-myeon/일직면,KR-47-0-19
Gyeongsangbuk-do/경북,KR-47,Andong-si/안동시,KR-47-0,Imdong-myeon/임동면,KR-47-0-20
Gyeongsangbuk-do/경북,KR-47,Andong-si/안동시,KR-47-0,Imha-myeon/임하면,KR-47-0-21
Gyeongsangbuk-do/경북,KR-47,Andong-si/안동시,KR-47-0,Jeongha-dong/정하동,KR-47-0-22
Gyeongsangbuk-do/경북,KR-47,Andong-si/안동시,KR-47-0,Jeongsang-dong/정상동,KR-47-0-23
Gyeongsangbuk-do/경북,KR-47,Andong-si/안동시,KR-47-0,Mokseong-dong/목성동,KR-47-0-24
Gyeongsangbuk-do/경북,KR-47,Andong-si/안동시,KR-47-0,Myeongryun-dong/명륜동,KR-47-0-25
Gyeongsangbuk-do/경북,KR-47,Andong-si/안동시,KR-47-0,Nambu-dong/남부동,KR-47-0-26
Gyeongsangbuk-do/경북,KR-47,Andong-si/안동시,KR-47-0,Namhu-myeon/남후면,KR-47-0-27
Gyeongsangbuk-do/경북,KR-47,Andong-si/안동시,KR-47-0,Nammun-dong/남문동,KR-47-0-28
Gyeongsangbuk-do/경북,KR-47,Andong-si/안동시,KR-47-0,Namseon-myeon/남선면,KR-47-0-29
Gyeongsangbuk-do/경북,KR-47,Andong-si/안동시,KR-47-0,Noha-dong/노하동,KR-47-0-30
Gyeongsangbuk-do/경북,KR-47,Andong-si/안동시,KR-47-0,Nokjeon-myeon/녹전면,KR-47-0-31
Gyeongsangbuk-do/경북,KR-47,Andong-si/안동시,KR-47-0,Ogya-dong/옥야동,KR-47-0-32
Gyeongsangbuk-do/경북,KR-47,Andong-si/안동시,KR-47-0,Ok-dong/옥동,KR-47-0-33
Gyeongsangbuk-do/경북,KR-47,Andong-si/안동시,KR-47-0,Okjeong-dong/옥정동,KR-47-0-34
Gyeongsangbuk-do/경북,KR-47,Andong-si/안동시,KR-47-0,Pungcheon-myeon/풍천면,KR-47-0-35
Gyeongsangbuk-do/경북,KR-47,Andong-si/안동시,KR-47-0,Pungsan-eup/풍산읍,KR-47-0-36
Gyeongsangbuk-do/경북,KR-47,Andong-si/안동시,KR-47-0,Pyeonghwa-dong/평화동,KR-47-0-37
Gyeongsangbuk-do/경북,KR-47,Andong-si/안동시,KR-47-0,Samsan-dong/삼산동,KR-47-0-38
Gyeongsangbuk-do/경북,KR-47,Andong-si/안동시,KR-47-0,Sanga-dong/상아동,KR-47-0-39
Gyeongsangbuk-do/경북,KR-47,Andong-si/안동시,KR-47-0,Seobu-dong/서부동,KR-47-0-40
Gyeongsangbuk-do/경북,KR-47,Andong-si/안동시,KR-47-0,Seohu-myeon/서후면,KR-47-0-41
Gyeongsangbuk-do/경북,KR-47,Andong-si/안동시,KR-47-0,Seokdong-dong/석동동,KR-47-0-42
Gyeongsangbuk-do/경북,KR-47,Andong-si/안동시,KR-47-0,Seonggok-dong/성곡동,KR-47-0-43
Gyeongsangbuk-do/경북,KR-47,Andong-si/안동시,KR-47-0,Sinan-dong/신안동,KR-47-0-44
Gyeongsangbuk-do/경북,KR-47,Andong-si/안동시,KR-47-0,Sinse-dong/신세동,KR-47-0-45
Gyeongsangbuk-do/경북,KR-47,Andong-si/안동시,KR-47-0,Songcheon-dong/송천동,KR-47-0-46
Gyeongsangbuk-do/경북,KR-47,Andong-si/안동시,KR-47-0,Songhyeon-dong/송현동,KR-47-0-47
Gyeongsangbuk-do/경북,KR-47,Andong-si/안동시,KR-47-0,Suha-dong/수하동,KR-47-0-48
Gyeongsangbuk-do/경북,KR-47,Andong-si/안동시,KR-47-0,Susang-dong/수상동,KR-47-0-49
Gyeongsangbuk-do/경북,KR-47,Andong-si/안동시,KR-47-0,Taehwa-dong/태화동,KR-47-0-50
Gyeongsangbuk-do/경북,KR-47,Andong-si/안동시,KR-47-0,Unan-dong/운안동,KR-47-0-51
Gyeongsangbuk-do/경북,KR-47,Andong-si/안동시,KR-47-0,Unheung-dong/운흥동,KR-47-0-52
Gyeongsangbuk-do/경북,KR-47,Andong-si/안동시,KR-47-0,Waryong-myeon/와룡면,KR-47-0-53
Gyeongsangbuk-do/경북,KR-47,Andong-si/안동시,KR-47-0,Yean-myeon/예안면,KR-47-0-54
Gyeongsangbuk-do/경북,KR-47,Andong-si/안동시,KR-47-0,Yongsang-dong/용상동,KR-47-0-55
Gyeongsangbuk-do/경북,KR-47,Andong-si/안동시,KR-47-0,Yulse-dong/율세동,KR-47-0-56
Gyeongsangbuk-do/경북,KR-47,Bonghwa-gun/봉화군,KR-47-1,Beopjeon-myeon/법전면,KR-47-1-0
Gyeongsangbuk-do/경북,KR-47,Bonghwa-gun/봉화군,KR-47-1,Bonghwa-eup/봉화읍,KR-47-1-1
Gyeongsangbuk-do/경북,KR-47,Bonghwa-gun/봉화군,KR-47-1,Bongseong-myeon/봉성면,KR-47-1-2
Gyeongsangbuk-do/경북,KR-47,Bonghwa-gun/봉화군,KR-47-1,Chunyang-myeon/춘양면,KR-47-1-3
Gyeongsangbuk-do/경북,KR-47,Bonghwa-gun/봉화군,KR-47-1,Jaesan-myeon/재산면,KR-47-1-4
Gyeongsangbuk-do/경북,KR-47,Bonghwa-gun/봉화군,KR-47-1,Murya-myeon/물야면,KR-47-1-5
Gyeongsangbuk-do/경북,KR-47,Bonghwa-gun/봉화군,KR-47-1,Myeongho-myeon/명호면,KR-47-1-6
Gyeongsangbuk-do/경북,KR-47,Bonghwa-gun/봉화군,KR-47-1,Sangun-myeon/상운면,KR-47-1-7
Gyeongsangbuk-do/경북,KR-47,Bonghwa-gun/봉화군,KR-47-1,Seokpo-myeon/석포면,KR-47-1-8
Gyeongsangbuk-do/경북,KR-47,Bonghwa-gun/봉화군,KR-47-1,Socheon-myeon/소천면,KR-47-1-9
Gyeongsangbuk-do/경북,KR-47,Buk-gu Pohang-si/포항시 북구,KR-47-2,Changpo-dong/창포동,KR-47-2-0
Gyeongsangbuk-do/경북,KR-47,Buk-gu Pohang-si/포항시 북구,KR-47-2,Cheongha-myeon/청하면,KR-47-2-1
Gyeongsangbuk-do/경북,KR-47,Buk-gu Pohang-si/포항시 북구,KR-47-2,Daeheung-dong/대흥동,KR-47-2-2
Gyeongsangbuk-do/경북,KR-47,Buk-gu Pohang-si/포항시 북구,KR-47-2,Daesin-dong/대신동,KR-47-2-3
Gyeongsangbuk-do/경북,KR-47,Buk-gu Pohang-si/포항시 북구,KR-47-2,Deoksan-dong/덕산동,KR-47-2-4
Gyeongsangbuk-do/경북,KR-47,Buk-gu Pohang-si/포항시 북구,KR-47-2,Deoksu-dong/덕수동,KR-47-2-5
Gyeongsangbuk-do/경북,KR-47,Buk-gu Pohang-si/포항시 북구,KR-47-2,Deukryang-dong/득량동,KR-47-2-6
Gyeongsangbuk-do/경북,KR-47,Buk-gu Pohang-si/포항시 북구,KR-47-2,Dongbin 1(il)-ga/동빈1가,KR-47-2-7
Gyeongsangbuk-do/경북,KR-47,Buk-gu Pohang-si/포항시 북구,KR-47-2,Dongbin 2(i)-ga/동빈2가,KR-47-2-8
Gyeongsangbuk-do/경북,KR-47,Buk-gu Pohang-si/포항시 북구,KR-47-2,Duho-dong/두호동,KR-47-2-9
Gyeongsangbuk-do/경북,KR-47,Buk-gu Pohang-si/포항시 북구,KR-47-2,Gibuk-myeon/기북면,KR-47-2-10
Gyeongsangbuk-do/경북,KR-47,Buk-gu Pohang-si/포항시 북구,KR-47-2,Gigye-myeon/기계면,KR-47-2-11
Gyeongsangbuk-do/경북,KR-47,Buk-gu Pohang-si/포항시 북구,KR-47-2,Hakjam-dong/학잠동,KR-47-2-12
Gyeongsangbuk-do/경북,KR-47,Buk-gu Pohang-si/포항시 북구,KR-47-2,Haksan-dong/학산동,KR-47-2-13
Gyeongsangbuk-do/경북,KR-47,Buk-gu Pohang-si/포항시 북구,KR-47-2,Hanggu-dong/항구동,KR-47-2-14
Gyeongsangbuk-do/경북,KR-47,Buk-gu Pohang-si/포항시 북구,KR-47-2,Heunghae-eup/흥해읍,KR-47-2-15
Gyeongsangbuk-do/경북,KR-47,Buk-gu Pohang-si/포항시 북구,KR-47-2,Hwanho-dong/환호동,KR-47-2-16
Gyeongsangbuk-do/경북,KR-47,Buk-gu Pohang-si/포항시 북구,KR-47-2,Jangseong-dong/장성동,KR-47-2-17
Gyeongsangbuk-do/경북,KR-47,Buk-gu Pohang-si/포항시 북구,KR-47-2,Jukdo-dong/죽도동,KR-47-2-18
Gyeongsangbuk-do/경북,KR-47,Buk-gu Pohang-si/포항시 북구,KR-47-2,Jukjang-myeon/죽장면,KR-47-2-19
Gyeongsangbuk-do/경북,KR-47,Buk-gu Pohang-si/포항시 북구,KR-47-2,Jungang-dong/중앙동,KR-47-2-20
Gyeongsangbuk-do/경북,KR-47,Buk-gu Pohang-si/포항시 북구,KR-47-2,Nambin-dong/남빈동,KR-47-2-21
Gyeongsangbuk-do/경북,KR-47,Buk-gu Pohang-si/포항시 북구,KR-47-2,Sangwon-dong/상원동,KR-47-2-22
Gyeongsangbuk-do/경북,KR-47,Buk-gu Pohang-si/포항시 북구,KR-47-2,Singwang-myeon/신광면,KR-47-2-23
Gyeongsangbuk-do/경북,KR-47,Buk-gu Pohang-si/포항시 북구,KR-47-2,Sinheung-dong/신흥동,KR-47-2-24
Gyeongsangbuk-do/경북,KR-47,Buk-gu Pohang-si/포항시 북구,KR-47-2,Songra-myeon/송라면,KR-47-2-25
Gyeongsangbuk-do/경북,KR-47,Buk-gu Pohang-si/포항시 북구,KR-47-2,Uhyeon-dong/우현동,KR-47-2-26
Gyeongsangbuk-do/경북,KR-47,Buk-gu Pohang-si/포항시 북구,KR-47-2,Yangdeok-dong/양덕동,KR-47-2-27
Gyeongsangbuk-do/경북,KR-47,Buk-gu Pohang-si/포항시 북구,KR-47-2,Yeocheon-dong/여천동,KR-47-2-28
Gyeongsangbuk-do/경북,KR-47,Buk-gu Pohang-si/포항시 북구,KR-47-2,Yeonam-dong/여남동,KR-47-2-29
Gyeongsangbuk-do/경북,KR-47,Buk-gu Pohang-si/포항시 북구,KR-47-2,Yongheung-dong/용흥동,KR-47-2-30
Gyeongsangbuk-do/경북,KR-47,Cheongdo-gun/청도군,KR-47-3,Cheongdo-eup/청도읍,KR-47-3-0
Gyeongsangbuk-do/경북,KR-47,Cheongdo-gun/청도군,KR-47-3,Gakbuk-myeon/각북면,KR-47-3-1
Gyeongsangbuk-do/경북,KR-47,Cheongdo-gun/청도군,KR-47-3,Gaknam-myeon/각남면,KR-47-3-2
Gyeongsangbuk-do/경북,KR-47,Cheongdo-gun/청도군,KR-47-3,Geumcheon-myeon/금천면,KR-47-3-3
Gyeongsangbuk-do/경북,KR-47,Cheongdo-gun/청도군,KR-47-3,Hwayang-eup/화양읍,KR-47-3-4
Gyeongsangbuk-do/경북,KR-47,Cheongdo-gun/청도군,KR-47-3,Iseo-myeon/이서면,KR-47-3-5
Gyeongsangbuk-do/경북,KR-47,Cheongdo-gun/청도군,KR-47-3,Maejeon-myeon/매전면,KR-47-3-6
Gyeongsangbuk-do/경북,KR-47,Cheongdo-gun/청도군,KR-47-3,Punggak-myeon/풍각면,KR-47-3-7
Gyeongsangbuk-do/경북,KR-47,Cheongdo-gun/청도군,KR-47-3,Unmun-myeon/운문면,KR-47-3-8
Gyeongsangbuk-do/경북,KR-47,Cheongsong-gun/청송군,KR-47-4,Andeok-myeon/안덕면,KR-47-4-0
Gyeongsangbuk-do/경북,KR-47,Cheongsong-gun/청송군,KR-47-4,Budong-myeon/부동면,KR-47-4-1
Gyeongsangbuk-do/경북,KR-47,Cheongsong-gun/청송군,KR-47-4,Bunam-myeon/부남면,KR-47-4-2
Gyeongsangbuk-do/경북,KR-47,Cheongsong-gun/청송군,KR-47-4,Cheongsong-eup/청송읍,KR-47-4-3
Gyeongsangbuk-do/경북,KR-47,Cheongsong-gun/청송군,KR-47-4,Hyeondong-myeon/현동면,KR-47-4-4
Gyeongsangbuk-do/경북,KR-47,Cheongsong-gun/청송군,KR-47-4,Hyeonseo-myeon/현서면,KR-47-4-5
Gyeongsangbuk-do/경북,KR-47,Cheongsong-gun/청송군,KR-47-4,Jinbo-myeon/진보면,KR-47-4-6
Gyeongsangbuk-do/경북,KR-47,Cheongsong-gun/청송군,KR-47-4,Pacheon-myeon/파천면,KR-47-4-7
Gyeongsangbuk-do/경북,KR-47,Chilgok-gun/칠곡군,KR-47-5,Buksam-eup/북삼읍,KR-47-5-0
Gyeongsangbuk-do/경북,KR-47,Chilgok-gun/칠곡군,KR-47-5,Dongmyeong-myeon/동명면,KR-47-5-1
Gyeongsangbuk-do/경북,KR-47,Chilgok-gun/칠곡군,KR-47-5,Gasan-myeon/가산면,KR-47-5-2
Gyeongsangbuk-do/경북,KR-47,Chilgok-gun/칠곡군,KR-47-5,Gisan-myeon/기산면,KR-47-5-3
Gyeongsangbuk-do/경북,KR-47,Chilgok-gun/칠곡군,KR-47-5,Jicheon-myeon/지천면,KR-47-5-4
Gyeongsangbuk-do/경북,KR-47,Chilgok-gun/칠곡군,KR-47-5,Seokjeog-eup/석적읍,KR-47-5-5
Gyeongsangbuk-do/경북,KR-47,Chilgok-gun/칠곡군,KR-47-5,Waegwan-eup/왜관읍,KR-47-5-6
Gyeongsangbuk-do/경북,KR-47,Chilgok-gun/칠곡군,KR-47-5,Yakmok-myeon/약목면,KR-47-5-7
Gyeongsangbuk-do/경북,KR-47,Gimcheon-si/김천시,KR-47-6,Apo-eup/아포읍,KR-47-6-0
Gyeongsangbuk-do/경북,KR-47,Gimcheon-si/김천시,KR-47-6,Baegok-dong/백옥동,KR-47-6-1
Gyeongsangbuk-do/경북,KR-47,Gimcheon-si/김천시,KR-47-6,Bongsan-myeon/봉산면,KR-47-6-2
Gyeongsangbuk-do/경북,KR-47,Gimcheon-si/김천시,KR-47-6,Bugok-dong/부곡동,KR-47-6-3
Gyeongsangbuk-do/경북,KR-47,Gimcheon-si/김천시,KR-47-6,Buhang-myeon/부항면,KR-47-6-4
Gyeongsangbuk-do/경북,KR-47,Gimcheon-si/김천시,KR-47-6,Daedeok-myeon/대덕면,KR-47-6-5
Gyeongsangbuk-do/경북,KR-47,Gimcheon-si/김천시,KR-47-6,Daegwang-dong/대광동,KR-47-6-6
Gyeongsangbuk-do/경북,KR-47,Gimcheon-si/김천시,KR-47-6,Daehang-myeon/대항면,KR-47-6-7
Gyeongsangbuk-do/경북,KR-47,Gimcheon-si/김천시,KR-47-6,Dasu-dong/다수동,KR-47-6-8
Gyeongsangbuk-do/경북,KR-47,Gimcheon-si/김천시,KR-47-6,Deokgok-dong/덕곡동,KR-47-6-9
Gyeongsangbuk-do/경북,KR-47,Gimcheon-si/김천시,KR-47-6,Eomo-myeon/어모면,KR-47-6-10
Gyeongsangbuk-do/경북,KR-47,Gimcheon-si/김천시,KR-47-6,Eungmyeong-dong/응명동,KR-47-6-11
Gyeongsangbuk-do/경북,KR-47,Gimcheon-si/김천시,KR-47-6,Gaeryeong-myeon/개령면,KR-47-6-12
Gyeongsangbuk-do/경북,KR-47,Gimcheon-si/김천시,KR-47-6,Gamcheon-myeon/감천면,KR-47-6-13
Gyeongsangbuk-do/경북,KR-47,Gimcheon-si/김천시,KR-47-6,Gamho-dong/감호동,KR-47-6-14
Gyeongsangbuk-do/경북,KR-47,Gimcheon-si/김천시,KR-47-6,Gammun-myeon/감문면,KR-47-6-15
Gyeongsangbuk-do/경북,KR-47,Gimcheon-si/김천시,KR-47-6,Gimcheonucheguksaseoham/김천우체국사서함,KR-47-6-16
Gyeongsangbuk-do/경북,KR-47,Gimcheon-si/김천시,KR-47-6,Guseong-myeon/구성면,KR-47-6-17
Gyeongsangbuk-do/경북,KR-47,Gimcheon-si/김천시,KR-47-6,Gyo-dong/교동,KR-47-6-18
Gyeongsangbuk-do/경북,KR-47,Gimcheon-si/김천시,KR-47-6,Hwanggeum-dong/황금동,KR-47-6-19
Gyeongsangbuk-do/경북,KR-47,Gimcheon-si/김천시,KR-47-6,Jeungsan-myeon/증산면,KR-47-6-20
Gyeongsangbuk-do/경북,KR-47,Gimcheon-si/김천시,KR-47-6,Jijwa-dong/지좌동,KR-47-6-21
Gyeongsangbuk-do/경북,KR-47,Gimcheon-si/김천시,KR-47-6,Jirye-myeon/지례면,KR-47-6-22
Gyeongsangbuk-do/경북,KR-47,Gimcheon-si/김천시,KR-47-6,Joma-myeon/조마면,KR-47-6-23
Gyeongsangbuk-do/경북,KR-47,Gimcheon-si/김천시,KR-47-6,Moam-dong/모암동,KR-47-6-24
Gyeongsangbuk-do/경북,KR-47,Gimcheon-si/김천시,KR-47-6,Mundang-dong/문당동,KR-47-6-25
Gyeongsangbuk-do/경북,KR-47,Gimcheon-si/김천시,KR-47-6,Nam-myeon/남면,KR-47-6-26
Gyeongsangbuk-do/경북,KR-47,Gimcheon-si/김천시,KR-47-6,Namsan-dong/남산동,KR-47-6-27
Gyeongsangbuk-do/경북,KR-47,Gimcheon-si/김천시,KR-47-6,Nongso-myeon/농소면,KR-47-6-28
Gyeongsangbuk-do/경북,KR-47,Gimcheon-si/김천시,KR-47-6,Pyeonghwa-dong/평화동,KR-47-6-29
Gyeongsangbuk-do/경북,KR-47,Gimcheon-si/김천시,KR-47-6,Samrak-dong/삼락동,KR-47-6-30
Gyeongsangbuk-do/경북,KR-47,Gimcheon-si/김천시,KR-47-6,Seongnae-dong/성내동,KR-47-6-31
Gyeongsangbuk-do/경북,KR-47,Gimcheon-si/김천시,KR-47-6,Sineum-dong/신음동,KR-47-6-32
Gyeongsangbuk-do/경북,KR-47,Gimcheon-si/김천시,KR-47-6,Yangcheon-dong/양천동,KR-47-6-33
Gyeongsangbuk-do/경북,KR-47,Gimcheon-si/김천시,KR-47-6,Yongdu-dong/용두동,KR-47-6-34
Gyeongsangbuk-do/경북,KR-47,Goryeong-gun/고령군,KR-47-7,Dasan-myeon/다산면,KR-47-7-0
Gyeongsangbuk-do/경북,KR-47,Goryeong-gun/고령군,KR-47-7,Deokgok-myeon/덕곡면,KR-47-7-1
Gyeongsangbuk-do/경북,KR-47,Goryeong-gun/고령군,KR-47-7,Gaejin-myeon/개진면,KR-47-7-2
Gyeongsangbuk-do/경북,KR-47,Goryeong-gun/고령군,KR-47-7,Goryeong-eup/고령읍,KR-47-7-3
Gyeongsangbuk-do/경북,KR-47,Goryeong-gun/고령군,KR-47-7,Seongsan-myeon/성산면,KR-47-7-4
Gyeongsangbuk-do/경북,KR-47,Goryeong-gun/고령군,KR-47-7,Ssangrim-myeon/쌍림면,KR-47-7-5
Gyeongsangbuk-do/경북,KR-47,Goryeong-gun/고령군,KR-47-7,Ugok-myeon/우곡면,KR-47-7-6
Gyeongsangbuk-do/경북,KR-47,Goryeong-gun/고령군,KR-47-7,Unsu-myeon/운수면,KR-47-7-7
Gyeongsangbuk-do/경북,KR-47,Gumi-si/구미시,KR-47-8,Bisan-dong/비산동,KR-47-8-0
Gyeongsangbuk-do/경북,KR-47,Gumi-si/구미시,KR-47-8,Bonggok-dong/봉곡동,KR-47-8-1
Gyeongsangbuk-do/경북,KR-47,Gumi-si/구미시,KR-47-8,Bugok-dong/부곡동,KR-47-8-2
Gyeongsangbuk-do/경북,KR-47,Gumi-si/구미시,KR-47-8,Dogae-myeon/도개면,KR-47-8-3
Gyeongsangbuk-do/경북,KR-47,Gumi-si/구미시,KR-47-8,Doryang 1(il)-dong/도량1동,KR-47-8-4
Gyeongsangbuk-do/경북,KR-47,Gumi-si/구미시,KR-47-8,Doryang 2(i)-dong/도량2동,KR-47-8-5
Gyeongsangbuk-do/경북,KR-47,Gumi-si/구미시,KR-47-8,Doryang-dong/도량동,KR-47-8-6
Gyeongsangbuk-do/경북,KR-47,Gumi-si/구미시,KR-47-8,Geoui-dong/거의동,KR-47-8-7
Gyeongsangbuk-do/경북,KR-47,Gumi-si/구미시,KR-47-8,Geumjeon-dong/금전동,KR-47-8-8
Gyeongsangbuk-do/경북,KR-47,Gumi-si/구미시,KR-47-8,Goa-eup/고아읍,KR-47-8-9
Gyeongsangbuk-do/경북,KR-47,Gumi-si/구미시,KR-47-8,Gongdan 1(il)-dong/공단1동,KR-47-8-10
Gyeongsangbuk-do/경북,KR-47,Gumi-si/구미시,KR-47-8,Gongdan 2(i)-dong/공단2동,KR-47-8-11
Gyeongsangbuk-do/경북,KR-47,Gumi-si/구미시,KR-47-8,Gongdan-dong/공단동,KR-47-8-12
Gyeongsangbuk-do/경북,KR-47,Gumi-si/구미시,KR-47-8,Gumiucheguksaseoham/구미우체국사서함,KR-47-8-13
Gyeongsangbuk-do/경북,KR-47,Gumi-si/구미시,KR-47-8,Gupo-dong/구포동,KR-47-8-14
Gyeongsangbuk-do/경북,KR-47,Gumi-si/구미시,KR-47-8,Gupyeong-dong/구평동,KR-47-8-15
Gyeongsangbuk-do/경북,KR-47,Gumi-si/구미시,KR-47-8,Gwangpyeong-dong/광평동,KR-47-8-16
Gyeongsangbuk-do/경북,KR-47,Gumi-si/구미시,KR-47-8,Haepyeong-myeon/해평면,KR-47-8-17
Gyeongsangbuk-do/경북,KR-47,Gumi-si/구미시,KR-47-8,Hwangsang-dong/황상동,KR-47-8-18
Gyeongsangbuk-do/경북,KR-47,Gumi-si/구미시,KR-47-8,Hyeonggog 1(il)-dong/형곡1동,KR-47-8-19
Gyeongsangbuk-do/경북,KR-47,Gumi-si/구미시,KR-47-8,Hyeonggog 2(i)-dong/형곡2동,KR-47-8-20
Gyeongsangbuk-do/경북,KR-47,Gumi-si/구미시,KR-47-8,Hyeonggok-dong/형곡동,KR-47-8-21
Gyeongsangbuk-do/경북,KR-47,Gumi-si/구미시,KR-47-8,Imeun-dong/임은동,KR-47-8-22
Gyeongsangbuk-do/경북,KR-47,Gumi-si/구미시,KR-47-8,Imsu-dong/임수동,KR-47-8-23
Gyeongsangbuk-do/경북,KR-47,Gumi-si/구미시,KR-47-8,Inui-dong/인의동,KR-47-8-24
Gyeongsangbuk-do/경북,KR-47,Gumi-si/구미시,KR-47-8,Jangcheon-myeon/장천면,KR-47-8-25
Gyeongsangbuk-do/경북,KR-47,Gumi-si/구미시,KR-47-8,Jinpyeong-dong/진평동,KR-47-8-26
Gyeongsangbuk-do/경북,KR-47,Gumi-si/구미시,KR-47-8,Jisan-dong/지산동,KR-47-8-27
Gyeongsangbuk-do/경북,KR-47,Gumi-si/구미시,KR-47-8,Mueul-myeon/무을면,KR-47-8-28
Gyeongsangbuk-do/경북,KR-47,Gumi-si/구미시,KR-47-8,Namtong-dong/남통동,KR-47-8-29
Gyeongsangbuk-do/경북,KR-47,Gumi-si/구미시,KR-47-8,Okgye-dong/옥계동,KR-47-8-30
Gyeongsangbuk-do/경북,KR-47,Gumi-si/구미시,KR-47-8,Okseong-myeon/옥성면,KR-47-8-31
Gyeongsangbuk-do/경북,KR-47,Gumi-si/구미시,KR-47-8,Otae-dong/오태동,KR-47-8-32
Gyeongsangbuk-do/경북,KR-47,Gumi-si/구미시,KR-47-8,Sagok-dong/사곡동,KR-47-8-33
Gyeongsangbuk-do/경북,KR-47,Gumi-si/구미시,KR-47-8,Sandong-myeon/산동면,KR-47-8-34
Gyeongsangbuk-do/경북,KR-47,Gumi-si/구미시,KR-47-8,Sangmo-dong/상모동,KR-47-8-35
Gyeongsangbuk-do/경북,KR-47,Gumi-si/구미시,KR-47-8,Seongi-dong/선기동,KR-47-8-36
Gyeongsangbuk-do/경북,KR-47,Gumi-si/구미시,KR-47-8,Seonsan-eup/선산읍,KR-47-8-37
Gyeongsangbuk-do/경북,KR-47,Gumi-si/구미시,KR-47-8,Simi-dong/시미동,KR-47-8-38
Gyeongsangbuk-do/경북,KR-47,Gumi-si/구미시,KR-47-8,Sin-dong/신동,KR-47-8-39
Gyeongsangbuk-do/경북,KR-47,Gumi-si/구미시,KR-47-8,Sinpyeong 1(il)-dong/신평1동,KR-47-8-40
Gyeongsangbuk-do/경북,KR-47,Gumi-si/구미시,KR-47-8,Sinpyeong 2(i)-dong/신평2동,KR-47-8-41
Gyeongsangbuk-do/경북,KR-47,Gumi-si/구미시,KR-47-8,Sinpyeong-dong/신평동,KR-47-8-42
Gyeongsangbuk-do/경북,KR-47,Gumi-si/구미시,KR-47-8,Songjeong-dong/송정동,KR-47-8-43
Gyeongsangbuk-do/경북,KR-47,Gumi-si/구미시,KR-47-8,Sujeom-dong/수점동,KR-47-8-44
Gyeongsangbuk-do/경북,KR-47,Gumi-si/구미시,KR-47-8,Wonpyeong 1(il)-dong/원평1동,KR-47-8-45
Gyeongsangbuk-do/경북,KR-47,Gumi-si/구미시,KR-47-8,Wonpyeong 2(i)-dong/원평2동,KR-47-8-46
Gyeongsangbuk-do/경북,KR-47,Gumi-si/구미시,KR-47-8,Wonpyeong-dong/원평동,KR-47-8-47
Gyeongsangbuk-do/경북,KR-47,Gumi-si/구미시,KR-47-8,Yangho-dong/양호동,KR-47-8-48
Gyeongsangbuk-do/경북,KR-47,Gunwi-gun/군위군,KR-47-9,Bugye-myeon/부계면,KR-47-9-0
Gyeongsangbuk-do/경북,KR-47,Gunwi-gun/군위군,KR-47-9,Goro-myeon/고로면,KR-47-9-1
Gyeongsangbuk-do/경북,KR-47,Gunwi-gun/군위군,KR-47-9,Gunwi-eup/군위읍,KR-47-9-2
Gyeongsangbuk-do/경북,KR-47,Gunwi-gun/군위군,KR-47-9,Hyoryeong-myeon/효령면,KR-47-9-3
Gyeongsangbuk-do/경북,KR-47,Gunwi-gun/군위군,KR-47-9,Sanseong-myeon/산성면,KR-47-9-4
Gyeongsangbuk-do/경북,KR-47,Gunwi-gun/군위군,KR-47-9,Sobo-myeon/소보면,KR-47-9-5
Gyeongsangbuk-do/경북,KR-47,Gunwi-gun/군위군,KR-47-9,Ubo-myeon/우보면,KR-47-9-6
Gyeongsangbuk-do/경북,KR-47,Gunwi-gun/군위군,KR-47-9,Uiheung-myeon/의흥면,KR-47-9-7
Gyeongsangbuk-do/경북,KR-47,Gyeongju-si/경주시,KR-47-10,Amgok-dong/암곡동,KR-47-10-0
Gyeongsangbuk-do/경북,KR-47,Gyeongju-si/경주시,KR-47-10,Angang-eup/안강읍,KR-47-10-1
Gyeongsangbuk-do/경북,KR-47,Gyeongju-si/경주시,KR-47-10,Baeban-dong/배반동,KR-47-10-2
Gyeongsangbuk-do/경북,KR-47,Gyeongju-si/경주시,KR-47-10,Bae-dong/배동,KR-47-10-3
Gyeongsangbuk-do/경북,KR-47,Gyeongju-si/경주시,KR-47-10,Bomun-dong/보문동,KR-47-10-4
Gyeongsangbuk-do/경북,KR-47,Gyeongju-si/경주시,KR-47-10,Bukbu-dong/북부동,KR-47-10-5
Gyeongsangbuk-do/경북,KR-47,Gyeongju-si/경주시,KR-47-10,Bukgun-dong/북군동,KR-47-10-6
Gyeongsangbuk-do/경북,KR-47,Gyeongju-si/경주시,KR-47-10,Cheonbuk-myeon/천북면,KR-47-10-7
Gyeongsangbuk-do/경북,KR-47,Gyeongju-si/경주시,KR-47-10,Cheongun-dong/천군동,KR-47-10-8
Gyeongsangbuk-do/경북,KR-47,Gyeongju-si/경주시,KR-47-10,Chunghyo-dong/충효동,KR-47-10-9
Gyeongsangbuk-do/경북,KR-47,Gyeongju-si/경주시,KR-47-10,Deok-dong/덕동,KR-47-10-10
Gyeongsangbuk-do/경북,KR-47,Gyeongju-si/경주시,KR-47-10,Doji-dong/도지동,KR-47-10-11
Gyeongsangbuk-do/경북,KR-47,Gyeongju-si/경주시,KR-47-10,Dongbang-dong/동방동,KR-47-10-12
Gyeongsangbuk-do/경북,KR-47,Gyeongju-si/경주시,KR-47-10,Dongbu-dong/동부동,KR-47-10-13
Gyeongsangbuk-do/경북,KR-47,Gyeongju-si/경주시,KR-47-10,Dongcheon-dong/동천동,KR-47-10-14
Gyeongsangbuk-do/경북,KR-47,Gyeongju-si/경주시,KR-47-10,Gampo-eup/감포읍,KR-47-10-15
Gyeongsangbuk-do/경북,KR-47,Gyeongju-si/경주시,KR-47-10,Gangdong-myeon/강동면,KR-47-10-16
Gyeongsangbuk-do/경북,KR-47,Gyeongju-si/경주시,KR-47-10,Geoncheon-eup/건천읍,KR-47-10-17
Gyeongsangbuk-do/경북,KR-47,Gyeongju-si/경주시,KR-47-10,Guhwang-dong/구황동,KR-47-10-18
Gyeongsangbuk-do/경북,KR-47,Gyeongju-si/경주시,KR-47-10,Gujeong-dong/구정동,KR-47-10-19
Gyeongsangbuk-do/경북,KR-47,Gyeongju-si/경주시,KR-47-10,Gwangmyeong-dong/광명동,KR-47-10-20
Gyeongsangbuk-do/경북,KR-47,Gyeongju-si/경주시,KR-47-10,Gyeongjuucheguksaseoham/경주우체국사서함,KR-47-10-21
Gyeongsangbuk-do/경북,KR-47,Gyeongju-si/경주시,KR-47-10,Gyo-dong/교동,KR-47-10-22
Gyeongsangbuk-do/경북,KR-47,Gyeongju-si/경주시,KR-47-10,Ha-dong/하동,KR-47-10-23
Gyeongsangbuk-do/경북,KR-47,Gyeongju-si/경주시,KR-47-10,Hwangnam-dong/황남동,KR-47-10-24
Gyeongsangbuk-do/경북,KR-47,Gyeongju-si/경주시,KR-47-10,Hwango-dong/황오동,KR-47-10-25
Gyeongsangbuk-do/경북,KR-47,Gyeongju-si/경주시,KR-47-10,Hwangseong-dong/황성동,KR-47-10-26
Gyeongsangbuk-do/경북,KR-47,Gyeongju-si/경주시,KR-47-10,Hwangyong-dong/황용동,KR-47-10-27
Gyeongsangbuk-do/경북,KR-47,Gyeongju-si/경주시,KR-47-10,Hyeongok-myeon/현곡면,KR-47-10-28
Gyeongsangbuk-do/경북,KR-47,Gyeongju-si/경주시,KR-47-10,Hyohyeon-dong/효현동,KR-47-10-29
Gyeongsangbuk-do/경북,KR-47,Gyeongju-si/경주시,KR-47-10,Inwang-dong/인왕동,KR-47-10-30
Gyeongsangbuk-do/경북,KR-47,Gyeongju-si/경주시,KR-47-10,Jinhyeon-dong/진현동,KR-47-10-31
Gyeongsangbuk-do/경북,KR-47,Gyeongju-si/경주시,KR-47-10,Joyang-dong/조양동,KR-47-10-32
Gyeongsangbuk-do/경북,KR-47,Gyeongju-si/경주시,KR-47-10,Ma-dong/마동,KR-47-10-33
Gyeongsangbuk-do/경북,KR-47,Gyeongju-si/경주시,KR-47-10,Naenam-myeon/내남면,KR-47-10-34
Gyeongsangbuk-do/경북,KR-47,Gyeongju-si/경주시,KR-47-10,Namsan-dong/남산동,KR-47-10-35
Gyeongsangbuk-do/경북,KR-47,Gyeongju-si/경주시,KR-47-10,Nodong-dong/노동동,KR-47-10-36
Gyeongsangbuk-do/경북,KR-47,Gyeongju-si/경주시,KR-47-10,Noseo-dong/노서동,KR-47-10-37
Gyeongsangbuk-do/경북,KR-47,Gyeongju-si/경주시,KR-47-10,Oedong-eup/외동읍,KR-47-10-38
Gyeongsangbuk-do/경북,KR-47,Gyeongju-si/경주시,KR-47-10,Pyeong-dong/평동,KR-47-10-39
Gyeongsangbuk-do/경북,KR-47,Gyeongju-si/경주시,KR-47-10,Sajeong-dong/사정동,KR-47-10-40
Gyeongsangbuk-do/경북,KR-47,Gyeongju-si/경주시,KR-47-10,Sannae-myeon/산내면,KR-47-10-41
Gyeongsangbuk-do/경북,KR-47,Gyeongju-si/경주시,KR-47-10,Seoak-dong/서악동,KR-47-10-42
Gyeongsangbuk-do/경북,KR-47,Gyeongju-si/경주시,KR-47-10,Seobu-dong/서부동,KR-47-10-43
Gyeongsangbuk-do/경북,KR-47,Gyeongju-si/경주시,KR-47-10,Seokjang-dong/석장동,KR-47-10-44
Gyeongsangbuk-do/경북,KR-47,Gyeongju-si/경주시,KR-47-10,Seo-myeon/서면,KR-47-10-45
Gyeongsangbuk-do/경북,KR-47,Gyeongju-si/경주시,KR-47-10,Seongdong-dong/성동동,KR-47-10-46
Gyeongsangbuk-do/경북,KR-47,Gyeongju-si/경주시,KR-47-10,Seonggeon-dong/성건동,KR-47-10-47
Gyeongsangbuk-do/경북,KR-47,Gyeongju-si/경주시,KR-47-10,Si-dong/시동,KR-47-10-48
Gyeongsangbuk-do/경북,KR-47,Gyeongju-si/경주시,KR-47-10,Sinpyeong-dong/신평동,KR-47-10-49
Gyeongsangbuk-do/경북,KR-47,Gyeongju-si/경주시,KR-47-10,Sirae-dong/시래동,KR-47-10-50
Gyeongsangbuk-do/경북,KR-47,Gyeongju-si/경주시,KR-47-10,Songok-dong/손곡동,KR-47-10-51
Gyeongsangbuk-do/경북,KR-47,Gyeongju-si/경주시,KR-47-10,Tap-dong/탑동,KR-47-10-52
Gyeongsangbuk-do/경북,KR-47,Gyeongju-si/경주시,KR-47-10,Yangbuk-myeon/양북면,KR-47-10-53
Gyeongsangbuk-do/경북,KR-47,Gyeongju-si/경주시,KR-47-10,Yangnam-myeon/양남면,KR-47-10-54
Gyeongsangbuk-do/경북,KR-47,Gyeongju-si/경주시,KR-47-10,Yonggang-dong/용강동,KR-47-10-55
Gyeongsangbuk-do/경북,KR-47,Gyeongju-si/경주시,KR-47-10,Yul-dong/율동,KR-47-10-56
Gyeongsangbuk-do/경북,KR-47,Gyeongsan-si/경산시,KR-47-11,Apryang-myeon/압량면,KR-47-11-0
Gyeongsangbuk-do/경북,KR-47,Gyeongsan-si/경산시,KR-47-11,Baekcheon-dong/백천동,KR-47-11-1
Gyeongsangbuk-do/경북,KR-47,Gyeongsan-si/경산시,KR-47-11,Dae-dong/대동,KR-47-11-2
Gyeongsangbuk-do/경북,KR-47,Gyeongsan-si/경산시,KR-47-11,Daejeong-dong/대정동,KR-47-11-3
Gyeongsangbuk-do/경북,KR-47,Gyeongsan-si/경산시,KR-47-11,Daepyeong-dong/대평동,KR-47-11-4
Gyeongsangbuk-do/경북,KR-47,Gyeongsan-si/경산시,KR-47-11,Gapje-dong/갑제동,KR-47-11-5
Gyeongsangbuk-do/경북,KR-47,Gyeongsan-si/경산시,KR-47-11,Gyeongsanucheguksaseoham/경산우체국사서함,KR-47-11-6
Gyeongsangbuk-do/경북,KR-47,Gyeongsan-si/경산시,KR-47-11,Gyeyang-dong/계양동,KR-47-11-7
Gyeongsangbuk-do/경북,KR-47,Gyeongsan-si/경산시,KR-47-11,Hayang-eup/하양읍,KR-47-11-8
Gyeongsangbuk-do/경북,KR-47,Gyeongsan-si/경산시,KR-47-11,Imdang-dong/임당동,KR-47-11-9
Gyeongsangbuk-do/경북,KR-47,Gyeongsan-si/경산시,KR-47-11,Jain-myeon/자인면,KR-47-11-10
Gyeongsangbuk-do/경북,KR-47,Gyeongsan-si/경산시,KR-47-11,Jeomchon-dong/점촌동,KR-47-11-11
Gyeongsangbuk-do/경북,KR-47,Gyeongsan-si/경산시,KR-47-11,Jeongpyeong-dong/정평동,KR-47-11-12
Gyeongsangbuk-do/경북,KR-47,Gyeongsan-si/경산시,KR-47-11,Jinryang-eup/진량읍,KR-47-11-13
Gyeongsangbuk-do/경북,KR-47,Gyeongsan-si/경산시,KR-47-11,Joyeong-dong/조영동,KR-47-11-14
Gyeongsangbuk-do/경북,KR-47,Gyeongsan-si/경산시,KR-47-11,Jungbang-dong/중방동,KR-47-11-15
Gyeongsangbuk-do/경북,KR-47,Gyeongsan-si/경산시,KR-47-11,Jungsan-dong/중산동,KR-47-11-16
Gyeongsangbuk-do/경북,KR-47,Gyeongsan-si/경산시,KR-47-11,Nae-dong/내동,KR-47-11-17
Gyeongsangbuk-do/경북,KR-47,Gyeongsan-si/경산시,KR-47-11,Nambang-dong/남방동,KR-47-11-18
Gyeongsangbuk-do/경북,KR-47,Gyeongsan-si/경산시,KR-47-11,Namcheon-myeon/남천면,KR-47-11-19
Gyeongsangbuk-do/경북,KR-47,Gyeongsan-si/경산시,KR-47-11,Namsan-myeon/남산면,KR-47-11-20
Gyeongsangbuk-do/경북,KR-47,Gyeongsan-si/경산시,KR-47-11,Okgok-dong/옥곡동,KR-47-11-21
Gyeongsangbuk-do/경북,KR-47,Gyeongsan-si/경산시,KR-47-11,Oksan-dong/옥산동,KR-47-11-22
Gyeongsangbuk-do/경북,KR-47,Gyeongsan-si/경산시,KR-47-11,Pyeongsan-dong/평산동,KR-47-11-23
Gyeongsangbuk-do/경북,KR-47,Gyeongsan-si/경산시,KR-47-11,Sa-dong/사동,KR-47-11-24
Gyeongsangbuk-do/경북,KR-47,Gyeongsan-si/경산시,KR-47-11,Sajeong-dong/사정동,KR-47-11-25
Gyeongsangbuk-do/경북,KR-47,Gyeongsan-si/경산시,KR-47-11,Sambuk-dong/삼북동,KR-47-11-26
Gyeongsangbuk-do/경북,KR-47,Gyeongsan-si/경산시,KR-47-11,Samnam-dong/삼남동,KR-47-11-27
Gyeongsangbuk-do/경북,KR-47,Gyeongsan-si/경산시,KR-47-11,Sampung-dong/삼풍동,KR-47-11-28
Gyeongsangbuk-do/경북,KR-47,Gyeongsan-si/경산시,KR-47-11,Sangbang-dong/상방동,KR-47-11-29
Gyeongsangbuk-do/경북,KR-47,Gyeongsan-si/경산시,KR-47-11,Seosang-dong/서상동,KR-47-11-30
Gyeongsangbuk-do/경북,KR-47,Gyeongsan-si/경산시,KR-47-11,Sincheon-dong/신천동,KR-47-11-31
Gyeongsangbuk-do/경북,KR-47,Gyeongsan-si/경산시,KR-47-11,Singyo-dong/신교동,KR-47-11-32
Gyeongsangbuk-do/경북,KR-47,Gyeongsan-si/경산시,KR-47-11,Wachon-myeon/와촌면,KR-47-11-33
Gyeongsangbuk-do/경북,KR-47,Gyeongsan-si/경산시,KR-47-11,Yeocheon-dong/여천동,KR-47-11-34
Gyeongsangbuk-do/경북,KR-47,Gyeongsan-si/경산시,KR-47-11,Yongseong-myeon/용성면,KR-47-11-35
Gyeongsangbuk-do/경북,KR-47,Gyeongsan-si/경산시,KR-47-11,Yugok-dong/유곡동,KR-47-11-36
Gyeongsangbuk-do/경북,KR-47,Mungyeong-si/문경시,KR-47-12,Buljeong-dong/불정동,KR-47-12-0
Gyeongsangbuk-do/경북,KR-47,Mungyeong-si/문경시,KR-47-12,Chang-dong/창동,KR-47-12-1
Gyeongsangbuk-do/경북,KR-47,Mungyeong-si/문경시,KR-47-12,Dongro-myeon/동로면,KR-47-12-2
Gyeongsangbuk-do/경북,KR-47,Mungyeong-si/문경시,KR-47-12,Gaeun-eup/가은읍,KR-47-12-3
Gyeongsangbuk-do/경북,KR-47,Mungyeong-si/문경시,KR-47-12,Gongpyeong-dong/공평동,KR-47-12-4
Gyeongsangbuk-do/경북,KR-47,Mungyeong-si/문경시,KR-47-12,Heungdeok-dong/흥덕동,KR-47-12-5
Gyeongsangbuk-do/경북,KR-47,Mungyeong-si/문경시,KR-47-12,Hogye-myeon/호계면,KR-47-12-6
Gyeongsangbuk-do/경북,KR-47,Mungyeong-si/문경시,KR-47-12,Jeomchon-dong/점촌동,KR-47-12-7
Gyeongsangbuk-do/경북,KR-47,Mungyeong-si/문경시,KR-47-12,Maseong-myeon/마성면,KR-47-12-8
Gyeongsangbuk-do/경북,KR-47,Mungyeong-si/문경시,KR-47-12,Mojeon-dong/모전동,KR-47-12-9
Gyeongsangbuk-do/경북,KR-47,Mungyeong-si/문경시,KR-47-12,Mungyeong-eup/문경읍,KR-47-12-10
Gyeongsangbuk-do/경북,KR-47,Mungyeong-si/문경시,KR-47-12,Mungyeongucheguksaseoham/문경우체국사서함,KR-47-12-11
Gyeongsangbuk-do/경북,KR-47,Mungyeong-si/문경시,KR-47-12,Nongam-myeon/농암면,KR-47-12-12
Gyeongsangbuk-do/경북,KR-47,Mungyeong-si/문경시,KR-47-12,Sanbuk-myeon/산북면,KR-47-12-13
Gyeongsangbuk-do/경북,KR-47,Mungyeong-si/문경시,KR-47-12,Sanyang-myeon/산양면,KR-47-12-14
Gyeongsangbuk-do/경북,KR-47,Mungyeong-si/문경시,KR-47-12,Singi-dong/신기동,KR-47-12-15
Gyeongsangbuk-do/경북,KR-47,Mungyeong-si/문경시,KR-47-12,Uji-dong/우지동,KR-47-12-16
Gyeongsangbuk-do/경북,KR-47,Mungyeong-si/문경시,KR-47-12,Yeongsin-dong/영신동,KR-47-12-17
Gyeongsangbuk-do/경북,KR-47,Mungyeong-si/문경시,KR-47-12,Yeongsun-myeon/영순면,KR-47-12-18
Gyeongsangbuk-do/경북,KR-47,Mungyeong-si/문경시,KR-47-12,Yugok-dong/유곡동,KR-47-12-19
Gyeongsangbuk-do/경북,KR-47,Mungyeong-si/문경시,KR-47-12,Yunjik-dong/윤직동,KR-47-12-20
Gyeongsangbuk-do/경북,KR-47,Nam-gu Pohang-si/포항시 남구,KR-47-13,Cheongrim-dong/청림동,KR-47-13-0
Gyeongsangbuk-do/경북,KR-47,Nam-gu Pohang-si/포항시 남구,KR-47-13,Daebo-myeon/대보면,KR-47-13-1
Gyeongsangbuk-do/경북,KR-47,Nam-gu Pohang-si/포항시 남구,KR-47-13,Daedo-dong/대도동,KR-47-13-2
Gyeongsangbuk-do/경북,KR-47,Nam-gu Pohang-si/포항시 남구,KR-47-13,Daejam-dong/대잠동,KR-47-13-3
Gyeongsangbuk-do/경북,KR-47,Nam-gu Pohang-si/포항시 남구,KR-47-13,Daesong-myeon/대송면,KR-47-13-4
Gyeongsangbuk-do/경북,KR-47,Nam-gu Pohang-si/포항시 남구,KR-47-13,Dongchon-dong/동촌동,KR-47-13-5
Gyeongsangbuk-do/경북,KR-47,Nam-gu Pohang-si/포항시 남구,KR-47-13,Donghae-myeon/동해면,KR-47-13-6
Gyeongsangbuk-do/경북,KR-47,Nam-gu Pohang-si/포항시 남구,KR-47-13,Goedong-dong/괴동동,KR-47-13-7
Gyeongsangbuk-do/경북,KR-47,Nam-gu Pohang-si/포항시 남구,KR-47-13,Guryongpo-eup/구룡포읍,KR-47-13-8
Gyeongsangbuk-do/경북,KR-47,Nam-gu Pohang-si/포항시 남구,KR-47-13,Haedo-dong/해도동,KR-47-13-9
Gyeongsangbuk-do/경북,KR-47,Nam-gu Pohang-si/포항시 남구,KR-47-13,Ho-dong/호동,KR-47-13-10
Gyeongsangbuk-do/경북,KR-47,Nam-gu Pohang-si/포항시 남구,KR-47-13,Hyoja-dong/효자동,KR-47-13-11
Gyeongsangbuk-do/경북,KR-47,Nam-gu Pohang-si/포항시 남구,KR-47-13,I-dong/이동,KR-47-13-12
Gyeongsangbuk-do/경북,KR-47,Nam-gu Pohang-si/포항시 남구,KR-47-13,Indeok-dong/인덕동,KR-47-13-13
Gyeongsangbuk-do/경북,KR-47,Nam-gu Pohang-si/포항시 남구,KR-47-13,Irwol-dong/일월동,KR-47-13-14
Gyeongsangbuk-do/경북,KR-47,Nam-gu Pohang-si/포항시 남구,KR-47-13,Janggi-myeon/장기면,KR-47-13-15
Gyeongsangbuk-do/경북,KR-47,Nam-gu Pohang-si/포항시 남구,KR-47-13,Jangheung-dong/장흥동,KR-47-13-16
Gyeongsangbuk-do/경북,KR-47,Nam-gu Pohang-si/포항시 남구,KR-47-13,Jigok-dong/지곡동,KR-47-13-17
Gyeongsangbuk-do/경북,KR-47,Nam-gu Pohang-si/포항시 남구,KR-47-13,Ocheon-eup/오천읍,KR-47-13-18
Gyeongsangbuk-do/경북,KR-47,Nam-gu Pohang-si/포항시 남구,KR-47-13,Pohangucheguksaseoham/포항우체국사서함,KR-47-13-19
Gyeongsangbuk-do/경북,KR-47,Nam-gu Pohang-si/포항시 남구,KR-47-13,Sangdo-dong/상도동,KR-47-13-20
Gyeongsangbuk-do/경북,KR-47,Nam-gu Pohang-si/포항시 남구,KR-47-13,Songdo-dong/송도동,KR-47-13-21
Gyeongsangbuk-do/경북,KR-47,Nam-gu Pohang-si/포항시 남구,KR-47-13,Songjeong-dong/송정동,KR-47-13-22
Gyeongsangbuk-do/경북,KR-47,Nam-gu Pohang-si/포항시 남구,KR-47-13,Songnae-dong/송내동,KR-47-13-23
Gyeongsangbuk-do/경북,KR-47,Nam-gu Pohang-si/포항시 남구,KR-47-13,Yeonir-eup/연일읍,KR-47-13-24
Gyeongsangbuk-do/경북,KR-47,Sangju-si/상주시,KR-47-14,Bokryong-dong/복룡동,KR-47-14-0
Gyeongsangbuk-do/경북,KR-47,Sangju-si/상주시,KR-47-14,Buwon-dong/부원동,KR-47-14-1
Gyeongsangbuk-do/경북,KR-47,Sangju-si/상주시,KR-47-14,Byeongseong-dong/병성동,KR-47-14-2
Gyeongsangbuk-do/경북,KR-47,Sangju-si/상주시,KR-47-14,Cheongri-myeon/청리면,KR-47-14-3
Gyeongsangbuk-do/경북,KR-47,Sangju-si/상주시,KR-47-14,Chosan-dong/초산동,KR-47-14-4
Gyeongsangbuk-do/경북,KR-47,Sangju-si/상주시,KR-47-14,Donam-dong/도남동,KR-47-14-5
Gyeongsangbuk-do/경북,KR-47,Sangju-si/상주시,KR-47-14,Euncheok-myeon/은척면,KR-47-14-6
Gyeongsangbuk-do/경북,KR-47,Sangju-si/상주시,KR-47-14,Gaeun-dong/개운동,KR-47-14-7
Gyeongsangbuk-do/경북,KR-47,Sangju-si/상주시,KR-47-14,Gajang-dong/가장동,KR-47-14-8
Gyeongsangbuk-do/경북,KR-47,Sangju-si/상주시,KR-47-14,Geodong-dong/거동동,KR-47-14-9
Gyeongsangbuk-do/경북,KR-47,Sangju-si/상주시,KR-47-14,Gonggeom-myeon/공검면,KR-47-14-10
Gyeongsangbuk-do/경북,KR-47,Sangju-si/상주시,KR-47-14,Gongseong-myeon/공성면,KR-47-14-11
Gyeongsangbuk-do/경북,KR-47,Sangju-si/상주시,KR-47-14,Gyesan-dong/계산동,KR-47-14-12
Gyeongsangbuk-do/경북,KR-47,Sangju-si/상주시,KR-47-14,Hamchang-eup/함창읍,KR-47-14-13
Gyeongsangbuk-do/경북,KR-47,Sangju-si/상주시,KR-47-14,Heonsin-dong/헌신동,KR-47-14-14
Gyeongsangbuk-do/경북,KR-47,Sangju-si/상주시,KR-47-14,Heunggak-dong/흥각동,KR-47-14-15
Gyeongsangbuk-do/경북,KR-47,Sangju-si/상주시,KR-47-14,Hwabuk-myeon/화북면,KR-47-14-16
Gyeongsangbuk-do/경북,KR-47,Sangju-si/상주시,KR-47-14,Hwadong-myeon/화동면,KR-47-14-17
Gyeongsangbuk-do/경북,KR-47,Sangju-si/상주시,KR-47-14,Hwagae-dong/화개동,KR-47-14-18
Gyeongsangbuk-do/경북,KR-47,Sangju-si/상주시,KR-47-14,Hwanam-myeon/화남면,KR-47-14-19
Gyeongsangbuk-do/경북,KR-47,Sangju-si/상주시,KR-47-14,Hwasan-dong/화산동,KR-47-14-20
Gyeongsangbuk-do/경북,KR-47,Sangju-si/상주시,KR-47-14,Hwaseo-myeon/화서면,KR-47-14-21
Gyeongsangbuk-do/경북,KR-47,Sangju-si/상주시,KR-47-14,Ian-myeon/이안면,KR-47-14-22
Gyeongsangbuk-do/경북,KR-47,Sangju-si/상주시,KR-47-14,Inbong-dong/인봉동,KR-47-14-23
Gyeongsangbuk-do/경북,KR-47,Sangju-si/상주시,KR-47-14,Inpyeong-dong/인평동,KR-47-14-24
Gyeongsangbuk-do/경북,KR-47,Sangju-si/상주시,KR-47-14,Jicheon-dong/지천동,KR-47-14-25
Gyeongsangbuk-do/경북,KR-47,Sangju-si/상주시,KR-47-14,Jukjeon-dong/죽전동,KR-47-14-26
Gyeongsangbuk-do/경북,KR-47,Sangju-si/상주시,KR-47-14,Jungdeok-dong/중덕동,KR-47-14-27
Gyeongsangbuk-do/경북,KR-47,Sangju-si/상주시,KR-47-14,Jungdong-myeon/중동면,KR-47-14-28
Gyeongsangbuk-do/경북,KR-47,Sangju-si/상주시,KR-47-14,Mansan-dong/만산동,KR-47-14-29
Gyeongsangbuk-do/경북,KR-47,Sangju-si/상주시,KR-47-14,Modong-myeon/모동면,KR-47-14-30
Gyeongsangbuk-do/경북,KR-47,Sangju-si/상주시,KR-47-14,Moseo-myeon/모서면,KR-47-14-31
Gyeongsangbuk-do/경북,KR-47,Sangju-si/상주시,KR-47-14,Muyang-dong/무양동,KR-47-14-32
Gyeongsangbuk-do/경북,KR-47,Sangju-si/상주시,KR-47-14,Naengrim-dong/냉림동,KR-47-14-33
Gyeongsangbuk-do/경북,KR-47,Sangju-si/상주시,KR-47-14,Naeseo-myeon/내서면,KR-47-14-34
Gyeongsangbuk-do/경북,KR-47,Sangju-si/상주시,KR-47-14,Nagyang-dong/낙양동,KR-47-14-35
Gyeongsangbuk-do/경북,KR-47,Sangju-si/상주시,KR-47-14,Nakdong-myeon/낙동면,KR-47-14-36
Gyeongsangbuk-do/경북,KR-47,Sangju-si/상주시,KR-47-14,Naksang-dong/낙상동,KR-47-14-37
Gyeongsangbuk-do/경북,KR-47,Sangju-si/상주시,KR-47-14,Namjang-dong/남장동,KR-47-14-38
Gyeongsangbuk-do/경북,KR-47,Sangju-si/상주시,KR-47-14,Namjeok-dong/남적동,KR-47-14-39
Gyeongsangbuk-do/경북,KR-47,Sangju-si/상주시,KR-47-14,Namseong-dong/남성동,KR-47-14-40
Gyeongsangbuk-do/경북,KR-47,Sangju-si/상주시,KR-47-14,Odae-dong/오대동,KR-47-14-41
Gyeongsangbuk-do/경북,KR-47,Sangju-si/상주시,KR-47-14,Oedap-dong/외답동,KR-47-14-42
Gyeongsangbuk-do/경북,KR-47,Sangju-si/상주시,KR-47-14,Oenam-myeon/외남면,KR-47-14-43
Gyeongsangbuk-do/경북,KR-47,Sangju-si/상주시,KR-47-14,Oeseo-myeon/외서면,KR-47-14-44
Gyeongsangbuk-do/경북,KR-47,Sangju-si/상주시,KR-47-14,Sabeol-myeon/사벌면,KR-47-14-45
Gyeongsangbuk-do/경북,KR-47,Sangju-si/상주시,KR-47-14,Sangjuucheguksaseoham/상주우체국사서함,KR-47-14-46
Gyeongsangbuk-do/경북,KR-47,Sangju-si/상주시,KR-47-14,Seogok-dong/서곡동,KR-47-14-47
Gyeongsangbuk-do/경북,KR-47,Sangju-si/상주시,KR-47-14,Seomun-dong/서문동,KR-47-14-48
Gyeongsangbuk-do/경북,KR-47,Sangju-si/상주시,KR-47-14,Seongdong-dong/성동동,KR-47-14-49
Gyeongsangbuk-do/경북,KR-47,Sangju-si/상주시,KR-47-14,Seongha-dong/성하동,KR-47-14-50
Gyeongsangbuk-do/경북,KR-47,Sangju-si/상주시,KR-47-14,Seoseong-dong/서성동,KR-47-14-51
Gyeongsangbuk-do/경북,KR-47,Sangju-si/상주시,KR-47-14,Sinbong-dong/신봉동,KR-47-14-52
Gyeongsangbuk-do/경북,KR-47,Sangju-si/상주시,KR-47-14,Yangchon-dong/양촌동,KR-47-14-53
Gyeongsangbuk-do/경북,KR-47,Sangju-si/상주시,KR-47-14,Yeonwon-dong/연원동,KR-47-14-54
Gyeongsangbuk-do/경북,KR-47,Seongju-gun/성주군,KR-47-15,Byeokjin-myeon/벽진면,KR-47-15-0
Gyeongsangbuk-do/경북,KR-47,Seongju-gun/성주군,KR-47-15,Chojeon-myeon/초전면,KR-47-15-1
Gyeongsangbuk-do/경북,KR-47,Seongju-gun/성주군,KR-47-15,Daega-myeon/대가면,KR-47-15-2
Gyeongsangbuk-do/경북,KR-47,Seongju-gun/성주군,KR-47-15,Gacheon-myeon/가천면,KR-47-15-3
Gyeongsangbuk-do/경북,KR-47,Seongju-gun/성주군,KR-47-15,Geumsu-myeon/금수면,KR-47-15-4
Gyeongsangbuk-do/경북,KR-47,Seongju-gun/성주군,KR-47-15,Seongju-eup/성주읍,KR-47-15-5
Gyeongsangbuk-do/경북,KR-47,Seongju-gun/성주군,KR-47-15,Seonnam-myeon/선남면,KR-47-15-6
Gyeongsangbuk-do/경북,KR-47,Seongju-gun/성주군,KR-47-15,Suryun-myeon/수륜면,KR-47-15-7
Gyeongsangbuk-do/경북,KR-47,Seongju-gun/성주군,KR-47-15,Wolhang-myeon/월항면,KR-47-15-8
Gyeongsangbuk-do/경북,KR-47,Seongju-gun/성주군,KR-47-15,Yongam-myeon/용암면,KR-47-15-9
Gyeongsangbuk-do/경북,KR-47,Uiseong-gun/의성군,KR-47-16,Angye-myeon/안계면,KR-47-16-0
Gyeongsangbuk-do/경북,KR-47,Uiseong-gun/의성군,KR-47-16,Anpyeong-myeon/안평면,KR-47-16-1
Gyeongsangbuk-do/경북,KR-47,Uiseong-gun/의성군,KR-47-16,Ansa-myeon/안사면,KR-47-16-2
Gyeongsangbuk-do/경북,KR-47,Uiseong-gun/의성군,KR-47-16,Bian-myeon/비안면,KR-47-16-3
Gyeongsangbuk-do/경북,KR-47,Uiseong-gun/의성군,KR-47-16,Bongyang-myeon/봉양면,KR-47-16-4
Gyeongsangbuk-do/경북,KR-47,Uiseong-gun/의성군,KR-47-16,Chunsan-myeon/춘산면,KR-47-16-5
Gyeongsangbuk-do/경북,KR-47,Uiseong-gun/의성군,KR-47-16,Dain-myeon/다인면,KR-47-16-6
Gyeongsangbuk-do/경북,KR-47,Uiseong-gun/의성군,KR-47-16,Danbuk-myeon/단북면,KR-47-16-7
Gyeongsangbuk-do/경북,KR-47,Uiseong-gun/의성군,KR-47-16,Danchon-myeon/단촌면,KR-47-16-8
Gyeongsangbuk-do/경북,KR-47,Uiseong-gun/의성군,KR-47-16,Danmil-myeon/단밀면,KR-47-16-9
Gyeongsangbuk-do/경북,KR-47,Uiseong-gun/의성군,KR-47-16,Gaeum-myeon/가음면,KR-47-16-10
Gyeongsangbuk-do/경북,KR-47,Uiseong-gun/의성군,KR-47-16,Geumseong-myeon/금성면,KR-47-16-11
Gyeongsangbuk-do/경북,KR-47,Uiseong-gun/의성군,KR-47-16,Gucheon-myeon/구천면,KR-47-16-12
Gyeongsangbuk-do/경북,KR-47,Uiseong-gun/의성군,KR-47-16,Jeomgok-myeon/점곡면,KR-47-16-13
Gyeongsangbuk-do/경북,KR-47,Uiseong-gun/의성군,KR-47-16,Oksan-myeon/옥산면,KR-47-16-14
Gyeongsangbuk-do/경북,KR-47,Uiseong-gun/의성군,KR-47-16,Sagok-myeon/사곡면,KR-47-16-15
Gyeongsangbuk-do/경북,KR-47,Uiseong-gun/의성군,KR-47-16,Sinpyeong-myeon/신평면,KR-47-16-16
Gyeongsangbuk-do/경북,KR-47,Uiseong-gun/의성군,KR-47-16,Uiseong-eup/의성읍,KR-47-16-17
Gyeongsangbuk-do/경북,KR-47,Uljin-gun/울진군,KR-47-17,Buk-myeon/북면,KR-47-17-0
Gyeongsangbuk-do/경북,KR-47,Uljin-gun/울진군,KR-47-17,Geunnam-myeon/근남면,KR-47-17-1
Gyeongsangbuk-do/경북,KR-47,Uljin-gun/울진군,KR-47-17,Giseong-myeon/기성면,KR-47-17-2
Gyeongsangbuk-do/경북,KR-47,Uljin-gun/울진군,KR-47-17,Hupo-myeon/후포면,KR-47-17-3
Gyeongsangbuk-do/경북,KR-47,Uljin-gun/울진군,KR-47-17,Jukbyeon-myeon/죽변면,KR-47-17-4
Gyeongsangbuk-do/경북,KR-47,Uljin-gun/울진군,KR-47-17,Onjeong-myeon/온정면,KR-47-17-5
Gyeongsangbuk-do/경북,KR-47,Uljin-gun/울진군,KR-47-17,Pyeonghae-eup/평해읍,KR-47-17-6
Gyeongsangbuk-do/경북,KR-47,Uljin-gun/울진군,KR-47-17,Seo-myeon/서면,KR-47-17-7
Gyeongsangbuk-do/경북,KR-47,Uljin-gun/울진군,KR-47-17,Uljin-eup/울진읍,KR-47-17-8
Gyeongsangbuk-do/경북,KR-47,Uljin-gun/울진군,KR-47-17,Wonnam-myeon/원남면,KR-47-17-9
Gyeongsangbuk-do/경북,KR-47,Ulleung-gun/울릉군,KR-47-18,Buk-myeon/북면,KR-47-18-0
Gyeongsangbuk-do/경북,KR-47,Ulleung-gun/울릉군,KR-47-18,Seo-myeon/서면,KR-47-18-1
Gyeongsangbuk-do/경북,KR-47,Ulleung-gun/울릉군,KR-47-18,Ulleung-eup/울릉읍,KR-47-18-2
Gyeongsangbuk-do/경북,KR-47,Yecheon-gun/예천군,KR-47-19,Bomun-myeon/보문면,KR-47-19-0
Gyeongsangbuk-do/경북,KR-47,Yecheon-gun/예천군,KR-47-19,Gaepo-myeon/개포면,KR-47-19-1
Gyeongsangbuk-do/경북,KR-47,Yecheon-gun/예천군,KR-47-19,Gamcheon-myeon/감천면,KR-47-19-2
Gyeongsangbuk-do/경북,KR-47,Yecheon-gun/예천군,KR-47-19,Hari-myeon/하리면,KR-47-19-3
Gyeongsangbuk-do/경북,KR-47,Yecheon-gun/예천군,KR-47-19,Homyeong-myeon/호명면,KR-47-19-4
Gyeongsangbuk-do/경북,KR-47,Yecheon-gun/예천군,KR-47-19,Jibo-myeon/지보면,KR-47-19-5
Gyeongsangbuk-do/경북,KR-47,Yecheon-gun/예천군,KR-47-19,Pungyang-myeon/풍양면,KR-47-19-6
Gyeongsangbuk-do/경북,KR-47,Yecheon-gun/예천군,KR-47-19,Sangri-myeon/상리면,KR-47-19-7
Gyeongsangbuk-do/경북,KR-47,Yecheon-gun/예천군,KR-47-19,Yecheon-eup/예천읍,KR-47-19-8
Gyeongsangbuk-do/경북,KR-47,Yecheon-gun/예천군,KR-47-19,Yonggung-myeon/용궁면,KR-47-19-9
Gyeongsangbuk-do/경북,KR-47,Yecheon-gun/예천군,KR-47-19,Yongmun-myeon/용문면,KR-47-19-10
Gyeongsangbuk-do/경북,KR-47,Yecheon-gun/예천군,KR-47-19,Yucheon-myeon/유천면,KR-47-19-11
Gyeongsangbuk-do/경북,KR-47,Yeongcheon-si/영천시,KR-47-20,Beomeo-dong/범어동,KR-47-20-0
Gyeongsangbuk-do/경북,KR-47,Yeongcheon-si/영천시,KR-47-20,Bonchon-dong/본촌동,KR-47-20-1
Gyeongsangbuk-do/경북,KR-47,Yeongcheon-si/영천시,KR-47-20,Bong-dong/봉동,KR-47-20-2
Gyeongsangbuk-do/경북,KR-47,Yeongcheon-si/영천시,KR-47-20,Bugan-myeon/북안면,KR-47-20-3
Gyeongsangbuk-do/경북,KR-47,Yeongcheon-si/영천시,KR-47-20,Chaesin-dong/채신동,KR-47-20-4
Gyeongsangbuk-do/경북,KR-47,Yeongcheon-si/영천시,KR-47-20,Changgu-dong/창구동,KR-47-20-5
Gyeongsangbuk-do/경북,KR-47,Yeongcheon-si/영천시,KR-47-20,Cheongtong-myeon/청통면,KR-47-20-6
Gyeongsangbuk-do/경북,KR-47,Yeongcheon-si/영천시,KR-47-20,Daechang-myeon/대창면,KR-47-20-7
Gyeongsangbuk-do/경북,KR-47,Yeongcheon-si/영천시,KR-47-20,Daejeon-dong/대전동,KR-47-20-8
Gyeongsangbuk-do/경북,KR-47,Yeongcheon-si/영천시,KR-47-20,Do-dong/도동,KR-47-20-9
Gyeongsangbuk-do/경북,KR-47,Yeongcheon-si/영천시,KR-47-20,Donam-dong/도남동,KR-47-20-10
Gyeongsangbuk-do/경북,KR-47,Yeongcheon-si/영천시,KR-47-20,Dorim-dong/도림동,KR-47-20-11
Gyeongsangbuk-do/경북,KR-47,Yeongcheon-si/영천시,KR-47-20,Eonha-dong/언하동,KR-47-20-12
Gyeongsangbuk-do/경북,KR-47,Yeongcheon-si/영천시,KR-47-20,Geumho-eup/금호읍,KR-47-20-13
Gyeongsangbuk-do/경북,KR-47,Yeongcheon-si/영천시,KR-47-20,Geumno-dong/금노동,KR-47-20-14
Gyeongsangbuk-do/경북,KR-47,Yeongcheon-si/영천시,KR-47-20,Goeyeon-dong/괴연동,KR-47-20-15
Gyeongsangbuk-do/경북,KR-47,Yeongcheon-si/영천시,KR-47-20,Gogyeong-myeon/고경면,KR-47-20-16
Gyeongsangbuk-do/경북,KR-47,Yeongcheon-si/영천시,KR-47-20,Gwajeon-dong/과전동,KR-47-20-17
Gyeongsangbuk-do/경북,KR-47,Yeongcheon-si/영천시,KR-47-20,Gyochon-dong/교촌동,KR-47-20-18
Gyeongsangbuk-do/경북,KR-47,Yeongcheon-si/영천시,KR-47-20,Hwabuk-myeon/화북면,KR-47-20-19
Gyeongsangbuk-do/경북,KR-47,Yeongcheon-si/영천시,KR-47-20,Hwanam-myeon/화남면,KR-47-20-20
Gyeongsangbuk-do/경북,KR-47,Yeongcheon-si/영천시,KR-47-20,Hwaryong-dong/화룡동,KR-47-20-21
Gyeongsangbuk-do/경북,KR-47,Yeongcheon-si/영천시,KR-47-20,Hwasan-myeon/화산면,KR-47-20-22
Gyeongsangbuk-do/경북,KR-47,Yeongcheon-si/영천시,KR-47-20,Imgo-myeon/임고면,KR-47-20-23
Gyeongsangbuk-do/경북,KR-47,Yeongcheon-si/영천시,KR-47-20,Jaksan-dong/작산동,KR-47-20-24
Gyeongsangbuk-do/경북,KR-47,Yeongcheon-si/영천시,KR-47-20,Jayang-myeon/자양면,KR-47-20-25
Gyeongsangbuk-do/경북,KR-47,Yeongcheon-si/영천시,KR-47-20,Jogyo-dong/조교동,KR-47-20-26
Gyeongsangbuk-do/경북,KR-47,Yeongcheon-si/영천시,KR-47-20,Maesan-dong/매산동,KR-47-20-27
Gyeongsangbuk-do/경북,KR-47,Yeongcheon-si/영천시,KR-47-20,Mangjeong-dong/망정동,KR-47-20-28
Gyeongsangbuk-do/경북,KR-47,Yeongcheon-si/영천시,KR-47-20,Munnae-dong/문내동,KR-47-20-29
Gyeongsangbuk-do/경북,KR-47,Yeongcheon-si/영천시,KR-47-20,Munoe-dong/문외동,KR-47-20-30
Gyeongsangbuk-do/경북,KR-47,Yeongcheon-si/영천시,KR-47-20,Nokjeon-dong/녹전동,KR-47-20-31
Gyeongsangbuk-do/경북,KR-47,Yeongcheon-si/영천시,KR-47-20,Omi-dong/오미동,KR-47-20-32
Gyeongsangbuk-do/경북,KR-47,Yeongcheon-si/영천시,KR-47-20,Osu-dong/오수동,KR-47-20-33
Gyeongsangbuk-do/경북,KR-47,Yeongcheon-si/영천시,KR-47-20,Seongnae-dong/성내동,KR-47-20-34
Gyeongsangbuk-do/경북,KR-47,Yeongcheon-si/영천시,KR-47-20,Seosan-dong/서산동,KR-47-20-35
Gyeongsangbuk-do/경북,KR-47,Yeongcheon-si/영천시,KR-47-20,Singi-dong/신기동,KR-47-20-36
Gyeongsangbuk-do/경북,KR-47,Yeongcheon-si/영천시,KR-47-20,Sinnyeong-myeon/신녕면,KR-47-20-37
Gyeongsangbuk-do/경북,KR-47,Yeongcheon-si/영천시,KR-47-20,Ssanggye-dong/쌍계동,KR-47-20-38
Gyeongsangbuk-do/경북,KR-47,Yeongcheon-si/영천시,KR-47-20,Wansan-dong/완산동,KR-47-20-39
Gyeongsangbuk-do/경북,KR-47,Yeongcheon-si/영천시,KR-47-20,Yasa-dong/야사동,KR-47-20-40
Gyeongsangbuk-do/경북,KR-47,Yeongcheon-si/영천시,KR-47-20,Yeongcheonucheguksaseoham/영천우체국사서함,KR-47-20-41
Gyeongsangbuk-do/경북,KR-47,Yeongdeok-gun/영덕군,KR-47-21,Byeonggok-myeon/병곡면,KR-47-21-0
Gyeongsangbuk-do/경북,KR-47,Yeongdeok-gun/영덕군,KR-47-21,Changsu-myeon/창수면,KR-47-21-1
Gyeongsangbuk-do/경북,KR-47,Yeongdeok-gun/영덕군,KR-47-21,Chuksan-myeon/축산면,KR-47-21-2
Gyeongsangbuk-do/경북,KR-47,Yeongdeok-gun/영덕군,KR-47-21,Dalsan-myeon/달산면,KR-47-21-3
Gyeongsangbuk-do/경북,KR-47,Yeongdeok-gun/영덕군,KR-47-21,Ganggu-myeon/강구면,KR-47-21-4
Gyeongsangbuk-do/경북,KR-47,Yeongdeok-gun/영덕군,KR-47-21,Jipum-myeon/지품면,KR-47-21-5
Gyeongsangbuk-do/경북,KR-47,Yeongdeok-gun/영덕군,KR-47-21,Namjeong-myeon/남정면,KR-47-21-6
Gyeongsangbuk-do/경북,KR-47,Yeongdeok-gun/영덕군,KR-47-21,Yeongdeog-eup/영덕읍,KR-47-21-7
Gyeongsangbuk-do/경북,KR-47,Yeongdeok-gun/영덕군,KR-47-21,Yeonghae-myeon/영해면,KR-47-21-8
Gyeongsangbuk-do/경북,KR-47,Yeongju-si/영주시,KR-47-22,Aji-dong/아지동,KR-47-22-0
Gyeongsangbuk-do/경북,KR-47,Yeongju-si/영주시,KR-47-22,Anjeong-myeon/안정면,KR-47-22-1
Gyeongsangbuk-do/경북,KR-47,Yeongju-si/영주시,KR-47-22,Bonghyeon-myeon/봉현면,KR-47-22-2
Gyeongsangbuk-do/경북,KR-47,Yeongju-si/영주시,KR-47-22,Buseok-myeon/부석면,KR-47-22-3
Gyeongsangbuk-do/경북,KR-47,Yeongju-si/영주시,KR-47-22,Changjin-dong/창진동,KR-47-22-4
Gyeongsangbuk-do/경북,KR-47,Yeongju-si/영주시,KR-47-22,Dansan-myeon/단산면,KR-47-22-5
Gyeongsangbuk-do/경북,KR-47,Yeongju-si/영주시,KR-47-22,Gaheung 1(il)-dong/가흥1동,KR-47-22-6
Gyeongsangbuk-do/경북,KR-47,Yeongju-si/영주시,KR-47-22,Gaheung 2(i)-dong/가흥2동,KR-47-22-7
Gyeongsangbuk-do/경북,KR-47,Yeongju-si/영주시,KR-47-22,Gaheung-dong/가흥동,KR-47-22-8
Gyeongsangbuk-do/경북,KR-47,Yeongju-si/영주시,KR-47-22,Gohyeon-dong/고현동,KR-47-22-9
Gyeongsangbuk-do/경북,KR-47,Yeongju-si/영주시,KR-47-22,Hamang-dong/하망동,KR-47-22-10
Gyeongsangbuk-do/경북,KR-47,Yeongju-si/영주시,KR-47-22,Hyucheon 1(il)-dong/휴천1동,KR-47-22-11
Gyeongsangbuk-do/경북,KR-47,Yeongju-si/영주시,KR-47-22,Hyucheon 2(i)-dong/휴천2동,KR-47-22-12
Gyeongsangbuk-do/경북,KR-47,Yeongju-si/영주시,KR-47-22,Hyucheon 3(sam)-dong/휴천3동,KR-47-22-13
Gyeongsangbuk-do/경북,KR-47,Yeongju-si/영주시,KR-47-22,Hyucheon-dong/휴천동,KR-47-22-14
Gyeongsangbuk-do/경북,KR-47,Yeongju-si/영주시,KR-47-22,Isan-myeon/이산면,KR-47-22-15
Gyeongsangbuk-do/경북,KR-47,Yeongju-si/영주시,KR-47-22,Jangsu-myeon/장수면,KR-47-22-16
Gyeongsangbuk-do/경북,KR-47,Yeongju-si/영주시,KR-47-22,Jeokseo-dong/적서동,KR-47-22-17
Gyeongsangbuk-do/경북,KR-47,Yeongju-si/영주시,KR-47-22,Joam-dong/조암동,KR-47-22-18
Gyeongsangbuk-do/경북,KR-47,Yeongju-si/영주시,KR-47-22,Jowa-dong/조와동,KR-47-22-19
Gyeongsangbuk-do/경북,KR-47,Yeongju-si/영주시,KR-47-22,Munjeong-dong/문정동,KR-47-22-20
Gyeongsangbuk-do/경북,KR-47,Yeongju-si/영주시,KR-47-22,Munsu-myeon/문수면,KR-47-22-21
Gyeongsangbuk-do/경북,KR-47,Yeongju-si/영주시,KR-47-22,Punggi-eup/풍기읍,KR-47-22-22
Gyeongsangbuk-do/경북,KR-47,Yeongju-si/영주시,KR-47-22,Pyeongeun-myeon/평은면,KR-47-22-23
Gyeongsangbuk-do/경북,KR-47,Yeongju-si/영주시,KR-47-22,Sangjul-dong/상줄동,KR-47-22-24
Gyeongsangbuk-do/경북,KR-47,Yeongju-si/영주시,KR-47-22,Sangmang-dong/상망동,KR-47-22-25
Gyeongsangbuk-do/경북,KR-47,Yeongju-si/영주시,KR-47-22,Sunheung-myeon/순흥면,KR-47-22-26
Gyeongsangbuk-do/경북,KR-47,Yeongju-si/영주시,KR-47-22,Yeongju 1(il)-dong/영주1동,KR-47-22-27
Gyeongsangbuk-do/경북,KR-47,Yeongju-si/영주시,KR-47-22,Yeongju 2(i)-dong/영주2동,KR-47-22-28
Gyeongsangbuk-do/경북,KR-47,Yeongju-si/영주시,KR-47-22,Yeongju-dong/영주동,KR-47-22-29
Gyeongsangbuk-do/경북,KR-47,Yeongju-si/영주시,KR-47-22,Yeongjuucheguksaseoham/영주우체국사서함,KR-47-22-30
Gyeongsangbuk-do/경북,KR-47,Yeongyang-gun/영양군,KR-47-23,Cheonggi-myeon/청기면,KR-47-23-0
Gyeongsangbuk-do/경북,KR-47,Yeongyang-gun/영양군,KR-47-23,Ibam-myeon/입암면,KR-47-23-1
Gyeongsangbuk-do/경북,KR-47,Yeongyang-gun/영양군,KR-47-23,Irwol-myeon/일월면,KR-47-23-2
Gyeongsangbuk-do/경북,KR-47,Yeongyang-gun/영양군,KR-47-23,Seokbo-myeon/석보면,KR-47-23-3
Gyeongsangbuk-do/경북,KR-47,Yeongyang-gun/영양군,KR-47-23,Subi-myeon/수비면,KR-47-23-4
Gyeongsangbuk-do/경북,KR-47,Yeongyang-gun/영양군,KR-47-23,Yeongyang-eup/영양읍,KR-47-23-5
Gyeongsangnam-do/경남,KR-48,Changnyeong-gun/창녕군,KR-48-0,Bugok-myeon/부곡면,KR-48-0-0
Gyeongsangnam-do/경남,KR-48,Changnyeong-gun/창녕군,KR-48-0,Changnyeong-eup/창녕읍,KR-48-0-1
Gyeongsangnam-do/경남,KR-48,Changnyeong-gun/창녕군,KR-48-0,Daehap-myeon/대합면,KR-48-0-2
Gyeongsangnam-do/경남,KR-48,Changnyeong-gun/창녕군,KR-48-0,Daeji-myeon/대지면,KR-48-0-3
Gyeongsangnam-do/경남,KR-48,Changnyeong-gun/창녕군,KR-48-0,Docheon-myeon/도천면,KR-48-0-4
Gyeongsangnam-do/경남,KR-48,Changnyeong-gun/창녕군,KR-48-0,Gilgok-myeon/길곡면,KR-48-0-5
Gyeongsangnam-do/경남,KR-48,Changnyeong-gun/창녕군,KR-48-0,Goam-myeon/고암면,KR-48-0-6
Gyeongsangnam-do/경남,KR-48,Changnyeong-gun/창녕군,KR-48-0,Gyeseong-myeon/계성면,KR-48-0-7
Gyeongsangnam-do/경남,KR-48,Changnyeong-gun/창녕군,KR-48-0,Ibang-myeon/이방면,KR-48-0-8
Gyeongsangnam-do/경남,KR-48,Changnyeong-gun/창녕군,KR-48-0,Jangma-myeon/장마면,KR-48-0-9
Gyeongsangnam-do/경남,KR-48,Changnyeong-gun/창녕군,KR-48-0,Namji-eup/남지읍,KR-48-0-10
Gyeongsangnam-do/경남,KR-48,Changnyeong-gun/창녕군,KR-48-0,Seongsan-myeon/성산면,KR-48-0-11
Gyeongsangnam-do/경남,KR-48,Changnyeong-gun/창녕군,KR-48-0,Yeongsan-myeon/영산면,KR-48-0-12
Gyeongsangnam-do/경남,KR-48,Changnyeong-gun/창녕군,KR-48-0,Yueo-myeon/유어면,KR-48-0-13
Gyeongsangnam-do/경남,KR-48,Changwon-si/창원시,KR-48-1,Anmin-dong/안민동,KR-48-1-0
Gyeongsangnam-do/경남,KR-48,Changwon-si/창원시,KR-48-1,Bangye-dong/반계동,KR-48-1-1
Gyeongsangnam-do/경남,KR-48,Changwon-si/창원시,KR-48-1,Banji-dong/반지동,KR-48-1-2
Gyeongsangnam-do/경남,KR-48,Changwon-si/창원시,KR-48-1,Banrim-dong/반림동,KR-48-1-3
Gyeongsangnam-do/경남,KR-48,Changwon-si/창원시,KR-48-1,Bansong-dong/반송동,KR-48-1-4
Gyeongsangnam-do/경남,KR-48,Changwon-si/창원시,KR-48-1,Bonggok-dong/봉곡동,KR-48-1-5
Gyeongsangnam-do/경남,KR-48,Changwon-si/창원시,KR-48-1,Bongrim-dong/봉림동,KR-48-1-6
Gyeongsangnam-do/경남,KR-48,Changwon-si/창원시,KR-48-1,Buk-dong/북동,KR-48-1-7
Gyeongsangnam-do/경남,KR-48,Changwon-si/창원시,KR-48-1,Buk-myeon/북면,KR-48-1-8
Gyeongsangnam-do/경남,KR-48,Changwon-si/창원시,KR-48-1,Bulmosan-dong/불모산동,KR-48-1-9
Gyeongsangnam-do/경남,KR-48,Changwon-si/창원시,KR-48-1,Changgok-dong/창곡동,KR-48-1-10
Gyeongsangnam-do/경남,KR-48,Changwon-si/창원시,KR-48-1,Changwonucheguksaseoham/창원우체국사서함,KR-48-1-11
Gyeongsangnam-do/경남,KR-48,Changwon-si/창원시,KR-48-1,Charyong-dong/차룡동,KR-48-1-12
Gyeongsangnam-do/경남,KR-48,Changwon-si/창원시,KR-48-1,Cheonseon-dong/천선동,KR-48-1-13
Gyeongsangnam-do/경남,KR-48,Changwon-si/창원시,KR-48-1,Daebang-dong/대방동,KR-48-1-14
Gyeongsangnam-do/경남,KR-48,Changwon-si/창원시,KR-48-1,Daesan-myeon/대산면,KR-48-1-15
Gyeongsangnam-do/경남,KR-48,Changwon-si/창원시,KR-48-1,Daewon-dong/대원동,KR-48-1-16
Gyeongsangnam-do/경남,KR-48,Changwon-si/창원시,KR-48-1,Deokjeong-dong/덕정동,KR-48-1-17
Gyeongsangnam-do/경남,KR-48,Changwon-si/창원시,KR-48-1,Dogye-dong/도계동,KR-48-1-18
Gyeongsangnam-do/경남,KR-48,Changwon-si/창원시,KR-48-1,Dong-eup/동읍,KR-48-1-19
Gyeongsangnam-do/경남,KR-48,Changwon-si/창원시,KR-48-1,Dongjeong-dong/동정동,KR-48-1-20
Gyeongsangnam-do/경남,KR-48,Changwon-si/창원시,KR-48-1,Dudae-dong/두대동,KR-48-1-21
Gyeongsangnam-do/경남,KR-48,Changwon-si/창원시,KR-48-1,Gaeum-dong/가음동,KR-48-1-22
Gyeongsangnam-do/경남,KR-48,Changwon-si/창원시,KR-48-1,Gaeumjeong-dong/가음정동,KR-48-1-23
Gyeongsangnam-do/경남,KR-48,Changwon-si/창원시,KR-48-1,Gwigok-dong/귀곡동,KR-48-1-24
Gyeongsangnam-do/경남,KR-48,Changwon-si/창원시,KR-48-1,Gwihyeon-dong/귀현동,KR-48-1-25
Gyeongsangnam-do/경남,KR-48,Changwon-si/창원시,KR-48-1,Gwisan-dong/귀산동,KR-48-1-26
Gyeongsangnam-do/경남,KR-48,Changwon-si/창원시,KR-48-1,Jeokhyeon-dong/적현동,KR-48-1-27
Gyeongsangnam-do/경남,KR-48,Changwon-si/창원시,KR-48-1,Jigwi-dong/지귀동,KR-48-1-28
Gyeongsangnam-do/경남,KR-48,Changwon-si/창원시,KR-48-1,Jungang-dong/중앙동,KR-48-1-29
Gyeongsangnam-do/경남,KR-48,Changwon-si/창원시,KR-48-1,Jung-dong/중동,KR-48-1-30
Gyeongsangnam-do/경남,KR-48,Changwon-si/창원시,KR-48-1,Myeonggok-dong/명곡동,KR-48-1-31
Gyeongsangnam-do/경남,KR-48,Changwon-si/창원시,KR-48-1,Myeongseo-dong/명서동,KR-48-1-32
Gyeongsangnam-do/경남,KR-48,Changwon-si/창원시,KR-48-1,Nae-dong/내동,KR-48-1-33
Gyeongsangnam-do/경남,KR-48,Changwon-si/창원시,KR-48-1,Naeri-dong/내리동,KR-48-1-34
Gyeongsangnam-do/경남,KR-48,Changwon-si/창원시,KR-48-1,Namji-dong/남지동,KR-48-1-35
Gyeongsangnam-do/경남,KR-48,Changwon-si/창원시,KR-48-1,Namsan-dong/남산동,KR-48-1-36
Gyeongsangnam-do/경남,KR-48,Changwon-si/창원시,KR-48-1,Namyang-dong/남양동,KR-48-1-37
Gyeongsangnam-do/경남,KR-48,Changwon-si/창원시,KR-48-1,Oe-dong/외동,KR-48-1-38
Gyeongsangnam-do/경남,KR-48,Changwon-si/창원시,KR-48-1,Paryong-dong/팔용동,KR-48-1-39
Gyeongsangnam-do/경남,KR-48,Changwon-si/창원시,KR-48-1,Sahwa-dong/사화동,KR-48-1-40
Gyeongsangnam-do/경남,KR-48,Changwon-si/창원시,KR-48-1,Samdong-dong/삼동동,KR-48-1-41
Gyeongsangnam-do/경남,KR-48,Changwon-si/창원시,KR-48-1,Samjeongja-dong/삼정자동,KR-48-1-42
Gyeongsangnam-do/경남,KR-48,Changwon-si/창원시,KR-48-1,Sangbok-dong/상복동,KR-48-1-43
Gyeongsangnam-do/경남,KR-48,Changwon-si/창원시,KR-48-1,Sangnam-dong/상남동,KR-48-1-44
Gyeongsangnam-do/경남,KR-48,Changwon-si/창원시,KR-48-1,Sapa-dong/사파동,KR-48-1-45
Gyeongsangnam-do/경남,KR-48,Changwon-si/창원시,KR-48-1,Sapajeong-dong/사파정동,KR-48-1-46
Gyeongsangnam-do/경남,KR-48,Changwon-si/창원시,KR-48-1,Sarim-dong/사림동,KR-48-1-47
Gyeongsangnam-do/경남,KR-48,Changwon-si/창원시,KR-48-1,Seogok-dong/서곡동,KR-48-1-48
Gyeongsangnam-do/경남,KR-48,Changwon-si/창원시,KR-48-1,Seongju-dong/성주동,KR-48-1-49
Gyeongsangnam-do/경남,KR-48,Changwon-si/창원시,KR-48-1,Seongsan-dong/성산동,KR-48-1-50
Gyeongsangnam-do/경남,KR-48,Changwon-si/창원시,KR-48-1,Seosang-dong/서상동,KR-48-1-51
Gyeongsangnam-do/경남,KR-48,Changwon-si/창원시,KR-48-1,Sinchon-dong/신촌동,KR-48-1-52
Gyeongsangnam-do/경남,KR-48,Changwon-si/창원시,KR-48-1,Sinwol-dong/신월동,KR-48-1-53
Gyeongsangnam-do/경남,KR-48,Changwon-si/창원시,KR-48-1,Sodap-dong/소답동,KR-48-1-54
Gyeongsangnam-do/경남,KR-48,Changwon-si/창원시,KR-48-1,Sogye-dong/소계동,KR-48-1-55
Gyeongsangnam-do/경남,KR-48,Changwon-si/창원시,KR-48-1,Toechon-dong/퇴촌동,KR-48-1-56
Gyeongsangnam-do/경남,KR-48,Changwon-si/창원시,KR-48-1,Towol-dong/토월동,KR-48-1-57
Gyeongsangnam-do/경남,KR-48,Changwon-si/창원시,KR-48-1,Ungnam-dong/웅남동,KR-48-1-58
Gyeongsangnam-do/경남,KR-48,Changwon-si/창원시,KR-48-1,Wanam-dong/완암동,KR-48-1-59
Gyeongsangnam-do/경남,KR-48,Changwon-si/창원시,KR-48-1,Wollim-dong/월림동,KR-48-1-60
Gyeongsangnam-do/경남,KR-48,Changwon-si/창원시,KR-48-1,Yanggok-dong/양곡동,KR-48-1-61
Gyeongsangnam-do/경남,KR-48,Changwon-si/창원시,KR-48-1,Yong-dong/용동,KR-48-1-62
Gyeongsangnam-do/경남,KR-48,Changwon-si/창원시,KR-48-1,Yongho-dong/용호동,KR-48-1-63
Gyeongsangnam-do/경남,KR-48,Changwon-si/창원시,KR-48-1,Yongji-dong/용지동,KR-48-1-64
Gyeongsangnam-do/경남,KR-48,Geochang-gun/거창군,KR-48-2,Buksang-myeon/북상면,KR-48-2-0
Gyeongsangnam-do/경남,KR-48,Geochang-gun/거창군,KR-48-2,Gabuk-myeon/가북면,KR-48-2-1
Gyeongsangnam-do/경남,KR-48,Geochang-gun/거창군,KR-48-2,Gajo-myeon/가조면,KR-48-2-2
Gyeongsangnam-do/경남,KR-48,Geochang-gun/거창군,KR-48-2,Geochang-eup/거창읍,KR-48-2-3
Gyeongsangnam-do/경남,KR-48,Geochang-gun/거창군,KR-48-2,Goje-myeon/고제면,KR-48-2-4
Gyeongsangnam-do/경남,KR-48,Geochang-gun/거창군,KR-48-2,Jusang-myeon/주상면,KR-48-2-5
Gyeongsangnam-do/경남,KR-48,Geochang-gun/거창군,KR-48-2,Mari-myeon/마리면,KR-48-2-6
Gyeongsangnam-do/경남,KR-48,Geochang-gun/거창군,KR-48-2,Namha-myeon/남하면,KR-48-2-7
Gyeongsangnam-do/경남,KR-48,Geochang-gun/거창군,KR-48-2,Namsang-myeon/남상면,KR-48-2-8
Gyeongsangnam-do/경남,KR-48,Geochang-gun/거창군,KR-48-2,Sinwon-myeon/신원면,KR-48-2-9
Gyeongsangnam-do/경남,KR-48,Geochang-gun/거창군,KR-48-2,Ungyang-myeon/웅양면,KR-48-2-10
Gyeongsangnam-do/경남,KR-48,Geochang-gun/거창군,KR-48-2,Wicheon-myeon/위천면,KR-48-2-11
Gyeongsangnam-do/경남,KR-48,Geoje-si/거제시,KR-48-3,Aju-dong/아주동,KR-48-3-0
Gyeongsangnam-do/경남,KR-48,Geoje-si/거제시,KR-48-3,Ayang-dong/아양동,KR-48-3-1
Gyeongsangnam-do/경남,KR-48,Geoje-si/거제시,KR-48-3,Deokpo-dong/덕포동,KR-48-3-2
Gyeongsangnam-do/경남,KR-48,Geoje-si/거제시,KR-48-3,Dongbu-myeon/동부면,KR-48-3-3
Gyeongsangnam-do/경남,KR-48,Geoje-si/거제시,KR-48-3,Dumo-dong/두모동,KR-48-3-4
Gyeongsangnam-do/경남,KR-48,Geoje-si/거제시,KR-48-3,Dundeok-myeon/둔덕면,KR-48-3-5
Gyeongsangnam-do/경남,KR-48,Geoje-si/거제시,KR-48-3,Geoje-myeon/거제면,KR-48-3-6
Gyeongsangnam-do/경남,KR-48,Geoje-si/거제시,KR-48-3,Gohyeon-dong/고현동,KR-48-3-7
Gyeongsangnam-do/경남,KR-48,Geoje-si/거제시,KR-48-3,Hacheong-myeon/하청면,KR-48-3-8
Gyeongsangnam-do/경남,KR-48,Geoje-si/거제시,KR-48-3,Irun-myeon/일운면,KR-48-3-9
Gyeongsangnam-do/경남,KR-48,Geoje-si/거제시,KR-48-3,Jangmok-myeon/장목면,KR-48-3-10
Gyeongsangnam-do/경남,KR-48,Geoje-si/거제시,KR-48-3,Jangpyeong-dong/장평동,KR-48-3-11
Gyeongsangnam-do/경남,KR-48,Geoje-si/거제시,KR-48-3,Jangseungpo-dong/장승포동,KR-48-3-12
Gyeongsangnam-do/경남,KR-48,Geoje-si/거제시,KR-48-3,Jangseungpoucheguksaseoham/장승포우체국사서함,KR-48-3-13
Gyeongsangnam-do/경남,KR-48,Geoje-si/거제시,KR-48-3,Majeon-dong/마전동,KR-48-3-14
Gyeongsangnam-do/경남,KR-48,Geoje-si/거제시,KR-48-3,Mundong-dong/문동동,KR-48-3-15
Gyeongsangnam-do/경남,KR-48,Geoje-si/거제시,KR-48-3,Nambu-myeon/남부면,KR-48-3-16
Gyeongsangnam-do/경남,KR-48,Geoje-si/거제시,KR-48-3,Neungpo-dong/능포동,KR-48-3-17
Gyeongsangnam-do/경남,KR-48,Geoje-si/거제시,KR-48-3,Okpo 1(il)-dong/옥포1동,KR-48-3-18
Gyeongsangnam-do/경남,KR-48,Geoje-si/거제시,KR-48-3,Okpo 2(i)-dong/옥포2동,KR-48-3-19
Gyeongsangnam-do/경남,KR-48,Geoje-si/거제시,KR-48-3,Okpo-dong/옥포동,KR-48-3-20
Gyeongsangnam-do/경남,KR-48,Geoje-si/거제시,KR-48-3,Sadeung-myeon/사등면,KR-48-3-21
Gyeongsangnam-do/경남,KR-48,Geoje-si/거제시,KR-48-3,Samgeo-dong/삼거동,KR-48-3-22
Gyeongsangnam-do/경남,KR-48,Geoje-si/거제시,KR-48-3,Sangdong-dong/상동동,KR-48-3-23
Gyeongsangnam-do/경남,KR-48,Geoje-si/거제시,KR-48-3,Suwol-dong/수월동,KR-48-3-24
Gyeongsangnam-do/경남,KR-48,Geoje-si/거제시,KR-48-3,Yangjeong-dong/양정동,KR-48-3-25
Gyeongsangnam-do/경남,KR-48,Geoje-si/거제시,KR-48-3,Yeoncho-myeon/연초면,KR-48-3-26
Gyeongsangnam-do/경남,KR-48,Gimhae-si/김해시,KR-48-4,An-dong/안동,KR-48-4-0
Gyeongsangnam-do/경남,KR-48,Gimhae-si/김해시,KR-48-4,Bonghwang-dong/봉황동,KR-48-4-1
Gyeongsangnam-do/경남,KR-48,Gimhae-si/김해시,KR-48-4,Buram-dong/불암동,KR-48-4-2
Gyeongsangnam-do/경남,KR-48,Gimhae-si/김해시,KR-48-4,Buwon-dong/부원동,KR-48-4-3
Gyeongsangnam-do/경남,KR-48,Gimhae-si/김해시,KR-48-4,Daedong-myeon/대동면,KR-48-4-4
Gyeongsangnam-do/경남,KR-48,Gimhae-si/김해시,KR-48-4,Daeseong-dong/대성동,KR-48-4-5
Gyeongsangnam-do/경남,KR-48,Gimhae-si/김해시,KR-48-4,Dongsang-dong/동상동,KR-48-4-6
Gyeongsangnam-do/경남,KR-48,Gimhae-si/김해시,KR-48-4,Eobang-dong/어방동,KR-48-4-7
Gyeongsangnam-do/경남,KR-48,Gimhae-si/김해시,KR-48-4,Gang-dong/강동,KR-48-4-8
Gyeongsangnam-do/경남,KR-48,Gimhae-si/김해시,KR-48-4,Gimhaeucheguksaseoham/김해우체국사서함,KR-48-4-9
Gyeongsangnam-do/경남,KR-48,Gimhae-si/김해시,KR-48-4,Gusan-dong/구산동,KR-48-4-10
Gyeongsangnam-do/경남,KR-48,Gimhae-si/김해시,KR-48-4,Hanrim-myeon/한림면,KR-48-4-11
Gyeongsangnam-do/경남,KR-48,Gimhae-si/김해시,KR-48-4,Heung-dong/흥동,KR-48-4-12
Gyeongsangnam-do/경남,KR-48,Gimhae-si/김해시,KR-48-4,Hwamok-dong/화목동,KR-48-4-13
Gyeongsangnam-do/경남,KR-48,Gimhae-si/김해시,KR-48-4,I-dong/이동,KR-48-4-14
Gyeongsangnam-do/경남,KR-48,Gimhae-si/김해시,KR-48-4,Jangyu-myeon/장유면,KR-48-4-15
Gyeongsangnam-do/경남,KR-48,Gimhae-si/김해시,KR-48-4,Jeonha-dong/전하동,KR-48-4-16
Gyeongsangnam-do/경남,KR-48,Gimhae-si/김해시,KR-48-4,Jinae-dong/지내동,KR-48-4-17
Gyeongsangnam-do/경남,KR-48,Gimhae-si/김해시,KR-48-4,Jinrye-myeon/진례면,KR-48-4-18
Gyeongsangnam-do/경남,KR-48,Gimhae-si/김해시,KR-48-4,Jinyeong-eup/진영읍,KR-48-4-19
Gyeongsangnam-do/경남,KR-48,Gimhae-si/김해시,KR-48-4,Juchon-myeon/주촌면,KR-48-4-20
Gyeongsangnam-do/경남,KR-48,Gimhae-si/김해시,KR-48-4,Myeongbeop-dong/명법동,KR-48-4-21
Gyeongsangnam-do/경남,KR-48,Gimhae-si/김해시,KR-48-4,Nae-dong/내동,KR-48-4-22
Gyeongsangnam-do/경남,KR-48,Gimhae-si/김해시,KR-48-4,Oe-dong/외동,KR-48-4-23
Gyeongsangnam-do/경남,KR-48,Gimhae-si/김해시,KR-48-4,Pungyu-dong/풍유동,KR-48-4-24
Gyeongsangnam-do/경남,KR-48,Gimhae-si/김해시,KR-48-4,Saengrim-myeon/생림면,KR-48-4-25
Gyeongsangnam-do/경남,KR-48,Gimhae-si/김해시,KR-48-4,Sambang-dong/삼방동,KR-48-4-26
Gyeongsangnam-do/경남,KR-48,Gimhae-si/김해시,KR-48-4,Samgye-dong/삼계동,KR-48-4-27
Gyeongsangnam-do/경남,KR-48,Gimhae-si/김해시,KR-48-4,Samjeong-dong/삼정동,KR-48-4-28
Gyeongsangnam-do/경남,KR-48,Gimhae-si/김해시,KR-48-4,Sangdong-myeon/상동면,KR-48-4-29
Gyeongsangnam-do/경남,KR-48,Gimhae-si/김해시,KR-48-4,Seosang-dong/서상동,KR-48-4-30
Gyeongsangnam-do/경남,KR-48,Goseong-gun/고성군,KR-48-5,Daega-myeon/대가면,KR-48-5-0
Gyeongsangnam-do/경남,KR-48,Goseong-gun/고성군,KR-48-5,Donghae-myeon/동해면,KR-48-5-1
Gyeongsangnam-do/경남,KR-48,Goseong-gun/고성군,KR-48-5,Gaecheon-myeon/개천면,KR-48-5-2
Gyeongsangnam-do/경남,KR-48,Goseong-gun/고성군,KR-48-5,Ganseong-eup/간성읍,KR-48-5-3
Gyeongsangnam-do/경남,KR-48,Goseong-gun/고성군,KR-48-5,Geojin-eup/거진읍,KR-48-5-4
Gyeongsangnam-do/경남,KR-48,Goseong-gun/고성군,KR-48-5,Georyu-myeon/거류면,KR-48-5-5
Gyeongsangnam-do/경남,KR-48,Goseong-gun/고성군,KR-48-5,Goseong-eup/고성읍,KR-48-5-6
Gyeongsangnam-do/경남,KR-48,Goseong-gun/고성군,KR-48-5,Guman-myeon/구만면,KR-48-5-7
Gyeongsangnam-do/경남,KR-48,Goseong-gun/고성군,KR-48-5,Hail-myeon/하일면,KR-48-5-8
Gyeongsangnam-do/경남,KR-48,Goseong-gun/고성군,KR-48-5,Hai-myeon/하이면,KR-48-5-9
Gyeongsangnam-do/경남,KR-48,Goseong-gun/고성군,KR-48-5,Hoehwa-myeon/회화면,KR-48-5-10
Gyeongsangnam-do/경남,KR-48,Goseong-gun/고성군,KR-48-5,Hyeonnae-myeon/현내면,KR-48-5-11
Gyeongsangnam-do/경남,KR-48,Goseong-gun/고성군,KR-48-5,Jugwang-myeon/죽왕면,KR-48-5-12
Gyeongsangnam-do/경남,KR-48,Goseong-gun/고성군,KR-48-5,Maam-myeon/마암면,KR-48-5-13
Gyeongsangnam-do/경남,KR-48,Goseong-gun/고성군,KR-48-5,Samsan-myeon/삼산면,KR-48-5-14
Gyeongsangnam-do/경남,KR-48,Goseong-gun/고성군,KR-48-5,Sangri-myeon/상리면,KR-48-5-15
Gyeongsangnam-do/경남,KR-48,Goseong-gun/고성군,KR-48-5,Toseong-myeon/토성면,KR-48-5-16
Gyeongsangnam-do/경남,KR-48,Goseong-gun/고성군,KR-48-5,Yeonghyeon-myeon/영현면,KR-48-5-17
Gyeongsangnam-do/경남,KR-48,Goseong-gun/고성군,KR-48-5,Yeongo-myeon/영오면,KR-48-5-18
Gyeongsangnam-do/경남,KR-48,Hadong-gun/하동군,KR-48-6,Agyang-myeon/악양면,KR-48-6-0
Gyeongsangnam-do/경남,KR-48,Hadong-gun/하동군,KR-48-6,Bukcheon-myeon/북천면,KR-48-6-1
Gyeongsangnam-do/경남,KR-48,Hadong-gun/하동군,KR-48-6,Cheongam-myeon/청암면,KR-48-6-2
Gyeongsangnam-do/경남,KR-48,Hadong-gun/하동군,KR-48-6,Geumnam-myeon/금남면,KR-48-6-3
Gyeongsangnam-do/경남,KR-48,Hadong-gun/하동군,KR-48-6,Geumseong-myeon/금성면,KR-48-6-4
Gyeongsangnam-do/경남,KR-48,Hadong-gun/하동군,KR-48-6,Gojeon-myeon/고전면,KR-48-6-5
Gyeongsangnam-do/경남,KR-48,Hadong-gun/하동군,KR-48-6,Hadong-eup/하동읍,KR-48-6-6
Gyeongsangnam-do/경남,KR-48,Hadong-gun/하동군,KR-48-6,Hoengcheon-myeon/횡천면,KR-48-6-7
Gyeongsangnam-do/경남,KR-48,Hadong-gun/하동군,KR-48-6,Hwagae-myeon/화개면,KR-48-6-8
Gyeongsangnam-do/경남,KR-48,Hadong-gun/하동군,KR-48-6,Jeokryang-myeon/적량면,KR-48-6-9
Gyeongsangnam-do/경남,KR-48,Hadong-gun/하동군,KR-48-6,Jingyo-myeon/진교면,KR-48-6-10
Gyeongsangnam-do/경남,KR-48,Hadong-gun/하동군,KR-48-6,Okjong-myeon/옥종면,KR-48-6-11
Gyeongsangnam-do/경남,KR-48,Hadong-gun/하동군,KR-48-6,Yangbo-myeon/양보면,KR-48-6-12
Gyeongsangnam-do/경남,KR-48,Haman-gun/함안군,KR-48-7,Beopsu-myeon/법수면,KR-48-7-0
Gyeongsangnam-do/경남,KR-48,Haman-gun/함안군,KR-48-7,Chilbuk-myeon/칠북면,KR-48-7-1
Gyeongsangnam-do/경남,KR-48,Haman-gun/함안군,KR-48-7,Chilseo-myeon/칠서면,KR-48-7-2
Gyeongsangnam-do/경남,KR-48,Haman-gun/함안군,KR-48-7,Chirwon-myeon/칠원면,KR-48-7-3
Gyeongsangnam-do/경남,KR-48,Haman-gun/함안군,KR-48-7,Daesan-myeon/대산면,KR-48-7-4
Gyeongsangnam-do/경남,KR-48,Haman-gun/함안군,KR-48-7,Gaya-eup/가야읍,KR-48-7-5
Gyeongsangnam-do/경남,KR-48,Haman-gun/함안군,KR-48-7,Gunbuk-myeon/군북면,KR-48-7-6
Gyeongsangnam-do/경남,KR-48,Haman-gun/함안군,KR-48-7,Haman-myeon/함안면,KR-48-7-7
Gyeongsangnam-do/경남,KR-48,Haman-gun/함안군,KR-48-7,Sanin-myeon/산인면,KR-48-7-8
Gyeongsangnam-do/경남,KR-48,Haman-gun/함안군,KR-48-7,Yeohang-myeon/여항면,KR-48-7-9
Gyeongsangnam-do/경남,KR-48,Hamyang-gun/함양군,KR-48-8,Anui-myeon/안의면,KR-48-8-0
Gyeongsangnam-do/경남,KR-48,Hamyang-gun/함양군,KR-48-8,Baekjeon-myeon/백전면,KR-48-8-1
Gyeongsangnam-do/경남,KR-48,Hamyang-gun/함양군,KR-48-8,Byeonggok-myeon/병곡면,KR-48-8-2
Gyeongsangnam-do/경남,KR-48,Hamyang-gun/함양군,KR-48-8,Hamyang-eup/함양읍,KR-48-8-3
Gyeongsangnam-do/경남,KR-48,Hamyang-gun/함양군,KR-48-8,Hyucheon-myeon/휴천면,KR-48-8-4
Gyeongsangnam-do/경남,KR-48,Hamyang-gun/함양군,KR-48-8,Jigok-myeon/지곡면,KR-48-8-5
Gyeongsangnam-do/경남,KR-48,Hamyang-gun/함양군,KR-48-8,Macheon-myeon/마천면,KR-48-8-6
Gyeongsangnam-do/경남,KR-48,Hamyang-gun/함양군,KR-48-8,Seoha-myeon/서하면,KR-48-8-7
Gyeongsangnam-do/경남,KR-48,Hamyang-gun/함양군,KR-48-8,Seosang-myeon/서상면,KR-48-8-8
Gyeongsangnam-do/경남,KR-48,Hamyang-gun/함양군,KR-48-8,Sudong-myeon/수동면,KR-48-8-9
Gyeongsangnam-do/경남,KR-48,Hamyang-gun/함양군,KR-48-8,Yurim-myeon/유림면,KR-48-8-10
Gyeongsangnam-do/경남,KR-48,Hapcheon-gun/합천군,KR-48-9,Bongsan-myeon/봉산면,KR-48-9-0
Gyeongsangnam-do/경남,KR-48,Hapcheon-gun/합천군,KR-48-9,Cheongdeok-myeon/청덕면,KR-48-9-1
Gyeongsangnam-do/경남,KR-48,Hapcheon-gun/합천군,KR-48-9,Chogye-myeon/초계면,KR-48-9-2
Gyeongsangnam-do/경남,KR-48,Hapcheon-gun/합천군,KR-48-9,Daebyeong-myeon/대병면,KR-48-9-3
Gyeongsangnam-do/경남,KR-48,Hapcheon-gun/합천군,KR-48-9,Daeyang-myeon/대양면,KR-48-9-4
Gyeongsangnam-do/경남,KR-48,Hapcheon-gun/합천군,KR-48-9,Deokgok-myeon/덕곡면,KR-48-9-5
Gyeongsangnam-do/경남,KR-48,Hapcheon-gun/합천군,KR-48-9,Gahoe-myeon/가회면,KR-48-9-6
Gyeongsangnam-do/경남,KR-48,Hapcheon-gun/합천군,KR-48-9,Gaya-myeon/가야면,KR-48-9-7
Gyeongsangnam-do/경남,KR-48,Hapcheon-gun/합천군,KR-48-9,Hapcheon-eup/합천읍,KR-48-9-8
Gyeongsangnam-do/경남,KR-48,Hapcheon-gun/합천군,KR-48-9,Jeokjung-myeon/적중면,KR-48-9-9
Gyeongsangnam-do/경남,KR-48,Hapcheon-gun/합천군,KR-48-9,Myosan-myeon/묘산면,KR-48-9-10
Gyeongsangnam-do/경남,KR-48,Hapcheon-gun/합천군,KR-48-9,Samga-myeon/삼가면,KR-48-9-11
Gyeongsangnam-do/경남,KR-48,Hapcheon-gun/합천군,KR-48-9,Ssangbaek-myeon/쌍백면,KR-48-9-12
Gyeongsangnam-do/경남,KR-48,Hapcheon-gun/합천군,KR-48-9,Ssangchaek-myeon/쌍책면,KR-48-9-13
Gyeongsangnam-do/경남,KR-48,Hapcheon-gun/합천군,KR-48-9,Yaro-myeon/야로면,KR-48-9-14
Gyeongsangnam-do/경남,KR-48,Hapcheon-gun/합천군,KR-48-9,Yongju-myeon/용주면,KR-48-9-15
Gyeongsangnam-do/경남,KR-48,Hapcheon-gun/합천군,KR-48-9,Yulgok-myeon/율곡면,KR-48-9-16
Gyeongsangnam-do/경남,KR-48,Jinhae-si/진해시,KR-48-10,Aenggok-dong/앵곡동,KR-48-10-0
Gyeongsangnam-do/경남,KR-48,Jinhae-si/진해시,KR-48-10,Angok-dong/안곡동,KR-48-10-1
Gyeongsangnam-do/경남,KR-48,Jinhae-si/진해시,KR-48-10,Angol-dong/안골동,KR-48-10-2
Gyeongsangnam-do/경남,KR-48,Jinhae-si/진해시,KR-48-10,Bibong-dong/비봉동,KR-48-10-3
Gyeongsangnam-do/경남,KR-48,Jinhae-si/진해시,KR-48-10,Buheung-dong/부흥동,KR-48-10-4
Gyeongsangnam-do/경남,KR-48,Jinhae-si/진해시,KR-48-10,Bukbu-dong/북부동,KR-48-10-5
Gyeongsangnam-do/경남,KR-48,Jinhae-si/진해시,KR-48-10,Changseon-dong/창선동,KR-48-10-6
Gyeongsangnam-do/경남,KR-48,Jinhae-si/진해시,KR-48-10,Cheongan-dong/청안동,KR-48-10-7
Gyeongsangnam-do/경남,KR-48,Jinhae-si/진해시,KR-48-10,Chungmu-dong/충무동,KR-48-10-8
Gyeongsangnam-do/경남,KR-48,Jinhae-si/진해시,KR-48-10,Chungui-dong/충의동,KR-48-10-9
Gyeongsangnam-do/경남,KR-48,Jinhae-si/진해시,KR-48-10,Daecheon-dong/대천동,KR-48-10-10
Gyeongsangnam-do/경남,KR-48,Jinhae-si/진해시,KR-48-10,Daeheung-dong/대흥동,KR-48-10-11
Gyeongsangnam-do/경남,KR-48,Jinhae-si/진해시,KR-48-10,Daejang-dong/대장동,KR-48-10-12
Gyeongsangnam-do/경남,KR-48,Jinhae-si/진해시,KR-48-10,Daejuk-dong/대죽동,KR-48-10-13
Gyeongsangnam-do/경남,KR-48,Jinhae-si/진해시,KR-48-10,Daeyeong-dong/대영동,KR-48-10-14
Gyeongsangnam-do/경남,KR-48,Jinhae-si/진해시,KR-48-10,Deoksan-dong/덕산동,KR-48-10-15
Gyeongsangnam-do/경남,KR-48,Jinhae-si/진해시,KR-48-10,Docheon-dong/도천동,KR-48-10-16
Gyeongsangnam-do/경남,KR-48,Jinhae-si/진해시,KR-48-10,Doman-dong/도만동,KR-48-10-17
Gyeongsangnam-do/경남,KR-48,Jinhae-si/진해시,KR-48-10,Dongsang-dong/동상동,KR-48-10-18
Gyeongsangnam-do/경남,KR-48,Jinhae-si/진해시,KR-48-10,Du-dong/두동,KR-48-10-19
Gyeongsangnam-do/경남,KR-48,Jinhae-si/진해시,KR-48-10,Gaju-dong/가주동,KR-48-10-20
Gyeongsangnam-do/경남,KR-48,Jinhae-si/진해시,KR-48-10,Geunhwa-dong/근화동,KR-48-10-21
Gyeongsangnam-do/경남,KR-48,Jinhae-si/진해시,KR-48-10,Gwanghwa-dong/광화동,KR-48-10-22
Gyeongsangnam-do/경남,KR-48,Jinhae-si/진해시,KR-48-10,Gyeonghwa-dong/경화동,KR-48-10-23
Gyeongsangnam-do/경남,KR-48,Jinhae-si/진해시,KR-48-10,Haengam-dong/행암동,KR-48-10-24
Gyeongsangnam-do/경남,KR-48,Jinhae-si/진해시,KR-48-10,Hoehyeon-dong/회현동,KR-48-10-25
Gyeongsangnam-do/경남,KR-48,Jinhae-si/진해시,KR-48-10,Hwacheon-dong/화천동,KR-48-10-26
Gyeongsangnam-do/경남,KR-48,Jinhae-si/진해시,KR-48-10,Hyeon-dong/현동,KR-48-10-27
Gyeongsangnam-do/경남,KR-48,Jinhae-si/진해시,KR-48-10,I-dong/이동,KR-48-10-28
Gyeongsangnam-do/경남,KR-48,Jinhae-si/진해시,KR-48-10,Ikseon-dong/익선동,KR-48-10-29
Gyeongsangnam-do/경남,KR-48,Jinhae-si/진해시,KR-48-10,Insa-dong/인사동,KR-48-10-30
Gyeongsangnam-do/경남,KR-48,Jinhae-si/진해시,KR-48-10,Inui-dong/인의동,KR-48-10-31
Gyeongsangnam-do/경남,KR-48,Jinhae-si/진해시,KR-48-10,Jaeun-dong/자은동,KR-48-10-32
Gyeongsangnam-do/경남,KR-48,Jinhae-si/진해시,KR-48-10,Jangcheon-dong/장천동,KR-48-10-33
Gyeongsangnam-do/경남,KR-48,Jinhae-si/진해시,KR-48-10,Jedeok-dong/제덕동,KR-48-10-34
Gyeongsangnam-do/경남,KR-48,Jinhae-si/진해시,KR-48-10,Jehwangsan-dong/제황산동,KR-48-10-35
Gyeongsangnam-do/경남,KR-48,Jinhae-si/진해시,KR-48-10,Jinhaeucheguksaseoham/진해우체국사서함,KR-48-10-36
Gyeongsangnam-do/경남,KR-48,Jinhae-si/진해시,KR-48-10,Jukgok-dong/죽곡동,KR-48-10-37
Gyeongsangnam-do/경남,KR-48,Jinhae-si/진해시,KR-48-10,Jungang-dong/중앙동,KR-48-10-38
Gyeongsangnam-do/경남,KR-48,Jinhae-si/진해시,KR-48-10,Jungpyeong-dong/중평동,KR-48-10-39
Gyeongsangnam-do/경남,KR-48,Jinhae-si/진해시,KR-48-10,Macheon-dong/마천동,KR-48-10-40
Gyeongsangnam-do/경남,KR-48,Jinhae-si/진해시,KR-48-10,Musong-dong/무송동,KR-48-10-41
Gyeongsangnam-do/경남,KR-48,Jinhae-si/진해시,KR-48-10,Myeong-dong/명동,KR-48-10-42
Gyeongsangnam-do/경남,KR-48,Jinhae-si/진해시,KR-48-10,Nambin-dong/남빈동,KR-48-10-43
Gyeongsangnam-do/경남,KR-48,Jinhae-si/진해시,KR-48-10,Nammun-dong/남문동,KR-48-10-44
Gyeongsangnam-do/경남,KR-48,Jinhae-si/진해시,KR-48-10,Namyang-dong/남양동,KR-48-10-45
Gyeongsangnam-do/경남,KR-48,Jinhae-si/진해시,KR-48-10,Pungho-dong/풍호동,KR-48-10-46
Gyeongsangnam-do/경남,KR-48,Jinhae-si/진해시,KR-48-10,Pyeongan-dong/평안동,KR-48-10-47
Gyeongsangnam-do/경남,KR-48,Jinhae-si/진해시,KR-48-10,Seojung-dong/서중동,KR-48-10-48
Gyeongsangnam-do/경남,KR-48,Jinhae-si/진해시,KR-48-10,Seok-dong/석동,KR-48-10-49
Gyeongsangnam-do/경남,KR-48,Jinhae-si/진해시,KR-48-10,Seongnae-dong/성내동,KR-48-10-50
Gyeongsangnam-do/경남,KR-48,Jinhae-si/진해시,KR-48-10,Sinheung-dong/신흥동,KR-48-10-51
Gyeongsangnam-do/경남,KR-48,Jinhae-si/진해시,KR-48-10,Sokcheon-dong/속천동,KR-48-10-52
Gyeongsangnam-do/경남,KR-48,Jinhae-si/진해시,KR-48-10,Songhak-dong/송학동,KR-48-10-53
Gyeongsangnam-do/경남,KR-48,Jinhae-si/진해시,KR-48-10,Songjuk-dong/송죽동,KR-48-10-54
Gyeongsangnam-do/경남,KR-48,Jinhae-si/진해시,KR-48-10,Sosa-dong/소사동,KR-48-10-55
Gyeongsangnam-do/경남,KR-48,Jinhae-si/진해시,KR-48-10,Sudo-dong/수도동,KR-48-10-56
Gyeongsangnam-do/경남,KR-48,Jinhae-si/진해시,KR-48-10,Sungin-dong/숭인동,KR-48-10-57
Gyeongsangnam-do/경남,KR-48,Jinhae-si/진해시,KR-48-10,Susong-dong/수송동,KR-48-10-58
Gyeongsangnam-do/경남,KR-48,Jinhae-si/진해시,KR-48-10,Taebaek-dong/태백동,KR-48-10-59
Gyeongsangnam-do/경남,KR-48,Jinhae-si/진해시,KR-48-10,Taepyeong-dong/태평동,KR-48-10-60
Gyeongsangnam-do/경남,KR-48,Jinhae-si/진해시,KR-48-10,Tongsin-dong/통신동,KR-48-10-61
Gyeongsangnam-do/경남,KR-48,Jinhae-si/진해시,KR-48-10,Wonpo-dong/원포동,KR-48-10-62
Gyeongsangnam-do/경남,KR-48,Jinhae-si/진해시,KR-48-10,Yeojwa-dong/여좌동,KR-48-10-63
Gyeongsangnam-do/경남,KR-48,Jinhae-si/진해시,KR-48-10,Yeondo-dong/연도동,KR-48-10-64
Gyeongsangnam-do/경남,KR-48,Jinhae-si/진해시,KR-48-10,Yongwon-dong/용원동,KR-48-10-65
Gyeongsangnam-do/경남,KR-48,Jinju-si/진주시,KR-48-11,Bonggok-dong/봉곡동,KR-48-11-0
Gyeongsangnam-do/경남,KR-48,Jinju-si/진주시,KR-48-11,Bongrae-dong/봉래동,KR-48-11-1
Gyeongsangnam-do/경남,KR-48,Jinju-si/진주시,KR-48-11,Bonseong-dong/본성동,KR-48-11-2
Gyeongsangnam-do/경남,KR-48,Jinju-si/진주시,KR-48-11,Chiram-dong/칠암동,KR-48-11-3
Gyeongsangnam-do/경남,KR-48,Jinju-si/진주시,KR-48-11,Chojeon-dong/초전동,KR-48-11-4
Gyeongsangnam-do/경남,KR-48,Jinju-si/진주시,KR-48-11,Daean-dong/대안동,KR-48-11-5
Gyeongsangnam-do/경남,KR-48,Jinju-si/진주시,KR-48-11,Daegok-myeon/대곡면,KR-48-11-6
Gyeongsangnam-do/경남,KR-48,Jinju-si/진주시,KR-48-11,Daepyeong-myeon/대평면,KR-48-11-7
Gyeongsangnam-do/경남,KR-48,Jinju-si/진주시,KR-48-11,Dongseong-dong/동성동,KR-48-11-8
Gyeongsangnam-do/경남,KR-48,Jinju-si/진주시,KR-48-11,Gajwa-dong/가좌동,KR-48-11-9
Gyeongsangnam-do/경남,KR-48,Jinju-si/진주시,KR-48-11,Gangnam-dong/강남동,KR-48-11-10
Gyeongsangnam-do/경남,KR-48,Jinju-si/진주시,KR-48-11,Geumgok-myeon/금곡면,KR-48-11-11
Gyeongsangnam-do/경남,KR-48,Jinju-si/진주시,KR-48-11,Geumsan-myeon/금산면,KR-48-11-12
Gyeongsangnam-do/경남,KR-48,Jinju-si/진주시,KR-48-11,Gwigok-dong/귀곡동,KR-48-11-13
Gyeongsangnam-do/경남,KR-48,Jinju-si/진주시,KR-48-11,Gye-dong/계동,KR-48-11-14
Gyeongsangnam-do/경남,KR-48,Jinju-si/진주시,KR-48-11,Hachon-dong/하촌동,KR-48-11-15
Gyeongsangnam-do/경남,KR-48,Jinju-si/진주시,KR-48-11,Hadae 1(il)-dong/하대1동,KR-48-11-16
Gyeongsangnam-do/경남,KR-48,Jinju-si/진주시,KR-48-11,Hadae 2(i)-dong/하대2동,KR-48-11-17
Gyeongsangnam-do/경남,KR-48,Jinju-si/진주시,KR-48-11,Hadae-dong/하대동,KR-48-11-18
Gyeongsangnam-do/경남,KR-48,Jinju-si/진주시,KR-48-11,Hotan-dong/호탄동,KR-48-11-19
Gyeongsangnam-do/경남,KR-48,Jinju-si/진주시,KR-48-11,Ibanseong-myeon/이반성면,KR-48-11-20
Gyeongsangnam-do/경남,KR-48,Jinju-si/진주시,KR-48-11,Ihyeon-dong/이현동,KR-48-11-21
Gyeongsangnam-do/경남,KR-48,Jinju-si/진주시,KR-48-11,Ilbanseong-myeon/일반성면,KR-48-11-22
Gyeongsangnam-do/경남,KR-48,Jinju-si/진주시,KR-48-11,Insa-dong/인사동,KR-48-11-23
Gyeongsangnam-do/경남,KR-48,Jinju-si/진주시,KR-48-11,Jangdae-dong/장대동,KR-48-11-24
Gyeongsangnam-do/경남,KR-48,Jinju-si/진주시,KR-48-11,Jangjae-dong/장재동,KR-48-11-25
Gyeongsangnam-do/경남,KR-48,Jinju-si/진주시,KR-48-11,Jeongchon-myeon/정촌면,KR-48-11-26
Gyeongsangnam-do/경남,KR-48,Jinju-si/진주시,KR-48-11,Jinjuucheguksaseoham/진주우체국사서함,KR-48-11-27
Gyeongsangnam-do/경남,KR-48,Jinju-si/진주시,KR-48-11,Jinseong-myeon/진성면,KR-48-11-28
Gyeongsangnam-do/경남,KR-48,Jinju-si/진주시,KR-48-11,Jiphyeon-myeon/집현면,KR-48-11-29
Gyeongsangnam-do/경남,KR-48,Jinju-si/진주시,KR-48-11,Jisu-myeon/지수면,KR-48-11-30
Gyeongsangnam-do/경남,KR-48,Jinju-si/진주시,KR-48-11,Jungan-dong/중안동,KR-48-11-31
Gyeongsangnam-do/경남,KR-48,Jinju-si/진주시,KR-48-11,Juyak-dong/주약동,KR-48-11-32
Gyeongsangnam-do/경남,KR-48,Jinju-si/진주시,KR-48-11,Manggyeong-dong/망경동,KR-48-11-33
Gyeongsangnam-do/경남,KR-48,Jinju-si/진주시,KR-48-11,Micheon-myeon/미천면,KR-48-11-34
Gyeongsangnam-do/경남,KR-48,Jinju-si/진주시,KR-48-11,Munsan-eup/문산읍,KR-48-11-35
Gyeongsangnam-do/경남,KR-48,Jinju-si/진주시,KR-48-11,Myeongseok-myeon/명석면,KR-48-11-36
Gyeongsangnam-do/경남,KR-48,Jinju-si/진주시,KR-48-11,Naedong-myeon/내동면,KR-48-11-37
Gyeongsangnam-do/경남,KR-48,Jinju-si/진주시,KR-48-11,Namseong-dong/남성동,KR-48-11-38
Gyeongsangnam-do/경남,KR-48,Jinju-si/진주시,KR-48-11,Okbong-dong/옥봉동,KR-48-11-39
Gyeongsangnam-do/경남,KR-48,Jinju-si/진주시,KR-48-11,Panmun-dong/판문동,KR-48-11-40
Gyeongsangnam-do/경남,KR-48,Jinju-si/진주시,KR-48-11,Pyeongan-dong/평안동,KR-48-11-41
Gyeongsangnam-do/경남,KR-48,Jinju-si/진주시,KR-48-11,Pyeonggeo-dong/평거동,KR-48-11-42
Gyeongsangnam-do/경남,KR-48,Jinju-si/진주시,KR-48-11,Sabong-myeon/사봉면,KR-48-11-43
Gyeongsangnam-do/경남,KR-48,Jinju-si/진주시,KR-48-11,Sangbong-dong/상봉동,KR-48-11-44
Gyeongsangnam-do/경남,KR-48,Jinju-si/진주시,KR-48-11,Sangbongdong-dong/상봉동동,KR-48-11-45
Gyeongsangnam-do/경남,KR-48,Jinju-si/진주시,KR-48-11,Sangbongseo-dong/상봉서동,KR-48-11-46
Gyeongsangnam-do/경남,KR-48,Jinju-si/진주시,KR-48-11,Sangdae 1(il)-dong/상대1동,KR-48-11-47
Gyeongsangnam-do/경남,KR-48,Jinju-si/진주시,KR-48-11,Sangdae 2(i)-dong/상대2동,KR-48-11-48
Gyeongsangnam-do/경남,KR-48,Jinju-si/진주시,KR-48-11,Sangdae-dong/상대동,KR-48-11-49
Gyeongsangnam-do/경남,KR-48,Jinju-si/진주시,KR-48-11,Sangpyeong-dong/상평동,KR-48-11-50
Gyeongsangnam-do/경남,KR-48,Jinju-si/진주시,KR-48-11,Sinan-dong/신안동,KR-48-11-51
Gyeongsangnam-do/경남,KR-48,Jinju-si/진주시,KR-48-11,Sugok-myeon/수곡면,KR-48-11-52
Gyeongsangnam-do/경남,KR-48,Jinju-si/진주시,KR-48-11,Sujeong-dong/수정동,KR-48-11-53
Gyeongsangnam-do/경남,KR-48,Jinju-si/진주시,KR-48-11,Yugok-dong/유곡동,KR-48-11-54
Gyeongsangnam-do/경남,KR-48,Masan-si/마산시,KR-48-12,Banwol-dong/반월동,KR-48-12-0
Gyeongsangnam-do/경남,KR-48,Masan-si/마산시,KR-48-12,Bongam-dong/봉암동,KR-48-12-1
Gyeongsangnam-do/경남,KR-48,Masan-si/마산시,KR-48-12,Burim-dong/부림동,KR-48-12-2
Gyeongsangnam-do/경남,KR-48,Masan-si/마산시,KR-48-12,Chang-dong/창동,KR-48-12-3
Gyeongsangnam-do/경남,KR-48,Masan-si/마산시,KR-48-12,Changpodong 1(il)-ga/창포동1가,KR-48-12-4
Gyeongsangnam-do/경남,KR-48,Masan-si/마산시,KR-48-12,Changpodong 2(i)-ga/창포동2가,KR-48-12-5
Gyeongsangnam-do/경남,KR-48,Masan-si/마산시,KR-48-12,Changpodong 3(sam)-ga/창포동3가,KR-48-12-6
Gyeongsangnam-do/경남,KR-48,Masan-si/마산시,KR-48-12,Cheonggye-dong/청계동,KR-48-12-7
Gyeongsangnam-do/경남,KR-48,Masan-si/마산시,KR-48-12,Chusan-dong/추산동,KR-48-12-8
Gyeongsangnam-do/경남,KR-48,Masan-si/마산시,KR-48-12,Daechang-dong/대창동,KR-48-12-9
Gyeongsangnam-do/경남,KR-48,Masan-si/마산시,KR-48-12,Daenae-dong/대내동,KR-48-12-10
Gyeongsangnam-do/경남,KR-48,Masan-si/마산시,KR-48-12,Daeoe-dong/대외동,KR-48-12-11
Gyeongsangnam-do/경남,KR-48,Masan-si/마산시,KR-48-12,Daeseongdong 1(il)-ga/대성동1가,KR-48-12-12
Gyeongsangnam-do/경남,KR-48,Masan-si/마산시,KR-48-12,Daeseongdong 2(i)-ga/대성동2가,KR-48-12-13
Gyeongsangnam-do/경남,KR-48,Masan-si/마산시,KR-48-12,Deokdong-dong/덕동동,KR-48-12-14
Gyeongsangnam-do/경남,KR-48,Masan-si/마산시,KR-48-12,Dongseong-dong/동성동,KR-48-12-15
Gyeongsangnam-do/경남,KR-48,Masan-si/마산시,KR-48-12,Ducheok-dong/두척동,KR-48-12-16
Gyeongsangnam-do/경남,KR-48,Masan-si/마산시,KR-48-12,Duwoldong 1(il)-ga/두월동1가,KR-48-12-17
Gyeongsangnam-do/경남,KR-48,Masan-si/마산시,KR-48-12,Duwoldong 2(i)-ga/두월동2가,KR-48-12-18
Gyeongsangnam-do/경남,KR-48,Masan-si/마산시,KR-48-12,Duwoldong 3(sam)-ga/두월동3가,KR-48-12-19
Gyeongsangnam-do/경남,KR-48,Masan-si/마산시,KR-48-12,Gapo-dong/가포동,KR-48-12-20
Gyeongsangnam-do/경남,KR-48,Masan-si/마산시,KR-48-12,Guam 1(il)-dong/구암1동,KR-48-12-21
Gyeongsangnam-do/경남,KR-48,Masan-si/마산시,KR-48-12,Guam 2(i)-dong/구암2동,KR-48-12-22
Gyeongsangnam-do/경남,KR-48,Masan-si/마산시,KR-48-12,Guam-dong/구암동,KR-48-12-23
Gyeongsangnam-do/경남,KR-48,Masan-si/마산시,KR-48-12,Gusan-myeon/구산면,KR-48-12-24
Gyeongsangnam-do/경남,KR-48,Masan-si/마산시,KR-48-12,Gyobang-dong/교방동,KR-48-12-25
Gyeongsangnam-do/경남,KR-48,Masan-si/마산시,KR-48-12,Gyowon-dong/교원동,KR-48-12-26
Gyeongsangnam-do/경남,KR-48,Masan-si/마산시,KR-48-12,Haeun-dong/해운동,KR-48-12-27
Gyeongsangnam-do/경남,KR-48,Masan-si/마산시,KR-48-12,Hapseong 1(il)-dong/합성1동,KR-48-12-28
Gyeongsangnam-do/경남,KR-48,Masan-si/마산시,KR-48-12,Hapseong 2(i)-dong/합성2동,KR-48-12-29
Gyeongsangnam-do/경남,KR-48,Masan-si/마산시,KR-48-12,Hapseong-dong/합성동,KR-48-12-30
Gyeongsangnam-do/경남,KR-48,Masan-si/마산시,KR-48-12,Hoeseong-dong/회성동,KR-48-12-31
Gyeongsangnam-do/경남,KR-48,Masan-si/마산시,KR-48-12,Hoewon 1(il)-dong/회원1동,KR-48-12-32
Gyeongsangnam-do/경남,KR-48,Masan-si/마산시,KR-48-12,Hoewon 2(i)-dong/회원2동,KR-48-12-33
Gyeongsangnam-do/경남,KR-48,Masan-si/마산시,KR-48-12,Hoewon-dong/회원동,KR-48-12-34
Gyeongsangnam-do/경남,KR-48,Masan-si/마산시,KR-48-12,Hongmun-dong/홍문동,KR-48-12-35
Gyeongsangnam-do/경남,KR-48,Masan-si/마산시,KR-48-12,Hwayeong-dong/화영동,KR-48-12-36
Gyeongsangnam-do/경남,KR-48,Masan-si/마산시,KR-48-12,Hyeon-dong/현동,KR-48-12-37
Gyeongsangnam-do/경남,KR-48,Masan-si/마산시,KR-48-12,Janggundong 1(il)-ga/장군동1가,KR-48-12-38
Gyeongsangnam-do/경남,KR-48,Masan-si/마산시,KR-48-12,Janggundong 2(i)-ga/장군동2가,KR-48-12-39
Gyeongsangnam-do/경남,KR-48,Masan-si/마산시,KR-48-12,Janggundong 3(sam)-ga/장군동3가,KR-48-12-40
Gyeongsangnam-do/경남,KR-48,Masan-si/마산시,KR-48-12,Janggundong 4(sa)-ga/장군동4가,KR-48-12-41
Gyeongsangnam-do/경남,KR-48,Masan-si/마산시,KR-48-12,Janggundong 5(o)-ga/장군동5가,KR-48-12-42
Gyeongsangnam-do/경남,KR-48,Masan-si/마산시,KR-48-12,Jasan-dong/자산동,KR-48-12-43
Gyeongsangnam-do/경남,KR-48,Masan-si/마산시,KR-48-12,Jinbuk-myeon/진북면,KR-48-12-44
Gyeongsangnam-do/경남,KR-48,Masan-si/마산시,KR-48-12,Jindong-myeon/진동면,KR-48-12-45
Gyeongsangnam-do/경남,KR-48,Masan-si/마산시,KR-48-12,Jinjeon-myeon/진전면,KR-48-12-46
Gyeongsangnam-do/경남,KR-48,Masan-si/마산시,KR-48-12,Jungangdong 1(il)-ga/중앙동1가,KR-48-12-47
Gyeongsangnam-do/경남,KR-48,Masan-si/마산시,KR-48-12,Jungangdong 2(i)-ga/중앙동2가,KR-48-12-48
Gyeongsangnam-do/경남,KR-48,Masan-si/마산시,KR-48-12,Jungangdong 3(sam)-ga/중앙동3가,KR-48-12-49
Gyeongsangnam-do/경남,KR-48,Masan-si/마산시,KR-48-12,Jungseong-dong/중성동,KR-48-12-50
Gyeongsangnam-do/경남,KR-48,Masan-si/마산시,KR-48-12,Masanhappoucheguksaseoham/마산합포우체국사서함,KR-48-12-51
Gyeongsangnam-do/경남,KR-48,Masan-si/마산시,KR-48-12,Masansuchuljiyeogucheguksaseoham/마산수출지역우체국사서함,KR-48-12-52
Gyeongsangnam-do/경남,KR-48,Masan-si/마산시,KR-48-12,Masanucheguksaseoham/마산우체국사서함,KR-48-12-53
Gyeongsangnam-do/경남,KR-48,Masan-si/마산시,KR-48-12,Munhwa-dong/문화동,KR-48-12-54
Gyeongsangnam-do/경남,KR-48,Masan-si/마산시,KR-48-12,Naeseo-eup/내서읍,KR-48-12-55
Gyeongsangnam-do/경남,KR-48,Masan-si/마산시,KR-48-12,Namseong-dong/남성동,KR-48-12-56
Gyeongsangnam-do/경남,KR-48,Masan-si/마산시,KR-48-12,Odong-dong/오동동,KR-48-12-57
Gyeongsangnam-do/경남,KR-48,Masan-si/마산시,KR-48-12,Pyeonghwa-dong/평화동,KR-48-12-58
Gyeongsangnam-do/경남,KR-48,Masan-si/마산시,KR-48-12,Sangnam 1(il)-dong/상남1동,KR-48-12-59
Gyeongsangnam-do/경남,KR-48,Masan-si/마산시,KR-48-12,Sangnam 2(i)-dong/상남2동,KR-48-12-60
Gyeongsangnam-do/경남,KR-48,Masan-si/마산시,KR-48-12,Sangnam-dong/상남동,KR-48-12-61
Gyeongsangnam-do/경남,KR-48,Masan-si/마산시,KR-48-12,Sanho-dong/산호동,KR-48-12-62
Gyeongsangnam-do/경남,KR-48,Masan-si/마산시,KR-48-12,Seokjeon 1(il)-dong/석전1동,KR-48-12-63
Gyeongsangnam-do/경남,KR-48,Masan-si/마산시,KR-48-12,Seokjeon 2(i)-dong/석전2동,KR-48-12-64
Gyeongsangnam-do/경남,KR-48,Masan-si/마산시,KR-48-12,Seokjeon-dong/석전동,KR-48-12-65
Gyeongsangnam-do/경남,KR-48,Masan-si/마산시,KR-48-12,Seongho-dong/성호동,KR-48-12-66
Gyeongsangnam-do/경남,KR-48,Masan-si/마산시,KR-48-12,Seoseong-dong/서성동,KR-48-12-67
Gyeongsangnam-do/경남,KR-48,Masan-si/마산시,KR-48-12,Sinchang-dong/신창동,KR-48-12-68
Gyeongsangnam-do/경남,KR-48,Masan-si/마산시,KR-48-12,Sinheung-dong/신흥동,KR-48-12-69
Gyeongsangnam-do/경남,KR-48,Masan-si/마산시,KR-48-12,Sinpodong 1(il)-ga/신포동1가,KR-48-12-70
Gyeongsangnam-do/경남,KR-48,Masan-si/마산시,KR-48-12,Sinpodong 2(i)-ga/신포동2가,KR-48-12-71
Gyeongsangnam-do/경남,KR-48,Masan-si/마산시,KR-48-12,Sinwol-dong/신월동,KR-48-12-72
Gyeongsangnam-do/경남,KR-48,Masan-si/마산시,KR-48-12,Suseong-dong/수성동,KR-48-12-73
Gyeongsangnam-do/경남,KR-48,Masan-si/마산시,KR-48-12,Usan-dong/우산동,KR-48-12-74
Gyeongsangnam-do/경남,KR-48,Masan-si/마산시,KR-48-12,Wanwol-dong/완월동,KR-48-12-75
Gyeongsangnam-do/경남,KR-48,Masan-si/마산시,KR-48-12,Wolnamdong 1(il)-ga/월남동1가,KR-48-12-76
Gyeongsangnam-do/경남,KR-48,Masan-si/마산시,KR-48-12,Wolnamdong 2(i)-ga/월남동2가,KR-48-12-77
Gyeongsangnam-do/경남,KR-48,Masan-si/마산시,KR-48-12,Wolnamdong 3(sam)-ga/월남동3가,KR-48-12-78
Gyeongsangnam-do/경남,KR-48,Masan-si/마산시,KR-48-12,Wolnamdong 4(sa)-ga/월남동4가,KR-48-12-79
Gyeongsangnam-do/경남,KR-48,Masan-si/마산시,KR-48-12,Wolnamdong 5(o)-ga/월남동5가,KR-48-12-80
Gyeongsangnam-do/경남,KR-48,Masan-si/마산시,KR-48-12,Wolpo-dong/월포동,KR-48-12-81
Gyeongsangnam-do/경남,KR-48,Masan-si/마산시,KR-48-12,Woryeong 1(il)-dong/월영1동,KR-48-12-82
Gyeongsangnam-do/경남,KR-48,Masan-si/마산시,KR-48-12,Woryeong 2(i)-dong/월영2동,KR-48-12-83
Gyeongsangnam-do/경남,KR-48,Masan-si/마산시,KR-48-12,Woryeong-dong/월영동,KR-48-12-84
Gyeongsangnam-do/경남,KR-48,Masan-si/마산시,KR-48-12,Yangdeog 1(il)-dong/양덕1동,KR-48-12-85
Gyeongsangnam-do/경남,KR-48,Masan-si/마산시,KR-48-12,Yangdeog 2(i)-dong/양덕2동,KR-48-12-86
Gyeongsangnam-do/경남,KR-48,Masan-si/마산시,KR-48-12,Yangdeok-dong/양덕동,KR-48-12-87
Gyeongsangnam-do/경남,KR-48,Masan-si/마산시,KR-48-12,Yegok-dong/예곡동,KR-48-12-88
Gyeongsangnam-do/경남,KR-48,Masan-si/마산시,KR-48-12,Yurok-dong/유록동,KR-48-12-89
Gyeongsangnam-do/경남,KR-48,Miryang-si/밀양시,KR-48-13,Bubuk-myeon/부북면,KR-48-13-0
Gyeongsangnam-do/경남,KR-48,Miryang-si/밀양시,KR-48-13,Cheongdo-myeon/청도면,KR-48-13-1
Gyeongsangnam-do/경남,KR-48,Miryang-si/밀양시,KR-48-13,Chodong-myeon/초동면,KR-48-13-2
Gyeongsangnam-do/경남,KR-48,Miryang-si/밀양시,KR-48-13,Danjang-myeon/단장면,KR-48-13-3
Gyeongsangnam-do/경남,KR-48,Miryang-si/밀양시,KR-48-13,Gagok-dong/가곡동,KR-48-13-4
Gyeongsangnam-do/경남,KR-48,Miryang-si/밀양시,KR-48-13,Gyo-dong/교동,KR-48-13-5
Gyeongsangnam-do/경남,KR-48,Miryang-si/밀양시,KR-48-13,Hanam-eup/하남읍,KR-48-13-6
Gyeongsangnam-do/경남,KR-48,Miryang-si/밀양시,KR-48-13,Hwalseong-dong/활성동,KR-48-13-7
Gyeongsangnam-do/경남,KR-48,Miryang-si/밀양시,KR-48-13,Miryangucheguksaseoham/밀양우체국사서함,KR-48-13-8
Gyeongsangnam-do/경남,KR-48,Miryang-si/밀양시,KR-48-13,Muan-myeon/무안면,KR-48-13-9
Gyeongsangnam-do/경남,KR-48,Miryang-si/밀양시,KR-48-13,Naei-dong/내이동,KR-48-13-10
Gyeongsangnam-do/경남,KR-48,Miryang-si/밀양시,KR-48-13,Naeil-dong/내일동,KR-48-13-11
Gyeongsangnam-do/경남,KR-48,Miryang-si/밀양시,KR-48-13,Nampo-dong/남포동,KR-48-13-12
Gyeongsangnam-do/경남,KR-48,Miryang-si/밀양시,KR-48-13,Sammun-dong/삼문동,KR-48-13-13
Gyeongsangnam-do/경남,KR-48,Miryang-si/밀양시,KR-48-13,Samrangjin-eup/삼랑진읍,KR-48-13-14
Gyeongsangnam-do/경남,KR-48,Miryang-si/밀양시,KR-48-13,Sangdong-myeon/상동면,KR-48-13-15
Gyeongsangnam-do/경남,KR-48,Miryang-si/밀양시,KR-48-13,Sangnam-myeon/상남면,KR-48-13-16
Gyeongsangnam-do/경남,KR-48,Miryang-si/밀양시,KR-48-13,Sannae-myeon/산내면,KR-48-13-17
Gyeongsangnam-do/경남,KR-48,Miryang-si/밀양시,KR-48-13,Sanoe-myeon/산외면,KR-48-13-18
Gyeongsangnam-do/경남,KR-48,Miryang-si/밀양시,KR-48-13,Yongpyeong-dong/용평동,KR-48-13-19
Gyeongsangnam-do/경남,KR-48,Namhae-gun/남해군,KR-48-14,Changseon-myeon/창선면,KR-48-14-0
Gyeongsangnam-do/경남,KR-48,Namhae-gun/남해군,KR-48-14,Gohyeon-myeon/고현면,KR-48-14-1
Gyeongsangnam-do/경남,KR-48,Namhae-gun/남해군,KR-48-14,Idong-myeon/이동면,KR-48-14-2
Gyeongsangnam-do/경남,KR-48,Namhae-gun/남해군,KR-48-14,Mijo-myeon/미조면,KR-48-14-3
Gyeongsangnam-do/경남,KR-48,Namhae-gun/남해군,KR-48-14,Namhae-eup/남해읍,KR-48-14-4
Gyeongsangnam-do/경남,KR-48,Namhae-gun/남해군,KR-48-14,Nam-myeon/남면,KR-48-14-5
Gyeongsangnam-do/경남,KR-48,Namhae-gun/남해군,KR-48-14,Samdong-myeon/삼동면,KR-48-14-6
Gyeongsangnam-do/경남,KR-48,Namhae-gun/남해군,KR-48-14,Sangju-myeon/상주면,KR-48-14-7
Gyeongsangnam-do/경남,KR-48,Namhae-gun/남해군,KR-48-14,Seolcheon-myeon/설천면,KR-48-14-8
Gyeongsangnam-do/경남,KR-48,Namhae-gun/남해군,KR-48-14,Seo-myeon/서면,KR-48-14-9
Gyeongsangnam-do/경남,KR-48,Sacheon-si/사천시,KR-48-15,Baekcheon-dong/백천동,KR-48-15-0
Gyeongsangnam-do/경남,KR-48,Sacheon-si/사천시,KR-48-15,Beolli-dong/벌리동,KR-48-15-1
Gyeongsangnam-do/경남,KR-48,Sacheon-si/사천시,KR-48-15,Bongnam-dong/봉남동,KR-48-15-2
Gyeongsangnam-do/경남,KR-48,Sacheon-si/사천시,KR-48-15,Chukdong-myeon/축동면,KR-48-15-3
Gyeongsangnam-do/경남,KR-48,Sacheon-si/사천시,KR-48-15,Daebang-dong/대방동,KR-48-15-4
Gyeongsangnam-do/경남,KR-48,Sacheon-si/사천시,KR-48-15,Daepo-dong/대포동,KR-48-15-5
Gyeongsangnam-do/경남,KR-48,Sacheon-si/사천시,KR-48-15,Dong-dong/동동,KR-48-15-6
Gyeongsangnam-do/경남,KR-48,Sacheon-si/사천시,KR-48-15,Donggeum-dong/동금동,KR-48-15-7
Gyeongsangnam-do/경남,KR-48,Sacheon-si/사천시,KR-48-15,Dongrim-dong/동림동,KR-48-15-8
Gyeongsangnam-do/경남,KR-48,Sacheon-si/사천시,KR-48-15,Gonmyeong-myeon/곤명면,KR-48-15-9
Gyeongsangnam-do/경남,KR-48,Sacheon-si/사천시,KR-48-15,Gonyang-myeon/곤양면,KR-48-15-10
Gyeongsangnam-do/경남,KR-48,Sacheon-si/사천시,KR-48-15,Gungji-dong/궁지동,KR-48-15-11
Gyeongsangnam-do/경남,KR-48,Sacheon-si/사천시,KR-48-15,Hyangchon-dong/향촌동,KR-48-15-12
Gyeongsangnam-do/경남,KR-48,Sacheon-si/사천시,KR-48-15,Igeum-dong/이금동,KR-48-15-13
Gyeongsangnam-do/경남,KR-48,Sacheon-si/사천시,KR-48-15,Ihol-dong/이홀동,KR-48-15-14
Gyeongsangnam-do/경남,KR-48,Sacheon-si/사천시,KR-48-15,Jeongdong-myeon/정동면,KR-48-15-15
Gyeongsangnam-do/경남,KR-48,Sacheon-si/사천시,KR-48-15,Jukrim-dong/죽림동,KR-48-15-16
Gyeongsangnam-do/경남,KR-48,Sacheon-si/사천시,KR-48-15,Jwaryong-dong/좌룡동,KR-48-15-17
Gyeongsangnam-do/경남,KR-48,Sacheon-si/사천시,KR-48-15,Mado-dong/마도동,KR-48-15-18
Gyeongsangnam-do/경남,KR-48,Sacheon-si/사천시,KR-48-15,Neukdo-dong/늑도동,KR-48-15-19
Gyeongsangnam-do/경남,KR-48,Sacheon-si/사천시,KR-48-15,Noryong-dong/노룡동,KR-48-15-20
Gyeongsangnam-do/경남,KR-48,Sacheon-si/사천시,KR-48-15,Sacheon-eup/사천읍,KR-48-15-21
Gyeongsangnam-do/경남,KR-48,Sacheon-si/사천시,KR-48-15,Sadeung-dong/사등동,KR-48-15-22
Gyeongsangnam-do/경남,KR-48,Sacheon-si/사천시,KR-48-15,Samcheonpoucheguksaseoham/삼천포우체국사서함,KR-48-15-23
Gyeongsangnam-do/경남,KR-48,Sacheon-si/사천시,KR-48-15,Sanam-myeon/사남면,KR-48-15-24
Gyeongsangnam-do/경남,KR-48,Sacheon-si/사천시,KR-48-15,Seo-dong/서동,KR-48-15-25
Gyeongsangnam-do/경남,KR-48,Sacheon-si/사천시,KR-48-15,Seogeum-dong/서금동,KR-48-15-26
Gyeongsangnam-do/경남,KR-48,Sacheon-si/사천시,KR-48-15,Seongu-dong/선구동,KR-48-15-27
Gyeongsangnam-do/경남,KR-48,Sacheon-si/사천시,KR-48-15,Seopo-myeon/서포면,KR-48-15-28
Gyeongsangnam-do/경남,KR-48,Sacheon-si/사천시,KR-48-15,Sinbyeok-dong/신벽동,KR-48-15-29
Gyeongsangnam-do/경남,KR-48,Sacheon-si/사천시,KR-48-15,Sinsu-dong/신수동,KR-48-15-30
Gyeongsangnam-do/경남,KR-48,Sacheon-si/사천시,KR-48-15,Siran-dong/실안동,KR-48-15-31
Gyeongsangnam-do/경남,KR-48,Sacheon-si/사천시,KR-48-15,Songpo-dong/송포동,KR-48-15-32
Gyeongsangnam-do/경남,KR-48,Sacheon-si/사천시,KR-48-15,Waryong-dong/와룡동,KR-48-15-33
Gyeongsangnam-do/경남,KR-48,Sacheon-si/사천시,KR-48-15,Yonggang-dong/용강동,KR-48-15-34
Gyeongsangnam-do/경남,KR-48,Sacheon-si/사천시,KR-48-15,Yonghyeon-myeon/용현면,KR-48-15-35
Gyeongsangnam-do/경남,KR-48,Sancheong-gun/산청군,KR-48-16,Chahwang-myeon/차황면,KR-48-16-0
Gyeongsangnam-do/경남,KR-48,Sancheong-gun/산청군,KR-48-16,Danseong-myeon/단성면,KR-48-16-1
Gyeongsangnam-do/경남,KR-48,Sancheong-gun/산청군,KR-48-16,Geumseo-myeon/금서면,KR-48-16-2
Gyeongsangnam-do/경남,KR-48,Sancheong-gun/산청군,KR-48-16,Obu-myeon/오부면,KR-48-16-3
Gyeongsangnam-do/경남,KR-48,Sancheong-gun/산청군,KR-48-16,Saengbiryang-myeon/생비량면,KR-48-16-4
Gyeongsangnam-do/경남,KR-48,Sancheong-gun/산청군,KR-48-16,Saengcho-myeon/생초면,KR-48-16-5
Gyeongsangnam-do/경남,KR-48,Sancheong-gun/산청군,KR-48-16,Samjang-myeon/삼장면,KR-48-16-6
Gyeongsangnam-do/경남,KR-48,Sancheong-gun/산청군,KR-48-16,Sancheong-eup/산청읍,KR-48-16-7
Gyeongsangnam-do/경남,KR-48,Sancheong-gun/산청군,KR-48-16,Sicheon-myeon/시천면,KR-48-16-8
Gyeongsangnam-do/경남,KR-48,Sancheong-gun/산청군,KR-48-16,Sinan-myeon/신안면,KR-48-16-9
Gyeongsangnam-do/경남,KR-48,Sancheong-gun/산청군,KR-48-16,Sindeung-myeon/신등면,KR-48-16-10
Gyeongsangnam-do/경남,KR-48,Tongyeong-si/통영시,KR-48-17,Bongpyeong-dong/봉평동,KR-48-17-0
Gyeongsangnam-do/경남,KR-48,Tongyeong-si/통영시,KR-48-17,Buksin-dong/북신동,KR-48-17-1
Gyeongsangnam-do/경남,KR-48,Tongyeong-si/통영시,KR-48-17,Dang-dong/당동,KR-48-17-2
Gyeongsangnam-do/경남,KR-48,Tongyeong-si/통영시,KR-48-17,Docheon-dong/도천동,KR-48-17-3
Gyeongsangnam-do/경남,KR-48,Tongyeong-si/통영시,KR-48-17,Donam-dong/도남동,KR-48-17-4
Gyeongsangnam-do/경남,KR-48,Tongyeong-si/통영시,KR-48-17,Dongho-dong/동호동,KR-48-17-5
Gyeongsangnam-do/경남,KR-48,Tongyeong-si/통영시,KR-48-17,Dosan-myeon/도산면,KR-48-17-6
Gyeongsangnam-do/경남,KR-48,Tongyeong-si/통영시,KR-48-17,Gwangdo-myeon/광도면,KR-48-17-7
Gyeongsangnam-do/경남,KR-48,Tongyeong-si/통영시,KR-48-17,Hangnam-dong/항남동,KR-48-17-8
Gyeongsangnam-do/경남,KR-48,Tongyeong-si/통영시,KR-48-17,Hansan-myeon/한산면,KR-48-17-9
Gyeongsangnam-do/경남,KR-48,Tongyeong-si/통영시,KR-48-17,Inpyeong-dong/인평동,KR-48-17-10
Gyeongsangnam-do/경남,KR-48,Tongyeong-si/통영시,KR-48-17,Jeongryang-dong/정량동,KR-48-17-11
Gyeongsangnam-do/경남,KR-48,Tongyeong-si/통영시,KR-48-17,Jungang-dong/중앙동,KR-48-17-12
Gyeongsangnam-do/경남,KR-48,Tongyeong-si/통영시,KR-48-17,Misu 1(il)-dong/미수1동,KR-48-17-13
Gyeongsangnam-do/경남,KR-48,Tongyeong-si/통영시,KR-48-17,Misu 2(i)-dong/미수2동,KR-48-17-14
Gyeongsangnam-do/경남,KR-48,Tongyeong-si/통영시,KR-48-17,Misu-dong/미수동,KR-48-17-15
Gyeongsangnam-do/경남,KR-48,Tongyeong-si/통영시,KR-48-17,Mujeon-dong/무전동,KR-48-17-16
Gyeongsangnam-do/경남,KR-48,Tongyeong-si/통영시,KR-48-17,Munhwa-dong/문화동,KR-48-17-17
Gyeongsangnam-do/경남,KR-48,Tongyeong-si/통영시,KR-48-17,Myeongjeong-dong/명정동,KR-48-17-18
Gyeongsangnam-do/경남,KR-48,Tongyeong-si/통영시,KR-48-17,Pyeongrim-dong/평림동,KR-48-17-19
Gyeongsangnam-do/경남,KR-48,Tongyeong-si/통영시,KR-48-17,Sanyang-eup/산양읍,KR-48-17-20
Gyeongsangnam-do/경남,KR-48,Tongyeong-si/통영시,KR-48-17,Saryang-myeon/사량면,KR-48-17-21
Gyeongsangnam-do/경남,KR-48,Tongyeong-si/통영시,KR-48-17,Seoho-dong/서호동,KR-48-17-22
Gyeongsangnam-do/경남,KR-48,Tongyeong-si/통영시,KR-48-17,Taepyeong-dong/태평동,KR-48-17-23
Gyeongsangnam-do/경남,KR-48,Tongyeong-si/통영시,KR-48-17,Tongyeongucheguksaseoham/통영우체국사서함,KR-48-17-24
Gyeongsangnam-do/경남,KR-48,Tongyeong-si/통영시,KR-48-17,Yokji-myeon/욕지면,KR-48-17-25
Gyeongsangnam-do/경남,KR-48,Tongyeong-si/통영시,KR-48-17,Yongnam-myeon/용남면,KR-48-17-26
Gyeongsangnam-do/경남,KR-48,Uiryeong-gun/의령군,KR-48-18,Bongsu-myeon/봉수면,KR-48-18-0
Gyeongsangnam-do/경남,KR-48,Uiryeong-gun/의령군,KR-48-18,Burim-myeon/부림면,KR-48-18-1
Gyeongsangnam-do/경남,KR-48,Uiryeong-gun/의령군,KR-48-18,Chilgok-myeon/칠곡면,KR-48-18-2
Gyeongsangnam-do/경남,KR-48,Uiryeong-gun/의령군,KR-48-18,Daeui-myeon/대의면,KR-48-18-3
Gyeongsangnam-do/경남,KR-48,Uiryeong-gun/의령군,KR-48-18,Garye-myeon/가례면,KR-48-18-4
Gyeongsangnam-do/경남,KR-48,Uiryeong-gun/의령군,KR-48-18,Gungryu-myeon/궁류면,KR-48-18-5
Gyeongsangnam-do/경남,KR-48,Uiryeong-gun/의령군,KR-48-18,Hwajeong-myeon/화정면,KR-48-18-6
Gyeongsangnam-do/경남,KR-48,Uiryeong-gun/의령군,KR-48-18,Jeonggok-myeon/정곡면,KR-48-18-7
Gyeongsangnam-do/경남,KR-48,Uiryeong-gun/의령군,KR-48-18,Jijeong-myeon/지정면,KR-48-18-8
Gyeongsangnam-do/경남,KR-48,Uiryeong-gun/의령군,KR-48-18,Nakseo-myeon/낙서면,KR-48-18-9
Gyeongsangnam-do/경남,KR-48,Uiryeong-gun/의령군,KR-48-18,Uiryeong-eup/의령읍,KR-48-18-10
Gyeongsangnam-do/경남,KR-48,Uiryeong-gun/의령군,KR-48-18,Yongdeok-myeon/용덕면,KR-48-18-11
Gyeongsangnam-do/경남,KR-48,Uiryeong-gun/의령군,KR-48-18,Yugok-myeon/유곡면,KR-48-18-12
Gyeongsangnam-do/경남,KR-48,Yangsan-si/양산시,KR-48-19,Bukbu-dong/북부동,KR-48-19-0
Gyeongsangnam-do/경남,KR-48,Yangsan-si/양산시,KR-48-19,Bukjeong-dong/북정동,KR-48-19-1
Gyeongsangnam-do/경남,KR-48,Yangsan-si/양산시,KR-48-19,Dabang-dong/다방동,KR-48-19-2
Gyeongsangnam-do/경남,KR-48,Yangsan-si/양산시,KR-48-19,Deokgye-dong/덕계동,KR-48-19-3
Gyeongsangnam-do/경남,KR-48,Yangsan-si/양산시,KR-48-19,Dong-myeon/동면,KR-48-19-4
Gyeongsangnam-do/경남,KR-48,Yangsan-si/양산시,KR-48-19,Eogok-dong/어곡동,KR-48-19-5
Gyeongsangnam-do/경남,KR-48,Yangsan-si/양산시,KR-48-19,Gyo-dong/교동,KR-48-19-6
Gyeongsangnam-do/경남,KR-48,Yangsan-si/양산시,KR-48-19,Habuk-myeon/하북면,KR-48-19-7
Gyeongsangnam-do/경남,KR-48,Yangsan-si/양산시,KR-48-19,Hogye-dong/호계동,KR-48-19-8
Gyeongsangnam-do/경남,KR-48,Yangsan-si/양산시,KR-48-19,Jujin-dong/주진동,KR-48-19-9
Gyeongsangnam-do/경남,KR-48,Yangsan-si/양산시,KR-48-19,Junam-dong/주남동,KR-48-19-10
Gyeongsangnam-do/경남,KR-48,Yangsan-si/양산시,KR-48-19,Jungbu-dong/중부동,KR-48-19-11
Gyeongsangnam-do/경남,KR-48,Yangsan-si/양산시,KR-48-19,Maegok-dong/매곡동,KR-48-19-12
Gyeongsangnam-do/경남,KR-48,Yangsan-si/양산시,KR-48-19,Mulgeum-eup/물금읍,KR-48-19-13
Gyeongsangnam-do/경남,KR-48,Yangsan-si/양산시,KR-48-19,Myeong-dong/명동,KR-48-19-14
Gyeongsangnam-do/경남,KR-48,Yangsan-si/양산시,KR-48-19,Myeonggok-dong/명곡동,KR-48-19-15
Gyeongsangnam-do/경남,KR-48,Yangsan-si/양산시,KR-48-19,Nambu-dong/남부동,KR-48-19-16
Gyeongsangnam-do/경남,KR-48,Yangsan-si/양산시,KR-48-19,Pyeongsan-dong/평산동,KR-48-19-17
Gyeongsangnam-do/경남,KR-48,Yangsan-si/양산시,KR-48-19,Samho-dong/삼호동,KR-48-19-18
Gyeongsangnam-do/경남,KR-48,Yangsan-si/양산시,KR-48-19,Sangbuk-myeon/상북면,KR-48-19-19
Gyeongsangnam-do/경남,KR-48,Yangsan-si/양산시,KR-48-19,Sanmak-dong/산막동,KR-48-19-20
Gyeongsangnam-do/경남,KR-48,Yangsan-si/양산시,KR-48-19,Singi-dong/신기동,KR-48-19-21
Gyeongsangnam-do/경남,KR-48,Yangsan-si/양산시,KR-48-19,Soju-dong/소주동,KR-48-19-22
Gyeongsangnam-do/경남,KR-48,Yangsan-si/양산시,KR-48-19,Wondong-myeon/원동면,KR-48-19-23
Gyeongsangnam-do/경남,KR-48,Yangsan-si/양산시,KR-48-19,Yangsanucheguksaseoham/양산우체국사서함,KR-48-19-24
Gyeongsangnam-do/경남,KR-48,Yangsan-si/양산시,KR-48-19,Yongdang-dong/용당동,KR-48-19-25
Gyeongsangnam-do/경남,KR-48,Yangsan-si/양산시,KR-48-19,Yusan-dong/유산동,KR-48-19-26
Incheon/인천,KR-28,Bupyeong-gu/부평구,KR-28-0,Bugae 1(il)-dong/부개1동,KR-28-0-0
Incheon/인천,KR-28,Bupyeong-gu/부평구,KR-28-0,Bugae 2(i)-dong/부개2동,KR-28-0-1
Incheon/인천,KR-28,Bupyeong-gu/부평구,KR-28-0,Bugae 3(sam)-dong/부개3동,KR-28-0-2
Incheon/인천,KR-28,Bupyeong-gu/부평구,KR-28-0,Bugae-dong/부개동,KR-28-0-3
Incheon/인천,KR-28,Bupyeong-gu/부평구,KR-28-0,Bugincheonucheguksaseoham/북인천우체국사서함,KR-28-0-4
Incheon/인천,KR-28,Bupyeong-gu/부평구,KR-28-0,Bupyeong 1(il)-dong/부평1동,KR-28-0-5
Incheon/인천,KR-28,Bupyeong-gu/부평구,KR-28-0,Bupyeong 2(i)-dong/부평2동,KR-28-0-6
Incheon/인천,KR-28,Bupyeong-gu/부평구,KR-28-0,Bupyeong 3(sam)-dong/부평3동,KR-28-0-7
Incheon/인천,KR-28,Bupyeong-gu/부평구,KR-28-0,Bupyeong 4(sa)-dong/부평4동,KR-28-0-8
Incheon/인천,KR-28,Bupyeong-gu/부평구,KR-28-0,Bupyeong 5(o)-dong/부평5동,KR-28-0-9
Incheon/인천,KR-28,Bupyeong-gu/부평구,KR-28-0,Bupyeong 6(yuk)-dong/부평6동,KR-28-0-10
Incheon/인천,KR-28,Bupyeong-gu/부평구,KR-28-0,Bupyeong-dong/부평동,KR-28-0-11
Incheon/인천,KR-28,Bupyeong-gu/부평구,KR-28-0,Cheongcheon 1(il)-dong/청천1동,KR-28-0-12
Incheon/인천,KR-28,Bupyeong-gu/부평구,KR-28-0,Cheongcheon 2(i)-dong/청천2동,KR-28-0-13
Incheon/인천,KR-28,Bupyeong-gu/부평구,KR-28-0,Cheongcheon-dong/청천동,KR-28-0-14
Incheon/인천,KR-28,Bupyeong-gu/부평구,KR-28-0,Galsan 1(il)-dong/갈산1동,KR-28-0-15
Incheon/인천,KR-28,Bupyeong-gu/부평구,KR-28-0,Galsan 2(i)-dong/갈산2동,KR-28-0-16
Incheon/인천,KR-28,Bupyeong-gu/부평구,KR-28-0,Galsan-dong/갈산동,KR-28-0-17
Incheon/인천,KR-28,Bupyeong-gu/부평구,KR-28-0,Gusan-dong/구산동,KR-28-0-18
Incheon/인천,KR-28,Bupyeong-gu/부평구,KR-28-0,Ilsin-dong/일신동,KR-28-0-19
Incheon/인천,KR-28,Bupyeong-gu/부평구,KR-28-0,Samsan 1(il)-dong/삼산1동,KR-28-0-20
Incheon/인천,KR-28,Bupyeong-gu/부평구,KR-28-0,Samsan 2(i)-dong/삼산2동,KR-28-0-21
Incheon/인천,KR-28,Bupyeong-gu/부평구,KR-28-0,Samsan-dong/삼산동,KR-28-0-22
Incheon/인천,KR-28,Bupyeong-gu/부평구,KR-28-0,Sangog 1(il)-dong/산곡1동,KR-28-0-23
Incheon/인천,KR-28,Bupyeong-gu/부평구,KR-28-0,Sangog 2(i)-dong/산곡2동,KR-28-0-24
Incheon/인천,KR-28,Bupyeong-gu/부평구,KR-28-0,Sangog 3(sam)-dong/산곡3동,KR-28-0-25
Incheon/인천,KR-28,Bupyeong-gu/부평구,KR-28-0,Sangog 4(sa)-dong/산곡4동,KR-28-0-26
Incheon/인천,KR-28,Bupyeong-gu/부평구,KR-28-0,Sangok-dong/산곡동,KR-28-0-27
Incheon/인천,KR-28,Bupyeong-gu/부평구,KR-28-0,Sipjeong 1(il)-dong/십정1동,KR-28-0-28
Incheon/인천,KR-28,Bupyeong-gu/부평구,KR-28-0,Sipjeong 2(i)-dong/십정2동,KR-28-0-29
Incheon/인천,KR-28,Bupyeong-gu/부평구,KR-28-0,Sipjeong-dong/십정동,KR-28-0-30
Incheon/인천,KR-28,Dong-gu/동구,KR-28-1,Baegan-dong/백안동,KR-28-1-0
Incheon/인천,KR-28,Dong-gu/동구,KR-28-1,Bangchon-dong/방촌동,KR-28-1-1
Incheon/인천,KR-28,Dong-gu/동구,KR-28-1,Bangeo-dong/방어동,KR-28-1-2
Incheon/인천,KR-28,Dong-gu/동구,KR-28-1,Beomil-dong/범일동,KR-28-1-3
Incheon/인천,KR-28,Dong-gu/동구,KR-28-1,Beomir 1(il)-dong/범일1동,KR-28-1-4
Incheon/인천,KR-28,Dong-gu/동구,KR-28-1,Beomir 2(i)-dong/범일2동,KR-28-1-5
Incheon/인천,KR-28,Dong-gu/동구,KR-28-1,Beomir 4(sa)-dong/범일4동,KR-28-1-6
Incheon/인천,KR-28,Dong-gu/동구,KR-28-1,Beomir 5(o)-dong/범일5동,KR-28-1-7
Incheon/인천,KR-28,Dong-gu/동구,KR-28-1,Biryong-dong/비룡동,KR-28-1-8
Incheon/인천,KR-28,Dong-gu/동구,KR-28-1,Bongmu-dong/봉무동,KR-28-1-9
Incheon/인천,KR-28,Dong-gu/동구,KR-28-1,Bu-dong/부동,KR-28-1-10
Incheon/인천,KR-28,Dong-gu/동구,KR-28-1,Bullo-dong/불로동,KR-28-1-11
Incheon/인천,KR-28,Dong-gu/동구,KR-28-1,Bullo-dong/불로동,KR-28-1-11
Incheon/인천,KR-28,Dong-gu/동구,KR-28-1,Changyeong-dong/창영동,KR-28-1-12
Incheon/인천,KR-28,Dong-gu/동구,KR-28-1,Cheon-dong/천동,KR-28-1-13
Incheon/인천,KR-28,Dong-gu/동구,KR-28-1,Choryang 1(il)-dong/초량1동,KR-28-1-14
Incheon/인천,KR-28,Dong-gu/동구,KR-28-1,Choryang 2(i)-dong/초량2동,KR-28-1-15
Incheon/인천,KR-28,Dong-gu/동구,KR-28-1,Choryang 3(sam)-dong/초량3동,KR-28-1-16
Incheon/인천,KR-28,Dong-gu/동구,KR-28-1,Choryang 6(yuk)-dong/초량6동,KR-28-1-17
Incheon/인천,KR-28,Dong-gu/동구,KR-28-1,Choryang-dong/초량동,KR-28-1-18
Incheon/인천,KR-28,Dong-gu/동구,KR-28-1,Chu-dong/추동,KR-28-1-19
Incheon/인천,KR-28,Dong-gu/동구,KR-28-1,Chungjangro 1(il)-ga/충장로1가,KR-28-1-20
Incheon/인천,KR-28,Dong-gu/동구,KR-28-1,Chungjangro 2(i)-ga/충장로2가,KR-28-1-21
Incheon/인천,KR-28,Dong-gu/동구,KR-28-1,Chungjangro 3(sam)-ga/충장로3가,KR-28-1-22
Incheon/인천,KR-28,Dong-gu/동구,KR-28-1,Chungjangro 4(sa)-ga/충장로4가,KR-28-1-23
Incheon/인천,KR-28,Dong-gu/동구,KR-28-1,Chungjangro 5(o)-ga/충장로5가,KR-28-1-24
Incheon/인천,KR-28,Dong-gu/동구,KR-28-1,Dae 1(il)-dong/대1동,KR-28-1-25
Incheon/인천,KR-28,Dong-gu/동구,KR-28-1,Dae 2(i)-dong/대2동,KR-28-1-26
Incheon/인천,KR-28,Dong-gu/동구,KR-28-1,Daebyeol-dong/대별동,KR-28-1-27
Incheon/인천,KR-28,Dong-gu/동구,KR-28-1,Dae-dong/대동,KR-28-1-28
Incheon/인천,KR-28,Dong-gu/동구,KR-28-1,Daein-dong/대인동,KR-28-1-29
Incheon/인천,KR-28,Dong-gu/동구,KR-28-1,Daejeonucheguksaseoham/대전우체국사서함,KR-28-1-30
Incheon/인천,KR-28,Dong-gu/동구,KR-28-1,Daerim-dong/대림동,KR-28-1-31
Incheon/인천,KR-28,Dong-gu/동구,KR-28-1,Daeseong-dong/대성동,KR-28-1-32
Incheon/인천,KR-28,Dong-gu/동구,KR-28-1,Daesong-dong/대송동,KR-28-1-33
Incheon/인천,KR-28,Dong-gu/동구,KR-28-1,Daeui-dong/대의동,KR-28-1-34
Incheon/인천,KR-28,Dong-gu/동구,KR-28-1,Deokgok-dong/덕곡동,KR-28-1-35
Incheon/인천,KR-28,Dong-gu/동구,KR-28-1,Do-dong/도동,KR-28-1-36
Incheon/인천,KR-28,Dong-gu/동구,KR-28-1,Dohak-dong/도학동,KR-28-1-37
Incheon/인천,KR-28,Dong-gu/동구,KR-28-1,Dongbu-dong/동부동,KR-28-1-38
Incheon/인천,KR-28,Dong-gu/동구,KR-28-1,Dongbusanucheguksaseoham/동부산우체국사서함,KR-28-1-39
Incheon/인천,KR-28,Dong-gu/동구,KR-28-1,Dongdaeguucheguksaseoham/동대구우체국사서함,KR-28-1-40
Incheon/인천,KR-28,Dong-gu/동구,KR-28-1,Dongho-dong/동호동,KR-28-1-41
Incheon/인천,KR-28,Dong-gu/동구,KR-28-1,Dongmyeong-dong/동명동,KR-28-1-42
Incheon/인천,KR-28,Dong-gu/동구,KR-28-1,Dongnae-dong/동내동,KR-28-1-43
Incheon/인천,KR-28,Dong-gu/동구,KR-28-1,Dongulsanucheguksaseoham/동울산우체국사서함,KR-28-1-44
Incheon/인천,KR-28,Dong-gu/동구,KR-28-1,Dunsan-dong/둔산동,KR-28-1-45
Incheon/인천,KR-28,Dong-gu/동구,KR-28-1,Gaksan-dong/각산동,KR-28-1-46
Incheon/인천,KR-28,Dong-gu/동구,KR-28-1,Gao-dong/가오동,KR-28-1-47
Incheon/인천,KR-28,Dong-gu/동구,KR-28-1,Gayang 1(il)-dong/가양1동,KR-28-1-48
Incheon/인천,KR-28,Dong-gu/동구,KR-28-1,Gayang 2(i)-dong/가양2동,KR-28-1-49
Incheon/인천,KR-28,Dong-gu/동구,KR-28-1,Gayang-dong/가양동,KR-28-1-50
Incheon/인천,KR-28,Dong-gu/동구,KR-28-1,Geomsa-dong/검사동,KR-28-1-51
Incheon/인천,KR-28,Dong-gu/동구,KR-28-1,Geum-dong/금동,KR-28-1-52
Incheon/인천,KR-28,Dong-gu/동구,KR-28-1,Geumgang-dong/금강동,KR-28-1-53
Incheon/인천,KR-28,Dong-gu/동구,KR-28-1,Geumgok-dong/금곡동,KR-28-1-54
Incheon/인천,KR-28,Dong-gu/동구,KR-28-1,Geumnamro 1(il)-ga/금남로1가,KR-28-1-55
Incheon/인천,KR-28,Dong-gu/동구,KR-28-1,Geumnamro 2(i)-ga/금남로2가,KR-28-1-56
Incheon/인천,KR-28,Dong-gu/동구,KR-28-1,Geumnamro 3(sam)-ga/금남로3가,KR-28-1-57
Incheon/인천,KR-28,Dong-gu/동구,KR-28-1,Geumnamro 4(sa)-ga/금남로4가,KR-28-1-58
Incheon/인천,KR-28,Dong-gu/동구,KR-28-1,Geumnamro 5(o)-ga/금남로5가,KR-28-1-59
Incheon/인천,KR-28,Dong-gu/동구,KR-28-1,Goejeon-dong/괴전동,KR-28-1-60
Incheon/인천,KR-28,Dong-gu/동구,KR-28-1,Gudo-dong/구도동,KR-28-1-61
Incheon/인천,KR-28,Dong-gu/동구,KR-28-1,Gung-dong/궁동,KR-28-1-62
Incheon/인천,KR-28,Dong-gu/동구,KR-28-1,Gwangjuucheguksaseoham/광주우체국사서함,KR-28-1-63
Incheon/인천,KR-28,Dong-gu/동구,KR-28-1,Gwangsan-dong/광산동,KR-28-1-64
Incheon/인천,KR-28,Dong-gu/동구,KR-28-1,Gyerim 1(il)-dong/계림1동,KR-28-1-65
Incheon/인천,KR-28,Dong-gu/동구,KR-28-1,Gyerim 2(i)-dong/계림2동,KR-28-1-66
Incheon/인천,KR-28,Dong-gu/동구,KR-28-1,Gyerim-dong/계림동,KR-28-1-67
Incheon/인천,KR-28,Dong-gu/동구,KR-28-1,Hak-dong/학동,KR-28-1-68
Incheon/인천,KR-28,Dong-gu/동구,KR-28-1,Haso-dong/하소동,KR-28-1-69
Incheon/인천,KR-28,Dong-gu/동구,KR-28-1,Honam-dong/호남동,KR-28-1-70
Incheon/인천,KR-28,Dong-gu/동구,KR-28-1,Hongdo-dong/홍도동,KR-28-1-71
Incheon/인천,KR-28,Dong-gu/동구,KR-28-1,Hwajeong-dong/화정동,KR-28-1-72
Incheon/인천,KR-28,Dong-gu/동구,KR-28-1,Hwanggeum-dong/황금동,KR-28-1-73
Incheon/인천,KR-28,Dong-gu/동구,KR-28-1,Hwapyeong-dong/화평동,KR-28-1-74
Incheon/인천,KR-28,Dong-gu/동구,KR-28-1,Hwasu 1(il)-dong/화수1동,KR-28-1-75
Incheon/인천,KR-28,Dong-gu/동구,KR-28-1,Hwasu 2(i)-dong/화수2동,KR-28-1-76
Incheon/인천,KR-28,Dong-gu/동구,KR-28-1,Hwasu-dong/화수동,KR-28-1-77
Incheon/인천,KR-28,Dong-gu/동구,KR-28-1,Hyo-dong/효동,KR-28-1-78
Incheon/인천,KR-28,Dong-gu/동구,KR-28-1,Hyomog 1(il)-dong/효목1동,KR-28-1-79
Incheon/인천,KR-28,Dong-gu/동구,KR-28-1,Hyomog 2(i)-dong/효목2동,KR-28-1-80
Incheon/인천,KR-28,Dong-gu/동구,KR-28-1,Hyomok-dong/효목동,KR-28-1-81
Incheon/인천,KR-28,Dong-gu/동구,KR-28-1,Hyopyeong-dong/효평동,KR-28-1-82
Incheon/인천,KR-28,Dong-gu/동구,KR-28-1,Ilsan-dong/일산동,KR-28-1-83
Incheon/인천,KR-28,Dong-gu/동구,KR-28-1,In-dong/인동,KR-28-1-84
Incheon/인천,KR-28,Dong-gu/동구,KR-28-1,Ipseok-dong/입석동,KR-28-1-85
Incheon/인천,KR-28,Dong-gu/동구,KR-28-1,Isa-dong/이사동,KR-28-1-86
Incheon/인천,KR-28,Dong-gu/동구,KR-28-1,Jangcheok-dong/장척동,KR-28-1-87
Incheon/인천,KR-28,Dong-gu/동구,KR-28-1,Jang-dong/장동,KR-28-1-88
Incheon/인천,KR-28,Dong-gu/동구,KR-28-1,Jayang-dong/자양동,KR-28-1-89
Incheon/인천,KR-28,Dong-gu/동구,KR-28-1,Jeong-dong/정동,KR-28-1-90
Incheon/인천,KR-28,Dong-gu/동구,KR-28-1,Jeonha 1(il)-dong/전하1동,KR-28-1-91
Incheon/인천,KR-28,Dong-gu/동구,KR-28-1,Jeonha 2(i)-dong/전하2동,KR-28-1-92
Incheon/인천,KR-28,Dong-gu/동구,KR-28-1,Jeonha-dong/전하동,KR-28-1-93
Incheon/인천,KR-28,Dong-gu/동구,KR-28-1,Jijeo-dong/지저동,KR-28-1-94
Incheon/인천,KR-28,Dong-gu/동구,KR-28-1,Jik-dong/직동,KR-28-1-95
Incheon/인천,KR-28,Dong-gu/동구,KR-28-1,Jimyo-dong/지묘동,KR-28-1-96
Incheon/인천,KR-28,Dong-gu/동구,KR-28-1,Jinin-dong/진인동,KR-28-1-97
Incheon/인천,KR-28,Dong-gu/동구,KR-28-1,Jisan 1(il)-dong/지산1동,KR-28-1-98
Incheon/인천,KR-28,Dong-gu/동구,KR-28-1,Jisan 2(i)-dong/지산2동,KR-28-1-99
Incheon/인천,KR-28,Dong-gu/동구,KR-28-1,Jisan-dong/지산동,KR-28-1-100
Incheon/인천,KR-28,Dong-gu/동구,KR-28-1,Juchon-dong/주촌동,KR-28-1-101
Incheon/인천,KR-28,Dong-gu/동구,KR-28-1,Jujeon-dong/주전동,KR-28-1-102
Incheon/인천,KR-28,Dong-gu/동구,KR-28-1,Jungdae-dong/중대동,KR-28-1-103
Incheon/인천,KR-28,Dong-gu/동구,KR-28-1,Jung-dong/중동,KR-28-1-104
Incheon/인천,KR-28,Dong-gu/동구,KR-28-1,Jusan-dong/주산동,KR-28-1-105
Incheon/인천,KR-28,Dong-gu/동구,KR-28-1,Jwacheon 1(il)-dong/좌천1동,KR-28-1-106
Incheon/인천,KR-28,Dong-gu/동구,KR-28-1,Jwacheon 4(sa)-dong/좌천4동,KR-28-1-107
Incheon/인천,KR-28,Dong-gu/동구,KR-28-1,Jwacheon-dong/좌천동,KR-28-1-108
Incheon/인천,KR-28,Dong-gu/동구,KR-28-1,Maeyeo-dong/매여동,KR-28-1-109
Incheon/인천,KR-28,Dong-gu/동구,KR-28-1,Manseok-dong/만석동,KR-28-1-110
Incheon/인천,KR-28,Dong-gu/동구,KR-28-1,Masan-dong/마산동,KR-28-1-111
Incheon/인천,KR-28,Dong-gu/동구,KR-28-1,Midae-dong/미대동,KR-28-1-112
Incheon/인천,KR-28,Dong-gu/동구,KR-28-1,Migok-dong/미곡동,KR-28-1-113
Incheon/인천,KR-28,Dong-gu/동구,KR-28-1,Nae-dong/내동,KR-28-1-114
Incheon/인천,KR-28,Dong-gu/동구,KR-28-1,Naegok-dong/내곡동,KR-28-1-115
Incheon/인천,KR-28,Dong-gu/동구,KR-28-1,Naenam-dong/내남동,KR-28-1-116
Incheon/인천,KR-28,Dong-gu/동구,KR-28-1,Naetap-dong/내탑동,KR-28-1-117
Incheon/인천,KR-28,Dong-gu/동구,KR-28-1,Nam-dong/남동,KR-28-1-118
Incheon/인천,KR-28,Dong-gu/동구,KR-28-1,Nangwol-dong/낭월동,KR-28-1-119
Incheon/인천,KR-28,Dong-gu/동구,KR-28-1,Neungseong-dong/능성동,KR-28-1-120
Incheon/인천,KR-28,Dong-gu/동구,KR-28-1,O-dong/오동,KR-28-1-121
Incheon/인천,KR-28,Dong-gu/동구,KR-28-1,Panam 1(il)-dong/판암1동,KR-28-1-122
Incheon/인천,KR-28,Dong-gu/동구,KR-28-1,Panam 2(i)-dong/판암2동,KR-28-1-123
Incheon/인천,KR-28,Dong-gu/동구,KR-28-1,Panam-dong/판암동,KR-28-1-124
Incheon/인천,KR-28,Dong-gu/동구,KR-28-1,Pyeonggwang-dong/평광동,KR-28-1-125
Incheon/인천,KR-28,Dong-gu/동구,KR-28-1,Sabok-dong/사복동,KR-28-1-126
Incheon/인천,KR-28,Dong-gu/동구,KR-28-1,Samgoe-dong/삼괴동,KR-28-1-127
Incheon/인천,KR-28,Dong-gu/동구,KR-28-1,Samjeong-dong/삼정동,KR-28-1-128
Incheon/인천,KR-28,Dong-gu/동구,KR-28-1,Samseong-dong/삼성동,KR-28-1-129
Incheon/인천,KR-28,Dong-gu/동구,KR-28-1,Sangmae-dong/상매동,KR-28-1-130
Incheon/인천,KR-28,Dong-gu/동구,KR-28-1,Sangso-dong/상소동,KR-28-1-131
Incheon/인천,KR-28,Dong-gu/동구,KR-28-1,Sansu 1(il)-dong/산수1동,KR-28-1-132
Incheon/인천,KR-28,Dong-gu/동구,KR-28-1,Sansu 2(i)-dong/산수2동,KR-28-1-133
Incheon/인천,KR-28,Dong-gu/동구,KR-28-1,Sansu-dong/산수동,KR-28-1-134
Incheon/인천,KR-28,Dong-gu/동구,KR-28-1,Saseong-dong/사성동,KR-28-1-135
Incheon/인천,KR-28,Dong-gu/동구,KR-28-1,Secheon-dong/세천동,KR-28-1-136
Incheon/인천,KR-28,Dong-gu/동구,KR-28-1,Seobu-dong/서부동,KR-28-1-137
Incheon/인천,KR-28,Dong-gu/동구,KR-28-1,Seoho-dong/서호동,KR-28-1-138
Incheon/인천,KR-28,Dong-gu/동구,KR-28-1,Seongnam-dong/성남동,KR-28-1-139
Incheon/인천,KR-28,Dong-gu/동구,KR-28-1,Seongyo-dong/선교동,KR-28-1-140
Incheon/인천,KR-28,Dong-gu/동구,KR-28-1,Seoseok-dong/서석동,KR-28-1-141
Incheon/인천,KR-28,Dong-gu/동구,KR-28-1,Sinam 1(il)-dong/신암1동,KR-28-1-142
Incheon/인천,KR-28,Dong-gu/동구,KR-28-1,Sinam 2(i)-dong/신암2동,KR-28-1-143
Incheon/인천,KR-28,Dong-gu/동구,KR-28-1,Sinam 3(sam)-dong/신암3동,KR-28-1-144
Incheon/인천,KR-28,Dong-gu/동구,KR-28-1,Sinam 4(sa)-dong/신암4동,KR-28-1-145
Incheon/인천,KR-28,Dong-gu/동구,KR-28-1,Sinam 5(o)-dong/신암5동,KR-28-1-146
Incheon/인천,KR-28,Dong-gu/동구,KR-28-1,Sinam-dong/신암동,KR-28-1-147
Incheon/인천,KR-28,Dong-gu/동구,KR-28-1,Sinan-dong/신안동,KR-28-1-148
Incheon/인천,KR-28,Dong-gu/동구,KR-28-1,Sincheon 2(i)-dong/신천1.2동,KR-28-1-149
Incheon/인천,KR-28,Dong-gu/동구,KR-28-1,Sincheon 3(sam)-dong/신천3동,KR-28-1-150
Incheon/인천,KR-28,Dong-gu/동구,KR-28-1,Sincheon 4(sa)-dong/신천4동,KR-28-1-151
Incheon/인천,KR-28,Dong-gu/동구,KR-28-1,Sincheon-dong/신천동,KR-28-1-152
Incheon/인천,KR-28,Dong-gu/동구,KR-28-1,Sinchon-dong/신촌동,KR-28-1-153
Incheon/인천,KR-28,Dong-gu/동구,KR-28-1,Singi-dong/신기동,KR-28-1-154
Incheon/인천,KR-28,Dong-gu/동구,KR-28-1,Sinha-dong/신하동,KR-28-1-155
Incheon/인천,KR-28,Dong-gu/동구,KR-28-1,Sinheung-dong/신흥동,KR-28-1-156
Incheon/인천,KR-28,Dong-gu/동구,KR-28-1,Sinmu-dong/신무동,KR-28-1-157
Incheon/인천,KR-28,Dong-gu/동구,KR-28-1,Sinpyeong-dong/신평동,KR-28-1-158
Incheon/인천,KR-28,Dong-gu/동구,KR-28-1,Sinsang-dong/신상동,KR-28-1-159
Incheon/인천,KR-28,Dong-gu/동구,KR-28-1,Sinseo-dong/신서동,KR-28-1-160
Incheon/인천,KR-28,Dong-gu/동구,KR-28-1,Sinyong-dong/신용동,KR-28-1-161
Incheon/인천,KR-28,Dong-gu/동구,KR-28-1,Soho-dong/소호동,KR-28-1-162
Incheon/인천,KR-28,Dong-gu/동구,KR-28-1,Soje-dong/소제동,KR-28-1-163
Incheon/인천,KR-28,Dong-gu/동구,KR-28-1,Songhyeon 1(il)-dong/송현1동,KR-28-1-164
Incheon/인천,KR-28,Dong-gu/동구,KR-28-1,Songhyeon 2(i)-dong/송현2동,KR-28-1-165
Incheon/인천,KR-28,Dong-gu/동구,KR-28-1,Songhyeon 3(sam)-dong/송현3동,KR-28-1-166
Incheon/인천,KR-28,Dong-gu/동구,KR-28-1,Songhyeon-dong/송현동,KR-28-1-167
Incheon/인천,KR-28,Dong-gu/동구,KR-28-1,Songjeong-dong/송정동,KR-28-1-168
Incheon/인천,KR-28,Dong-gu/동구,KR-28-1,Songrim 1(il)-dong/송림1동,KR-28-1-169
Incheon/인천,KR-28,Dong-gu/동구,KR-28-1,Songrim 2(i)-dong/송림2동,KR-28-1-170
Incheon/인천,KR-28,Dong-gu/동구,KR-28-1,Songrim 3(sam)-dong/송림3동,KR-28-1-171
Incheon/인천,KR-28,Dong-gu/동구,KR-28-1,Songrim 4(sa)-dong/송림4동,KR-28-1-172
Incheon/인천,KR-28,Dong-gu/동구,KR-28-1,Songrim 5(o)-dong/송림5동,KR-28-1-173
Incheon/인천,KR-28,Dong-gu/동구,KR-28-1,Songrim 6(yuk)-dong/송림6동,KR-28-1-174
Incheon/인천,KR-28,Dong-gu/동구,KR-28-1,Songrim-dong/송림동,KR-28-1-175
Incheon/인천,KR-28,Dong-gu/동구,KR-28-1,Sotae-dong/소태동,KR-28-1-176
Incheon/인천,KR-28,Dong-gu/동구,KR-28-1,Sugi-dong/수기동,KR-28-1-177
Incheon/인천,KR-28,Dong-gu/동구,KR-28-1,Sujeong 1(il)-dong/수정1동,KR-28-1-178
Incheon/인천,KR-28,Dong-gu/동구,KR-28-1,Sujeong 2(i)-dong/수정2동,KR-28-1-179
Incheon/인천,KR-28,Dong-gu/동구,KR-28-1,Sujeong 4(sa)-dong/수정4동,KR-28-1-180
Incheon/인천,KR-28,Dong-gu/동구,KR-28-1,Sujeong 5(o)-dong/수정5동,KR-28-1-181
Incheon/인천,KR-28,Dong-gu/동구,KR-28-1,Sujeong-dong/수정동,KR-28-1-182
Incheon/인천,KR-28,Dong-gu/동구,KR-28-1,Sukcheon-dong/숙천동,KR-28-1-183
Incheon/인천,KR-28,Dong-gu/동구,KR-28-1,Unrim-dong/운림동,KR-28-1-184
Incheon/인천,KR-28,Dong-gu/동구,KR-28-1,Wolnam-dong/월남동,KR-28-1-185
Incheon/인천,KR-28,Dong-gu/동구,KR-28-1,Won-dong/원동,KR-28-1-186
Incheon/인천,KR-28,Dong-gu/동구,KR-28-1,Yonggye-dong/용계동,KR-28-1-187
Incheon/인천,KR-28,Dong-gu/동구,KR-28-1,Yonggye-dong/용계동,KR-28-1-187
Incheon/인천,KR-28,Dong-gu/동구,KR-28-1,Yongjeon-dong/용전동,KR-28-1-188
Incheon/인천,KR-28,Dong-gu/동구,KR-28-1,Yongsan-dong/용산동,KR-28-1-189
Incheon/인천,KR-28,Dong-gu/동구,KR-28-1,Yongsu-dong/용수동,KR-28-1-190
Incheon/인천,KR-28,Dong-gu/동구,KR-28-1,Yongun-dong/용운동,KR-28-1-191
Incheon/인천,KR-28,Dong-gu/동구,KR-28-1,Yongyeon-dong/용연동,KR-28-1-192
Incheon/인천,KR-28,Dong-gu/동구,KR-28-1,Yulha-dong/율하동,KR-28-1-193
Incheon/인천,KR-28,Dong-gu/동구,KR-28-1,Yuram-dong/율암동,KR-28-1-194
Incheon/인천,KR-28,Ganghwa-gun/강화군,KR-28-2,Bureun-myeon/불은면,KR-28-2-0
Incheon/인천,KR-28,Ganghwa-gun/강화군,KR-28-2,Ganghwa-eup/강화읍,KR-28-2-1
Incheon/인천,KR-28,Ganghwa-gun/강화군,KR-28-2,Gilsang-myeon/길상면,KR-28-2-2
Incheon/인천,KR-28,Ganghwa-gun/강화군,KR-28-2,Gyodong-myeon/교동면,KR-28-2-3
Incheon/인천,KR-28,Ganghwa-gun/강화군,KR-28-2,Hajeom-myeon/하점면,KR-28-2-4
Incheon/인천,KR-28,Ganghwa-gun/강화군,KR-28-2,Hwado-myeon/화도면,KR-28-2-5
Incheon/인천,KR-28,Ganghwa-gun/강화군,KR-28-2,Naega-myeon/내가면,KR-28-2-6
Incheon/인천,KR-28,Ganghwa-gun/강화군,KR-28-2,Samsan-myeon/삼산면,KR-28-2-7
Incheon/인천,KR-28,Ganghwa-gun/강화군,KR-28-2,Seodo-myeon/서도면,KR-28-2-8
Incheon/인천,KR-28,Ganghwa-gun/강화군,KR-28-2,Seonwon-myeon/선원면,KR-28-2-9
Incheon/인천,KR-28,Ganghwa-gun/강화군,KR-28-2,Songhae-myeon/송해면,KR-28-2-10
Incheon/인천,KR-28,Ganghwa-gun/강화군,KR-28-2,Yangdo-myeon/양도면,KR-28-2-11
Incheon/인천,KR-28,Ganghwa-gun/강화군,KR-28-2,Yangsa-myeon/양사면,KR-28-2-12
Incheon/인천,KR-28,Gyeyang-gu/계양구,KR-28-3,Bakchon-dong/박촌동,KR-28-3-0
Incheon/인천,KR-28,Gyeyang-gu/계양구,KR-28-3,Bangchuk-dong/방축동,KR-28-3-1
Incheon/인천,KR-28,Gyeyang-gu/계양구,KR-28-3,Byeongbang-dong/병방동,KR-28-3-2
Incheon/인천,KR-28,Gyeyang-gu/계양구,KR-28-3,Danam-dong/다남동,KR-28-3-3
Incheon/인천,KR-28,Gyeyang-gu/계양구,KR-28-3,Dongyang-dong/동양동,KR-28-3-4
Incheon/인천,KR-28,Gyeyang-gu/계양구,KR-28-3,Duksil-dong/둑실동,KR-28-3-5
Incheon/인천,KR-28,Gyeyang-gu/계양구,KR-28-3,Galhyeon-dong/갈현동,KR-28-3-6
Incheon/인천,KR-28,Gyeyang-gu/계양구,KR-28-3,Gyesan 1(il)-dong/계산1동,KR-28-3-7
Incheon/인천,KR-28,Gyeyang-gu/계양구,KR-28-3,Gyesan 2(i)-dong/계산2동,KR-28-3-8
Incheon/인천,KR-28,Gyeyang-gu/계양구,KR-28-3,Gyesan 3(sam)-dong/계산3동,KR-28-3-9
Incheon/인천,KR-28,Gyeyang-gu/계양구,KR-28-3,Gyesan 4(sa)-dong/계산4동,KR-28-3-10
Incheon/인천,KR-28,Gyeyang-gu/계양구,KR-28-3,Gyesan-dong/계산동,KR-28-3-11
Incheon/인천,KR-28,Gyeyang-gu/계양구,KR-28-3,Gyulhyeon-dong/귤현동,KR-28-3-12
Incheon/인천,KR-28,Gyeyang-gu/계양구,KR-28-3,Haya-dong/하야동,KR-28-3-13
Incheon/인천,KR-28,Gyeyang-gu/계양구,KR-28-3,Hyoseong 1(il)-dong/효성1동,KR-28-3-14
Incheon/인천,KR-28,Gyeyang-gu/계양구,KR-28-3,Hyoseong 2(i)-dong/효성2동,KR-28-3-15
Incheon/인천,KR-28,Gyeyang-gu/계양구,KR-28-3,Hyoseong-dong/효성동,KR-28-3-16
Incheon/인천,KR-28,Gyeyang-gu/계양구,KR-28-3,Ihwa-dong/이화동,KR-28-3-17
Incheon/인천,KR-28,Gyeyang-gu/계양구,KR-28-3,Imhak-dong/임학동,KR-28-3-18
Incheon/인천,KR-28,Gyeyang-gu/계양구,KR-28-3,Incheongyeyangucheguksaseoham/인천계양우체국사서함,KR-28-3-19
Incheon/인천,KR-28,Gyeyang-gu/계양구,KR-28-3,Jakjeon 1(il)-dong/작전1동,KR-28-3-20
Incheon/인천,KR-28,Gyeyang-gu/계양구,KR-28-3,Jakjeon 2(i)-dong/작전2동,KR-28-3-21
Incheon/인천,KR-28,Gyeyang-gu/계양구,KR-28-3,Jakjeon-dong/작전동,KR-28-3-22
Incheon/인천,KR-28,Gyeyang-gu/계양구,KR-28-3,Jakjeonseoun-dong/작전서운동,KR-28-3-23
Incheon/인천,KR-28,Gyeyang-gu/계양구,KR-28-3,Janggi-dong/장기동,KR-28-3-24
Incheon/인천,KR-28,Gyeyang-gu/계양구,KR-28-3,Moksang-dong/목상동,KR-28-3-25
Incheon/인천,KR-28,Gyeyang-gu/계양구,KR-28-3,Nooji-dong/노오지동,KR-28-3-26
Incheon/인천,KR-28,Gyeyang-gu/계양구,KR-28-3,Oryu-dong/오류동,KR-28-3-27
Incheon/인천,KR-28,Gyeyang-gu/계양구,KR-28-3,Pyeong-dong/평동,KR-28-3-28
Incheon/인천,KR-28,Gyeyang-gu/계양구,KR-28-3,Sangya-dong/상야동,KR-28-3-29
Incheon/인천,KR-28,Gyeyang-gu/계양구,KR-28-3,Seonjuji-dong/선주지동,KR-28-3-30
Incheon/인천,KR-28,Gyeyang-gu/계양구,KR-28-3,Seoun-dong/서운동,KR-28-3-31
Incheon/인천,KR-28,Gyeyang-gu/계양구,KR-28-3,Yongjong-dong/용종동,KR-28-3-32
Incheon/인천,KR-28,Jung-gu/중구,KR-28-4,Anyeong-dong/안영동,KR-28-4-0
Incheon/인천,KR-28,Jung-gu/중구,KR-28-4,Bangsan-dong/방산동,KR-28-4-1
Incheon/인천,KR-28,Jung-gu/중구,KR-28-4,Bangu 1(il)-dong/반구1동,KR-28-4-2
Incheon/인천,KR-28,Jung-gu/중구,KR-28-4,Bangu 2(i)-dong/반구2동,KR-28-4-3
Incheon/인천,KR-28,Jung-gu/중구,KR-28-4,Bangu-dong/반구동,KR-28-4-4
Incheon/인천,KR-28,Jung-gu/중구,KR-28-4,Boksan 1(il)-dong/복산1동,KR-28-4-5
Incheon/인천,KR-28,Jung-gu/중구,KR-28-4,Boksan 2(i)-dong/복산2동,KR-28-4-6
Incheon/인천,KR-28,Jung-gu/중구,KR-28-4,Boksan-dong/복산동,KR-28-4-7
Incheon/인천,KR-28,Jung-gu/중구,KR-28-4,Bongraedong 1(il)-ga/봉래동1가,KR-28-4-8
Incheon/인천,KR-28,Jung-gu/중구,KR-28-4,Bongraedong 2(i)-ga/봉래동2가,KR-28-4-9
Incheon/인천,KR-28,Jung-gu/중구,KR-28-4,Bongsan-dong/봉산동,KR-28-4-10
Incheon/인천,KR-28,Jung-gu/중구,KR-28-4,Bosudong 1(il)-ga/보수동1가,KR-28-4-11
Incheon/인천,KR-28,Jung-gu/중구,KR-28-4,Bosudong 2(i)-ga/보수동2가,KR-28-4-12
Incheon/인천,KR-28,Jung-gu/중구,KR-28-4,Bosudong 3(sam)-ga/보수동3가,KR-28-4-13
Incheon/인천,KR-28,Jung-gu/중구,KR-28-4,Bosu-dong/보수동,KR-28-4-14
Incheon/인천,KR-28,Jung-gu/중구,KR-28-4,Bukchang-dong/북창동,KR-28-4-15
Incheon/인천,KR-28,Jung-gu/중구,KR-28-4,Bukjeong-dong/북정동,KR-28-4-16
Incheon/인천,KR-28,Jung-gu/중구,KR-28-4,Buknae-dong/북내동,KR-28-4-17
Incheon/인천,KR-28,Jung-gu/중구,KR-28-4,Bukseongdong 1(il)-ga/북성동1가,KR-28-4-18
Incheon/인천,KR-28,Jung-gu/중구,KR-28-4,Bukseongdong 2(i)-ga/북성동2가,KR-28-4-19
Incheon/인천,KR-28,Jung-gu/중구,KR-28-4,Bukseongdong 3(sam)-ga/북성동3가,KR-28-4-20
Incheon/인천,KR-28,Jung-gu/중구,KR-28-4,Bukseongro 1(il)-ga/북성로1가,KR-28-4-21
Incheon/인천,KR-28,Jung-gu/중구,KR-28-4,Bukseongro 2(i)-ga/북성로2가,KR-28-4-22
Incheon/인천,KR-28,Jung-gu/중구,KR-28-4,Bupyeongdong 1(il)-ga/부평동1가,KR-28-4-23
Incheon/인천,KR-28,Jung-gu/중구,KR-28-4,Bupyeongdong 2(i)-ga/부평동2가,KR-28-4-24
Incheon/인천,KR-28,Jung-gu/중구,KR-28-4,Bupyeongdong 3(sam)-ga/부평동3가,KR-28-4-25
Incheon/인천,KR-28,Jung-gu/중구,KR-28-4,Bupyeongdong 4(sa)-ga/부평동4가,KR-28-4-26
Incheon/인천,KR-28,Jung-gu/중구,KR-28-4,Bupyeong-dong/부평동,KR-28-4-27
Incheon/인천,KR-28,Jung-gu/중구,KR-28-4,Busa-dong/부사동,KR-28-4-28
Incheon/인천,KR-28,Jung-gu/중구,KR-28-4,Busanucheguksaseoham/부산우체국사서함,KR-28-4-29
Incheon/인천,KR-28,Jung-gu/중구,KR-28-4,Changseondong 1(il)-ga/창선동1가,KR-28-4-30
Incheon/인천,KR-28,Jung-gu/중구,KR-28-4,Changseondong 2(i)-ga/창선동2가,KR-28-4-31
Incheon/인천,KR-28,Jung-gu/중구,KR-28-4,Changseon-dong/창선동,KR-28-4-32
Incheon/인천,KR-28,Jung-gu/중구,KR-28-4,Chimsan-dong/침산동,KR-28-4-33
Incheon/인천,KR-28,Jung-gu/중구,KR-28-4,Cho-dong/초동,KR-28-4-34
Incheon/인천,KR-28,Jung-gu/중구,KR-28-4,Chungjeongro 1(il)-ga/충정로1가,KR-28-4-35
Incheon/인천,KR-28,Jung-gu/중구,KR-28-4,Chungmuro 1(il)-ga/충무로1가,KR-28-4-36
Incheon/인천,KR-28,Jung-gu/중구,KR-28-4,Chungmuro 2(i)-ga/충무로2가,KR-28-4-37
Incheon/인천,KR-28,Jung-gu/중구,KR-28-4,Chungmuro 3(sam)-ga/충무로3가,KR-28-4-38
Incheon/인천,KR-28,Jung-gu/중구,KR-28-4,Chungmuro 4(sa)-ga/충무로4가,KR-28-4-39
Incheon/인천,KR-28,Jung-gu/중구,KR-28-4,Chungmuro 5(o)-ga/충무로5가,KR-28-4-40
Incheon/인천,KR-28,Jung-gu/중구,KR-28-4,Da-dong/다동,KR-28-4-41
Incheon/인천,KR-28,Jung-gu/중구,KR-28-4,Daean-dong/대안동,KR-28-4-42
Incheon/인천,KR-28,Jung-gu/중구,KR-28-4,Daebong 1(il)-dong/대봉1동,KR-28-4-43
Incheon/인천,KR-28,Jung-gu/중구,KR-28-4,Daebong 2(i)-dong/대봉2동,KR-28-4-44
Incheon/인천,KR-28,Jung-gu/중구,KR-28-4,Daebong-dong/대봉동,KR-28-4-45
Incheon/인천,KR-28,Jung-gu/중구,KR-28-4,Daechangdong 1(il)-ga/대창동1가,KR-28-4-46
Incheon/인천,KR-28,Jung-gu/중구,KR-28-4,Daechangdong 2(i)-ga/대창동2가,KR-28-4-47
Incheon/인천,KR-28,Jung-gu/중구,KR-28-4,Daechang-dong/대창동,KR-28-4-48
Incheon/인천,KR-28,Jung-gu/중구,KR-28-4,Daecheongdong 1(il)-ga/대청동1가,KR-28-4-49
Incheon/인천,KR-28,Jung-gu/중구,KR-28-4,Daecheongdong 2(i)-ga/대청동2가,KR-28-4-50
Incheon/인천,KR-28,Jung-gu/중구,KR-28-4,Daecheongdong 3(sam)-ga/대청동3가,KR-28-4-51
Incheon/인천,KR-28,Jung-gu/중구,KR-28-4,Daecheongdong 4(sa)-ga/대청동4가,KR-28-4-52
Incheon/인천,KR-28,Jung-gu/중구,KR-28-4,Daecheong-dong/대청동,KR-28-4-53
Incheon/인천,KR-28,Jung-gu/중구,KR-28-4,Daeguucheguksaseoham/대구우체국사서함,KR-28-4-54
Incheon/인천,KR-28,Jung-gu/중구,KR-28-4,Daeheung-dong/대흥동,KR-28-4-55
Incheon/인천,KR-28,Jung-gu/중구,KR-28-4,Daesa-dong/대사동,KR-28-4-56
Incheon/인천,KR-28,Jung-gu/중구,KR-28-4,Daesin-dong/대신동,KR-28-4-57
Incheon/인천,KR-28,Jung-gu/중구,KR-28-4,Dalseong-dong/달성동,KR-28-4-58
Incheon/인천,KR-28,Jung-gu/중구,KR-28-4,Dap-dong/답동,KR-28-4-59
Incheon/인천,KR-28,Jung-gu/중구,KR-28-4,Daun-dong/다운동,KR-28-4-60
Incheon/인천,KR-28,Jung-gu/중구,KR-28-4,Deokgyo-dong/덕교동,KR-28-4-61
Incheon/인천,KR-28,Jung-gu/중구,KR-28-4,Deoksan-dong/덕산동,KR-28-4-62
Incheon/인천,KR-28,Jung-gu/중구,KR-28-4,Dong-dong/동동,KR-28-4-63
Incheon/인천,KR-28,Jung-gu/중구,KR-28-4,Donggwangdong 1(il)-ga/동광동1가,KR-28-4-64
Incheon/인천,KR-28,Jung-gu/중구,KR-28-4,Donggwangdong 2(i)-ga/동광동2가,KR-28-4-65
Incheon/인천,KR-28,Jung-gu/중구,KR-28-4,Donggwangdong 3(sam)-ga/동광동3가,KR-28-4-66
Incheon/인천,KR-28,Jung-gu/중구,KR-28-4,Donggwangdong 4(sa)-ga/동광동4가,KR-28-4-67
Incheon/인천,KR-28,Jung-gu/중구,KR-28-4,Donggwangdong 5(o)-ga/동광동5가,KR-28-4-68
Incheon/인천,KR-28,Jung-gu/중구,KR-28-4,Donggwang-dong/동광동,KR-28-4-69
Incheon/인천,KR-28,Jung-gu/중구,KR-28-4,Dongil-dong/동일동,KR-28-4-70
Incheon/인천,KR-28,Jung-gu/중구,KR-28-4,Dongindong 1(il)-ga/동인동1가,KR-28-4-71
Incheon/인천,KR-28,Jung-gu/중구,KR-28-4,Dongindong 2(i)-ga/동인동2가,KR-28-4-72
Incheon/인천,KR-28,Jung-gu/중구,KR-28-4,Dongindong 3(sam)-ga/동인동3가,KR-28-4-73
Incheon/인천,KR-28,Jung-gu/중구,KR-28-4,Dongindong 4(sa)-ga/동인동4가,KR-28-4-74
Incheon/인천,KR-28,Jung-gu/중구,KR-28-4,Dongmun-dong/동문동,KR-28-4-75
Incheon/인천,KR-28,Jung-gu/중구,KR-28-4,Dongsan-dong/동산동,KR-28-4-76
Incheon/인천,KR-28,Jung-gu/중구,KR-28-4,Dongseongro 1(il)-ga/동성로1가,KR-28-4-77
Incheon/인천,KR-28,Jung-gu/중구,KR-28-4,Dongseongro 2(i)-ga/동성로2가,KR-28-4-78
Incheon/인천,KR-28,Jung-gu/중구,KR-28-4,Dongseongro 3(sam)-ga/동성로3가,KR-28-4-79
Incheon/인천,KR-28,Jung-gu/중구,KR-28-4,Dowon-dong/도원동,KR-28-4-80
Incheon/인천,KR-28,Jung-gu/중구,KR-28-4,Dowon-dong/도원동,KR-28-4-80
Incheon/인천,KR-28,Jung-gu/중구,KR-28-4,Eonam-dong/어남동,KR-28-4-81
Incheon/인천,KR-28,Jung-gu/중구,KR-28-4,Euljiro 1(il)-ga/을지로1가,KR-28-4-82
Incheon/인천,KR-28,Jung-gu/중구,KR-28-4,Euljiro 2(i)-ga/을지로2가,KR-28-4-83
Incheon/인천,KR-28,Jung-gu/중구,KR-28-4,Euljiro 3(sam)-ga/을지로3가,KR-28-4-84
Incheon/인천,KR-28,Jung-gu/중구,KR-28-4,Euljiro 4(sa)-ga/을지로4가,KR-28-4-85
Incheon/인천,KR-28,Jung-gu/중구,KR-28-4,Euljiro 5(o)-ga/을지로5가,KR-28-4-86
Incheon/인천,KR-28,Jung-gu/중구,KR-28-4,Euljiro 6(yuk)-ga/을지로6가,KR-28-4-87
Incheon/인천,KR-28,Jung-gu/중구,KR-28-4,Euljiro 7(chil)-ga/을지로7가,KR-28-4-88
Incheon/인천,KR-28,Jung-gu/중구,KR-28-4,Eunhaeng-dong/은행동,KR-28-4-89
Incheon/인천,KR-28,Jung-gu/중구,KR-28-4,Eurwang-dong/을왕동,KR-28-4-90
Incheon/인천,KR-28,Jung-gu/중구,KR-28-4,Geum-dong/금동,KR-28-4-91
Incheon/인천,KR-28,Jung-gu/중구,KR-28-4,Gongpyeong-dong/공평동,KR-28-4-92
Incheon/인천,KR-28,Jung-gu/중구,KR-28-4,Guwan-dong/구완동,KR-28-4-93
Incheon/인천,KR-28,Jung-gu/중구,KR-28-4,Gwandong 1(il)-ga/관동1가,KR-28-4-94
Incheon/인천,KR-28,Jung-gu/중구,KR-28-4,Gwandong 2(i)-ga/관동2가,KR-28-4-95
Incheon/인천,KR-28,Jung-gu/중구,KR-28-4,Gwandong 3(sam)-ga/관동3가,KR-28-4-96
Incheon/인천,KR-28,Jung-gu/중구,KR-28-4,Gwangbokdong 1(il)-ga/광복동1가,KR-28-4-97
Incheon/인천,KR-28,Jung-gu/중구,KR-28-4,Gwangbokdong 2(i)-ga/광복동2가,KR-28-4-98
Incheon/인천,KR-28,Jung-gu/중구,KR-28-4,Gwangbokdong 3(sam)-ga/광복동3가,KR-28-4-99
Incheon/인천,KR-28,Jung-gu/중구,KR-28-4,Gwangbok-dong/광복동,KR-28-4-100
Incheon/인천,KR-28,Jung-gu/중구,KR-28-4,Gwanghuidong 1(il)-ga/광희동1가,KR-28-4-101
Incheon/인천,KR-28,Jung-gu/중구,KR-28-4,Gwanghuidong 2(i)-ga/광희동2가,KR-28-4-102
Incheon/인천,KR-28,Jung-gu/중구,KR-28-4,Gyeong-dong/경동,KR-28-4-103
Incheon/인천,KR-28,Jung-gu/중구,KR-28-4,Gyesandong 1(il)-ga/계산동1가,KR-28-4-104
Incheon/인천,KR-28,Jung-gu/중구,KR-28-4,Gyesandong 2(i)-ga/계산동2가,KR-28-4-105
Incheon/인천,KR-28,Jung-gu/중구,KR-28-4,Gyo-dong/교동,KR-28-4-106
Incheon/인천,KR-28,Jung-gu/중구,KR-28-4,Gyo-dong/교동,KR-28-4-106
Incheon/인천,KR-28,Jung-gu/중구,KR-28-4,Haeandong 1(il)-ga/해안동1가,KR-28-4-107
Incheon/인천,KR-28,Jung-gu/중구,KR-28-4,Haeandong 2(i)-ga/해안동2가,KR-28-4-108
Incheon/인천,KR-28,Jung-gu/중구,KR-28-4,Haeandong 3(sam)-ga/해안동3가,KR-28-4-109
Incheon/인천,KR-28,Jung-gu/중구,KR-28-4,Haeandong 4(sa)-ga/해안동4가,KR-28-4-110
Incheon/인천,KR-28,Jung-gu/중구,KR-28-4,Haksan-dong/학산동,KR-28-4-111
Incheon/인천,KR-28,Jung-gu/중구,KR-28-4,Hakseong-dong/학성동,KR-28-4-112
Incheon/인천,KR-28,Jung-gu/중구,KR-28-4,Hangdong 1(il)-ga/항동1가,KR-28-4-113
Incheon/인천,KR-28,Jung-gu/중구,KR-28-4,Hangdong 2(i)-ga/항동2가,KR-28-4-114
Incheon/인천,KR-28,Jung-gu/중구,KR-28-4,Hangdong 3(sam)-ga/항동3가,KR-28-4-115
Incheon/인천,KR-28,Jung-gu/중구,KR-28-4,Hangdong 4(sa)-ga/항동4가,KR-28-4-116
Incheon/인천,KR-28,Jung-gu/중구,KR-28-4,Hangdong 5(o)-ga/항동5가,KR-28-4-117
Incheon/인천,KR-28,Jung-gu/중구,KR-28-4,Hangdong 6(yuk)-ga/항동6가,KR-28-4-118
Incheon/인천,KR-28,Jung-gu/중구,KR-28-4,Hangdong 7(chil)-ga/항동7가,KR-28-4-119
Incheon/인천,KR-28,Jung-gu/중구,KR-28-4,Haseo-dong/하서동,KR-28-4-120
Incheon/인천,KR-28,Jung-gu/중구,KR-28-4,Heungin-dong/흥인동,KR-28-4-121
Incheon/인천,KR-28,Jung-gu/중구,KR-28-4,Ho-dong/호동,KR-28-4-122
Incheon/인천,KR-28,Jung-gu/중구,KR-28-4,Hoehyeondong 1(il)-ga/회현동1가,KR-28-4-123
Incheon/인천,KR-28,Jung-gu/중구,KR-28-4,Hoehyeondong 2(i)-ga/회현동2가,KR-28-4-124
Incheon/인천,KR-28,Jung-gu/중구,KR-28-4,Hoehyeondong 3(sam)-ga/회현동3가,KR-28-4-125
Incheon/인천,KR-28,Jung-gu/중구,KR-28-4,Hwajeon-dong/화전동,KR-28-4-126
Incheon/인천,KR-28,Jung-gu/중구,KR-28-4,Hwanghak-dong/황학동,KR-28-4-127
Incheon/인천,KR-28,Jung-gu/중구,KR-28-4,Hyangchon-dong/향촌동,KR-28-4-128
Incheon/인천,KR-28,Jung-gu/중구,KR-28-4,Incheongonghangucheguksaseoham/인천공항우체국사서함,KR-28-4-129
Incheon/인천,KR-28,Jung-gu/중구,KR-28-4,Ingyo-dong/인교동,KR-28-4-130
Incheon/인천,KR-28,Jung-gu/중구,KR-28-4,Inhyeondong 1(il)-ga/인현동1가,KR-28-4-131
Incheon/인천,KR-28,Jung-gu/중구,KR-28-4,Inhyeondong 2(i)-ga/인현동2가,KR-28-4-132
Incheon/인천,KR-28,Jung-gu/중구,KR-28-4,Inhyeon-dong/인현동,KR-28-4-133
Incheon/인천,KR-28,Jung-gu/중구,KR-28-4,Ipjeong-dong/입정동,KR-28-4-134
Incheon/인천,KR-28,Jung-gu/중구,KR-28-4,Jangchungdong 1(il)-ga/장충동1가,KR-28-4-135
Incheon/인천,KR-28,Jung-gu/중구,KR-28-4,Jangchungdong 2(i)-ga/장충동2가,KR-28-4-136
Incheon/인천,KR-28,Jung-gu/중구,KR-28-4,Janggwan-dong/장관동,KR-28-4-137
Incheon/인천,KR-28,Jung-gu/중구,KR-28-4,Janggyo-dong/장교동,KR-28-4-138
Incheon/인천,KR-28,Jung-gu/중구,KR-28-4,Janghyeon-dong/장현동,KR-28-4-139
Incheon/인천,KR-28,Jung-gu/중구,KR-28-4,Jeodong 1(il)-ga/저동1가,KR-28-4-140
Incheon/인천,KR-28,Jung-gu/중구,KR-28-4,Jeodong 2(i)-ga/저동2가,KR-28-4-141
Incheon/인천,KR-28,Jung-gu/중구,KR-28-4,Jeon-dong/전동,KR-28-4-142
Incheon/인천,KR-28,Jung-gu/중구,KR-28-4,Jeon-dong/전동,KR-28-4-142
Incheon/인천,KR-28,Jung-gu/중구,KR-28-4,Jeong-dong/정동,KR-28-4-143
Incheon/인천,KR-28,Jung-gu/중구,KR-28-4,Jeongsaeng-dong/정생동,KR-28-4-144
Incheon/인천,KR-28,Jung-gu/중구,KR-28-4,Jongro 1(il)-ga/종로1가,KR-28-4-145
Incheon/인천,KR-28,Jung-gu/중구,KR-28-4,Jongro 2(i)-ga/종로2가,KR-28-4-146
Incheon/인천,KR-28,Jung-gu/중구,KR-28-4,Jugyo-dong/주교동,KR-28-4-147
Incheon/인천,KR-28,Jung-gu/중구,KR-28-4,Juja-dong/주자동,KR-28-4-148
Incheon/인천,KR-28,Jung-gu/중구,KR-28-4,Jungangdong 1(il)-ga/중앙동1가,KR-28-4-149
Incheon/인천,KR-28,Jung-gu/중구,KR-28-4,Jungangdong 1(il)-ga/중앙동1가,KR-28-4-149
Incheon/인천,KR-28,Jung-gu/중구,KR-28-4,Jungangdong 2(i)-ga/중앙동2가,KR-28-4-150
Incheon/인천,KR-28,Jung-gu/중구,KR-28-4,Jungangdong 2(i)-ga/중앙동2가,KR-28-4-150
Incheon/인천,KR-28,Jung-gu/중구,KR-28-4,Jungangdong 3(sam)-ga/중앙동3가,KR-28-4-151
Incheon/인천,KR-28,Jung-gu/중구,KR-28-4,Jungangdong 3(sam)-ga/중앙동3가,KR-28-4-151
Incheon/인천,KR-28,Jung-gu/중구,KR-28-4,Jungangdong 4(sa)-ga/중앙동4가,KR-28-4-152
Incheon/인천,KR-28,Jung-gu/중구,KR-28-4,Jungangdong 4(sa)-ga/중앙동4가,KR-28-4-152
Incheon/인천,KR-28,Jung-gu/중구,KR-28-4,Jungangdong 5(o)-ga/중앙동5가,KR-28-4-153
Incheon/인천,KR-28,Jung-gu/중구,KR-28-4,Jungangdong 6(yuk)-ga/중앙동6가,KR-28-4-154
Incheon/인천,KR-28,Jung-gu/중구,KR-28-4,Jungangdong 7(chil)-ga/중앙동7가,KR-28-4-155
Incheon/인천,KR-28,Jung-gu/중구,KR-28-4,Jungang-dong/중앙동,KR-28-4-156
Incheon/인천,KR-28,Jung-gu/중구,KR-28-4,Jungangucheguksaseoham/중앙우체국사서함,KR-28-4-157
Incheon/인천,KR-28,Jung-gu/중구,KR-28-4,Jungchon-dong/중촌동,KR-28-4-158
Incheon/인천,KR-28,Jung-gu/중구,KR-28-4,Jungrim-dong/중림동,KR-28-4-159
Incheon/인천,KR-28,Jung-gu/중구,KR-28-4,Jungsan-dong/중산동,KR-28-4-160
Incheon/인천,KR-28,Jung-gu/중구,KR-28-4,Manridong 1(il)-ga/만리동1가,KR-28-4-161
Incheon/인천,KR-28,Jung-gu/중구,KR-28-4,Manridong 2(i)-ga/만리동2가,KR-28-4-162
Incheon/인천,KR-28,Jung-gu/중구,KR-28-4,Mokdal-dong/목달동,KR-28-4-163
Incheon/인천,KR-28,Jung-gu/중구,KR-28-4,Mok-dong/목동,KR-28-4-164
Incheon/인천,KR-28,Jung-gu/중구,KR-28-4,Mugyo-dong/무교동,KR-28-4-165
Incheon/인천,KR-28,Jung-gu/중구,KR-28-4,Muhak-dong/무학동,KR-28-4-166
Incheon/인천,KR-28,Jung-gu/중구,KR-28-4,Mukjeong-dong/묵정동,KR-28-4-167
Incheon/인천,KR-28,Jung-gu/중구,KR-28-4,Munchang-dong/문창동,KR-28-4-168
Incheon/인천,KR-28,Jung-gu/중구,KR-28-4,Munhwa 1(il)-dong/문화1동,KR-28-4-169
Incheon/인천,KR-28,Jung-gu/중구,KR-28-4,Munhwa 2(i)-dong/문화2동,KR-28-4-170
Incheon/인천,KR-28,Jung-gu/중구,KR-28-4,Munhwa-dong/문화동,KR-28-4-171
Incheon/인천,KR-28,Jung-gu/중구,KR-28-4,Munhwa-dong/문화동,KR-28-4-171
Incheon/인천,KR-28,Jung-gu/중구,KR-28-4,Musu-dong/무수동,KR-28-4-172
Incheon/인천,KR-28,Jung-gu/중구,KR-28-4,Muui-dong/무의동,KR-28-4-173
Incheon/인천,KR-28,Jung-gu/중구,KR-28-4,Myeongdong 1(il)-ga/명동1가,KR-28-4-174
Incheon/인천,KR-28,Jung-gu/중구,KR-28-4,Myeongdong 2(i)-ga/명동2가,KR-28-4-175
Incheon/인천,KR-28,Jung-gu/중구,KR-28-4,Nae-dong/내동,KR-28-4-176
Incheon/인천,KR-28,Jung-gu/중구,KR-28-4,Nambuk-dong/남북동,KR-28-4-177
Incheon/인천,KR-28,Jung-gu/중구,KR-28-4,Namchang-dong/남창동,KR-28-4-178
Incheon/인천,KR-28,Jung-gu/중구,KR-28-4,Namdaemunro 1(il)-ga/남대문로1가,KR-28-4-179
Incheon/인천,KR-28,Jung-gu/중구,KR-28-4,Namdaemunro 2(i)-ga/남대문로2가,KR-28-4-180
Incheon/인천,KR-28,Jung-gu/중구,KR-28-4,Namdaemunro 3(sam)-ga/남대문로3가,KR-28-4-181
Incheon/인천,KR-28,Jung-gu/중구,KR-28-4,Namdaemunro 4(sa)-ga/남대문로4가,KR-28-4-182
Incheon/인천,KR-28,Jung-gu/중구,KR-28-4,Namdaemunro 5(o)-ga/남대문로5가,KR-28-4-183
Incheon/인천,KR-28,Jung-gu/중구,KR-28-4,Namhak-dong/남학동,KR-28-4-184
Incheon/인천,KR-28,Jung-gu/중구,KR-28-4,Namil-dong/남일동,KR-28-4-185
Incheon/인천,KR-28,Jung-gu/중구,KR-28-4,Namoe-dong/남외동,KR-28-4-186
Incheon/인천,KR-28,Jung-gu/중구,KR-28-4,Nampodong 1(il)-ga/남포동1가,KR-28-4-187
Incheon/인천,KR-28,Jung-gu/중구,KR-28-4,Nampodong 2(i)-ga/남포동2가,KR-28-4-188
Incheon/인천,KR-28,Jung-gu/중구,KR-28-4,Nampodong 3(sam)-ga/남포동3가,KR-28-4-189
Incheon/인천,KR-28,Jung-gu/중구,KR-28-4,Nampodong 4(sa)-ga/남포동4가,KR-28-4-190
Incheon/인천,KR-28,Jung-gu/중구,KR-28-4,Nampodong 5(o)-ga/남포동5가,KR-28-4-191
Incheon/인천,KR-28,Jung-gu/중구,KR-28-4,Nampodong 6(yuk)-ga/남포동6가,KR-28-4-192
Incheon/인천,KR-28,Jung-gu/중구,KR-28-4,Nampo-dong/남포동,KR-28-4-193
Incheon/인천,KR-28,Jung-gu/중구,KR-28-4,Namsan 1(il)-dong/남산1동,KR-28-4-194
Incheon/인천,KR-28,Jung-gu/중구,KR-28-4,Namsan 2(i)-dong/남산2동,KR-28-4-195
Incheon/인천,KR-28,Jung-gu/중구,KR-28-4,Namsan 3(sam)-dong/남산3동,KR-28-4-196
Incheon/인천,KR-28,Jung-gu/중구,KR-28-4,Namsan 4(sa)-dong/남산4동,KR-28-4-197
Incheon/인천,KR-28,Jung-gu/중구,KR-28-4,Namsandong 1(il)-ga/남산동1가,KR-28-4-198
Incheon/인천,KR-28,Jung-gu/중구,KR-28-4,Namsandong 2(i)-ga/남산동2가,KR-28-4-199
Incheon/인천,KR-28,Jung-gu/중구,KR-28-4,Namsandong 3(sam)-ga/남산동3가,KR-28-4-200
Incheon/인천,KR-28,Jung-gu/중구,KR-28-4,Namsan-dong/남산동,KR-28-4-201
Incheon/인천,KR-28,Jung-gu/중구,KR-28-4,Namseongno/남성로,KR-28-4-202
Incheon/인천,KR-28,Jung-gu/중구,KR-28-4,Ojang-dong/오장동,KR-28-4-203
Incheon/인천,KR-28,Jung-gu/중구,KR-28-4,Okgye-dong/옥계동,KR-28-4-204
Incheon/인천,KR-28,Jung-gu/중구,KR-28-4,Okgyo-dong/옥교동,KR-28-4-205
Incheon/인천,KR-28,Jung-gu/중구,KR-28-4,Oryu-dong/오류동,KR-28-4-206
Incheon/인천,KR-28,Jung-gu/중구,KR-28-4,Pildong 1(il)-ga/필동1가,KR-28-4-207
Incheon/인천,KR-28,Jung-gu/중구,KR-28-4,Pildong 2(i)-ga/필동2가,KR-28-4-208
Incheon/인천,KR-28,Jung-gu/중구,KR-28-4,Pildong 3(sam)-ga/필동3가,KR-28-4-209
Incheon/인천,KR-28,Jung-gu/중구,KR-28-4,Pojeong-dong/포정동,KR-28-4-210
Incheon/인천,KR-28,Jung-gu/중구,KR-28-4,Sa-dong/사동,KR-28-4-211
Incheon/인천,KR-28,Jung-gu/중구,KR-28-4,Sail-dong/사일동,KR-28-4-212
Incheon/인천,KR-28,Jung-gu/중구,KR-28-4,Sajeong-dong/사정동,KR-28-4-213
Incheon/인천,KR-28,Jung-gu/중구,KR-28-4,Samdeokdong 1(il)-ga/삼덕동1가,KR-28-4-214
Incheon/인천,KR-28,Jung-gu/중구,KR-28-4,Samdeokdong 2(i)-ga/삼덕동2가,KR-28-4-215
Incheon/인천,KR-28,Jung-gu/중구,KR-28-4,Samdeokdong 3(sam)-ga/삼덕동3가,KR-28-4-216
Incheon/인천,KR-28,Jung-gu/중구,KR-28-4,Samgak-dong/삼각동,KR-28-4-217
Incheon/인천,KR-28,Jung-gu/중구,KR-28-4,Sangdeok-dong/상덕동,KR-28-4-218
Incheon/인천,KR-28,Jung-gu/중구,KR-28-4,Sangseo-dong/상서동,KR-28-4-219
Incheon/인천,KR-28,Jung-gu/중구,KR-28-4,Sanrim-dong/산림동,KR-28-4-220
Incheon/인천,KR-28,Jung-gu/중구,KR-28-4,Sanseong-dong/산성동,KR-28-4-221
Incheon/인천,KR-28,Jung-gu/중구,KR-28-4,Seodaejeonucheguksaseoham/서대전우체국사서함,KR-28-4-222
Incheon/인천,KR-28,Jung-gu/중구,KR-28-4,Seo-dong/서동,KR-28-4-223
Incheon/인천,KR-28,Jung-gu/중구,KR-28-4,Seokgyo-dong/석교동,KR-28-4-224
Incheon/인천,KR-28,Jung-gu/중구,KR-28-4,Seomunro 1(il)-ga/서문로1가,KR-28-4-225
Incheon/인천,KR-28,Jung-gu/중구,KR-28-4,Seomunro 2(i)-ga/서문로2가,KR-28-4-226
Incheon/인천,KR-28,Jung-gu/중구,KR-28-4,Seonae-dong/서내동,KR-28-4-227
Incheon/인천,KR-28,Jung-gu/중구,KR-28-4,Seongan-dong/성안동,KR-28-4-228
Incheon/인천,KR-28,Jung-gu/중구,KR-28-4,Seongnam-dong/성남동,KR-28-4-229
Incheon/인천,KR-28,Jung-gu/중구,KR-28-4,Seonhwa-dong/선화동,KR-28-4-230
Incheon/인천,KR-28,Jung-gu/중구,KR-28-4,Seonhwa-dong/선화동,KR-28-4-230
Incheon/인천,KR-28,Jung-gu/중구,KR-28-4,Seonrin-dong/선린동,KR-28-4-231
Incheon/인천,KR-28,Jung-gu/중구,KR-28-4,Seoseongro 1(il)-ga/서성로1가,KR-28-4-232
Incheon/인천,KR-28,Jung-gu/중구,KR-28-4,Seoseongro 2(i)-ga/서성로2가,KR-28-4-233
Incheon/인천,KR-28,Jung-gu/중구,KR-28-4,Seosomun-dong/서소문동,KR-28-4-234
Incheon/인천,KR-28,Jung-gu/중구,KR-28-4,Seoya-dong/서야동,KR-28-4-235
Incheon/인천,KR-28,Jung-gu/중구,KR-28-4,Sijangbugno/시장북로,KR-28-4-236
Incheon/인천,KR-28,Jung-gu/중구,KR-28-4,Sinchangdong 1(il)-ga/신창동1가,KR-28-4-237
Incheon/인천,KR-28,Jung-gu/중구,KR-28-4,Sinchangdong 2(i)-ga/신창동2가,KR-28-4-238
Incheon/인천,KR-28,Jung-gu/중구,KR-28-4,Sinchangdong 3(sam)-ga/신창동3가,KR-28-4-239
Incheon/인천,KR-28,Jung-gu/중구,KR-28-4,Sinchangdong 4(sa)-ga/신창동4가,KR-28-4-240
Incheon/인천,KR-28,Jung-gu/중구,KR-28-4,Sinchang-dong/신창동,KR-28-4-241
Incheon/인천,KR-28,Jung-gu/중구,KR-28-4,Sindang 1(il)-dong/신당1동,KR-28-4-242
Incheon/인천,KR-28,Jung-gu/중구,KR-28-4,Sindang 2(i)-dong/신당2동,KR-28-4-243
Incheon/인천,KR-28,Jung-gu/중구,KR-28-4,Sindang 3(sam)-dong/신당3동,KR-28-4-244
Incheon/인천,KR-28,Jung-gu/중구,KR-28-4,Sindang 4(sa)-dong/신당4동,KR-28-4-245
Incheon/인천,KR-28,Jung-gu/중구,KR-28-4,Sindang 5(o)-dong/신당5동,KR-28-4-246
Incheon/인천,KR-28,Jung-gu/중구,KR-28-4,Sindang 6(yuk)-dong/신당6동,KR-28-4-247
Incheon/인천,KR-28,Jung-gu/중구,KR-28-4,Sindang-dong/신당동,KR-28-4-248
Incheon/인천,KR-28,Jung-gu/중구,KR-28-4,Sinheungdong 1(il)-ga/신흥동1가,KR-28-4-249
Incheon/인천,KR-28,Jung-gu/중구,KR-28-4,Sinheungdong 2(i)-ga/신흥동2가,KR-28-4-250
Incheon/인천,KR-28,Jung-gu/중구,KR-28-4,Sinheungdong 3(sam)-ga/신흥동3가,KR-28-4-251
Incheon/인천,KR-28,Jung-gu/중구,KR-28-4,Sinpo-dong/신포동,KR-28-4-252
Incheon/인천,KR-28,Jung-gu/중구,KR-28-4,Sinsaeng-dong/신생동,KR-28-4-253
Incheon/인천,KR-28,Jung-gu/중구,KR-28-4,Sogong-dong/소공동,KR-28-4-254
Incheon/인천,KR-28,Jung-gu/중구,KR-28-4,Songhakdong 1(il)-ga/송학동1가,KR-28-4-255
Incheon/인천,KR-28,Jung-gu/중구,KR-28-4,Songhakdong 2(i)-ga/송학동2가,KR-28-4-256
Incheon/인천,KR-28,Jung-gu/중구,KR-28-4,Songhakdong 3(sam)-ga/송학동3가,KR-28-4-257
Incheon/인천,KR-28,Jung-gu/중구,KR-28-4,Songwoldong 1(il)-ga/송월동1가,KR-28-4-258
Incheon/인천,KR-28,Jung-gu/중구,KR-28-4,Songwoldong 2(i)-ga/송월동2가,KR-28-4-259
Incheon/인천,KR-28,Jung-gu/중구,KR-28-4,Songwoldong 3(sam)-ga/송월동3가,KR-28-4-260
Incheon/인천,KR-28,Jung-gu/중구,KR-28-4,Ssangrim-dong/쌍림동,KR-28-4-261
Incheon/인천,KR-28,Jung-gu/중구,KR-28-4,Suchang-dong/수창동,KR-28-4-262
Incheon/인천,KR-28,Jung-gu/중구,KR-28-4,Su-dong/수동,KR-28-4-263
Incheon/인천,KR-28,Jung-gu/중구,KR-28-4,Suha-dong/수하동,KR-28-4-264
Incheon/인천,KR-28,Jung-gu/중구,KR-28-4,Sunhwa-dong/순화동,KR-28-4-265
Incheon/인천,KR-28,Jung-gu/중구,KR-28-4,Supyo-dong/수표동,KR-28-4-266
Incheon/인천,KR-28,Jung-gu/중구,KR-28-4,Taehwa-dong/태화동,KR-28-4-267
Incheon/인천,KR-28,Jung-gu/중구,KR-28-4,Taepyeong 1(il)-dong/태평1동,KR-28-4-268
Incheon/인천,KR-28,Jung-gu/중구,KR-28-4,Taepyeong 2(i)-dong/태평2동,KR-28-4-269
Incheon/인천,KR-28,Jung-gu/중구,KR-28-4,Taepyeong-dong/태평동,KR-28-4-270
Incheon/인천,KR-28,Jung-gu/중구,KR-28-4,Taepyeongro 1(il)-ga/태평로1가,KR-28-4-271
Incheon/인천,KR-28,Jung-gu/중구,KR-28-4,Taepyeongro 1(il)-ga/태평로1가,KR-28-4-271
Incheon/인천,KR-28,Jung-gu/중구,KR-28-4,Taepyeongro 2(i)-ga/태평로2가,KR-28-4-272
Incheon/인천,KR-28,Jung-gu/중구,KR-28-4,Taepyeongro 2(i)-ga/태평로2가,KR-28-4-272
Incheon/인천,KR-28,Jung-gu/중구,KR-28-4,Taepyeongro 3(sam)-ga/태평로3가,KR-28-4-273
Incheon/인천,KR-28,Jung-gu/중구,KR-28-4,Uijuro 1(il)-ga/의주로1가,KR-28-4-274
Incheon/인천,KR-28,Jung-gu/중구,KR-28-4,Uijuro 2(i)-ga/의주로2가,KR-28-4-275
Incheon/인천,KR-28,Jung-gu/중구,KR-28-4,Ujeong-dong/우정동,KR-28-4-276
Incheon/인천,KR-28,Jung-gu/중구,KR-28-4,Ulsanucheguksaseoham/울산우체국사서함,KR-28-4-277
Incheon/인천,KR-28,Jung-gu/중구,KR-28-4,Unbuk-dong/운북동,KR-28-4-278
Incheon/인천,KR-28,Jung-gu/중구,KR-28-4,Unnam-dong/운남동,KR-28-4-279
Incheon/인천,KR-28,Jung-gu/중구,KR-28-4,Unseo-dong/운서동,KR-28-4-280
Incheon/인천,KR-28,Jung-gu/중구,KR-28-4,Wanjeon-dong/완전동,KR-28-4-281
Incheon/인천,KR-28,Jung-gu/중구,KR-28-4,Yaksa-dong/약사동,KR-28-4-282
Incheon/인천,KR-28,Jung-gu/중구,KR-28-4,Yegwan-dong/예관동,KR-28-4-283
Incheon/인천,KR-28,Jung-gu/중구,KR-28-4,Yejang-dong/예장동,KR-28-4-284
Incheon/인천,KR-28,Jung-gu/중구,KR-28-4,Yeongju 1(il)-dong/영주1동,KR-28-4-285
Incheon/인천,KR-28,Jung-gu/중구,KR-28-4,Yeongju 2(i)-dong/영주2동,KR-28-4-286
Incheon/인천,KR-28,Jung-gu/중구,KR-28-4,Yeongju-dong/영주동,KR-28-4-287
Incheon/인천,KR-28,Jung-gu/중구,KR-28-4,Yongdeok-dong/용덕동,KR-28-4-288
Incheon/인천,KR-28,Jung-gu/중구,KR-28-4,Yong-dong/용동,KR-28-4-289
Incheon/인천,KR-28,Jung-gu/중구,KR-28-4,Yongdu-dong/용두동,KR-28-4-290
Incheon/인천,KR-28,Jung-gu/중구,KR-28-4,Yucheon 1(il)-dong/유천1동,KR-28-4-291
Incheon/인천,KR-28,Jung-gu/중구,KR-28-4,Yucheon 2(i)-dong/유천2동,KR-28-4-292
Incheon/인천,KR-28,Jung-gu/중구,KR-28-4,Yucheon-dong/유천동,KR-28-4-293
Incheon/인천,KR-28,Jung-gu/중구,KR-28-4,Yu-dong/유동,KR-28-4-294
Incheon/인천,KR-28,Jung-gu/중구,KR-28-4,Yugok-dong/유곡동,KR-28-4-295
Incheon/인천,KR-28,Jung-gu/중구,KR-28-4,Yulmok-dong/율목동,KR-28-4-296
Incheon/인천,KR-28,Namdong-gu/남동구,KR-28-5,Dorim-dong/도림동,KR-28-5-0
Incheon/인천,KR-28,Namdong-gu/남동구,KR-28-5,Ganseog 1(il)-dong/간석1동,KR-28-5-1
Incheon/인천,KR-28,Namdong-gu/남동구,KR-28-5,Ganseog 2(i)-dong/간석2동,KR-28-5-2
Incheon/인천,KR-28,Namdong-gu/남동구,KR-28-5,Ganseog 3(sam)-dong/간석3동,KR-28-5-3
Incheon/인천,KR-28,Namdong-gu/남동구,KR-28-5,Ganseog 4(sa)-dong/간석4동,KR-28-5-4
Incheon/인천,KR-28,Namdong-gu/남동구,KR-28-5,Ganseok-dong/간석동,KR-28-5-5
Incheon/인천,KR-28,Namdong-gu/남동구,KR-28-5,Gojan-dong/고잔동,KR-28-5-6
Incheon/인천,KR-28,Namdong-gu/남동구,KR-28-5,Guwol-dong/구월동,KR-28-5-7
Incheon/인천,KR-28,Namdong-gu/남동구,KR-28-5,Guwor 1(il)-dong/구월1동,KR-28-5-8
Incheon/인천,KR-28,Namdong-gu/남동구,KR-28-5,Guwor 2(i)-dong/구월2동,KR-28-5-9
Incheon/인천,KR-28,Namdong-gu/남동구,KR-28-5,Guwor 3(sam)-dong/구월3동,KR-28-5-10
Incheon/인천,KR-28,Namdong-gu/남동구,KR-28-5,Guwor 4(sa)-dong/구월4동,KR-28-5-11
Incheon/인천,KR-28,Namdong-gu/남동구,KR-28-5,Jangsu-dong/장수동,KR-28-5-12
Incheon/인천,KR-28,Namdong-gu/남동구,KR-28-5,Mansu 1(il)-dong/만수1동,KR-28-5-13
Incheon/인천,KR-28,Namdong-gu/남동구,KR-28-5,Mansu 2(i)-dong/만수2동,KR-28-5-14
Incheon/인천,KR-28,Namdong-gu/남동구,KR-28-5,Mansu 3(sam)-dong/만수3동,KR-28-5-15
Incheon/인천,KR-28,Namdong-gu/남동구,KR-28-5,Mansu 4(sa)-dong/만수4동,KR-28-5-16
Incheon/인천,KR-28,Namdong-gu/남동구,KR-28-5,Mansu 5(o)-dong/만수5동,KR-28-5-17
Incheon/인천,KR-28,Namdong-gu/남동구,KR-28-5,Mansu 6(yuk)-dong/만수6동,KR-28-5-18
Incheon/인천,KR-28,Namdong-gu/남동구,KR-28-5,Mansu-dong/만수동,KR-28-5-19
Incheon/인천,KR-28,Namdong-gu/남동구,KR-28-5,Namchon-dong/남촌동,KR-28-5-20
Incheon/인천,KR-28,Namdong-gu/남동구,KR-28-5,Namincheonucheguksaseoham/남인천우체국사서함,KR-28-5-21
Incheon/인천,KR-28,Namdong-gu/남동구,KR-28-5,Nonhyeon-dong/논현동,KR-28-5-22
Incheon/인천,KR-28,Namdong-gu/남동구,KR-28-5,Seochang-dong/서창동,KR-28-5-23
Incheon/인천,KR-28,Namdong-gu/남동구,KR-28-5,Susan-dong/수산동,KR-28-5-24
Incheon/인천,KR-28,Namdong-gu/남동구,KR-28-5,Unyeon-dong/운연동,KR-28-5-25
Incheon/인천,KR-28,Nam-gu/남구,KR-28-6,Apchon-dong/압촌동,KR-28-6-0
Incheon/인천,KR-28,Nam-gu/남구,KR-28-6,Baegun 1(il)-dong/백운1동,KR-28-6-1
Incheon/인천,KR-28,Nam-gu/남구,KR-28-6,Baegun 2(i)-dong/백운2동,KR-28-6-2
Incheon/인천,KR-28,Nam-gu/남구,KR-28-6,Baegun-dong/백운동,KR-28-6-3
Incheon/인천,KR-28,Nam-gu/남구,KR-28-6,Bangrim 1(il)-dong/방림1동,KR-28-6-4
Incheon/인천,KR-28,Nam-gu/남구,KR-28-6,Bangrim 2(i)-dong/방림2동,KR-28-6-5
Incheon/인천,KR-28,Nam-gu/남구,KR-28-6,Bangrim-dong/방림동,KR-28-6-6
Incheon/인천,KR-28,Nam-gu/남구,KR-28-6,Bongdeog 1(il)-dong/봉덕1동,KR-28-6-7
Incheon/인천,KR-28,Nam-gu/남구,KR-28-6,Bongdeog 2(i)-dong/봉덕2동,KR-28-6-8
Incheon/인천,KR-28,Nam-gu/남구,KR-28-6,Bongdeog 3(sam)-dong/봉덕3동,KR-28-6-9
Incheon/인천,KR-28,Nam-gu/남구,KR-28-6,Bongdeok-dong/봉덕동,KR-28-6-10
Incheon/인천,KR-28,Nam-gu/남구,KR-28-6,Bongseon 1(il)-dong/봉선1동,KR-28-6-11
Incheon/인천,KR-28,Nam-gu/남구,KR-28-6,Bongseon 2(i)-dong/봉선2동,KR-28-6-12
Incheon/인천,KR-28,Nam-gu/남구,KR-28-6,Bongseon-dong/봉선동,KR-28-6-13
Incheon/인천,KR-28,Nam-gu/남구,KR-28-6,Bugok-dong/부곡동,KR-28-6-14
Incheon/인천,KR-28,Nam-gu/남구,KR-28-6,Chilseok-dong/칠석동,KR-28-6-15
Incheon/인천,KR-28,Nam-gu/남구,KR-28-6,Daeji-dong/대지동,KR-28-6-16
Incheon/인천,KR-28,Nam-gu/남구,KR-28-6,Daemyeong 1(il)-dong/대명1동,KR-28-6-17
Incheon/인천,KR-28,Nam-gu/남구,KR-28-6,Daemyeong 10(sip)-dong/대명10동,KR-28-6-18
Incheon/인천,KR-28,Nam-gu/남구,KR-28-6,Daemyeong 11(sibil)-dong/대명11동,KR-28-6-19
Incheon/인천,KR-28,Nam-gu/남구,KR-28-6,Daemyeong 2(i)-dong/대명2동,KR-28-6-20
Incheon/인천,KR-28,Nam-gu/남구,KR-28-6,Daemyeong 3(sam)-dong/대명3동,KR-28-6-21
Incheon/인천,KR-28,Nam-gu/남구,KR-28-6,Daemyeong 4(sa)-dong/대명4동,KR-28-6-22
Incheon/인천,KR-28,Nam-gu/남구,KR-28-6,Daemyeong 5(o)-dong/대명5동,KR-28-6-23
Incheon/인천,KR-28,Nam-gu/남구,KR-28-6,Daemyeong 6(yuk)-dong/대명6동,KR-28-6-24
Incheon/인천,KR-28,Nam-gu/남구,KR-28-6,Daemyeong 9(gu)-dong/대명9동,KR-28-6-25
Incheon/인천,KR-28,Nam-gu/남구,KR-28-6,Daemyeong-dong/대명동,KR-28-6-26
Incheon/인천,KR-28,Nam-gu/남구,KR-28-6,Daeyeon 1(il)-dong/대연1동,KR-28-6-27
Incheon/인천,KR-28,Nam-gu/남구,KR-28-6,Daeyeon 2(i)-dong/대연2동,KR-28-6-28
Incheon/인천,KR-28,Nam-gu/남구,KR-28-6,Daeyeon 3(sam)-dong/대연3동,KR-28-6-29
Incheon/인천,KR-28,Nam-gu/남구,KR-28-6,Daeyeon 4(sa)-dong/대연4동,KR-28-6-30
Incheon/인천,KR-28,Nam-gu/남구,KR-28-6,Daeyeon 5(o)-dong/대연5동,KR-28-6-31
Incheon/인천,KR-28,Nam-gu/남구,KR-28-6,Daeyeon 6(yuk)-dong/대연6동,KR-28-6-32
Incheon/인천,KR-28,Nam-gu/남구,KR-28-6,Daeyeon-dong/대연동,KR-28-6-33
Incheon/인천,KR-28,Nam-gu/남구,KR-28-6,Dal-dong/달동,KR-28-6-34
Incheon/인천,KR-28,Nam-gu/남구,KR-28-6,Deoknam-dong/덕남동,KR-28-6-35
Incheon/인천,KR-28,Nam-gu/남구,KR-28-6,Dogeum-dong/도금동,KR-28-6-36
Incheon/인천,KR-28,Nam-gu/남구,KR-28-6,Dohwa 1(il)-dong/도화1동,KR-28-6-37
Incheon/인천,KR-28,Nam-gu/남구,KR-28-6,Dohwa 2(i)-dong/도화2동,KR-28-6-38
Incheon/인천,KR-28,Nam-gu/남구,KR-28-6,Dohwa 3(sam)-dong/도화3동,KR-28-6-39
Incheon/인천,KR-28,Nam-gu/남구,KR-28-6,Dohwa-dong/도화동,KR-28-6-40
Incheon/인천,KR-28,Nam-gu/남구,KR-28-6,Duwang-dong/두왕동,KR-28-6-41
Incheon/인천,KR-28,Nam-gu/남구,KR-28-6,Gaeun-dong/개운동,KR-28-6-42
Incheon/인천,KR-28,Nam-gu/남구,KR-28-6,Gamman 1(il)-dong/감만1동,KR-28-6-43
Incheon/인천,KR-28,Nam-gu/남구,KR-28-6,Gamman 2(i)-dong/감만2동,KR-28-6-44
Incheon/인천,KR-28,Nam-gu/남구,KR-28-6,Gamman-dong/감만동,KR-28-6-45
Incheon/인천,KR-28,Nam-gu/남구,KR-28-6,Gosa-dong/고사동,KR-28-6-46
Incheon/인천,KR-28,Nam-gu/남구,KR-28-6,Gu-dong/구동,KR-28-6-47
Incheon/인천,KR-28,Nam-gu/남구,KR-28-6,Guso-dong/구소동,KR-28-6-48
Incheon/인천,KR-28,Nam-gu/남구,KR-28-6,Gwangyo-dong/관교동,KR-28-6-49
Incheon/인천,KR-28,Nam-gu/남구,KR-28-6,Haengam-dong/행암동,KR-28-6-50
Incheon/인천,KR-28,Nam-gu/남구,KR-28-6,Hagig 1(il)-dong/학익1동,KR-28-6-51
Incheon/인천,KR-28,Nam-gu/남구,KR-28-6,Hagig 2(i)-dong/학익2동,KR-28-6-52
Incheon/인천,KR-28,Nam-gu/남구,KR-28-6,Hagik-dong/학익동,KR-28-6-53
Incheon/인천,KR-28,Nam-gu/남구,KR-28-6,Hwajang-dong/화장동,KR-28-6-54
Incheon/인천,KR-28,Nam-gu/남구,KR-28-6,Hwangseong-dong/황성동,KR-28-6-55
Incheon/인천,KR-28,Nam-gu/남구,KR-28-6,Icheon-dong/이천동,KR-28-6-56
Incheon/인천,KR-28,Nam-gu/남구,KR-28-6,Ijang-dong/이장동,KR-28-6-57
Incheon/인천,KR-28,Nam-gu/남구,KR-28-6,Imam-dong/임암동,KR-28-6-58
Incheon/인천,KR-28,Nam-gu/남구,KR-28-6,Jangsaengpo-dong/장생포동,KR-28-6-59
Incheon/인천,KR-28,Nam-gu/남구,KR-28-6,Jinwol-dong/진월동,KR-28-6-60
Incheon/인천,KR-28,Nam-gu/남구,KR-28-6,Jiseok-dong/지석동,KR-28-6-61
Incheon/인천,KR-28,Nam-gu/남구,KR-28-6,Juan 1(il)-dong/주안1동,KR-28-6-62
Incheon/인천,KR-28,Nam-gu/남구,KR-28-6,Juan 2(i)-dong/주안2동,KR-28-6-63
Incheon/인천,KR-28,Nam-gu/남구,KR-28-6,Juan 3(sam)-dong/주안3동,KR-28-6-64
Incheon/인천,KR-28,Nam-gu/남구,KR-28-6,Juan 4(sa)-dong/주안4동,KR-28-6-65
Incheon/인천,KR-28,Nam-gu/남구,KR-28-6,Juan 5(o)-dong/주안5동,KR-28-6-66
Incheon/인천,KR-28,Nam-gu/남구,KR-28-6,Juan 6(yuk)-dong/주안6동,KR-28-6-67
Incheon/인천,KR-28,Nam-gu/남구,KR-28-6,Juan 7(chil)-dong/주안7동,KR-28-6-68
Incheon/인천,KR-28,Nam-gu/남구,KR-28-6,Juan 8(pal)-dong/주안8동,KR-28-6-69
Incheon/인천,KR-28,Nam-gu/남구,KR-28-6,Juan-dong/주안동,KR-28-6-70
Incheon/인천,KR-28,Nam-gu/남구,KR-28-6,Juwol-dong/주월동,KR-28-6-71
Incheon/인천,KR-28,Nam-gu/남구,KR-28-6,Juwor 1(il)-dong/주월1동,KR-28-6-72
Incheon/인천,KR-28,Nam-gu/남구,KR-28-6,Juwor 2(i)-dong/주월2동,KR-28-6-73
Incheon/인천,KR-28,Nam-gu/남구,KR-28-6,Maeam-dong/매암동,KR-28-6-74
Incheon/인천,KR-28,Nam-gu/남구,KR-28-6,Mugeo-dong/무거동,KR-28-6-75
Incheon/인천,KR-28,Nam-gu/남구,KR-28-6,Munhak-dong/문학동,KR-28-6-76
Incheon/인천,KR-28,Nam-gu/남구,KR-28-6,Munhyeon 1(il)-dong/문현1동,KR-28-6-77
Incheon/인천,KR-28,Nam-gu/남구,KR-28-6,Munhyeon 2(i)-dong/문현2동,KR-28-6-78
Incheon/인천,KR-28,Nam-gu/남구,KR-28-6,Munhyeon 3(sam)-dong/문현3동,KR-28-6-79
Incheon/인천,KR-28,Nam-gu/남구,KR-28-6,Munhyeon 4(sa)-dong/문현4동,KR-28-6-80
Incheon/인천,KR-28,Nam-gu/남구,KR-28-6,Munhyeon-dong/문현동,KR-28-6-81
Incheon/인천,KR-28,Nam-gu/남구,KR-28-6,Namdaeguucheguksaseoham/남대구우체국사서함,KR-28-6-82
Incheon/인천,KR-28,Nam-gu/남구,KR-28-6,Namhwa-dong/남화동,KR-28-6-83
Incheon/인천,KR-28,Nam-gu/남구,KR-28-6,Namulsanucheguksaseoham/남울산우체국사서함,KR-28-6-84
Incheon/인천,KR-28,Nam-gu/남구,KR-28-6,Nodae-dong/노대동,KR-28-6-85
Incheon/인천,KR-28,Nam-gu/남구,KR-28-6,Ok-dong/옥동,KR-28-6-86
Incheon/인천,KR-28,Nam-gu/남구,KR-28-6,Sa-dong/사동,KR-28-6-87
Incheon/인천,KR-28,Nam-gu/남구,KR-28-6,Samsan-dong/삼산동,KR-28-6-88
Incheon/인천,KR-28,Nam-gu/남구,KR-28-6,Sanggae-dong/상개동,KR-28-6-89
Incheon/인천,KR-28,Nam-gu/남구,KR-28-6,Seo 1(il)-dong/서1동,KR-28-6-90
Incheon/인천,KR-28,Nam-gu/남구,KR-28-6,Seo 2(i)-dong/서2동,KR-28-6-91
Incheon/인천,KR-28,Nam-gu/남구,KR-28-6,Seo-dong/서동,KR-28-6-92
Incheon/인천,KR-28,Nam-gu/남구,KR-28-6,Seokjeong-dong/석정동,KR-28-6-93
Incheon/인천,KR-28,Nam-gu/남구,KR-28-6,Seonam-dong/선암동,KR-28-6-94
Incheon/인천,KR-28,Nam-gu/남구,KR-28-6,Seongam-dong/성암동,KR-28-6-95
Incheon/인천,KR-28,Nam-gu/남구,KR-28-6,Seungchon-dong/승촌동,KR-28-6-96
Incheon/인천,KR-28,Nam-gu/남구,KR-28-6,Sinjang-dong/신장동,KR-28-6-97
Incheon/인천,KR-28,Nam-gu/남구,KR-28-6,Sinjeong 1(il)-dong/신정1동,KR-28-6-98
Incheon/인천,KR-28,Nam-gu/남구,KR-28-6,Sinjeong 2(i)-dong/신정2동,KR-28-6-99
Incheon/인천,KR-28,Nam-gu/남구,KR-28-6,Sinjeong 3(sam)-dong/신정3동,KR-28-6-100
Incheon/인천,KR-28,Nam-gu/남구,KR-28-6,Sinjeong 4(sa)-dong/신정4동,KR-28-6-101
Incheon/인천,KR-28,Nam-gu/남구,KR-28-6,Sinjeong 5(o)-dong/신정5동,KR-28-6-102
Incheon/인천,KR-28,Nam-gu/남구,KR-28-6,Sinjeong-dong/신정동,KR-28-6-103
Incheon/인천,KR-28,Nam-gu/남구,KR-28-6,Songha-dong/송하동,KR-28-6-104
Incheon/인천,KR-28,Nam-gu/남구,KR-28-6,Sungui 1(il)-dong/숭의1동,KR-28-6-105
Incheon/인천,KR-28,Nam-gu/남구,KR-28-6,Sungui 2(i)-dong/숭의2동,KR-28-6-106
Incheon/인천,KR-28,Nam-gu/남구,KR-28-6,Sungui 3(sam)-dong/숭의3동,KR-28-6-107
Incheon/인천,KR-28,Nam-gu/남구,KR-28-6,Sungui 4(sa)-dong/숭의4동,KR-28-6-108
Incheon/인천,KR-28,Nam-gu/남구,KR-28-6,Sungui-dong/숭의동,KR-28-6-109
Incheon/인천,KR-28,Nam-gu/남구,KR-28-6,Uam 1(il)-dong/우암1동,KR-28-6-110
Incheon/인천,KR-28,Nam-gu/남구,KR-28-6,Uam 2(i)-dong/우암2동,KR-28-6-111
Incheon/인천,KR-28,Nam-gu/남구,KR-28-6,Uam-dong/우암동,KR-28-6-112
Incheon/인천,KR-28,Nam-gu/남구,KR-28-6,Wolsan 1(il)-dong/월산1동,KR-28-6-113
Incheon/인천,KR-28,Nam-gu/남구,KR-28-6,Wolsan 2(i)-dong/월산2동,KR-28-6-114
Incheon/인천,KR-28,Nam-gu/남구,KR-28-6,Wolsan 3(sam)-dong/월산3동,KR-28-6-115
Incheon/인천,KR-28,Nam-gu/남구,KR-28-6,Wolsan 4(sa)-dong/월산4동,KR-28-6-116
Incheon/인천,KR-28,Nam-gu/남구,KR-28-6,Wolsan 5(o)-dong/월산5동,KR-28-6-117
Incheon/인천,KR-28,Nam-gu/남구,KR-28-6,Wolsan-dong/월산동,KR-28-6-118
Incheon/인천,KR-28,Nam-gu/남구,KR-28-6,Wolseong-dong/월성동,KR-28-6-119
Incheon/인천,KR-28,Nam-gu/남구,KR-28-6,Wonsan-dong/원산동,KR-28-6-120
Incheon/인천,KR-28,Nam-gu/남구,KR-28-6,Yaeum-dong/야음동,KR-28-6-121
Incheon/인천,KR-28,Nam-gu/남구,KR-28-6,Yangchon-dong/양촌동,KR-28-6-122
Incheon/인천,KR-28,Nam-gu/남구,KR-28-6,Yanggwa-dong/양과동,KR-28-6-123
Incheon/인천,KR-28,Nam-gu/남구,KR-28-6,Yangrim-dong/양림동,KR-28-6-124
Incheon/인천,KR-28,Nam-gu/남구,KR-28-6,Yeocheon-dong/여천동,KR-28-6-125
Incheon/인천,KR-28,Nam-gu/남구,KR-28-6,Yongdang-dong/용당동,KR-28-6-126
Incheon/인천,KR-28,Nam-gu/남구,KR-28-6,Yongho 1(il)-dong/용호1동,KR-28-6-127
Incheon/인천,KR-28,Nam-gu/남구,KR-28-6,Yongho 2(i)-dong/용호2동,KR-28-6-128
Incheon/인천,KR-28,Nam-gu/남구,KR-28-6,Yongho 3(sam)-dong/용호3동,KR-28-6-129
Incheon/인천,KR-28,Nam-gu/남구,KR-28-6,Yongho 4(sa)-dong/용호4동,KR-28-6-130
Incheon/인천,KR-28,Nam-gu/남구,KR-28-6,Yongho-dong/용호동,KR-28-6-131
Incheon/인천,KR-28,Nam-gu/남구,KR-28-6,Yonghyeon 1(il)-dong/용현1동,KR-28-6-132
Incheon/인천,KR-28,Nam-gu/남구,KR-28-6,Yonghyeon 2(i)-dong/용현2동,KR-28-6-133
Incheon/인천,KR-28,Nam-gu/남구,KR-28-6,Yonghyeon 3(sam)-dong/용현3동,KR-28-6-134
Incheon/인천,KR-28,Nam-gu/남구,KR-28-6,Yonghyeon 4(sa)-dong/용현4동,KR-28-6-135
Incheon/인천,KR-28,Nam-gu/남구,KR-28-6,Yonghyeon 5(o)-dong/용현5동,KR-28-6-136
Incheon/인천,KR-28,Nam-gu/남구,KR-28-6,Yonghyeon-dong/용현동,KR-28-6-137
Incheon/인천,KR-28,Nam-gu/남구,KR-28-6,Yongjam-dong/용잠동,KR-28-6-138
Incheon/인천,KR-28,Nam-gu/남구,KR-28-6,Yongyeon-dong/용연동,KR-28-6-139
Incheon/인천,KR-28,Ongjin-gun/옹진군,KR-28-7,Baekryeong-myeon/백령면,KR-28-7-0
Incheon/인천,KR-28,Ongjin-gun/옹진군,KR-28-7,Bukdo-myeon/북도면,KR-28-7-1
Incheon/인천,KR-28,Ongjin-gun/옹진군,KR-28-7,Daecheong-myeon/대청면,KR-28-7-2
Incheon/인천,KR-28,Ongjin-gun/옹진군,KR-28-7,Deokjeok-myeon/덕적면,KR-28-7-3
Incheon/인천,KR-28,Ongjin-gun/옹진군,KR-28-7,Jawol-myeon/자월면,KR-28-7-4
Incheon/인천,KR-28,Ongjin-gun/옹진군,KR-28-7,Yeongheung-myeon/영흥면,KR-28-7-5
Incheon/인천,KR-28,Ongjin-gun/옹진군,KR-28-7,Yeonpyeong-myeon/연평면,KR-28-7-6
Incheon/인천,KR-28,Seo-gu/서구,KR-28-8,Amidong 1(il)-ga/아미동1가,KR-28-8-0
Incheon/인천,KR-28,Seo-gu/서구,KR-28-8,Amidong 2(i)-ga/아미동2가,KR-28-8-1
Incheon/인천,KR-28,Seo-gu/서구,KR-28-8,Ami-dong/아미동,KR-28-8-2
Incheon/인천,KR-28,Seo-gu/서구,KR-28-8,Amnam-dong/암남동,KR-28-8-3
Incheon/인천,KR-28,Seo-gu/서구,KR-28-8,Baekseok-dong/백석동,KR-28-8-4
Incheon/인천,KR-28,Seo-gu/서구,KR-28-8,Bisan 1(il)-dong/비산1동,KR-28-8-5
Incheon/인천,KR-28,Seo-gu/서구,KR-28-8,Bisan 2.3-dong/비산2.3동,KR-28-8-6
Incheon/인천,KR-28,Seo-gu/서구,KR-28-8,Bisan 4(sa)-dong/비산4동,KR-28-8-7
Incheon/인천,KR-28,Seo-gu/서구,KR-28-8,Bisan 5(o)-dong/비산5동,KR-28-8-8
Incheon/인천,KR-28,Seo-gu/서구,KR-28-8,Bisan 6(yuk)-dong/비산6동,KR-28-8-9
Incheon/인천,KR-28,Seo-gu/서구,KR-28-8,Bisan 7(chil)-dong/비산7동,KR-28-8-10
Incheon/인천,KR-28,Seo-gu/서구,KR-28-8,Bisan-dong/비산동,KR-28-8-11
Incheon/인천,KR-28,Seo-gu/서구,KR-28-8,Boksu-dong/복수동,KR-28-8-12
Incheon/인천,KR-28,Seo-gu/서구,KR-28-8,Bonggok-dong/봉곡동,KR-28-8-13
Incheon/인천,KR-28,Seo-gu/서구,KR-28-8,Bullo-dong/불로동,KR-28-8-14
Incheon/인천,KR-28,Seo-gu/서구,KR-28-8,Bumindong 1(il)-ga/부민동1가,KR-28-8-15
Incheon/인천,KR-28,Seo-gu/서구,KR-28-8,Bumindong 2(i)-ga/부민동2가,KR-28-8-16
Incheon/인천,KR-28,Seo-gu/서구,KR-28-8,Bumindong 3(sam)-ga/부민동3가,KR-28-8-17
Incheon/인천,KR-28,Seo-gu/서구,KR-28-8,Bumin-dong/부민동,KR-28-8-18
Incheon/인천,KR-28,Seo-gu/서구,KR-28-8,Buyongdong 1(il)-ga/부용동1가,KR-28-8-19
Incheon/인천,KR-28,Seo-gu/서구,KR-28-8,Buyongdong 2(i)-ga/부용동2가,KR-28-8-20
Incheon/인천,KR-28,Seo-gu/서구,KR-28-8,Buyong-dong/부용동,KR-28-8-21
Incheon/인천,KR-28,Seo-gu/서구,KR-28-8,Byeokjin-dong/벽진동,KR-28-8-22
Incheon/인천,KR-28,Seo-gu/서구,KR-28-8,Byeon-dong/변동,KR-28-8-23
Incheon/인천,KR-28,Seo-gu/서구,KR-28-8,Chipyeong-dong/치평동,KR-28-8-24
Incheon/인천,KR-28,Seo-gu/서구,KR-28-8,Chojang-dong/초장동,KR-28-8-25
Incheon/인천,KR-28,Seo-gu/서구,KR-28-8,Chungmudong 1(il)-ga/충무동1가,KR-28-8-26
Incheon/인천,KR-28,Seo-gu/서구,KR-28-8,Chungmudong 2(i)-ga/충무동2가,KR-28-8-27
Incheon/인천,KR-28,Seo-gu/서구,KR-28-8,Chungmudong 3(sam)-ga/충무동3가,KR-28-8-28
Incheon/인천,KR-28,Seo-gu/서구,KR-28-8,Chungmu-dong/충무동,KR-28-8-29
Incheon/인천,KR-28,Seo-gu/서구,KR-28-8,Daegok-dong/대곡동,KR-28-8-30
Incheon/인천,KR-28,Seo-gu/서구,KR-28-8,Daejeondunsanucheguksaseoham/대전둔산우체국사서함,KR-28-8-31
Incheon/인천,KR-28,Seo-gu/서구,KR-28-8,Dangha-dong/당하동,KR-28-8-32
Incheon/인천,KR-28,Seo-gu/서구,KR-28-8,Deokheung-dong/덕흥동,KR-28-8-33
Incheon/인천,KR-28,Seo-gu/서구,KR-28-8,Doan-dong/도안동,KR-28-8-34
Incheon/인천,KR-28,Seo-gu/서구,KR-28-8,Doma 1(il)-dong/도마1동,KR-28-8-35
Incheon/인천,KR-28,Seo-gu/서구,KR-28-8,Doma 2(i)-dong/도마2동,KR-28-8-36
Incheon/인천,KR-28,Seo-gu/서구,KR-28-8,Doma-dong/도마동,KR-28-8-37
Incheon/인천,KR-28,Seo-gu/서구,KR-28-8,Dongdaesindong 1(il)-ga/동대신동1가,KR-28-8-38
Incheon/인천,KR-28,Seo-gu/서구,KR-28-8,Dongdaesindong 2(i)-ga/동대신동2가,KR-28-8-39
Incheon/인천,KR-28,Seo-gu/서구,KR-28-8,Dongdaesindong 3(sam)-ga/동대신동3가,KR-28-8-40
Incheon/인천,KR-28,Seo-gu/서구,KR-28-8,Dunsan 1(il)-dong/둔산1동,KR-28-8-41
Incheon/인천,KR-28,Seo-gu/서구,KR-28-8,Dunsan 2(i)-dong/둔산2동,KR-28-8-42
Incheon/인천,KR-28,Seo-gu/서구,KR-28-8,Dunsan-dong/둔산동,KR-28-8-43
Incheon/인천,KR-28,Seo-gu/서구,KR-28-8,Gajang-dong/가장동,KR-28-8-44
Incheon/인천,KR-28,Seo-gu/서구,KR-28-8,Gajeong 1(il)-dong/가정1동,KR-28-8-45
Incheon/인천,KR-28,Seo-gu/서구,KR-28-8,Gajeong 2(i)-dong/가정2동,KR-28-8-46
Incheon/인천,KR-28,Seo-gu/서구,KR-28-8,Gajeong 3(sam)-dong/가정3동,KR-28-8-47
Incheon/인천,KR-28,Seo-gu/서구,KR-28-8,Gajeong-dong/가정동,KR-28-8-48
Incheon/인천,KR-28,Seo-gu/서구,KR-28-8,Gajwa 1(il)-dong/가좌1동,KR-28-8-49
Incheon/인천,KR-28,Seo-gu/서구,KR-28-8,Gajwa 2(i)-dong/가좌2동,KR-28-8-50
Incheon/인천,KR-28,Seo-gu/서구,KR-28-8,Gajwa 3(sam)-dong/가좌3동,KR-28-8-51
Incheon/인천,KR-28,Seo-gu/서구,KR-28-8,Gajwa 4(sa)-dong/가좌4동,KR-28-8-52
Incheon/인천,KR-28,Seo-gu/서구,KR-28-8,Gajwa-dong/가좌동,KR-28-8-53
Incheon/인천,KR-28,Seo-gu/서구,KR-28-8,Galma 1(il)-dong/갈마1동,KR-28-8-54
Incheon/인천,KR-28,Seo-gu/서구,KR-28-8,Galma 2(i)-dong/갈마2동,KR-28-8-55
Incheon/인천,KR-28,Seo-gu/서구,KR-28-8,Galma-dong/갈마동,KR-28-8-56
Incheon/인천,KR-28,Seo-gu/서구,KR-28-8,Gasuwon-dong/가수원동,KR-28-8-57
Incheon/인천,KR-28,Seo-gu/서구,KR-28-8,Geomam-dong/검암동,KR-28-8-58
Incheon/인천,KR-28,Seo-gu/서구,KR-28-8,Geumgok-dong/금곡동,KR-28-8-59
Incheon/인천,KR-28,Seo-gu/서구,KR-28-8,Geumho-dong/금호동,KR-28-8-60
Incheon/인천,KR-28,Seo-gu/서구,KR-28-8,Goegok-dong/괴곡동,KR-28-8-61
Incheon/인천,KR-28,Seo-gu/서구,KR-28-8,Goejeong-dong/괴정동,KR-28-8-62
Incheon/인천,KR-28,Seo-gu/서구,KR-28-8,Gongchon-dong/공촌동,KR-28-8-63
Incheon/인천,KR-28,Seo-gu/서구,KR-28-8,Gwangcheon-dong/광천동,KR-28-8-64
Incheon/인천,KR-28,Seo-gu/서구,KR-28-8,Gwanjeo 1(il)-dong/관저1동,KR-28-8-65
Incheon/인천,KR-28,Seo-gu/서구,KR-28-8,Gwanjeo 2(i)-dong/관저2동,KR-28-8-66
Incheon/인천,KR-28,Seo-gu/서구,KR-28-8,Gwanjeo-dong/관저동,KR-28-8-67
Incheon/인천,KR-28,Seo-gu/서구,KR-28-8,Gyeongseo-dong/경서동,KR-28-8-68
Incheon/인천,KR-28,Seo-gu/서구,KR-28-8,Heukseok-dong/흑석동,KR-28-8-69
Incheon/인천,KR-28,Seo-gu/서구,KR-28-8,Hwajeong 1(il)-dong/화정1동,KR-28-8-70
Incheon/인천,KR-28,Seo-gu/서구,KR-28-8,Hwajeong 2(i)-dong/화정2동,KR-28-8-71
Incheon/인천,KR-28,Seo-gu/서구,KR-28-8,Hwajeong 3(sam)-dong/화정3동,KR-28-8-72
Incheon/인천,KR-28,Seo-gu/서구,KR-28-8,Hwajeong 4(sa)-dong/화정4동,KR-28-8-73
Incheon/인천,KR-28,Seo-gu/서구,KR-28-8,Hwajeong-dong/화정동,KR-28-8-74
Incheon/인천,KR-28,Seo-gu/서구,KR-28-8,Ihyeon-dong/이현동,KR-28-8-75
Incheon/인천,KR-28,Seo-gu/서구,KR-28-8,Jangan-dong/장안동,KR-28-8-76
Incheon/인천,KR-28,Seo-gu/서구,KR-28-8,Jeongrim-dong/정림동,KR-28-8-77
Incheon/인천,KR-28,Seo-gu/서구,KR-28-8,Jungri-dong/중리동,KR-28-8-78
Incheon/인천,KR-28,Seo-gu/서구,KR-28-8,Maeno-dong/매노동,KR-28-8-79
Incheon/인천,KR-28,Seo-gu/서구,KR-28-8,Maewol-dong/매월동,KR-28-8-80
Incheon/인천,KR-28,Seo-gu/서구,KR-28-8,Majeon-dong/마전동,KR-28-8-81
Incheon/인천,KR-28,Seo-gu/서구,KR-28-8,Mannyeon-dong/만년동,KR-28-8-82
Incheon/인천,KR-28,Seo-gu/서구,KR-28-8,Mareuk-dong/마륵동,KR-28-8-83
Incheon/인천,KR-28,Seo-gu/서구,KR-28-8,Naebang-dong/내방동,KR-28-8-84
Incheon/인천,KR-28,Seo-gu/서구,KR-28-8,Naedang 1(il)-dong/내당1동,KR-28-8-85
Incheon/인천,KR-28,Seo-gu/서구,KR-28-8,Naedang 2.3-dong/내당2.3동,KR-28-8-86
Incheon/인천,KR-28,Seo-gu/서구,KR-28-8,Naedang 4(sa)-dong/내당4동,KR-28-8-87
Incheon/인천,KR-28,Seo-gu/서구,KR-28-8,Naedang-dong/내당동,KR-28-8-88
Incheon/인천,KR-28,Seo-gu/서구,KR-28-8,Nae-dong/내동,KR-28-8-89
Incheon/인천,KR-28,Seo-gu/서구,KR-28-8,Nambumin 1(il)-dong/남부민1동,KR-28-8-90
Incheon/인천,KR-28,Seo-gu/서구,KR-28-8,Nambumin 2(i)-dong/남부민2동,KR-28-8-91
Incheon/인천,KR-28,Seo-gu/서구,KR-28-8,Nambumin-dong/남부민동,KR-28-8-92
Incheon/인천,KR-28,Seo-gu/서구,KR-28-8,Nongseong 1(il)-dong/농성1동,KR-28-8-93
Incheon/인천,KR-28,Seo-gu/서구,KR-28-8,Nongseong 2(i)-dong/농성2동,KR-28-8-94
Incheon/인천,KR-28,Seo-gu/서구,KR-28-8,Nongseong-dong/농성동,KR-28-8-95
Incheon/인천,KR-28,Seo-gu/서구,KR-28-8,O-dong/오동,KR-28-8-96
Incheon/인천,KR-28,Seo-gu/서구,KR-28-8,Oryu-dong/오류동,KR-28-8-97
Incheon/인천,KR-28,Seo-gu/서구,KR-28-8,Pungam-dong/풍암동,KR-28-8-98
Incheon/인천,KR-28,Seo-gu/서구,KR-28-8,Pyeongchon-dong/평촌동,KR-28-8-99
Incheon/인천,KR-28,Seo-gu/서구,KR-28-8,Pyeongri 1(il)-dong/평리1동,KR-28-8-100
Incheon/인천,KR-28,Seo-gu/서구,KR-28-8,Pyeongri 2(i)-dong/평리2동,KR-28-8-101
Incheon/인천,KR-28,Seo-gu/서구,KR-28-8,Pyeongri 3(sam)-dong/평리3동,KR-28-8-102
Incheon/인천,KR-28,Seo-gu/서구,KR-28-8,Pyeongri 4(sa)-dong/평리4동,KR-28-8-103
Incheon/인천,KR-28,Seo-gu/서구,KR-28-8,Pyeongri 5(o)-dong/평리5동,KR-28-8-104
Incheon/인천,KR-28,Seo-gu/서구,KR-28-8,Pyeongri 6(yuk)-dong/평리6동,KR-28-8-105
Incheon/인천,KR-28,Seo-gu/서구,KR-28-8,Pyeongri-dong/평리동,KR-28-8-106
Incheon/인천,KR-28,Seo-gu/서구,KR-28-8,Samcheon-dong/삼천동,KR-28-8-107
Incheon/인천,KR-28,Seo-gu/서구,KR-28-8,Sangmu 1(il)-dong/상무1동,KR-28-8-108
Incheon/인천,KR-28,Seo-gu/서구,KR-28-8,Sangmu 2(i)-dong/상무2동,KR-28-8-109
Incheon/인천,KR-28,Seo-gu/서구,KR-28-8,Sangmu-dong/상무동,KR-28-8-110
Incheon/인천,KR-28,Seo-gu/서구,KR-28-8,Sangri-dong/상리동,KR-28-8-111
Incheon/인천,KR-28,Seo-gu/서구,KR-28-8,Sanjik-dong/산직동,KR-28-8-112
Incheon/인천,KR-28,Seo-gu/서구,KR-28-8,Seha-dong/세하동,KR-28-8-113
Incheon/인천,KR-28,Seo-gu/서구,KR-28-8,Seochang-dong/서창동,KR-28-8-114
Incheon/인천,KR-28,Seo-gu/서구,KR-28-8,Seodaeguucheguksaseoham/서대구우체국사서함,KR-28-8-115
Incheon/인천,KR-28,Seo-gu/서구,KR-28-8,Seodaesindong 1(il)-ga/서대신동1가,KR-28-8-116
Incheon/인천,KR-28,Seo-gu/서구,KR-28-8,Seodaesindong 2(i)-ga/서대신동2가,KR-28-8-117
Incheon/인천,KR-28,Seo-gu/서구,KR-28-8,Seodaesindong 3(sam)-ga/서대신동3가,KR-28-8-118
Incheon/인천,KR-28,Seo-gu/서구,KR-28-8,Seogwangjuucheguksaseoham/서광주우체국사서함,KR-28-8-119
Incheon/인천,KR-28,Seo-gu/서구,KR-28-8,Seoincheonucheguksaseoham/서인천우체국사서함,KR-28-8-120
Incheon/인천,KR-28,Seo-gu/서구,KR-28-8,Seoknam 1(il)-dong/석남1동,KR-28-8-121
Incheon/인천,KR-28,Seo-gu/서구,KR-28-8,Seoknam 2(i)-dong/석남2동,KR-28-8-122
Incheon/인천,KR-28,Seo-gu/서구,KR-28-8,Seoknam 3(sam)-dong/석남3동,KR-28-8-123
Incheon/인천,KR-28,Seo-gu/서구,KR-28-8,Seoknam-dong/석남동,KR-28-8-124
Incheon/인천,KR-28,Seo-gu/서구,KR-28-8,Sicheon-dong/시천동,KR-28-8-125
Incheon/인천,KR-28,Seo-gu/서구,KR-28-8,Simgok-dong/심곡동,KR-28-8-126
Incheon/인천,KR-28,Seo-gu/서구,KR-28-8,Sinhyeon-dong/신현동,KR-28-8-127
Incheon/인천,KR-28,Seo-gu/서구,KR-28-8,Ssangchon-dong/쌍촌동,KR-28-8-128
Incheon/인천,KR-28,Seo-gu/서구,KR-28-8,Tanbang-dong/탄방동,KR-28-8-129
Incheon/인천,KR-28,Seo-gu/서구,KR-28-8,Toseongdong 1(il)-ga/토성동1가,KR-28-8-130
Incheon/인천,KR-28,Seo-gu/서구,KR-28-8,Toseongdong 2(i)-ga/토성동2가,KR-28-8-131
Incheon/인천,KR-28,Seo-gu/서구,KR-28-8,Toseongdong 3(sam)-ga/토성동3가,KR-28-8-132
Incheon/인천,KR-28,Seo-gu/서구,KR-28-8,Toseongdong 4(sa)-ga/토성동4가,KR-28-8-133
Incheon/인천,KR-28,Seo-gu/서구,KR-28-8,Toseongdong 5(o)-ga/토성동5가,KR-28-8-134
Incheon/인천,KR-28,Seo-gu/서구,KR-28-8,Toseong-dong/토성동,KR-28-8-135
Incheon/인천,KR-28,Seo-gu/서구,KR-28-8,Umyeong-dong/우명동,KR-28-8-136
Incheon/인천,KR-28,Seo-gu/서구,KR-28-8,Wanggil-dong/왕길동,KR-28-8-137
Incheon/인천,KR-28,Seo-gu/서구,KR-28-8,Wolpyeong 1(il)-dong/월평1동,KR-28-8-138
Incheon/인천,KR-28,Seo-gu/서구,KR-28-8,Wolpyeong 2(i)-dong/월평2동,KR-28-8-139
Incheon/인천,KR-28,Seo-gu/서구,KR-28-8,Wolpyeong 3(sam)-dong/월평3동,KR-28-8-140
Incheon/인천,KR-28,Seo-gu/서구,KR-28-8,Wolpyeong-dong/월평동,KR-28-8-141
Incheon/인천,KR-28,Seo-gu/서구,KR-28-8,Wonchang-dong/원창동,KR-28-8-142
Incheon/인천,KR-28,Seo-gu/서구,KR-28-8,Wondaedong 1(il)-ga/원대동1가,KR-28-8-143
Incheon/인천,KR-28,Seo-gu/서구,KR-28-8,Wondaedong 2(i)-ga/원대동2가,KR-28-8-144
Incheon/인천,KR-28,Seo-gu/서구,KR-28-8,Wondaedong 3(sam)-ga/원대동3가,KR-28-8-145
Incheon/인천,KR-28,Seo-gu/서구,KR-28-8,Wondang-dong/원당동,KR-28-8-146
Incheon/인천,KR-28,Seo-gu/서구,KR-28-8,Wonjeong-dong/원정동,KR-28-8-147
Incheon/인천,KR-28,Seo-gu/서구,KR-28-8,Yang 1(il)-dong/양1동,KR-28-8-148
Incheon/인천,KR-28,Seo-gu/서구,KR-28-8,Yang 2(i)-dong/양2동,KR-28-8-149
Incheon/인천,KR-28,Seo-gu/서구,KR-28-8,Yang 3(sam)-dong/양3동,KR-28-8-150
Incheon/인천,KR-28,Seo-gu/서구,KR-28-8,Yang-dong/양동,KR-28-8-151
Incheon/인천,KR-28,Seo-gu/서구,KR-28-8,Yeonhui-dong/연희동,KR-28-8-152
Incheon/인천,KR-28,Seo-gu/서구,KR-28-8,Yongchon-dong/용촌동,KR-28-8-153
Incheon/인천,KR-28,Seo-gu/서구,KR-28-8,Yongdu-dong/용두동,KR-28-8-154
Incheon/인천,KR-28,Seo-gu/서구,KR-28-8,Yongmun-dong/용문동,KR-28-8-155
Incheon/인천,KR-28,Seo-gu/서구,KR-28-8,Yuchon-dong/유촌동,KR-28-8-156
Incheon/인천,KR-28,Yeonsu-gu/연수구,KR-28-9,Cheonghak-dong/청학동,KR-28-9-0
Incheon/인천,KR-28,Yeonsu-gu/연수구,KR-28-9,Dongchun 1(il)-dong/동춘1동,KR-28-9-1
Incheon/인천,KR-28,Yeonsu-gu/연수구,KR-28-9,Dongchun 2(i)-dong/동춘2동,KR-28-9-2
Incheon/인천,KR-28,Yeonsu-gu/연수구,KR-28-9,Dongchun 3(sam)-dong/동춘3동,KR-28-9-3
Incheon/인천,KR-28,Yeonsu-gu/연수구,KR-28-9,Dongchun-dong/동춘동,KR-28-9-4
Incheon/인천,KR-28,Yeonsu-gu/연수구,KR-28-9,Incheonucheguksaseoham/인천우체국사서함,KR-28-9-5
Incheon/인천,KR-28,Yeonsu-gu/연수구,KR-28-9,Okryeon-dong/옥련동,KR-28-9-6
Incheon/인천,KR-28,Yeonsu-gu/연수구,KR-28-9,Seonhak-dong/선학동,KR-28-9-7
Incheon/인천,KR-28,Yeonsu-gu/연수구,KR-28-9,Songdo-dong/송도동,KR-28-9-8
Incheon/인천,KR-28,Yeonsu-gu/연수구,KR-28-9,Yeonsu 1(il)-dong/연수1동,KR-28-9-9
Incheon/인천,KR-28,Yeonsu-gu/연수구,KR-28-9,Yeonsu 2(i)-dong/연수2동,KR-28-9-10
Incheon/인천,KR-28,Yeonsu-gu/연수구,KR-28-9,Yeonsu 3(sam)-dong/연수3동,KR-28-9-11
Incheon/인천,KR-28,Yeonsu-gu/연수구,KR-28-9,Yeonsu-dong/연수동,KR-28-9-12
Jeju-do/제주,KR-49,Jeju-si/제주시,KR-49-0,Aewor-eup/애월읍,KR-49-0-0
Jeju-do/제주,KR-49,Jeju-si/제주시,KR-49-0,Ara 1(il)-dong/아라1동,KR-49-0-1
Jeju-do/제주,KR-49,Jeju-si/제주시,KR-49-0,Ara 2(i)-dong/아라2동,KR-49-0-2
Jeju-do/제주,KR-49,Jeju-si/제주시,KR-49-0,Ara-dong/아라동,KR-49-0-3
Jeju-do/제주,KR-49,Jeju-si/제주시,KR-49-0,Bonggae-dong/봉개동,KR-49-0-4
Jeju-do/제주,KR-49,Jeju-si/제주시,KR-49-0,Chuja-myeon/추자면,KR-49-0-5
Jeju-do/제주,KR-49,Jeju-si/제주시,KR-49-0,Dodu 1(il)-dong/도두1동,KR-49-0-6
Jeju-do/제주,KR-49,Jeju-si/제주시,KR-49-0,Dodu 2(i)-dong/도두2동,KR-49-0-7
Jeju-do/제주,KR-49,Jeju-si/제주시,KR-49-0,Dodu-dong/도두동,KR-49-0-8
Jeju-do/제주,KR-49,Jeju-si/제주시,KR-49-0,Donam-dong/도남동,KR-49-0-9
Jeju-do/제주,KR-49,Jeju-si/제주시,KR-49-0,Dopyeong-dong/도평동,KR-49-0-10
Jeju-do/제주,KR-49,Jeju-si/제주시,KR-49-0,Doryeon 1(il)-dong/도련1동,KR-49-0-11
Jeju-do/제주,KR-49,Jeju-si/제주시,KR-49-0,Doryeon 2(i)-dong/도련2동,KR-49-0-12
Jeju-do/제주,KR-49,Jeju-si/제주시,KR-49-0,Doryeon-dong/도련동,KR-49-0-13
Jeju-do/제주,KR-49,Jeju-si/제주시,KR-49-0,Geonip-dong/건입동,KR-49-0-14
Jeju-do/제주,KR-49,Jeju-si/제주시,KR-49-0,Gujwa-eup/구좌읍,KR-49-0-15
Jeju-do/제주,KR-49,Jeju-si/제주시,KR-49-0,Haean-dong/해안동,KR-49-0-16
Jeju-do/제주,KR-49,Jeju-si/제주시,KR-49-0,Hangyeong-myeon/한경면,KR-49-0-17
Jeju-do/제주,KR-49,Jeju-si/제주시,KR-49-0,Hanrim-eup/한림읍,KR-49-0-18
Jeju-do/제주,KR-49,Jeju-si/제주시,KR-49-0,Hoecheon-dong/회천동,KR-49-0-19
Jeju-do/제주,KR-49,Jeju-si/제주시,KR-49-0,Hwabug 1(il)-dong/화북1동,KR-49-0-20
Jeju-do/제주,KR-49,Jeju-si/제주시,KR-49-0,Hwabug 2(i)-dong/화북2동,KR-49-0-21
Jeju-do/제주,KR-49,Jeju-si/제주시,KR-49-0,Hwabuk-dong/화북동,KR-49-0-22
Jeju-do/제주,KR-49,Jeju-si/제주시,KR-49-0,Ido 1(il)-dong/이도1동,KR-49-0-23
Jeju-do/제주,KR-49,Jeju-si/제주시,KR-49-0,Ido 2(i)-dong/이도2동,KR-49-0-24
Jeju-do/제주,KR-49,Jeju-si/제주시,KR-49-0,Ido-dong/이도동,KR-49-0-25
Jeju-do/제주,KR-49,Jeju-si/제주시,KR-49-0,Iho 1(il)-dong/이호1동,KR-49-0-26
Jeju-do/제주,KR-49,Jeju-si/제주시,KR-49-0,Iho 2(i)-dong/이호2동,KR-49-0-27
Jeju-do/제주,KR-49,Jeju-si/제주시,KR-49-0,Iho-dong/이호동,KR-49-0-28
Jeju-do/제주,KR-49,Jeju-si/제주시,KR-49-0,Ildo 1(il)-dong/일도1동,KR-49-0-29
Jeju-do/제주,KR-49,Jeju-si/제주시,KR-49-0,Ildo 2(i)-dong/일도2동,KR-49-0-30
Jeju-do/제주,KR-49,Jeju-si/제주시,KR-49-0,Ildo-dong/일도동,KR-49-0-31
Jeju-do/제주,KR-49,Jeju-si/제주시,KR-49-0,Jejuucheguksaseoham/제주우체국사서함,KR-49-0-32
Jeju-do/제주,KR-49,Jeju-si/제주시,KR-49-0,Jejuupyeonjipjungguksaseoham/제주우편집중국사서함,KR-49-0-33
Jeju-do/제주,KR-49,Jeju-si/제주시,KR-49-0,Jocheon-eup/조천읍,KR-49-0-34
Jeju-do/제주,KR-49,Jeju-si/제주시,KR-49-0,Naedo-dong/내도동,KR-49-0-35
Jeju-do/제주,KR-49,Jeju-si/제주시,KR-49-0,Nohyeong-dong/노형동,KR-49-0-36
Jeju-do/제주,KR-49,Jeju-si/제주시,KR-49-0,Odeung-dong/오등동,KR-49-0-37
Jeju-do/제주,KR-49,Jeju-si/제주시,KR-49-0,Oedo 1(il)-dong/외도1동,KR-49-0-38
Jeju-do/제주,KR-49,Jeju-si/제주시,KR-49-0,Oedo 2(i)-dong/외도2동,KR-49-0-39
Jeju-do/제주,KR-49,Jeju-si/제주시,KR-49-0,Oedo-dong/외도동,KR-49-0-40
Jeju-do/제주,KR-49,Jeju-si/제주시,KR-49-0,Ora 1(il)-dong/오라1동,KR-49-0-41
Jeju-do/제주,KR-49,Jeju-si/제주시,KR-49-0,Ora 2(i)-dong/오라2동,KR-49-0-42
Jeju-do/제주,KR-49,Jeju-si/제주시,KR-49-0,Ora 3(sam)-dong/오라3동,KR-49-0-43
Jeju-do/제주,KR-49,Jeju-si/제주시,KR-49-0,Ora-dong/오라동,KR-49-0-44
Jeju-do/제주,KR-49,Jeju-si/제주시,KR-49-0,Samdo 1(il)-dong/삼도1동,KR-49-0-45
Jeju-do/제주,KR-49,Jeju-si/제주시,KR-49-0,Samdo 2(i)-dong/삼도2동,KR-49-0-46
Jeju-do/제주,KR-49,Jeju-si/제주시,KR-49-0,Samdo-dong/삼도동,KR-49-0-47
Jeju-do/제주,KR-49,Jeju-si/제주시,KR-49-0,Samyang 1(il)-dong/삼양1동,KR-49-0-48
Jeju-do/제주,KR-49,Jeju-si/제주시,KR-49-0,Samyang 2(i)-dong/삼양2동,KR-49-0-49
Jeju-do/제주,KR-49,Jeju-si/제주시,KR-49-0,Samyang 3(sam)-dong/삼양3동,KR-49-0-50
Jeju-do/제주,KR-49,Jeju-si/제주시,KR-49-0,Samyang-dong/삼양동,KR-49-0-51
Jeju-do/제주,KR-49,Jeju-si/제주시,KR-49-0,Udo-myeon/우도면,KR-49-0-52
Jeju-do/제주,KR-49,Jeju-si/제주시,KR-49-0,Wolpyeong-dong/월평동,KR-49-0-53
Jeju-do/제주,KR-49,Jeju-si/제주시,KR-49-0,Yeon-dong/연동,KR-49-0-54
Jeju-do/제주,KR-49,Jeju-si/제주시,KR-49-0,Yeongpyeong-dong/영평동,KR-49-0-55
Jeju-do/제주,KR-49,Jeju-si/제주시,KR-49-0,Yongdam 1(il)-dong/용담1동,KR-49-0-56
Jeju-do/제주,KR-49,Jeju-si/제주시,KR-49-0,Yongdam 2(i)-dong/용담2동,KR-49-0-57
Jeju-do/제주,KR-49,Jeju-si/제주시,KR-49-0,Yongdam 3(sam)-dong/용담3동,KR-49-0-58
Jeju-do/제주,KR-49,Jeju-si/제주시,KR-49-0,Yongdam-dong/용담동,KR-49-0-59
Jeju-do/제주,KR-49,Jeju-si/제주시,KR-49-0,Yonggang-dong/용강동,KR-49-0-60
Jeju-do/제주,KR-49,Seogwipo-si/서귀포시,KR-49-1,Andeok-myeon/안덕면,KR-49-1-0
Jeju-do/제주,KR-49,Seogwipo-si/서귀포시,KR-49-1,Beophwan-dong/법환동,KR-49-1-1
Jeju-do/제주,KR-49,Seogwipo-si/서귀포시,KR-49-1,Bomok-dong/보목동,KR-49-1-2
Jeju-do/제주,KR-49,Seogwipo-si/서귀포시,KR-49-1,Cheonji-dong/천지동,KR-49-1-3
Jeju-do/제주,KR-49,Seogwipo-si/서귀포시,KR-49-1,Daejeong-eup/대정읍,KR-49-1-4
Jeju-do/제주,KR-49,Seogwipo-si/서귀포시,KR-49-1,Daepo-dong/대포동,KR-49-1-5
Jeju-do/제주,KR-49,Seogwipo-si/서귀포시,KR-49-1,Donghong-dong/동홍동,KR-49-1-6
Jeju-do/제주,KR-49,Seogwipo-si/서귀포시,KR-49-1,Dosun-dong/도순동,KR-49-1-7
Jeju-do/제주,KR-49,Seogwipo-si/서귀포시,KR-49-1,Gangjeong-dong/강정동,KR-49-1-8
Jeju-do/제주,KR-49,Seogwipo-si/서귀포시,KR-49-1,Hahyo-dong/하효동,KR-49-1-9
Jeju-do/제주,KR-49,Seogwipo-si/서귀포시,KR-49-1,Hawon-dong/하원동,KR-49-1-10
Jeju-do/제주,KR-49,Seogwipo-si/서귀포시,KR-49-1,Haye-dong/하예동,KR-49-1-11
Jeju-do/제주,KR-49,Seogwipo-si/서귀포시,KR-49-1,Hoesu-dong/회수동,KR-49-1-12
Jeju-do/제주,KR-49,Seogwipo-si/서귀포시,KR-49-1,Hogeun-dong/호근동,KR-49-1-13
Jeju-do/제주,KR-49,Seogwipo-si/서귀포시,KR-49-1,Jeongbang-dong/정방동,KR-49-1-14
Jeju-do/제주,KR-49,Seogwipo-si/서귀포시,KR-49-1,Jungang-dong/중앙동,KR-49-1-15
Jeju-do/제주,KR-49,Seogwipo-si/서귀포시,KR-49-1,Jungmun-dong/중문동,KR-49-1-16
Jeju-do/제주,KR-49,Seogwipo-si/서귀포시,KR-49-1,Namwon-eup/남원읍,KR-49-1-17
Jeju-do/제주,KR-49,Seogwipo-si/서귀포시,KR-49-1,Pyoseon-myeon/표선면,KR-49-1-18
Jeju-do/제주,KR-49,Seogwipo-si/서귀포시,KR-49-1,Saekdal-dong/색달동,KR-49-1-19
Jeju-do/제주,KR-49,Seogwipo-si/서귀포시,KR-49-1,Sanghyo-dong/상효동,KR-49-1-20
Jeju-do/제주,KR-49,Seogwipo-si/서귀포시,KR-49-1,Sangye-dong/상예동,KR-49-1-21
Jeju-do/제주,KR-49,Seogwipo-si/서귀포시,KR-49-1,Seogwi-dong/서귀동,KR-49-1-22
Jeju-do/제주,KR-49,Seogwipo-si/서귀포시,KR-49-1,Seogwipoucheguksaseoham/서귀포우체국사서함,KR-49-1-23
Jeju-do/제주,KR-49,Seogwipo-si/서귀포시,KR-49-1,Seoho-dong/서호동,KR-49-1-24
Jeju-do/제주,KR-49,Seogwipo-si/서귀포시,KR-49-1,Seohong-dong/서홍동,KR-49-1-25
Jeju-do/제주,KR-49,Seogwipo-si/서귀포시,KR-49-1,Seongsan-eup/성산읍,KR-49-1-26
Jeju-do/제주,KR-49,Seogwipo-si/서귀포시,KR-49-1,Sinhyo-dong/신효동,KR-49-1-27
Jeju-do/제주,KR-49,Seogwipo-si/서귀포시,KR-49-1,Songsan-dong/송산동,KR-49-1-28
Jeju-do/제주,KR-49,Seogwipo-si/서귀포시,KR-49-1,Topyeong-dong/토평동,KR-49-1-29
Jeju-do/제주,KR-49,Seogwipo-si/서귀포시,KR-49-1,Wolpyeong-dong/월평동,KR-49-1-30
Jeju-do/제주,KR-49,Seogwipo-si/서귀포시,KR-49-1,Yeongnam-dong/영남동,KR-49-1-31
Jeju-do/제주,KR-49,Seogwipo-si/서귀포시,KR-49-1,Yongheung-dong/용흥동,KR-49-1-32
Jeollabuk-do/전북,KR-45,Buan-gun/부안군,KR-45-0,Baeksan-myeon/백산면,KR-45-0-0
Jeollabuk-do/전북,KR-45,Buan-gun/부안군,KR-45-0,Boan-myeon/보안면,KR-45-0-1
Jeollabuk-do/전북,KR-45,Buan-gun/부안군,KR-45-0,Buan-eup/부안읍,KR-45-0-2
Jeollabuk-do/전북,KR-45,Buan-gun/부안군,KR-45-0,Byeonsan-myeon/변산면,KR-45-0-3
Jeollabuk-do/전북,KR-45,Buan-gun/부안군,KR-45-0,Dongjin-myeon/동진면,KR-45-0-4
Jeollabuk-do/전북,KR-45,Buan-gun/부안군,KR-45-0,Gyehwa-myeon/계화면,KR-45-0-5
Jeollabuk-do/전북,KR-45,Buan-gun/부안군,KR-45-0,Haengan-myeon/행안면,KR-45-0-6
Jeollabuk-do/전북,KR-45,Buan-gun/부안군,KR-45-0,Haseo-myeon/하서면,KR-45-0-7
Jeollabuk-do/전북,KR-45,Buan-gun/부안군,KR-45-0,Jinseo-myeon/진서면,KR-45-0-8
Jeollabuk-do/전북,KR-45,Buan-gun/부안군,KR-45-0,Julpo-myeon/줄포면,KR-45-0-9
Jeollabuk-do/전북,KR-45,Buan-gun/부안군,KR-45-0,Jusan-myeon/주산면,KR-45-0-10
Jeollabuk-do/전북,KR-45,Buan-gun/부안군,KR-45-0,Sangseo-myeon/상서면,KR-45-0-11
Jeollabuk-do/전북,KR-45,Buan-gun/부안군,KR-45-0,Wido-myeon/위도면,KR-45-0-12
Jeollabuk-do/전북,KR-45,Deokjin-gu Jeonju-si/전주시 덕진구,KR-45-1,Banwol-dong/반월동,KR-45-1-0
Jeollabuk-do/전북,KR-45,Deokjin-gu Jeonju-si/전주시 덕진구,KR-45-1,Deokjindong 1(il)-ga/덕진동1가,KR-45-1-1
Jeollabuk-do/전북,KR-45,Deokjin-gu Jeonju-si/전주시 덕진구,KR-45-1,Deokjindong 2(i)-ga/덕진동2가,KR-45-1-2
Jeollabuk-do/전북,KR-45,Deokjin-gu Jeonju-si/전주시 덕진구,KR-45-1,Dodeok-dong/도덕동,KR-45-1-3
Jeollabuk-do/전북,KR-45,Deokjin-gu Jeonju-si/전주시 덕진구,KR-45-1,Dodo-dong/도도동,KR-45-1-4
Jeollabuk-do/전북,KR-45,Deokjin-gu Jeonju-si/전주시 덕진구,KR-45-1,Dongjeonjuucheguksaseoham/동전주우체국사서함,KR-45-1-5
Jeollabuk-do/전북,KR-45,Deokjin-gu Jeonju-si/전주시 덕진구,KR-45-1,Dongsan-dong/동산동,KR-45-1-6
Jeollabuk-do/전북,KR-45,Deokjin-gu Jeonju-si/전주시 덕진구,KR-45-1,Gangheung-dong/강흥동,KR-45-1-7
Jeollabuk-do/전북,KR-45,Deokjin-gu Jeonju-si/전주시 덕진구,KR-45-1,Geumam 1(il)-dong/금암1동,KR-45-1-8
Jeollabuk-do/전북,KR-45,Deokjin-gu Jeonju-si/전주시 덕진구,KR-45-1,Geumam 2(i)-dong/금암2동,KR-45-1-9
Jeollabuk-do/전북,KR-45,Deokjin-gu Jeonju-si/전주시 덕진구,KR-45-1,Geumam-dong/금암동,KR-45-1-10
Jeollabuk-do/전북,KR-45,Deokjin-gu Jeonju-si/전주시 덕진구,KR-45-1,Geumsang-dong/금상동,KR-45-1-11
Jeollabuk-do/전북,KR-45,Deokjin-gu Jeonju-si/전주시 덕진구,KR-45-1,Gorang-dong/고랑동,KR-45-1-12
Jeollabuk-do/전북,KR-45,Deokjin-gu Jeonju-si/전주시 덕진구,KR-45-1,Hoseongdong 1(il)-ga/호성동1가,KR-45-1-13
Jeollabuk-do/전북,KR-45,Deokjin-gu Jeonju-si/전주시 덕진구,KR-45-1,Hoseongdong 2(i)-ga/호성동2가,KR-45-1-14
Jeollabuk-do/전북,KR-45,Deokjin-gu Jeonju-si/전주시 덕진구,KR-45-1,Hoseongdong 3(sam)-ga/호성동3가,KR-45-1-15
Jeollabuk-do/전북,KR-45,Deokjin-gu Jeonju-si/전주시 덕진구,KR-45-1,Hwajeon-dong/화전동,KR-45-1-16
Jeollabuk-do/전북,KR-45,Deokjin-gu Jeonju-si/전주시 덕진구,KR-45-1,Inhudong 1(il)-ga/인후동1가,KR-45-1-17
Jeollabuk-do/전북,KR-45,Deokjin-gu Jeonju-si/전주시 덕진구,KR-45-1,Inhudong 2(i)-ga/인후동2가,KR-45-1-18
Jeollabuk-do/전북,KR-45,Deokjin-gu Jeonju-si/전주시 덕진구,KR-45-1,Jang-dong/장동,KR-45-1-19
Jeollabuk-do/전북,KR-45,Deokjin-gu Jeonju-si/전주시 덕진구,KR-45-1,Jeonmidong 1(il)-ga/전미동1가,KR-45-1-20
Jeollabuk-do/전북,KR-45,Deokjin-gu Jeonju-si/전주시 덕진구,KR-45-1,Jeonmidong 2(i)-ga/전미동2가,KR-45-1-21
Jeollabuk-do/전북,KR-45,Deokjin-gu Jeonju-si/전주시 덕진구,KR-45-1,Jinbuk-dong/진북동,KR-45-1-22
Jeollabuk-do/전북,KR-45,Deokjin-gu Jeonju-si/전주시 덕진구,KR-45-1,Manseong-dong/만성동,KR-45-1-23
Jeollabuk-do/전북,KR-45,Deokjin-gu Jeonju-si/전주시 덕진구,KR-45-1,Namjeong-dong/남정동,KR-45-1-24
Jeollabuk-do/전북,KR-45,Deokjin-gu Jeonju-si/전주시 덕진구,KR-45-1,Palbokdong 1(il)-ga/팔복동1가,KR-45-1-25
Jeollabuk-do/전북,KR-45,Deokjin-gu Jeonju-si/전주시 덕진구,KR-45-1,Palbokdong 2(i)-ga/팔복동2가,KR-45-1-26
Jeollabuk-do/전북,KR-45,Deokjin-gu Jeonju-si/전주시 덕진구,KR-45-1,Palbokdong 3(sam)-ga/팔복동3가,KR-45-1-27
Jeollabuk-do/전북,KR-45,Deokjin-gu Jeonju-si/전주시 덕진구,KR-45-1,Palbokdong 4(sa)-ga/팔복동4가,KR-45-1-28
Jeollabuk-do/전북,KR-45,Deokjin-gu Jeonju-si/전주시 덕진구,KR-45-1,Sanjeong-dong/산정동,KR-45-1-29
Jeollabuk-do/전북,KR-45,Deokjin-gu Jeonju-si/전주시 덕진구,KR-45-1,Seongdeok-dong/성덕동,KR-45-1-30
Jeollabuk-do/전북,KR-45,Deokjin-gu Jeonju-si/전주시 덕진구,KR-45-1,Songcheondong 1(il)-ga/송천동1가,KR-45-1-31
Jeollabuk-do/전북,KR-45,Deokjin-gu Jeonju-si/전주시 덕진구,KR-45-1,Songcheondong 2(i)-ga/송천동2가,KR-45-1-32
Jeollabuk-do/전북,KR-45,Deokjin-gu Jeonju-si/전주시 덕진구,KR-45-1,Uadong 1(il)-ga/우아동1가,KR-45-1-33
Jeollabuk-do/전북,KR-45,Deokjin-gu Jeonju-si/전주시 덕진구,KR-45-1,Uadong 2(i)-ga/우아동2가,KR-45-1-34
Jeollabuk-do/전북,KR-45,Deokjin-gu Jeonju-si/전주시 덕진구,KR-45-1,Uadong 3(sam)-ga/우아동3가,KR-45-1-35
Jeollabuk-do/전북,KR-45,Deokjin-gu Jeonju-si/전주시 덕진구,KR-45-1,Won-dong/원동,KR-45-1-36
Jeollabuk-do/전북,KR-45,Deokjin-gu Jeonju-si/전주시 덕진구,KR-45-1,Yeoui-dong/여의동,KR-45-1-37
Jeollabuk-do/전북,KR-45,Deokjin-gu Jeonju-si/전주시 덕진구,KR-45-1,Yongjeong-dong/용정동,KR-45-1-38
Jeollabuk-do/전북,KR-45,Gimje-si/김제시,KR-45-2,Baekgu-myeon/백구면,KR-45-2-0
Jeollabuk-do/전북,KR-45,Gimje-si/김제시,KR-45-2,Baekhak-dong/백학동,KR-45-2-1
Jeollabuk-do/전북,KR-45,Gimje-si/김제시,KR-45-2,Baeksan-myeon/백산면,KR-45-2-2
Jeollabuk-do/전북,KR-45,Gimje-si/김제시,KR-45-2,Bokjuk-dong/복죽동,KR-45-2-3
Jeollabuk-do/전북,KR-45,Gimje-si/김제시,KR-45-2,Bongnam-myeon/봉남면,KR-45-2-4
Jeollabuk-do/전북,KR-45,Gimje-si/김제시,KR-45-2,Buryang-myeon/부량면,KR-45-2-5
Jeollabuk-do/전북,KR-45,Gimje-si/김제시,KR-45-2,Cheongha-myeon/청하면,KR-45-2-6
Jeollabuk-do/전북,KR-45,Gimje-si/김제시,KR-45-2,Dojang-dong/도장동,KR-45-2-7
Jeollabuk-do/전북,KR-45,Gimje-si/김제시,KR-45-2,Galgong-dong/갈공동,KR-45-2-8
Jeollabuk-do/전북,KR-45,Gimje-si/김제시,KR-45-2,Geomsan-dong/검산동,KR-45-2-9
Jeollabuk-do/전북,KR-45,Gimje-si/김제시,KR-45-2,Geumgu-myeon/금구면,KR-45-2-10
Jeollabuk-do/전북,KR-45,Gimje-si/김제시,KR-45-2,Geumsan-myeon/금산면,KR-45-2-11
Jeollabuk-do/전북,KR-45,Gimje-si/김제시,KR-45-2,Gimjeucheguksaseoham/김제우체국사서함,KR-45-2-12
Jeollabuk-do/전북,KR-45,Gimje-si/김제시,KR-45-2,Gongdeok-myeon/공덕면,KR-45-2-13
Jeollabuk-do/전북,KR-45,Gimje-si/김제시,KR-45-2,Gwanghwal-myeon/광활면,KR-45-2-14
Jeollabuk-do/전북,KR-45,Gimje-si/김제시,KR-45-2,Gyo-dong/교동,KR-45-2-15
Jeollabuk-do/전북,KR-45,Gimje-si/김제시,KR-45-2,Ha-dong/하동,KR-45-2-16
Jeollabuk-do/전북,KR-45,Gimje-si/김제시,KR-45-2,Heungsa-dong/흥사동,KR-45-2-17
Jeollabuk-do/전북,KR-45,Gimje-si/김제시,KR-45-2,Hwangsan-dong/황산동,KR-45-2-18
Jeollabuk-do/전북,KR-45,Gimje-si/김제시,KR-45-2,Hwangsan-myeon/황산면,KR-45-2-19
Jeollabuk-do/전북,KR-45,Gimje-si/김제시,KR-45-2,Ipseok-dong/입석동,KR-45-2-20
Jeollabuk-do/전북,KR-45,Gimje-si/김제시,KR-45-2,Janghwa-dong/장화동,KR-45-2-21
Jeollabuk-do/전북,KR-45,Gimje-si/김제시,KR-45-2,Jewol-dong/제월동,KR-45-2-22
Jeollabuk-do/전북,KR-45,Gimje-si/김제시,KR-45-2,Jinbong-myeon/진봉면,KR-45-2-23
Jeollabuk-do/전북,KR-45,Gimje-si/김제시,KR-45-2,Juksan-myeon/죽산면,KR-45-2-24
Jeollabuk-do/전북,KR-45,Gimje-si/김제시,KR-45-2,Mangyeong-eup/만경읍,KR-45-2-25
Jeollabuk-do/전북,KR-45,Gimje-si/김제시,KR-45-2,Myeongdeok-dong/명덕동,KR-45-2-26
Jeollabuk-do/전북,KR-45,Gimje-si/김제시,KR-45-2,Nanbong-dong/난봉동,KR-45-2-27
Jeollabuk-do/전북,KR-45,Gimje-si/김제시,KR-45-2,Ojeong-dong/오정동,KR-45-2-28
Jeollabuk-do/전북,KR-45,Gimje-si/김제시,KR-45-2,Oksan-dong/옥산동,KR-45-2-29
Jeollabuk-do/전북,KR-45,Gimje-si/김제시,KR-45-2,Sangdong-dong/상동동,KR-45-2-30
Jeollabuk-do/전북,KR-45,Gimje-si/김제시,KR-45-2,Seoam-dong/서암동,KR-45-2-31
Jeollabuk-do/전북,KR-45,Gimje-si/김제시,KR-45-2,Seojeong-dong/서정동,KR-45-2-32
Jeollabuk-do/전북,KR-45,Gimje-si/김제시,KR-45-2,Seongdeok-myeon/성덕면,KR-45-2-33
Jeollabuk-do/전북,KR-45,Gimje-si/김제시,KR-45-2,Sindeok-dong/신덕동,KR-45-2-34
Jeollabuk-do/전북,KR-45,Gimje-si/김제시,KR-45-2,Singok-dong/신곡동,KR-45-2-35
Jeollabuk-do/전북,KR-45,Gimje-si/김제시,KR-45-2,Sinpung-dong/신풍동,KR-45-2-36
Jeollabuk-do/전북,KR-45,Gimje-si/김제시,KR-45-2,Sinwol-dong/신월동,KR-45-2-37
Jeollabuk-do/전북,KR-45,Gimje-si/김제시,KR-45-2,Sun-dong/순동,KR-45-2-38
Jeollabuk-do/전북,KR-45,Gimje-si/김제시,KR-45-2,Wolbong-dong/월봉동,KR-45-2-39
Jeollabuk-do/전북,KR-45,Gimje-si/김제시,KR-45-2,Wolseong-dong/월성동,KR-45-2-40
Jeollabuk-do/전북,KR-45,Gimje-si/김제시,KR-45-2,Yangjeon-dong/양전동,KR-45-2-41
Jeollabuk-do/전북,KR-45,Gimje-si/김제시,KR-45-2,Yeonjeong-dong/연정동,KR-45-2-42
Jeollabuk-do/전북,KR-45,Gimje-si/김제시,KR-45-2,Yochon-dong/요촌동,KR-45-2-43
Jeollabuk-do/전북,KR-45,Gimje-si/김제시,KR-45-2,Yong-dong/용동,KR-45-2-44
Jeollabuk-do/전북,KR-45,Gimje-si/김제시,KR-45-2,Yongji-myeon/용지면,KR-45-2-45
Jeollabuk-do/전북,KR-45,Gochang-gun/고창군,KR-45-3,Asan-myeon/아산면,KR-45-3-0
Jeollabuk-do/전북,KR-45,Gochang-gun/고창군,KR-45-3,Buan-myeon/부안면,KR-45-3-1
Jeollabuk-do/전북,KR-45,Gochang-gun/고창군,KR-45-3,Daesan-myeon/대산면,KR-45-3-2
Jeollabuk-do/전북,KR-45,Gochang-gun/고창군,KR-45-3,Gochang-eup/고창읍,KR-45-3-3
Jeollabuk-do/전북,KR-45,Gochang-gun/고창군,KR-45-3,Gongeum-myeon/공음면,KR-45-3-4
Jeollabuk-do/전북,KR-45,Gochang-gun/고창군,KR-45-3,Gosu-myeon/고수면,KR-45-3-5
Jeollabuk-do/전북,KR-45,Gochang-gun/고창군,KR-45-3,Haeri-myeon/해리면,KR-45-3-6
Jeollabuk-do/전북,KR-45,Gochang-gun/고창군,KR-45-3,Heungdeok-myeon/흥덕면,KR-45-3-7
Jeollabuk-do/전북,KR-45,Gochang-gun/고창군,KR-45-3,Mujang-myeon/무장면,KR-45-3-8
Jeollabuk-do/전북,KR-45,Gochang-gun/고창군,KR-45-3,Sangha-myeon/상하면,KR-45-3-9
Jeollabuk-do/전북,KR-45,Gochang-gun/고창군,KR-45-3,Seongnae-myeon/성내면,KR-45-3-10
Jeollabuk-do/전북,KR-45,Gochang-gun/고창군,KR-45-3,Seongsong-myeon/성송면,KR-45-3-11
Jeollabuk-do/전북,KR-45,Gochang-gun/고창군,KR-45-3,Simwon-myeon/심원면,KR-45-3-12
Jeollabuk-do/전북,KR-45,Gochang-gun/고창군,KR-45-3,Sinrim-myeon/신림면,KR-45-3-13
Jeollabuk-do/전북,KR-45,Gunsan-si/군산시,KR-45-4,Bieungdo-dong/비응도동,KR-45-4-0
Jeollabuk-do/전북,KR-45,Gunsan-si/군산시,KR-45-4,Changseong-dong/창성동,KR-45-4-1
Jeollabuk-do/전북,KR-45,Gunsan-si/군산시,KR-45-4,Daemyeong-dong/대명동,KR-45-4-2
Jeollabuk-do/전북,KR-45,Gunsan-si/군산시,KR-45-4,Daeya-myeon/대야면,KR-45-4-3
Jeollabuk-do/전북,KR-45,Gunsan-si/군산시,KR-45-4,Dongheungnam-dong/동흥남동,KR-45-4-4
Jeollabuk-do/전북,KR-45,Gunsan-si/군산시,KR-45-4,Dunyul-dong/둔율동,KR-45-4-5
Jeollabuk-do/전북,KR-45,Gunsan-si/군산시,KR-45-4,Gaebok-dong/개복동,KR-45-4-6
Jeollabuk-do/전북,KR-45,Gunsan-si/군산시,KR-45-4,Gaejeong-dong/개정동,KR-45-4-7
Jeollabuk-do/전북,KR-45,Gunsan-si/군산시,KR-45-4,Gaejeong-myeon/개정면,KR-45-4-8
Jeollabuk-do/전북,KR-45,Gunsan-si/군산시,KR-45-4,Gaesa-dong/개사동,KR-45-4-9
Jeollabuk-do/전북,KR-45,Gunsan-si/군산시,KR-45-4,Geumam-dong/금암동,KR-45-4-10
Jeollabuk-do/전북,KR-45,Gunsan-si/군산시,KR-45-4,Geum-dong/금동,KR-45-4-11
Jeollabuk-do/전북,KR-45,Gunsan-si/군산시,KR-45-4,Geumgwang-dong/금광동,KR-45-4-12
Jeollabuk-do/전북,KR-45,Gunsan-si/군산시,KR-45-4,Guam-dong/구암동,KR-45-4-13
Jeollabuk-do/전북,KR-45,Gunsan-si/군산시,KR-45-4,Gunsanucheguksaseoham/군산우체국사서함,KR-45-4-14
Jeollabuk-do/전북,KR-45,Gunsan-si/군산시,KR-45-4,Gyeongam-dong/경암동,KR-45-4-15
Jeollabuk-do/전북,KR-45,Gunsan-si/군산시,KR-45-4,Gyeongjang-dong/경장동,KR-45-4-16
Jeollabuk-do/전북,KR-45,Gunsan-si/군산시,KR-45-4,Haemang-dong/해망동,KR-45-4-17
Jeollabuk-do/전북,KR-45,Gunsan-si/군산시,KR-45-4,Hoehyeon-myeon/회현면,KR-45-4-18
Jeollabuk-do/전북,KR-45,Gunsan-si/군산시,KR-45-4,Impi-myeon/임피면,KR-45-4-19
Jeollabuk-do/전북,KR-45,Gunsan-si/군산시,KR-45-4,Jangjae-dong/장재동,KR-45-4-20
Jeollabuk-do/전북,KR-45,Gunsan-si/군산시,KR-45-4,Jangmi-dong/장미동,KR-45-4-21
Jeollabuk-do/전북,KR-45,Gunsan-si/군산시,KR-45-4,Jigok-dong/지곡동,KR-45-4-22
Jeollabuk-do/전북,KR-45,Gunsan-si/군산시,KR-45-4,Jochon-dong/조촌동,KR-45-4-23
Jeollabuk-do/전북,KR-45,Gunsan-si/군산시,KR-45-4,Jukseong-dong/죽성동,KR-45-4-24
Jeollabuk-do/전북,KR-45,Gunsan-si/군산시,KR-45-4,Jungangro 1(il)-ga/중앙로1가,KR-45-4-25
Jeollabuk-do/전북,KR-45,Gunsan-si/군산시,KR-45-4,Jungangro 2(i)-ga/중앙로2가,KR-45-4-26
Jeollabuk-do/전북,KR-45,Gunsan-si/군산시,KR-45-4,Jungangro 3(sam)-ga/중앙로3가,KR-45-4-27
Jeollabuk-do/전북,KR-45,Gunsan-si/군산시,KR-45-4,Jung-dong/중동,KR-45-4-28
Jeollabuk-do/전북,KR-45,Gunsan-si/군산시,KR-45-4,Mijang-dong/미장동,KR-45-4-29
Jeollabuk-do/전북,KR-45,Gunsan-si/군산시,KR-45-4,Miryong-dong/미룡동,KR-45-4-30
Jeollabuk-do/전북,KR-45,Gunsan-si/군산시,KR-45-4,Miwon-dong/미원동,KR-45-4-31
Jeollabuk-do/전북,KR-45,Gunsan-si/군산시,KR-45-4,Munhwa-dong/문화동,KR-45-4-32
Jeollabuk-do/전북,KR-45,Gunsan-si/군산시,KR-45-4,Myeongsan-dong/명산동,KR-45-4-33
Jeollabuk-do/전북,KR-45,Gunsan-si/군산시,KR-45-4,Naecho-dong/내초동,KR-45-4-34
Jeollabuk-do/전북,KR-45,Gunsan-si/군산시,KR-45-4,Naeheung-dong/내흥동,KR-45-4-35
Jeollabuk-do/전북,KR-45,Gunsan-si/군산시,KR-45-4,Napo-myeon/나포면,KR-45-4-36
Jeollabuk-do/전북,KR-45,Gunsan-si/군산시,KR-45-4,Naun 1(il)-dong/나운1동,KR-45-4-37
Jeollabuk-do/전북,KR-45,Gunsan-si/군산시,KR-45-4,Naun 2(i)-dong/나운2동,KR-45-4-38
Jeollabuk-do/전북,KR-45,Gunsan-si/군산시,KR-45-4,Naun 3(sam)-dong/나운3동,KR-45-4-39
Jeollabuk-do/전북,KR-45,Gunsan-si/군산시,KR-45-4,Naun-dong/나운동,KR-45-4-40
Jeollabuk-do/전북,KR-45,Gunsan-si/군산시,KR-45-4,Okdo-myeon/옥도면,KR-45-4-41
Jeollabuk-do/전북,KR-45,Gunsan-si/군산시,KR-45-4,Okgu-eup/옥구읍,KR-45-4-42
Jeollabuk-do/전북,KR-45,Gunsan-si/군산시,KR-45-4,Oksan-myeon/옥산면,KR-45-4-43
Jeollabuk-do/전북,KR-45,Gunsan-si/군산시,KR-45-4,Okseo-myeon/옥서면,KR-45-4-44
Jeollabuk-do/전북,KR-45,Gunsan-si/군산시,KR-45-4,Oryong-dong/오룡동,KR-45-4-45
Jeollabuk-do/전북,KR-45,Gunsan-si/군산시,KR-45-4,Osikdo-dong/오식도동,KR-45-4-46
Jeollabuk-do/전북,KR-45,Gunsan-si/군산시,KR-45-4,Pyeonghwa-dong/평화동,KR-45-4-47
Jeollabuk-do/전북,KR-45,Gunsan-si/군산시,KR-45-4,Sajeong-dong/사정동,KR-45-4-48
Jeollabuk-do/전북,KR-45,Gunsan-si/군산시,KR-45-4,Samhak-dong/삼학동,KR-45-4-49
Jeollabuk-do/전북,KR-45,Gunsan-si/군산시,KR-45-4,Sanbuk-dong/산북동,KR-45-4-50
Jeollabuk-do/전북,KR-45,Gunsan-si/군산시,KR-45-4,Seoheungnam-dong/서흥남동,KR-45-4-51
Jeollabuk-do/전북,KR-45,Gunsan-si/군산시,KR-45-4,Seongsan-myeon/성산면,KR-45-4-52
Jeollabuk-do/전북,KR-45,Gunsan-si/군산시,KR-45-4,Seonyang-dong/선양동,KR-45-4-53
Jeollabuk-do/전북,KR-45,Gunsan-si/군산시,KR-45-4,Seosu-myeon/서수면,KR-45-4-54
Jeollabuk-do/전북,KR-45,Gunsan-si/군산시,KR-45-4,Sinchang-dong/신창동,KR-45-4-55
Jeollabuk-do/전북,KR-45,Gunsan-si/군산시,KR-45-4,Singwan-dong/신관동,KR-45-4-56
Jeollabuk-do/전북,KR-45,Gunsan-si/군산시,KR-45-4,Sinheung-dong/신흥동,KR-45-4-57
Jeollabuk-do/전북,KR-45,Gunsan-si/군산시,KR-45-4,Sinpung-dong/신풍동,KR-45-4-58
Jeollabuk-do/전북,KR-45,Gunsan-si/군산시,KR-45-4,Sinyeong-dong/신영동,KR-45-4-59
Jeollabuk-do/전북,KR-45,Gunsan-si/군산시,KR-45-4,Songchang-dong/송창동,KR-45-4-60
Jeollabuk-do/전북,KR-45,Gunsan-si/군산시,KR-45-4,Songpung-dong/송풍동,KR-45-4-61
Jeollabuk-do/전북,KR-45,Gunsan-si/군산시,KR-45-4,Soryong-dong/소룡동,KR-45-4-62
Jeollabuk-do/전북,KR-45,Gunsan-si/군산시,KR-45-4,Susong-dong/수송동,KR-45-4-63
Jeollabuk-do/전북,KR-45,Gunsan-si/군산시,KR-45-4,Wolmyeong-dong/월명동,KR-45-4-64
Jeollabuk-do/전북,KR-45,Gunsan-si/군산시,KR-45-4,Yeong-dong/영동,KR-45-4-65
Jeollabuk-do/전북,KR-45,Gunsan-si/군산시,KR-45-4,Yeonghwa-dong/영화동,KR-45-4-66
Jeollabuk-do/전북,KR-45,Iksan-si/익산시,KR-45-5,Busong-dong/부송동,KR-45-5-0
Jeollabuk-do/전북,KR-45,Iksan-si/익산시,KR-45-5,Changindong 1(il)-ga/창인동1가,KR-45-5-1
Jeollabuk-do/전북,KR-45,Iksan-si/익산시,KR-45-5,Changindong 2(i)-ga/창인동2가,KR-45-5-2
Jeollabuk-do/전북,KR-45,Iksan-si/익산시,KR-45-5,Changin-dong/창인동,KR-45-5-3
Jeollabuk-do/전북,KR-45,Iksan-si/익산시,KR-45-5,Chunpo-myeon/춘포면,KR-45-5-4
Jeollabuk-do/전북,KR-45,Iksan-si/익산시,KR-45-5,Deokgi-dong/덕기동,KR-45-5-5
Jeollabuk-do/전북,KR-45,Iksan-si/익산시,KR-45-5,Dongsan-dong/동산동,KR-45-5-6
Jeollabuk-do/전북,KR-45,Iksan-si/익산시,KR-45-5,Eoyang-dong/어양동,KR-45-5-7
Jeollabuk-do/전북,KR-45,Iksan-si/익산시,KR-45-5,Eungi-dong/은기동,KR-45-5-8
Jeollabuk-do/전북,KR-45,Iksan-si/익산시,KR-45-5,Galsan-dong/갈산동,KR-45-5-9
Jeollabuk-do/전북,KR-45,Iksan-si/익산시,KR-45-5,Geumgang-dong/금강동,KR-45-5-10
Jeollabuk-do/전북,KR-45,Iksan-si/익산시,KR-45-5,Geumma-myeon/금마면,KR-45-5-11
Jeollabuk-do/전북,KR-45,Iksan-si/익산시,KR-45-5,Hamra-myeon/함라면,KR-45-5-12
Jeollabuk-do/전북,KR-45,Iksan-si/익산시,KR-45-5,Hamyeor-eup/함열읍,KR-45-5-13
Jeollabuk-do/전북,KR-45,Iksan-si/익산시,KR-45-5,Hwangdeung-myeon/황등면,KR-45-5-14
Jeollabuk-do/전북,KR-45,Iksan-si/익산시,KR-45-5,Hyeonyeong-dong/현영동,KR-45-5-15
Jeollabuk-do/전북,KR-45,Iksan-si/익산시,KR-45-5,Iksangongdanucheguksaseoham/익산공단우체국사서함,KR-45-5-16
Jeollabuk-do/전북,KR-45,Iksan-si/익산시,KR-45-5,Iksanucheguksaseoham/익산우체국사서함,KR-45-5-17
Jeollabuk-do/전북,KR-45,Iksan-si/익산시,KR-45-5,Imsang-dong/임상동,KR-45-5-18
Jeollabuk-do/전북,KR-45,Iksan-si/익산시,KR-45-5,Inhwadong 1(il)-ga/인화동1가,KR-45-5-19
Jeollabuk-do/전북,KR-45,Iksan-si/익산시,KR-45-5,Inhwadong 2(i)-ga/인화동2가,KR-45-5-20
Jeollabuk-do/전북,KR-45,Iksan-si/익산시,KR-45-5,Inhwa-dong/인화동,KR-45-5-21
Jeollabuk-do/전북,KR-45,Iksan-si/익산시,KR-45-5,Jeongjok-dong/정족동,KR-45-5-22
Jeollabuk-do/전북,KR-45,Iksan-si/익산시,KR-45-5,Juhyeon-dong/주현동,KR-45-5-23
Jeollabuk-do/전북,KR-45,Iksan-si/익산시,KR-45-5,Jungangdong 1(il)-ga/중앙동1가,KR-45-5-24
Jeollabuk-do/전북,KR-45,Iksan-si/익산시,KR-45-5,Jungangdong 2(i)-ga/중앙동2가,KR-45-5-25
Jeollabuk-do/전북,KR-45,Iksan-si/익산시,KR-45-5,Jungangdong 3(sam)-ga/중앙동3가,KR-45-5-26
Jeollabuk-do/전북,KR-45,Iksan-si/익산시,KR-45-5,Jungang-dong/중앙동,KR-45-5-27
Jeollabuk-do/전북,KR-45,Iksan-si/익산시,KR-45-5,Ma-dong/마동,KR-45-5-28
Jeollabuk-do/전북,KR-45,Iksan-si/익산시,KR-45-5,Mangseong-myeon/망성면,KR-45-5-29
Jeollabuk-do/전북,KR-45,Iksan-si/익산시,KR-45-5,Manseok-dong/만석동,KR-45-5-30
Jeollabuk-do/전북,KR-45,Iksan-si/익산시,KR-45-5,Mohyeondong 1(il)-ga/모현동1가,KR-45-5-31
Jeollabuk-do/전북,KR-45,Iksan-si/익산시,KR-45-5,Mohyeondong 2(i)-ga/모현동2가,KR-45-5-32
Jeollabuk-do/전북,KR-45,Iksan-si/익산시,KR-45-5,Mokcheon-dong/목천동,KR-45-5-33
Jeollabuk-do/전북,KR-45,Iksan-si/익산시,KR-45-5,Namjung-dong/남중동,KR-45-5-34
Jeollabuk-do/전북,KR-45,Iksan-si/익산시,KR-45-5,Nangsan-myeon/낭산면,KR-45-5-35
Jeollabuk-do/전북,KR-45,Iksan-si/익산시,KR-45-5,Osan-myeon/오산면,KR-45-5-36
Jeollabuk-do/전북,KR-45,Iksan-si/익산시,KR-45-5,Palbong-dong/팔봉동,KR-45-5-37
Jeollabuk-do/전북,KR-45,Iksan-si/익산시,KR-45-5,Pyeonghwa-dong/평화동,KR-45-5-38
Jeollabuk-do/전북,KR-45,Iksan-si/익산시,KR-45-5,Samgi-myeon/삼기면,KR-45-5-39
Jeollabuk-do/전북,KR-45,Iksan-si/익산시,KR-45-5,Seogam-dong/석암동,KR-45-5-40
Jeollabuk-do/전북,KR-45,Iksan-si/익산시,KR-45-5,Seogwang-dong/석왕동,KR-45-5-41
Jeollabuk-do/전북,KR-45,Iksan-si/익산시,KR-45-5,Seoktan-dong/석탄동,KR-45-5-42
Jeollabuk-do/전북,KR-45,Iksan-si/익산시,KR-45-5,Seongdang-myeon/성당면,KR-45-5-43
Jeollabuk-do/전북,KR-45,Iksan-si/익산시,KR-45-5,Sin-dong/신동,KR-45-5-44
Jeollabuk-do/전북,KR-45,Iksan-si/익산시,KR-45-5,Sinheung-dong/신흥동,KR-45-5-45
Jeollabuk-do/전북,KR-45,Iksan-si/익산시,KR-45-5,Sinyong-dong/신용동,KR-45-5-46
Jeollabuk-do/전북,KR-45,Iksan-si/익산시,KR-45-5,Songhak-dong/송학동,KR-45-5-47
Jeollabuk-do/전북,KR-45,Iksan-si/익산시,KR-45-5,Ungpo-myeon/웅포면,KR-45-5-48
Jeollabuk-do/전북,KR-45,Iksan-si/익산시,KR-45-5,Wanggung-myeon/왕궁면,KR-45-5-49
Jeollabuk-do/전북,KR-45,Iksan-si/익산시,KR-45-5,Wolseong-dong/월성동,KR-45-5-50
Jeollabuk-do/전북,KR-45,Iksan-si/익산시,KR-45-5,Yeongdeung-dong/영등동,KR-45-5-51
Jeollabuk-do/전북,KR-45,Iksan-si/익산시,KR-45-5,Yeosan-myeon/여산면,KR-45-5-52
Jeollabuk-do/전북,KR-45,Iksan-si/익산시,KR-45-5,Yongan-myeon/용안면,KR-45-5-53
Jeollabuk-do/전북,KR-45,Iksan-si/익산시,KR-45-5,Yongdong-myeon/용동면,KR-45-5-54
Jeollabuk-do/전북,KR-45,Iksan-si/익산시,KR-45-5,Yongje-dong/용제동,KR-45-5-55
Jeollabuk-do/전북,KR-45,Imsil-gun/임실군,KR-45-6,Cheongung-myeon/청웅면,KR-45-6-0
Jeollabuk-do/전북,KR-45,Imsil-gun/임실군,KR-45-6,Deokchi-myeon/덕치면,KR-45-6-1
Jeollabuk-do/전북,KR-45,Imsil-gun/임실군,KR-45-6,Gangjin-myeon/강진면,KR-45-6-2
Jeollabuk-do/전북,KR-45,Imsil-gun/임실군,KR-45-6,Gwanchon-myeon/관촌면,KR-45-6-3
Jeollabuk-do/전북,KR-45,Imsil-gun/임실군,KR-45-6,Imsir-eup/임실읍,KR-45-6-4
Jeollabuk-do/전북,KR-45,Imsil-gun/임실군,KR-45-6,Jisa-myeon/지사면,KR-45-6-5
Jeollabuk-do/전북,KR-45,Imsil-gun/임실군,KR-45-6,Osu-myeon/오수면,KR-45-6-6
Jeollabuk-do/전북,KR-45,Imsil-gun/임실군,KR-45-6,Samgye-myeon/삼계면,KR-45-6-7
Jeollabuk-do/전북,KR-45,Imsil-gun/임실군,KR-45-6,Seongsu-myeon/성수면,KR-45-6-8
Jeollabuk-do/전북,KR-45,Imsil-gun/임실군,KR-45-6,Sindeok-myeon/신덕면,KR-45-6-9
Jeollabuk-do/전북,KR-45,Imsil-gun/임실군,KR-45-6,Sinpyeong-myeon/신평면,KR-45-6-10
Jeollabuk-do/전북,KR-45,Imsil-gun/임실군,KR-45-6,Unam-myeon/운암면,KR-45-6-11
Jeollabuk-do/전북,KR-45,Jangsu-gun/장수군,KR-45-7,Beonam-myeon/번암면,KR-45-7-0
Jeollabuk-do/전북,KR-45,Jangsu-gun/장수군,KR-45-7,Cheoncheon-myeon/천천면,KR-45-7-1
Jeollabuk-do/전북,KR-45,Jangsu-gun/장수군,KR-45-7,Gyebuk-myeon/계북면,KR-45-7-2
Jeollabuk-do/전북,KR-45,Jangsu-gun/장수군,KR-45-7,Gyenam-myeon/계남면,KR-45-7-3
Jeollabuk-do/전북,KR-45,Jangsu-gun/장수군,KR-45-7,Janggye-myeon/장계면,KR-45-7-4
Jeollabuk-do/전북,KR-45,Jangsu-gun/장수군,KR-45-7,Jangsu-eup/장수읍,KR-45-7-5
Jeollabuk-do/전북,KR-45,Jangsu-gun/장수군,KR-45-7,Sanseo-myeon/산서면,KR-45-7-6
Jeollabuk-do/전북,KR-45,Jeongeup-si/정읍시,KR-45-8,Bujeon-dong/부전동,KR-45-8-0
Jeollabuk-do/전북,KR-45,Jeongeup-si/정읍시,KR-45-8,Buk-myeon/북면,KR-45-8-1
Jeollabuk-do/전북,KR-45,Jeongeup-si/정읍시,KR-45-8,Chilbo-myeon/칠보면,KR-45-8-2
Jeollabuk-do/전북,KR-45,Jeongeup-si/정읍시,KR-45-8,Deokcheon-myeon/덕천면,KR-45-8-3
Jeollabuk-do/전북,KR-45,Jeongeup-si/정읍시,KR-45-8,Gamgok-myeon/감곡면,KR-45-8-4
Jeollabuk-do/전북,KR-45,Jeongeup-si/정읍시,KR-45-8,Geumbung-dong/금붕동,KR-45-8-5
Jeollabuk-do/전북,KR-45,Jeongeup-si/정읍시,KR-45-8,Gobu-myeon/고부면,KR-45-8-6
Jeollabuk-do/전북,KR-45,Jeongeup-si/정읍시,KR-45-8,Gongpyeong-dong/공평동,KR-45-8-7
Jeollabuk-do/전북,KR-45,Jeongeup-si/정읍시,KR-45-8,Guryong-dong/구룡동,KR-45-8-8
Jeollabuk-do/전북,KR-45,Jeongeup-si/정읍시,KR-45-8,Gwagyo-dong/과교동,KR-45-8-9
Jeollabuk-do/전북,KR-45,Jeongeup-si/정읍시,KR-45-8,Gyoam-dong/교암동,KR-45-8-10
Jeollabuk-do/전북,KR-45,Jeongeup-si/정읍시,KR-45-8,Habuk-dong/하북동,KR-45-8-11
Jeollabuk-do/전북,KR-45,Jeongeup-si/정읍시,KR-45-8,Hamo-dong/하모동,KR-45-8-12
Jeollabuk-do/전북,KR-45,Jeongeup-si/정읍시,KR-45-8,Heugam-dong/흑암동,KR-45-8-13
Jeollabuk-do/전북,KR-45,Jeongeup-si/정읍시,KR-45-8,Ibam-myeon/입암면,KR-45-8-14
Jeollabuk-do/전북,KR-45,Jeongeup-si/정읍시,KR-45-8,Ipyeong-myeon/이평면,KR-45-8-15
Jeollabuk-do/전북,KR-45,Jeongeup-si/정읍시,KR-45-8,Jangmyeong-dong/장명동,KR-45-8-16
Jeollabuk-do/전북,KR-45,Jeongeup-si/정읍시,KR-45-8,Jeongeubucheguksaseoham/정읍우체국사서함,KR-45-8-17
Jeollabuk-do/전북,KR-45,Jeongeup-si/정읍시,KR-45-8,Jeongu-myeon/정우면,KR-45-8-18
Jeollabuk-do/전북,KR-45,Jeongeup-si/정읍시,KR-45-8,Jinsan-dong/진산동,KR-45-8-19
Jeollabuk-do/전북,KR-45,Jeongeup-si/정읍시,KR-45-8,Mangje-dong/망제동,KR-45-8-20
Jeollabuk-do/전북,KR-45,Jeongeup-si/정읍시,KR-45-8,Naejang-dong/내장동,KR-45-8-21
Jeollabuk-do/전북,KR-45,Jeongeup-si/정읍시,KR-45-8,Nongso-dong/농소동,KR-45-8-22
Jeollabuk-do/전북,KR-45,Jeongeup-si/정읍시,KR-45-8,Ongdong-myeon/옹동면,KR-45-8-23
Jeollabuk-do/전북,KR-45,Jeongeup-si/정읍시,KR-45-8,Samsan-dong/삼산동,KR-45-8-24
Jeollabuk-do/전북,KR-45,Jeongeup-si/정읍시,KR-45-8,Sang-dong/상동,KR-45-8-25
Jeollabuk-do/전북,KR-45,Jeongeup-si/정읍시,KR-45-8,Sangpyeong-dong/상평동,KR-45-8-26
Jeollabuk-do/전북,KR-45,Jeongeup-si/정읍시,KR-45-8,Sannae-myeon/산내면,KR-45-8-27
Jeollabuk-do/전북,KR-45,Jeongeup-si/정읍시,KR-45-8,Sanoe-myeon/산외면,KR-45-8-28
Jeollabuk-do/전북,KR-45,Jeongeup-si/정읍시,KR-45-8,Sigi 3(sam)-dong/시기3동,KR-45-8-29
Jeollabuk-do/전북,KR-45,Jeongeup-si/정읍시,KR-45-8,Sigi-dong/시기동,KR-45-8-30
Jeollabuk-do/전북,KR-45,Jeongeup-si/정읍시,KR-45-8,Sinjeong-dong/신정동,KR-45-8-31
Jeollabuk-do/전북,KR-45,Jeongeup-si/정읍시,KR-45-8,Sintaein-eup/신태인읍,KR-45-8-32
Jeollabuk-do/전북,KR-45,Jeongeup-si/정읍시,KR-45-8,Sinwol-dong/신월동,KR-45-8-33
Jeollabuk-do/전북,KR-45,Jeongeup-si/정읍시,KR-45-8,Songsan-dong/송산동,KR-45-8-34
Jeollabuk-do/전북,KR-45,Jeongeup-si/정읍시,KR-45-8,Soseong-myeon/소성면,KR-45-8-35
Jeollabuk-do/전북,KR-45,Jeongeup-si/정읍시,KR-45-8,Ssangam-dong/쌍암동,KR-45-8-36
Jeollabuk-do/전북,KR-45,Jeongeup-si/정읍시,KR-45-8,Suseong-dong/수성동,KR-45-8-37
Jeollabuk-do/전북,KR-45,Jeongeup-si/정읍시,KR-45-8,Taein-myeon/태인면,KR-45-8-38
Jeollabuk-do/전북,KR-45,Jeongeup-si/정읍시,KR-45-8,Yeongpa-dong/영파동,KR-45-8-39
Jeollabuk-do/전북,KR-45,Jeongeup-si/정읍시,KR-45-8,Yeongwon-myeon/영원면,KR-45-8-40
Jeollabuk-do/전북,KR-45,Jeongeup-si/정읍시,KR-45-8,Yeonji-dong/연지동,KR-45-8-41
Jeollabuk-do/전북,KR-45,Jeongeup-si/정읍시,KR-45-8,Yonggye-dong/용계동,KR-45-8-42
Jeollabuk-do/전북,KR-45,Jeongeup-si/정읍시,KR-45-8,Yongsan-dong/용산동,KR-45-8-43
Jeollabuk-do/전북,KR-45,Jinan-gun/진안군,KR-45-9,Ancheon-myeon/안천면,KR-45-9-0
Jeollabuk-do/전북,KR-45,Jinan-gun/진안군,KR-45-9,Baegun-myeon/백운면,KR-45-9-1
Jeollabuk-do/전북,KR-45,Jinan-gun/진안군,KR-45-9,Bugwi-myeon/부귀면,KR-45-9-2
Jeollabuk-do/전북,KR-45,Jinan-gun/진안군,KR-45-9,Donghyang-myeon/동향면,KR-45-9-3
Jeollabuk-do/전북,KR-45,Jinan-gun/진안군,KR-45-9,Jeongcheon-myeon/정천면,KR-45-9-4
Jeollabuk-do/전북,KR-45,Jinan-gun/진안군,KR-45-9,Jinan-eup/진안읍,KR-45-9-5
Jeollabuk-do/전북,KR-45,Jinan-gun/진안군,KR-45-9,Jucheon-myeon/주천면,KR-45-9-6
Jeollabuk-do/전북,KR-45,Jinan-gun/진안군,KR-45-9,Maryeong-myeon/마령면,KR-45-9-7
Jeollabuk-do/전북,KR-45,Jinan-gun/진안군,KR-45-9,Sangjeon-myeon/상전면,KR-45-9-8
Jeollabuk-do/전북,KR-45,Jinan-gun/진안군,KR-45-9,Seongsu-myeon/성수면,KR-45-9-9
Jeollabuk-do/전북,KR-45,Jinan-gun/진안군,KR-45-9,Yongdam-myeon/용담면,KR-45-9-10
Jeollabuk-do/전북,KR-45,Muju-gun/무주군,KR-45-10,Anseong-myeon/안성면,KR-45-10-0
Jeollabuk-do/전북,KR-45,Muju-gun/무주군,KR-45-10,Bunam-myeon/부남면,KR-45-10-1
Jeollabuk-do/전북,KR-45,Muju-gun/무주군,KR-45-10,Jeoksang-myeon/적상면,KR-45-10-2
Jeollabuk-do/전북,KR-45,Muju-gun/무주군,KR-45-10,Muju-eup/무주읍,KR-45-10-3
Jeollabuk-do/전북,KR-45,Muju-gun/무주군,KR-45-10,Mupung-myeon/무풍면,KR-45-10-4
Jeollabuk-do/전북,KR-45,Muju-gun/무주군,KR-45-10,Seolcheon-myeon/설천면,KR-45-10-5
Jeollabuk-do/전북,KR-45,Namwon-si/남원시,KR-45-11,Ayeong-myeon/아영면,KR-45-11-0
Jeollabuk-do/전북,KR-45,Namwon-si/남원시,KR-45-11,Bojeol-myeon/보절면,KR-45-11-1
Jeollabuk-do/전북,KR-45,Namwon-si/남원시,KR-45-11,Cheongeo-dong/천거동,KR-45-11-2
Jeollabuk-do/전북,KR-45,Namwon-si/남원시,KR-45-11,Daegang-myeon/대강면,KR-45-11-3
Jeollabuk-do/전북,KR-45,Namwon-si/남원시,KR-45-11,Daesan-myeon/대산면,KR-45-11-4
Jeollabuk-do/전북,KR-45,Namwon-si/남원시,KR-45-11,Deokgwa-myeon/덕과면,KR-45-11-5
Jeollabuk-do/전북,KR-45,Namwon-si/남원시,KR-45-11,Dongchung-dong/동충동,KR-45-11-6
Jeollabuk-do/전북,KR-45,Namwon-si/남원시,KR-45-11,Dotong-dong/도통동,KR-45-11-7
Jeollabuk-do/전북,KR-45,Namwon-si/남원시,KR-45-11,Eohyeon-dong/어현동,KR-45-11-8
Jeollabuk-do/전북,KR-45,Namwon-si/남원시,KR-45-11,Galchi-dong/갈치동,KR-45-11-9
Jeollabuk-do/전북,KR-45,Namwon-si/남원시,KR-45-11,Geum-dong/금동,KR-45-11-10
Jeollabuk-do/전북,KR-45,Namwon-si/남원시,KR-45-11,Geumji-myeon/금지면,KR-45-11-11
Jeollabuk-do/전북,KR-45,Namwon-si/남원시,KR-45-11,Gojuk-dong/고죽동,KR-45-11-12
Jeollabuk-do/전북,KR-45,Namwon-si/남원시,KR-45-11,Gwangchi-dong/광치동,KR-45-11-13
Jeollabuk-do/전북,KR-45,Namwon-si/남원시,KR-45-11,Hajeong-dong/하정동,KR-45-11-14
Jeollabuk-do/전북,KR-45,Namwon-si/남원시,KR-45-11,Hwajeong-dong/화정동,KR-45-11-15
Jeollabuk-do/전북,KR-45,Namwon-si/남원시,KR-45-11,Hyanggyo-dong/향교동,KR-45-11-16
Jeollabuk-do/전북,KR-45,Namwon-si/남원시,KR-45-11,Ibaek-myeon/이백면,KR-45-11-17
Jeollabuk-do/전북,KR-45,Namwon-si/남원시,KR-45-11,Inwol-myeon/인월면,KR-45-11-18
Jeollabuk-do/전북,KR-45,Namwon-si/남원시,KR-45-11,Josan-dong/조산동,KR-45-11-19
Jeollabuk-do/전북,KR-45,Namwon-si/남원시,KR-45-11,Jucheon-myeon/주천면,KR-45-11-20
Jeollabuk-do/전북,KR-45,Namwon-si/남원시,KR-45-11,Jukhang-dong/죽항동,KR-45-11-21
Jeollabuk-do/전북,KR-45,Namwon-si/남원시,KR-45-11,Jusaeng-myeon/주생면,KR-45-11-22
Jeollabuk-do/전북,KR-45,Namwon-si/남원시,KR-45-11,Naecheok-dong/내척동,KR-45-11-23
Jeollabuk-do/전북,KR-45,Namwon-si/남원시,KR-45-11,Namwonucheguksaseoham/남원우체국사서함,KR-45-11-24
Jeollabuk-do/전북,KR-45,Namwon-si/남원시,KR-45-11,Noam-dong/노암동,KR-45-11-25
Jeollabuk-do/전북,KR-45,Namwon-si/남원시,KR-45-11,Samae-myeon/사매면,KR-45-11-26
Jeollabuk-do/전북,KR-45,Namwon-si/남원시,KR-45-11,Sandong-myeon/산동면,KR-45-11-27
Jeollabuk-do/전북,KR-45,Namwon-si/남원시,KR-45-11,Sangok-dong/산곡동,KR-45-11-28
Jeollabuk-do/전북,KR-45,Namwon-si/남원시,KR-45-11,Sannae-myeon/산내면,KR-45-11-29
Jeollabuk-do/전북,KR-45,Namwon-si/남원시,KR-45-11,Sikjeong-dong/식정동,KR-45-11-30
Jeollabuk-do/전북,KR-45,Namwon-si/남원시,KR-45-11,Sinchon-dong/신촌동,KR-45-11-31
Jeollabuk-do/전북,KR-45,Namwon-si/남원시,KR-45-11,Sinjeong-dong/신정동,KR-45-11-32
Jeollabuk-do/전북,KR-45,Namwon-si/남원시,KR-45-11,Songdong-myeon/송동면,KR-45-11-33
Jeollabuk-do/전북,KR-45,Namwon-si/남원시,KR-45-11,Ssanggyo-dong/쌍교동,KR-45-11-34
Jeollabuk-do/전북,KR-45,Namwon-si/남원시,KR-45-11,Suji-myeon/수지면,KR-45-11-35
Jeollabuk-do/전북,KR-45,Namwon-si/남원시,KR-45-11,Unbong-eup/운봉읍,KR-45-11-36
Jeollabuk-do/전북,KR-45,Namwon-si/남원시,KR-45-11,Wangjeong-dong/왕정동,KR-45-11-37
Jeollabuk-do/전북,KR-45,Namwon-si/남원시,KR-45-11,Wollak-dong/월락동,KR-45-11-38
Jeollabuk-do/전북,KR-45,Namwon-si/남원시,KR-45-11,Yongjeong-dong/용정동,KR-45-11-39
Jeollabuk-do/전북,KR-45,Sunchang-gun/순창군,KR-45-12,Bokheung-myeon/복흥면,KR-45-12-0
Jeollabuk-do/전북,KR-45,Sunchang-gun/순창군,KR-45-12,Donggye-myeon/동계면,KR-45-12-1
Jeollabuk-do/전북,KR-45,Sunchang-gun/순창군,KR-45-12,Geumgwa-myeon/금과면,KR-45-12-2
Jeollabuk-do/전북,KR-45,Sunchang-gun/순창군,KR-45-12,Gurim-myeon/구림면,KR-45-12-3
Jeollabuk-do/전북,KR-45,Sunchang-gun/순창군,KR-45-12,Ingye-myeon/인계면,KR-45-12-4
Jeollabuk-do/전북,KR-45,Sunchang-gun/순창군,KR-45-12,Jeokseong-myeon/적성면,KR-45-12-5
Jeollabuk-do/전북,KR-45,Sunchang-gun/순창군,KR-45-12,Paldeok-myeon/팔덕면,KR-45-12-6
Jeollabuk-do/전북,KR-45,Sunchang-gun/순창군,KR-45-12,Pungsan-myeon/풍산면,KR-45-12-7
Jeollabuk-do/전북,KR-45,Sunchang-gun/순창군,KR-45-12,Ssangchi-myeon/쌍치면,KR-45-12-8
Jeollabuk-do/전북,KR-45,Sunchang-gun/순창군,KR-45-12,Sunchang-eup/순창읍,KR-45-12-9
Jeollabuk-do/전북,KR-45,Sunchang-gun/순창군,KR-45-12,Yudeung-myeon/유등면,KR-45-12-10
Jeollabuk-do/전북,KR-45,Wanju-gun/완주군,KR-45-13,Bibong-myeon/비봉면,KR-45-13-0
Jeollabuk-do/전북,KR-45,Wanju-gun/완주군,KR-45-13,Bongdong-eup/봉동읍,KR-45-13-1
Jeollabuk-do/전북,KR-45,Wanju-gun/완주군,KR-45-13,Dongsang-myeon/동상면,KR-45-13-2
Jeollabuk-do/전북,KR-45,Wanju-gun/완주군,KR-45-13,Gosan-myeon/고산면,KR-45-13-3
Jeollabuk-do/전북,KR-45,Wanju-gun/완주군,KR-45-13,Gui-myeon/구이면,KR-45-13-4
Jeollabuk-do/전북,KR-45,Wanju-gun/완주군,KR-45-13,Gyeongcheon-myeon/경천면,KR-45-13-5
Jeollabuk-do/전북,KR-45,Wanju-gun/완주군,KR-45-13,Hwasan-myeon/화산면,KR-45-13-6
Jeollabuk-do/전북,KR-45,Wanju-gun/완주군,KR-45-13,Iseo-myeon/이서면,KR-45-13-7
Jeollabuk-do/전북,KR-45,Wanju-gun/완주군,KR-45-13,Samrye-eup/삼례읍,KR-45-13-8
Jeollabuk-do/전북,KR-45,Wanju-gun/완주군,KR-45-13,Sanggwan-myeon/상관면,KR-45-13-9
Jeollabuk-do/전북,KR-45,Wanju-gun/완주군,KR-45-13,Soyang-myeon/소양면,KR-45-13-10
Jeollabuk-do/전북,KR-45,Wanju-gun/완주군,KR-45-13,Unju-myeon/운주면,KR-45-13-11
Jeollabuk-do/전북,KR-45,Wanju-gun/완주군,KR-45-13,Yongjin-myeon/용진면,KR-45-13-12
Jeollabuk-do/전북,KR-45,Wansan-gu Jeonju-si/전주시 완산구,KR-45-14,Daeseong-dong/대성동,KR-45-14-0
Jeollabuk-do/전북,KR-45,Wansan-gu Jeonju-si/전주시 완산구,KR-45-14,Dagadong 1(il)-ga/다가동1가,KR-45-14-1
Jeollabuk-do/전북,KR-45,Wansan-gu Jeonju-si/전주시 완산구,KR-45-14,Dagadong 2(i)-ga/다가동2가,KR-45-14-2
Jeollabuk-do/전북,KR-45,Wansan-gu Jeonju-si/전주시 완산구,KR-45-14,Dagadong 3(sam)-ga/다가동3가,KR-45-14-3
Jeollabuk-do/전북,KR-45,Wansan-gu Jeonju-si/전주시 완산구,KR-45-14,Dagadong 4(sa)-ga/다가동4가,KR-45-14-4
Jeollabuk-do/전북,KR-45,Wansan-gu Jeonju-si/전주시 완산구,KR-45-14,Dongseohak-dong/동서학동,KR-45-14-5
Jeollabuk-do/전북,KR-45,Wansan-gu Jeonju-si/전주시 완산구,KR-45-14,Dongwansan-dong/동완산동,KR-45-14-6
Jeollabuk-do/전북,KR-45,Wansan-gu Jeonju-si/전주시 완산구,KR-45-14,Gosa-dong/고사동,KR-45-14-7
Jeollabuk-do/전북,KR-45,Wansan-gu Jeonju-si/전주시 완산구,KR-45-14,Gyeongwondong 1(il)-ga/경원동1가,KR-45-14-8
Jeollabuk-do/전북,KR-45,Wansan-gu Jeonju-si/전주시 완산구,KR-45-14,Gyeongwondong 2(i)-ga/경원동2가,KR-45-14-9
Jeollabuk-do/전북,KR-45,Wansan-gu Jeonju-si/전주시 완산구,KR-45-14,Gyeongwondong 3(sam)-ga/경원동3가,KR-45-14-10
Jeollabuk-do/전북,KR-45,Wansan-gu Jeonju-si/전주시 완산구,KR-45-14,Gyo-dong/교동,KR-45-14-11
Jeollabuk-do/전북,KR-45,Wansan-gu Jeonju-si/전주시 완산구,KR-45-14,Hyojadong 1(il)-ga/효자동1가,KR-45-14-12
Jeollabuk-do/전북,KR-45,Wansan-gu Jeonju-si/전주시 완산구,KR-45-14,Hyojadong 2(i)-ga/효자동2가,KR-45-14-13
Jeollabuk-do/전북,KR-45,Wansan-gu Jeonju-si/전주시 완산구,KR-45-14,Hyojadong 3(sam)-ga/효자동3가,KR-45-14-14
Jeollabuk-do/전북,KR-45,Wansan-gu Jeonju-si/전주시 완산구,KR-45-14,Jeondong 3(sam)-ga/전동3가,KR-45-14-15
Jeollabuk-do/전북,KR-45,Wansan-gu Jeonju-si/전주시 완산구,KR-45-14,Jeon-dong/전동,KR-45-14-16
Jeollabuk-do/전북,KR-45,Wansan-gu Jeonju-si/전주시 완산구,KR-45-14,Jeonjuucheguksaseoham/전주우체국사서함,KR-45-14-17
Jeollabuk-do/전북,KR-45,Wansan-gu Jeonju-si/전주시 완산구,KR-45-14,Jungangdong 1(il)-ga/중앙동1가,KR-45-14-18
Jeollabuk-do/전북,KR-45,Wansan-gu Jeonju-si/전주시 완산구,KR-45-14,Jungangdong 2(i)-ga/중앙동2가,KR-45-14-19
Jeollabuk-do/전북,KR-45,Wansan-gu Jeonju-si/전주시 완산구,KR-45-14,Jungangdong 3(sam)-ga/중앙동3가,KR-45-14-20
Jeollabuk-do/전북,KR-45,Wansan-gu Jeonju-si/전주시 완산구,KR-45-14,Jungangdong 4(sa)-ga/중앙동4가,KR-45-14-21
Jeollabuk-do/전북,KR-45,Wansan-gu Jeonju-si/전주시 완산구,KR-45-14,Jung-dong/중동,KR-45-14-22
Jeollabuk-do/전북,KR-45,Wansan-gu Jeonju-si/전주시 완산구,KR-45-14,Junghwasandong 1(il)-ga/중화산동1가,KR-45-14-23
Jeollabuk-do/전북,KR-45,Wansan-gu Jeonju-si/전주시 완산구,KR-45-14,Junghwasandong 2(i)-ga/중화산동2가,KR-45-14-24
Jeollabuk-do/전북,KR-45,Wansan-gu Jeonju-si/전주시 완산구,KR-45-14,Jungin-dong/중인동,KR-45-14-25
Jeollabuk-do/전북,KR-45,Wansan-gu Jeonju-si/전주시 완산구,KR-45-14,Jungnosong-dong/중노송동,KR-45-14-26
Jeollabuk-do/전북,KR-45,Wansan-gu Jeonju-si/전주시 완산구,KR-45-14,Namnosong-dong/남노송동,KR-45-14-27
Jeollabuk-do/전북,KR-45,Wansan-gu Jeonju-si/전주시 완산구,KR-45-14,Pungnamdong 1(il)-ga/풍남동1가,KR-45-14-28
Jeollabuk-do/전북,KR-45,Wansan-gu Jeonju-si/전주시 완산구,KR-45-14,Pungnamdong 2(i)-ga/풍남동2가,KR-45-14-29
Jeollabuk-do/전북,KR-45,Wansan-gu Jeonju-si/전주시 완산구,KR-45-14,Pungnamdong 3(sam)-ga/풍남동3가,KR-45-14-30
Jeollabuk-do/전북,KR-45,Wansan-gu Jeonju-si/전주시 완산구,KR-45-14,Pyeonghwadong 1(il)-ga/평화동1가,KR-45-14-31
Jeollabuk-do/전북,KR-45,Wansan-gu Jeonju-si/전주시 완산구,KR-45-14,Pyeonghwadong 2(i)-ga/평화동2가,KR-45-14-32
Jeollabuk-do/전북,KR-45,Wansan-gu Jeonju-si/전주시 완산구,KR-45-14,Pyeonghwadong 3(sam)-ga/평화동3가,KR-45-14-33
Jeollabuk-do/전북,KR-45,Wansan-gu Jeonju-si/전주시 완산구,KR-45-14,Saekjang-dong/색장동,KR-45-14-34
Jeollabuk-do/전북,KR-45,Wansan-gu Jeonju-si/전주시 완산구,KR-45-14,Samcheondong 1(il)-ga/삼천동1가,KR-45-14-35
Jeollabuk-do/전북,KR-45,Wansan-gu Jeonju-si/전주시 완산구,KR-45-14,Samcheondong 2(i)-ga/삼천동2가,KR-45-14-36
Jeollabuk-do/전북,KR-45,Wansan-gu Jeonju-si/전주시 완산구,KR-45-14,Samcheondong 3(sam)-ga/삼천동3가,KR-45-14-37
Jeollabuk-do/전북,KR-45,Wansan-gu Jeonju-si/전주시 완산구,KR-45-14,Sangrim-dong/상림동,KR-45-14-38
Jeollabuk-do/전북,KR-45,Wansan-gu Jeonju-si/전주시 완산구,KR-45-14,Seokgu-dong/석구동,KR-45-14-39
Jeollabuk-do/전북,KR-45,Wansan-gu Jeonju-si/전주시 완산구,KR-45-14,Seonosong-dong/서노송동,KR-45-14-40
Jeollabuk-do/전북,KR-45,Wansan-gu Jeonju-si/전주시 완산구,KR-45-14,Seoseohak-dong/서서학동,KR-45-14-41
Jeollabuk-do/전북,KR-45,Wansan-gu Jeonju-si/전주시 완산구,KR-45-14,Seosin-dong/서신동,KR-45-14-42
Jeollabuk-do/전북,KR-45,Wansan-gu Jeonju-si/전주시 완산구,KR-45-14,Seowansandong 1(il)-ga/서완산동1가,KR-45-14-43
Jeollabuk-do/전북,KR-45,Wansan-gu Jeonju-si/전주시 완산구,KR-45-14,Seowansandong 2(i)-ga/서완산동2가,KR-45-14-44
Jeollabuk-do/전북,KR-45,Wansan-gu Jeonju-si/전주시 완산구,KR-45-14,Taepyeong-dong/태평동,KR-45-14-45
Jeollabuk-do/전북,KR-45,Wansan-gu Jeonju-si/전주시 완산구,KR-45-14,Wondang-dong/원당동,KR-45-14-46
Jeollabuk-do/전북,KR-45,Wansan-gu Jeonju-si/전주시 완산구,KR-45-14,Yongbok-dong/용복동,KR-45-14-47
Jeollanam-do/전남,KR-46,Boseong-gun/보성군,KR-46-0,Beolgyo-eup/벌교읍,KR-46-0-0
Jeollanam-do/전남,KR-46,Boseong-gun/보성군,KR-46-0,Boknae-myeon/복내면,KR-46-0-1
Jeollanam-do/전남,KR-46,Boseong-gun/보성군,KR-46-0,Boseong-eup/보성읍,KR-46-0-2
Jeollanam-do/전남,KR-46,Boseong-gun/보성군,KR-46-0,Deukryang-myeon/득량면,KR-46-0-3
Jeollanam-do/전남,KR-46,Boseong-gun/보성군,KR-46-0,Gyeombaek-myeon/겸백면,KR-46-0-4
Jeollanam-do/전남,KR-46,Boseong-gun/보성군,KR-46-0,Hoecheon-myeon/회천면,KR-46-0-5
Jeollanam-do/전남,KR-46,Boseong-gun/보성군,KR-46-0,Joseong-myeon/조성면,KR-46-0-6
Jeollanam-do/전남,KR-46,Boseong-gun/보성군,KR-46-0,Miryeok-myeon/미력면,KR-46-0-7
Jeollanam-do/전남,KR-46,Boseong-gun/보성군,KR-46-0,Mundeok-myeon/문덕면,KR-46-0-8
Jeollanam-do/전남,KR-46,Boseong-gun/보성군,KR-46-0,Nodong-myeon/노동면,KR-46-0-9
Jeollanam-do/전남,KR-46,Boseong-gun/보성군,KR-46-0,Ungchi-myeon/웅치면,KR-46-0-10
Jeollanam-do/전남,KR-46,Boseong-gun/보성군,KR-46-0,Yureo-myeon/율어면,KR-46-0-11
Jeollanam-do/전남,KR-46,Damyang-gun/담양군,KR-46-1,Bongsan-myeon/봉산면,KR-46-1-0
Jeollanam-do/전남,KR-46,Damyang-gun/담양군,KR-46-1,Changpyeong-myeon/창평면,KR-46-1-1
Jeollanam-do/전남,KR-46,Damyang-gun/담양군,KR-46-1,Daedeok-myeon/대덕면,KR-46-1-2
Jeollanam-do/전남,KR-46,Damyang-gun/담양군,KR-46-1,Daejeon-myeon/대전면,KR-46-1-3
Jeollanam-do/전남,KR-46,Damyang-gun/담양군,KR-46-1,Damyang-eup/담양읍,KR-46-1-4
Jeollanam-do/전남,KR-46,Damyang-gun/담양군,KR-46-1,Geumseong-myeon/금성면,KR-46-1-5
Jeollanam-do/전남,KR-46,Damyang-gun/담양군,KR-46-1,Goseo-myeon/고서면,KR-46-1-6
Jeollanam-do/전남,KR-46,Damyang-gun/담양군,KR-46-1,Mujeong-myeon/무정면,KR-46-1-7
Jeollanam-do/전남,KR-46,Damyang-gun/담양군,KR-46-1,Nam-myeon/남면,KR-46-1-8
Jeollanam-do/전남,KR-46,Damyang-gun/담양군,KR-46-1,Subuk-myeon/수북면,KR-46-1-9
Jeollanam-do/전남,KR-46,Damyang-gun/담양군,KR-46-1,Wolsan-myeon/월산면,KR-46-1-10
Jeollanam-do/전남,KR-46,Damyang-gun/담양군,KR-46-1,Yong-myeon/용면,KR-46-1-11
Jeollanam-do/전남,KR-46,Gangjin-gun/강진군,KR-46-2,Byeongyeong-myeon/병영면,KR-46-2-0
Jeollanam-do/전남,KR-46,Gangjin-gun/강진군,KR-46-2,Chillyang-myeon/칠량면,KR-46-2-1
Jeollanam-do/전남,KR-46,Gangjin-gun/강진군,KR-46-2,Daegu-myeon/대구면,KR-46-2-2
Jeollanam-do/전남,KR-46,Gangjin-gun/강진군,KR-46-2,Doam-myeon/도암면,KR-46-2-3
Jeollanam-do/전남,KR-46,Gangjin-gun/강진군,KR-46-2,Gangjin-eup/강진읍,KR-46-2-4
Jeollanam-do/전남,KR-46,Gangjin-gun/강진군,KR-46-2,Gundong-myeon/군동면,KR-46-2-5
Jeollanam-do/전남,KR-46,Gangjin-gun/강진군,KR-46-2,Jakcheon-myeon/작천면,KR-46-2-6
Jeollanam-do/전남,KR-46,Gangjin-gun/강진군,KR-46-2,Maryang-myeon/마량면,KR-46-2-7
Jeollanam-do/전남,KR-46,Gangjin-gun/강진군,KR-46-2,Omcheon-myeon/옴천면,KR-46-2-8
Jeollanam-do/전남,KR-46,Gangjin-gun/강진군,KR-46-2,Seongjeon-myeon/성전면,KR-46-2-9
Jeollanam-do/전남,KR-46,Gangjin-gun/강진군,KR-46-2,Sinjeon-myeon/신전면,KR-46-2-10
Jeollanam-do/전남,KR-46,Goheung-gun/고흥군,KR-46-3,Bongrae-myeon/봉래면,KR-46-3-0
Jeollanam-do/전남,KR-46,Goheung-gun/고흥군,KR-46-3,Daeseo-myeon/대서면,KR-46-3-1
Jeollanam-do/전남,KR-46,Goheung-gun/고흥군,KR-46-3,Dodeok-myeon/도덕면,KR-46-3-2
Jeollanam-do/전남,KR-46,Goheung-gun/고흥군,KR-46-3,Dohwa-myeon/도화면,KR-46-3-3
Jeollanam-do/전남,KR-46,Goheung-gun/고흥군,KR-46-3,Donggang-myeon/동강면,KR-46-3-4
Jeollanam-do/전남,KR-46,Goheung-gun/고흥군,KR-46-3,Dongil-myeon/동일면,KR-46-3-5
Jeollanam-do/전남,KR-46,Goheung-gun/고흥군,KR-46-3,Doyang-eup/도양읍,KR-46-3-6
Jeollanam-do/전남,KR-46,Goheung-gun/고흥군,KR-46-3,Duwon-myeon/두원면,KR-46-3-7
Jeollanam-do/전남,KR-46,Goheung-gun/고흥군,KR-46-3,Geumsan-myeon/금산면,KR-46-3-8
Jeollanam-do/전남,KR-46,Goheung-gun/고흥군,KR-46-3,Goheung-eup/고흥읍,KR-46-3-9
Jeollanam-do/전남,KR-46,Goheung-gun/고흥군,KR-46-3,Gwayeok-myeon/과역면,KR-46-3-10
Jeollanam-do/전남,KR-46,Goheung-gun/고흥군,KR-46-3,Jeomam-myeon/점암면,KR-46-3-11
Jeollanam-do/전남,KR-46,Goheung-gun/고흥군,KR-46-3,Namyang-myeon/남양면,KR-46-3-12
Jeollanam-do/전남,KR-46,Goheung-gun/고흥군,KR-46-3,Podu-myeon/포두면,KR-46-3-13
Jeollanam-do/전남,KR-46,Goheung-gun/고흥군,KR-46-3,Pungyang-myeon/풍양면,KR-46-3-14
Jeollanam-do/전남,KR-46,Goheung-gun/고흥군,KR-46-3,Yeongnam-myeon/영남면,KR-46-3-15
Jeollanam-do/전남,KR-46,Gokseong-gun/곡성군,KR-46-4,Godal-myeon/고달면,KR-46-4-0
Jeollanam-do/전남,KR-46,Gokseong-gun/곡성군,KR-46-4,Gokseong-eup/곡성읍,KR-46-4-1
Jeollanam-do/전남,KR-46,Gokseong-gun/곡성군,KR-46-4,Gyeom-myeon/겸면,KR-46-4-2
Jeollanam-do/전남,KR-46,Gokseong-gun/곡성군,KR-46-4,Ip-myeon/입면,KR-46-4-3
Jeollanam-do/전남,KR-46,Gokseong-gun/곡성군,KR-46-4,Jukgok-myeon/죽곡면,KR-46-4-4
Jeollanam-do/전남,KR-46,Gokseong-gun/곡성군,KR-46-4,Moksadong-myeon/목사동면,KR-46-4-5
Jeollanam-do/전남,KR-46,Gokseong-gun/곡성군,KR-46-4,Ogok-myeon/오곡면,KR-46-4-6
Jeollanam-do/전남,KR-46,Gokseong-gun/곡성군,KR-46-4,Okgwa-myeon/옥과면,KR-46-4-7
Jeollanam-do/전남,KR-46,Gokseong-gun/곡성군,KR-46-4,Osan-myeon/오산면,KR-46-4-8
Jeollanam-do/전남,KR-46,Gokseong-gun/곡성군,KR-46-4,Samgi-myeon/삼기면,KR-46-4-9
Jeollanam-do/전남,KR-46,Gokseong-gun/곡성군,KR-46-4,Seokgok-myeon/석곡면,KR-46-4-10
Jeollanam-do/전남,KR-46,Gurye-gun/구례군,KR-46-5,Ganjeon-myeon/간전면,KR-46-5-0
Jeollanam-do/전남,KR-46,Gurye-gun/구례군,KR-46-5,Gurye-eup/구례읍,KR-46-5-1
Jeollanam-do/전남,KR-46,Gurye-gun/구례군,KR-46-5,Gwangui-myeon/광의면,KR-46-5-2
Jeollanam-do/전남,KR-46,Gurye-gun/구례군,KR-46-5,Masan-myeon/마산면,KR-46-5-3
Jeollanam-do/전남,KR-46,Gurye-gun/구례군,KR-46-5,Muncheok-myeon/문척면,KR-46-5-4
Jeollanam-do/전남,KR-46,Gurye-gun/구례군,KR-46-5,Sandong-myeon/산동면,KR-46-5-5
Jeollanam-do/전남,KR-46,Gurye-gun/구례군,KR-46-5,Toji-myeon/토지면,KR-46-5-6
Jeollanam-do/전남,KR-46,Gurye-gun/구례군,KR-46-5,Yongbang-myeon/용방면,KR-46-5-7
Jeollanam-do/전남,KR-46,Gwangyang-si/광양시,KR-46-6,Bonggang-myeon/봉강면,KR-46-6-0
Jeollanam-do/전남,KR-46,Gwangyang-si/광양시,KR-46-6,Daap-myeon/다압면,KR-46-6-1
Jeollanam-do/전남,KR-46,Gwangyang-si/광양시,KR-46-6,Doi-dong/도이동,KR-46-6-2
Jeollanam-do/전남,KR-46,Gwangyang-si/광양시,KR-46-6,Geumho-dong/금호동,KR-46-6-3
Jeollanam-do/전남,KR-46,Gwangyang-si/광양시,KR-46-6,Gwangyang-eup/광양읍,KR-46-6-4
Jeollanam-do/전남,KR-46,Gwangyang-si/광양시,KR-46-6,Gwangyangucheguksaseoham/광양우체국사서함,KR-46-6-5
Jeollanam-do/전남,KR-46,Gwangyang-si/광양시,KR-46-6,Gwangyeong-dong/광영동,KR-46-6-6
Jeollanam-do/전남,KR-46,Gwangyang-si/광양시,KR-46-6,Hwanggeum-dong/황금동,KR-46-6-7
Jeollanam-do/전남,KR-46,Gwangyang-si/광양시,KR-46-6,Hwanggil-dong/황길동,KR-46-6-8
Jeollanam-do/전남,KR-46,Gwangyang-si/광양시,KR-46-6,Jinsang-myeon/진상면,KR-46-6-9
Jeollanam-do/전남,KR-46,Gwangyang-si/광양시,KR-46-6,Jinwol-myeon/진월면,KR-46-6-10
Jeollanam-do/전남,KR-46,Gwangyang-si/광양시,KR-46-6,Jung-dong/중동,KR-46-6-11
Jeollanam-do/전남,KR-46,Gwangyang-si/광양시,KR-46-6,Junggun-dong/중군동,KR-46-6-12
Jeollanam-do/전남,KR-46,Gwangyang-si/광양시,KR-46-6,Ma-dong/마동,KR-46-6-13
Jeollanam-do/전남,KR-46,Gwangyang-si/광양시,KR-46-6,Mokseongucheguksaseoham/목성우체국사서함,KR-46-6-14
Jeollanam-do/전남,KR-46,Gwangyang-si/광양시,KR-46-6,Okgok-myeon/옥곡면,KR-46-6-15
Jeollanam-do/전남,KR-46,Gwangyang-si/광양시,KR-46-6,Okryong-myeon/옥룡면,KR-46-6-16
Jeollanam-do/전남,KR-46,Gwangyang-si/광양시,KR-46-6,Seonghwang-dong/성황동,KR-46-6-17
Jeollanam-do/전남,KR-46,Gwangyang-si/광양시,KR-46-6,Taein-dong/태인동,KR-46-6-18
Jeollanam-do/전남,KR-46,Haenam-gun/해남군,KR-46-7,Bugil-myeon/북일면,KR-46-7-0
Jeollanam-do/전남,KR-46,Haenam-gun/해남군,KR-46-7,Bukpyeong-myeon/북평면,KR-46-7-1
Jeollanam-do/전남,KR-46,Haenam-gun/해남군,KR-46-7,Gyegok-myeon/계곡면,KR-46-7-2
Jeollanam-do/전남,KR-46,Haenam-gun/해남군,KR-46-7,Haenam-eup/해남읍,KR-46-7-3
Jeollanam-do/전남,KR-46,Haenam-gun/해남군,KR-46-7,Hwangsan-myeon/황산면,KR-46-7-4
Jeollanam-do/전남,KR-46,Haenam-gun/해남군,KR-46-7,Hwasan-myeon/화산면,KR-46-7-5
Jeollanam-do/전남,KR-46,Haenam-gun/해남군,KR-46-7,Hwawon-myeon/화원면,KR-46-7-6
Jeollanam-do/전남,KR-46,Haenam-gun/해남군,KR-46-7,Hyeonsan-myeon/현산면,KR-46-7-7
Jeollanam-do/전남,KR-46,Haenam-gun/해남군,KR-46-7,Masan-myeon/마산면,KR-46-7-8
Jeollanam-do/전남,KR-46,Haenam-gun/해남군,KR-46-7,Munnae-myeon/문내면,KR-46-7-9
Jeollanam-do/전남,KR-46,Haenam-gun/해남군,KR-46-7,Okcheon-myeon/옥천면,KR-46-7-10
Jeollanam-do/전남,KR-46,Haenam-gun/해남군,KR-46-7,Samsan-myeon/삼산면,KR-46-7-11
Jeollanam-do/전남,KR-46,Haenam-gun/해남군,KR-46-7,Sani-myeon/산이면,KR-46-7-12
Jeollanam-do/전남,KR-46,Haenam-gun/해남군,KR-46-7,Songji-myeon/송지면,KR-46-7-13
Jeollanam-do/전남,KR-46,Hampyeong-gun/함평군,KR-46-8,Daedong-myeon/대동면,KR-46-8-0
Jeollanam-do/전남,KR-46,Hampyeong-gun/함평군,KR-46-8,Eomda-myeon/엄다면,KR-46-8-1
Jeollanam-do/전남,KR-46,Hampyeong-gun/함평군,KR-46-8,Haebo-myeon/해보면,KR-46-8-2
Jeollanam-do/전남,KR-46,Hampyeong-gun/함평군,KR-46-8,Hakgyo-myeon/학교면,KR-46-8-3
Jeollanam-do/전남,KR-46,Hampyeong-gun/함평군,KR-46-8,Hampyeong-eup/함평읍,KR-46-8-4
Jeollanam-do/전남,KR-46,Hampyeong-gun/함평군,KR-46-8,Nasan-myeon/나산면,KR-46-8-5
Jeollanam-do/전남,KR-46,Hampyeong-gun/함평군,KR-46-8,Singwang-myeon/신광면,KR-46-8-6
Jeollanam-do/전남,KR-46,Hampyeong-gun/함평군,KR-46-8,Sonbul-myeon/손불면,KR-46-8-7
Jeollanam-do/전남,KR-46,Hampyeong-gun/함평군,KR-46-8,Worya-myeon/월야면,KR-46-8-8
Jeollanam-do/전남,KR-46,Hwasun-gun/화순군,KR-46-9,Buk-myeon/북면,KR-46-9-0
Jeollanam-do/전남,KR-46,Hwasun-gun/화순군,KR-46-9,Cheongpung-myeon/청풍면,KR-46-9-1
Jeollanam-do/전남,KR-46,Hwasun-gun/화순군,KR-46-9,Chunyang-myeon/춘양면,KR-46-9-2
Jeollanam-do/전남,KR-46,Hwasun-gun/화순군,KR-46-9,Doam-myeon/도암면,KR-46-9-3
Jeollanam-do/전남,KR-46,Hwasun-gun/화순군,KR-46-9,Dogok-myeon/도곡면,KR-46-9-4
Jeollanam-do/전남,KR-46,Hwasun-gun/화순군,KR-46-9,Dongbok-myeon/동복면,KR-46-9-5
Jeollanam-do/전남,KR-46,Hwasun-gun/화순군,KR-46-9,Dong-myeon/동면,KR-46-9-6
Jeollanam-do/전남,KR-46,Hwasun-gun/화순군,KR-46-9,Hancheon-myeon/한천면,KR-46-9-7
Jeollanam-do/전남,KR-46,Hwasun-gun/화순군,KR-46-9,Hwasun-eup/화순읍,KR-46-9-8
Jeollanam-do/전남,KR-46,Hwasun-gun/화순군,KR-46-9,Iseo-myeon/이서면,KR-46-9-9
Jeollanam-do/전남,KR-46,Hwasun-gun/화순군,KR-46-9,Iyang-myeon/이양면,KR-46-9-10
Jeollanam-do/전남,KR-46,Hwasun-gun/화순군,KR-46-9,Nam-myeon/남면,KR-46-9-11
Jeollanam-do/전남,KR-46,Hwasun-gun/화순군,KR-46-9,Neungju-myeon/능주면,KR-46-9-12
Jeollanam-do/전남,KR-46,Jangheung-gun/장흥군,KR-46-10,Anyang-myeon/안양면,KR-46-10-0
Jeollanam-do/전남,KR-46,Jangheung-gun/장흥군,KR-46-10,Busan-myeon/부산면,KR-46-10-1
Jeollanam-do/전남,KR-46,Jangheung-gun/장흥군,KR-46-10,Daedeog-eup/대덕읍,KR-46-10-2
Jeollanam-do/전남,KR-46,Jangheung-gun/장흥군,KR-46-10,Gwansan-eup/관산읍,KR-46-10-3
Jeollanam-do/전남,KR-46,Jangheung-gun/장흥군,KR-46-10,Hoejin-myeon/회진면,KR-46-10-4
Jeollanam-do/전남,KR-46,Jangheung-gun/장흥군,KR-46-10,Jangdong-myeon/장동면,KR-46-10-5
Jeollanam-do/전남,KR-46,Jangheung-gun/장흥군,KR-46-10,Jangheung-eup/장흥읍,KR-46-10-6
Jeollanam-do/전남,KR-46,Jangheung-gun/장흥군,KR-46-10,Jangpyeong-myeon/장평면,KR-46-10-7
Jeollanam-do/전남,KR-46,Jangheung-gun/장흥군,KR-46-10,Yongsan-myeon/용산면,KR-46-10-8
Jeollanam-do/전남,KR-46,Jangheung-gun/장흥군,KR-46-10,Yuchi-myeon/유치면,KR-46-10-9
Jeollanam-do/전남,KR-46,Jangseong-gun/장성군,KR-46-11,Bugil-myeon/북일면,KR-46-11-0
Jeollanam-do/전남,KR-46,Jangseong-gun/장성군,KR-46-11,Bugi-myeon/북이면,KR-46-11-1
Jeollanam-do/전남,KR-46,Jangseong-gun/장성군,KR-46-11,Bukha-myeon/북하면,KR-46-11-2
Jeollanam-do/전남,KR-46,Jangseong-gun/장성군,KR-46-11,Donghwa-myeon/동화면,KR-46-11-3
Jeollanam-do/전남,KR-46,Jangseong-gun/장성군,KR-46-11,Hwangryong-myeon/황룡면,KR-46-11-4
Jeollanam-do/전남,KR-46,Jangseong-gun/장성군,KR-46-11,Jangseong-eup/장성읍,KR-46-11-5
Jeollanam-do/전남,KR-46,Jangseong-gun/장성군,KR-46-11,Jinwon-myeon/진원면,KR-46-11-6
Jeollanam-do/전남,KR-46,Jangseong-gun/장성군,KR-46-11,Nam-myeon/남면,KR-46-11-7
Jeollanam-do/전남,KR-46,Jangseong-gun/장성군,KR-46-11,Samgye-myeon/삼계면,KR-46-11-8
Jeollanam-do/전남,KR-46,Jangseong-gun/장성군,KR-46-11,Samseo-myeon/삼서면,KR-46-11-9
Jeollanam-do/전남,KR-46,Jangseong-gun/장성군,KR-46-11,Seosam-myeon/서삼면,KR-46-11-10
Jeollanam-do/전남,KR-46,Jindo-gun/진도군,KR-46-12,Gogun-myeon/고군면,KR-46-12-0
Jeollanam-do/전남,KR-46,Jindo-gun/진도군,KR-46-12,Gunnae-myeon/군내면,KR-46-12-1
Jeollanam-do/전남,KR-46,Jindo-gun/진도군,KR-46-12,Imhoe-myeon/임회면,KR-46-12-2
Jeollanam-do/전남,KR-46,Jindo-gun/진도군,KR-46-12,Jindo-eup/진도읍,KR-46-12-3
Jeollanam-do/전남,KR-46,Jindo-gun/진도군,KR-46-12,Jisan-myeon/지산면,KR-46-12-4
Jeollanam-do/전남,KR-46,Jindo-gun/진도군,KR-46-12,Jodo-myeon/조도면,KR-46-12-5
Jeollanam-do/전남,KR-46,Jindo-gun/진도군,KR-46-12,Uisin-myeon/의신면,KR-46-12-6
Jeollanam-do/전남,KR-46,Mokpo-si/목포시,KR-46-13,Bogwangdong 1(il)-ga/보광동1가,KR-46-13-0
Jeollanam-do/전남,KR-46,Mokpo-si/목포시,KR-46-13,Bogwangdong 2(i)-ga/보광동2가,KR-46-13-1
Jeollanam-do/전남,KR-46,Mokpo-si/목포시,KR-46-13,Bogwangdong 3(sam)-ga/보광동3가,KR-46-13-2
Jeollanam-do/전남,KR-46,Mokpo-si/목포시,KR-46-13,Bogwang-dong/보광동,KR-46-13-3
Jeollanam-do/전남,KR-46,Mokpo-si/목포시,KR-46-13,Bokman-dong/복만동,KR-46-13-4
Jeollanam-do/전남,KR-46,Mokpo-si/목포시,KR-46-13,Buheung-dong/부흥동,KR-46-13-5
Jeollanam-do/전남,KR-46,Mokpo-si/목포시,KR-46-13,Bukgyo-dong/북교동,KR-46-13-6
Jeollanam-do/전남,KR-46,Mokpo-si/목포시,KR-46-13,Bukhang-dong/북항동,KR-46-13-7
Jeollanam-do/전남,KR-46,Mokpo-si/목포시,KR-46-13,Changpyeong-dong/창평동,KR-46-13-8
Jeollanam-do/전남,KR-46,Mokpo-si/목포시,KR-46-13,Cheukhu-dong/측후동,KR-46-13-9
Jeollanam-do/전남,KR-46,Mokpo-si/목포시,KR-46-13,Chukbokdong 1(il)-ga/축복동1가,KR-46-13-10
Jeollanam-do/전남,KR-46,Mokpo-si/목포시,KR-46-13,Chukbokdong 2(i)-ga/축복동2가,KR-46-13-11
Jeollanam-do/전남,KR-46,Mokpo-si/목포시,KR-46-13,Chukbokdong 3(sam)-ga/축복동3가,KR-46-13-12
Jeollanam-do/전남,KR-46,Mokpo-si/목포시,KR-46-13,Chukbok-dong/축복동,KR-46-13-13
Jeollanam-do/전남,KR-46,Mokpo-si/목포시,KR-46-13,Daean-dong/대안동,KR-46-13-14
Jeollanam-do/전남,KR-46,Mokpo-si/목포시,KR-46-13,Daeseong-dong/대성동,KR-46-13-15
Jeollanam-do/전남,KR-46,Mokpo-si/목포시,KR-46-13,Daeuidong 1(il)-ga/대의동1가,KR-46-13-16
Jeollanam-do/전남,KR-46,Mokpo-si/목포시,KR-46-13,Daeuidong 2(i)-ga/대의동2가,KR-46-13-17
Jeollanam-do/전남,KR-46,Mokpo-si/목포시,KR-46-13,Daeuidong 3(sam)-ga/대의동3가,KR-46-13-18
Jeollanam-do/전남,KR-46,Mokpo-si/목포시,KR-46-13,Daeui-dong/대의동,KR-46-13-19
Jeollanam-do/전남,KR-46,Mokpo-si/목포시,KR-46-13,Daeyang-dong/대양동,KR-46-13-20
Jeollanam-do/전남,KR-46,Mokpo-si/목포시,KR-46-13,Dal-dong/달동,KR-46-13-21
Jeollanam-do/전남,KR-46,Mokpo-si/목포시,KR-46-13,Dongmyeong-dong/동명동,KR-46-13-22
Jeollanam-do/전남,KR-46,Mokpo-si/목포시,KR-46-13,Geumdong 1(il)-ga/금동1가,KR-46-13-23
Jeollanam-do/전남,KR-46,Mokpo-si/목포시,KR-46-13,Geumdong 2(i)-ga/금동2가,KR-46-13-24
Jeollanam-do/전남,KR-46,Mokpo-si/목포시,KR-46-13,Geum-dong/금동,KR-46-13-25
Jeollanam-do/전남,KR-46,Mokpo-si/목포시,KR-46-13,Geumhwa-dong/금화동,KR-46-13-26
Jeollanam-do/전남,KR-46,Mokpo-si/목포시,KR-46-13,Gwangdong 1(il)-ga/광동1가,KR-46-13-27
Jeollanam-do/전남,KR-46,Mokpo-si/목포시,KR-46-13,Gwangdong 2(i)-ga/광동2가,KR-46-13-28
Jeollanam-do/전남,KR-46,Mokpo-si/목포시,KR-46-13,Gwangdong 3(sam)-ga/광동3가,KR-46-13-29
Jeollanam-do/전남,KR-46,Mokpo-si/목포시,KR-46-13,Gwang-dong/광동,KR-46-13-30
Jeollanam-do/전남,KR-46,Mokpo-si/목포시,KR-46-13,Gyeongdong 1(il)-ga/경동1가,KR-46-13-31
Jeollanam-do/전남,KR-46,Mokpo-si/목포시,KR-46-13,Gyeongdong 2(i)-ga/경동2가,KR-46-13-32
Jeollanam-do/전남,KR-46,Mokpo-si/목포시,KR-46-13,Gyeong-dong/경동,KR-46-13-33
Jeollanam-do/전남,KR-46,Mokpo-si/목포시,KR-46-13,Hadang-dong/하당동,KR-46-13-34
Jeollanam-do/전남,KR-46,Mokpo-si/목포시,KR-46-13,Haeandong 1(il)-ga/해안동1가,KR-46-13-35
Jeollanam-do/전남,KR-46,Mokpo-si/목포시,KR-46-13,Haeandong 2(i)-ga/해안동2가,KR-46-13-36
Jeollanam-do/전남,KR-46,Mokpo-si/목포시,KR-46-13,Haeandong 3(sam)-ga/해안동3가,KR-46-13-37
Jeollanam-do/전남,KR-46,Mokpo-si/목포시,KR-46-13,Haeandong 4(sa)-ga/해안동4가,KR-46-13-38
Jeollanam-do/전남,KR-46,Mokpo-si/목포시,KR-46-13,Haean-dong/해안동,KR-46-13-39
Jeollanam-do/전남,KR-46,Mokpo-si/목포시,KR-46-13,Haengbokdong 1(il)-ga/행복동1가,KR-46-13-40
Jeollanam-do/전남,KR-46,Mokpo-si/목포시,KR-46-13,Haengbokdong 2(i)-ga/행복동2가,KR-46-13-41
Jeollanam-do/전남,KR-46,Mokpo-si/목포시,KR-46-13,Haengbok-dong/행복동,KR-46-13-42
Jeollanam-do/전남,KR-46,Mokpo-si/목포시,KR-46-13,Hang-dong/항동,KR-46-13-43
Jeollanam-do/전남,KR-46,Mokpo-si/목포시,KR-46-13,Honam-dong/호남동,KR-46-13-44
Jeollanam-do/전남,KR-46,Mokpo-si/목포시,KR-46-13,Juk-dong/죽동,KR-46-13-45
Jeollanam-do/전남,KR-46,Mokpo-si/목포시,KR-46-13,Jukgyo-dong/죽교동,KR-46-13-46
Jeollanam-do/전남,KR-46,Mokpo-si/목포시,KR-46-13,Jungangdong 1(il)-ga/중앙동1가,KR-46-13-47
Jeollanam-do/전남,KR-46,Mokpo-si/목포시,KR-46-13,Jungangdong 2(i)-ga/중앙동2가,KR-46-13-48
Jeollanam-do/전남,KR-46,Mokpo-si/목포시,KR-46-13,Jungangdong 3(sam)-ga/중앙동3가,KR-46-13-49
Jeollanam-do/전남,KR-46,Mokpo-si/목포시,KR-46-13,Jungang-dong/중앙동,KR-46-13-50
Jeollanam-do/전남,KR-46,Mokpo-si/목포시,KR-46-13,Jungdong 1(il)-ga/중동1가,KR-46-13-51
Jeollanam-do/전남,KR-46,Mokpo-si/목포시,KR-46-13,Jungdong 2(i)-ga/중동2가,KR-46-13-52
Jeollanam-do/전남,KR-46,Mokpo-si/목포시,KR-46-13,Jung-dong/중동,KR-46-13-53
Jeollanam-do/전남,KR-46,Mokpo-si/목포시,KR-46-13,Manho-dong/만호동,KR-46-13-54
Jeollanam-do/전남,KR-46,Mokpo-si/목포시,KR-46-13,Mokpoucheguksaseoham/목포우체국사서함,KR-46-13-55
Jeollanam-do/전남,KR-46,Mokpo-si/목포시,KR-46-13,Muan-dong/무안동,KR-46-13-56
Jeollanam-do/전남,KR-46,Mokpo-si/목포시,KR-46-13,Myeongryun-dong/명륜동,KR-46-13-57
Jeollanam-do/전남,KR-46,Mokpo-si/목포시,KR-46-13,Namgyo-dong/남교동,KR-46-13-58
Jeollanam-do/전남,KR-46,Mokpo-si/목포시,KR-46-13,Ogam-dong/옥암동,KR-46-13-59
Jeollanam-do/전남,KR-46,Mokpo-si/목포시,KR-46-13,Ongeum-dong/온금동,KR-46-13-60
Jeollanam-do/전남,KR-46,Mokpo-si/목포시,KR-46-13,Samhak-dong/삼학동,KR-46-13-61
Jeollanam-do/전남,KR-46,Mokpo-si/목포시,KR-46-13,Sang-dong/상동,KR-46-13-62
Jeollanam-do/전남,KR-46,Mokpo-si/목포시,KR-46-13,Sangrakdong 1(il)-ga/상락동1가,KR-46-13-63
Jeollanam-do/전남,KR-46,Mokpo-si/목포시,KR-46-13,Sangrakdong 2(i)-ga/상락동2가,KR-46-13-64
Jeollanam-do/전남,KR-46,Mokpo-si/목포시,KR-46-13,Sangrak-dong/상락동,KR-46-13-65
Jeollanam-do/전남,KR-46,Mokpo-si/목포시,KR-46-13,Sanjeong 1(il)-dong/산정1동,KR-46-13-66
Jeollanam-do/전남,KR-46,Mokpo-si/목포시,KR-46-13,Sanjeong 2(i)-dong/산정2동,KR-46-13-67
Jeollanam-do/전남,KR-46,Mokpo-si/목포시,KR-46-13,Sanjeong 3(sam)-dong/산정3동,KR-46-13-68
Jeollanam-do/전남,KR-46,Mokpo-si/목포시,KR-46-13,Sanjeong-dong/산정동,KR-46-13-69
Jeollanam-do/전남,KR-46,Mokpo-si/목포시,KR-46-13,Seokhyeon-dong/석현동,KR-46-13-70
Jeollanam-do/전남,KR-46,Mokpo-si/목포시,KR-46-13,Seosan-dong/서산동,KR-46-13-71
Jeollanam-do/전남,KR-46,Mokpo-si/목포시,KR-46-13,Sinheung-dong/신흥동,KR-46-13-72
Jeollanam-do/전남,KR-46,Mokpo-si/목포시,KR-46-13,Sugangdong 1(il)-ga/수강동1가,KR-46-13-73
Jeollanam-do/전남,KR-46,Mokpo-si/목포시,KR-46-13,Sugangdong 2(i)-ga/수강동2가,KR-46-13-74
Jeollanam-do/전남,KR-46,Mokpo-si/목포시,KR-46-13,Sugang-dong/수강동,KR-46-13-75
Jeollanam-do/전남,KR-46,Mokpo-si/목포시,KR-46-13,Wonsan-dong/원산동,KR-46-13-76
Jeollanam-do/전남,KR-46,Mokpo-si/목포시,KR-46-13,Yang-dong/양동,KR-46-13-77
Jeollanam-do/전남,KR-46,Mokpo-si/목포시,KR-46-13,Yeonghaedong 1(il)-ga/영해동1가,KR-46-13-78
Jeollanam-do/전남,KR-46,Mokpo-si/목포시,KR-46-13,Yeonghaedong 2(i)-ga/영해동2가,KR-46-13-79
Jeollanam-do/전남,KR-46,Mokpo-si/목포시,KR-46-13,Yeonghae-dong/영해동,KR-46-13-80
Jeollanam-do/전남,KR-46,Mokpo-si/목포시,KR-46-13,Yeonsan-dong/연산동,KR-46-13-81
Jeollanam-do/전남,KR-46,Mokpo-si/목포시,KR-46-13,Yongdang 1(il)-dong/용당1동,KR-46-13-82
Jeollanam-do/전남,KR-46,Mokpo-si/목포시,KR-46-13,Yongdang 2(i)-dong/용당2동,KR-46-13-83
Jeollanam-do/전남,KR-46,Mokpo-si/목포시,KR-46-13,Yongdang-dong/용당동,KR-46-13-84
Jeollanam-do/전남,KR-46,Mokpo-si/목포시,KR-46-13,Yonghae-dong/용해동,KR-46-13-85
Jeollanam-do/전남,KR-46,Mokpo-si/목포시,KR-46-13,Yudal-dong/유달동,KR-46-13-86
Jeollanam-do/전남,KR-46,Mokpo-si/목포시,KR-46-13,Yu-dong/유동,KR-46-13-87
Jeollanam-do/전남,KR-46,Mokpo-si/목포시,KR-46-13,Yuldo-dong/율도동,KR-46-13-88
Jeollanam-do/전남,KR-46,Muan-gun/무안군,KR-46-14,Cheonggye-myeon/청계면,KR-46-14-0
Jeollanam-do/전남,KR-46,Muan-gun/무안군,KR-46-14,Haeje-myeon/해제면,KR-46-14-1
Jeollanam-do/전남,KR-46,Muan-gun/무안군,KR-46-14,Hyeongyeong-myeon/현경면,KR-46-14-2
Jeollanam-do/전남,KR-46,Muan-gun/무안군,KR-46-14,Illo-eup/일로읍,KR-46-14-3
Jeollanam-do/전남,KR-46,Muan-gun/무안군,KR-46-14,Mangun-myeon/망운면,KR-46-14-4
Jeollanam-do/전남,KR-46,Muan-gun/무안군,KR-46-14,Mongtan-myeon/몽탄면,KR-46-14-5
Jeollanam-do/전남,KR-46,Muan-gun/무안군,KR-46-14,Muan-eup/무안읍,KR-46-14-6
Jeollanam-do/전남,KR-46,Muan-gun/무안군,KR-46-14,Samhyang-myeon/삼향면,KR-46-14-7
Jeollanam-do/전남,KR-46,Muan-gun/무안군,KR-46-14,Unnam-myeon/운남면,KR-46-14-8
Jeollanam-do/전남,KR-46,Naju-si/나주시,KR-46-15,Anchang-dong/안창동,KR-46-15-0
Jeollanam-do/전남,KR-46,Naju-si/나주시,KR-46-15,Bannam-myeon/반남면,KR-46-15-1
Jeollanam-do/전남,KR-46,Naju-si/나주시,KR-46-15,Bonghwang-myeon/봉황면,KR-46-15-2
Jeollanam-do/전남,KR-46,Naju-si/나주시,KR-46-15,Bosan-dong/보산동,KR-46-15-3
Jeollanam-do/전남,KR-46,Naju-si/나주시,KR-46-15,Budeok-dong/부덕동,KR-46-15-4
Jeollanam-do/전남,KR-46,Naju-si/나주시,KR-46-15,Cheong-dong/청동,KR-46-15-5
Jeollanam-do/전남,KR-46,Naju-si/나주시,KR-46-15,Dado-myeon/다도면,KR-46-15-6
Jeollanam-do/전남,KR-46,Naju-si/나주시,KR-46-15,Daegi-dong/대기동,KR-46-15-7
Jeollanam-do/전남,KR-46,Naju-si/나주시,KR-46-15,Daeho-dong/대호동,KR-46-15-8
Jeollanam-do/전남,KR-46,Naju-si/나주시,KR-46-15,Dasi-myeon/다시면,KR-46-15-9
Jeollanam-do/전남,KR-46,Naju-si/나주시,KR-46-15,Donggang-myeon/동강면,KR-46-15-10
Jeollanam-do/전남,KR-46,Naju-si/나주시,KR-46-15,Dongsu-dong/동수동,KR-46-15-11
Jeollanam-do/전남,KR-46,Naju-si/나주시,KR-46-15,Geumcheon-myeon/금천면,KR-46-15-12
Jeollanam-do/전남,KR-46,Naju-si/나주시,KR-46-15,Geumgye-dong/금계동,KR-46-15-13
Jeollanam-do/전남,KR-46,Naju-si/나주시,KR-46-15,Geumseong-dong/금성동,KR-46-15-14
Jeollanam-do/전남,KR-46,Naju-si/나주시,KR-46-15,Gongsan-myeon/공산면,KR-46-15-15
Jeollanam-do/전남,KR-46,Naju-si/나주시,KR-46-15,Gwanjeong-dong/관정동,KR-46-15-16
Jeollanam-do/전남,KR-46,Naju-si/나주시,KR-46-15,Gwawon-dong/과원동,KR-46-15-17
Jeollanam-do/전남,KR-46,Naju-si/나주시,KR-46-15,Gyeonghyeon-dong/경현동,KR-46-15-18
Jeollanam-do/전남,KR-46,Naju-si/나주시,KR-46-15,Gyo-dong/교동,KR-46-15-19
Jeollanam-do/전남,KR-46,Naju-si/나주시,KR-46-15,Ichang-dong/이창동,KR-46-15-20
Jeollanam-do/전남,KR-46,Naju-si/나주시,KR-46-15,Jinpo-dong/진포동,KR-46-15-21
Jeollanam-do/전남,KR-46,Naju-si/나주시,KR-46-15,Jukrim-dong/죽림동,KR-46-15-22
Jeollanam-do/전남,KR-46,Naju-si/나주시,KR-46-15,Jungang-dong/중앙동,KR-46-15-23
Jeollanam-do/전남,KR-46,Naju-si/나주시,KR-46-15,Munpyeong-myeon/문평면,KR-46-15-24
Jeollanam-do/전남,KR-46,Naju-si/나주시,KR-46-15,Najuucheguksaseoham/나주우체국사서함,KR-46-15-25
Jeollanam-do/전남,KR-46,Naju-si/나주시,KR-46-15,Namnae-dong/남내동,KR-46-15-26
Jeollanam-do/전남,KR-46,Naju-si/나주시,KR-46-15,Namoe-dong/남외동,KR-46-15-27
Jeollanam-do/전남,KR-46,Naju-si/나주시,KR-46-15,Nampyeong-eup/남평읍,KR-46-15-28
Jeollanam-do/전남,KR-46,Naju-si/나주시,KR-46-15,Nampyeongucheguksaseoham/남평우체국사서함,KR-46-15-29
Jeollanam-do/전남,KR-46,Naju-si/나주시,KR-46-15,Noan-myeon/노안면,KR-46-15-30
Jeollanam-do/전남,KR-46,Naju-si/나주시,KR-46-15,Oryang-dong/오량동,KR-46-15-31
Jeollanam-do/전남,KR-46,Naju-si/나주시,KR-46-15,Pyeongsan-dong/평산동,KR-46-15-32
Jeollanam-do/전남,KR-46,Naju-si/나주시,KR-46-15,Samdo-dong/삼도동,KR-46-15-33
Jeollanam-do/전남,KR-46,Naju-si/나주시,KR-46-15,Samyeong-dong/삼영동,KR-46-15-34
Jeollanam-do/전남,KR-46,Naju-si/나주시,KR-46-15,Sanjeong-dong/산정동,KR-46-15-35
Jeollanam-do/전남,KR-46,Naju-si/나주시,KR-46-15,Sanpo-myeon/산포면,KR-46-15-36
Jeollanam-do/전남,KR-46,Naju-si/나주시,KR-46-15,Seji-myeon/세지면,KR-46-15-37
Jeollanam-do/전남,KR-46,Naju-si/나주시,KR-46-15,Seokhyeon-dong/석현동,KR-46-15-38
Jeollanam-do/전남,KR-46,Naju-si/나주시,KR-46-15,Seonae-dong/서내동,KR-46-15-39
Jeollanam-do/전남,KR-46,Naju-si/나주시,KR-46-15,Seongbuk-dong/성북동,KR-46-15-40
Jeollanam-do/전남,KR-46,Naju-si/나주시,KR-46-15,Seongbukdongucheguksaseoham/성북동우체국사서함,KR-46-15-41
Jeollanam-do/전남,KR-46,Naju-si/나주시,KR-46-15,Songchon-dong/송촌동,KR-46-15-42
Jeollanam-do/전남,KR-46,Naju-si/나주시,KR-46-15,Songwol-dong/송월동,KR-46-15-43
Jeollanam-do/전남,KR-46,Naju-si/나주시,KR-46-15,Togye-dong/토계동,KR-46-15-44
Jeollanam-do/전남,KR-46,Naju-si/나주시,KR-46-15,Ungok-dong/운곡동,KR-46-15-45
Jeollanam-do/전남,KR-46,Naju-si/나주시,KR-46-15,Wanggok-myeon/왕곡면,KR-46-15-46
Jeollanam-do/전남,KR-46,Naju-si/나주시,KR-46-15,Yeongsan-dong/영산동,KR-46-15-47
Jeollanam-do/전남,KR-46,Naju-si/나주시,KR-46-15,Yongsan-dong/용산동,KR-46-15-48
Jeollanam-do/전남,KR-46,Sinan-gun/신안군,KR-46-16,Amtae-myeon/암태면,KR-46-16-0
Jeollanam-do/전남,KR-46,Sinan-gun/신안군,KR-46-16,Anjwa-myeon/안좌면,KR-46-16-1
Jeollanam-do/전남,KR-46,Sinan-gun/신안군,KR-46-16,Aphae-myeon/압해면,KR-46-16-2
Jeollanam-do/전남,KR-46,Sinan-gun/신안군,KR-46-16,Bigeum-myeon/비금면,KR-46-16-3
Jeollanam-do/전남,KR-46,Sinan-gun/신안군,KR-46-16,Docho-myeon/도초면,KR-46-16-4
Jeollanam-do/전남,KR-46,Sinan-gun/신안군,KR-46-16,Haui-myeon/하의면,KR-46-16-5
Jeollanam-do/전남,KR-46,Sinan-gun/신안군,KR-46-16,Heuksan-myeon/흑산면,KR-46-16-6
Jeollanam-do/전남,KR-46,Sinan-gun/신안군,KR-46-16,Imja-myeon/임자면,KR-46-16-7
Jeollanam-do/전남,KR-46,Sinan-gun/신안군,KR-46-16,Jaeun-myeon/자은면,KR-46-16-8
Jeollanam-do/전남,KR-46,Sinan-gun/신안군,KR-46-16,Jangsan-myeon/장산면,KR-46-16-9
Jeollanam-do/전남,KR-46,Sinan-gun/신안군,KR-46-16,Jeungdo-myeon/증도면,KR-46-16-10
Jeollanam-do/전남,KR-46,Sinan-gun/신안군,KR-46-16,Jido-eup/지도읍,KR-46-16-11
Jeollanam-do/전남,KR-46,Sinan-gun/신안군,KR-46-16,Palgeum-myeon/팔금면,KR-46-16-12
Jeollanam-do/전남,KR-46,Sinan-gun/신안군,KR-46-16,Sinui-myeon/신의면,KR-46-16-13
Jeollanam-do/전남,KR-46,Suncheon-si/순천시,KR-46-17,Anpung-dong/안풍동,KR-46-17-0
Jeollanam-do/전남,KR-46,Suncheon-si/순천시,KR-46-17,Byeollyang-myeon/별량면,KR-46-17-1
Jeollanam-do/전남,KR-46,Suncheon-si/순천시,KR-46-17,Daedae-dong/대대동,KR-46-17-2
Jeollanam-do/전남,KR-46,Suncheon-si/순천시,KR-46-17,Daeryong-dong/대룡동,KR-46-17-3
Jeollanam-do/전남,KR-46,Suncheon-si/순천시,KR-46-17,Deogam-dong/덕암동,KR-46-17-4
Jeollanam-do/전남,KR-46,Suncheon-si/순천시,KR-46-17,Deogwol-dong/덕월동,KR-46-17-5
Jeollanam-do/전남,KR-46,Suncheon-si/순천시,KR-46-17,Dongoe-dong/동외동,KR-46-17-6
Jeollanam-do/전남,KR-46,Suncheon-si/순천시,KR-46-17,Gagok-dong/가곡동,KR-46-17-7
Jeollanam-do/전남,KR-46,Suncheon-si/순천시,KR-46-17,Geumgok-dong/금곡동,KR-46-17-8
Jeollanam-do/전남,KR-46,Suncheon-si/순천시,KR-46-17,Gyoryang-dong/교량동,KR-46-17-9
Jeollanam-do/전남,KR-46,Suncheon-si/순천시,KR-46-17,Haeng-dong/행동,KR-46-17-10
Jeollanam-do/전남,KR-46,Suncheon-si/순천시,KR-46-17,Haeryong-myeon/해룡면,KR-46-17-11
Jeollanam-do/전남,KR-46,Suncheon-si/순천시,KR-46-17,Hongnae-dong/홍내동,KR-46-17-12
Jeollanam-do/전남,KR-46,Suncheon-si/순천시,KR-46-17,Hwangjeon-myeon/황전면,KR-46-17-13
Jeollanam-do/전남,KR-46,Suncheon-si/순천시,KR-46-17,Inje-dong/인제동,KR-46-17-14
Jeollanam-do/전남,KR-46,Suncheon-si/순천시,KR-46-17,Inwol-dong/인월동,KR-46-17-15
Jeollanam-do/전남,KR-46,Suncheon-si/순천시,KR-46-17,Jangcheon-dong/장천동,KR-46-17-16
Jeollanam-do/전남,KR-46,Suncheon-si/순천시,KR-46-17,Jeojeon-dong/저전동,KR-46-17-17
Jeollanam-do/전남,KR-46,Suncheon-si/순천시,KR-46-17,Jogok-dong/조곡동,KR-46-17-18
Jeollanam-do/전남,KR-46,Suncheon-si/순천시,KR-46-17,Jorye-dong/조례동,KR-46-17-19
Jeollanam-do/전남,KR-46,Suncheon-si/순천시,KR-46-17,Juam-myeon/주암면,KR-46-17-20
Jeollanam-do/전남,KR-46,Suncheon-si/순천시,KR-46-17,Jungang-dong/중앙동,KR-46-17-21
Jeollanam-do/전남,KR-46,Suncheon-si/순천시,KR-46-17,Maegok-dong/매곡동,KR-46-17-22
Jeollanam-do/전남,KR-46,Suncheon-si/순천시,KR-46-17,Nagan-myeon/낙안면,KR-46-17-23
Jeollanam-do/전남,KR-46,Suncheon-si/순천시,KR-46-17,Namjeong-dong/남정동,KR-46-17-24
Jeollanam-do/전남,KR-46,Suncheon-si/순천시,KR-46-17,Namnae-dong/남내동,KR-46-17-25
Jeollanam-do/전남,KR-46,Suncheon-si/순천시,KR-46-17,Ocheon-dong/오천동,KR-46-17-26
Jeollanam-do/전남,KR-46,Suncheon-si/순천시,KR-46-17,Oeseo-myeon/외서면,KR-46-17-27
Jeollanam-do/전남,KR-46,Suncheon-si/순천시,KR-46-17,Okcheon-dong/옥천동,KR-46-17-28
Jeollanam-do/전남,KR-46,Suncheon-si/순천시,KR-46-17,Pungdeok-dong/풍덕동,KR-46-17-29
Jeollanam-do/전남,KR-46,Suncheon-si/순천시,KR-46-17,Saengmok-dong/생목동,KR-46-17-30
Jeollanam-do/전남,KR-46,Suncheon-si/순천시,KR-46-17,Samgeo-dong/삼거동,KR-46-17-31
Jeollanam-do/전남,KR-46,Suncheon-si/순천시,KR-46-17,Sangsa-myeon/상사면,KR-46-17-32
Jeollanam-do/전남,KR-46,Suncheon-si/순천시,KR-46-17,Seokhyeon-dong/석현동,KR-46-17-33
Jeollanam-do/전남,KR-46,Suncheon-si/순천시,KR-46-17,Seo-myeon/서면,KR-46-17-34
Jeollanam-do/전남,KR-46,Suncheon-si/순천시,KR-46-17,Seungju-eup/승주읍,KR-46-17-35
Jeollanam-do/전남,KR-46,Suncheon-si/순천시,KR-46-17,Songgwang-myeon/송광면,KR-46-17-36
Jeollanam-do/전남,KR-46,Suncheon-si/순천시,KR-46-17,Suncheonucheguksaseoham/순천우체국사서함,KR-46-17-37
Jeollanam-do/전남,KR-46,Suncheon-si/순천시,KR-46-17,Wangji-dong/왕지동,KR-46-17-38
Jeollanam-do/전남,KR-46,Suncheon-si/순천시,KR-46-17,Waryong-dong/와룡동,KR-46-17-39
Jeollanam-do/전남,KR-46,Suncheon-si/순천시,KR-46-17,Woldeung-myeon/월등면,KR-46-17-40
Jeollanam-do/전남,KR-46,Suncheon-si/순천시,KR-46-17,Yaheung-dong/야흥동,KR-46-17-41
Jeollanam-do/전남,KR-46,Suncheon-si/순천시,KR-46-17,Yeong-dong/영동,KR-46-17-42
Jeollanam-do/전남,KR-46,Suncheon-si/순천시,KR-46-17,Yeonhyang-dong/연향동,KR-46-17-43
Jeollanam-do/전남,KR-46,Suncheon-si/순천시,KR-46-17,Yongdang-dong/용당동,KR-46-17-44
Jeollanam-do/전남,KR-46,Wando-gun/완도군,KR-46-18,Bogil-myeon/보길면,KR-46-18-0
Jeollanam-do/전남,KR-46,Wando-gun/완도군,KR-46-18,Cheongsan-myeon/청산면,KR-46-18-1
Jeollanam-do/전남,KR-46,Wando-gun/완도군,KR-46-18,Geumdang-myeon/금당면,KR-46-18-2
Jeollanam-do/전남,KR-46,Wando-gun/완도군,KR-46-18,Geumir-eup/금일읍,KR-46-18-3
Jeollanam-do/전남,KR-46,Wando-gun/완도군,KR-46-18,Gogeum-myeon/고금면,KR-46-18-4
Jeollanam-do/전남,KR-46,Wando-gun/완도군,KR-46-18,Gunoe-myeon/군외면,KR-46-18-5
Jeollanam-do/전남,KR-46,Wando-gun/완도군,KR-46-18,Nohwa-eup/노화읍,KR-46-18-6
Jeollanam-do/전남,KR-46,Wando-gun/완도군,KR-46-18,Saengil-myeon/생일면,KR-46-18-7
Jeollanam-do/전남,KR-46,Wando-gun/완도군,KR-46-18,Sinji-myeon/신지면,KR-46-18-8
Jeollanam-do/전남,KR-46,Wando-gun/완도군,KR-46-18,Soan-myeon/소안면,KR-46-18-9
Jeollanam-do/전남,KR-46,Wando-gun/완도군,KR-46-18,Wando-eup/완도읍,KR-46-18-10
Jeollanam-do/전남,KR-46,Wando-gun/완도군,KR-46-18,Yaksan-myeon/약산면,KR-46-18-11
Jeollanam-do/전남,KR-46,Yeongam-gun/영암군,KR-46-19,Deokjin-myeon/덕진면,KR-46-19-0
Jeollanam-do/전남,KR-46,Yeongam-gun/영암군,KR-46-19,Dopo-myeon/도포면,KR-46-19-1
Jeollanam-do/전남,KR-46,Yeongam-gun/영암군,KR-46-19,Geumjeong-myeon/금정면,KR-46-19-2
Jeollanam-do/전남,KR-46,Yeongam-gun/영암군,KR-46-19,Gunseo-myeon/군서면,KR-46-19-3
Jeollanam-do/전남,KR-46,Yeongam-gun/영암군,KR-46-19,Haksan-myeon/학산면,KR-46-19-4
Jeollanam-do/전남,KR-46,Yeongam-gun/영암군,KR-46-19,Miam-myeon/미암면,KR-46-19-5
Jeollanam-do/전남,KR-46,Yeongam-gun/영암군,KR-46-19,Samho-eup/삼호읍,KR-46-19-6
Jeollanam-do/전남,KR-46,Yeongam-gun/영암군,KR-46-19,Seoho-myeon/서호면,KR-46-19-7
Jeollanam-do/전남,KR-46,Yeongam-gun/영암군,KR-46-19,Sijong-myeon/시종면,KR-46-19-8
Jeollanam-do/전남,KR-46,Yeongam-gun/영암군,KR-46-19,Sinbuk-myeon/신북면,KR-46-19-9
Jeollanam-do/전남,KR-46,Yeongam-gun/영암군,KR-46-19,Yeongam-eup/영암읍,KR-46-19-10
Jeollanam-do/전남,KR-46,Yeonggwang-gun/영광군,KR-46-20,Baeksu-eup/백수읍,KR-46-20-0
Jeollanam-do/전남,KR-46,Yeonggwang-gun/영광군,KR-46-20,Beopseong-myeon/법성면,KR-46-20-1
Jeollanam-do/전남,KR-46,Yeonggwang-gun/영광군,KR-46-20,Bulgap-myeon/불갑면,KR-46-20-2
Jeollanam-do/전남,KR-46,Yeonggwang-gun/영광군,KR-46-20,Daema-myeon/대마면,KR-46-20-3
Jeollanam-do/전남,KR-46,Yeonggwang-gun/영광군,KR-46-20,Gunnam-myeon/군남면,KR-46-20-4
Jeollanam-do/전남,KR-46,Yeonggwang-gun/영광군,KR-46-20,Gunseo-myeon/군서면,KR-46-20-5
Jeollanam-do/전남,KR-46,Yeonggwang-gun/영광군,KR-46-20,Hongnong-eup/홍농읍,KR-46-20-6
Jeollanam-do/전남,KR-46,Yeonggwang-gun/영광군,KR-46-20,Myoryang-myeon/묘량면,KR-46-20-7
Jeollanam-do/전남,KR-46,Yeonggwang-gun/영광군,KR-46-20,Nagwol-myeon/낙월면,KR-46-20-8
Jeollanam-do/전남,KR-46,Yeonggwang-gun/영광군,KR-46-20,Yeomsan-myeon/염산면,KR-46-20-9
Jeollanam-do/전남,KR-46,Yeonggwang-gun/영광군,KR-46-20,Yeonggwang-eup/영광읍,KR-46-20-10
Jeollanam-do/전남,KR-46,Yeosu-si/여수시,KR-46-21,Ansan-dong/안산동,KR-46-21-0
Jeollanam-do/전남,KR-46,Yeosu-si/여수시,KR-46-21,Bonggang-dong/봉강동,KR-46-21-1
Jeollanam-do/전남,KR-46,Yeosu-si/여수시,KR-46-21,Bonggye-dong/봉계동,KR-46-21-2
Jeollanam-do/전남,KR-46,Yeosu-si/여수시,KR-46-21,Bongsan-dong/봉산동,KR-46-21-3
Jeollanam-do/전남,KR-46,Yeosu-si/여수시,KR-46-21,Chungmu-dong/충무동,KR-46-21-4
Jeollanam-do/전남,KR-46,Yeosu-si/여수시,KR-46-21,Deokchung-dong/덕충동,KR-46-21-5
Jeollanam-do/전남,KR-46,Yeosu-si/여수시,KR-46-21,Dolsan-eup/돌산읍,KR-46-21-6
Jeollanam-do/전남,KR-46,Yeosu-si/여수시,KR-46-21,Dongsan-dong/동산동,KR-46-21-7
Jeollanam-do/전남,KR-46,Yeosu-si/여수시,KR-46-21,Dundeok-dong/둔덕동,KR-46-21-8
Jeollanam-do/전남,KR-46,Yeosu-si/여수시,KR-46-21,Gonghwa-dong/공화동,KR-46-21-9
Jeollanam-do/전남,KR-46,Yeosu-si/여수시,KR-46-21,Goso-dong/고소동,KR-46-21-10
Jeollanam-do/전남,KR-46,Yeosu-si/여수시,KR-46-21,Guk-dong/국동,KR-46-21-11
Jeollanam-do/전남,KR-46,Yeosu-si/여수시,KR-46-21,Gunja-dong/군자동,KR-46-21-12
Jeollanam-do/전남,KR-46,Yeosu-si/여수시,KR-46-21,Gwangmu-dong/광무동,KR-46-21-13
Jeollanam-do/전남,KR-46,Yeosu-si/여수시,KR-46-21,Gwanmun-dong/관문동,KR-46-21-14
Jeollanam-do/전남,KR-46,Yeosu-si/여수시,KR-46-21,Gyeongho-dong/경호동,KR-46-21-15
Jeollanam-do/전남,KR-46,Yeosu-si/여수시,KR-46-21,Gyo-dong/교동,KR-46-21-16
Jeollanam-do/전남,KR-46,Yeosu-si/여수시,KR-46-21,Haesan-dong/해산동,KR-46-21-17
Jeollanam-do/전남,KR-46,Yeosu-si/여수시,KR-46-21,Hagyong-dong/학용동,KR-46-21-18
Jeollanam-do/전남,KR-46,Yeosu-si/여수시,KR-46-21,Hak-dong/학동,KR-46-21-19
Jeollanam-do/전남,KR-46,Yeosu-si/여수시,KR-46-21,Homyeong-dong/호명동,KR-46-21-20
Jeollanam-do/전남,KR-46,Yeosu-si/여수시,KR-46-21,Hwachi-dong/화치동,KR-46-21-21
Jeollanam-do/전남,KR-46,Yeosu-si/여수시,KR-46-21,Hwajang-dong/화장동,KR-46-21-22
Jeollanam-do/전남,KR-46,Yeosu-si/여수시,KR-46-21,Hwajeong-myeon/화정면,KR-46-21-23
Jeollanam-do/전남,KR-46,Yeosu-si/여수시,KR-46-21,Hwayang-myeon/화양면,KR-46-21-24
Jeollanam-do/전남,KR-46,Yeosu-si/여수시,KR-46-21,Jeokryang-dong/적량동,KR-46-21-25
Jeollanam-do/전남,KR-46,Yeosu-si/여수시,KR-46-21,Jonghwa-dong/종화동,KR-46-21-26
Jeollanam-do/전남,KR-46,Yeosu-si/여수시,KR-46-21,Jungang-dong/중앙동,KR-46-21-27
Jeollanam-do/전남,KR-46,Yeosu-si/여수시,KR-46-21,Jungheung-dong/중흥동,KR-46-21-28
Jeollanam-do/전남,KR-46,Yeosu-si/여수시,KR-46-21,Jusam-dong/주삼동,KR-46-21-29
Jeollanam-do/전남,KR-46,Yeosu-si/여수시,KR-46-21,Manheung-dong/만흥동,KR-46-21-30
Jeollanam-do/전남,KR-46,Yeosu-si/여수시,KR-46-21,Mipyeong-dong/미평동,KR-46-21-31
Jeollanam-do/전남,KR-46,Yeosu-si/여수시,KR-46-21,Munsu-dong/문수동,KR-46-21-32
Jeollanam-do/전남,KR-46,Yeosu-si/여수시,KR-46-21,Myodo-dong/묘도동,KR-46-21-33
Jeollanam-do/전남,KR-46,Yeosu-si/여수시,KR-46-21,Nakpo-dong/낙포동,KR-46-21-34
Jeollanam-do/전남,KR-46,Yeosu-si/여수시,KR-46-21,Nam-myeon/남면,KR-46-21-35
Jeollanam-do/전남,KR-46,Yeosu-si/여수시,KR-46-21,Namsan-dong/남산동,KR-46-21-36
Jeollanam-do/전남,KR-46,Yeosu-si/여수시,KR-46-21,Ocheon-dong/오천동,KR-46-21-37
Jeollanam-do/전남,KR-46,Yeosu-si/여수시,KR-46-21,Orim-dong/오림동,KR-46-21-38
Jeollanam-do/전남,KR-46,Yeosu-si/여수시,KR-46-21,Pyeongyeo-dong/평여동,KR-46-21-39
Jeollanam-do/전남,KR-46,Yeosu-si/여수시,KR-46-21,Samsan-myeon/삼산면,KR-46-21-40
Jeollanam-do/전남,KR-46,Yeosu-si/여수시,KR-46-21,Sangam-dong/상암동,KR-46-21-41
Jeollanam-do/전남,KR-46,Yeosu-si/여수시,KR-46-21,Seogyo-dong/서교동,KR-46-21-42
Jeollanam-do/전남,KR-46,Yeosu-si/여수시,KR-46-21,Seonwon-dong/선원동,KR-46-21-43
Jeollanam-do/전남,KR-46,Yeosu-si/여수시,KR-46-21,Sijeon-dong/시전동,KR-46-21-44
Jeollanam-do/전남,KR-46,Yeosu-si/여수시,KR-46-21,Sindeok-dong/신덕동,KR-46-21-45
Jeollanam-do/전남,KR-46,Yeosu-si/여수시,KR-46-21,Singi-dong/신기동,KR-46-21-46
Jeollanam-do/전남,KR-46,Yeosu-si/여수시,KR-46-21,Sinwol-dong/신월동,KR-46-21-47
Jeollanam-do/전남,KR-46,Yeosu-si/여수시,KR-46-21,Soho-dong/소호동,KR-46-21-48
Jeollanam-do/전남,KR-46,Yeosu-si/여수시,KR-46-21,Sora-myeon/소라면,KR-46-21-49
Jeollanam-do/전남,KR-46,Yeosu-si/여수시,KR-46-21,Sujeong-dong/수정동,KR-46-21-50
Jeollanam-do/전남,KR-46,Yeosu-si/여수시,KR-46-21,Ungcheon-dong/웅천동,KR-46-21-51
Jeollanam-do/전남,KR-46,Yeosu-si/여수시,KR-46-21,Wolha-dong/월하동,KR-46-21-52
Jeollanam-do/전남,KR-46,Yeosu-si/여수시,KR-46-21,Wolnae-dong/월내동,KR-46-21-53
Jeollanam-do/전남,KR-46,Yeosu-si/여수시,KR-46-21,Yeocheon-dong/여천동,KR-46-21-54
Jeollanam-do/전남,KR-46,Yeosu-si/여수시,KR-46-21,Yeondeung-dong/연등동,KR-46-21-55
Jeollanam-do/전남,KR-46,Yeosu-si/여수시,KR-46-21,Yeoseo-dong/여서동,KR-46-21-56
Jeollanam-do/전남,KR-46,Yeosu-si/여수시,KR-46-21,Yeosuucheguksaseoham/여수우체국사서함,KR-46-21-57
Jeollanam-do/전남,KR-46,Yeosu-si/여수시,KR-46-21,Yulchon-myeon/율촌면,KR-46-21-58
Seoul/서울,KR-11,Dobong-gu/도봉구,KR-11-0,Banghag 1(il)-dong/방학1동,KR-11-0-0
Seoul/서울,KR-11,Dobong-gu/도봉구,KR-11-0,Banghag 2(i)-dong/방학2동,KR-11-0-1
Seoul/서울,KR-11,Dobong-gu/도봉구,KR-11-0,Banghag 3(sam)-dong/방학3동,KR-11-0-2
Seoul/서울,KR-11,Dobong-gu/도봉구,KR-11-0,Banghak-dong/방학동,KR-11-0-3
Seoul/서울,KR-11,Dobong-gu/도봉구,KR-11-0,Chang 1(il)-dong/창1동,KR-11-0-4
Seoul/서울,KR-11,Dobong-gu/도봉구,KR-11-0,Chang 2(i)-dong/창2동,KR-11-0-5
Seoul/서울,KR-11,Dobong-gu/도봉구,KR-11-0,Chang 3(sam)-dong/창3동,KR-11-0-6
Seoul/서울,KR-11,Dobong-gu/도봉구,KR-11-0,Chang 4(sa)-dong/창4동,KR-11-0-7
Seoul/서울,KR-11,Dobong-gu/도봉구,KR-11-0,Chang 5(o)-dong/창5동,KR-11-0-8
Seoul/서울,KR-11,Dobong-gu/도봉구,KR-11-0,Chang-dong/창동,KR-11-0-9
Seoul/서울,KR-11,Dobong-gu/도봉구,KR-11-0,Dobong 1(il)-dong/도봉1동,KR-11-0-10
Seoul/서울,KR-11,Dobong-gu/도봉구,KR-11-0,Dobong 2(i)-dong/도봉2동,KR-11-0-11
Seoul/서울,KR-11,Dobong-gu/도봉구,KR-11-0,Dobong-dong/도봉동,KR-11-0-12
Seoul/서울,KR-11,Dobong-gu/도봉구,KR-11-0,Ssangmun 1(il)-dong/쌍문1동,KR-11-0-13
Seoul/서울,KR-11,Dobong-gu/도봉구,KR-11-0,Ssangmun 2(i)-dong/쌍문2동,KR-11-0-14
Seoul/서울,KR-11,Dobong-gu/도봉구,KR-11-0,Ssangmun 3(sam)-dong/쌍문3동,KR-11-0-15
Seoul/서울,KR-11,Dobong-gu/도봉구,KR-11-0,Ssangmun 4(sa)-dong/쌍문4동,KR-11-0-16
Seoul/서울,KR-11,Dobong-gu/도봉구,KR-11-0,Ssangmun-dong/쌍문동,KR-11-0-17
Seoul/서울,KR-11,Dongdaemun-gu/동대문구,KR-11-1,Cheongryangri-dong/청량리동,KR-11-1-0
Seoul/서울,KR-11,Dongdaemun-gu/동대문구,KR-11-1,Dapsipri 1(il)-dong/답십리1동,KR-11-1-1
Seoul/서울,KR-11,Dongdaemun-gu/동대문구,KR-11-1,Dapsipri 2(i)-dong/답십리2동,KR-11-1-2
Seoul/서울,KR-11,Dongdaemun-gu/동대문구,KR-11-1,Dapsipri 3(sam)-dong/답십리3동,KR-11-1-3
Seoul/서울,KR-11,Dongdaemun-gu/동대문구,KR-11-1,Dapsipri 4(sa)-dong/답십리4동,KR-11-1-4
Seoul/서울,KR-11,Dongdaemun-gu/동대문구,KR-11-1,Dapsipri-dong/답십리동,KR-11-1-5
Seoul/서울,KR-11,Dongdaemun-gu/동대문구,KR-11-1,Dongdaemunucheguksaseoham/동대문우체국사서함,KR-11-1-6
Seoul/서울,KR-11,Dongdaemun-gu/동대문구,KR-11-1,Hoegi-dong/회기동,KR-11-1-7
Seoul/서울,KR-11,Dongdaemun-gu/동대문구,KR-11-1,Hwigyeong 1(il)-dong/휘경1동,KR-11-1-8
Seoul/서울,KR-11,Dongdaemun-gu/동대문구,KR-11-1,Hwigyeong 2(i)-dong/휘경2동,KR-11-1-9
Seoul/서울,KR-11,Dongdaemun-gu/동대문구,KR-11-1,Hwigyeong-dong/휘경동,KR-11-1-10
Seoul/서울,KR-11,Dongdaemun-gu/동대문구,KR-11-1,Imun 1(il)-dong/이문1동,KR-11-1-11
Seoul/서울,KR-11,Dongdaemun-gu/동대문구,KR-11-1,Imun 2(i)-dong/이문2동,KR-11-1-12
Seoul/서울,KR-11,Dongdaemun-gu/동대문구,KR-11-1,Imun 3(sam)-dong/이문3동,KR-11-1-13
Seoul/서울,KR-11,Dongdaemun-gu/동대문구,KR-11-1,Imun-dong/이문동,KR-11-1-14
Seoul/서울,KR-11,Dongdaemun-gu/동대문구,KR-11-1,Jangan 1(il)-dong/장안1동,KR-11-1-15
Seoul/서울,KR-11,Dongdaemun-gu/동대문구,KR-11-1,Jangan 2(i)-dong/장안2동,KR-11-1-16
Seoul/서울,KR-11,Dongdaemun-gu/동대문구,KR-11-1,Jangan 3(sam)-dong/장안3동,KR-11-1-17
Seoul/서울,KR-11,Dongdaemun-gu/동대문구,KR-11-1,Jangan 4(sa)-dong/장안4동,KR-11-1-18
Seoul/서울,KR-11,Dongdaemun-gu/동대문구,KR-11-1,Jangan-dong/장안동,KR-11-1-19
Seoul/서울,KR-11,Dongdaemun-gu/동대문구,KR-11-1,Jegi 1(il)-dong/제기1동,KR-11-1-20
Seoul/서울,KR-11,Dongdaemun-gu/동대문구,KR-11-1,Jegi 2(i)-dong/제기2동,KR-11-1-21
Seoul/서울,KR-11,Dongdaemun-gu/동대문구,KR-11-1,Jegi-dong/제기동,KR-11-1-22
Seoul/서울,KR-11,Dongdaemun-gu/동대문구,KR-11-1,Jeonnong 1(il)-dong/전농1동,KR-11-1-23
Seoul/서울,KR-11,Dongdaemun-gu/동대문구,KR-11-1,Jeonnong 2(i)-dong/전농2동,KR-11-1-24
Seoul/서울,KR-11,Dongdaemun-gu/동대문구,KR-11-1,Jeonnong 3(sam)-dong/전농3동,KR-11-1-25
Seoul/서울,KR-11,Dongdaemun-gu/동대문구,KR-11-1,Jeonnong-dong/전농동,KR-11-1-26
Seoul/서울,KR-11,Dongdaemun-gu/동대문구,KR-11-1,Seoulcheongryangucheguksaseoham/서울청량우체국사서함,KR-11-1-27
Seoul/서울,KR-11,Dongdaemun-gu/동대문구,KR-11-1,Sinseol-dong/신설동,KR-11-1-28
Seoul/서울,KR-11,Dongdaemun-gu/동대문구,KR-11-1,Yongdu-dong/용두동,KR-11-1-29
Seoul/서울,KR-11,Dongjak-gu/동작구,KR-11-2,Bon-dong/본동,KR-11-2-0
Seoul/서울,KR-11,Dongjak-gu/동작구,KR-11-2,Daebang-dong/대방동,KR-11-2-1
Seoul/서울,KR-11,Dongjak-gu/동작구,KR-11-2,Dongjak-dong/동작동,KR-11-2-2
Seoul/서울,KR-11,Dongjak-gu/동작구,KR-11-2,Heukseok-dong/흑석동,KR-11-2-3
Seoul/서울,KR-11,Dongjak-gu/동작구,KR-11-2,Noryangjin 1(il)-dong/노량진1동,KR-11-2-4
Seoul/서울,KR-11,Dongjak-gu/동작구,KR-11-2,Noryangjin 2(i)-dong/노량진2동,KR-11-2-5
Seoul/서울,KR-11,Dongjak-gu/동작구,KR-11-2,Noryangjin-dong/노량진동,KR-11-2-6
Seoul/서울,KR-11,Dongjak-gu/동작구,KR-11-2,Sadang 1(il)-dong/사당1동,KR-11-2-7
Seoul/서울,KR-11,Dongjak-gu/동작구,KR-11-2,Sadang 2(i)-dong/사당2동,KR-11-2-8
Seoul/서울,KR-11,Dongjak-gu/동작구,KR-11-2,Sadang 3(sam)-dong/사당3동,KR-11-2-9
Seoul/서울,KR-11,Dongjak-gu/동작구,KR-11-2,Sadang 4(sa)-dong/사당4동,KR-11-2-10
Seoul/서울,KR-11,Dongjak-gu/동작구,KR-11-2,Sadang 5(o)-dong/사당5동,KR-11-2-11
Seoul/서울,KR-11,Dongjak-gu/동작구,KR-11-2,Sadang-dong/사당동,KR-11-2-12
Seoul/서울,KR-11,Dongjak-gu/동작구,KR-11-2,Sangdo 1(il)-dong/상도1동,KR-11-2-13
Seoul/서울,KR-11,Dongjak-gu/동작구,KR-11-2,Sangdo 2(i)-dong/상도2동,KR-11-2-14
Seoul/서울,KR-11,Dongjak-gu/동작구,KR-11-2,Sangdo 3(sam)-dong/상도3동,KR-11-2-15
Seoul/서울,KR-11,Dongjak-gu/동작구,KR-11-2,Sangdo 4(sa)-dong/상도4동,KR-11-2-16
Seoul/서울,KR-11,Dongjak-gu/동작구,KR-11-2,Sangdo 5(o)-dong/상도5동,KR-11-2-17
Seoul/서울,KR-11,Dongjak-gu/동작구,KR-11-2,Sangdo-dong/상도동,KR-11-2-18
Seoul/서울,KR-11,Dongjak-gu/동작구,KR-11-2,Seouldongjagucheguksaseoham/서울동작우체국사서함,KR-11-2-19
Seoul/서울,KR-11,Dongjak-gu/동작구,KR-11-2,Sindaebang 1(il)-dong/신대방1동,KR-11-2-20
Seoul/서울,KR-11,Dongjak-gu/동작구,KR-11-2,Sindaebang 2(i)-dong/신대방2동,KR-11-2-21
Seoul/서울,KR-11,Dongjak-gu/동작구,KR-11-2,Sindaebang-dong/신대방동,KR-11-2-22
Seoul/서울,KR-11,Eunpyeong-gu/은평구,KR-11-3,Bulgwang 1(il)-dong/불광1동,KR-11-3-0
Seoul/서울,KR-11,Eunpyeong-gu/은평구,KR-11-3,Bulgwang 2(i)-dong/불광2동,KR-11-3-1
Seoul/서울,KR-11,Eunpyeong-gu/은평구,KR-11-3,Bulgwang-dong/불광동,KR-11-3-2
Seoul/서울,KR-11,Eunpyeong-gu/은평구,KR-11-3,Daejo-dong/대조동,KR-11-3-3
Seoul/서울,KR-11,Eunpyeong-gu/은평구,KR-11-3,Eungam 1(il)-dong/응암1동,KR-11-3-4
Seoul/서울,KR-11,Eunpyeong-gu/은평구,KR-11-3,Eungam 2(i)-dong/응암2동,KR-11-3-5
Seoul/서울,KR-11,Eunpyeong-gu/은평구,KR-11-3,Eungam 3(sam)-dong/응암3동,KR-11-3-6
Seoul/서울,KR-11,Eunpyeong-gu/은평구,KR-11-3,Eungam-dong/응암동,KR-11-3-7
Seoul/서울,KR-11,Eunpyeong-gu/은평구,KR-11-3,Galhyeon 1(il)-dong/갈현1동,KR-11-3-8
Seoul/서울,KR-11,Eunpyeong-gu/은평구,KR-11-3,Galhyeon 2(i)-dong/갈현2동,KR-11-3-9
Seoul/서울,KR-11,Eunpyeong-gu/은평구,KR-11-3,Galhyeon-dong/갈현동,KR-11-3-10
Seoul/서울,KR-11,Eunpyeong-gu/은평구,KR-11-3,Gusan-dong/구산동,KR-11-3-11
Seoul/서울,KR-11,Eunpyeong-gu/은평구,KR-11-3,Jeungsan-dong/증산동,KR-11-3-12
Seoul/서울,KR-11,Eunpyeong-gu/은평구,KR-11-3,Jingwan-dong/진관동,KR-11-3-13
Seoul/서울,KR-11,Eunpyeong-gu/은평구,KR-11-3,Nokbeon-dong/녹번동,KR-11-3-14
Seoul/서울,KR-11,Eunpyeong-gu/은평구,KR-11-3,Seoureunpyeongucheguksaseoham/서울은평우체국사서함,KR-11-3-15
Seoul/서울,KR-11,Eunpyeong-gu/은평구,KR-11-3,Sinsa 1(il)-dong/신사1동,KR-11-3-16
Seoul/서울,KR-11,Eunpyeong-gu/은평구,KR-11-3,Sinsa 2(i)-dong/신사2동,KR-11-3-17
Seoul/서울,KR-11,Eunpyeong-gu/은평구,KR-11-3,Sinsa-dong/신사동,KR-11-3-18
Seoul/서울,KR-11,Eunpyeong-gu/은평구,KR-11-3,Susaek-dong/수색동,KR-11-3-19
Seoul/서울,KR-11,Eunpyeong-gu/은평구,KR-11-3,Yeokchon-dong/역촌동,KR-11-3-20
Seoul/서울,KR-11,Gangbuk-gu/강북구,KR-11-4,Beon 1(il)-dong/번1동,KR-11-4-0
Seoul/서울,KR-11,Gangbuk-gu/강북구,KR-11-4,Beon 2(i)-dong/번2동,KR-11-4-1
Seoul/서울,KR-11,Gangbuk-gu/강북구,KR-11-4,Beon 3(sam)-dong/번3동,KR-11-4-2
Seoul/서울,KR-11,Gangbuk-gu/강북구,KR-11-4,Beon-dong/번동,KR-11-4-3
Seoul/서울,KR-11,Gangbuk-gu/강북구,KR-11-4,Insu-dong/인수동,KR-11-4-4
Seoul/서울,KR-11,Gangbuk-gu/강북구,KR-11-4,Mia-dong/미아동,KR-11-4-5
Seoul/서울,KR-11,Gangbuk-gu/강북구,KR-11-4,Samgaksan-dong/삼각산동,KR-11-4-6
Seoul/서울,KR-11,Gangbuk-gu/강북구,KR-11-4,Samyang-dong/삼양동,KR-11-4-7
Seoul/서울,KR-11,Gangbuk-gu/강북구,KR-11-4,Seoulgangbugucheguksaseoham/서울강북우체국사서함,KR-11-4-8
Seoul/서울,KR-11,Gangbuk-gu/강북구,KR-11-4,Songcheon-dong/송천동,KR-11-4-9
Seoul/서울,KR-11,Gangbuk-gu/강북구,KR-11-4,Songjung-dong/송중동,KR-11-4-10
Seoul/서울,KR-11,Gangbuk-gu/강북구,KR-11-4,Suyu 1(il)-dong/수유1동,KR-11-4-11
Seoul/서울,KR-11,Gangbuk-gu/강북구,KR-11-4,Suyu 2(i)-dong/수유2동,KR-11-4-12
Seoul/서울,KR-11,Gangbuk-gu/강북구,KR-11-4,Suyu 3(sam)-dong/수유3동,KR-11-4-13
Seoul/서울,KR-11,Gangbuk-gu/강북구,KR-11-4,Suyu-dong/수유동,KR-11-4-14
Seoul/서울,KR-11,Gangbuk-gu/강북구,KR-11-4,Ui-dong/우이동,KR-11-4-15
Seoul/서울,KR-11,Gangdong-gu/강동구,KR-11-5,Amsa 1(il)-dong/암사1동,KR-11-5-0
Seoul/서울,KR-11,Gangdong-gu/강동구,KR-11-5,Amsa 2(i)-dong/암사2동,KR-11-5-1
Seoul/서울,KR-11,Gangdong-gu/강동구,KR-11-5,Amsa 3(sam)-dong/암사3동,KR-11-5-2
Seoul/서울,KR-11,Gangdong-gu/강동구,KR-11-5,Amsa-dong/암사동,KR-11-5-3
Seoul/서울,KR-11,Gangdong-gu/강동구,KR-11-5,Cheonho 1(il)-dong/천호1동,KR-11-5-4
Seoul/서울,KR-11,Gangdong-gu/강동구,KR-11-5,Cheonho 2(i)-dong/천호2동,KR-11-5-5
Seoul/서울,KR-11,Gangdong-gu/강동구,KR-11-5,Cheonho 3(sam)-dong/천호3동,KR-11-5-6
Seoul/서울,KR-11,Gangdong-gu/강동구,KR-11-5,Cheonho-dong/천호동,KR-11-5-7
Seoul/서울,KR-11,Gangdong-gu/강동구,KR-11-5,Dunchon 1(il)-dong/둔촌1동,KR-11-5-8
Seoul/서울,KR-11,Gangdong-gu/강동구,KR-11-5,Dunchon 2(i)-dong/둔촌2동,KR-11-5-9
Seoul/서울,KR-11,Gangdong-gu/강동구,KR-11-5,Dunchon-dong/둔촌동,KR-11-5-10
Seoul/서울,KR-11,Gangdong-gu/강동구,KR-11-5,Gangil-dong/강일동,KR-11-5-11
Seoul/서울,KR-11,Gangdong-gu/강동구,KR-11-5,Gil-dong/길동,KR-11-5-12
Seoul/서울,KR-11,Gangdong-gu/강동구,KR-11-5,Godeog 1(il)-dong/고덕1동,KR-11-5-13
Seoul/서울,KR-11,Gangdong-gu/강동구,KR-11-5,Godeog 2(i)-dong/고덕2동,KR-11-5-14
Seoul/서울,KR-11,Gangdong-gu/강동구,KR-11-5,Godeok-dong/고덕동,KR-11-5-15
Seoul/서울,KR-11,Gangdong-gu/강동구,KR-11-5,Myeongil-dong/명일동,KR-11-5-16
Seoul/서울,KR-11,Gangdong-gu/강동구,KR-11-5,Myeongir 1(il)-dong/명일1동,KR-11-5-17
Seoul/서울,KR-11,Gangdong-gu/강동구,KR-11-5,Myeongir 2(i)-dong/명일2동,KR-11-5-18
Seoul/서울,KR-11,Gangdong-gu/강동구,KR-11-5,Sangil-dong/상일동,KR-11-5-19
Seoul/서울,KR-11,Gangdong-gu/강동구,KR-11-5,Seongnae 1(il)-dong/성내1동,KR-11-5-20
Seoul/서울,KR-11,Gangdong-gu/강동구,KR-11-5,Seongnae 2(i)-dong/성내2동,KR-11-5-21
Seoul/서울,KR-11,Gangdong-gu/강동구,KR-11-5,Seongnae 3(sam)-dong/성내3동,KR-11-5-22
Seoul/서울,KR-11,Gangdong-gu/강동구,KR-11-5,Seongnae-dong/성내동,KR-11-5-23
Seoul/서울,KR-11,Gangdong-gu/강동구,KR-11-5,Seoulgangdongucheguksaseoham/서울강동우체국사서함,KR-11-5-24
Seoul/서울,KR-11,Gangnam-gu/강남구,KR-11-6,Apgujeong 1(il)-dong/압구정1동,KR-11-6-0
Seoul/서울,KR-11,Gangnam-gu/강남구,KR-11-6,Apgujeong 2(i)-dong/압구정2동,KR-11-6-1
Seoul/서울,KR-11,Gangnam-gu/강남구,KR-11-6,Apgujeong-dong/압구정동,KR-11-6-2
Seoul/서울,KR-11,Gangnam-gu/강남구,KR-11-6,Cheongdam 1(il)-dong/청담1동,KR-11-6-3
Seoul/서울,KR-11,Gangnam-gu/강남구,KR-11-6,Cheongdam 2(i)-dong/청담2동,KR-11-6-4
Seoul/서울,KR-11,Gangnam-gu/강남구,KR-11-6,Cheongdam-dong/청담동,KR-11-6-5
Seoul/서울,KR-11,Gangnam-gu/강남구,KR-11-6,Daechi 1(il)-dong/대치1동,KR-11-6-6
Seoul/서울,KR-11,Gangnam-gu/강남구,KR-11-6,Daechi 2(i)-dong/대치2동,KR-11-6-7
Seoul/서울,KR-11,Gangnam-gu/강남구,KR-11-6,Daechi 3(sam)-dong/대치3동,KR-11-6-8
Seoul/서울,KR-11,Gangnam-gu/강남구,KR-11-6,Daechi 4(sa)-dong/대치4동,KR-11-6-9
Seoul/서울,KR-11,Gangnam-gu/강남구,KR-11-6,Daechi-dong/대치동,KR-11-6-10
Seoul/서울,KR-11,Gangnam-gu/강남구,KR-11-6,Dogog 1(il)-dong/도곡1동,KR-11-6-11
Seoul/서울,KR-11,Gangnam-gu/강남구,KR-11-6,Dogog 2(i)-dong/도곡2동,KR-11-6-12
Seoul/서울,KR-11,Gangnam-gu/강남구,KR-11-6,Dogok-dong/도곡동,KR-11-6-13
Seoul/서울,KR-11,Gangnam-gu/강남구,KR-11-6,Gaepo 1(il)-dong/개포1동,KR-11-6-14
Seoul/서울,KR-11,Gangnam-gu/강남구,KR-11-6,Gaepo 2(i)-dong/개포2동,KR-11-6-15
Seoul/서울,KR-11,Gangnam-gu/강남구,KR-11-6,Gaepo 3(sam)-dong/개포3동,KR-11-6-16
Seoul/서울,KR-11,Gangnam-gu/강남구,KR-11-6,Gaepo 4(sa)-dong/개포4동,KR-11-6-17
Seoul/서울,KR-11,Gangnam-gu/강남구,KR-11-6,Gaepo-dong/개포동,KR-11-6-18
Seoul/서울,KR-11,Gangnam-gu/강남구,KR-11-6,Irwon 1(il)-dong/일원1동,KR-11-6-19
Seoul/서울,KR-11,Gangnam-gu/강남구,KR-11-6,Irwon 2(i)-dong/일원2동,KR-11-6-20
Seoul/서울,KR-11,Gangnam-gu/강남구,KR-11-6,Irwonbon-dong/일원본동,KR-11-6-21
Seoul/서울,KR-11,Gangnam-gu/강남구,KR-11-6,Irwon-dong/일원동,KR-11-6-22
Seoul/서울,KR-11,Gangnam-gu/강남구,KR-11-6,Jagok-dong/자곡동,KR-11-6-23
Seoul/서울,KR-11,Gangnam-gu/강남구,KR-11-6,Muyeoksenteoucheguksaseoham/무역센터우체국사서함,KR-11-6-24
Seoul/서울,KR-11,Gangnam-gu/강남구,KR-11-6,Nonhyeon 1(il)-dong/논현1동,KR-11-6-25
Seoul/서울,KR-11,Gangnam-gu/강남구,KR-11-6,Nonhyeon 2(i)-dong/논현2동,KR-11-6-26
Seoul/서울,KR-11,Gangnam-gu/강남구,KR-11-6,Nonhyeon-dong/논현동,KR-11-6-27
Seoul/서울,KR-11,Gangnam-gu/강남구,KR-11-6,Samseong 1(il)-dong/삼성1동,KR-11-6-28
Seoul/서울,KR-11,Gangnam-gu/강남구,KR-11-6,Samseong 2(i)-dong/삼성2동,KR-11-6-29
Seoul/서울,KR-11,Gangnam-gu/강남구,KR-11-6,Samseong-dong/삼성동,KR-11-6-30
Seoul/서울,KR-11,Gangnam-gu/강남구,KR-11-6,Segok-dong/세곡동,KR-11-6-31
Seoul/서울,KR-11,Gangnam-gu/강남구,KR-11-6,Seoulgangnamucheguksaseoham/서울강남우체국사서함,KR-11-6-32
Seoul/서울,KR-11,Gangnam-gu/강남구,KR-11-6,Seouryeongdongucheguksaseoham/서울영동우체국사서함,KR-11-6-33
Seoul/서울,KR-11,Gangnam-gu/강남구,KR-11-6,Sinsa-dong/신사동,KR-11-6-34
Seoul/서울,KR-11,Gangnam-gu/강남구,KR-11-6,Suseo-dong/수서동,KR-11-6-35
Seoul/서울,KR-11,Gangnam-gu/강남구,KR-11-6,Yeoksam 1(il)-dong/역삼1동,KR-11-6-36
Seoul/서울,KR-11,Gangnam-gu/강남구,KR-11-6,Yeoksam 2(i)-dong/역삼2동,KR-11-6-37
Seoul/서울,KR-11,Gangnam-gu/강남구,KR-11-6,Yeoksam-dong/역삼동,KR-11-6-38
Seoul/서울,KR-11,Gangnam-gu/강남구,KR-11-6,Yulhyeon-dong/율현동,KR-11-6-39
Seoul/서울,KR-11,Gangseo-gu/강서구,KR-11-7,Banghwa 1(il)-dong/방화1동,KR-11-7-0
Seoul/서울,KR-11,Gangseo-gu/강서구,KR-11-7,Banghwa 2(i)-dong/방화2동,KR-11-7-1
Seoul/서울,KR-11,Gangseo-gu/강서구,KR-11-7,Banghwa 3(sam)-dong/방화3동,KR-11-7-2
Seoul/서울,KR-11,Gangseo-gu/강서구,KR-11-7,Banghwa-dong/방화동,KR-11-7-3
Seoul/서울,KR-11,Gangseo-gu/강서구,KR-11-7,Beombang-dong/범방동,KR-11-7-4
Seoul/서울,KR-11,Gangseo-gu/강서구,KR-11-7,Bongrim-dong/봉림동,KR-11-7-5
Seoul/서울,KR-11,Gangseo-gu/강서구,KR-11-7,Busangangseoucheguksaseoham/부산강서우체국사서함,KR-11-7-6
Seoul/서울,KR-11,Gangseo-gu/강서구,KR-11-7,Cheonseong-dong/천성동,KR-11-7-7
Seoul/서울,KR-11,Gangseo-gu/강서구,KR-11-7,Daehang-dong/대항동,KR-11-7-8
Seoul/서울,KR-11,Gangseo-gu/강서구,KR-11-7,Daejeo 1(il)-dong/대저1동,KR-11-7-9
Seoul/서울,KR-11,Gangseo-gu/강서구,KR-11-7,Daejeo 2(i)-dong/대저2동,KR-11-7-10
Seoul/서울,KR-11,Gangseo-gu/강서구,KR-11-7,Deungchon 1(il)-dong/등촌1동,KR-11-7-11
Seoul/서울,KR-11,Gangseo-gu/강서구,KR-11-7,Deungchon 2(i)-dong/등촌2동,KR-11-7-12
Seoul/서울,KR-11,Gangseo-gu/강서구,KR-11-7,Deungchon 3(sam)-dong/등촌3동,KR-11-7-13
Seoul/서울,KR-11,Gangseo-gu/강서구,KR-11-7,Deungchon-dong/등촌동,KR-11-7-14
Seoul/서울,KR-11,Gangseo-gu/강서구,KR-11-7,Dongseon-dong/동선동,KR-11-7-15
Seoul/서울,KR-11,Gangseo-gu/강서구,KR-11-7,Gaehwa-dong/개화동,KR-11-7-16
Seoul/서울,KR-11,Gangseo-gu/강서구,KR-11-7,Gangdong-dong/강동동,KR-11-7-17
Seoul/서울,KR-11,Gangseo-gu/강서구,KR-11-7,Gayang 1(il)-dong/가양1동,KR-11-7-18
Seoul/서울,KR-11,Gangseo-gu/강서구,KR-11-7,Gayang 2(i)-dong/가양2동,KR-11-7-19
Seoul/서울,KR-11,Gangseo-gu/강서구,KR-11-7,Gayang 3(sam)-dong/가양3동,KR-11-7-20
Seoul/서울,KR-11,Gangseo-gu/강서구,KR-11-7,Gayang-dong/가양동,KR-11-7-21
Seoul/서울,KR-11,Gangseo-gu/강서구,KR-11-7,Gonghang-dong/공항동,KR-11-7-22
Seoul/서울,KR-11,Gangseo-gu/강서구,KR-11-7,Gurang-dong/구랑동,KR-11-7-23
Seoul/서울,KR-11,Gangseo-gu/강서구,KR-11-7,Gwahae-dong/과해동,KR-11-7-24
Seoul/서울,KR-11,Gangseo-gu/강서구,KR-11-7,Hwagog 1(il)-dong/화곡1동,KR-11-7-25
Seoul/서울,KR-11,Gangseo-gu/강서구,KR-11-7,Hwagog 2(i)-dong/화곡2동,KR-11-7-26
Seoul/서울,KR-11,Gangseo-gu/강서구,KR-11-7,Hwagog 3(sam)-dong/화곡3동,KR-11-7-27
Seoul/서울,KR-11,Gangseo-gu/강서구,KR-11-7,Hwagog 4(sa)-dong/화곡4동,KR-11-7-28
Seoul/서울,KR-11,Gangseo-gu/강서구,KR-11-7,Hwagog 6(yuk)-dong/화곡6동,KR-11-7-29
Seoul/서울,KR-11,Gangseo-gu/강서구,KR-11-7,Hwagog 8(pal)-dong/화곡8동,KR-11-7-30
Seoul/서울,KR-11,Gangseo-gu/강서구,KR-11-7,Hwagokbon-dong/화곡본동,KR-11-7-31
Seoul/서울,KR-11,Gangseo-gu/강서구,KR-11-7,Hwagok-dong/화곡동,KR-11-7-32
Seoul/서울,KR-11,Gangseo-gu/강서구,KR-11-7,Hwajeon-dong/화전동,KR-11-7-33
Seoul/서울,KR-11,Gangseo-gu/강서구,KR-11-7,Jisa-dong/지사동,KR-11-7-34
Seoul/서울,KR-11,Gangseo-gu/강서구,KR-11-7,Jukdong-dong/죽동동,KR-11-7-35
Seoul/서울,KR-11,Gangseo-gu/강서구,KR-11-7,Jukrim-dong/죽림동,KR-11-7-36
Seoul/서울,KR-11,Gangseo-gu/강서구,KR-11-7,Magok-dong/마곡동,KR-11-7-37
Seoul/서울,KR-11,Gangseo-gu/강서구,KR-11-7,Mieum-dong/미음동,KR-11-7-38
Seoul/서울,KR-11,Gangseo-gu/강서구,KR-11-7,Myeongji-dong/명지동,KR-11-7-39
Seoul/서울,KR-11,Gangseo-gu/강서구,KR-11-7,Naebalsan 1(il)-dong/내발산1동,KR-11-7-40
Seoul/서울,KR-11,Gangseo-gu/강서구,KR-11-7,Naebalsan-dong/내발산동,KR-11-7-41
Seoul/서울,KR-11,Gangseo-gu/강서구,KR-11-7,Noksan-dong/녹산동,KR-11-7-42
Seoul/서울,KR-11,Gangseo-gu/강서구,KR-11-7,Nulcha-dong/눌차동,KR-11-7-43
Seoul/서울,KR-11,Gangseo-gu/강서구,KR-11-7,Oebalsan-dong/외발산동,KR-11-7-44
Seoul/서울,KR-11,Gangseo-gu/강서구,KR-11-7,Ogok-dong/오곡동,KR-11-7-45
Seoul/서울,KR-11,Gangseo-gu/강서구,KR-11-7,Osoe-dong/오쇠동,KR-11-7-46
Seoul/서울,KR-11,Gangseo-gu/강서구,KR-11-7,Saenggok-dong/생곡동,KR-11-7-47
Seoul/서울,KR-11,Gangseo-gu/강서구,KR-11-7,Seongbuk-dong/성북동,KR-11-7-48
Seoul/서울,KR-11,Gangseo-gu/강서구,KR-11-7,Seoulgangseoucheguksaseoham/서울강서우체국사서함,KR-11-7-49
Seoul/서울,KR-11,Gangseo-gu/강서구,KR-11-7,Seoulhwagogucheguksaseoham/서울화곡우체국사서함,KR-11-7-50
Seoul/서울,KR-11,Gangseo-gu/강서구,KR-11-7,Sikman-dong/식만동,KR-11-7-51
Seoul/서울,KR-11,Gangseo-gu/강서구,KR-11-7,Sinho-dong/신호동,KR-11-7-52
Seoul/서울,KR-11,Gangseo-gu/강서구,KR-11-7,Songjeong-dong/송정동,KR-11-7-53
Seoul/서울,KR-11,Gangseo-gu/강서구,KR-11-7,Ujangsan-dong/우장산동,KR-11-7-54
Seoul/서울,KR-11,Gangseo-gu/강서구,KR-11-7,Yeomchang-dong/염창동,KR-11-7-55
Seoul/서울,KR-11,Geumcheon-gu/금천구,KR-11-8,Doksan 1(il)-dong/독산1동,KR-11-8-0
Seoul/서울,KR-11,Geumcheon-gu/금천구,KR-11-8,Doksan 2(i)-dong/독산2동,KR-11-8-1
Seoul/서울,KR-11,Geumcheon-gu/금천구,KR-11-8,Doksan 3(sam)-dong/독산3동,KR-11-8-2
Seoul/서울,KR-11,Geumcheon-gu/금천구,KR-11-8,Doksan 4(sa)-dong/독산4동,KR-11-8-3
Seoul/서울,KR-11,Geumcheon-gu/금천구,KR-11-8,Doksan-dong/독산동,KR-11-8-4
Seoul/서울,KR-11,Geumcheon-gu/금천구,KR-11-8,Gasan-dong/가산동,KR-11-8-5
Seoul/서울,KR-11,Geumcheon-gu/금천구,KR-11-8,Seoulgeumcheonucheguksaseoham/서울금천우체국사서함,KR-11-8-6
Seoul/서울,KR-11,Geumcheon-gu/금천구,KR-11-8,Siheung 1(il)-dong/시흥1동,KR-11-8-7
Seoul/서울,KR-11,Geumcheon-gu/금천구,KR-11-8,Siheung 2(i)-dong/시흥2동,KR-11-8-8
Seoul/서울,KR-11,Geumcheon-gu/금천구,KR-11-8,Siheung 3(sam)-dong/시흥3동,KR-11-8-9
Seoul/서울,KR-11,Geumcheon-gu/금천구,KR-11-8,Siheung 4(sa)-dong/시흥4동,KR-11-8-10
Seoul/서울,KR-11,Geumcheon-gu/금천구,KR-11-8,Siheung 5(o)-dong/시흥5동,KR-11-8-11
Seoul/서울,KR-11,Geumcheon-gu/금천구,KR-11-8,Siheung-dong/시흥동,KR-11-8-12
Seoul/서울,KR-11,Guro-gu/구로구,KR-11-9,Cheonwang-dong/천왕동,KR-11-9-0
Seoul/서울,KR-11,Guro-gu/구로구,KR-11-9,Gaebong 1(il)-dong/개봉1동,KR-11-9-1
Seoul/서울,KR-11,Guro-gu/구로구,KR-11-9,Gaebong 2(i)-dong/개봉2동,KR-11-9-2
Seoul/서울,KR-11,Guro-gu/구로구,KR-11-9,Gaebong 3(sam)-dong/개봉3동,KR-11-9-3
Seoul/서울,KR-11,Guro-gu/구로구,KR-11-9,Gaebong-dong/개봉동,KR-11-9-4
Seoul/서울,KR-11,Guro-gu/구로구,KR-11-9,Garibong-dong/가리봉동,KR-11-9-5
Seoul/서울,KR-11,Guro-gu/구로구,KR-11-9,Gocheog 1(il)-dong/고척1동,KR-11-9-6
Seoul/서울,KR-11,Guro-gu/구로구,KR-11-9,Gocheog 2(i)-dong/고척2동,KR-11-9-7
Seoul/서울,KR-11,Guro-gu/구로구,KR-11-9,Gocheok-dong/고척동,KR-11-9-8
Seoul/서울,KR-11,Guro-gu/구로구,KR-11-9,Gung-dong/궁동,KR-11-9-9
Seoul/서울,KR-11,Guro-gu/구로구,KR-11-9,Guro 1(il)-dong/구로1동,KR-11-9-10
Seoul/서울,KR-11,Guro-gu/구로구,KR-11-9,Guro 2(i)-dong/구로2동,KR-11-9-11
Seoul/서울,KR-11,Guro-gu/구로구,KR-11-9,Guro 3(sam)-dong/구로3동,KR-11-9-12
Seoul/서울,KR-11,Guro-gu/구로구,KR-11-9,Guro 4(sa)-dong/구로4동,KR-11-9-13
Seoul/서울,KR-11,Guro-gu/구로구,KR-11-9,Guro 5(o)-dong/구로5동,KR-11-9-14
Seoul/서울,KR-11,Guro-gu/구로구,KR-11-9,Gurodijiteoldanjiucheguksaseoham/구로디지털단지우체국사서함,KR-11-9-15
Seoul/서울,KR-11,Guro-gu/구로구,KR-11-9,Guro-dong/구로동,KR-11-9-16
Seoul/서울,KR-11,Guro-gu/구로구,KR-11-9,Hang-dong/항동,KR-11-9-17
Seoul/서울,KR-11,Guro-gu/구로구,KR-11-9,Onsu-dong/온수동,KR-11-9-18
Seoul/서울,KR-11,Guro-gu/구로구,KR-11-9,Oryu 1(il)-dong/오류1동,KR-11-9-19
Seoul/서울,KR-11,Guro-gu/구로구,KR-11-9,Oryu 2(i)-dong/오류2동,KR-11-9-20
Seoul/서울,KR-11,Guro-gu/구로구,KR-11-9,Oryu-dong/오류동,KR-11-9-21
Seoul/서울,KR-11,Guro-gu/구로구,KR-11-9,Sindorim-dong/신도림동,KR-11-9-22
Seoul/서울,KR-11,Gwanak-gu/관악구,KR-11-10,Bongcheon-dong/봉천동,KR-11-10-0
Seoul/서울,KR-11,Gwanak-gu/관악구,KR-11-10,Boramae-dong/보라매동,KR-11-10-1
Seoul/서울,KR-11,Gwanak-gu/관악구,KR-11-10,Cheongrim-dong/청림동,KR-11-10-2
Seoul/서울,KR-11,Gwanak-gu/관악구,KR-11-10,Cheongryong-dong/청룡동,KR-11-10-3
Seoul/서울,KR-11,Gwanak-gu/관악구,KR-11-10,Daehak-dong/대학동,KR-11-10-4
Seoul/서울,KR-11,Gwanak-gu/관악구,KR-11-10,Euncheon-dong/은천동,KR-11-10-5
Seoul/서울,KR-11,Gwanak-gu/관악구,KR-11-10,Haengun-dong/행운동,KR-11-10-6
Seoul/서울,KR-11,Gwanak-gu/관악구,KR-11-10,Inheon-dong/인헌동,KR-11-10-7
Seoul/서울,KR-11,Gwanak-gu/관악구,KR-11-10,Jowon-dong/조원동,KR-11-10-8
Seoul/서울,KR-11,Gwanak-gu/관악구,KR-11-10,Jungang-dong/중앙동,KR-11-10-9
Seoul/서울,KR-11,Gwanak-gu/관악구,KR-11-10,Miseong-dong/미성동,KR-11-10-10
Seoul/서울,KR-11,Gwanak-gu/관악구,KR-11-10,Nakseongdae-dong/낙성대동,KR-11-10-11
Seoul/서울,KR-11,Gwanak-gu/관악구,KR-11-10,Namhyeon-dong/남현동,KR-11-10-12
Seoul/서울,KR-11,Gwanak-gu/관악구,KR-11-10,Nangok-dong/난곡동,KR-11-10-13
Seoul/서울,KR-11,Gwanak-gu/관악구,KR-11-10,Nanhyang-dong/난향동,KR-11-10-14
Seoul/서울,KR-11,Gwanak-gu/관악구,KR-11-10,Samseong-dong/삼성동,KR-11-10-15
Seoul/서울,KR-11,Gwanak-gu/관악구,KR-11-10,Seonghyeon-dong/성현동,KR-11-10-16
Seoul/서울,KR-11,Gwanak-gu/관악구,KR-11-10,Seorim-dong/서림동,KR-11-10-17
Seoul/서울,KR-11,Gwanak-gu/관악구,KR-11-10,Seoulgwanagucheguksaseoham/서울관악우체국사서함,KR-11-10-18
Seoul/서울,KR-11,Gwanak-gu/관악구,KR-11-10,Seowon-dong/서원동,KR-11-10-19
Seoul/서울,KR-11,Gwanak-gu/관악구,KR-11-10,Sinrim-dong/신림동,KR-11-10-20
Seoul/서울,KR-11,Gwanak-gu/관악구,KR-11-10,Sinsa-dong/신사동,KR-11-10-21
Seoul/서울,KR-11,Gwanak-gu/관악구,KR-11-10,Sinwon-dong/신원동,KR-11-10-22
Seoul/서울,KR-11,Gwangjin-gu/광진구,KR-11-11,Dongseourupyeonjipjungguksaseoham/동서울우편집중국사서함,KR-11-11-0
Seoul/서울,KR-11,Gwangjin-gu/광진구,KR-11-11,Gunja-dong/군자동,KR-11-11-1
Seoul/서울,KR-11,Gwangjin-gu/광진구,KR-11-11,Guui 1(il)-dong/구의1동,KR-11-11-2
Seoul/서울,KR-11,Gwangjin-gu/광진구,KR-11-11,Guui 2(i)-dong/구의2동,KR-11-11-3
Seoul/서울,KR-11,Gwangjin-gu/광진구,KR-11-11,Guui 3(sam)-dong/구의3동,KR-11-11-4
Seoul/서울,KR-11,Gwangjin-gu/광진구,KR-11-11,Guui-dong/구의동,KR-11-11-5
Seoul/서울,KR-11,Gwangjin-gu/광진구,KR-11-11,Gwangjang-dong/광장동,KR-11-11-6
Seoul/서울,KR-11,Gwangjin-gu/광진구,KR-11-11,Hwayang-dong/화양동,KR-11-11-7
Seoul/서울,KR-11,Gwangjin-gu/광진구,KR-11-11,Jayang 1(il)-dong/자양1동,KR-11-11-8
Seoul/서울,KR-11,Gwangjin-gu/광진구,KR-11-11,Jayang 2(i)-dong/자양2동,KR-11-11-9
Seoul/서울,KR-11,Gwangjin-gu/광진구,KR-11-11,Jayang 3(sam)-dong/자양3동,KR-11-11-10
Seoul/서울,KR-11,Gwangjin-gu/광진구,KR-11-11,Jayang 4(sa)-dong/자양4동,KR-11-11-11
Seoul/서울,KR-11,Gwangjin-gu/광진구,KR-11-11,Jayang-dong/자양동,KR-11-11-12
Seoul/서울,KR-11,Gwangjin-gu/광진구,KR-11-11,Junggog 1(il)-dong/중곡1동,KR-11-11-13
Seoul/서울,KR-11,Gwangjin-gu/광진구,KR-11-11,Junggog 2(i)-dong/중곡2동,KR-11-11-14
Seoul/서울,KR-11,Gwangjin-gu/광진구,KR-11-11,Junggog 3(sam)-dong/중곡3동,KR-11-11-15
Seoul/서울,KR-11,Gwangjin-gu/광진구,KR-11-11,Junggog 4(sa)-dong/중곡4동,KR-11-11-16
Seoul/서울,KR-11,Gwangjin-gu/광진구,KR-11-11,Junggok-dong/중곡동,KR-11-11-17
Seoul/서울,KR-11,Gwangjin-gu/광진구,KR-11-11,Mojin-dong/모진동,KR-11-11-18
Seoul/서울,KR-11,Gwangjin-gu/광진구,KR-11-11,Neung-dong/능동,KR-11-11-19
Seoul/서울,KR-11,Gwangjin-gu/광진구,KR-11-11,Seoulgwangjinucheguksaseoham/서울광진우체국사서함,KR-11-11-20
Seoul/서울,KR-11,Jongro-gu/종로구,KR-11-12,Anguk-dong/안국동,KR-11-12-0
Seoul/서울,KR-11,Jongro-gu/종로구,KR-11-12,Bongik-dong/봉익동,KR-11-12-1
Seoul/서울,KR-11,Jongro-gu/종로구,KR-11-12,Buam-dong/부암동,KR-11-12-2
Seoul/서울,KR-11,Jongro-gu/종로구,KR-11-12,Changseong-dong/창성동,KR-11-12-3
Seoul/서울,KR-11,Jongro-gu/종로구,KR-11-12,Changsin 1(il)-dong/창신1동,KR-11-12-4
Seoul/서울,KR-11,Jongro-gu/종로구,KR-11-12,Changsin 2(i)-dong/창신2동,KR-11-12-5
Seoul/서울,KR-11,Jongro-gu/종로구,KR-11-12,Changsin 3(sam)-dong/창신3동,KR-11-12-6
Seoul/서울,KR-11,Jongro-gu/종로구,KR-11-12,Changsin-dong/창신동,KR-11-12-7
Seoul/서울,KR-11,Jongro-gu/종로구,KR-11-12,Chebu-dong/체부동,KR-11-12-8
Seoul/서울,KR-11,Jongro-gu/종로구,KR-11-12,Cheongjin-dong/청진동,KR-11-12-9
Seoul/서울,KR-11,Jongro-gu/종로구,KR-11-12,Cheongun-dong/청운동,KR-11-12-10
Seoul/서울,KR-11,Jongro-gu/종로구,KR-11-12,Chungsin-dong/충신동,KR-11-12-11
Seoul/서울,KR-11,Jongro-gu/종로구,KR-11-12,Dangju-dong/당주동,KR-11-12-12
Seoul/서울,KR-11,Jongro-gu/종로구,KR-11-12,Dongsung-dong/동숭동,KR-11-12-13
Seoul/서울,KR-11,Jongro-gu/종로구,KR-11-12,Donui-dong/돈의동,KR-11-12-14
Seoul/서울,KR-11,Jongro-gu/종로구,KR-11-12,Doryeom-dong/도렴동,KR-11-12-15
Seoul/서울,KR-11,Jongro-gu/종로구,KR-11-12,Gahoe-dong/가회동,KR-11-12-16
Seoul/서울,KR-11,Jongro-gu/종로구,KR-11-12,Gongpyeong-dong/공평동,KR-11-12-17
Seoul/서울,KR-11,Jongro-gu/종로구,KR-11-12,Gugi-dong/구기동,KR-11-12-18
Seoul/서울,KR-11,Jongro-gu/종로구,KR-11-12,Gungjeong-dong/궁정동,KR-11-12-19
Seoul/서울,KR-11,Jongro-gu/종로구,KR-11-12,Gwancheol-dong/관철동,KR-11-12-20
Seoul/서울,KR-11,Jongro-gu/종로구,KR-11-12,Gwanghwamunucheguksaseoham/광화문우체국사서함,KR-11-12-21
Seoul/서울,KR-11,Jongro-gu/종로구,KR-11-12,Gwanhun-dong/관훈동,KR-11-12-22
Seoul/서울,KR-11,Jongro-gu/종로구,KR-11-12,Gwansu-dong/관수동,KR-11-12-23
Seoul/서울,KR-11,Jongro-gu/종로구,KR-11-12,Gwonnong-dong/권농동,KR-11-12-24
Seoul/서울,KR-11,Jongro-gu/종로구,KR-11-12,Gye-dong/계동,KR-11-12-25
Seoul/서울,KR-11,Jongro-gu/종로구,KR-11-12,Gyeongun-dong/경운동,KR-11-12-26
Seoul/서울,KR-11,Jongro-gu/종로구,KR-11-12,Gyeonji-dong/견지동,KR-11-12-27
Seoul/서울,KR-11,Jongro-gu/종로구,KR-11-12,Gyobuk-dong/교북동,KR-11-12-28
Seoul/서울,KR-11,Jongro-gu/종로구,KR-11-12,Gyonam-dong/교남동,KR-11-12-29
Seoul/서울,KR-11,Jongro-gu/종로구,KR-11-12,Haengchon-dong/행촌동,KR-11-12-30
Seoul/서울,KR-11,Jongro-gu/종로구,KR-11-12,Hongji-dong/홍지동,KR-11-12-31
Seoul/서울,KR-11,Jongro-gu/종로구,KR-11-12,Hongpa-dong/홍파동,KR-11-12-32
Seoul/서울,KR-11,Jongro-gu/종로구,KR-11-12,Hunjeong-dong/훈정동,KR-11-12-33
Seoul/서울,KR-11,Jongro-gu/종로구,KR-11-12,Hwa-dong/화동,KR-11-12-34
Seoul/서울,KR-11,Jongro-gu/종로구,KR-11-12,Hyehwa-dong/혜화동,KR-11-12-35
Seoul/서울,KR-11,Jongro-gu/종로구,KR-11-12,Hyoja-dong/효자동,KR-11-12-36
Seoul/서울,KR-11,Jongro-gu/종로구,KR-11-12,Hyoje-dong/효제동,KR-11-12-37
Seoul/서울,KR-11,Jongro-gu/종로구,KR-11-12,Ihwa-dong/이화동,KR-11-12-38
Seoul/서울,KR-11,Jongro-gu/종로구,KR-11-12,Ikseon-dong/익선동,KR-11-12-39
Seoul/서울,KR-11,Jongro-gu/종로구,KR-11-12,Insa-dong/인사동,KR-11-12-40
Seoul/서울,KR-11,Jongro-gu/종로구,KR-11-12,Inui-dong/인의동,KR-11-12-41
Seoul/서울,KR-11,Jongro-gu/종로구,KR-11-12,Jae-dong/재동,KR-11-12-42
Seoul/서울,KR-11,Jongro-gu/종로구,KR-11-12,Jangsa-dong/장사동,KR-11-12-43
Seoul/서울,KR-11,Jongro-gu/종로구,KR-11-12,Jeokseon-dong/적선동,KR-11-12-44
Seoul/서울,KR-11,Jongro-gu/종로구,KR-11-12,Jongro 1(il)-ga/종로1가,KR-11-12-45
Seoul/서울,KR-11,Jongro-gu/종로구,KR-11-12,Jongro 2(i)-ga/종로2가,KR-11-12-46
Seoul/서울,KR-11,Jongro-gu/종로구,KR-11-12,Jongro 3(sam)-ga/종로3가,KR-11-12-47
Seoul/서울,KR-11,Jongro-gu/종로구,KR-11-12,Jongro 4(sa)-ga/종로4가,KR-11-12-48
Seoul/서울,KR-11,Jongro-gu/종로구,KR-11-12,Jongro 5(o)-ga/종로5가,KR-11-12-49
Seoul/서울,KR-11,Jongro-gu/종로구,KR-11-12,Jongro 6(yuk)-ga/종로6가,KR-11-12-50
Seoul/서울,KR-11,Jongro-gu/종로구,KR-11-12,Junghak-dong/중학동,KR-11-12-51
Seoul/서울,KR-11,Jongro-gu/종로구,KR-11-12,Muak-dong/무악동,KR-11-12-52
Seoul/서울,KR-11,Jongro-gu/종로구,KR-11-12,Myeongryundong 1(il)-ga/명륜동1가,KR-11-12-53
Seoul/서울,KR-11,Jongro-gu/종로구,KR-11-12,Myeongryundong 2(i)-ga/명륜동2가,KR-11-12-54
Seoul/서울,KR-11,Jongro-gu/종로구,KR-11-12,Myeongryundong 3(sam)-ga/명륜동3가,KR-11-12-55
Seoul/서울,KR-11,Jongro-gu/종로구,KR-11-12,Myeongryundong 4(sa)-ga/명륜동4가,KR-11-12-56
Seoul/서울,KR-11,Jongro-gu/종로구,KR-11-12,Myo-dong/묘동,KR-11-12-57
Seoul/서울,KR-11,Jongro-gu/종로구,KR-11-12,Naeja-dong/내자동,KR-11-12-58
Seoul/서울,KR-11,Jongro-gu/종로구,KR-11-12,Naesu-dong/내수동,KR-11-12-59
Seoul/서울,KR-11,Jongro-gu/종로구,KR-11-12,Nagwon-dong/낙원동,KR-11-12-60
Seoul/서울,KR-11,Jongro-gu/종로구,KR-11-12,Nuha-dong/누하동,KR-11-12-61
Seoul/서울,KR-11,Jongro-gu/종로구,KR-11-12,Nusang-dong/누상동,KR-11-12-62
Seoul/서울,KR-11,Jongro-gu/종로구,KR-11-12,Ogin-dong/옥인동,KR-11-12-63
Seoul/서울,KR-11,Jongro-gu/종로구,KR-11-12,Palpan-dong/팔판동,KR-11-12-64
Seoul/서울,KR-11,Jongro-gu/종로구,KR-11-12,Pirun-dong/필운동,KR-11-12-65
Seoul/서울,KR-11,Jongro-gu/종로구,KR-11-12,Pyeongchang-dong/평창동,KR-11-12-66
Seoul/서울,KR-11,Jongro-gu/종로구,KR-11-12,Pyeong-dong/평동,KR-11-12-67
Seoul/서울,KR-11,Jongro-gu/종로구,KR-11-12,Sagan-dong/사간동,KR-11-12-68
Seoul/서울,KR-11,Jongro-gu/종로구,KR-11-12,Sajik-dong/사직동,KR-11-12-69
Seoul/서울,KR-11,Jongro-gu/종로구,KR-11-12,Samcheong-dong/삼청동,KR-11-12-70
Seoul/서울,KR-11,Jongro-gu/종로구,KR-11-12,Sejongno/세종로,KR-11-12-71
Seoul/서울,KR-11,Jongro-gu/종로구,KR-11-12,Seorin-dong/서린동,KR-11-12-72
Seoul/서울,KR-11,Jongro-gu/종로구,KR-11-12,Singyo-dong/신교동,KR-11-12-73
Seoul/서울,KR-11,Jongro-gu/종로구,KR-11-12,Sinmunro 1(il)-ga/신문로1가,KR-11-12-74
Seoul/서울,KR-11,Jongro-gu/종로구,KR-11-12,Sinmunro 2(i)-ga/신문로2가,KR-11-12-75
Seoul/서울,KR-11,Jongro-gu/종로구,KR-11-12,Sinyeong-dong/신영동,KR-11-12-76
Seoul/서울,KR-11,Jongro-gu/종로구,KR-11-12,Sogyeok-dong/소격동,KR-11-12-77
Seoul/서울,KR-11,Jongro-gu/종로구,KR-11-12,Songhyeon-dong/송현동,KR-11-12-78
Seoul/서울,KR-11,Jongro-gu/종로구,KR-11-12,Songwol-dong/송월동,KR-11-12-79
Seoul/서울,KR-11,Jongro-gu/종로구,KR-11-12,Sungin 1(il)-dong/숭인1동,KR-11-12-80
Seoul/서울,KR-11,Jongro-gu/종로구,KR-11-12,Sungin 2(i)-dong/숭인2동,KR-11-12-81
Seoul/서울,KR-11,Jongro-gu/종로구,KR-11-12,Sungin-dong/숭인동,KR-11-12-82
Seoul/서울,KR-11,Jongro-gu/종로구,KR-11-12,Susong-dong/수송동,KR-11-12-83
Seoul/서울,KR-11,Jongro-gu/종로구,KR-11-12,Tongin-dong/통인동,KR-11-12-84
Seoul/서울,KR-11,Jongro-gu/종로구,KR-11-12,Tongui-dong/통의동,KR-11-12-85
Seoul/서울,KR-11,Jongro-gu/종로구,KR-11-12,Unni-dong/운니동,KR-11-12-86
Seoul/서울,KR-11,Jongro-gu/종로구,KR-11-12,Waryong-dong/와룡동,KR-11-12-87
Seoul/서울,KR-11,Jongro-gu/종로구,KR-11-12,Wonnam-dong/원남동,KR-11-12-88
Seoul/서울,KR-11,Jongro-gu/종로구,KR-11-12,Wonseo-dong/원서동,KR-11-12-89
Seoul/서울,KR-11,Jongro-gu/종로구,KR-11-12,Yeji-dong/예지동,KR-11-12-90
Seoul/서울,KR-11,Jongro-gu/종로구,KR-11-12,Yeongeon-dong/연건동,KR-11-12-91
Seoul/서울,KR-11,Jongro-gu/종로구,KR-11-12,Yeonji-dong/연지동,KR-11-12-92
Seoul/서울,KR-11,Jung-gu/중구,KR-11-13,Anyeong-dong/안영동,KR-11-13-0
Seoul/서울,KR-11,Jung-gu/중구,KR-11-13,Bangsan-dong/방산동,KR-11-13-1
Seoul/서울,KR-11,Jung-gu/중구,KR-11-13,Bangu 1(il)-dong/반구1동,KR-11-13-2
Seoul/서울,KR-11,Jung-gu/중구,KR-11-13,Bangu 2(i)-dong/반구2동,KR-11-13-3
Seoul/서울,KR-11,Jung-gu/중구,KR-11-13,Bangu-dong/반구동,KR-11-13-4
Seoul/서울,KR-11,Jung-gu/중구,KR-11-13,Boksan 1(il)-dong/복산1동,KR-11-13-5
Seoul/서울,KR-11,Jung-gu/중구,KR-11-13,Boksan 2(i)-dong/복산2동,KR-11-13-6
Seoul/서울,KR-11,Jung-gu/중구,KR-11-13,Boksan-dong/복산동,KR-11-13-7
Seoul/서울,KR-11,Jung-gu/중구,KR-11-13,Bongraedong 1(il)-ga/봉래동1가,KR-11-13-8
Seoul/서울,KR-11,Jung-gu/중구,KR-11-13,Bongraedong 2(i)-ga/봉래동2가,KR-11-13-9
Seoul/서울,KR-11,Jung-gu/중구,KR-11-13,Bongsan-dong/봉산동,KR-11-13-10
Seoul/서울,KR-11,Jung-gu/중구,KR-11-13,Bosudong 1(il)-ga/보수동1가,KR-11-13-11
Seoul/서울,KR-11,Jung-gu/중구,KR-11-13,Bosudong 2(i)-ga/보수동2가,KR-11-13-12
Seoul/서울,KR-11,Jung-gu/중구,KR-11-13,Bosudong 3(sam)-ga/보수동3가,KR-11-13-13
Seoul/서울,KR-11,Jung-gu/중구,KR-11-13,Bosu-dong/보수동,KR-11-13-14
Seoul/서울,KR-11,Jung-gu/중구,KR-11-13,Bukchang-dong/북창동,KR-11-13-15
Seoul/서울,KR-11,Jung-gu/중구,KR-11-13,Bukjeong-dong/북정동,KR-11-13-16
Seoul/서울,KR-11,Jung-gu/중구,KR-11-13,Buknae-dong/북내동,KR-11-13-17
Seoul/서울,KR-11,Jung-gu/중구,KR-11-13,Bukseongdong 1(il)-ga/북성동1가,KR-11-13-18
Seoul/서울,KR-11,Jung-gu/중구,KR-11-13,Bukseongdong 2(i)-ga/북성동2가,KR-11-13-19
Seoul/서울,KR-11,Jung-gu/중구,KR-11-13,Bukseongdong 3(sam)-ga/북성동3가,KR-11-13-20
Seoul/서울,KR-11,Jung-gu/중구,KR-11-13,Bukseongro 1(il)-ga/북성로1가,KR-11-13-21
Seoul/서울,KR-11,Jung-gu/중구,KR-11-13,Bukseongro 2(i)-ga/북성로2가,KR-11-13-22
Seoul/서울,KR-11,Jung-gu/중구,KR-11-13,Bupyeongdong 1(il)-ga/부평동1가,KR-11-13-23
Seoul/서울,KR-11,Jung-gu/중구,KR-11-13,Bupyeongdong 2(i)-ga/부평동2가,KR-11-13-24
Seoul/서울,KR-11,Jung-gu/중구,KR-11-13,Bupyeongdong 3(sam)-ga/부평동3가,KR-11-13-25
Seoul/서울,KR-11,Jung-gu/중구,KR-11-13,Bupyeongdong 4(sa)-ga/부평동4가,KR-11-13-26
Seoul/서울,KR-11,Jung-gu/중구,KR-11-13,Bupyeong-dong/부평동,KR-11-13-27
Seoul/서울,KR-11,Jung-gu/중구,KR-11-13,Busa-dong/부사동,KR-11-13-28
Seoul/서울,KR-11,Jung-gu/중구,KR-11-13,Busanucheguksaseoham/부산우체국사서함,KR-11-13-29
Seoul/서울,KR-11,Jung-gu/중구,KR-11-13,Changseondong 1(il)-ga/창선동1가,KR-11-13-30
Seoul/서울,KR-11,Jung-gu/중구,KR-11-13,Changseondong 2(i)-ga/창선동2가,KR-11-13-31
Seoul/서울,KR-11,Jung-gu/중구,KR-11-13,Changseon-dong/창선동,KR-11-13-32
Seoul/서울,KR-11,Jung-gu/중구,KR-11-13,Chimsan-dong/침산동,KR-11-13-33
Seoul/서울,KR-11,Jung-gu/중구,KR-11-13,Cho-dong/초동,KR-11-13-34
Seoul/서울,KR-11,Jung-gu/중구,KR-11-13,Chungjeongro 1(il)-ga/충정로1가,KR-11-13-35
Seoul/서울,KR-11,Jung-gu/중구,KR-11-13,Chungmuro 1(il)-ga/충무로1가,KR-11-13-36
Seoul/서울,KR-11,Jung-gu/중구,KR-11-13,Chungmuro 2(i)-ga/충무로2가,KR-11-13-37
Seoul/서울,KR-11,Jung-gu/중구,KR-11-13,Chungmuro 3(sam)-ga/충무로3가,KR-11-13-38
Seoul/서울,KR-11,Jung-gu/중구,KR-11-13,Chungmuro 4(sa)-ga/충무로4가,KR-11-13-39
Seoul/서울,KR-11,Jung-gu/중구,KR-11-13,Chungmuro 5(o)-ga/충무로5가,KR-11-13-40
Seoul/서울,KR-11,Jung-gu/중구,KR-11-13,Da-dong/다동,KR-11-13-41
Seoul/서울,KR-11,Jung-gu/중구,KR-11-13,Daean-dong/대안동,KR-11-13-42
Seoul/서울,KR-11,Jung-gu/중구,KR-11-13,Daebong 1(il)-dong/대봉1동,KR-11-13-43
Seoul/서울,KR-11,Jung-gu/중구,KR-11-13,Daebong 2(i)-dong/대봉2동,KR-11-13-44
Seoul/서울,KR-11,Jung-gu/중구,KR-11-13,Daebong-dong/대봉동,KR-11-13-45
Seoul/서울,KR-11,Jung-gu/중구,KR-11-13,Daechangdong 1(il)-ga/대창동1가,KR-11-13-46
Seoul/서울,KR-11,Jung-gu/중구,KR-11-13,Daechangdong 2(i)-ga/대창동2가,KR-11-13-47
Seoul/서울,KR-11,Jung-gu/중구,KR-11-13,Daechang-dong/대창동,KR-11-13-48
Seoul/서울,KR-11,Jung-gu/중구,KR-11-13,Daecheongdong 1(il)-ga/대청동1가,KR-11-13-49
Seoul/서울,KR-11,Jung-gu/중구,KR-11-13,Daecheongdong 2(i)-ga/대청동2가,KR-11-13-50
Seoul/서울,KR-11,Jung-gu/중구,KR-11-13,Daecheongdong 3(sam)-ga/대청동3가,KR-11-13-51
Seoul/서울,KR-11,Jung-gu/중구,KR-11-13,Daecheongdong 4(sa)-ga/대청동4가,KR-11-13-52
Seoul/서울,KR-11,Jung-gu/중구,KR-11-13,Daecheong-dong/대청동,KR-11-13-53
Seoul/서울,KR-11,Jung-gu/중구,KR-11-13,Daeguucheguksaseoham/대구우체국사서함,KR-11-13-54
Seoul/서울,KR-11,Jung-gu/중구,KR-11-13,Daeheung-dong/대흥동,KR-11-13-55
Seoul/서울,KR-11,Jung-gu/중구,KR-11-13,Daesa-dong/대사동,KR-11-13-56
Seoul/서울,KR-11,Jung-gu/중구,KR-11-13,Daesin-dong/대신동,KR-11-13-57
Seoul/서울,KR-11,Jung-gu/중구,KR-11-13,Dalseong-dong/달성동,KR-11-13-58
Seoul/서울,KR-11,Jung-gu/중구,KR-11-13,Dap-dong/답동,KR-11-13-59
Seoul/서울,KR-11,Jung-gu/중구,KR-11-13,Daun-dong/다운동,KR-11-13-60
Seoul/서울,KR-11,Jung-gu/중구,KR-11-13,Deokgyo-dong/덕교동,KR-11-13-61
Seoul/서울,KR-11,Jung-gu/중구,KR-11-13,Deoksan-dong/덕산동,KR-11-13-62
Seoul/서울,KR-11,Jung-gu/중구,KR-11-13,Dong-dong/동동,KR-11-13-63
Seoul/서울,KR-11,Jung-gu/중구,KR-11-13,Donggwangdong 1(il)-ga/동광동1가,KR-11-13-64
Seoul/서울,KR-11,Jung-gu/중구,KR-11-13,Donggwangdong 2(i)-ga/동광동2가,KR-11-13-65
Seoul/서울,KR-11,Jung-gu/중구,KR-11-13,Donggwangdong 3(sam)-ga/동광동3가,KR-11-13-66
Seoul/서울,KR-11,Jung-gu/중구,KR-11-13,Donggwangdong 4(sa)-ga/동광동4가,KR-11-13-67
Seoul/서울,KR-11,Jung-gu/중구,KR-11-13,Donggwangdong 5(o)-ga/동광동5가,KR-11-13-68
Seoul/서울,KR-11,Jung-gu/중구,KR-11-13,Donggwang-dong/동광동,KR-11-13-69
Seoul/서울,KR-11,Jung-gu/중구,KR-11-13,Dongil-dong/동일동,KR-11-13-70
Seoul/서울,KR-11,Jung-gu/중구,KR-11-13,Dongindong 1(il)-ga/동인동1가,KR-11-13-71
Seoul/서울,KR-11,Jung-gu/중구,KR-11-13,Dongindong 2(i)-ga/동인동2가,KR-11-13-72
Seoul/서울,KR-11,Jung-gu/중구,KR-11-13,Dongindong 3(sam)-ga/동인동3가,KR-11-13-73
Seoul/서울,KR-11,Jung-gu/중구,KR-11-13,Dongindong 4(sa)-ga/동인동4가,KR-11-13-74
Seoul/서울,KR-11,Jung-gu/중구,KR-11-13,Dongmun-dong/동문동,KR-11-13-75
Seoul/서울,KR-11,Jung-gu/중구,KR-11-13,Dongsan-dong/동산동,KR-11-13-76
Seoul/서울,KR-11,Jung-gu/중구,KR-11-13,Dongseongro 1(il)-ga/동성로1가,KR-11-13-77
Seoul/서울,KR-11,Jung-gu/중구,KR-11-13,Dongseongro 2(i)-ga/동성로2가,KR-11-13-78
Seoul/서울,KR-11,Jung-gu/중구,KR-11-13,Dongseongro 3(sam)-ga/동성로3가,KR-11-13-79
Seoul/서울,KR-11,Jung-gu/중구,KR-11-13,Dowon-dong/도원동,KR-11-13-80
Seoul/서울,KR-11,Jung-gu/중구,KR-11-13,Dowon-dong/도원동,KR-11-13-80
Seoul/서울,KR-11,Jung-gu/중구,KR-11-13,Eonam-dong/어남동,KR-11-13-81
Seoul/서울,KR-11,Jung-gu/중구,KR-11-13,Euljiro 1(il)-ga/을지로1가,KR-11-13-82
Seoul/서울,KR-11,Jung-gu/중구,KR-11-13,Euljiro 2(i)-ga/을지로2가,KR-11-13-83
Seoul/서울,KR-11,Jung-gu/중구,KR-11-13,Euljiro 3(sam)-ga/을지로3가,KR-11-13-84
Seoul/서울,KR-11,Jung-gu/중구,KR-11-13,Euljiro 4(sa)-ga/을지로4가,KR-11-13-85
Seoul/서울,KR-11,Jung-gu/중구,KR-11-13,Euljiro 5(o)-ga/을지로5가,KR-11-13-86
Seoul/서울,KR-11,Jung-gu/중구,KR-11-13,Euljiro 6(yuk)-ga/을지로6가,KR-11-13-87
Seoul/서울,KR-11,Jung-gu/중구,KR-11-13,Euljiro 7(chil)-ga/을지로7가,KR-11-13-88
Seoul/서울,KR-11,Jung-gu/중구,KR-11-13,Eunhaeng-dong/은행동,KR-11-13-89
Seoul/서울,KR-11,Jung-gu/중구,KR-11-13,Eurwang-dong/을왕동,KR-11-13-90
Seoul/서울,KR-11,Jung-gu/중구,KR-11-13,Geum-dong/금동,KR-11-13-91
Seoul/서울,KR-11,Jung-gu/중구,KR-11-13,Gongpyeong-dong/공평동,KR-11-13-92
Seoul/서울,KR-11,Jung-gu/중구,KR-11-13,Guwan-dong/구완동,KR-11-13-93
Seoul/서울,KR-11,Jung-gu/중구,KR-11-13,Gwandong 1(il)-ga/관동1가,KR-11-13-94
Seoul/서울,KR-11,Jung-gu/중구,KR-11-13,Gwandong 2(i)-ga/관동2가,KR-11-13-95
Seoul/서울,KR-11,Jung-gu/중구,KR-11-13,Gwandong 3(sam)-ga/관동3가,KR-11-13-96
Seoul/서울,KR-11,Jung-gu/중구,KR-11-13,Gwangbokdong 1(il)-ga/광복동1가,KR-11-13-97
Seoul/서울,KR-11,Jung-gu/중구,KR-11-13,Gwangbokdong 2(i)-ga/광복동2가,KR-11-13-98
Seoul/서울,KR-11,Jung-gu/중구,KR-11-13,Gwangbokdong 3(sam)-ga/광복동3가,KR-11-13-99
Seoul/서울,KR-11,Jung-gu/중구,KR-11-13,Gwangbok-dong/광복동,KR-11-13-100
Seoul/서울,KR-11,Jung-gu/중구,KR-11-13,Gwanghuidong 1(il)-ga/광희동1가,KR-11-13-101
Seoul/서울,KR-11,Jung-gu/중구,KR-11-13,Gwanghuidong 2(i)-ga/광희동2가,KR-11-13-102
Seoul/서울,KR-11,Jung-gu/중구,KR-11-13,Gyeong-dong/경동,KR-11-13-103
Seoul/서울,KR-11,Jung-gu/중구,KR-11-13,Gyesandong 1(il)-ga/계산동1가,KR-11-13-104
Seoul/서울,KR-11,Jung-gu/중구,KR-11-13,Gyesandong 2(i)-ga/계산동2가,KR-11-13-105
Seoul/서울,KR-11,Jung-gu/중구,KR-11-13,Gyo-dong/교동,KR-11-13-106
Seoul/서울,KR-11,Jung-gu/중구,KR-11-13,Gyo-dong/교동,KR-11-13-106
Seoul/서울,KR-11,Jung-gu/중구,KR-11-13,Haeandong 1(il)-ga/해안동1가,KR-11-13-107
Seoul/서울,KR-11,Jung-gu/중구,KR-11-13,Haeandong 2(i)-ga/해안동2가,KR-11-13-108
Seoul/서울,KR-11,Jung-gu/중구,KR-11-13,Haeandong 3(sam)-ga/해안동3가,KR-11-13-109
Seoul/서울,KR-11,Jung-gu/중구,KR-11-13,Haeandong 4(sa)-ga/해안동4가,KR-11-13-110
Seoul/서울,KR-11,Jung-gu/중구,KR-11-13,Haksan-dong/학산동,KR-11-13-111
Seoul/서울,KR-11,Jung-gu/중구,KR-11-13,Hakseong-dong/학성동,KR-11-13-112
Seoul/서울,KR-11,Jung-gu/중구,KR-11-13,Hangdong 1(il)-ga/항동1가,KR-11-13-113
Seoul/서울,KR-11,Jung-gu/중구,KR-11-13,Hangdong 2(i)-ga/항동2가,KR-11-13-114
Seoul/서울,KR-11,Jung-gu/중구,KR-11-13,Hangdong 3(sam)-ga/항동3가,KR-11-13-115
Seoul/서울,KR-11,Jung-gu/중구,KR-11-13,Hangdong 4(sa)-ga/항동4가,KR-11-13-116
Seoul/서울,KR-11,Jung-gu/중구,KR-11-13,Hangdong 5(o)-ga/항동5가,KR-11-13-117
Seoul/서울,KR-11,Jung-gu/중구,KR-11-13,Hangdong 6(yuk)-ga/항동6가,KR-11-13-118
Seoul/서울,KR-11,Jung-gu/중구,KR-11-13,Hangdong 7(chil)-ga/항동7가,KR-11-13-119
Seoul/서울,KR-11,Jung-gu/중구,KR-11-13,Haseo-dong/하서동,KR-11-13-120
Seoul/서울,KR-11,Jung-gu/중구,KR-11-13,Heungin-dong/흥인동,KR-11-13-121
Seoul/서울,KR-11,Jung-gu/중구,KR-11-13,Ho-dong/호동,KR-11-13-122
Seoul/서울,KR-11,Jung-gu/중구,KR-11-13,Hoehyeondong 1(il)-ga/회현동1가,KR-11-13-123
Seoul/서울,KR-11,Jung-gu/중구,KR-11-13,Hoehyeondong 2(i)-ga/회현동2가,KR-11-13-124
Seoul/서울,KR-11,Jung-gu/중구,KR-11-13,Hoehyeondong 3(sam)-ga/회현동3가,KR-11-13-125
Seoul/서울,KR-11,Jung-gu/중구,KR-11-13,Hwajeon-dong/화전동,KR-11-13-126
Seoul/서울,KR-11,Jung-gu/중구,KR-11-13,Hwanghak-dong/황학동,KR-11-13-127
Seoul/서울,KR-11,Jung-gu/중구,KR-11-13,Hyangchon-dong/향촌동,KR-11-13-128
Seoul/서울,KR-11,Jung-gu/중구,KR-11-13,Incheongonghangucheguksaseoham/인천공항우체국사서함,KR-11-13-129
Seoul/서울,KR-11,Jung-gu/중구,KR-11-13,Ingyo-dong/인교동,KR-11-13-130
Seoul/서울,KR-11,Jung-gu/중구,KR-11-13,Inhyeondong 1(il)-ga/인현동1가,KR-11-13-131
Seoul/서울,KR-11,Jung-gu/중구,KR-11-13,Inhyeondong 2(i)-ga/인현동2가,KR-11-13-132
Seoul/서울,KR-11,Jung-gu/중구,KR-11-13,Inhyeon-dong/인현동,KR-11-13-133
Seoul/서울,KR-11,Jung-gu/중구,KR-11-13,Ipjeong-dong/입정동,KR-11-13-134
Seoul/서울,KR-11,Jung-gu/중구,KR-11-13,Jangchungdong 1(il)-ga/장충동1가,KR-11-13-135
Seoul/서울,KR-11,Jung-gu/중구,KR-11-13,Jangchungdong 2(i)-ga/장충동2가,KR-11-13-136
Seoul/서울,KR-11,Jung-gu/중구,KR-11-13,Janggwan-dong/장관동,KR-11-13-137
Seoul/서울,KR-11,Jung-gu/중구,KR-11-13,Janggyo-dong/장교동,KR-11-13-138
Seoul/서울,KR-11,Jung-gu/중구,KR-11-13,Janghyeon-dong/장현동,KR-11-13-139
Seoul/서울,KR-11,Jung-gu/중구,KR-11-13,Jeodong 1(il)-ga/저동1가,KR-11-13-140
Seoul/서울,KR-11,Jung-gu/중구,KR-11-13,Jeodong 2(i)-ga/저동2가,KR-11-13-141
Seoul/서울,KR-11,Jung-gu/중구,KR-11-13,Jeon-dong/전동,KR-11-13-142
Seoul/서울,KR-11,Jung-gu/중구,KR-11-13,Jeon-dong/전동,KR-11-13-142
Seoul/서울,KR-11,Jung-gu/중구,KR-11-13,Jeong-dong/정동,KR-11-13-143
Seoul/서울,KR-11,Jung-gu/중구,KR-11-13,Jeongsaeng-dong/정생동,KR-11-13-144
Seoul/서울,KR-11,Jung-gu/중구,KR-11-13,Jongro 1(il)-ga/종로1가,KR-11-13-145
Seoul/서울,KR-11,Jung-gu/중구,KR-11-13,Jongro 2(i)-ga/종로2가,KR-11-13-146
Seoul/서울,KR-11,Jung-gu/중구,KR-11-13,Jugyo-dong/주교동,KR-11-13-147
Seoul/서울,KR-11,Jung-gu/중구,KR-11-13,Juja-dong/주자동,KR-11-13-148
Seoul/서울,KR-11,Jung-gu/중구,KR-11-13,Jungangdong 1(il)-ga/중앙동1가,KR-11-13-149
Seoul/서울,KR-11,Jung-gu/중구,KR-11-13,Jungangdong 1(il)-ga/중앙동1가,KR-11-13-149
Seoul/서울,KR-11,Jung-gu/중구,KR-11-13,Jungangdong 2(i)-ga/중앙동2가,KR-11-13-150
Seoul/서울,KR-11,Jung-gu/중구,KR-11-13,Jungangdong 2(i)-ga/중앙동2가,KR-11-13-150
Seoul/서울,KR-11,Jung-gu/중구,KR-11-13,Jungangdong 3(sam)-ga/중앙동3가,KR-11-13-151
Seoul/서울,KR-11,Jung-gu/중구,KR-11-13,Jungangdong 3(sam)-ga/중앙동3가,KR-11-13-151
Seoul/서울,KR-11,Jung-gu/중구,KR-11-13,Jungangdong 4(sa)-ga/중앙동4가,KR-11-13-152
Seoul/서울,KR-11,Jung-gu/중구,KR-11-13,Jungangdong 4(sa)-ga/중앙동4가,KR-11-13-152
Seoul/서울,KR-11,Jung-gu/중구,KR-11-13,Jungangdong 5(o)-ga/중앙동5가,KR-11-13-153
Seoul/서울,KR-11,Jung-gu/중구,KR-11-13,Jungangdong 6(yuk)-ga/중앙동6가,KR-11-13-154
Seoul/서울,KR-11,Jung-gu/중구,KR-11-13,Jungangdong 7(chil)-ga/중앙동7가,KR-11-13-155
Seoul/서울,KR-11,Jung-gu/중구,KR-11-13,Jungang-dong/중앙동,KR-11-13-156
Seoul/서울,KR-11,Jung-gu/중구,KR-11-13,Jungangucheguksaseoham/중앙우체국사서함,KR-11-13-157
Seoul/서울,KR-11,Jung-gu/중구,KR-11-13,Jungchon-dong/중촌동,KR-11-13-158
Seoul/서울,KR-11,Jung-gu/중구,KR-11-13,Jungrim-dong/중림동,KR-11-13-159
Seoul/서울,KR-11,Jung-gu/중구,KR-11-13,Jungsan-dong/중산동,KR-11-13-160
Seoul/서울,KR-11,Jung-gu/중구,KR-11-13,Manridong 1(il)-ga/만리동1가,KR-11-13-161
Seoul/서울,KR-11,Jung-gu/중구,KR-11-13,Manridong 2(i)-ga/만리동2가,KR-11-13-162
Seoul/서울,KR-11,Jung-gu/중구,KR-11-13,Mokdal-dong/목달동,KR-11-13-163
Seoul/서울,KR-11,Jung-gu/중구,KR-11-13,Mok-dong/목동,KR-11-13-164
Seoul/서울,KR-11,Jung-gu/중구,KR-11-13,Mugyo-dong/무교동,KR-11-13-165
Seoul/서울,KR-11,Jung-gu/중구,KR-11-13,Muhak-dong/무학동,KR-11-13-166
Seoul/서울,KR-11,Jung-gu/중구,KR-11-13,Mukjeong-dong/묵정동,KR-11-13-167
Seoul/서울,KR-11,Jung-gu/중구,KR-11-13,Munchang-dong/문창동,KR-11-13-168
Seoul/서울,KR-11,Jung-gu/중구,KR-11-13,Munhwa 1(il)-dong/문화1동,KR-11-13-169
Seoul/서울,KR-11,Jung-gu/중구,KR-11-13,Munhwa 2(i)-dong/문화2동,KR-11-13-170
Seoul/서울,KR-11,Jung-gu/중구,KR-11-13,Munhwa-dong/문화동,KR-11-13-171
Seoul/서울,KR-11,Jung-gu/중구,KR-11-13,Munhwa-dong/문화동,KR-11-13-171
Seoul/서울,KR-11,Jung-gu/중구,KR-11-13,Musu-dong/무수동,KR-11-13-172
Seoul/서울,KR-11,Jung-gu/중구,KR-11-13,Muui-dong/무의동,KR-11-13-173
Seoul/서울,KR-11,Jung-gu/중구,KR-11-13,Myeongdong 1(il)-ga/명동1가,KR-11-13-174
Seoul/서울,KR-11,Jung-gu/중구,KR-11-13,Myeongdong 2(i)-ga/명동2가,KR-11-13-175
Seoul/서울,KR-11,Jung-gu/중구,KR-11-13,Nae-dong/내동,KR-11-13-176
Seoul/서울,KR-11,Jung-gu/중구,KR-11-13,Nambuk-dong/남북동,KR-11-13-177
Seoul/서울,KR-11,Jung-gu/중구,KR-11-13,Namchang-dong/남창동,KR-11-13-178
Seoul/서울,KR-11,Jung-gu/중구,KR-11-13,Namdaemunro 1(il)-ga/남대문로1가,KR-11-13-179
Seoul/서울,KR-11,Jung-gu/중구,KR-11-13,Namdaemunro 2(i)-ga/남대문로2가,KR-11-13-180
Seoul/서울,KR-11,Jung-gu/중구,KR-11-13,Namdaemunro 3(sam)-ga/남대문로3가,KR-11-13-181
Seoul/서울,KR-11,Jung-gu/중구,KR-11-13,Namdaemunro 4(sa)-ga/남대문로4가,KR-11-13-182
Seoul/서울,KR-11,Jung-gu/중구,KR-11-13,Namdaemunro 5(o)-ga/남대문로5가,KR-11-13-183
Seoul/서울,KR-11,Jung-gu/중구,KR-11-13,Namhak-dong/남학동,KR-11-13-184
Seoul/서울,KR-11,Jung-gu/중구,KR-11-13,Namil-dong/남일동,KR-11-13-185
Seoul/서울,KR-11,Jung-gu/중구,KR-11-13,Namoe-dong/남외동,KR-11-13-186
Seoul/서울,KR-11,Jung-gu/중구,KR-11-13,Nampodong 1(il)-ga/남포동1가,KR-11-13-187
Seoul/서울,KR-11,Jung-gu/중구,KR-11-13,Nampodong 2(i)-ga/남포동2가,KR-11-13-188
Seoul/서울,KR-11,Jung-gu/중구,KR-11-13,Nampodong 3(sam)-ga/남포동3가,KR-11-13-189
Seoul/서울,KR-11,Jung-gu/중구,KR-11-13,Nampodong 4(sa)-ga/남포동4가,KR-11-13-190
Seoul/서울,KR-11,Jung-gu/중구,KR-11-13,Nampodong 5(o)-ga/남포동5가,KR-11-13-191
Seoul/서울,KR-11,Jung-gu/중구,KR-11-13,Nampodong 6(yuk)-ga/남포동6가,KR-11-13-192
Seoul/서울,KR-11,Jung-gu/중구,KR-11-13,Nampo-dong/남포동,KR-11-13-193
Seoul/서울,KR-11,Jung-gu/중구,KR-11-13,Namsan 1(il)-dong/남산1동,KR-11-13-194
Seoul/서울,KR-11,Jung-gu/중구,KR-11-13,Namsan 2(i)-dong/남산2동,KR-11-13-195
Seoul/서울,KR-11,Jung-gu/중구,KR-11-13,Namsan 3(sam)-dong/남산3동,KR-11-13-196
Seoul/서울,KR-11,Jung-gu/중구,KR-11-13,Namsan 4(sa)-dong/남산4동,KR-11-13-197
Seoul/서울,KR-11,Jung-gu/중구,KR-11-13,Namsandong 1(il)-ga/남산동1가,KR-11-13-198
Seoul/서울,KR-11,Jung-gu/중구,KR-11-13,Namsandong 2(i)-ga/남산동2가,KR-11-13-199
Seoul/서울,KR-11,Jung-gu/중구,KR-11-13,Namsandong 3(sam)-ga/남산동3가,KR-11-13-200
Seoul/서울,KR-11,Jung-gu/중구,KR-11-13,Namsan-dong/남산동,KR-11-13-201
Seoul/서울,KR-11,Jung-gu/중구,KR-11-13,Namseongno/남성로,KR-11-13-202
Seoul/서울,KR-11,Jung-gu/중구,KR-11-13,Ojang-dong/오장동,KR-11-13-203
Seoul/서울,KR-11,Jung-gu/중구,KR-11-13,Okgye-dong/옥계동,KR-11-13-204
Seoul/서울,KR-11,Jung-gu/중구,KR-11-13,Okgyo-dong/옥교동,KR-11-13-205
Seoul/서울,KR-11,Jung-gu/중구,KR-11-13,Oryu-dong/오류동,KR-11-13-206
Seoul/서울,KR-11,Jung-gu/중구,KR-11-13,Pildong 1(il)-ga/필동1가,KR-11-13-207
Seoul/서울,KR-11,Jung-gu/중구,KR-11-13,Pildong 2(i)-ga/필동2가,KR-11-13-208
Seoul/서울,KR-11,Jung-gu/중구,KR-11-13,Pildong 3(sam)-ga/필동3가,KR-11-13-209
Seoul/서울,KR-11,Jung-gu/중구,KR-11-13,Pojeong-dong/포정동,KR-11-13-210
Seoul/서울,KR-11,Jung-gu/중구,KR-11-13,Sa-dong/사동,KR-11-13-211
Seoul/서울,KR-11,Jung-gu/중구,KR-11-13,Sail-dong/사일동,KR-11-13-212
Seoul/서울,KR-11,Jung-gu/중구,KR-11-13,Sajeong-dong/사정동,KR-11-13-213
Seoul/서울,KR-11,Jung-gu/중구,KR-11-13,Samdeokdong 1(il)-ga/삼덕동1가,KR-11-13-214
Seoul/서울,KR-11,Jung-gu/중구,KR-11-13,Samdeokdong 2(i)-ga/삼덕동2가,KR-11-13-215
Seoul/서울,KR-11,Jung-gu/중구,KR-11-13,Samdeokdong 3(sam)-ga/삼덕동3가,KR-11-13-216
Seoul/서울,KR-11,Jung-gu/중구,KR-11-13,Samgak-dong/삼각동,KR-11-13-217
Seoul/서울,KR-11,Jung-gu/중구,KR-11-13,Sangdeok-dong/상덕동,KR-11-13-218
Seoul/서울,KR-11,Jung-gu/중구,KR-11-13,Sangseo-dong/상서동,KR-11-13-219
Seoul/서울,KR-11,Jung-gu/중구,KR-11-13,Sanrim-dong/산림동,KR-11-13-220
Seoul/서울,KR-11,Jung-gu/중구,KR-11-13,Sanseong-dong/산성동,KR-11-13-221
Seoul/서울,KR-11,Jung-gu/중구,KR-11-13,Seodaejeonucheguksaseoham/서대전우체국사서함,KR-11-13-222
Seoul/서울,KR-11,Jung-gu/중구,KR-11-13,Seo-dong/서동,KR-11-13-223
Seoul/서울,KR-11,Jung-gu/중구,KR-11-13,Seokgyo-dong/석교동,KR-11-13-224
Seoul/서울,KR-11,Jung-gu/중구,KR-11-13,Seomunro 1(il)-ga/서문로1가,KR-11-13-225
Seoul/서울,KR-11,Jung-gu/중구,KR-11-13,Seomunro 2(i)-ga/서문로2가,KR-11-13-226
Seoul/서울,KR-11,Jung-gu/중구,KR-11-13,Seonae-dong/서내동,KR-11-13-227
Seoul/서울,KR-11,Jung-gu/중구,KR-11-13,Seongan-dong/성안동,KR-11-13-228
Seoul/서울,KR-11,Jung-gu/중구,KR-11-13,Seongnam-dong/성남동,KR-11-13-229
Seoul/서울,KR-11,Jung-gu/중구,KR-11-13,Seonhwa-dong/선화동,KR-11-13-230
Seoul/서울,KR-11,Jung-gu/중구,KR-11-13,Seonhwa-dong/선화동,KR-11-13-230
Seoul/서울,KR-11,Jung-gu/중구,KR-11-13,Seonrin-dong/선린동,KR-11-13-231
Seoul/서울,KR-11,Jung-gu/중구,KR-11-13,Seoseongro 1(il)-ga/서성로1가,KR-11-13-232
Seoul/서울,KR-11,Jung-gu/중구,KR-11-13,Seoseongro 2(i)-ga/서성로2가,KR-11-13-233
Seoul/서울,KR-11,Jung-gu/중구,KR-11-13,Seosomun-dong/서소문동,KR-11-13-234
Seoul/서울,KR-11,Jung-gu/중구,KR-11-13,Seoya-dong/서야동,KR-11-13-235
Seoul/서울,KR-11,Jung-gu/중구,KR-11-13,Sijangbugno/시장북로,KR-11-13-236
Seoul/서울,KR-11,Jung-gu/중구,KR-11-13,Sinchangdong 1(il)-ga/신창동1가,KR-11-13-237
Seoul/서울,KR-11,Jung-gu/중구,KR-11-13,Sinchangdong 2(i)-ga/신창동2가,KR-11-13-238
Seoul/서울,KR-11,Jung-gu/중구,KR-11-13,Sinchangdong 3(sam)-ga/신창동3가,KR-11-13-239
Seoul/서울,KR-11,Jung-gu/중구,KR-11-13,Sinchangdong 4(sa)-ga/신창동4가,KR-11-13-240
Seoul/서울,KR-11,Jung-gu/중구,KR-11-13,Sinchang-dong/신창동,KR-11-13-241
Seoul/서울,KR-11,Jung-gu/중구,KR-11-13,Sindang 1(il)-dong/신당1동,KR-11-13-242
Seoul/서울,KR-11,Jung-gu/중구,KR-11-13,Sindang 2(i)-dong/신당2동,KR-11-13-243
Seoul/서울,KR-11,Jung-gu/중구,KR-11-13,Sindang 3(sam)-dong/신당3동,KR-11-13-244
Seoul/서울,KR-11,Jung-gu/중구,KR-11-13,Sindang 4(sa)-dong/신당4동,KR-11-13-245
Seoul/서울,KR-11,Jung-gu/중구,KR-11-13,Sindang 5(o)-dong/신당5동,KR-11-13-246
Seoul/서울,KR-11,Jung-gu/중구,KR-11-13,Sindang 6(yuk)-dong/신당6동,KR-11-13-247
Seoul/서울,KR-11,Jung-gu/중구,KR-11-13,Sindang-dong/신당동,KR-11-13-248
Seoul/서울,KR-11,Jung-gu/중구,KR-11-13,Sinheungdong 1(il)-ga/신흥동1가,KR-11-13-249
Seoul/서울,KR-11,Jung-gu/중구,KR-11-13,Sinheungdong 2(i)-ga/신흥동2가,KR-11-13-250
Seoul/서울,KR-11,Jung-gu/중구,KR-11-13,Sinheungdong 3(sam)-ga/신흥동3가,KR-11-13-251
Seoul/서울,KR-11,Jung-gu/중구,KR-11-13,Sinpo-dong/신포동,KR-11-13-252
Seoul/서울,KR-11,Jung-gu/중구,KR-11-13,Sinsaeng-dong/신생동,KR-11-13-253
Seoul/서울,KR-11,Jung-gu/중구,KR-11-13,Sogong-dong/소공동,KR-11-13-254
Seoul/서울,KR-11,Jung-gu/중구,KR-11-13,Songhakdong 1(il)-ga/송학동1가,KR-11-13-255
Seoul/서울,KR-11,Jung-gu/중구,KR-11-13,Songhakdong 2(i)-ga/송학동2가,KR-11-13-256
Seoul/서울,KR-11,Jung-gu/중구,KR-11-13,Songhakdong 3(sam)-ga/송학동3가,KR-11-13-257
Seoul/서울,KR-11,Jung-gu/중구,KR-11-13,Songwoldong 1(il)-ga/송월동1가,KR-11-13-258
Seoul/서울,KR-11,Jung-gu/중구,KR-11-13,Songwoldong 2(i)-ga/송월동2가,KR-11-13-259
Seoul/서울,KR-11,Jung-gu/중구,KR-11-13,Songwoldong 3(sam)-ga/송월동3가,KR-11-13-260
Seoul/서울,KR-11,Jung-gu/중구,KR-11-13,Ssangrim-dong/쌍림동,KR-11-13-261
Seoul/서울,KR-11,Jung-gu/중구,KR-11-13,Suchang-dong/수창동,KR-11-13-262
Seoul/서울,KR-11,Jung-gu/중구,KR-11-13,Su-dong/수동,KR-11-13-263
Seoul/서울,KR-11,Jung-gu/중구,KR-11-13,Suha-dong/수하동,KR-11-13-264
Seoul/서울,KR-11,Jung-gu/중구,KR-11-13,Sunhwa-dong/순화동,KR-11-13-265
Seoul/서울,KR-11,Jung-gu/중구,KR-11-13,Supyo-dong/수표동,KR-11-13-266
Seoul/서울,KR-11,Jung-gu/중구,KR-11-13,Taehwa-dong/태화동,KR-11-13-267
Seoul/서울,KR-11,Jung-gu/중구,KR-11-13,Taepyeong 1(il)-dong/태평1동,KR-11-13-268
Seoul/서울,KR-11,Jung-gu/중구,KR-11-13,Taepyeong 2(i)-dong/태평2동,KR-11-13-269
Seoul/서울,KR-11,Jung-gu/중구,KR-11-13,Taepyeong-dong/태평동,KR-11-13-270
Seoul/서울,KR-11,Jung-gu/중구,KR-11-13,Taepyeongro 1(il)-ga/태평로1가,KR-11-13-271
Seoul/서울,KR-11,Jung-gu/중구,KR-11-13,Taepyeongro 1(il)-ga/태평로1가,KR-11-13-271
Seoul/서울,KR-11,Jung-gu/중구,KR-11-13,Taepyeongro 2(i)-ga/태평로2가,KR-11-13-272
Seoul/서울,KR-11,Jung-gu/중구,KR-11-13,Taepyeongro 2(i)-ga/태평로2가,KR-11-13-272
Seoul/서울,KR-11,Jung-gu/중구,KR-11-13,Taepyeongro 3(sam)-ga/태평로3가,KR-11-13-273
Seoul/서울,KR-11,Jung-gu/중구,KR-11-13,Uijuro 1(il)-ga/의주로1가,KR-11-13-274
Seoul/서울,KR-11,Jung-gu/중구,KR-11-13,Uijuro 2(i)-ga/의주로2가,KR-11-13-275
Seoul/서울,KR-11,Jung-gu/중구,KR-11-13,Ujeong-dong/우정동,KR-11-13-276
Seoul/서울,KR-11,Jung-gu/중구,KR-11-13,Ulsanucheguksaseoham/울산우체국사서함,KR-11-13-277
Seoul/서울,KR-11,Jung-gu/중구,KR-11-13,Unbuk-dong/운북동,KR-11-13-278
Seoul/서울,KR-11,Jung-gu/중구,KR-11-13,Unnam-dong/운남동,KR-11-13-279
Seoul/서울,KR-11,Jung-gu/중구,KR-11-13,Unseo-dong/운서동,KR-11-13-280
Seoul/서울,KR-11,Jung-gu/중구,KR-11-13,Wanjeon-dong/완전동,KR-11-13-281
Seoul/서울,KR-11,Jung-gu/중구,KR-11-13,Yaksa-dong/약사동,KR-11-13-282
Seoul/서울,KR-11,Jung-gu/중구,KR-11-13,Yegwan-dong/예관동,KR-11-13-283
Seoul/서울,KR-11,Jung-gu/중구,KR-11-13,Yejang-dong/예장동,KR-11-13-284
Seoul/서울,KR-11,Jung-gu/중구,KR-11-13,Yeongju 1(il)-dong/영주1동,KR-11-13-285
Seoul/서울,KR-11,Jung-gu/중구,KR-11-13,Yeongju 2(i)-dong/영주2동,KR-11-13-286
Seoul/서울,KR-11,Jung-gu/중구,KR-11-13,Yeongju-dong/영주동,KR-11-13-287
Seoul/서울,KR-11,Jung-gu/중구,KR-11-13,Yongdeok-dong/용덕동,KR-11-13-288
Seoul/서울,KR-11,Jung-gu/중구,KR-11-13,Yong-dong/용동,KR-11-13-289
Seoul/서울,KR-11,Jung-gu/중구,KR-11-13,Yongdu-dong/용두동,KR-11-13-290
Seoul/서울,KR-11,Jung-gu/중구,KR-11-13,Yucheon 1(il)-dong/유천1동,KR-11-13-291
Seoul/서울,KR-11,Jung-gu/중구,KR-11-13,Yucheon 2(i)-dong/유천2동,KR-11-13-292
Seoul/서울,KR-11,Jung-gu/중구,KR-11-13,Yucheon-dong/유천동,KR-11-13-293
Seoul/서울,KR-11,Jung-gu/중구,KR-11-13,Yu-dong/유동,KR-11-13-294
Seoul/서울,KR-11,Jung-gu/중구,KR-11-13,Yugok-dong/유곡동,KR-11-13-295
Seoul/서울,KR-11,Jung-gu/중구,KR-11-13,Yulmok-dong/율목동,KR-11-13-296
Seoul/서울,KR-11,Jungrang-gu/중랑구,KR-11-14,Junghwa 1(il)-dong/중화1동,KR-11-14-0
Seoul/서울,KR-11,Jungrang-gu/중랑구,KR-11-14,Junghwa 2(i)-dong/중화2동,KR-11-14-1
Seoul/서울,KR-11,Jungrang-gu/중랑구,KR-11-14,Junghwa-dong/중화동,KR-11-14-2
Seoul/서울,KR-11,Jungrang-gu/중랑구,KR-11-14,Mangu 3(sam)-dong/망우3동,KR-11-14-3
Seoul/서울,KR-11,Jungrang-gu/중랑구,KR-11-14,Mangubon-dong/망우본동,KR-11-14-4
Seoul/서울,KR-11,Jungrang-gu/중랑구,KR-11-14,Mangu-dong/망우동,KR-11-14-5
Seoul/서울,KR-11,Jungrang-gu/중랑구,KR-11-14,Mug 1(il)-dong/묵1동,KR-11-14-6
Seoul/서울,KR-11,Jungrang-gu/중랑구,KR-11-14,Mug 2(i)-dong/묵2동,KR-11-14-7
Seoul/서울,KR-11,Jungrang-gu/중랑구,KR-11-14,Muk-dong/묵동,KR-11-14-8
Seoul/서울,KR-11,Jungrang-gu/중랑구,KR-11-14,Myeonmog 2(i)-dong/면목2동,KR-11-14-9
Seoul/서울,KR-11,Jungrang-gu/중랑구,KR-11-14,Myeonmog 3.8-dong/면목3.8동,KR-11-14-10
Seoul/서울,KR-11,Jungrang-gu/중랑구,KR-11-14,Myeonmog 4(sa)-dong/면목4동,KR-11-14-11
Seoul/서울,KR-11,Jungrang-gu/중랑구,KR-11-14,Myeonmog 5(o)-dong/면목5동,KR-11-14-12
Seoul/서울,KR-11,Jungrang-gu/중랑구,KR-11-14,Myeonmog 7(chil)-dong/면목7동,KR-11-14-13
Seoul/서울,KR-11,Jungrang-gu/중랑구,KR-11-14,Myeonmokbon-dong/면목본동,KR-11-14-14
Seoul/서울,KR-11,Jungrang-gu/중랑구,KR-11-14,Myeonmok-dong/면목동,KR-11-14-15
Seoul/서울,KR-11,Jungrang-gu/중랑구,KR-11-14,Sangbong 1(il)-dong/상봉1동,KR-11-14-16
Seoul/서울,KR-11,Jungrang-gu/중랑구,KR-11-14,Sangbong 2(i)-dong/상봉2동,KR-11-14-17
Seoul/서울,KR-11,Jungrang-gu/중랑구,KR-11-14,Sangbong-dong/상봉동,KR-11-14-18
Seoul/서울,KR-11,Jungrang-gu/중랑구,KR-11-14,Seouljungrangucheguksaseoham/서울중랑우체국사서함,KR-11-14-19
Seoul/서울,KR-11,Jungrang-gu/중랑구,KR-11-14,Sinnae 1(il)-dong/신내1동,KR-11-14-20
Seoul/서울,KR-11,Jungrang-gu/중랑구,KR-11-14,Sinnae 2(i)-dong/신내2동,KR-11-14-21
Seoul/서울,KR-11,Jungrang-gu/중랑구,KR-11-14,Sinnae-dong/신내동,KR-11-14-22
Seoul/서울,KR-11,Mapo-gu/마포구,KR-11-15,Ahyeon-dong/아현동,KR-11-15-0
Seoul/서울,KR-11,Mapo-gu/마포구,KR-11-15,Changjeon-dong/창전동,KR-11-15-1
Seoul/서울,KR-11,Mapo-gu/마포구,KR-11-15,Daeheung-dong/대흥동,KR-11-15-2
Seoul/서울,KR-11,Mapo-gu/마포구,KR-11-15,Dangin-dong/당인동,KR-11-15-3
Seoul/서울,KR-11,Mapo-gu/마포구,KR-11-15,Dohwa-dong/도화동,KR-11-15-4
Seoul/서울,KR-11,Mapo-gu/마포구,KR-11-15,Donggyo-dong/동교동,KR-11-15-5
Seoul/서울,KR-11,Mapo-gu/마포구,KR-11-15,Gongdeok-dong/공덕동,KR-11-15-6
Seoul/서울,KR-11,Mapo-gu/마포구,KR-11-15,Gusu-dong/구수동,KR-11-15-7
Seoul/서울,KR-11,Mapo-gu/마포구,KR-11-15,Hajung-dong/하중동,KR-11-15-8
Seoul/서울,KR-11,Mapo-gu/마포구,KR-11-15,Hapjeong-dong/합정동,KR-11-15-9
Seoul/서울,KR-11,Mapo-gu/마포구,KR-11-15,Hyeonseok-dong/현석동,KR-11-15-10
Seoul/서울,KR-11,Mapo-gu/마포구,KR-11-15,Jung-dong/중동,KR-11-15-11
Seoul/서울,KR-11,Mapo-gu/마포구,KR-11-15,Mangwon 1(il)-dong/망원1동,KR-11-15-12
Seoul/서울,KR-11,Mapo-gu/마포구,KR-11-15,Mangwon 2(i)-dong/망원2동,KR-11-15-13
Seoul/서울,KR-11,Mapo-gu/마포구,KR-11-15,Mangwon-dong/망원동,KR-11-15-14
Seoul/서울,KR-11,Mapo-gu/마포구,KR-11-15,Mapo-dong/마포동,KR-11-15-15
Seoul/서울,KR-11,Mapo-gu/마포구,KR-11-15,Nogosan-dong/노고산동,KR-11-15-16
Seoul/서울,KR-11,Mapo-gu/마포구,KR-11-15,Sangam-dong/상암동,KR-11-15-17
Seoul/서울,KR-11,Mapo-gu/마포구,KR-11-15,Sangsu-dong/상수동,KR-11-15-18
Seoul/서울,KR-11,Mapo-gu/마포구,KR-11-15,Seogyo-dong/서교동,KR-11-15-19
Seoul/서울,KR-11,Mapo-gu/마포구,KR-11-15,Seongsan 1(il)-dong/성산1동,KR-11-15-20
Seoul/서울,KR-11,Mapo-gu/마포구,KR-11-15,Seongsan 2(i)-dong/성산2동,KR-11-15-21
Seoul/서울,KR-11,Mapo-gu/마포구,KR-11-15,Seongsan-dong/성산동,KR-11-15-22
Seoul/서울,KR-11,Mapo-gu/마포구,KR-11-15,Seoulmapoucheguksaseoham/서울마포우체국사서함,KR-11-15-23
Seoul/서울,KR-11,Mapo-gu/마포구,KR-11-15,Singongdeok-dong/신공덕동,KR-11-15-24
Seoul/서울,KR-11,Mapo-gu/마포구,KR-11-15,Sinjeong-dong/신정동,KR-11-15-25
Seoul/서울,KR-11,Mapo-gu/마포구,KR-11-15,Sinsu-dong/신수동,KR-11-15-26
Seoul/서울,KR-11,Mapo-gu/마포구,KR-11-15,Tojeong-dong/토정동,KR-11-15-27
Seoul/서울,KR-11,Mapo-gu/마포구,KR-11-15,Yeomri-dong/염리동,KR-11-15-28
Seoul/서울,KR-11,Mapo-gu/마포구,KR-11-15,Yeonnam-dong/연남동,KR-11-15-29
Seoul/서울,KR-11,Mapo-gu/마포구,KR-11-15,Yonggang-dong/용강동,KR-11-15-30
Seoul/서울,KR-11,Nowon-gu/노원구,KR-11-16,Gongreung 1.3-dong/공릉1.3동,KR-11-16-0
Seoul/서울,KR-11,Nowon-gu/노원구,KR-11-16,Gongreung 2(i)-dong/공릉2동,KR-11-16-1
Seoul/서울,KR-11,Nowon-gu/노원구,KR-11-16,Gongreung-dong/공릉동,KR-11-16-2
Seoul/서울,KR-11,Nowon-gu/노원구,KR-11-16,Hagye 1(il)-dong/하계1동,KR-11-16-3
Seoul/서울,KR-11,Nowon-gu/노원구,KR-11-16,Hagye 2(i)-dong/하계2동,KR-11-16-4
Seoul/서울,KR-11,Nowon-gu/노원구,KR-11-16,Hagye-dong/하계동,KR-11-16-5
Seoul/서울,KR-11,Nowon-gu/노원구,KR-11-16,Junggye 1(il)-dong/중계1동,KR-11-16-6
Seoul/서울,KR-11,Nowon-gu/노원구,KR-11-16,Junggye 3(sam)-dong/중계2.3동,KR-11-16-7
Seoul/서울,KR-11,Nowon-gu/노원구,KR-11-16,Junggye 4(sa)-dong/중계4동,KR-11-16-8
Seoul/서울,KR-11,Nowon-gu/노원구,KR-11-16,Junggyebon-dong/중계본동,KR-11-16-9
Seoul/서울,KR-11,Nowon-gu/노원구,KR-11-16,Junggye-dong/중계동,KR-11-16-10
Seoul/서울,KR-11,Nowon-gu/노원구,KR-11-16,Sanggye 1(il)-dong/상계1동,KR-11-16-11
Seoul/서울,KR-11,Nowon-gu/노원구,KR-11-16,Sanggye 10(sip)-dong/상계10동,KR-11-16-12
Seoul/서울,KR-11,Nowon-gu/노원구,KR-11-16,Sanggye 2(i)-dong/상계2동,KR-11-16-13
Seoul/서울,KR-11,Nowon-gu/노원구,KR-11-16,Sanggye 3.4-dong/상계3.4동,KR-11-16-14
Seoul/서울,KR-11,Nowon-gu/노원구,KR-11-16,Sanggye 5(o)-dong/상계5동,KR-11-16-15
Seoul/서울,KR-11,Nowon-gu/노원구,KR-11-16,Sanggye 6.7-dong/상계6.7동,KR-11-16-16
Seoul/서울,KR-11,Nowon-gu/노원구,KR-11-16,Sanggye 8(pal)-dong/상계8동,KR-11-16-17
Seoul/서울,KR-11,Nowon-gu/노원구,KR-11-16,Sanggye 9(gu)-dong/상계9동,KR-11-16-18
Seoul/서울,KR-11,Nowon-gu/노원구,KR-11-16,Sanggye-dong/상계동,KR-11-16-19
Seoul/서울,KR-11,Nowon-gu/노원구,KR-11-16,Seoulnowonucheguksaseoham/서울노원우체국사서함,KR-11-16-20
Seoul/서울,KR-11,Nowon-gu/노원구,KR-11-16,Wolgye 1(il)-dong/월계1동,KR-11-16-21
Seoul/서울,KR-11,Nowon-gu/노원구,KR-11-16,Wolgye 2(i)-dong/월계2동,KR-11-16-22
Seoul/서울,KR-11,Nowon-gu/노원구,KR-11-16,Wolgye 3(sam)-dong/월계3동,KR-11-16-23
Seoul/서울,KR-11,Nowon-gu/노원구,KR-11-16,Wolgye-dong/월계동,KR-11-16-24
Seoul/서울,KR-11,Seocho-gu/서초구,KR-11-17,Bangbae 1(il)-dong/방배1동,KR-11-17-0
Seoul/서울,KR-11,Seocho-gu/서초구,KR-11-17,Bangbae 2(i)-dong/방배2동,KR-11-17-1
Seoul/서울,KR-11,Seocho-gu/서초구,KR-11-17,Bangbae 3(sam)-dong/방배3동,KR-11-17-2
Seoul/서울,KR-11,Seocho-gu/서초구,KR-11-17,Bangbae 4(sa)-dong/방배4동,KR-11-17-3
Seoul/서울,KR-11,Seocho-gu/서초구,KR-11-17,Bangbaebon-dong/방배본동,KR-11-17-4
Seoul/서울,KR-11,Seocho-gu/서초구,KR-11-17,Bangbae-dong/방배동,KR-11-17-5
Seoul/서울,KR-11,Seocho-gu/서초구,KR-11-17,Banpo 1(il)-dong/반포1동,KR-11-17-6
Seoul/서울,KR-11,Seocho-gu/서초구,KR-11-17,Banpo 2(i)-dong/반포2동,KR-11-17-7
Seoul/서울,KR-11,Seocho-gu/서초구,KR-11-17,Banpo 3(sam)-dong/반포3동,KR-11-17-8
Seoul/서울,KR-11,Seocho-gu/서초구,KR-11-17,Banpo 4(sa)-dong/반포4동,KR-11-17-9
Seoul/서울,KR-11,Seocho-gu/서초구,KR-11-17,Banpobon-dong/반포본동,KR-11-17-10
Seoul/서울,KR-11,Seocho-gu/서초구,KR-11-17,Banpo-dong/반포동,KR-11-17-11
Seoul/서울,KR-11,Seocho-gu/서초구,KR-11-17,Jamwon-dong/잠원동,KR-11-17-12
Seoul/서울,KR-11,Seocho-gu/서초구,KR-11-17,Naegok-dong/내곡동,KR-11-17-13
Seoul/서울,KR-11,Seocho-gu/서초구,KR-11-17,Seocho 1(il)-dong/서초1동,KR-11-17-14
Seoul/서울,KR-11,Seocho-gu/서초구,KR-11-17,Seocho 2(i)-dong/서초2동,KR-11-17-15
Seoul/서울,KR-11,Seocho-gu/서초구,KR-11-17,Seocho 3(sam)-dong/서초3동,KR-11-17-16
Seoul/서울,KR-11,Seocho-gu/서초구,KR-11-17,Seocho 4(sa)-dong/서초4동,KR-11-17-17
Seoul/서울,KR-11,Seocho-gu/서초구,KR-11-17,Seocho-dong/서초동,KR-11-17-18
Seoul/서울,KR-11,Seocho-gu/서초구,KR-11-17,Seoulseochoucheguksaseoham/서울서초우체국사서함,KR-11-17-19
Seoul/서울,KR-11,Seocho-gu/서초구,KR-11-17,Sinwon-dong/신원동,KR-11-17-20
Seoul/서울,KR-11,Seocho-gu/서초구,KR-11-17,Umyeon-dong/우면동,KR-11-17-21
Seoul/서울,KR-11,Seocho-gu/서초구,KR-11-17,Wonji-dong/원지동,KR-11-17-22
Seoul/서울,KR-11,Seocho-gu/서초구,KR-11-17,Yangjae 1(il)-dong/양재1동,KR-11-17-23
Seoul/서울,KR-11,Seocho-gu/서초구,KR-11-17,Yangjae 2(i)-dong/양재2동,KR-11-17-24
Seoul/서울,KR-11,Seocho-gu/서초구,KR-11-17,Yangjae-dong/양재동,KR-11-17-25
Seoul/서울,KR-11,Seocho-gu/서초구,KR-11-17,Yeomgok-dong/염곡동,KR-11-17-26
Seoul/서울,KR-11,Seodaemun-gu/서대문구,KR-11-18,Bongwon-dong/봉원동,KR-11-18-0
Seoul/서울,KR-11,Seodaemun-gu/서대문구,KR-11-18,Bugahyeon-dong/북아현동,KR-11-18-1
Seoul/서울,KR-11,Seodaemun-gu/서대문구,KR-11-18,Bukgajwa 1(il)-dong/북가좌1동,KR-11-18-2
Seoul/서울,KR-11,Seodaemun-gu/서대문구,KR-11-18,Bukgajwa 2(i)-dong/북가좌2동,KR-11-18-3
Seoul/서울,KR-11,Seodaemun-gu/서대문구,KR-11-18,Bukgajwa-dong/북가좌동,KR-11-18-4
Seoul/서울,KR-11,Seodaemun-gu/서대문구,KR-11-18,Changcheon-dong/창천동,KR-11-18-5
Seoul/서울,KR-11,Seodaemun-gu/서대문구,KR-11-18,Cheonyeon-dong/천연동,KR-11-18-6
Seoul/서울,KR-11,Seodaemun-gu/서대문구,KR-11-18,Chungjeongro 2(i)-ga/충정로2가,KR-11-18-7
Seoul/서울,KR-11,Seodaemun-gu/서대문구,KR-11-18,Chungjeongro 3(sam)-ga/충정로3가,KR-11-18-8
Seoul/서울,KR-11,Seodaemun-gu/서대문구,KR-11-18,Daehyeon-dong/대현동,KR-11-18-9
Seoul/서울,KR-11,Seodaemun-gu/서대문구,KR-11-18,Daesin-dong/대신동,KR-11-18-10
Seoul/서울,KR-11,Seodaemun-gu/서대문구,KR-11-18,Hap-dong/합동,KR-11-18-11
Seoul/서울,KR-11,Seodaemun-gu/서대문구,KR-11-18,Hongeun 1(il)-dong/홍은1동,KR-11-18-12
Seoul/서울,KR-11,Seodaemun-gu/서대문구,KR-11-18,Hongeun 2(i)-dong/홍은2동,KR-11-18-13
Seoul/서울,KR-11,Seodaemun-gu/서대문구,KR-11-18,Hongeun-dong/홍은동,KR-11-18-14
Seoul/서울,KR-11,Seodaemun-gu/서대문구,KR-11-18,Hongje 1(il)-dong/홍제1동,KR-11-18-15
Seoul/서울,KR-11,Seodaemun-gu/서대문구,KR-11-18,Hongje 2(i)-dong/홍제2동,KR-11-18-16
Seoul/서울,KR-11,Seodaemun-gu/서대문구,KR-11-18,Hongje 3(sam)-dong/홍제3동,KR-11-18-17
Seoul/서울,KR-11,Seodaemun-gu/서대문구,KR-11-18,Hongje-dong/홍제동,KR-11-18-18
Seoul/서울,KR-11,Seodaemun-gu/서대문구,KR-11-18,Hyeonjeo-dong/현저동,KR-11-18-19
Seoul/서울,KR-11,Seodaemun-gu/서대문구,KR-11-18,Migeun-dong/미근동,KR-11-18-20
Seoul/서울,KR-11,Seodaemun-gu/서대문구,KR-11-18,Naengcheon-dong/냉천동,KR-11-18-21
Seoul/서울,KR-11,Seodaemun-gu/서대문구,KR-11-18,Namgajwa 1(il)-dong/남가좌1동,KR-11-18-22
Seoul/서울,KR-11,Seodaemun-gu/서대문구,KR-11-18,Namgajwa 2(i)-dong/남가좌2동,KR-11-18-23
Seoul/서울,KR-11,Seodaemun-gu/서대문구,KR-11-18,Namgajwa-dong/남가좌동,KR-11-18-24
Seoul/서울,KR-11,Seodaemun-gu/서대문구,KR-11-18,Okcheon-dong/옥천동,KR-11-18-25
Seoul/서울,KR-11,Seodaemun-gu/서대문구,KR-11-18,Seodaemunucheguksaseoham/서대문우체국사서함,KR-11-18-26
Seoul/서울,KR-11,Seodaemun-gu/서대문구,KR-11-18,Seoulchungjeongroucheguksaseoham/서울충정로우체국사서함,KR-11-18-27
Seoul/서울,KR-11,Seodaemun-gu/서대문구,KR-11-18,Sinchon-dong/신촌동,KR-11-18-28
Seoul/서울,KR-11,Seodaemun-gu/서대문구,KR-11-18,Yeongcheon-dong/영천동,KR-11-18-29
Seoul/서울,KR-11,Seodaemun-gu/서대문구,KR-11-18,Yeonhui-dong/연희동,KR-11-18-30
Seoul/서울,KR-11,Seongbuk-gu/성북구,KR-11-19,Anamdong 1(il)-ga/안암동1가,KR-11-19-0
Seoul/서울,KR-11,Seongbuk-gu/성북구,KR-11-19,Anamdong 2(i)-ga/안암동2가,KR-11-19-1
Seoul/서울,KR-11,Seongbuk-gu/성북구,KR-11-19,Anamdong 3(sam)-ga/안암동3가,KR-11-19-2
Seoul/서울,KR-11,Seongbuk-gu/성북구,KR-11-19,Anamdong 4(sa)-ga/안암동4가,KR-11-19-3
Seoul/서울,KR-11,Seongbuk-gu/성북구,KR-11-19,Anamdong 5(o)-ga/안암동5가,KR-11-19-4
Seoul/서울,KR-11,Seongbuk-gu/성북구,KR-11-19,Bomundong 1(il)-ga/보문동1가,KR-11-19-5
Seoul/서울,KR-11,Seongbuk-gu/성북구,KR-11-19,Bomundong 2(i)-ga/보문동2가,KR-11-19-6
Seoul/서울,KR-11,Seongbuk-gu/성북구,KR-11-19,Bomundong 3(sam)-ga/보문동3가,KR-11-19-7
Seoul/서울,KR-11,Seongbuk-gu/성북구,KR-11-19,Bomundong 4(sa)-ga/보문동4가,KR-11-19-8
Seoul/서울,KR-11,Seongbuk-gu/성북구,KR-11-19,Bomundong 5(o)-ga/보문동5가,KR-11-19-9
Seoul/서울,KR-11,Seongbuk-gu/성북구,KR-11-19,Bomundong 6(yuk)-ga/보문동6가,KR-11-19-10
Seoul/서울,KR-11,Seongbuk-gu/성북구,KR-11-19,Bomundong 7(chil)-ga/보문동7가,KR-11-19-11
Seoul/서울,KR-11,Seongbuk-gu/성북구,KR-11-19,Donam 1(il)-dong/돈암1동,KR-11-19-12
Seoul/서울,KR-11,Seongbuk-gu/성북구,KR-11-19,Donam 2(i)-dong/돈암2동,KR-11-19-13
Seoul/서울,KR-11,Seongbuk-gu/성북구,KR-11-19,Donam-dong/돈암동,KR-11-19-14
Seoul/서울,KR-11,Seongbuk-gu/성북구,KR-11-19,Dongseondong 1(il)-ga/동선동1가,KR-11-19-15
Seoul/서울,KR-11,Seongbuk-gu/성북구,KR-11-19,Dongseondong 2(i)-ga/동선동2가,KR-11-19-16
Seoul/서울,KR-11,Seongbuk-gu/성북구,KR-11-19,Dongseondong 3(sam)-ga/동선동3가,KR-11-19-17
Seoul/서울,KR-11,Seongbuk-gu/성북구,KR-11-19,Dongseondong 4(sa)-ga/동선동4가,KR-11-19-18
Seoul/서울,KR-11,Seongbuk-gu/성북구,KR-11-19,Dongseondong 5(o)-ga/동선동5가,KR-11-19-19
Seoul/서울,KR-11,Seongbuk-gu/성북구,KR-11-19,Dongsomundong 1(il)-ga/동소문동1가,KR-11-19-20
Seoul/서울,KR-11,Seongbuk-gu/성북구,KR-11-19,Dongsomundong 2(i)-ga/동소문동2가,KR-11-19-21
Seoul/서울,KR-11,Seongbuk-gu/성북구,KR-11-19,Dongsomundong 3(sam)-ga/동소문동3가,KR-11-19-22
Seoul/서울,KR-11,Seongbuk-gu/성북구,KR-11-19,Dongsomundong 4(sa)-ga/동소문동4가,KR-11-19-23
Seoul/서울,KR-11,Seongbuk-gu/성북구,KR-11-19,Dongsomundong 5(o)-ga/동소문동5가,KR-11-19-24
Seoul/서울,KR-11,Seongbuk-gu/성북구,KR-11-19,Dongsomundong 6(yuk)-ga/동소문동6가,KR-11-19-25
Seoul/서울,KR-11,Seongbuk-gu/성북구,KR-11-19,Dongsomundong 7(chil)-ga/동소문동7가,KR-11-19-26
Seoul/서울,KR-11,Seongbuk-gu/성북구,KR-11-19,Gireum 1(il)-dong/길음1동,KR-11-19-27
Seoul/서울,KR-11,Seongbuk-gu/성북구,KR-11-19,Gireum 2(i)-dong/길음2동,KR-11-19-28
Seoul/서울,KR-11,Seongbuk-gu/성북구,KR-11-19,Gireum-dong/길음동,KR-11-19-29
Seoul/서울,KR-11,Seongbuk-gu/성북구,KR-11-19,Hawolgok-dong/하월곡동,KR-11-19-30
Seoul/서울,KR-11,Seongbuk-gu/성북구,KR-11-19,Jangwi 1(il)-dong/장위1동,KR-11-19-31
Seoul/서울,KR-11,Seongbuk-gu/성북구,KR-11-19,Jangwi 2(i)-dong/장위2동,KR-11-19-32
Seoul/서울,KR-11,Seongbuk-gu/성북구,KR-11-19,Jangwi 3(sam)-dong/장위3동,KR-11-19-33
Seoul/서울,KR-11,Seongbuk-gu/성북구,KR-11-19,Jangwi-dong/장위동,KR-11-19-34
Seoul/서울,KR-11,Seongbuk-gu/성북구,KR-11-19,Jeongreung 1(il)-dong/정릉1동,KR-11-19-35
Seoul/서울,KR-11,Seongbuk-gu/성북구,KR-11-19,Jeongreung 2(i)-dong/정릉2동,KR-11-19-36
Seoul/서울,KR-11,Seongbuk-gu/성북구,KR-11-19,Jeongreung 3(sam)-dong/정릉3동,KR-11-19-37
Seoul/서울,KR-11,Seongbuk-gu/성북구,KR-11-19,Jeongreung 4(sa)-dong/정릉4동,KR-11-19-38
Seoul/서울,KR-11,Seongbuk-gu/성북구,KR-11-19,Jeongreung-dong/정릉동,KR-11-19-39
Seoul/서울,KR-11,Seongbuk-gu/성북구,KR-11-19,Jongam-dong/종암동,KR-11-19-40
Seoul/서울,KR-11,Seongbuk-gu/성북구,KR-11-19,Samseondong 1(il)-ga/삼선동1가,KR-11-19-41
Seoul/서울,KR-11,Seongbuk-gu/성북구,KR-11-19,Samseondong 2(i)-ga/삼선동2가,KR-11-19-42
Seoul/서울,KR-11,Seongbuk-gu/성북구,KR-11-19,Samseondong 3(sam)-ga/삼선동3가,KR-11-19-43
Seoul/서울,KR-11,Seongbuk-gu/성북구,KR-11-19,Samseondong 4(sa)-ga/삼선동4가,KR-11-19-44
Seoul/서울,KR-11,Seongbuk-gu/성북구,KR-11-19,Samseondong 5(o)-ga/삼선동5가,KR-11-19-45
Seoul/서울,KR-11,Seongbuk-gu/성북구,KR-11-19,Sangwolgok-dong/상월곡동,KR-11-19-46
Seoul/서울,KR-11,Seongbuk-gu/성북구,KR-11-19,Seokgwan-dong/석관동,KR-11-19-47
Seoul/서울,KR-11,Seongbuk-gu/성북구,KR-11-19,Seongbukdong 1(il)-ga/성북동1가,KR-11-19-48
Seoul/서울,KR-11,Seongbuk-gu/성북구,KR-11-19,Seongbuk-dong/성북동,KR-11-19-49
Seoul/서울,KR-11,Seongbuk-gu/성북구,KR-11-19,Seoulseongbugucheguksaseoham/서울성북우체국사서함,KR-11-19-50
Seoul/서울,KR-11,Seongbuk-gu/성북구,KR-11-19,Wolgog 1(il)-dong/월곡1동,KR-11-19-51
Seoul/서울,KR-11,Seongbuk-gu/성북구,KR-11-19,Wolgog 2(i)-dong/월곡2동,KR-11-19-52
Seoul/서울,KR-11,Seongdong-gu/성동구,KR-11-20,Doseon-dong/도선동,KR-11-20-0
Seoul/서울,KR-11,Seongdong-gu/성동구,KR-11-20,Eungbong-dong/응봉동,KR-11-20-1
Seoul/서울,KR-11,Seongdong-gu/성동구,KR-11-20,Geumhodong 1(il)-ga/금호동1가,KR-11-20-2
Seoul/서울,KR-11,Seongdong-gu/성동구,KR-11-20,Geumhodong 2(i)-ga/금호동2가,KR-11-20-3
Seoul/서울,KR-11,Seongdong-gu/성동구,KR-11-20,Geumhodong 3(sam)-ga/금호동3가,KR-11-20-4
Seoul/서울,KR-11,Seongdong-gu/성동구,KR-11-20,Geumhodong 4(sa)-ga/금호동4가,KR-11-20-5
Seoul/서울,KR-11,Seongdong-gu/성동구,KR-11-20,Haengdang 1(il)-dong/행당1동,KR-11-20-6
Seoul/서울,KR-11,Seongdong-gu/성동구,KR-11-20,Haengdang 2(i)-dong/행당2동,KR-11-20-7
Seoul/서울,KR-11,Seongdong-gu/성동구,KR-11-20,Haengdang-dong/행당동,KR-11-20-8
Seoul/서울,KR-11,Seongdong-gu/성동구,KR-11-20,Hawangsipri-dong/하왕십리동,KR-11-20-9
Seoul/서울,KR-11,Seongdong-gu/성동구,KR-11-20,Hongik-dong/홍익동,KR-11-20-10
Seoul/서울,KR-11,Seongdong-gu/성동구,KR-11-20,Majang-dong/마장동,KR-11-20-11
Seoul/서울,KR-11,Seongdong-gu/성동구,KR-11-20,Oksu-dong/옥수동,KR-11-20-12
Seoul/서울,KR-11,Seongdong-gu/성동구,KR-11-20,Sageun-dong/사근동,KR-11-20-13
Seoul/서울,KR-11,Seongdong-gu/성동구,KR-11-20,Sangwangsipri-dong/상왕십리동,KR-11-20-14
Seoul/서울,KR-11,Seongdong-gu/성동구,KR-11-20,Seongsu ga 1(il)-dong/성수1가1동,KR-11-20-15
Seoul/서울,KR-11,Seongdong-gu/성동구,KR-11-20,Seongsu ga 2(i)-dong/성수1가2동,KR-11-20-16
Seoul/서울,KR-11,Seongdong-gu/성동구,KR-11-20,Seongsu ga 2(i)-dong/성수2가1동,KR-11-20-17
Seoul/서울,KR-11,Seongdong-gu/성동구,KR-11-20,Seongsu ga 3(sam)-dong/성수2가3동,KR-11-20-18
Seoul/서울,KR-11,Seongdong-gu/성동구,KR-11-20,Seongsudong 1(il)-ga/성수동1가,KR-11-20-19
Seoul/서울,KR-11,Seongdong-gu/성동구,KR-11-20,Seongsudong 2(i)-ga/성수동2가,KR-11-20-20
Seoul/서울,KR-11,Seongdong-gu/성동구,KR-11-20,Seoulseongdongucheguksaseoham/서울성동우체국사서함,KR-11-20-21
Seoul/서울,KR-11,Seongdong-gu/성동구,KR-11-20,Songjeong-dong/송정동,KR-11-20-22
Seoul/서울,KR-11,Seongdong-gu/성동구,KR-11-20,Wangsipri 2(i)-dong/왕십리2동,KR-11-20-23
Seoul/서울,KR-11,Seongdong-gu/성동구,KR-11-20,Yongdap-dong/용답동,KR-11-20-24
Seoul/서울,KR-11,Songpa-gu/송파구,KR-11-21,Bangi 1(il)-dong/방이1동,KR-11-21-0
Seoul/서울,KR-11,Songpa-gu/송파구,KR-11-21,Bangi 2(i)-dong/방이2동,KR-11-21-1
Seoul/서울,KR-11,Songpa-gu/송파구,KR-11-21,Bangi-dong/방이동,KR-11-21-2
Seoul/서울,KR-11,Songpa-gu/송파구,KR-11-21,Garag 1(il)-dong/가락1동,KR-11-21-3
Seoul/서울,KR-11,Songpa-gu/송파구,KR-11-21,Garag 2(i)-dong/가락2동,KR-11-21-4
Seoul/서울,KR-11,Songpa-gu/송파구,KR-11-21,Garakbon-dong/가락본동,KR-11-21-5
Seoul/서울,KR-11,Songpa-gu/송파구,KR-11-21,Garak-dong/가락동,KR-11-21-6
Seoul/서울,KR-11,Songpa-gu/송파구,KR-11-21,Geoyeo 1(il)-dong/거여1동,KR-11-21-7
Seoul/서울,KR-11,Songpa-gu/송파구,KR-11-21,Geoyeo 2(i)-dong/거여2동,KR-11-21-8
Seoul/서울,KR-11,Songpa-gu/송파구,KR-11-21,Geoyeo-dong/거여동,KR-11-21-9
Seoul/서울,KR-11,Songpa-gu/송파구,KR-11-21,Jamsilbon-dong/잠실본동,KR-11-21-10
Seoul/서울,KR-11,Songpa-gu/송파구,KR-11-21,Jamsil-dong/잠실동,KR-11-21-11
Seoul/서울,KR-11,Songpa-gu/송파구,KR-11-21,Jamsir 2(i)-dong/잠실2동,KR-11-21-12
Seoul/서울,KR-11,Songpa-gu/송파구,KR-11-21,Jamsir 3(sam)-dong/잠실3동,KR-11-21-13
Seoul/서울,KR-11,Songpa-gu/송파구,KR-11-21,Jamsir 4(sa)-dong/잠실4동,KR-11-21-14
Seoul/서울,KR-11,Songpa-gu/송파구,KR-11-21,Jamsir 6(yuk)-dong/잠실6동,KR-11-21-15
Seoul/서울,KR-11,Songpa-gu/송파구,KR-11-21,Jamsir 7(chil)-dong/잠실7동,KR-11-21-16
Seoul/서울,KR-11,Songpa-gu/송파구,KR-11-21,Jangji-dong/장지동,KR-11-21-17
Seoul/서울,KR-11,Songpa-gu/송파구,KR-11-21,Macheon 1(il)-dong/마천1동,KR-11-21-18
Seoul/서울,KR-11,Songpa-gu/송파구,KR-11-21,Macheon 2(i)-dong/마천2동,KR-11-21-19
Seoul/서울,KR-11,Songpa-gu/송파구,KR-11-21,Macheon-dong/마천동,KR-11-21-20
Seoul/서울,KR-11,Songpa-gu/송파구,KR-11-21,Munjeong 1(il)-dong/문정1동,KR-11-21-21
Seoul/서울,KR-11,Songpa-gu/송파구,KR-11-21,Munjeong 2(i)-dong/문정2동,KR-11-21-22
Seoul/서울,KR-11,Songpa-gu/송파구,KR-11-21,Munjeong-dong/문정동,KR-11-21-23
Seoul/서울,KR-11,Songpa-gu/송파구,KR-11-21,Ogeum-dong/오금동,KR-11-21-24
Seoul/서울,KR-11,Songpa-gu/송파구,KR-11-21,Oryun-dong/오륜동,KR-11-21-25
Seoul/서울,KR-11,Songpa-gu/송파구,KR-11-21,Pungnab 1(il)-dong/풍납1동,KR-11-21-26
Seoul/서울,KR-11,Songpa-gu/송파구,KR-11-21,Pungnab 2(i)-dong/풍납2동,KR-11-21-27
Seoul/서울,KR-11,Songpa-gu/송파구,KR-11-21,Pungnap-dong/풍납동,KR-11-21-28
Seoul/서울,KR-11,Songpa-gu/송파구,KR-11-21,Samjeon-dong/삼전동,KR-11-21-29
Seoul/서울,KR-11,Songpa-gu/송파구,KR-11-21,Seokchon-dong/석촌동,KR-11-21-30
Seoul/서울,KR-11,Songpa-gu/송파구,KR-11-21,Seoulsongpaucheguksaseoham/서울송파우체국사서함,KR-11-21-31
Seoul/서울,KR-11,Songpa-gu/송파구,KR-11-21,Sincheon-dong/신천동,KR-11-21-32
Seoul/서울,KR-11,Songpa-gu/송파구,KR-11-21,Songpa 1(il)-dong/송파1동,KR-11-21-33
Seoul/서울,KR-11,Songpa-gu/송파구,KR-11-21,Songpa 2(i)-dong/송파2동,KR-11-21-34
Seoul/서울,KR-11,Songpa-gu/송파구,KR-11-21,Songpa-dong/송파동,KR-11-21-35
Seoul/서울,KR-11,Yangcheon-gu/양천구,KR-11-22,Mog 1(il)-dong/목1동,KR-11-22-0
Seoul/서울,KR-11,Yangcheon-gu/양천구,KR-11-22,Mog 2(i)-dong/목2동,KR-11-22-1
Seoul/서울,KR-11,Yangcheon-gu/양천구,KR-11-22,Mog 3(sam)-dong/목3동,KR-11-22-2
Seoul/서울,KR-11,Yangcheon-gu/양천구,KR-11-22,Mog 4(sa)-dong/목4동,KR-11-22-3
Seoul/서울,KR-11,Yangcheon-gu/양천구,KR-11-22,Mog 5(o)-dong/목5동,KR-11-22-4
Seoul/서울,KR-11,Yangcheon-gu/양천구,KR-11-22,Mok-dong/목동,KR-11-22-5
Seoul/서울,KR-11,Yangcheon-gu/양천구,KR-11-22,Seouryangcheonucheguksaseoham/서울양천우체국사서함,KR-11-22-6
Seoul/서울,KR-11,Yangcheon-gu/양천구,KR-11-22,Sinjeong 1(il)-dong/신정1동,KR-11-22-7
Seoul/서울,KR-11,Yangcheon-gu/양천구,KR-11-22,Sinjeong 2(i)-dong/신정2동,KR-11-22-8
Seoul/서울,KR-11,Yangcheon-gu/양천구,KR-11-22,Sinjeong 3(sam)-dong/신정3동,KR-11-22-9
Seoul/서울,KR-11,Yangcheon-gu/양천구,KR-11-22,Sinjeong 4(sa)-dong/신정4동,KR-11-22-10
Seoul/서울,KR-11,Yangcheon-gu/양천구,KR-11-22,Sinjeong 6(yuk)-dong/신정6동,KR-11-22-11
Seoul/서울,KR-11,Yangcheon-gu/양천구,KR-11-22,Sinjeong 7(chil)-dong/신정7동,KR-11-22-12
Seoul/서울,KR-11,Yangcheon-gu/양천구,KR-11-22,Sinjeong-dong/신정동,KR-11-22-13
Seoul/서울,KR-11,Yangcheon-gu/양천구,KR-11-22,Sinwol-dong/신월동,KR-11-22-14
Seoul/서울,KR-11,Yangcheon-gu/양천구,KR-11-22,Sinwor 1(il)-dong/신월1동,KR-11-22-15
Seoul/서울,KR-11,Yangcheon-gu/양천구,KR-11-22,Sinwor 2(i)-dong/신월2동,KR-11-22-16
Seoul/서울,KR-11,Yangcheon-gu/양천구,KR-11-22,Sinwor 3(sam)-dong/신월3동,KR-11-22-17
Seoul/서울,KR-11,Yangcheon-gu/양천구,KR-11-22,Sinwor 4(sa)-dong/신월4동,KR-11-22-18
Seoul/서울,KR-11,Yangcheon-gu/양천구,KR-11-22,Sinwor 5(o)-dong/신월5동,KR-11-22-19
Seoul/서울,KR-11,Yangcheon-gu/양천구,KR-11-22,Sinwor 6(yuk)-dong/신월6동,KR-11-22-20
Seoul/서울,KR-11,Yangcheon-gu/양천구,KR-11-22,Sinwor 7(chil)-dong/신월7동,KR-11-22-21
Seoul/서울,KR-11,Yeongdeungpo-gu/영등포구,KR-11-23,Daerim 1(il)-dong/대림1동,KR-11-23-0
Seoul/서울,KR-11,Yeongdeungpo-gu/영등포구,KR-11-23,Daerim 2(i)-dong/대림2동,KR-11-23-1
Seoul/서울,KR-11,Yeongdeungpo-gu/영등포구,KR-11-23,Daerim 3(sam)-dong/대림3동,KR-11-23-2
Seoul/서울,KR-11,Yeongdeungpo-gu/영등포구,KR-11-23,Daerim-dong/대림동,KR-11-23-3
Seoul/서울,KR-11,Yeongdeungpo-gu/영등포구,KR-11-23,Dangsandong 1(il)-ga/당산동1가,KR-11-23-4
Seoul/서울,KR-11,Yeongdeungpo-gu/영등포구,KR-11-23,Dangsandong 2(i)-ga/당산동2가,KR-11-23-5
Seoul/서울,KR-11,Yeongdeungpo-gu/영등포구,KR-11-23,Dangsandong 3(sam)-ga/당산동3가,KR-11-23-6
Seoul/서울,KR-11,Yeongdeungpo-gu/영등포구,KR-11-23,Dangsandong 4(sa)-ga/당산동4가,KR-11-23-7
Seoul/서울,KR-11,Yeongdeungpo-gu/영등포구,KR-11-23,Dangsandong 5(o)-ga/당산동5가,KR-11-23-8
Seoul/서울,KR-11,Yeongdeungpo-gu/영등포구,KR-11-23,Dangsandong 6(yuk)-ga/당산동6가,KR-11-23-9
Seoul/서울,KR-11,Yeongdeungpo-gu/영등포구,KR-11-23,Dangsan-dong/당산동,KR-11-23-10
Seoul/서울,KR-11,Yeongdeungpo-gu/영등포구,KR-11-23,Dorim-dong/도림동,KR-11-23-11
Seoul/서울,KR-11,Yeongdeungpo-gu/영등포구,KR-11-23,Munraedong 1(il)-ga/문래동1가,KR-11-23-12
Seoul/서울,KR-11,Yeongdeungpo-gu/영등포구,KR-11-23,Munraedong 2(i)-ga/문래동2가,KR-11-23-13
Seoul/서울,KR-11,Yeongdeungpo-gu/영등포구,KR-11-23,Munraedong 3(sam)-ga/문래동3가,KR-11-23-14
Seoul/서울,KR-11,Yeongdeungpo-gu/영등포구,KR-11-23,Munraedong 4(sa)-ga/문래동4가,KR-11-23-15
Seoul/서울,KR-11,Yeongdeungpo-gu/영등포구,KR-11-23,Munraedong 5(o)-ga/문래동5가,KR-11-23-16
Seoul/서울,KR-11,Yeongdeungpo-gu/영등포구,KR-11-23,Munraedong 6(yuk)-ga/문래동6가,KR-11-23-17
Seoul/서울,KR-11,Yeongdeungpo-gu/영등포구,KR-11-23,Munrae-dong/문래동,KR-11-23-18
Seoul/서울,KR-11,Yeongdeungpo-gu/영등포구,KR-11-23,Singil-dong/신길동,KR-11-23-19
Seoul/서울,KR-11,Yeongdeungpo-gu/영등포구,KR-11-23,Singir 1(il)-dong/신길1동,KR-11-23-20
Seoul/서울,KR-11,Yeongdeungpo-gu/영등포구,KR-11-23,Singir 3(sam)-dong/신길3동,KR-11-23-21
Seoul/서울,KR-11,Yeongdeungpo-gu/영등포구,KR-11-23,Singir 4(sa)-dong/신길4동,KR-11-23-22
Seoul/서울,KR-11,Yeongdeungpo-gu/영등포구,KR-11-23,Singir 5(o)-dong/신길5동,KR-11-23-23
Seoul/서울,KR-11,Yeongdeungpo-gu/영등포구,KR-11-23,Singir 6(yuk)-dong/신길6동,KR-11-23-24
Seoul/서울,KR-11,Yeongdeungpo-gu/영등포구,KR-11-23,Singir 7(chil)-dong/신길7동,KR-11-23-25
Seoul/서울,KR-11,Yeongdeungpo-gu/영등포구,KR-11-23,Yanghwa-dong/양화동,KR-11-23-26
Seoul/서울,KR-11,Yeongdeungpo-gu/영등포구,KR-11-23,Yangpyeongdong 1(il)-ga/양평동1가,KR-11-23-27
Seoul/서울,KR-11,Yeongdeungpo-gu/영등포구,KR-11-23,Yangpyeongdong 2(i)-ga/양평동2가,KR-11-23-28
Seoul/서울,KR-11,Yeongdeungpo-gu/영등포구,KR-11-23,Yangpyeongdong 3(sam)-ga/양평동3가,KR-11-23-29
Seoul/서울,KR-11,Yeongdeungpo-gu/영등포구,KR-11-23,Yangpyeongdong 4(sa)-ga/양평동4가,KR-11-23-30
Seoul/서울,KR-11,Yeongdeungpo-gu/영등포구,KR-11-23,Yangpyeongdong 5(o)-ga/양평동5가,KR-11-23-31
Seoul/서울,KR-11,Yeongdeungpo-gu/영등포구,KR-11-23,Yangpyeongdong 6(yuk)-ga/양평동6가,KR-11-23-32
Seoul/서울,KR-11,Yeongdeungpo-gu/영등포구,KR-11-23,Yangpyeong-dong/양평동,KR-11-23-33
Seoul/서울,KR-11,Yeongdeungpo-gu/영등포구,KR-11-23,Yeongdeungpobon-dong/영등포본동,KR-11-23-34
Seoul/서울,KR-11,Yeongdeungpo-gu/영등포구,KR-11-23,Yeongdeungpodong 1(il)-ga/영등포동1가,KR-11-23-35
Seoul/서울,KR-11,Yeongdeungpo-gu/영등포구,KR-11-23,Yeongdeungpodong 2(i)-ga/영등포동2가,KR-11-23-36
Seoul/서울,KR-11,Yeongdeungpo-gu/영등포구,KR-11-23,Yeongdeungpodong 3(sam)-ga/영등포동3가,KR-11-23-37
Seoul/서울,KR-11,Yeongdeungpo-gu/영등포구,KR-11-23,Yeongdeungpodong 4(sa)-ga/영등포동4가,KR-11-23-38
Seoul/서울,KR-11,Yeongdeungpo-gu/영등포구,KR-11-23,Yeongdeungpodong 5(o)-ga/영등포동5가,KR-11-23-39
Seoul/서울,KR-11,Yeongdeungpo-gu/영등포구,KR-11-23,Yeongdeungpodong 6(yuk)-ga/영등포동6가,KR-11-23-40
Seoul/서울,KR-11,Yeongdeungpo-gu/영등포구,KR-11-23,Yeongdeungpodong 7(chil)-ga/영등포동7가,KR-11-23-41
Seoul/서울,KR-11,Yeongdeungpo-gu/영등포구,KR-11-23,Yeongdeungpodong 8(pal)-ga/영등포동8가,KR-11-23-42
Seoul/서울,KR-11,Yeongdeungpo-gu/영등포구,KR-11-23,Yeongdeungpo-dong/영등포동,KR-11-23-43
Seoul/서울,KR-11,Yeongdeungpo-gu/영등포구,KR-11-23,Yeongdeungpoucheguksaseoham/영등포우체국사서함,KR-11-23-44
Seoul/서울,KR-11,Yeongdeungpo-gu/영등포구,KR-11-23,Yeouido-dong/여의도동,KR-11-23-45
Seoul/서울,KR-11,Yeongdeungpo-gu/영등포구,KR-11-23,Yeouidoucheguksaseoham/여의도우체국사서함,KR-11-23-46
Seoul/서울,KR-11,Yongsan-gu/용산구,KR-11-24,Bogwang-dong/보광동,KR-11-24-0
Seoul/서울,KR-11,Yongsan-gu/용산구,KR-11-24,Cheongam-dong/청암동,KR-11-24-1
Seoul/서울,KR-11,Yongsan-gu/용산구,KR-11-24,Cheongpadong 1(il)-ga/청파동1가,KR-11-24-2
Seoul/서울,KR-11,Yongsan-gu/용산구,KR-11-24,Cheongpadong 2(i)-ga/청파동2가,KR-11-24-3
Seoul/서울,KR-11,Yongsan-gu/용산구,KR-11-24,Cheongpadong 3(sam)-ga/청파동3가,KR-11-24-4
Seoul/서울,KR-11,Yongsan-gu/용산구,KR-11-24,Dongbinggo-dong/동빙고동,KR-11-24-5
Seoul/서울,KR-11,Yongsan-gu/용산구,KR-11-24,Dongja-dong/동자동,KR-11-24-6
Seoul/서울,KR-11,Yongsan-gu/용산구,KR-11-24,Dowon-dong/도원동,KR-11-24-7
Seoul/서울,KR-11,Yongsan-gu/용산구,KR-11-24,Garwol-dong/갈월동,KR-11-24-8
Seoul/서울,KR-11,Yongsan-gu/용산구,KR-11-24,Hangangro 1(il)-ga/한강로1가,KR-11-24-9
Seoul/서울,KR-11,Yongsan-gu/용산구,KR-11-24,Hangangro 2(i)-ga/한강로2가,KR-11-24-10
Seoul/서울,KR-11,Yongsan-gu/용산구,KR-11-24,Hangangro 3(sam)-ga/한강로3가,KR-11-24-11
Seoul/서울,KR-11,Yongsan-gu/용산구,KR-11-24,Hannam-dong/한남동,KR-11-24-12
Seoul/서울,KR-11,Yongsan-gu/용산구,KR-11-24,Huam-dong/후암동,KR-11-24-13
Seoul/서울,KR-11,Yongsan-gu/용산구,KR-11-24,Hyochang-dong/효창동,KR-11-24-14
Seoul/서울,KR-11,Yongsan-gu/용산구,KR-11-24,Ichon 1(il)-dong/이촌1동,KR-11-24-15
Seoul/서울,KR-11,Yongsan-gu/용산구,KR-11-24,Ichon 2(i)-dong/이촌2동,KR-11-24-16
Seoul/서울,KR-11,Yongsan-gu/용산구,KR-11-24,Ichon-dong/이촌동,KR-11-24-17
Seoul/서울,KR-11,Yongsan-gu/용산구,KR-11-24,Itaewon 1(il)-dong/이태원1동,KR-11-24-18
Seoul/서울,KR-11,Yongsan-gu/용산구,KR-11-24,Itaewon 2(i)-dong/이태원2동,KR-11-24-19
Seoul/서울,KR-11,Yongsan-gu/용산구,KR-11-24,Itaewon-dong/이태원동,KR-11-24-20
Seoul/서울,KR-11,Yongsan-gu/용산구,KR-11-24,Juseong-dong/주성동,KR-11-24-21
Seoul/서울,KR-11,Yongsan-gu/용산구,KR-11-24,Munbae-dong/문배동,KR-11-24-22
Seoul/서울,KR-11,Yongsan-gu/용산구,KR-11-24,Namyeong-dong/남영동,KR-11-24-23
Seoul/서울,KR-11,Yongsan-gu/용산구,KR-11-24,Sancheon-dong/산천동,KR-11-24-24
Seoul/서울,KR-11,Yongsan-gu/용산구,KR-11-24,Seobinggo-dong/서빙고동,KR-11-24-25
Seoul/서울,KR-11,Yongsan-gu/용산구,KR-11-24,Seogye-dong/서계동,KR-11-24-26
Seoul/서울,KR-11,Yongsan-gu/용산구,KR-11-24,Seourupyeonjipjungguksaseoham/서울우편집중국사서함,KR-11-24-27
Seoul/서울,KR-11,Yongsan-gu/용산구,KR-11-24,Seouryongsanucheguksaseoham/서울용산우체국사서함,KR-11-24-28
Seoul/서울,KR-11,Yongsan-gu/용산구,KR-11-24,Sinchang-dong/신창동,KR-11-24-29
Seoul/서울,KR-11,Yongsan-gu/용산구,KR-11-24,Singye-dong/신계동,KR-11-24-30
Seoul/서울,KR-11,Yongsan-gu/용산구,KR-11-24,Wonhyoro 1(il)-ga/원효로1가,KR-11-24-31
Seoul/서울,KR-11,Yongsan-gu/용산구,KR-11-24,Wonhyoro 2(i)-ga/원효로2가,KR-11-24-32
Seoul/서울,KR-11,Yongsan-gu/용산구,KR-11-24,Wonhyoro 3(sam)-ga/원효로3가,KR-11-24-33
Seoul/서울,KR-11,Yongsan-gu/용산구,KR-11-24,Wonhyoro 4(sa)-ga/원효로4가,KR-11-24-34
Seoul/서울,KR-11,Yongsan-gu/용산구,KR-11-24,Yongmun-dong/용문동,KR-11-24-35
Seoul/서울,KR-11,Yongsan-gu/용산구,KR-11-24,Yongsandong 1(il)-ga/용산동1가,KR-11-24-36
Seoul/서울,KR-11,Yongsan-gu/용산구,KR-11-24,Yongsandong 2(i)-ga/용산동2가,KR-11-24-37
Seoul/서울,KR-11,Yongsan-gu/용산구,KR-11-24,Yongsandong 3(sam)-ga/용산동3가,KR-11-24-38
Seoul/서울,KR-11,Yongsan-gu/용산구,KR-11-24,Yongsandong 4(sa)-ga/용산동4가,KR-11-24-39
Seoul/서울,KR-11,Yongsan-gu/용산구,KR-11-24,Yongsandong 5(o)-ga/용산동5가,KR-11-24-40
Seoul/서울,KR-11,Yongsan-gu/용산구,KR-11-24,Yongsandong 6(yuk)-ga/용산동6가,KR-11-24-41
Ulsan/울산,KR-31,Buk-gu/북구,KR-31-0,Bokhyeon 1(il)-dong/복현1동,KR-31-0-0
Ulsan/울산,KR-31,Buk-gu/북구,KR-31-0,Bokhyeon 2(i)-dong/복현2동,KR-31-0-1
Ulsan/울산,KR-31,Buk-gu/북구,KR-31-0,Bokhyeon-dong/복현동,KR-31-0-2
Ulsan/울산,KR-31,Buk-gu/북구,KR-31-0,Bonchon-dong/본촌동,KR-31-0-3
Ulsan/울산,KR-31,Buk-gu/북구,KR-31-0,Bukbusanucheguksaseoham/북부산우체국사서함,KR-31-0-4
Ulsan/울산,KR-31,Buk-gu/북구,KR-31-0,Bukdaeguucheguksaseoham/북대구우체국사서함,KR-31-0-5
Ulsan/울산,KR-31,Buk-gu/북구,KR-31-0,Buk-dong/북동,KR-31-0-6
Ulsan/울산,KR-31,Buk-gu/북구,KR-31-0,Bukgwangjuucheguksaseoham/북광주우체국사서함,KR-31-0-7
Ulsan/울산,KR-31,Buk-gu/북구,KR-31-0,Changpyeong-dong/창평동,KR-31-0-8
Ulsan/울산,KR-31,Buk-gu/북구,KR-31-0,Cheongok-dong/천곡동,KR-31-0-9
Ulsan/울산,KR-31,Buk-gu/북구,KR-31-0,Cheongpung-dong/청풍동,KR-31-0-10
Ulsan/울산,KR-31,Buk-gu/북구,KR-31-0,Chilseongdong 1(il)-ga/칠성동1가,KR-31-0-11
Ulsan/울산,KR-31,Buk-gu/북구,KR-31-0,Chilseongdong 2(i)-ga/칠성동2가,KR-31-0-12
Ulsan/울산,KR-31,Buk-gu/북구,KR-31-0,Chimsan 1(il)-dong/침산1동,KR-31-0-13
Ulsan/울산,KR-31,Buk-gu/북구,KR-31-0,Chimsan 2(i)-dong/침산2동,KR-31-0-14
Ulsan/울산,KR-31,Buk-gu/북구,KR-31-0,Chimsan 3(sam)-dong/침산3동,KR-31-0-15
Ulsan/울산,KR-31,Buk-gu/북구,KR-31-0,Chimsan-dong/침산동,KR-31-0-16
Ulsan/울산,KR-31,Buk-gu/북구,KR-31-0,Chunghyo-dong/충효동,KR-31-0-17
Ulsan/울산,KR-31,Buk-gu/북구,KR-31-0,Daean-dong/대안동,KR-31-0-18
Ulsan/울산,KR-31,Buk-gu/북구,KR-31-0,Daechon-dong/대촌동,KR-31-0-19
Ulsan/울산,KR-31,Buk-gu/북구,KR-31-0,Daehyeon 1(il)-dong/대현1동,KR-31-0-20
Ulsan/울산,KR-31,Buk-gu/북구,KR-31-0,Daehyeon 2(i)-dong/대현2동,KR-31-0-21
Ulsan/울산,KR-31,Buk-gu/북구,KR-31-0,Daehyeon-dong/대현동,KR-31-0-22
Ulsan/울산,KR-31,Buk-gu/북구,KR-31-0,Dalcheon-dong/달천동,KR-31-0-23
Ulsan/울산,KR-31,Buk-gu/북구,KR-31-0,Dangsa-dong/당사동,KR-31-0-24
Ulsan/울산,KR-31,Buk-gu/북구,KR-31-0,Deogui-dong/덕의동,KR-31-0-25
Ulsan/울산,KR-31,Buk-gu/북구,KR-31-0,Deokcheon 1(il)-dong/덕천1동,KR-31-0-26
Ulsan/울산,KR-31,Buk-gu/북구,KR-31-0,Deokcheon 2(i)-dong/덕천2동,KR-31-0-27
Ulsan/울산,KR-31,Buk-gu/북구,KR-31-0,Deokcheon 3(sam)-dong/덕천3동,KR-31-0-28
Ulsan/울산,KR-31,Buk-gu/북구,KR-31-0,Deokcheon-dong/덕천동,KR-31-0-29
Ulsan/울산,KR-31,Buk-gu/북구,KR-31-0,Donam-dong/도남동,KR-31-0-30
Ulsan/울산,KR-31,Buk-gu/북구,KR-31-0,Dongbyeon-dong/동변동,KR-31-0-31
Ulsan/울산,KR-31,Buk-gu/북구,KR-31-0,Dongcheon-dong/동천동,KR-31-0-32
Ulsan/울산,KR-31,Buk-gu/북구,KR-31-0,Dongho-dong/동호동,KR-31-0-33
Ulsan/울산,KR-31,Buk-gu/북구,KR-31-0,Dongrim-dong/동림동,KR-31-0-34
Ulsan/울산,KR-31,Buk-gu/북구,KR-31-0,Duam 1(il)-dong/두암1동,KR-31-0-35
Ulsan/울산,KR-31,Buk-gu/북구,KR-31-0,Duam 2(i)-dong/두암2동,KR-31-0-36
Ulsan/울산,KR-31,Buk-gu/북구,KR-31-0,Duam 3(sam)-dong/두암3동,KR-31-0-37
Ulsan/울산,KR-31,Buk-gu/북구,KR-31-0,Duam-dong/두암동,KR-31-0-38
Ulsan/울산,KR-31,Buk-gu/북구,KR-31-0,Eomul-dong/어물동,KR-31-0-39
Ulsan/울산,KR-31,Buk-gu/북구,KR-31-0,Eupnae-dong/읍내동,KR-31-0-40
Ulsan/울산,KR-31,Buk-gu/북구,KR-31-0,Gadae-dong/가대동,KR-31-0-41
Ulsan/울산,KR-31,Buk-gu/북구,KR-31-0,Gakhwa-dong/각화동,KR-31-0-42
Ulsan/울산,KR-31,Buk-gu/북구,KR-31-0,Geomdan-dong/검단동,KR-31-0-43
Ulsan/울산,KR-31,Buk-gu/북구,KR-31-0,Geumgok-dong/금곡동,KR-31-0-44
Ulsan/울산,KR-31,Buk-gu/북구,KR-31-0,Geumgok-dong/금곡동,KR-31-0-44
Ulsan/울산,KR-31,Buk-gu/북구,KR-31-0,Geumho-dong/금호동,KR-31-0-45
Ulsan/울산,KR-31,Buk-gu/북구,KR-31-0,Goseongdong 1(il)-ga/고성동1가,KR-31-0-46
Ulsan/울산,KR-31,Buk-gu/북구,KR-31-0,Goseongdong 2(i)-ga/고성동2가,KR-31-0-47
Ulsan/울산,KR-31,Buk-gu/북구,KR-31-0,Goseongdong 3(sam)-ga/고성동3가,KR-31-0-48
Ulsan/울산,KR-31,Buk-gu/북구,KR-31-0,Guam-dong/구암동,KR-31-0-49
Ulsan/울산,KR-31,Buk-gu/북구,KR-31-0,Gugu-dong/국우동,KR-31-0-50
Ulsan/울산,KR-31,Buk-gu/북구,KR-31-0,Gupo 1(il)-dong/구포1동,KR-31-0-51
Ulsan/울산,KR-31,Buk-gu/북구,KR-31-0,Gupo 2(i)-dong/구포2동,KR-31-0-52
Ulsan/울산,KR-31,Buk-gu/북구,KR-31-0,Gupo 3(sam)-dong/구포3동,KR-31-0-53
Ulsan/울산,KR-31,Buk-gu/북구,KR-31-0,Gupo-dong/구포동,KR-31-0-54
Ulsan/울산,KR-31,Buk-gu/북구,KR-31-0,Guyu-dong/구유동,KR-31-0-55
Ulsan/울산,KR-31,Buk-gu/북구,KR-31-0,Gwaneum-dong/관음동,KR-31-0-56
Ulsan/울산,KR-31,Buk-gu/북구,KR-31-0,Hakjeong-dong/학정동,KR-31-0-57
Ulsan/울산,KR-31,Buk-gu/북구,KR-31-0,Hogye-dong/호계동,KR-31-0-58
Ulsan/울산,KR-31,Buk-gu/북구,KR-31-0,Hwaam-dong/화암동,KR-31-0-59
Ulsan/울산,KR-31,Buk-gu/북구,KR-31-0,Hwabong-dong/화봉동,KR-31-0-60
Ulsan/울산,KR-31,Buk-gu/북구,KR-31-0,Hwamyeong 1(il)-dong/화명1동,KR-31-0-61
Ulsan/울산,KR-31,Buk-gu/북구,KR-31-0,Hwamyeong 2(i)-dong/화명2동,KR-31-0-62
Ulsan/울산,KR-31,Buk-gu/북구,KR-31-0,Hwamyeong 3(sam)-dong/화명3동,KR-31-0-63
Ulsan/울산,KR-31,Buk-gu/북구,KR-31-0,Hwamyeong-dong/화명동,KR-31-0-64
Ulsan/울산,KR-31,Buk-gu/북구,KR-31-0,Hyomun-dong/효문동,KR-31-0-65
Ulsan/울산,KR-31,Buk-gu/북구,KR-31-0,Hyoryeong-dong/효령동,KR-31-0-66
Ulsan/울산,KR-31,Buk-gu/북구,KR-31-0,Ilgok-dong/일곡동,KR-31-0-67
Ulsan/울산,KR-31,Buk-gu/북구,KR-31-0,Im-dong/임동,KR-31-0-68
Ulsan/울산,KR-31,Buk-gu/북구,KR-31-0,Jangdeung-dong/장등동,KR-31-0-69
Ulsan/울산,KR-31,Buk-gu/북구,KR-31-0,Jeongja-dong/정자동,KR-31-0-70
Ulsan/울산,KR-31,Buk-gu/북구,KR-31-0,Jinjang-dong/진장동,KR-31-0-71
Ulsan/울산,KR-31,Buk-gu/북구,KR-31-0,Jiya-dong/지야동,KR-31-0-72
Ulsan/울산,KR-31,Buk-gu/북구,KR-31-0,Joya-dong/조야동,KR-31-0-73
Ulsan/울산,KR-31,Buk-gu/북구,KR-31-0,Jungheung 1(il)-dong/중흥1동,KR-31-0-74
Ulsan/울산,KR-31,Buk-gu/북구,KR-31-0,Jungheung 2(i)-dong/중흥2동,KR-31-0-75
Ulsan/울산,KR-31,Buk-gu/북구,KR-31-0,Jungheung 3(sam)-dong/중흥3동,KR-31-0-76
Ulsan/울산,KR-31,Buk-gu/북구,KR-31-0,Jungheung-dong/중흥동,KR-31-0-77
Ulsan/울산,KR-31,Buk-gu/북구,KR-31-0,Jungsan-dong/중산동,KR-31-0-78
Ulsan/울산,KR-31,Buk-gu/북구,KR-31-0,Maecheon-dong/매천동,KR-31-0-79
Ulsan/울산,KR-31,Buk-gu/북구,KR-31-0,Maegok-dong/매곡동,KR-31-0-80
Ulsan/울산,KR-31,Buk-gu/북구,KR-31-0,Maegok-dong/매곡동,KR-31-0-80
Ulsan/울산,KR-31,Buk-gu/북구,KR-31-0,Mandeog 1(il)-dong/만덕1동,KR-31-0-81
Ulsan/울산,KR-31,Buk-gu/북구,KR-31-0,Mandeog 2(i)-dong/만덕2동,KR-31-0-82
Ulsan/울산,KR-31,Buk-gu/북구,KR-31-0,Mandeog 3(sam)-dong/만덕3동,KR-31-0-83
Ulsan/울산,KR-31,Buk-gu/북구,KR-31-0,Mandeok-dong/만덕동,KR-31-0-84
Ulsan/울산,KR-31,Buk-gu/북구,KR-31-0,Mangwol-dong/망월동,KR-31-0-85
Ulsan/울산,KR-31,Buk-gu/북구,KR-31-0,Munheung 1(il)-dong/문흥1동,KR-31-0-86
Ulsan/울산,KR-31,Buk-gu/북구,KR-31-0,Munheung 2(i)-dong/문흥2동,KR-31-0-87
Ulsan/울산,KR-31,Buk-gu/북구,KR-31-0,Munheung-dong/문흥동,KR-31-0-88
Ulsan/울산,KR-31,Buk-gu/북구,KR-31-0,Muryong-dong/무룡동,KR-31-0-89
Ulsan/울산,KR-31,Buk-gu/북구,KR-31-0,Myeongchon-dong/명촌동,KR-31-0-90
Ulsan/울산,KR-31,Buk-gu/북구,KR-31-0,Nogok-dong/노곡동,KR-31-0-91
Ulsan/울산,KR-31,Buk-gu/북구,KR-31-0,Nowondong 1(il)-ga/노원동1가,KR-31-0-92
Ulsan/울산,KR-31,Buk-gu/북구,KR-31-0,Nowondong 2(i)-ga/노원동2가,KR-31-0-93
Ulsan/울산,KR-31,Buk-gu/북구,KR-31-0,Nowondong 3(sam)-ga/노원동3가,KR-31-0-94
Ulsan/울산,KR-31,Buk-gu/북구,KR-31-0,Numun-dong/누문동,KR-31-0-95
Ulsan/울산,KR-31,Buk-gu/북구,KR-31-0,Ochi 1(il)-dong/오치1동,KR-31-0-96
Ulsan/울산,KR-31,Buk-gu/북구,KR-31-0,Ochi 2(i)-dong/오치2동,KR-31-0-97
Ulsan/울산,KR-31,Buk-gu/북구,KR-31-0,Ochi-dong/오치동,KR-31-0-98
Ulsan/울산,KR-31,Buk-gu/북구,KR-31-0,Oryong-dong/오룡동,KR-31-0-99
Ulsan/울산,KR-31,Buk-gu/북구,KR-31-0,Paldal-dong/팔달동,KR-31-0-100
Ulsan/울산,KR-31,Buk-gu/북구,KR-31-0,Punghyang-dong/풍향동,KR-31-0-101
Ulsan/울산,KR-31,Buk-gu/북구,KR-31-0,Saengyong-dong/생용동,KR-31-0-102
Ulsan/울산,KR-31,Buk-gu/북구,KR-31-0,Samgak-dong/삼각동,KR-31-0-103
Ulsan/울산,KR-31,Buk-gu/북구,KR-31-0,Sangan-dong/상안동,KR-31-0-104
Ulsan/울산,KR-31,Buk-gu/북구,KR-31-0,Sangyeog 1(il)-dong/산격1동,KR-31-0-105
Ulsan/울산,KR-31,Buk-gu/북구,KR-31-0,Sangyeog 2(i)-dong/산격2동,KR-31-0-106
Ulsan/울산,KR-31,Buk-gu/북구,KR-31-0,Sangyeog 3(sam)-dong/산격3동,KR-31-0-107
Ulsan/울산,KR-31,Buk-gu/북구,KR-31-0,Sangyeog 4(sa)-dong/산격4동,KR-31-0-108
Ulsan/울산,KR-31,Buk-gu/북구,KR-31-0,Sangyeok-dong/산격동,KR-31-0-109
Ulsan/울산,KR-31,Buk-gu/북구,KR-31-0,Sanha-dong/산하동,KR-31-0-110
Ulsan/울산,KR-31,Buk-gu/북구,KR-31-0,Sasu-dong/사수동,KR-31-0-111
Ulsan/울산,KR-31,Buk-gu/북구,KR-31-0,Seobyeon-dong/서변동,KR-31-0-112
Ulsan/울산,KR-31,Buk-gu/북구,KR-31-0,Sinan-dong/신안동,KR-31-0-113
Ulsan/울산,KR-31,Buk-gu/북구,KR-31-0,Sincheon-dong/신천동,KR-31-0-114
Ulsan/울산,KR-31,Buk-gu/북구,KR-31-0,Sinhyeon-dong/신현동,KR-31-0-115
Ulsan/울산,KR-31,Buk-gu/북구,KR-31-0,Sinmyeong-dong/신명동,KR-31-0-116
Ulsan/울산,KR-31,Buk-gu/북구,KR-31-0,Sinyong-dong/신용동,KR-31-0-117
Ulsan/울산,KR-31,Buk-gu/북구,KR-31-0,Sirye-dong/시례동,KR-31-0-118
Ulsan/울산,KR-31,Buk-gu/북구,KR-31-0,Songjeong-dong/송정동,KR-31-0-119
Ulsan/울산,KR-31,Buk-gu/북구,KR-31-0,Sugok-dong/수곡동,KR-31-0-120
Ulsan/울산,KR-31,Buk-gu/북구,KR-31-0,Taejeon 1(il)-dong/태전1동,KR-31-0-121
Ulsan/울산,KR-31,Buk-gu/북구,KR-31-0,Taejeon 2(i)-dong/태전2동,KR-31-0-122
Ulsan/울산,KR-31,Buk-gu/북구,KR-31-0,Taejeon-dong/태전동,KR-31-0-123
Ulsan/울산,KR-31,Buk-gu/북구,KR-31-0,Taeryeong-dong/태령동,KR-31-0-124
Ulsan/울산,KR-31,Buk-gu/북구,KR-31-0,Unam 1(il)-dong/운암1동,KR-31-0-125
Ulsan/울산,KR-31,Buk-gu/북구,KR-31-0,Unam 2(i)-dong/운암2동,KR-31-0-126
Ulsan/울산,KR-31,Buk-gu/북구,KR-31-0,Unam 3(sam)-dong/운암3동,KR-31-0-127
Ulsan/울산,KR-31,Buk-gu/북구,KR-31-0,Unam-dong/운암동,KR-31-0-128
Ulsan/울산,KR-31,Buk-gu/북구,KR-31-0,Unjeong-dong/운정동,KR-31-0-129
Ulsan/울산,KR-31,Buk-gu/북구,KR-31-0,Usan-dong/우산동,KR-31-0-130
Ulsan/울산,KR-31,Buk-gu/북구,KR-31-0,Wolchul-dong/월출동,KR-31-0-131
Ulsan/울산,KR-31,Buk-gu/북구,KR-31-0,Yangjeong-dong/양정동,KR-31-0-132
Ulsan/울산,KR-31,Buk-gu/북구,KR-31-0,Yangsan-dong/양산동,KR-31-0-133
Ulsan/울산,KR-31,Buk-gu/북구,KR-31-0,Yeompo-dong/염포동,KR-31-0-134
Ulsan/울산,KR-31,Buk-gu/북구,KR-31-0,Yeonam-dong/연암동,KR-31-0-135
Ulsan/울산,KR-31,Buk-gu/북구,KR-31-0,Yeongyeong-dong/연경동,KR-31-0-136
Ulsan/울산,KR-31,Buk-gu/북구,KR-31-0,Yeonje-dong/연제동,KR-31-0-137
Ulsan/울산,KR-31,Buk-gu/북구,KR-31-0,Yongbong-dong/용봉동,KR-31-0-138
Ulsan/울산,KR-31,Buk-gu/북구,KR-31-0,Yongdu-dong/용두동,KR-31-0-139
Ulsan/울산,KR-31,Buk-gu/북구,KR-31-0,Yonggang-dong/용강동,KR-31-0-140
Ulsan/울산,KR-31,Buk-gu/북구,KR-31-0,Yongjeon-dong/용전동,KR-31-0-141
Ulsan/울산,KR-31,Buk-gu/북구,KR-31-0,Yu-dong/유동,KR-31-0-142
Ulsan/울산,KR-31,Dong-gu/동구,KR-31-1,Baegan-dong/백안동,KR-31-1-0
Ulsan/울산,KR-31,Dong-gu/동구,KR-31-1,Bangchon-dong/방촌동,KR-31-1-1
Ulsan/울산,KR-31,Dong-gu/동구,KR-31-1,Bangeo-dong/방어동,KR-31-1-2
Ulsan/울산,KR-31,Dong-gu/동구,KR-31-1,Beomil-dong/범일동,KR-31-1-3
Ulsan/울산,KR-31,Dong-gu/동구,KR-31-1,Beomir 1(il)-dong/범일1동,KR-31-1-4
Ulsan/울산,KR-31,Dong-gu/동구,KR-31-1,Beomir 2(i)-dong/범일2동,KR-31-1-5
Ulsan/울산,KR-31,Dong-gu/동구,KR-31-1,Beomir 4(sa)-dong/범일4동,KR-31-1-6
Ulsan/울산,KR-31,Dong-gu/동구,KR-31-1,Beomir 5(o)-dong/범일5동,KR-31-1-7
Ulsan/울산,KR-31,Dong-gu/동구,KR-31-1,Biryong-dong/비룡동,KR-31-1-8
Ulsan/울산,KR-31,Dong-gu/동구,KR-31-1,Bongmu-dong/봉무동,KR-31-1-9
Ulsan/울산,KR-31,Dong-gu/동구,KR-31-1,Bu-dong/부동,KR-31-1-10
Ulsan/울산,KR-31,Dong-gu/동구,KR-31-1,Bullo-dong/불로동,KR-31-1-11
Ulsan/울산,KR-31,Dong-gu/동구,KR-31-1,Bullo-dong/불로동,KR-31-1-11
Ulsan/울산,KR-31,Dong-gu/동구,KR-31-1,Changyeong-dong/창영동,KR-31-1-12
Ulsan/울산,KR-31,Dong-gu/동구,KR-31-1,Cheon-dong/천동,KR-31-1-13
Ulsan/울산,KR-31,Dong-gu/동구,KR-31-1,Choryang 1(il)-dong/초량1동,KR-31-1-14
Ulsan/울산,KR-31,Dong-gu/동구,KR-31-1,Choryang 2(i)-dong/초량2동,KR-31-1-15
Ulsan/울산,KR-31,Dong-gu/동구,KR-31-1,Choryang 3(sam)-dong/초량3동,KR-31-1-16
Ulsan/울산,KR-31,Dong-gu/동구,KR-31-1,Choryang 6(yuk)-dong/초량6동,KR-31-1-17
Ulsan/울산,KR-31,Dong-gu/동구,KR-31-1,Choryang-dong/초량동,KR-31-1-18
Ulsan/울산,KR-31,Dong-gu/동구,KR-31-1,Chu-dong/추동,KR-31-1-19
Ulsan/울산,KR-31,Dong-gu/동구,KR-31-1,Chungjangro 1(il)-ga/충장로1가,KR-31-1-20
Ulsan/울산,KR-31,Dong-gu/동구,KR-31-1,Chungjangro 2(i)-ga/충장로2가,KR-31-1-21
Ulsan/울산,KR-31,Dong-gu/동구,KR-31-1,Chungjangro 3(sam)-ga/충장로3가,KR-31-1-22
Ulsan/울산,KR-31,Dong-gu/동구,KR-31-1,Chungjangro 4(sa)-ga/충장로4가,KR-31-1-23
Ulsan/울산,KR-31,Dong-gu/동구,KR-31-1,Chungjangro 5(o)-ga/충장로5가,KR-31-1-24
Ulsan/울산,KR-31,Dong-gu/동구,KR-31-1,Dae 1(il)-dong/대1동,KR-31-1-25
Ulsan/울산,KR-31,Dong-gu/동구,KR-31-1,Dae 2(i)-dong/대2동,KR-31-1-26
Ulsan/울산,KR-31,Dong-gu/동구,KR-31-1,Daebyeol-dong/대별동,KR-31-1-27
Ulsan/울산,KR-31,Dong-gu/동구,KR-31-1,Dae-dong/대동,KR-31-1-28
Ulsan/울산,KR-31,Dong-gu/동구,KR-31-1,Daein-dong/대인동,KR-31-1-29
Ulsan/울산,KR-31,Dong-gu/동구,KR-31-1,Daejeonucheguksaseoham/대전우체국사서함,KR-31-1-30
Ulsan/울산,KR-31,Dong-gu/동구,KR-31-1,Daerim-dong/대림동,KR-31-1-31
Ulsan/울산,KR-31,Dong-gu/동구,KR-31-1,Daeseong-dong/대성동,KR-31-1-32
Ulsan/울산,KR-31,Dong-gu/동구,KR-31-1,Daesong-dong/대송동,KR-31-1-33
Ulsan/울산,KR-31,Dong-gu/동구,KR-31-1,Daeui-dong/대의동,KR-31-1-34
Ulsan/울산,KR-31,Dong-gu/동구,KR-31-1,Deokgok-dong/덕곡동,KR-31-1-35
Ulsan/울산,KR-31,Dong-gu/동구,KR-31-1,Do-dong/도동,KR-31-1-36
Ulsan/울산,KR-31,Dong-gu/동구,KR-31-1,Dohak-dong/도학동,KR-31-1-37
Ulsan/울산,KR-31,Dong-gu/동구,KR-31-1,Dongbu-dong/동부동,KR-31-1-38
Ulsan/울산,KR-31,Dong-gu/동구,KR-31-1,Dongbusanucheguksaseoham/동부산우체국사서함,KR-31-1-39
Ulsan/울산,KR-31,Dong-gu/동구,KR-31-1,Dongdaeguucheguksaseoham/동대구우체국사서함,KR-31-1-40
Ulsan/울산,KR-31,Dong-gu/동구,KR-31-1,Dongho-dong/동호동,KR-31-1-41
Ulsan/울산,KR-31,Dong-gu/동구,KR-31-1,Dongmyeong-dong/동명동,KR-31-1-42
Ulsan/울산,KR-31,Dong-gu/동구,KR-31-1,Dongnae-dong/동내동,KR-31-1-43
Ulsan/울산,KR-31,Dong-gu/동구,KR-31-1,Dongulsanucheguksaseoham/동울산우체국사서함,KR-31-1-44
Ulsan/울산,KR-31,Dong-gu/동구,KR-31-1,Dunsan-dong/둔산동,KR-31-1-45
Ulsan/울산,KR-31,Dong-gu/동구,KR-31-1,Gaksan-dong/각산동,KR-31-1-46
Ulsan/울산,KR-31,Dong-gu/동구,KR-31-1,Gao-dong/가오동,KR-31-1-47
Ulsan/울산,KR-31,Dong-gu/동구,KR-31-1,Gayang 1(il)-dong/가양1동,KR-31-1-48
Ulsan/울산,KR-31,Dong-gu/동구,KR-31-1,Gayang 2(i)-dong/가양2동,KR-31-1-49
Ulsan/울산,KR-31,Dong-gu/동구,KR-31-1,Gayang-dong/가양동,KR-31-1-50
Ulsan/울산,KR-31,Dong-gu/동구,KR-31-1,Geomsa-dong/검사동,KR-31-1-51
Ulsan/울산,KR-31,Dong-gu/동구,KR-31-1,Geum-dong/금동,KR-31-1-52
Ulsan/울산,KR-31,Dong-gu/동구,KR-31-1,Geumgang-dong/금강동,KR-31-1-53
Ulsan/울산,KR-31,Dong-gu/동구,KR-31-1,Geumgok-dong/금곡동,KR-31-1-54
Ulsan/울산,KR-31,Dong-gu/동구,KR-31-1,Geumnamro 1(il)-ga/금남로1가,KR-31-1-55
Ulsan/울산,KR-31,Dong-gu/동구,KR-31-1,Geumnamro 2(i)-ga/금남로2가,KR-31-1-56
Ulsan/울산,KR-31,Dong-gu/동구,KR-31-1,Geumnamro 3(sam)-ga/금남로3가,KR-31-1-57
Ulsan/울산,KR-31,Dong-gu/동구,KR-31-1,Geumnamro 4(sa)-ga/금남로4가,KR-31-1-58
Ulsan/울산,KR-31,Dong-gu/동구,KR-31-1,Geumnamro 5(o)-ga/금남로5가,KR-31-1-59
Ulsan/울산,KR-31,Dong-gu/동구,KR-31-1,Goejeon-dong/괴전동,KR-31-1-60
Ulsan/울산,KR-31,Dong-gu/동구,KR-31-1,Gudo-dong/구도동,KR-31-1-61
Ulsan/울산,KR-31,Dong-gu/동구,KR-31-1,Gung-dong/궁동,KR-31-1-62
Ulsan/울산,KR-31,Dong-gu/동구,KR-31-1,Gwangjuucheguksaseoham/광주우체국사서함,KR-31-1-63
Ulsan/울산,KR-31,Dong-gu/동구,KR-31-1,Gwangsan-dong/광산동,KR-31-1-64
Ulsan/울산,KR-31,Dong-gu/동구,KR-31-1,Gyerim 1(il)-dong/계림1동,KR-31-1-65
Ulsan/울산,KR-31,Dong-gu/동구,KR-31-1,Gyerim 2(i)-dong/계림2동,KR-31-1-66
Ulsan/울산,KR-31,Dong-gu/동구,KR-31-1,Gyerim-dong/계림동,KR-31-1-67
Ulsan/울산,KR-31,Dong-gu/동구,KR-31-1,Hak-dong/학동,KR-31-1-68
Ulsan/울산,KR-31,Dong-gu/동구,KR-31-1,Haso-dong/하소동,KR-31-1-69
Ulsan/울산,KR-31,Dong-gu/동구,KR-31-1,Honam-dong/호남동,KR-31-1-70
Ulsan/울산,KR-31,Dong-gu/동구,KR-31-1,Hongdo-dong/홍도동,KR-31-1-71
Ulsan/울산,KR-31,Dong-gu/동구,KR-31-1,Hwajeong-dong/화정동,KR-31-1-72
Ulsan/울산,KR-31,Dong-gu/동구,KR-31-1,Hwanggeum-dong/황금동,KR-31-1-73
Ulsan/울산,KR-31,Dong-gu/동구,KR-31-1,Hwapyeong-dong/화평동,KR-31-1-74
Ulsan/울산,KR-31,Dong-gu/동구,KR-31-1,Hwasu 1(il)-dong/화수1동,KR-31-1-75
Ulsan/울산,KR-31,Dong-gu/동구,KR-31-1,Hwasu 2(i)-dong/화수2동,KR-31-1-76
Ulsan/울산,KR-31,Dong-gu/동구,KR-31-1,Hwasu-dong/화수동,KR-31-1-77
Ulsan/울산,KR-31,Dong-gu/동구,KR-31-1,Hyo-dong/효동,KR-31-1-78
Ulsan/울산,KR-31,Dong-gu/동구,KR-31-1,Hyomog 1(il)-dong/효목1동,KR-31-1-79
Ulsan/울산,KR-31,Dong-gu/동구,KR-31-1,Hyomog 2(i)-dong/효목2동,KR-31-1-80
Ulsan/울산,KR-31,Dong-gu/동구,KR-31-1,Hyomok-dong/효목동,KR-31-1-81
Ulsan/울산,KR-31,Dong-gu/동구,KR-31-1,Hyopyeong-dong/효평동,KR-31-1-82
Ulsan/울산,KR-31,Dong-gu/동구,KR-31-1,Ilsan-dong/일산동,KR-31-1-83
Ulsan/울산,KR-31,Dong-gu/동구,KR-31-1,In-dong/인동,KR-31-1-84
Ulsan/울산,KR-31,Dong-gu/동구,KR-31-1,Ipseok-dong/입석동,KR-31-1-85
Ulsan/울산,KR-31,Dong-gu/동구,KR-31-1,Isa-dong/이사동,KR-31-1-86
Ulsan/울산,KR-31,Dong-gu/동구,KR-31-1,Jangcheok-dong/장척동,KR-31-1-87
Ulsan/울산,KR-31,Dong-gu/동구,KR-31-1,Jang-dong/장동,KR-31-1-88
Ulsan/울산,KR-31,Dong-gu/동구,KR-31-1,Jayang-dong/자양동,KR-31-1-89
Ulsan/울산,KR-31,Dong-gu/동구,KR-31-1,Jeong-dong/정동,KR-31-1-90
Ulsan/울산,KR-31,Dong-gu/동구,KR-31-1,Jeonha 1(il)-dong/전하1동,KR-31-1-91
Ulsan/울산,KR-31,Dong-gu/동구,KR-31-1,Jeonha 2(i)-dong/전하2동,KR-31-1-92
Ulsan/울산,KR-31,Dong-gu/동구,KR-31-1,Jeonha-dong/전하동,KR-31-1-93
Ulsan/울산,KR-31,Dong-gu/동구,KR-31-1,Jijeo-dong/지저동,KR-31-1-94
Ulsan/울산,KR-31,Dong-gu/동구,KR-31-1,Jik-dong/직동,KR-31-1-95
Ulsan/울산,KR-31,Dong-gu/동구,KR-31-1,Jimyo-dong/지묘동,KR-31-1-96
Ulsan/울산,KR-31,Dong-gu/동구,KR-31-1,Jinin-dong/진인동,KR-31-1-97
Ulsan/울산,KR-31,Dong-gu/동구,KR-31-1,Jisan 1(il)-dong/지산1동,KR-31-1-98
Ulsan/울산,KR-31,Dong-gu/동구,KR-31-1,Jisan 2(i)-dong/지산2동,KR-31-1-99
Ulsan/울산,KR-31,Dong-gu/동구,KR-31-1,Jisan-dong/지산동,KR-31-1-100
Ulsan/울산,KR-31,Dong-gu/동구,KR-31-1,Juchon-dong/주촌동,KR-31-1-101
Ulsan/울산,KR-31,Dong-gu/동구,KR-31-1,Jujeon-dong/주전동,KR-31-1-102
Ulsan/울산,KR-31,Dong-gu/동구,KR-31-1,Jungdae-dong/중대동,KR-31-1-103
Ulsan/울산,KR-31,Dong-gu/동구,KR-31-1,Jung-dong/중동,KR-31-1-104
Ulsan/울산,KR-31,Dong-gu/동구,KR-31-1,Jusan-dong/주산동,KR-31-1-105
Ulsan/울산,KR-31,Dong-gu/동구,KR-31-1,Jwacheon 1(il)-dong/좌천1동,KR-31-1-106
Ulsan/울산,KR-31,Dong-gu/동구,KR-31-1,Jwacheon 4(sa)-dong/좌천4동,KR-31-1-107
Ulsan/울산,KR-31,Dong-gu/동구,KR-31-1,Jwacheon-dong/좌천동,KR-31-1-108
Ulsan/울산,KR-31,Dong-gu/동구,KR-31-1,Maeyeo-dong/매여동,KR-31-1-109
Ulsan/울산,KR-31,Dong-gu/동구,KR-31-1,Manseok-dong/만석동,KR-31-1-110
Ulsan/울산,KR-31,Dong-gu/동구,KR-31-1,Masan-dong/마산동,KR-31-1-111
Ulsan/울산,KR-31,Dong-gu/동구,KR-31-1,Midae-dong/미대동,KR-31-1-112
Ulsan/울산,KR-31,Dong-gu/동구,KR-31-1,Migok-dong/미곡동,KR-31-1-113
Ulsan/울산,KR-31,Dong-gu/동구,KR-31-1,Nae-dong/내동,KR-31-1-114
Ulsan/울산,KR-31,Dong-gu/동구,KR-31-1,Naegok-dong/내곡동,KR-31-1-115
Ulsan/울산,KR-31,Dong-gu/동구,KR-31-1,Naenam-dong/내남동,KR-31-1-116
Ulsan/울산,KR-31,Dong-gu/동구,KR-31-1,Naetap-dong/내탑동,KR-31-1-117
Ulsan/울산,KR-31,Dong-gu/동구,KR-31-1,Nam-dong/남동,KR-31-1-118
Ulsan/울산,KR-31,Dong-gu/동구,KR-31-1,Nangwol-dong/낭월동,KR-31-1-119
Ulsan/울산,KR-31,Dong-gu/동구,KR-31-1,Neungseong-dong/능성동,KR-31-1-120
Ulsan/울산,KR-31,Dong-gu/동구,KR-31-1,O-dong/오동,KR-31-1-121
Ulsan/울산,KR-31,Dong-gu/동구,KR-31-1,Panam 1(il)-dong/판암1동,KR-31-1-122
Ulsan/울산,KR-31,Dong-gu/동구,KR-31-1,Panam 2(i)-dong/판암2동,KR-31-1-123
Ulsan/울산,KR-31,Dong-gu/동구,KR-31-1,Panam-dong/판암동,KR-31-1-124
Ulsan/울산,KR-31,Dong-gu/동구,KR-31-1,Pyeonggwang-dong/평광동,KR-31-1-125
Ulsan/울산,KR-31,Dong-gu/동구,KR-31-1,Sabok-dong/사복동,KR-31-1-126
Ulsan/울산,KR-31,Dong-gu/동구,KR-31-1,Samgoe-dong/삼괴동,KR-31-1-127
Ulsan/울산,KR-31,Dong-gu/동구,KR-31-1,Samjeong-dong/삼정동,KR-31-1-128
Ulsan/울산,KR-31,Dong-gu/동구,KR-31-1,Samseong-dong/삼성동,KR-31-1-129
Ulsan/울산,KR-31,Dong-gu/동구,KR-31-1,Sangmae-dong/상매동,KR-31-1-130
Ulsan/울산,KR-31,Dong-gu/동구,KR-31-1,Sangso-dong/상소동,KR-31-1-131
Ulsan/울산,KR-31,Dong-gu/동구,KR-31-1,Sansu 1(il)-dong/산수1동,KR-31-1-132
Ulsan/울산,KR-31,Dong-gu/동구,KR-31-1,Sansu 2(i)-dong/산수2동,KR-31-1-133
Ulsan/울산,KR-31,Dong-gu/동구,KR-31-1,Sansu-dong/산수동,KR-31-1-134
Ulsan/울산,KR-31,Dong-gu/동구,KR-31-1,Saseong-dong/사성동,KR-31-1-135
Ulsan/울산,KR-31,Dong-gu/동구,KR-31-1,Secheon-dong/세천동,KR-31-1-136
Ulsan/울산,KR-31,Dong-gu/동구,KR-31-1,Seobu-dong/서부동,KR-31-1-137
Ulsan/울산,KR-31,Dong-gu/동구,KR-31-1,Seoho-dong/서호동,KR-31-1-138
Ulsan/울산,KR-31,Dong-gu/동구,KR-31-1,Seongnam-dong/성남동,KR-31-1-139
Ulsan/울산,KR-31,Dong-gu/동구,KR-31-1,Seongyo-dong/선교동,KR-31-1-140
Ulsan/울산,KR-31,Dong-gu/동구,KR-31-1,Seoseok-dong/서석동,KR-31-1-141
Ulsan/울산,KR-31,Dong-gu/동구,KR-31-1,Sinam 1(il)-dong/신암1동,KR-31-1-142
Ulsan/울산,KR-31,Dong-gu/동구,KR-31-1,Sinam 2(i)-dong/신암2동,KR-31-1-143
Ulsan/울산,KR-31,Dong-gu/동구,KR-31-1,Sinam 3(sam)-dong/신암3동,KR-31-1-144
Ulsan/울산,KR-31,Dong-gu/동구,KR-31-1,Sinam 4(sa)-dong/신암4동,KR-31-1-145
Ulsan/울산,KR-31,Dong-gu/동구,KR-31-1,Sinam 5(o)-dong/신암5동,KR-31-1-146
Ulsan/울산,KR-31,Dong-gu/동구,KR-31-1,Sinam-dong/신암동,KR-31-1-147
Ulsan/울산,KR-31,Dong-gu/동구,KR-31-1,Sinan-dong/신안동,KR-31-1-148
Ulsan/울산,KR-31,Dong-gu/동구,KR-31-1,Sincheon 2(i)-dong/신천1.2동,KR-31-1-149
Ulsan/울산,KR-31,Dong-gu/동구,KR-31-1,Sincheon 3(sam)-dong/신천3동,KR-31-1-150
Ulsan/울산,KR-31,Dong-gu/동구,KR-31-1,Sincheon 4(sa)-dong/신천4동,KR-31-1-151
Ulsan/울산,KR-31,Dong-gu/동구,KR-31-1,Sincheon-dong/신천동,KR-31-1-152
Ulsan/울산,KR-31,Dong-gu/동구,KR-31-1,Sinchon-dong/신촌동,KR-31-1-153
Ulsan/울산,KR-31,Dong-gu/동구,KR-31-1,Singi-dong/신기동,KR-31-1-154
Ulsan/울산,KR-31,Dong-gu/동구,KR-31-1,Sinha-dong/신하동,KR-31-1-155
Ulsan/울산,KR-31,Dong-gu/동구,KR-31-1,Sinheung-dong/신흥동,KR-31-1-156
Ulsan/울산,KR-31,Dong-gu/동구,KR-31-1,Sinmu-dong/신무동,KR-31-1-157
Ulsan/울산,KR-31,Dong-gu/동구,KR-31-1,Sinpyeong-dong/신평동,KR-31-1-158
Ulsan/울산,KR-31,Dong-gu/동구,KR-31-1,Sinsang-dong/신상동,KR-31-1-159
Ulsan/울산,KR-31,Dong-gu/동구,KR-31-1,Sinseo-dong/신서동,KR-31-1-160
Ulsan/울산,KR-31,Dong-gu/동구,KR-31-1,Sinyong-dong/신용동,KR-31-1-161
Ulsan/울산,KR-31,Dong-gu/동구,KR-31-1,Soho-dong/소호동,KR-31-1-162
Ulsan/울산,KR-31,Dong-gu/동구,KR-31-1,Soje-dong/소제동,KR-31-1-163
Ulsan/울산,KR-31,Dong-gu/동구,KR-31-1,Songhyeon 1(il)-dong/송현1동,KR-31-1-164
Ulsan/울산,KR-31,Dong-gu/동구,KR-31-1,Songhyeon 2(i)-dong/송현2동,KR-31-1-165
Ulsan/울산,KR-31,Dong-gu/동구,KR-31-1,Songhyeon 3(sam)-dong/송현3동,KR-31-1-166
Ulsan/울산,KR-31,Dong-gu/동구,KR-31-1,Songhyeon-dong/송현동,KR-31-1-167
Ulsan/울산,KR-31,Dong-gu/동구,KR-31-1,Songjeong-dong/송정동,KR-31-1-168
Ulsan/울산,KR-31,Dong-gu/동구,KR-31-1,Songrim 1(il)-dong/송림1동,KR-31-1-169
Ulsan/울산,KR-31,Dong-gu/동구,KR-31-1,Songrim 2(i)-dong/송림2동,KR-31-1-170
Ulsan/울산,KR-31,Dong-gu/동구,KR-31-1,Songrim 3(sam)-dong/송림3동,KR-31-1-171
Ulsan/울산,KR-31,Dong-gu/동구,KR-31-1,Songrim 4(sa)-dong/송림4동,KR-31-1-172
Ulsan/울산,KR-31,Dong-gu/동구,KR-31-1,Songrim 5(o)-dong/송림5동,KR-31-1-173
Ulsan/울산,KR-31,Dong-gu/동구,KR-31-1,Songrim 6(yuk)-dong/송림6동,KR-31-1-174
Ulsan/울산,KR-31,Dong-gu/동구,KR-31-1,Songrim-dong/송림동,KR-31-1-175
Ulsan/울산,KR-31,Dong-gu/동구,KR-31-1,Sotae-dong/소태동,KR-31-1-176
Ulsan/울산,KR-31,Dong-gu/동구,KR-31-1,Sugi-dong/수기동,KR-31-1-177
Ulsan/울산,KR-31,Dong-gu/동구,KR-31-1,Sujeong 1(il)-dong/수정1동,KR-31-1-178
Ulsan/울산,KR-31,Dong-gu/동구,KR-31-1,Sujeong 2(i)-dong/수정2동,KR-31-1-179
Ulsan/울산,KR-31,Dong-gu/동구,KR-31-1,Sujeong 4(sa)-dong/수정4동,KR-31-1-180
Ulsan/울산,KR-31,Dong-gu/동구,KR-31-1,Sujeong 5(o)-dong/수정5동,KR-31-1-181
Ulsan/울산,KR-31,Dong-gu/동구,KR-31-1,Sujeong-dong/수정동,KR-31-1-182
Ulsan/울산,KR-31,Dong-gu/동구,KR-31-1,Sukcheon-dong/숙천동,KR-31-1-183
Ulsan/울산,KR-31,Dong-gu/동구,KR-31-1,Unrim-dong/운림동,KR-31-1-184
Ulsan/울산,KR-31,Dong-gu/동구,KR-31-1,Wolnam-dong/월남동,KR-31-1-185
Ulsan/울산,KR-31,Dong-gu/동구,KR-31-1,Won-dong/원동,KR-31-1-186
Ulsan/울산,KR-31,Dong-gu/동구,KR-31-1,Yonggye-dong/용계동,KR-31-1-187
Ulsan/울산,KR-31,Dong-gu/동구,KR-31-1,Yonggye-dong/용계동,KR-31-1-187
Ulsan/울산,KR-31,Dong-gu/동구,KR-31-1,Yongjeon-dong/용전동,KR-31-1-188
Ulsan/울산,KR-31,Dong-gu/동구,KR-31-1,Yongsan-dong/용산동,KR-31-1-189
Ulsan/울산,KR-31,Dong-gu/동구,KR-31-1,Yongsu-dong/용수동,KR-31-1-190
Ulsan/울산,KR-31,Dong-gu/동구,KR-31-1,Yongun-dong/용운동,KR-31-1-191
Ulsan/울산,KR-31,Dong-gu/동구,KR-31-1,Yongyeon-dong/용연동,KR-31-1-192
Ulsan/울산,KR-31,Dong-gu/동구,KR-31-1,Yulha-dong/율하동,KR-31-1-193
Ulsan/울산,KR-31,Dong-gu/동구,KR-31-1,Yuram-dong/율암동,KR-31-1-194
Ulsan/울산,KR-31,Jung-gu/중구,KR-31-2,Anyeong-dong/안영동,KR-31-2-0
Ulsan/울산,KR-31,Jung-gu/중구,KR-31-2,Bangsan-dong/방산동,KR-31-2-1
Ulsan/울산,KR-31,Jung-gu/중구,KR-31-2,Bangu 1(il)-dong/반구1동,KR-31-2-2
Ulsan/울산,KR-31,Jung-gu/중구,KR-31-2,Bangu 2(i)-dong/반구2동,KR-31-2-3
Ulsan/울산,KR-31,Jung-gu/중구,KR-31-2,Bangu-dong/반구동,KR-31-2-4
Ulsan/울산,KR-31,Jung-gu/중구,KR-31-2,Boksan 1(il)-dong/복산1동,KR-31-2-5
Ulsan/울산,KR-31,Jung-gu/중구,KR-31-2,Boksan 2(i)-dong/복산2동,KR-31-2-6
Ulsan/울산,KR-31,Jung-gu/중구,KR-31-2,Boksan-dong/복산동,KR-31-2-7
Ulsan/울산,KR-31,Jung-gu/중구,KR-31-2,Bongraedong 1(il)-ga/봉래동1가,KR-31-2-8
Ulsan/울산,KR-31,Jung-gu/중구,KR-31-2,Bongraedong 2(i)-ga/봉래동2가,KR-31-2-9
Ulsan/울산,KR-31,Jung-gu/중구,KR-31-2,Bongsan-dong/봉산동,KR-31-2-10
Ulsan/울산,KR-31,Jung-gu/중구,KR-31-2,Bosudong 1(il)-ga/보수동1가,KR-31-2-11
Ulsan/울산,KR-31,Jung-gu/중구,KR-31-2,Bosudong 2(i)-ga/보수동2가,KR-31-2-12
Ulsan/울산,KR-31,Jung-gu/중구,KR-31-2,Bosudong 3(sam)-ga/보수동3가,KR-31-2-13
Ulsan/울산,KR-31,Jung-gu/중구,KR-31-2,Bosu-dong/보수동,KR-31-2-14
Ulsan/울산,KR-31,Jung-gu/중구,KR-31-2,Bukchang-dong/북창동,KR-31-2-15
Ulsan/울산,KR-31,Jung-gu/중구,KR-31-2,Bukjeong-dong/북정동,KR-31-2-16
Ulsan/울산,KR-31,Jung-gu/중구,KR-31-2,Buknae-dong/북내동,KR-31-2-17
Ulsan/울산,KR-31,Jung-gu/중구,KR-31-2,Bukseongdong 1(il)-ga/북성동1가,KR-31-2-18
Ulsan/울산,KR-31,Jung-gu/중구,KR-31-2,Bukseongdong 2(i)-ga/북성동2가,KR-31-2-19
Ulsan/울산,KR-31,Jung-gu/중구,KR-31-2,Bukseongdong 3(sam)-ga/북성동3가,KR-31-2-20
Ulsan/울산,KR-31,Jung-gu/중구,KR-31-2,Bukseongro 1(il)-ga/북성로1가,KR-31-2-21
Ulsan/울산,KR-31,Jung-gu/중구,KR-31-2,Bukseongro 2(i)-ga/북성로2가,KR-31-2-22
Ulsan/울산,KR-31,Jung-gu/중구,KR-31-2,Bupyeongdong 1(il)-ga/부평동1가,KR-31-2-23
Ulsan/울산,KR-31,Jung-gu/중구,KR-31-2,Bupyeongdong 2(i)-ga/부평동2가,KR-31-2-24
Ulsan/울산,KR-31,Jung-gu/중구,KR-31-2,Bupyeongdong 3(sam)-ga/부평동3가,KR-31-2-25
Ulsan/울산,KR-31,Jung-gu/중구,KR-31-2,Bupyeongdong 4(sa)-ga/부평동4가,KR-31-2-26
Ulsan/울산,KR-31,Jung-gu/중구,KR-31-2,Bupyeong-dong/부평동,KR-31-2-27
Ulsan/울산,KR-31,Jung-gu/중구,KR-31-2,Busa-dong/부사동,KR-31-2-28
Ulsan/울산,KR-31,Jung-gu/중구,KR-31-2,Busanucheguksaseoham/부산우체국사서함,KR-31-2-29
Ulsan/울산,KR-31,Jung-gu/중구,KR-31-2,Changseondong 1(il)-ga/창선동1가,KR-31-2-30
Ulsan/울산,KR-31,Jung-gu/중구,KR-31-2,Changseondong 2(i)-ga/창선동2가,KR-31-2-31
Ulsan/울산,KR-31,Jung-gu/중구,KR-31-2,Changseon-dong/창선동,KR-31-2-32
Ulsan/울산,KR-31,Jung-gu/중구,KR-31-2,Chimsan-dong/침산동,KR-31-2-33
Ulsan/울산,KR-31,Jung-gu/중구,KR-31-2,Cho-dong/초동,KR-31-2-34
Ulsan/울산,KR-31,Jung-gu/중구,KR-31-2,Chungjeongro 1(il)-ga/충정로1가,KR-31-2-35
Ulsan/울산,KR-31,Jung-gu/중구,KR-31-2,Chungmuro 1(il)-ga/충무로1가,KR-31-2-36
Ulsan/울산,KR-31,Jung-gu/중구,KR-31-2,Chungmuro 2(i)-ga/충무로2가,KR-31-2-37
Ulsan/울산,KR-31,Jung-gu/중구,KR-31-2,Chungmuro 3(sam)-ga/충무로3가,KR-31-2-38
Ulsan/울산,KR-31,Jung-gu/중구,KR-31-2,Chungmuro 4(sa)-ga/충무로4가,KR-31-2-39
Ulsan/울산,KR-31,Jung-gu/중구,KR-31-2,Chungmuro 5(o)-ga/충무로5가,KR-31-2-40
Ulsan/울산,KR-31,Jung-gu/중구,KR-31-2,Da-dong/다동,KR-31-2-41
Ulsan/울산,KR-31,Jung-gu/중구,KR-31-2,Daean-dong/대안동,KR-31-2-42
Ulsan/울산,KR-31,Jung-gu/중구,KR-31-2,Daebong 1(il)-dong/대봉1동,KR-31-2-43
Ulsan/울산,KR-31,Jung-gu/중구,KR-31-2,Daebong 2(i)-dong/대봉2동,KR-31-2-44
Ulsan/울산,KR-31,Jung-gu/중구,KR-31-2,Daebong-dong/대봉동,KR-31-2-45
Ulsan/울산,KR-31,Jung-gu/중구,KR-31-2,Daechangdong 1(il)-ga/대창동1가,KR-31-2-46
Ulsan/울산,KR-31,Jung-gu/중구,KR-31-2,Daechangdong 2(i)-ga/대창동2가,KR-31-2-47
Ulsan/울산,KR-31,Jung-gu/중구,KR-31-2,Daechang-dong/대창동,KR-31-2-48
Ulsan/울산,KR-31,Jung-gu/중구,KR-31-2,Daecheongdong 1(il)-ga/대청동1가,KR-31-2-49
Ulsan/울산,KR-31,Jung-gu/중구,KR-31-2,Daecheongdong 2(i)-ga/대청동2가,KR-31-2-50
Ulsan/울산,KR-31,Jung-gu/중구,KR-31-2,Daecheongdong 3(sam)-ga/대청동3가,KR-31-2-51
Ulsan/울산,KR-31,Jung-gu/중구,KR-31-2,Daecheongdong 4(sa)-ga/대청동4가,KR-31-2-52
Ulsan/울산,KR-31,Jung-gu/중구,KR-31-2,Daecheong-dong/대청동,KR-31-2-53
Ulsan/울산,KR-31,Jung-gu/중구,KR-31-2,Daeguucheguksaseoham/대구우체국사서함,KR-31-2-54
Ulsan/울산,KR-31,Jung-gu/중구,KR-31-2,Daeheung-dong/대흥동,KR-31-2-55
Ulsan/울산,KR-31,Jung-gu/중구,KR-31-2,Daesa-dong/대사동,KR-31-2-56
Ulsan/울산,KR-31,Jung-gu/중구,KR-31-2,Daesin-dong/대신동,KR-31-2-57
Ulsan/울산,KR-31,Jung-gu/중구,KR-31-2,Dalseong-dong/달성동,KR-31-2-58
Ulsan/울산,KR-31,Jung-gu/중구,KR-31-2,Dap-dong/답동,KR-31-2-59
Ulsan/울산,KR-31,Jung-gu/중구,KR-31-2,Daun-dong/다운동,KR-31-2-60
Ulsan/울산,KR-31,Jung-gu/중구,KR-31-2,Deokgyo-dong/덕교동,KR-31-2-61
Ulsan/울산,KR-31,Jung-gu/중구,KR-31-2,Deoksan-dong/덕산동,KR-31-2-62
Ulsan/울산,KR-31,Jung-gu/중구,KR-31-2,Dong-dong/동동,KR-31-2-63
Ulsan/울산,KR-31,Jung-gu/중구,KR-31-2,Donggwangdong 1(il)-ga/동광동1가,KR-31-2-64
Ulsan/울산,KR-31,Jung-gu/중구,KR-31-2,Donggwangdong 2(i)-ga/동광동2가,KR-31-2-65
Ulsan/울산,KR-31,Jung-gu/중구,KR-31-2,Donggwangdong 3(sam)-ga/동광동3가,KR-31-2-66
Ulsan/울산,KR-31,Jung-gu/중구,KR-31-2,Donggwangdong 4(sa)-ga/동광동4가,KR-31-2-67
Ulsan/울산,KR-31,Jung-gu/중구,KR-31-2,Donggwangdong 5(o)-ga/동광동5가,KR-31-2-68
Ulsan/울산,KR-31,Jung-gu/중구,KR-31-2,Donggwang-dong/동광동,KR-31-2-69
Ulsan/울산,KR-31,Jung-gu/중구,KR-31-2,Dongil-dong/동일동,KR-31-2-70
Ulsan/울산,KR-31,Jung-gu/중구,KR-31-2,Dongindong 1(il)-ga/동인동1가,KR-31-2-71
Ulsan/울산,KR-31,Jung-gu/중구,KR-31-2,Dongindong 2(i)-ga/동인동2가,KR-31-2-72
Ulsan/울산,KR-31,Jung-gu/중구,KR-31-2,Dongindong 3(sam)-ga/동인동3가,KR-31-2-73
Ulsan/울산,KR-31,Jung-gu/중구,KR-31-2,Dongindong 4(sa)-ga/동인동4가,KR-31-2-74
Ulsan/울산,KR-31,Jung-gu/중구,KR-31-2,Dongmun-dong/동문동,KR-31-2-75
Ulsan/울산,KR-31,Jung-gu/중구,KR-31-2,Dongsan-dong/동산동,KR-31-2-76
Ulsan/울산,KR-31,Jung-gu/중구,KR-31-2,Dongseongro 1(il)-ga/동성로1가,KR-31-2-77
Ulsan/울산,KR-31,Jung-gu/중구,KR-31-2,Dongseongro 2(i)-ga/동성로2가,KR-31-2-78
Ulsan/울산,KR-31,Jung-gu/중구,KR-31-2,Dongseongro 3(sam)-ga/동성로3가,KR-31-2-79
Ulsan/울산,KR-31,Jung-gu/중구,KR-31-2,Dowon-dong/도원동,KR-31-2-80
Ulsan/울산,KR-31,Jung-gu/중구,KR-31-2,Dowon-dong/도원동,KR-31-2-80
Ulsan/울산,KR-31,Jung-gu/중구,KR-31-2,Eonam-dong/어남동,KR-31-2-81
Ulsan/울산,KR-31,Jung-gu/중구,KR-31-2,Euljiro 1(il)-ga/을지로1가,KR-31-2-82
Ulsan/울산,KR-31,Jung-gu/중구,KR-31-2,Euljiro 2(i)-ga/을지로2가,KR-31-2-83
Ulsan/울산,KR-31,Jung-gu/중구,KR-31-2,Euljiro 3(sam)-ga/을지로3가,KR-31-2-84
Ulsan/울산,KR-31,Jung-gu/중구,KR-31-2,Euljiro 4(sa)-ga/을지로4가,KR-31-2-85
Ulsan/울산,KR-31,Jung-gu/중구,KR-31-2,Euljiro 5(o)-ga/을지로5가,KR-31-2-86
Ulsan/울산,KR-31,Jung-gu/중구,KR-31-2,Euljiro 6(yuk)-ga/을지로6가,KR-31-2-87
Ulsan/울산,KR-31,Jung-gu/중구,KR-31-2,Euljiro 7(chil)-ga/을지로7가,KR-31-2-88
Ulsan/울산,KR-31,Jung-gu/중구,KR-31-2,Eunhaeng-dong/은행동,KR-31-2-89
Ulsan/울산,KR-31,Jung-gu/중구,KR-31-2,Eurwang-dong/을왕동,KR-31-2-90
Ulsan/울산,KR-31,Jung-gu/중구,KR-31-2,Geum-dong/금동,KR-31-2-91
Ulsan/울산,KR-31,Jung-gu/중구,KR-31-2,Gongpyeong-dong/공평동,KR-31-2-92
Ulsan/울산,KR-31,Jung-gu/중구,KR-31-2,Guwan-dong/구완동,KR-31-2-93
Ulsan/울산,KR-31,Jung-gu/중구,KR-31-2,Gwandong 1(il)-ga/관동1가,KR-31-2-94
Ulsan/울산,KR-31,Jung-gu/중구,KR-31-2,Gwandong 2(i)-ga/관동2가,KR-31-2-95
Ulsan/울산,KR-31,Jung-gu/중구,KR-31-2,Gwandong 3(sam)-ga/관동3가,KR-31-2-96
Ulsan/울산,KR-31,Jung-gu/중구,KR-31-2,Gwangbokdong 1(il)-ga/광복동1가,KR-31-2-97
Ulsan/울산,KR-31,Jung-gu/중구,KR-31-2,Gwangbokdong 2(i)-ga/광복동2가,KR-31-2-98
Ulsan/울산,KR-31,Jung-gu/중구,KR-31-2,Gwangbokdong 3(sam)-ga/광복동3가,KR-31-2-99
Ulsan/울산,KR-31,Jung-gu/중구,KR-31-2,Gwangbok-dong/광복동,KR-31-2-100
Ulsan/울산,KR-31,Jung-gu/중구,KR-31-2,Gwanghuidong 1(il)-ga/광희동1가,KR-31-2-101
Ulsan/울산,KR-31,Jung-gu/중구,KR-31-2,Gwanghuidong 2(i)-ga/광희동2가,KR-31-2-102
Ulsan/울산,KR-31,Jung-gu/중구,KR-31-2,Gyeong-dong/경동,KR-31-2-103
Ulsan/울산,KR-31,Jung-gu/중구,KR-31-2,Gyesandong 1(il)-ga/계산동1가,KR-31-2-104
Ulsan/울산,KR-31,Jung-gu/중구,KR-31-2,Gyesandong 2(i)-ga/계산동2가,KR-31-2-105
Ulsan/울산,KR-31,Jung-gu/중구,KR-31-2,Gyo-dong/교동,KR-31-2-106
Ulsan/울산,KR-31,Jung-gu/중구,KR-31-2,Gyo-dong/교동,KR-31-2-106
Ulsan/울산,KR-31,Jung-gu/중구,KR-31-2,Haeandong 1(il)-ga/해안동1가,KR-31-2-107
Ulsan/울산,KR-31,Jung-gu/중구,KR-31-2,Haeandong 2(i)-ga/해안동2가,KR-31-2-108
Ulsan/울산,KR-31,Jung-gu/중구,KR-31-2,Haeandong 3(sam)-ga/해안동3가,KR-31-2-109
Ulsan/울산,KR-31,Jung-gu/중구,KR-31-2,Haeandong 4(sa)-ga/해안동4가,KR-31-2-110
Ulsan/울산,KR-31,Jung-gu/중구,KR-31-2,Haksan-dong/학산동,KR-31-2-111
Ulsan/울산,KR-31,Jung-gu/중구,KR-31-2,Hakseong-dong/학성동,KR-31-2-112
Ulsan/울산,KR-31,Jung-gu/중구,KR-31-2,Hangdong 1(il)-ga/항동1가,KR-31-2-113
Ulsan/울산,KR-31,Jung-gu/중구,KR-31-2,Hangdong 2(i)-ga/항동2가,KR-31-2-114
Ulsan/울산,KR-31,Jung-gu/중구,KR-31-2,Hangdong 3(sam)-ga/항동3가,KR-31-2-115
Ulsan/울산,KR-31,Jung-gu/중구,KR-31-2,Hangdong 4(sa)-ga/항동4가,KR-31-2-116
Ulsan/울산,KR-31,Jung-gu/중구,KR-31-2,Hangdong 5(o)-ga/항동5가,KR-31-2-117
Ulsan/울산,KR-31,Jung-gu/중구,KR-31-2,Hangdong 6(yuk)-ga/항동6가,KR-31-2-118
Ulsan/울산,KR-31,Jung-gu/중구,KR-31-2,Hangdong 7(chil)-ga/항동7가,KR-31-2-119
Ulsan/울산,KR-31,Jung-gu/중구,KR-31-2,Haseo-dong/하서동,KR-31-2-120
Ulsan/울산,KR-31,Jung-gu/중구,KR-31-2,Heungin-dong/흥인동,KR-31-2-121
Ulsan/울산,KR-31,Jung-gu/중구,KR-31-2,Ho-dong/호동,KR-31-2-122
Ulsan/울산,KR-31,Jung-gu/중구,KR-31-2,Hoehyeondong 1(il)-ga/회현동1가,KR-31-2-123
Ulsan/울산,KR-31,Jung-gu/중구,KR-31-2,Hoehyeondong 2(i)-ga/회현동2가,KR-31-2-124
Ulsan/울산,KR-31,Jung-gu/중구,KR-31-2,Hoehyeondong 3(sam)-ga/회현동3가,KR-31-2-125
Ulsan/울산,KR-31,Jung-gu/중구,KR-31-2,Hwajeon-dong/화전동,KR-31-2-126
Ulsan/울산,KR-31,Jung-gu/중구,KR-31-2,Hwanghak-dong/황학동,KR-31-2-127
Ulsan/울산,KR-31,Jung-gu/중구,KR-31-2,Hyangchon-dong/향촌동,KR-31-2-128
Ulsan/울산,KR-31,Jung-gu/중구,KR-31-2,Incheongonghangucheguksaseoham/인천공항우체국사서함,KR-31-2-129
Ulsan/울산,KR-31,Jung-gu/중구,KR-31-2,Ingyo-dong/인교동,KR-31-2-130
Ulsan/울산,KR-31,Jung-gu/중구,KR-31-2,Inhyeondong 1(il)-ga/인현동1가,KR-31-2-131
Ulsan/울산,KR-31,Jung-gu/중구,KR-31-2,Inhyeondong 2(i)-ga/인현동2가,KR-31-2-132
Ulsan/울산,KR-31,Jung-gu/중구,KR-31-2,Inhyeon-dong/인현동,KR-31-2-133
Ulsan/울산,KR-31,Jung-gu/중구,KR-31-2,Ipjeong-dong/입정동,KR-31-2-134
Ulsan/울산,KR-31,Jung-gu/중구,KR-31-2,Jangchungdong 1(il)-ga/장충동1가,KR-31-2-135
Ulsan/울산,KR-31,Jung-gu/중구,KR-31-2,Jangchungdong 2(i)-ga/장충동2가,KR-31-2-136
Ulsan/울산,KR-31,Jung-gu/중구,KR-31-2,Janggwan-dong/장관동,KR-31-2-137
Ulsan/울산,KR-31,Jung-gu/중구,KR-31-2,Janggyo-dong/장교동,KR-31-2-138
Ulsan/울산,KR-31,Jung-gu/중구,KR-31-2,Janghyeon-dong/장현동,KR-31-2-139
Ulsan/울산,KR-31,Jung-gu/중구,KR-31-2,Jeodong 1(il)-ga/저동1가,KR-31-2-140
Ulsan/울산,KR-31,Jung-gu/중구,KR-31-2,Jeodong 2(i)-ga/저동2가,KR-31-2-141
Ulsan/울산,KR-31,Jung-gu/중구,KR-31-2,Jeon-dong/전동,KR-31-2-142
Ulsan/울산,KR-31,Jung-gu/중구,KR-31-2,Jeon-dong/전동,KR-31-2-142
Ulsan/울산,KR-31,Jung-gu/중구,KR-31-2,Jeong-dong/정동,KR-31-2-143
Ulsan/울산,KR-31,Jung-gu/중구,KR-31-2,Jeongsaeng-dong/정생동,KR-31-2-144
Ulsan/울산,KR-31,Jung-gu/중구,KR-31-2,Jongro 1(il)-ga/종로1가,KR-31-2-145
Ulsan/울산,KR-31,Jung-gu/중구,KR-31-2,Jongro 2(i)-ga/종로2가,KR-31-2-146
Ulsan/울산,KR-31,Jung-gu/중구,KR-31-2,Jugyo-dong/주교동,KR-31-2-147
Ulsan/울산,KR-31,Jung-gu/중구,KR-31-2,Juja-dong/주자동,KR-31-2-148
Ulsan/울산,KR-31,Jung-gu/중구,KR-31-2,Jungangdong 1(il)-ga/중앙동1가,KR-31-2-149
Ulsan/울산,KR-31,Jung-gu/중구,KR-31-2,Jungangdong 1(il)-ga/중앙동1가,KR-31-2-149
Ulsan/울산,KR-31,Jung-gu/중구,KR-31-2,Jungangdong 2(i)-ga/중앙동2가,KR-31-2-150
Ulsan/울산,KR-31,Jung-gu/중구,KR-31-2,Jungangdong 2(i)-ga/중앙동2가,KR-31-2-150
Ulsan/울산,KR-31,Jung-gu/중구,KR-31-2,Jungangdong 3(sam)-ga/중앙동3가,KR-31-2-151
Ulsan/울산,KR-31,Jung-gu/중구,KR-31-2,Jungangdong 3(sam)-ga/중앙동3가,KR-31-2-151
Ulsan/울산,KR-31,Jung-gu/중구,KR-31-2,Jungangdong 4(sa)-ga/중앙동4가,KR-31-2-152
Ulsan/울산,KR-31,Jung-gu/중구,KR-31-2,Jungangdong 4(sa)-ga/중앙동4가,KR-31-2-152
Ulsan/울산,KR-31,Jung-gu/중구,KR-31-2,Jungangdong 5(o)-ga/중앙동5가,KR-31-2-153
Ulsan/울산,KR-31,Jung-gu/중구,KR-31-2,Jungangdong 6(yuk)-ga/중앙동6가,KR-31-2-154
Ulsan/울산,KR-31,Jung-gu/중구,KR-31-2,Jungangdong 7(chil)-ga/중앙동7가,KR-31-2-155
Ulsan/울산,KR-31,Jung-gu/중구,KR-31-2,Jungang-dong/중앙동,KR-31-2-156
Ulsan/울산,KR-31,Jung-gu/중구,KR-31-2,Jungangucheguksaseoham/중앙우체국사서함,KR-31-2-157
Ulsan/울산,KR-31,Jung-gu/중구,KR-31-2,Jungchon-dong/중촌동,KR-31-2-158
Ulsan/울산,KR-31,Jung-gu/중구,KR-31-2,Jungrim-dong/중림동,KR-31-2-159
Ulsan/울산,KR-31,Jung-gu/중구,KR-31-2,Jungsan-dong/중산동,KR-31-2-160
Ulsan/울산,KR-31,Jung-gu/중구,KR-31-2,Manridong 1(il)-ga/만리동1가,KR-31-2-161
Ulsan/울산,KR-31,Jung-gu/중구,KR-31-2,Manridong 2(i)-ga/만리동2가,KR-31-2-162
Ulsan/울산,KR-31,Jung-gu/중구,KR-31-2,Mokdal-dong/목달동,KR-31-2-163
Ulsan/울산,KR-31,Jung-gu/중구,KR-31-2,Mok-dong/목동,KR-31-2-164
Ulsan/울산,KR-31,Jung-gu/중구,KR-31-2,Mugyo-dong/무교동,KR-31-2-165
Ulsan/울산,KR-31,Jung-gu/중구,KR-31-2,Muhak-dong/무학동,KR-31-2-166
Ulsan/울산,KR-31,Jung-gu/중구,KR-31-2,Mukjeong-dong/묵정동,KR-31-2-167
Ulsan/울산,KR-31,Jung-gu/중구,KR-31-2,Munchang-dong/문창동,KR-31-2-168
Ulsan/울산,KR-31,Jung-gu/중구,KR-31-2,Munhwa 1(il)-dong/문화1동,KR-31-2-169
Ulsan/울산,KR-31,Jung-gu/중구,KR-31-2,Munhwa 2(i)-dong/문화2동,KR-31-2-170
Ulsan/울산,KR-31,Jung-gu/중구,KR-31-2,Munhwa-dong/문화동,KR-31-2-171
Ulsan/울산,KR-31,Jung-gu/중구,KR-31-2,Munhwa-dong/문화동,KR-31-2-171
Ulsan/울산,KR-31,Jung-gu/중구,KR-31-2,Musu-dong/무수동,KR-31-2-172
Ulsan/울산,KR-31,Jung-gu/중구,KR-31-2,Muui-dong/무의동,KR-31-2-173
Ulsan/울산,KR-31,Jung-gu/중구,KR-31-2,Myeongdong 1(il)-ga/명동1가,KR-31-2-174
Ulsan/울산,KR-31,Jung-gu/중구,KR-31-2,Myeongdong 2(i)-ga/명동2가,KR-31-2-175
Ulsan/울산,KR-31,Jung-gu/중구,KR-31-2,Nae-dong/내동,KR-31-2-176
Ulsan/울산,KR-31,Jung-gu/중구,KR-31-2,Nambuk-dong/남북동,KR-31-2-177
Ulsan/울산,KR-31,Jung-gu/중구,KR-31-2,Namchang-dong/남창동,KR-31-2-178
Ulsan/울산,KR-31,Jung-gu/중구,KR-31-2,Namdaemunro 1(il)-ga/남대문로1가,KR-31-2-179
Ulsan/울산,KR-31,Jung-gu/중구,KR-31-2,Namdaemunro 2(i)-ga/남대문로2가,KR-31-2-180
Ulsan/울산,KR-31,Jung-gu/중구,KR-31-2,Namdaemunro 3(sam)-ga/남대문로3가,KR-31-2-181
Ulsan/울산,KR-31,Jung-gu/중구,KR-31-2,Namdaemunro 4(sa)-ga/남대문로4가,KR-31-2-182
Ulsan/울산,KR-31,Jung-gu/중구,KR-31-2,Namdaemunro 5(o)-ga/남대문로5가,KR-31-2-183
Ulsan/울산,KR-31,Jung-gu/중구,KR-31-2,Namhak-dong/남학동,KR-31-2-184
Ulsan/울산,KR-31,Jung-gu/중구,KR-31-2,Namil-dong/남일동,KR-31-2-185
Ulsan/울산,KR-31,Jung-gu/중구,KR-31-2,Namoe-dong/남외동,KR-31-2-186
Ulsan/울산,KR-31,Jung-gu/중구,KR-31-2,Nampodong 1(il)-ga/남포동1가,KR-31-2-187
Ulsan/울산,KR-31,Jung-gu/중구,KR-31-2,Nampodong 2(i)-ga/남포동2가,KR-31-2-188
Ulsan/울산,KR-31,Jung-gu/중구,KR-31-2,Nampodong 3(sam)-ga/남포동3가,KR-31-2-189
Ulsan/울산,KR-31,Jung-gu/중구,KR-31-2,Nampodong 4(sa)-ga/남포동4가,KR-31-2-190
Ulsan/울산,KR-31,Jung-gu/중구,KR-31-2,Nampodong 5(o)-ga/남포동5가,KR-31-2-191
Ulsan/울산,KR-31,Jung-gu/중구,KR-31-2,Nampodong 6(yuk)-ga/남포동6가,KR-31-2-192
Ulsan/울산,KR-31,Jung-gu/중구,KR-31-2,Nampo-dong/남포동,KR-31-2-193
Ulsan/울산,KR-31,Jung-gu/중구,KR-31-2,Namsan 1(il)-dong/남산1동,KR-31-2-194
Ulsan/울산,KR-31,Jung-gu/중구,KR-31-2,Namsan 2(i)-dong/남산2동,KR-31-2-195
Ulsan/울산,KR-31,Jung-gu/중구,KR-31-2,Namsan 3(sam)-dong/남산3동,KR-31-2-196
Ulsan/울산,KR-31,Jung-gu/중구,KR-31-2,Namsan 4(sa)-dong/남산4동,KR-31-2-197
Ulsan/울산,KR-31,Jung-gu/중구,KR-31-2,Namsandong 1(il)-ga/남산동1가,KR-31-2-198
Ulsan/울산,KR-31,Jung-gu/중구,KR-31-2,Namsandong 2(i)-ga/남산동2가,KR-31-2-199
Ulsan/울산,KR-31,Jung-gu/중구,KR-31-2,Namsandong 3(sam)-ga/남산동3가,KR-31-2-200
Ulsan/울산,KR-31,Jung-gu/중구,KR-31-2,Namsan-dong/남산동,KR-31-2-201
Ulsan/울산,KR-31,Jung-gu/중구,KR-31-2,Namseongno/남성로,KR-31-2-202
Ulsan/울산,KR-31,Jung-gu/중구,KR-31-2,Ojang-dong/오장동,KR-31-2-203
Ulsan/울산,KR-31,Jung-gu/중구,KR-31-2,Okgye-dong/옥계동,KR-31-2-204
Ulsan/울산,KR-31,Jung-gu/중구,KR-31-2,Okgyo-dong/옥교동,KR-31-2-205
Ulsan/울산,KR-31,Jung-gu/중구,KR-31-2,Oryu-dong/오류동,KR-31-2-206
Ulsan/울산,KR-31,Jung-gu/중구,KR-31-2,Pildong 1(il)-ga/필동1가,KR-31-2-207
Ulsan/울산,KR-31,Jung-gu/중구,KR-31-2,Pildong 2(i)-ga/필동2가,KR-31-2-208
Ulsan/울산,KR-31,Jung-gu/중구,KR-31-2,Pildong 3(sam)-ga/필동3가,KR-31-2-209
Ulsan/울산,KR-31,Jung-gu/중구,KR-31-2,Pojeong-dong/포정동,KR-31-2-210
Ulsan/울산,KR-31,Jung-gu/중구,KR-31-2,Sa-dong/사동,KR-31-2-211
Ulsan/울산,KR-31,Jung-gu/중구,KR-31-2,Sail-dong/사일동,KR-31-2-212
Ulsan/울산,KR-31,Jung-gu/중구,KR-31-2,Sajeong-dong/사정동,KR-31-2-213
Ulsan/울산,KR-31,Jung-gu/중구,KR-31-2,Samdeokdong 1(il)-ga/삼덕동1가,KR-31-2-214
Ulsan/울산,KR-31,Jung-gu/중구,KR-31-2,Samdeokdong 2(i)-ga/삼덕동2가,KR-31-2-215
Ulsan/울산,KR-31,Jung-gu/중구,KR-31-2,Samdeokdong 3(sam)-ga/삼덕동3가,KR-31-2-216
Ulsan/울산,KR-31,Jung-gu/중구,KR-31-2,Samgak-dong/삼각동,KR-31-2-217
Ulsan/울산,KR-31,Jung-gu/중구,KR-31-2,Sangdeok-dong/상덕동,KR-31-2-218
Ulsan/울산,KR-31,Jung-gu/중구,KR-31-2,Sangseo-dong/상서동,KR-31-2-219
Ulsan/울산,KR-31,Jung-gu/중구,KR-31-2,Sanrim-dong/산림동,KR-31-2-220
Ulsan/울산,KR-31,Jung-gu/중구,KR-31-2,Sanseong-dong/산성동,KR-31-2-221
Ulsan/울산,KR-31,Jung-gu/중구,KR-31-2,Seodaejeonucheguksaseoham/서대전우체국사서함,KR-31-2-222
Ulsan/울산,KR-31,Jung-gu/중구,KR-31-2,Seo-dong/서동,KR-31-2-223
Ulsan/울산,KR-31,Jung-gu/중구,KR-31-2,Seokgyo-dong/석교동,KR-31-2-224
Ulsan/울산,KR-31,Jung-gu/중구,KR-31-2,Seomunro 1(il)-ga/서문로1가,KR-31-2-225
Ulsan/울산,KR-31,Jung-gu/중구,KR-31-2,Seomunro 2(i)-ga/서문로2가,KR-31-2-226
Ulsan/울산,KR-31,Jung-gu/중구,KR-31-2,Seonae-dong/서내동,KR-31-2-227
Ulsan/울산,KR-31,Jung-gu/중구,KR-31-2,Seongan-dong/성안동,KR-31-2-228
Ulsan/울산,KR-31,Jung-gu/중구,KR-31-2,Seongnam-dong/성남동,KR-31-2-229
Ulsan/울산,KR-31,Jung-gu/중구,KR-31-2,Seonhwa-dong/선화동,KR-31-2-230
Ulsan/울산,KR-31,Jung-gu/중구,KR-31-2,Seonhwa-dong/선화동,KR-31-2-230
Ulsan/울산,KR-31,Jung-gu/중구,KR-31-2,Seonrin-dong/선린동,KR-31-2-231
Ulsan/울산,KR-31,Jung-gu/중구,KR-31-2,Seoseongro 1(il)-ga/서성로1가,KR-31-2-232
Ulsan/울산,KR-31,Jung-gu/중구,KR-31-2,Seoseongro 2(i)-ga/서성로2가,KR-31-2-233
Ulsan/울산,KR-31,Jung-gu/중구,KR-31-2,Seosomun-dong/서소문동,KR-31-2-234
Ulsan/울산,KR-31,Jung-gu/중구,KR-31-2,Seoya-dong/서야동,KR-31-2-235
Ulsan/울산,KR-31,Jung-gu/중구,KR-31-2,Sijangbugno/시장북로,KR-31-2-236
Ulsan/울산,KR-31,Jung-gu/중구,KR-31-2,Sinchangdong 1(il)-ga/신창동1가,KR-31-2-237
Ulsan/울산,KR-31,Jung-gu/중구,KR-31-2,Sinchangdong 2(i)-ga/신창동2가,KR-31-2-238
Ulsan/울산,KR-31,Jung-gu/중구,KR-31-2,Sinchangdong 3(sam)-ga/신창동3가,KR-31-2-239
Ulsan/울산,KR-31,Jung-gu/중구,KR-31-2,Sinchangdong 4(sa)-ga/신창동4가,KR-31-2-240
Ulsan/울산,KR-31,Jung-gu/중구,KR-31-2,Sinchang-dong/신창동,KR-31-2-241
Ulsan/울산,KR-31,Jung-gu/중구,KR-31-2,Sindang 1(il)-dong/신당1동,KR-31-2-242
Ulsan/울산,KR-31,Jung-gu/중구,KR-31-2,Sindang 2(i)-dong/신당2동,KR-31-2-243
Ulsan/울산,KR-31,Jung-gu/중구,KR-31-2,Sindang 3(sam)-dong/신당3동,KR-31-2-244
Ulsan/울산,KR-31,Jung-gu/중구,KR-31-2,Sindang 4(sa)-dong/신당4동,KR-31-2-245
Ulsan/울산,KR-31,Jung-gu/중구,KR-31-2,Sindang 5(o)-dong/신당5동,KR-31-2-246
Ulsan/울산,KR-31,Jung-gu/중구,KR-31-2,Sindang 6(yuk)-dong/신당6동,KR-31-2-247
Ulsan/울산,KR-31,Jung-gu/중구,KR-31-2,Sindang-dong/신당동,KR-31-2-248
Ulsan/울산,KR-31,Jung-gu/중구,KR-31-2,Sinheungdong 1(il)-ga/신흥동1가,KR-31-2-249
Ulsan/울산,KR-31,Jung-gu/중구,KR-31-2,Sinheungdong 2(i)-ga/신흥동2가,KR-31-2-250
Ulsan/울산,KR-31,Jung-gu/중구,KR-31-2,Sinheungdong 3(sam)-ga/신흥동3가,KR-31-2-251
Ulsan/울산,KR-31,Jung-gu/중구,KR-31-2,Sinpo-dong/신포동,KR-31-2-252
Ulsan/울산,KR-31,Jung-gu/중구,KR-31-2,Sinsaeng-dong/신생동,KR-31-2-253
Ulsan/울산,KR-31,Jung-gu/중구,KR-31-2,Sogong-dong/소공동,KR-31-2-254
Ulsan/울산,KR-31,Jung-gu/중구,KR-31-2,Songhakdong 1(il)-ga/송학동1가,KR-31-2-255
Ulsan/울산,KR-31,Jung-gu/중구,KR-31-2,Songhakdong 2(i)-ga/송학동2가,KR-31-2-256
Ulsan/울산,KR-31,Jung-gu/중구,KR-31-2,Songhakdong 3(sam)-ga/송학동3가,KR-31-2-257
Ulsan/울산,KR-31,Jung-gu/중구,KR-31-2,Songwoldong 1(il)-ga/송월동1가,KR-31-2-258
Ulsan/울산,KR-31,Jung-gu/중구,KR-31-2,Songwoldong 2(i)-ga/송월동2가,KR-31-2-259
Ulsan/울산,KR-31,Jung-gu/중구,KR-31-2,Songwoldong 3(sam)-ga/송월동3가,KR-31-2-260
Ulsan/울산,KR-31,Jung-gu/중구,KR-31-2,Ssangrim-dong/쌍림동,KR-31-2-261
Ulsan/울산,KR-31,Jung-gu/중구,KR-31-2,Suchang-dong/수창동,KR-31-2-262
Ulsan/울산,KR-31,Jung-gu/중구,KR-31-2,Su-dong/수동,KR-31-2-263
Ulsan/울산,KR-31,Jung-gu/중구,KR-31-2,Suha-dong/수하동,KR-31-2-264
Ulsan/울산,KR-31,Jung-gu/중구,KR-31-2,Sunhwa-dong/순화동,KR-31-2-265
Ulsan/울산,KR-31,Jung-gu/중구,KR-31-2,Supyo-dong/수표동,KR-31-2-266
Ulsan/울산,KR-31,Jung-gu/중구,KR-31-2,Taehwa-dong/태화동,KR-31-2-267
Ulsan/울산,KR-31,Jung-gu/중구,KR-31-2,Taepyeong 1(il)-dong/태평1동,KR-31-2-268
Ulsan/울산,KR-31,Jung-gu/중구,KR-31-2,Taepyeong 2(i)-dong/태평2동,KR-31-2-269
Ulsan/울산,KR-31,Jung-gu/중구,KR-31-2,Taepyeong-dong/태평동,KR-31-2-270
Ulsan/울산,KR-31,Jung-gu/중구,KR-31-2,Taepyeongro 1(il)-ga/태평로1가,KR-31-2-271
Ulsan/울산,KR-31,Jung-gu/중구,KR-31-2,Taepyeongro 1(il)-ga/태평로1가,KR-31-2-271
Ulsan/울산,KR-31,Jung-gu/중구,KR-31-2,Taepyeongro 2(i)-ga/태평로2가,KR-31-2-272
Ulsan/울산,KR-31,Jung-gu/중구,KR-31-2,Taepyeongro 2(i)-ga/태평로2가,KR-31-2-272
Ulsan/울산,KR-31,Jung-gu/중구,KR-31-2,Taepyeongro 3(sam)-ga/태평로3가,KR-31-2-273
Ulsan/울산,KR-31,Jung-gu/중구,KR-31-2,Uijuro 1(il)-ga/의주로1가,KR-31-2-274
Ulsan/울산,KR-31,Jung-gu/중구,KR-31-2,Uijuro 2(i)-ga/의주로2가,KR-31-2-275
Ulsan/울산,KR-31,Jung-gu/중구,KR-31-2,Ujeong-dong/우정동,KR-31-2-276
Ulsan/울산,KR-31,Jung-gu/중구,KR-31-2,Ulsanucheguksaseoham/울산우체국사서함,KR-31-2-277
Ulsan/울산,KR-31,Jung-gu/중구,KR-31-2,Unbuk-dong/운북동,KR-31-2-278
Ulsan/울산,KR-31,Jung-gu/중구,KR-31-2,Unnam-dong/운남동,KR-31-2-279
Ulsan/울산,KR-31,Jung-gu/중구,KR-31-2,Unseo-dong/운서동,KR-31-2-280
Ulsan/울산,KR-31,Jung-gu/중구,KR-31-2,Wanjeon-dong/완전동,KR-31-2-281
Ulsan/울산,KR-31,Jung-gu/중구,KR-31-2,Yaksa-dong/약사동,KR-31-2-282
Ulsan/울산,KR-31,Jung-gu/중구,KR-31-2,Yegwan-dong/예관동,KR-31-2-283
Ulsan/울산,KR-31,Jung-gu/중구,KR-31-2,Yejang-dong/예장동,KR-31-2-284
Ulsan/울산,KR-31,Jung-gu/중구,KR-31-2,Yeongju 1(il)-dong/영주1동,KR-31-2-285
Ulsan/울산,KR-31,Jung-gu/중구,KR-31-2,Yeongju 2(i)-dong/영주2동,KR-31-2-286
Ulsan/울산,KR-31,Jung-gu/중구,KR-31-2,Yeongju-dong/영주동,KR-31-2-287
Ulsan/울산,KR-31,Jung-gu/중구,KR-31-2,Yongdeok-dong/용덕동,KR-31-2-288
Ulsan/울산,KR-31,Jung-gu/중구,KR-31-2,Yong-dong/용동,KR-31-2-289
Ulsan/울산,KR-31,Jung-gu/중구,KR-31-2,Yongdu-dong/용두동,KR-31-2-290
Ulsan/울산,KR-31,Jung-gu/중구,KR-31-2,Yucheon 1(il)-dong/유천1동,KR-31-2-291
Ulsan/울산,KR-31,Jung-gu/중구,KR-31-2,Yucheon 2(i)-dong/유천2동,KR-31-2-292
Ulsan/울산,KR-31,Jung-gu/중구,KR-31-2,Yucheon-dong/유천동,KR-31-2-293
Ulsan/울산,KR-31,Jung-gu/중구,KR-31-2,Yu-dong/유동,KR-31-2-294
Ulsan/울산,KR-31,Jung-gu/중구,KR-31-2,Yugok-dong/유곡동,KR-31-2-295
Ulsan/울산,KR-31,Jung-gu/중구,KR-31-2,Yulmok-dong/율목동,KR-31-2-296
Ulsan/울산,KR-31,Nam-gu/남구,KR-31-3,Apchon-dong/압촌동,KR-31-3-0
Ulsan/울산,KR-31,Nam-gu/남구,KR-31-3,Baegun 1(il)-dong/백운1동,KR-31-3-1
Ulsan/울산,KR-31,Nam-gu/남구,KR-31-3,Baegun 2(i)-dong/백운2동,KR-31-3-2
Ulsan/울산,KR-31,Nam-gu/남구,KR-31-3,Baegun-dong/백운동,KR-31-3-3
Ulsan/울산,KR-31,Nam-gu/남구,KR-31-3,Bangrim 1(il)-dong/방림1동,KR-31-3-4
Ulsan/울산,KR-31,Nam-gu/남구,KR-31-3,Bangrim 2(i)-dong/방림2동,KR-31-3-5
Ulsan/울산,KR-31,Nam-gu/남구,KR-31-3,Bangrim-dong/방림동,KR-31-3-6
Ulsan/울산,KR-31,Nam-gu/남구,KR-31-3,Bongdeog 1(il)-dong/봉덕1동,KR-31-3-7
Ulsan/울산,KR-31,Nam-gu/남구,KR-31-3,Bongdeog 2(i)-dong/봉덕2동,KR-31-3-8
Ulsan/울산,KR-31,Nam-gu/남구,KR-31-3,Bongdeog 3(sam)-dong/봉덕3동,KR-31-3-9
Ulsan/울산,KR-31,Nam-gu/남구,KR-31-3,Bongdeok-dong/봉덕동,KR-31-3-10
Ulsan/울산,KR-31,Nam-gu/남구,KR-31-3,Bongseon 1(il)-dong/봉선1동,KR-31-3-11
Ulsan/울산,KR-31,Nam-gu/남구,KR-31-3,Bongseon 2(i)-dong/봉선2동,KR-31-3-12
Ulsan/울산,KR-31,Nam-gu/남구,KR-31-3,Bongseon-dong/봉선동,KR-31-3-13
Ulsan/울산,KR-31,Nam-gu/남구,KR-31-3,Bugok-dong/부곡동,KR-31-3-14
Ulsan/울산,KR-31,Nam-gu/남구,KR-31-3,Chilseok-dong/칠석동,KR-31-3-15
Ulsan/울산,KR-31,Nam-gu/남구,KR-31-3,Daeji-dong/대지동,KR-31-3-16
Ulsan/울산,KR-31,Nam-gu/남구,KR-31-3,Daemyeong 1(il)-dong/대명1동,KR-31-3-17
Ulsan/울산,KR-31,Nam-gu/남구,KR-31-3,Daemyeong 10(sip)-dong/대명10동,KR-31-3-18
Ulsan/울산,KR-31,Nam-gu/남구,KR-31-3,Daemyeong 11(sibil)-dong/대명11동,KR-31-3-19
Ulsan/울산,KR-31,Nam-gu/남구,KR-31-3,Daemyeong 2(i)-dong/대명2동,KR-31-3-20
Ulsan/울산,KR-31,Nam-gu/남구,KR-31-3,Daemyeong 3(sam)-dong/대명3동,KR-31-3-21
Ulsan/울산,KR-31,Nam-gu/남구,KR-31-3,Daemyeong 4(sa)-dong/대명4동,KR-31-3-22
Ulsan/울산,KR-31,Nam-gu/남구,KR-31-3,Daemyeong 5(o)-dong/대명5동,KR-31-3-23
Ulsan/울산,KR-31,Nam-gu/남구,KR-31-3,Daemyeong 6(yuk)-dong/대명6동,KR-31-3-24
Ulsan/울산,KR-31,Nam-gu/남구,KR-31-3,Daemyeong 9(gu)-dong/대명9동,KR-31-3-25
Ulsan/울산,KR-31,Nam-gu/남구,KR-31-3,Daemyeong-dong/대명동,KR-31-3-26
Ulsan/울산,KR-31,Nam-gu/남구,KR-31-3,Daeyeon 1(il)-dong/대연1동,KR-31-3-27
Ulsan/울산,KR-31,Nam-gu/남구,KR-31-3,Daeyeon 2(i)-dong/대연2동,KR-31-3-28
Ulsan/울산,KR-31,Nam-gu/남구,KR-31-3,Daeyeon 3(sam)-dong/대연3동,KR-31-3-29
Ulsan/울산,KR-31,Nam-gu/남구,KR-31-3,Daeyeon 4(sa)-dong/대연4동,KR-31-3-30
Ulsan/울산,KR-31,Nam-gu/남구,KR-31-3,Daeyeon 5(o)-dong/대연5동,KR-31-3-31
Ulsan/울산,KR-31,Nam-gu/남구,KR-31-3,Daeyeon 6(yuk)-dong/대연6동,KR-31-3-32
Ulsan/울산,KR-31,Nam-gu/남구,KR-31-3,Daeyeon-dong/대연동,KR-31-3-33
Ulsan/울산,KR-31,Nam-gu/남구,KR-31-3,Dal-dong/달동,KR-31-3-34
Ulsan/울산,KR-31,Nam-gu/남구,KR-31-3,Deoknam-dong/덕남동,KR-31-3-35
Ulsan/울산,KR-31,Nam-gu/남구,KR-31-3,Dogeum-dong/도금동,KR-31-3-36
Ulsan/울산,KR-31,Nam-gu/남구,KR-31-3,Dohwa 1(il)-dong/도화1동,KR-31-3-37
Ulsan/울산,KR-31,Nam-gu/남구,KR-31-3,Dohwa 2(i)-dong/도화2동,KR-31-3-38
Ulsan/울산,KR-31,Nam-gu/남구,KR-31-3,Dohwa 3(sam)-dong/도화3동,KR-31-3-39
Ulsan/울산,KR-31,Nam-gu/남구,KR-31-3,Dohwa-dong/도화동,KR-31-3-40
Ulsan/울산,KR-31,Nam-gu/남구,KR-31-3,Duwang-dong/두왕동,KR-31-3-41
Ulsan/울산,KR-31,Nam-gu/남구,KR-31-3,Gaeun-dong/개운동,KR-31-3-42
Ulsan/울산,KR-31,Nam-gu/남구,KR-31-3,Gamman 1(il)-dong/감만1동,KR-31-3-43
Ulsan/울산,KR-31,Nam-gu/남구,KR-31-3,Gamman 2(i)-dong/감만2동,KR-31-3-44
Ulsan/울산,KR-31,Nam-gu/남구,KR-31-3,Gamman-dong/감만동,KR-31-3-45
Ulsan/울산,KR-31,Nam-gu/남구,KR-31-3,Gosa-dong/고사동,KR-31-3-46
Ulsan/울산,KR-31,Nam-gu/남구,KR-31-3,Gu-dong/구동,KR-31-3-47
Ulsan/울산,KR-31,Nam-gu/남구,KR-31-3,Guso-dong/구소동,KR-31-3-48
Ulsan/울산,KR-31,Nam-gu/남구,KR-31-3,Gwangyo-dong/관교동,KR-31-3-49
Ulsan/울산,KR-31,Nam-gu/남구,KR-31-3,Haengam-dong/행암동,KR-31-3-50
Ulsan/울산,KR-31,Nam-gu/남구,KR-31-3,Hagig 1(il)-dong/학익1동,KR-31-3-51
Ulsan/울산,KR-31,Nam-gu/남구,KR-31-3,Hagig 2(i)-dong/학익2동,KR-31-3-52
Ulsan/울산,KR-31,Nam-gu/남구,KR-31-3,Hagik-dong/학익동,KR-31-3-53
Ulsan/울산,KR-31,Nam-gu/남구,KR-31-3,Hwajang-dong/화장동,KR-31-3-54
Ulsan/울산,KR-31,Nam-gu/남구,KR-31-3,Hwangseong-dong/황성동,KR-31-3-55
Ulsan/울산,KR-31,Nam-gu/남구,KR-31-3,Icheon-dong/이천동,KR-31-3-56
Ulsan/울산,KR-31,Nam-gu/남구,KR-31-3,Ijang-dong/이장동,KR-31-3-57
Ulsan/울산,KR-31,Nam-gu/남구,KR-31-3,Imam-dong/임암동,KR-31-3-58
Ulsan/울산,KR-31,Nam-gu/남구,KR-31-3,Jangsaengpo-dong/장생포동,KR-31-3-59
Ulsan/울산,KR-31,Nam-gu/남구,KR-31-3,Jinwol-dong/진월동,KR-31-3-60
Ulsan/울산,KR-31,Nam-gu/남구,KR-31-3,Jiseok-dong/지석동,KR-31-3-61
Ulsan/울산,KR-31,Nam-gu/남구,KR-31-3,Juan 1(il)-dong/주안1동,KR-31-3-62
Ulsan/울산,KR-31,Nam-gu/남구,KR-31-3,Juan 2(i)-dong/주안2동,KR-31-3-63
Ulsan/울산,KR-31,Nam-gu/남구,KR-31-3,Juan 3(sam)-dong/주안3동,KR-31-3-64
Ulsan/울산,KR-31,Nam-gu/남구,KR-31-3,Juan 4(sa)-dong/주안4동,KR-31-3-65
Ulsan/울산,KR-31,Nam-gu/남구,KR-31-3,Juan 5(o)-dong/주안5동,KR-31-3-66
Ulsan/울산,KR-31,Nam-gu/남구,KR-31-3,Juan 6(yuk)-dong/주안6동,KR-31-3-67
Ulsan/울산,KR-31,Nam-gu/남구,KR-31-3,Juan 7(chil)-dong/주안7동,KR-31-3-68
Ulsan/울산,KR-31,Nam-gu/남구,KR-31-3,Juan 8(pal)-dong/주안8동,KR-31-3-69
Ulsan/울산,KR-31,Nam-gu/남구,KR-31-3,Juan-dong/주안동,KR-31-3-70
Ulsan/울산,KR-31,Nam-gu/남구,KR-31-3,Juwol-dong/주월동,KR-31-3-71
Ulsan/울산,KR-31,Nam-gu/남구,KR-31-3,Juwor 1(il)-dong/주월1동,KR-31-3-72
Ulsan/울산,KR-31,Nam-gu/남구,KR-31-3,Juwor 2(i)-dong/주월2동,KR-31-3-73
Ulsan/울산,KR-31,Nam-gu/남구,KR-31-3,Maeam-dong/매암동,KR-31-3-74
Ulsan/울산,KR-31,Nam-gu/남구,KR-31-3,Mugeo-dong/무거동,KR-31-3-75
Ulsan/울산,KR-31,Nam-gu/남구,KR-31-3,Munhak-dong/문학동,KR-31-3-76
Ulsan/울산,KR-31,Nam-gu/남구,KR-31-3,Munhyeon 1(il)-dong/문현1동,KR-31-3-77
Ulsan/울산,KR-31,Nam-gu/남구,KR-31-3,Munhyeon 2(i)-dong/문현2동,KR-31-3-78
Ulsan/울산,KR-31,Nam-gu/남구,KR-31-3,Munhyeon 3(sam)-dong/문현3동,KR-31-3-79
Ulsan/울산,KR-31,Nam-gu/남구,KR-31-3,Munhyeon 4(sa)-dong/문현4동,KR-31-3-80
Ulsan/울산,KR-31,Nam-gu/남구,KR-31-3,Munhyeon-dong/문현동,KR-31-3-81
Ulsan/울산,KR-31,Nam-gu/남구,KR-31-3,Namdaeguucheguksaseoham/남대구우체국사서함,KR-31-3-82
Ulsan/울산,KR-31,Nam-gu/남구,KR-31-3,Namhwa-dong/남화동,KR-31-3-83
Ulsan/울산,KR-31,Nam-gu/남구,KR-31-3,Namulsanucheguksaseoham/남울산우체국사서함,KR-31-3-84
Ulsan/울산,KR-31,Nam-gu/남구,KR-31-3,Nodae-dong/노대동,KR-31-3-85
Ulsan/울산,KR-31,Nam-gu/남구,KR-31-3,Ok-dong/옥동,KR-31-3-86
Ulsan/울산,KR-31,Nam-gu/남구,KR-31-3,Sa-dong/사동,KR-31-3-87
Ulsan/울산,KR-31,Nam-gu/남구,KR-31-3,Samsan-dong/삼산동,KR-31-3-88
Ulsan/울산,KR-31,Nam-gu/남구,KR-31-3,Sanggae-dong/상개동,KR-31-3-89
Ulsan/울산,KR-31,Nam-gu/남구,KR-31-3,Seo 1(il)-dong/서1동,KR-31-3-90
Ulsan/울산,KR-31,Nam-gu/남구,KR-31-3,Seo 2(i)-dong/서2동,KR-31-3-91
Ulsan/울산,KR-31,Nam-gu/남구,KR-31-3,Seo-dong/서동,KR-31-3-92
Ulsan/울산,KR-31,Nam-gu/남구,KR-31-3,Seokjeong-dong/석정동,KR-31-3-93
Ulsan/울산,KR-31,Nam-gu/남구,KR-31-3,Seonam-dong/선암동,KR-31-3-94
Ulsan/울산,KR-31,Nam-gu/남구,KR-31-3,Seongam-dong/성암동,KR-31-3-95
Ulsan/울산,KR-31,Nam-gu/남구,KR-31-3,Seungchon-dong/승촌동,KR-31-3-96
Ulsan/울산,KR-31,Nam-gu/남구,KR-31-3,Sinjang-dong/신장동,KR-31-3-97
Ulsan/울산,KR-31,Nam-gu/남구,KR-31-3,Sinjeong 1(il)-dong/신정1동,KR-31-3-98
Ulsan/울산,KR-31,Nam-gu/남구,KR-31-3,Sinjeong 2(i)-dong/신정2동,KR-31-3-99
Ulsan/울산,KR-31,Nam-gu/남구,KR-31-3,Sinjeong 3(sam)-dong/신정3동,KR-31-3-100
Ulsan/울산,KR-31,Nam-gu/남구,KR-31-3,Sinjeong 4(sa)-dong/신정4동,KR-31-3-101
Ulsan/울산,KR-31,Nam-gu/남구,KR-31-3,Sinjeong 5(o)-dong/신정5동,KR-31-3-102
Ulsan/울산,KR-31,Nam-gu/남구,KR-31-3,Sinjeong-dong/신정동,KR-31-3-103
Ulsan/울산,KR-31,Nam-gu/남구,KR-31-3,Songha-dong/송하동,KR-31-3-104
Ulsan/울산,KR-31,Nam-gu/남구,KR-31-3,Sungui 1(il)-dong/숭의1동,KR-31-3-105
Ulsan/울산,KR-31,Nam-gu/남구,KR-31-3,Sungui 2(i)-dong/숭의2동,KR-31-3-106
Ulsan/울산,KR-31,Nam-gu/남구,KR-31-3,Sungui 3(sam)-dong/숭의3동,KR-31-3-107
Ulsan/울산,KR-31,Nam-gu/남구,KR-31-3,Sungui 4(sa)-dong/숭의4동,KR-31-3-108
Ulsan/울산,KR-31,Nam-gu/남구,KR-31-3,Sungui-dong/숭의동,KR-31-3-109
Ulsan/울산,KR-31,Nam-gu/남구,KR-31-3,Uam 1(il)-dong/우암1동,KR-31-3-110
Ulsan/울산,KR-31,Nam-gu/남구,KR-31-3,Uam 2(i)-dong/우암2동,KR-31-3-111
Ulsan/울산,KR-31,Nam-gu/남구,KR-31-3,Uam-dong/우암동,KR-31-3-112
Ulsan/울산,KR-31,Nam-gu/남구,KR-31-3,Wolsan 1(il)-dong/월산1동,KR-31-3-113
Ulsan/울산,KR-31,Nam-gu/남구,KR-31-3,Wolsan 2(i)-dong/월산2동,KR-31-3-114
Ulsan/울산,KR-31,Nam-gu/남구,KR-31-3,Wolsan 3(sam)-dong/월산3동,KR-31-3-115
Ulsan/울산,KR-31,Nam-gu/남구,KR-31-3,Wolsan 4(sa)-dong/월산4동,KR-31-3-116
Ulsan/울산,KR-31,Nam-gu/남구,KR-31-3,Wolsan 5(o)-dong/월산5동,KR-31-3-117
Ulsan/울산,KR-31,Nam-gu/남구,KR-31-3,Wolsan-dong/월산동,KR-31-3-118
Ulsan/울산,KR-31,Nam-gu/남구,KR-31-3,Wolseong-dong/월성동,KR-31-3-119
Ulsan/울산,KR-31,Nam-gu/남구,KR-31-3,Wonsan-dong/원산동,KR-31-3-120
Ulsan/울산,KR-31,Nam-gu/남구,KR-31-3,Yaeum-dong/야음동,KR-31-3-121
Ulsan/울산,KR-31,Nam-gu/남구,KR-31-3,Yangchon-dong/양촌동,KR-31-3-122
Ulsan/울산,KR-31,Nam-gu/남구,KR-31-3,Yanggwa-dong/양과동,KR-31-3-123
Ulsan/울산,KR-31,Nam-gu/남구,KR-31-3,Yangrim-dong/양림동,KR-31-3-124
Ulsan/울산,KR-31,Nam-gu/남구,KR-31-3,Yeocheon-dong/여천동,KR-31-3-125
Ulsan/울산,KR-31,Nam-gu/남구,KR-31-3,Yongdang-dong/용당동,KR-31-3-126
Ulsan/울산,KR-31,Nam-gu/남구,KR-31-3,Yongho 1(il)-dong/용호1동,KR-31-3-127
Ulsan/울산,KR-31,Nam-gu/남구,KR-31-3,Yongho 2(i)-dong/용호2동,KR-31-3-128
Ulsan/울산,KR-31,Nam-gu/남구,KR-31-3,Yongho 3(sam)-dong/용호3동,KR-31-3-129
Ulsan/울산,KR-31,Nam-gu/남구,KR-31-3,Yongho 4(sa)-dong/용호4동,KR-31-3-130
Ulsan/울산,KR-31,Nam-gu/남구,KR-31-3,Yongho-dong/용호동,KR-31-3-131
Ulsan/울산,KR-31,Nam-gu/남구,KR-31-3,Yonghyeon 1(il)-dong/용현1동,KR-31-3-132
Ulsan/울산,KR-31,Nam-gu/남구,KR-31-3,Yonghyeon 2(i)-dong/용현2동,KR-31-3-133
Ulsan/울산,KR-31,Nam-gu/남구,KR-31-3,Yonghyeon 3(sam)-dong/용현3동,KR-31-3-134
Ulsan/울산,KR-31,Nam-gu/남구,KR-31-3,Yonghyeon 4(sa)-dong/용현4동,KR-31-3-135
Ulsan/울산,KR-31,Nam-gu/남구,KR-31-3,Yonghyeon 5(o)-dong/용현5동,KR-31-3-136
Ulsan/울산,KR-31,Nam-gu/남구,KR-31-3,Yonghyeon-dong/용현동,KR-31-3-137
Ulsan/울산,KR-31,Nam-gu/남구,KR-31-3,Yongjam-dong/용잠동,KR-31-3-138
Ulsan/울산,KR-31,Nam-gu/남구,KR-31-3,Yongyeon-dong/용연동,KR-31-3-139
Ulsan/울산,KR-31,Ulju-gun/울주군,KR-31-4,Beomseo-eup/범서읍,KR-31-4-0
Ulsan/울산,KR-31,Ulju-gun/울주군,KR-31-4,Cheongryang-myeon/청량면,KR-31-4-1
Ulsan/울산,KR-31,Ulju-gun/울주군,KR-31-4,Dudong-myeon/두동면,KR-31-4-2
Ulsan/울산,KR-31,Ulju-gun/울주군,KR-31-4,Duseo-myeon/두서면,KR-31-4-3
Ulsan/울산,KR-31,Ulju-gun/울주군,KR-31-4,Eonyang-eup/언양읍,KR-31-4-4
Ulsan/울산,KR-31,Ulju-gun/울주군,KR-31-4,Onsan-eup/온산읍,KR-31-4-5
Ulsan/울산,KR-31,Ulju-gun/울주군,KR-31-4,Onyang-eup/온양읍,KR-31-4-6
Ulsan/울산,KR-31,Ulju-gun/울주군,KR-31-4,Samdong-myeon/삼동면,KR-31-4-7
Ulsan/울산,KR-31,Ulju-gun/울주군,KR-31-4,Samnam-myeon/삼남면,KR-31-4-8
Ulsan/울산,KR-31,Ulju-gun/울주군,KR-31-4,Sangbuk-myeon/상북면,KR-31-4-9
Ulsan/울산,KR-31,Ulju-gun/울주군,KR-31-4,Seosaeng-myeon/서생면,KR-31-4-10
Ulsan/울산,KR-31,Ulju-gun/울주군,KR-31-4,Ungchon-myeon/웅촌면,KR-31-4-11
