province,city,link
Busan/부산,Buk-gu/북구,Bokhyeon 1(il)-dong/복현1동
Busan/부산,Buk-gu/북구,Bokhyeon 2(i)-dong/복현2동
Busan/부산,Buk-gu/북구,Bokhyeon-dong/복현동
Busan/부산,Buk-gu/북구,Bonchon-dong/본촌동
Busan/부산,Buk-gu/북구,Bukbusanucheguksaseoham/북부산우체국사서함
Busan/부산,Buk-gu/북구,Bukdaeguucheguksaseoham/북대구우체국사서함
Busan/부산,Buk-gu/북구,Buk-dong/북동
Busan/부산,Buk-gu/북구,Bukgwangjuucheguksaseoham/북광주우체국사서함
Busan/부산,Buk-gu/북구,Changpyeong-dong/창평동
Busan/부산,Buk-gu/북구,Cheongok-dong/천곡동
Busan/부산,Buk-gu/북구,Cheongpung-dong/청풍동
Busan/부산,Buk-gu/북구,Chilseongdong 1(il)-ga/칠성동1가
Busan/부산,Buk-gu/북구,Chilseongdong 2(i)-ga/칠성동2가
Busan/부산,Buk-gu/북구,Chimsan 1(il)-dong/침산1동
Busan/부산,Buk-gu/북구,Chimsan 2(i)-dong/침산2동
Busan/부산,Buk-gu/북구,Chimsan 3(sam)-dong/침산3동
Busan/부산,Buk-gu/북구,Chimsan-dong/침산동
Busan/부산,Buk-gu/북구,Chunghyo-dong/충효동
Busan/부산,Buk-gu/북구,Daean-dong/대안동
Busan/부산,Buk-gu/북구,Daechon-dong/대촌동
Busan/부산,Buk-gu/북구,Daehyeon 1(il)-dong/대현1동
Busan/부산,Buk-gu/북구,Daehyeon 2(i)-dong/대현2동
Busan/부산,Buk-gu/북구,Daehyeon-dong/대현동
Busan/부산,Buk-gu/북구,Dalcheon-dong/달천동
Busan/부산,Buk-gu/북구,Dangsa-dong/당사동
Busan/부산,Buk-gu/북구,Deogui-dong/덕의동
Busan/부산,Buk-gu/북구,Deokcheon 1(il)-dong/덕천1동
Busan/부산,Buk-gu/북구,Deokcheon 2(i)-dong/덕천2동
Busan/부산,Buk-gu/북구,Deokcheon 3(sam)-dong/덕천3동
Busan/부산,Buk-gu/북구,Deokcheon-dong/덕천동
Busan/부산,Buk-gu/북구,Donam-dong/도남동
Busan/부산,Buk-gu/북구,Dongbyeon-dong/동변동
Busan/부산,Buk-gu/북구,Dongcheon-dong/동천동
Busan/부산,Buk-gu/북구,Dongho-dong/동호동
Busan/부산,Buk-gu/북구,Dongrim-dong/동림동
Busan/부산,Buk-gu/북구,Duam 1(il)-dong/두암1동
Busan/부산,Buk-gu/북구,Duam 2(i)-dong/두암2동
Busan/부산,Buk-gu/북구,Duam 3(sam)-dong/두암3동
Busan/부산,Buk-gu/북구,Duam-dong/두암동
Busan/부산,Buk-gu/북구,Eomul-dong/어물동
Busan/부산,Buk-gu/북구,Eupnae-dong/읍내동
Busan/부산,Buk-gu/북구,Gadae-dong/가대동
Busan/부산,Buk-gu/북구,Gakhwa-dong/각화동
Busan/부산,Buk-gu/북구,Geomdan-dong/검단동
Busan/부산,Buk-gu/북구,Geumgok-dong/금곡동
Busan/부산,Buk-gu/북구,Geumgok-dong/금곡동
Busan/부산,Buk-gu/북구,Geumho-dong/금호동
Busan/부산,Buk-gu/북구,Goseongdong 1(il)-ga/고성동1가
Busan/부산,Buk-gu/북구,Goseongdong 2(i)-ga/고성동2가
Busan/부산,Buk-gu/북구,Goseongdong 3(sam)-ga/고성동3가
Busan/부산,Buk-gu/북구,Guam-dong/구암동
Busan/부산,Buk-gu/북구,Gugu-dong/국우동
Busan/부산,Buk-gu/북구,Gupo 1(il)-dong/구포1동
Busan/부산,Buk-gu/북구,Gupo 2(i)-dong/구포2동
Busan/부산,Buk-gu/북구,Gupo 3(sam)-dong/구포3동
Busan/부산,Buk-gu/북구,Gupo-dong/구포동
Busan/부산,Buk-gu/북구,Guyu-dong/구유동
Busan/부산,Buk-gu/북구,Gwaneum-dong/관음동
Busan/부산,Buk-gu/북구,Hakjeong-dong/학정동
Busan/부산,Buk-gu/북구,Hogye-dong/호계동
Busan/부산,Buk-gu/북구,Hwaam-dong/화암동
Busan/부산,Buk-gu/북구,Hwabong-dong/화봉동
Busan/부산,Buk-gu/북구,Hwamyeong 1(il)-dong/화명1동
Busan/부산,Buk-gu/북구,Hwamyeong 2(i)-dong/화명2동
Busan/부산,Buk-gu/북구,Hwamyeong 3(sam)-dong/화명3동
Busan/부산,Buk-gu/북구,Hwamyeong-dong/화명동
Busan/부산,Buk-gu/북구,Hyomun-dong/효문동
Busan/부산,Buk-gu/북구,Hyoryeong-dong/효령동
Busan/부산,Buk-gu/북구,Ilgok-dong/일곡동
Busan/부산,Buk-gu/북구,Im-dong/임동
Busan/부산,Buk-gu/북구,Jangdeung-dong/장등동
Busan/부산,Buk-gu/북구,Jeongja-dong/정자동
Busan/부산,Buk-gu/북구,Jinjang-dong/진장동
Busan/부산,Buk-gu/북구,Jiya-dong/지야동
Busan/부산,Buk-gu/북구,Joya-dong/조야동
Busan/부산,Buk-gu/북구,Jungheung 1(il)-dong/중흥1동
Busan/부산,Buk-gu/북구,Jungheung 2(i)-dong/중흥2동
Busan/부산,Buk-gu/북구,Jungheung 3(sam)-dong/중흥3동
Busan/부산,Buk-gu/북구,Jungheung-dong/중흥동
Busan/부산,Buk-gu/북구,Jungsan-dong/중산동
Busan/부산,Buk-gu/북구,Maecheon-dong/매천동
Busan/부산,Buk-gu/북구,Maegok-dong/매곡동
Busan/부산,Buk-gu/북구,Maegok-dong/매곡동
Busan/부산,Buk-gu/북구,Mandeog 1(il)-dong/만덕1동
Busan/부산,Buk-gu/북구,Mandeog 2(i)-dong/만덕2동
Busan/부산,Buk-gu/북구,Mandeog 3(sam)-dong/만덕3동
Busan/부산,Buk-gu/북구,Mandeok-dong/만덕동
Busan/부산,Buk-gu/북구,Mangwol-dong/망월동
Busan/부산,Buk-gu/북구,Munheung 1(il)-dong/문흥1동
Busan/부산,Buk-gu/북구,Munheung 2(i)-dong/문흥2동
Busan/부산,Buk-gu/북구,Munheung-dong/문흥동
Busan/부산,Buk-gu/북구,Muryong-dong/무룡동
Busan/부산,Buk-gu/북구,Myeongchon-dong/명촌동
Busan/부산,Buk-gu/북구,Nogok-dong/노곡동
Busan/부산,Buk-gu/북구,Nowondong 1(il)-ga/노원동1가
Busan/부산,Buk-gu/북구,Nowondong 2(i)-ga/노원동2가
Busan/부산,Buk-gu/북구,Nowondong 3(sam)-ga/노원동3가
Busan/부산,Buk-gu/북구,Numun-dong/누문동
Busan/부산,Buk-gu/북구,Ochi 1(il)-dong/오치1동
Busan/부산,Buk-gu/북구,Ochi 2(i)-dong/오치2동
Busan/부산,Buk-gu/북구,Ochi-dong/오치동
Busan/부산,Buk-gu/북구,Oryong-dong/오룡동
Busan/부산,Buk-gu/북구,Paldal-dong/팔달동
Busan/부산,Buk-gu/북구,Punghyang-dong/풍향동
Busan/부산,Buk-gu/북구,Saengyong-dong/생용동
Busan/부산,Buk-gu/북구,Samgak-dong/삼각동
Busan/부산,Buk-gu/북구,Sangan-dong/상안동
Busan/부산,Buk-gu/북구,Sangyeog 1(il)-dong/산격1동
Busan/부산,Buk-gu/북구,Sangyeog 2(i)-dong/산격2동
Busan/부산,Buk-gu/북구,Sangyeog 3(sam)-dong/산격3동
Busan/부산,Buk-gu/북구,Sangyeog 4(sa)-dong/산격4동
Busan/부산,Buk-gu/북구,Sangyeok-dong/산격동
Busan/부산,Buk-gu/북구,Sanha-dong/산하동
Busan/부산,Buk-gu/북구,Sasu-dong/사수동
Busan/부산,Buk-gu/북구,Seobyeon-dong/서변동
Busan/부산,Buk-gu/북구,Sinan-dong/신안동
Busan/부산,Buk-gu/북구,Sincheon-dong/신천동
Busan/부산,Buk-gu/북구,Sinhyeon-dong/신현동
Busan/부산,Buk-gu/북구,Sinmyeong-dong/신명동
Busan/부산,Buk-gu/북구,Sinyong-dong/신용동
Busan/부산,Buk-gu/북구,Sirye-dong/시례동
Busan/부산,Buk-gu/북구,Songjeong-dong/송정동
Busan/부산,Buk-gu/북구,Sugok-dong/수곡동
Busan/부산,Buk-gu/북구,Taejeon 1(il)-dong/태전1동
Busan/부산,Buk-gu/북구,Taejeon 2(i)-dong/태전2동
Busan/부산,Buk-gu/북구,Taejeon-dong/태전동
Busan/부산,Buk-gu/북구,Taeryeong-dong/태령동
Busan/부산,Buk-gu/북구,Unam 1(il)-dong/운암1동
Busan/부산,Buk-gu/북구,Unam 2(i)-dong/운암2동
Busan/부산,Buk-gu/북구,Unam 3(sam)-dong/운암3동
Busan/부산,Buk-gu/북구,Unam-dong/운암동
Busan/부산,Buk-gu/북구,Unjeong-dong/운정동
Busan/부산,Buk-gu/북구,Usan-dong/우산동
Busan/부산,Buk-gu/북구,Wolchul-dong/월출동
Busan/부산,Buk-gu/북구,Yangjeong-dong/양정동
Busan/부산,Buk-gu/북구,Yangsan-dong/양산동
Busan/부산,Buk-gu/북구,Yeompo-dong/염포동
Busan/부산,Buk-gu/북구,Yeonam-dong/연암동
Busan/부산,Buk-gu/북구,Yeongyeong-dong/연경동
Busan/부산,Buk-gu/북구,Yeonje-dong/연제동
Busan/부산,Buk-gu/북구,Yongbong-dong/용봉동
Busan/부산,Buk-gu/북구,Yongdu-dong/용두동
Busan/부산,Buk-gu/북구,Yonggang-dong/용강동
Busan/부산,Buk-gu/북구,Yongjeon-dong/용전동
Busan/부산,Buk-gu/북구,Yu-dong/유동
Busan/부산,Busanjin-gu/부산진구,Beomcheon 1(il)-dong/범천1동
Busan/부산,Busanjin-gu/부산진구,Beomcheon 2(i)-dong/범천2동
Busan/부산,Busanjin-gu/부산진구,Beomcheon 4(sa)-dong/범천4동
Busan/부산,Busanjin-gu/부산진구,Beomcheon-dong/범천동
Busan/부산,Busanjin-gu/부산진구,Beomjeon-dong/범전동
Busan/부산,Busanjin-gu/부산진구,Buam 1(il)-dong/부암1동
Busan/부산,Busanjin-gu/부산진구,Buam 3(sam)-dong/부암3동
Busan/부산,Busanjin-gu/부산진구,Buam-dong/부암동
Busan/부산,Busanjin-gu/부산진구,Bujeon 1(il)-dong/부전1동
Busan/부산,Busanjin-gu/부산진구,Bujeon 2(i)-dong/부전2동
Busan/부산,Busanjin-gu/부산진구,Bujeon-dong/부전동
Busan/부산,Busanjin-gu/부산진구,Busanjinucheguksaseoham/부산진우체국사서함
Busan/부산,Busanjin-gu/부산진구,Choeup-dong/초읍동
Busan/부산,Busanjin-gu/부산진구,Danggam 1(il)-dong/당감1동
Busan/부산,Busanjin-gu/부산진구,Danggam 2(i)-dong/당감2동
Busan/부산,Busanjin-gu/부산진구,Danggam 3(sam)-dong/당감3동
Busan/부산,Busanjin-gu/부산진구,Danggam 4(sa)-dong/당감4동
Busan/부산,Busanjin-gu/부산진구,Danggam-dong/당감동
Busan/부산,Busanjin-gu/부산진구,Gaegeum 1(il)-dong/개금1동
Busan/부산,Busanjin-gu/부산진구,Gaegeum 2(i)-dong/개금2동
Busan/부산,Busanjin-gu/부산진구,Gaegeum 3(sam)-dong/개금3동
Busan/부산,Busanjin-gu/부산진구,Gaegeum-dong/개금동
Busan/부산,Busanjin-gu/부산진구,Gaya 1(il)-dong/가야1동
Busan/부산,Busanjin-gu/부산진구,Gaya 2(i)-dong/가야2동
Busan/부산,Busanjin-gu/부산진구,Gaya 3(sam)-dong/가야3동
Busan/부산,Busanjin-gu/부산진구,Gaya-dong/가야동
Busan/부산,Busanjin-gu/부산진구,Jeonpo 1(il)-dong/전포1동
Busan/부산,Busanjin-gu/부산진구,Jeonpo 2(i)-dong/전포2동
Busan/부산,Busanjin-gu/부산진구,Jeonpo 3(sam)-dong/전포3동
Busan/부산,Busanjin-gu/부산진구,Jeonpo-dong/전포동
Busan/부산,Busanjin-gu/부산진구,Yangjeong 1(il)-dong/양정1동
Busan/부산,Busanjin-gu/부산진구,Yangjeong 2(i)-dong/양정2동
Busan/부산,Busanjin-gu/부산진구,Yangjeong-dong/양정동
Busan/부산,Busanjin-gu/부산진구,Yeonji-dong/연지동
Busan/부산,Dong-gu/동구,Baegan-dong/백안동
Busan/부산,Dong-gu/동구,Bangchon-dong/방촌동
Busan/부산,Dong-gu/동구,Bangeo-dong/방어동
Busan/부산,Dong-gu/동구,Beomil-dong/범일동
Busan/부산,Dong-gu/동구,Beomir 1(il)-dong/범일1동
Busan/부산,Dong-gu/동구,Beomir 2(i)-dong/범일2동
Busan/부산,Dong-gu/동구,Beomir 4(sa)-dong/범일4동
Busan/부산,Dong-gu/동구,Beomir 5(o)-dong/범일5동
Busan/부산,Dong-gu/동구,Biryong-dong/비룡동
Busan/부산,Dong-gu/동구,Bongmu-dong/봉무동
Busan/부산,Dong-gu/동구,Bu-dong/부동
Busan/부산,Dong-gu/동구,Bullo-dong/불로동
Busan/부산,Dong-gu/동구,Bullo-dong/불로동
Busan/부산,Dong-gu/동구,Changyeong-dong/창영동
Busan/부산,Dong-gu/동구,Cheon-dong/천동
Busan/부산,Dong-gu/동구,Choryang 1(il)-dong/초량1동
Busan/부산,Dong-gu/동구,Choryang 2(i)-dong/초량2동
Busan/부산,Dong-gu/동구,Choryang 3(sam)-dong/초량3동
Busan/부산,Dong-gu/동구,Choryang 6(yuk)-dong/초량6동
Busan/부산,Dong-gu/동구,Choryang-dong/초량동
Busan/부산,Dong-gu/동구,Chu-dong/추동
Busan/부산,Dong-gu/동구,Chungjangro 1(il)-ga/충장로1가
Busan/부산,Dong-gu/동구,Chungjangro 2(i)-ga/충장로2가
Busan/부산,Dong-gu/동구,Chungjangro 3(sam)-ga/충장로3가
Busan/부산,Dong-gu/동구,Chungjangro 4(sa)-ga/충장로4가
Busan/부산,Dong-gu/동구,Chungjangro 5(o)-ga/충장로5가
Busan/부산,Dong-gu/동구,Dae 1(il)-dong/대1동
Busan/부산,Dong-gu/동구,Dae 2(i)-dong/대2동
Busan/부산,Dong-gu/동구,Daebyeol-dong/대별동
Busan/부산,Dong-gu/동구,Dae-dong/대동
Busan/부산,Dong-gu/동구,Daein-dong/대인동
Busan/부산,Dong-gu/동구,Daejeonucheguksaseoham/대전우체국사서함
Busan/부산,Dong-gu/동구,Daerim-dong/대림동
Busan/부산,Dong-gu/동구,Daeseong-dong/대성동
Busan/부산,Dong-gu/동구,Daesong-dong/대송동
Busan/부산,Dong-gu/동구,Daeui-dong/대의동
Busan/부산,Dong-gu/동구,Deokgok-dong/덕곡동
Busan/부산,Dong-gu/동구,Do-dong/도동
Busan/부산,Dong-gu/동구,Dohak-dong/도학동
Busan/부산,Dong-gu/동구,Dongbu-dong/동부동
Busan/부산,Dong-gu/동구,Dongbusanucheguksaseoham/동부산우체국사서함
Busan/부산,Dong-gu/동구,Dongdaeguucheguksaseoham/동대구우체국사서함
Busan/부산,Dong-gu/동구,Dongho-dong/동호동
Busan/부산,Dong-gu/동구,Dongmyeong-dong/동명동
Busan/부산,Dong-gu/동구,Dongnae-dong/동내동
Busan/부산,Dong-gu/동구,Dongulsanucheguksaseoham/동울산우체국사서함
Busan/부산,Dong-gu/동구,Dunsan-dong/둔산동
Busan/부산,Dong-gu/동구,Gaksan-dong/각산동
Busan/부산,Dong-gu/동구,Gao-dong/가오동
Busan/부산,Dong-gu/동구,Gayang 1(il)-dong/가양1동
Busan/부산,Dong-gu/동구,Gayang 2(i)-dong/가양2동
Busan/부산,Dong-gu/동구,Gayang-dong/가양동
Busan/부산,Dong-gu/동구,Geomsa-dong/검사동
Busan/부산,Dong-gu/동구,Geum-dong/금동
Busan/부산,Dong-gu/동구,Geumgang-dong/금강동
Busan/부산,Dong-gu/동구,Geumgok-dong/금곡동
Busan/부산,Dong-gu/동구,Geumnamro 1(il)-ga/금남로1가
Busan/부산,Dong-gu/동구,Geumnamro 2(i)-ga/금남로2가
Busan/부산,Dong-gu/동구,Geumnamro 3(sam)-ga/금남로3가
Busan/부산,Dong-gu/동구,Geumnamro 4(sa)-ga/금남로4가
Busan/부산,Dong-gu/동구,Geumnamro 5(o)-ga/금남로5가
Busan/부산,Dong-gu/동구,Goejeon-dong/괴전동
Busan/부산,Dong-gu/동구,Gudo-dong/구도동
Busan/부산,Dong-gu/동구,Gung-dong/궁동
Busan/부산,Dong-gu/동구,Gwangjuucheguksaseoham/광주우체국사서함
Busan/부산,Dong-gu/동구,Gwangsan-dong/광산동
Busan/부산,Dong-gu/동구,Gyerim 1(il)-dong/계림1동
Busan/부산,Dong-gu/동구,Gyerim 2(i)-dong/계림2동
Busan/부산,Dong-gu/동구,Gyerim-dong/계림동
Busan/부산,Dong-gu/동구,Hak-dong/학동
Busan/부산,Dong-gu/동구,Haso-dong/하소동
Busan/부산,Dong-gu/동구,Honam-dong/호남동
Busan/부산,Dong-gu/동구,Hongdo-dong/홍도동
Busan/부산,Dong-gu/동구,Hwajeong-dong/화정동
Busan/부산,Dong-gu/동구,Hwanggeum-dong/황금동
Busan/부산,Dong-gu/동구,Hwapyeong-dong/화평동
Busan/부산,Dong-gu/동구,Hwasu 1(il)-dong/화수1동
Busan/부산,Dong-gu/동구,Hwasu 2(i)-dong/화수2동
Busan/부산,Dong-gu/동구,Hwasu-dong/화수동
Busan/부산,Dong-gu/동구,Hyo-dong/효동
Busan/부산,Dong-gu/동구,Hyomog 1(il)-dong/효목1동
Busan/부산,Dong-gu/동구,Hyomog 2(i)-dong/효목2동
Busan/부산,Dong-gu/동구,Hyomok-dong/효목동
Busan/부산,Dong-gu/동구,Hyopyeong-dong/효평동
Busan/부산,Dong-gu/동구,Ilsan-dong/일산동
Busan/부산,Dong-gu/동구,In-dong/인동
Busan/부산,Dong-gu/동구,Ipseok-dong/입석동
Busan/부산,Dong-gu/동구,Isa-dong/이사동
Busan/부산,Dong-gu/동구,Jangcheok-dong/장척동
Busan/부산,Dong-gu/동구,Jang-dong/장동
Busan/부산,Dong-gu/동구,Jayang-dong/자양동
Busan/부산,Dong-gu/동구,Jeong-dong/정동
Busan/부산,Dong-gu/동구,Jeonha 1(il)-dong/전하1동
Busan/부산,Dong-gu/동구,Jeonha 2(i)-dong/전하2동
Busan/부산,Dong-gu/동구,Jeonha-dong/전하동
Busan/부산,Dong-gu/동구,Jijeo-dong/지저동
Busan/부산,Dong-gu/동구,Jik-dong/직동
Busan/부산,Dong-gu/동구,Jimyo-dong/지묘동
Busan/부산,Dong-gu/동구,Jinin-dong/진인동
Busan/부산,Dong-gu/동구,Jisan 1(il)-dong/지산1동
Busan/부산,Dong-gu/동구,Jisan 2(i)-dong/지산2동
Busan/부산,Dong-gu/동구,Jisan-dong/지산동
Busan/부산,Dong-gu/동구,Juchon-dong/주촌동
Busan/부산,Dong-gu/동구,Jujeon-dong/주전동
Busan/부산,Dong-gu/동구,Jungdae-dong/중대동
Busan/부산,Dong-gu/동구,Jung-dong/중동
Busan/부산,Dong-gu/동구,Jusan-dong/주산동
Busan/부산,Dong-gu/동구,Jwacheon 1(il)-dong/좌천1동
Busan/부산,Dong-gu/동구,Jwacheon 4(sa)-dong/좌천4동
Busan/부산,Dong-gu/동구,Jwacheon-dong/좌천동
Busan/부산,Dong-gu/동구,Maeyeo-dong/매여동
Busan/부산,Dong-gu/동구,Manseok-dong/만석동
Busan/부산,Dong-gu/동구,Masan-dong/마산동
Busan/부산,Dong-gu/동구,Midae-dong/미대동
Busan/부산,Dong-gu/동구,Migok-dong/미곡동
Busan/부산,Dong-gu/동구,Nae-dong/내동
Busan/부산,Dong-gu/동구,Naegok-dong/내곡동
Busan/부산,Dong-gu/동구,Naenam-dong/내남동
Busan/부산,Dong-gu/동구,Naetap-dong/내탑동
Busan/부산,Dong-gu/동구,Nam-dong/남동
Busan/부산,Dong-gu/동구,Nangwol-dong/낭월동
Busan/부산,Dong-gu/동구,Neungseong-dong/능성동
Busan/부산,Dong-gu/동구,O-dong/오동
Busan/부산,Dong-gu/동구,Panam 1(il)-dong/판암1동
Busan/부산,Dong-gu/동구,Panam 2(i)-dong/판암2동
Busan/부산,Dong-gu/동구,Panam-dong/판암동
Busan/부산,Dong-gu/동구,Pyeonggwang-dong/평광동
Busan/부산,Dong-gu/동구,Sabok-dong/사복동
Busan/부산,Dong-gu/동구,Samgoe-dong/삼괴동
Busan/부산,Dong-gu/동구,Samjeong-dong/삼정동
Busan/부산,Dong-gu/동구,Samseong-dong/삼성동
Busan/부산,Dong-gu/동구,Sangmae-dong/상매동
Busan/부산,Dong-gu/동구,Sangso-dong/상소동
Busan/부산,Dong-gu/동구,Sansu 1(il)-dong/산수1동
Busan/부산,Dong-gu/동구,Sansu 2(i)-dong/산수2동
Busan/부산,Dong-gu/동구,Sansu-dong/산수동
Busan/부산,Dong-gu/동구,Saseong-dong/사성동
Busan/부산,Dong-gu/동구,Secheon-dong/세천동
Busan/부산,Dong-gu/동구,Seobu-dong/서부동
Busan/부산,Dong-gu/동구,Seoho-dong/서호동
Busan/부산,Dong-gu/동구,Seongnam-dong/성남동
Busan/부산,Dong-gu/동구,Seongyo-dong/선교동
Busan/부산,Dong-gu/동구,Seoseok-dong/서석동
Busan/부산,Dong-gu/동구,Sinam 1(il)-dong/신암1동
Busan/부산,Dong-gu/동구,Sinam 2(i)-dong/신암2동
Busan/부산,Dong-gu/동구,Sinam 3(sam)-dong/신암3동
Busan/부산,Dong-gu/동구,Sinam 4(sa)-dong/신암4동
Busan/부산,Dong-gu/동구,Sinam 5(o)-dong/신암5동
Busan/부산,Dong-gu/동구,Sinam-dong/신암동
Busan/부산,Dong-gu/동구,Sinan-dong/신안동
Busan/부산,Dong-gu/동구,Sincheon 2(i)-dong/신천1.2동
Busan/부산,Dong-gu/동구,Sincheon 3(sam)-dong/신천3동
Busan/부산,Dong-gu/동구,Sincheon 4(sa)-dong/신천4동
Busan/부산,Dong-gu/동구,Sincheon-dong/신천동
Busan/부산,Dong-gu/동구,Sinchon-dong/신촌동
Busan/부산,Dong-gu/동구,Singi-dong/신기동
Busan/부산,Dong-gu/동구,Sinha-dong/신하동
Busan/부산,Dong-gu/동구,Sinheung-dong/신흥동
Busan/부산,Dong-gu/동구,Sinmu-dong/신무동
Busan/부산,Dong-gu/동구,Sinpyeong-dong/신평동
Busan/부산,Dong-gu/동구,Sinsang-dong/신상동
Busan/부산,Dong-gu/동구,Sinseo-dong/신서동
Busan/부산,Dong-gu/동구,Sinyong-dong/신용동
Busan/부산,Dong-gu/동구,Soho-dong/소호동
Busan/부산,Dong-gu/동구,Soje-dong/소제동
Busan/부산,Dong-gu/동구,Songhyeon 1(il)-dong/송현1동
Busan/부산,Dong-gu/동구,Songhyeon 2(i)-dong/송현2동
Busan/부산,Dong-gu/동구,Songhyeon 3(sam)-dong/송현3동
Busan/부산,Dong-gu/동구,Songhyeon-dong/송현동
Busan/부산,Dong-gu/동구,Songjeong-dong/송정동
Busan/부산,Dong-gu/동구,Songrim 1(il)-dong/송림1동
Busan/부산,Dong-gu/동구,Songrim 2(i)-dong/송림2동
Busan/부산,Dong-gu/동구,Songrim 3(sam)-dong/송림3동
Busan/부산,Dong-gu/동구,Songrim 4(sa)-dong/송림4동
Busan/부산,Dong-gu/동구,Songrim 5(o)-dong/송림5동
Busan/부산,Dong-gu/동구,Songrim 6(yuk)-dong/송림6동
Busan/부산,Dong-gu/동구,Songrim-dong/송림동
Busan/부산,Dong-gu/동구,Sotae-dong/소태동
Busan/부산,Dong-gu/동구,Sugi-dong/수기동
Busan/부산,Dong-gu/동구,Sujeong 1(il)-dong/수정1동
Busan/부산,Dong-gu/동구,Sujeong 2(i)-dong/수정2동
Busan/부산,Dong-gu/동구,Sujeong 4(sa)-dong/수정4동
Busan/부산,Dong-gu/동구,Sujeong 5(o)-dong/수정5동
Busan/부산,Dong-gu/동구,Sujeong-dong/수정동
Busan/부산,Dong-gu/동구,Sukcheon-dong/숙천동
Busan/부산,Dong-gu/동구,Unrim-dong/운림동
Busan/부산,Dong-gu/동구,Wolnam-dong/월남동
Busan/부산,Dong-gu/동구,Won-dong/원동
Busan/부산,Dong-gu/동구,Yonggye-dong/용계동
Busan/부산,Dong-gu/동구,Yonggye-dong/용계동
Busan/부산,Dong-gu/동구,Yongjeon-dong/용전동
Busan/부산,Dong-gu/동구,Yongsan-dong/용산동
Busan/부산,Dong-gu/동구,Yongsu-dong/용수동
Busan/부산,Dong-gu/동구,Yongun-dong/용운동
Busan/부산,Dong-gu/동구,Yongyeon-dong/용연동
Busan/부산,Dong-gu/동구,Yulha-dong/율하동
Busan/부산,Dong-gu/동구,Yuram-dong/율암동
Busan/부산,Dongrae-gu/동래구,Anrag 1(il)-dong/안락1동
Busan/부산,Dongrae-gu/동래구,Anrag 2(i)-dong/안락2동
Busan/부산,Dongrae-gu/동래구,Anrak-dong/안락동
Busan/부산,Dongrae-gu/동래구,Bokcheon-dong/복천동
Busan/부산,Dongrae-gu/동래구,Chilsan-dong/칠산동
Busan/부산,Dongrae-gu/동래구,Dongraeucheguksaseoham/동래우체국사서함
Busan/부산,Dongrae-gu/동래구,Myeongjang 1(il)-dong/명장1동
Busan/부산,Dongrae-gu/동래구,Myeongjang 2(i)-dong/명장2동
Busan/부산,Dongrae-gu/동래구,Myeongjang-dong/명장동
Busan/부산,Dongrae-gu/동래구,Myeongryun 1(il)-dong/명륜1동
Busan/부산,Dongrae-gu/동래구,Myeongryun 2(i)-dong/명륜2동
Busan/부산,Dongrae-gu/동래구,Myeongryun-dong/명륜동
Busan/부산,Dongrae-gu/동래구,Nakmin-dong/낙민동
Busan/부산,Dongrae-gu/동래구,Oncheon 1(il)-dong/온천1동
Busan/부산,Dongrae-gu/동래구,Oncheon 2(i)-dong/온천2동
Busan/부산,Dongrae-gu/동래구,Oncheon 3(sam)-dong/온천3동
Busan/부산,Dongrae-gu/동래구,Oncheon-dong/온천동
Busan/부산,Dongrae-gu/동래구,Sajig 1(il)-dong/사직1동
Busan/부산,Dongrae-gu/동래구,Sajig 2(i)-dong/사직2동
Busan/부산,Dongrae-gu/동래구,Sajig 3(sam)-dong/사직3동
Busan/부산,Dongrae-gu/동래구,Sajik-dong/사직동
Busan/부산,Dongrae-gu/동래구,Suan-dong/수안동
Busan/부산,Gangseo-gu/강서구,Banghwa 1(il)-dong/방화1동
Busan/부산,Gangseo-gu/강서구,Banghwa 2(i)-dong/방화2동
Busan/부산,Gangseo-gu/강서구,Banghwa 3(sam)-dong/방화3동
Busan/부산,Gangseo-gu/강서구,Banghwa-dong/방화동
Busan/부산,Gangseo-gu/강서구,Beombang-dong/범방동
Busan/부산,Gangseo-gu/강서구,Bongrim-dong/봉림동
Busan/부산,Gangseo-gu/강서구,Busangangseoucheguksaseoham/부산강서우체국사서함
Busan/부산,Gangseo-gu/강서구,Cheonseong-dong/천성동
Busan/부산,Gangseo-gu/강서구,Daehang-dong/대항동
Busan/부산,Gangseo-gu/강서구,Daejeo 1(il)-dong/대저1동
Busan/부산,Gangseo-gu/강서구,Daejeo 2(i)-dong/대저2동
Busan/부산,Gangseo-gu/강서구,Deungchon 1(il)-dong/등촌1동
Busan/부산,Gangseo-gu/강서구,Deungchon 2(i)-dong/등촌2동
Busan/부산,Gangseo-gu/강서구,Deungchon 3(sam)-dong/등촌3동
Busan/부산,Gangseo-gu/강서구,Deungchon-dong/등촌동
Busan/부산,Gangseo-gu/강서구,Dongseon-dong/동선동
Busan/부산,Gangseo-gu/강서구,Gaehwa-dong/개화동
Busan/부산,Gangseo-gu/강서구,Gangdong-dong/강동동
Busan/부산,Gangseo-gu/강서구,Gayang 1(il)-dong/가양1동
Busan/부산,Gangseo-gu/강서구,Gayang 2(i)-dong/가양2동
Busan/부산,Gangseo-gu/강서구,Gayang 3(sam)-dong/가양3동
Busan/부산,Gangseo-gu/강서구,Gayang-dong/가양동
Busan/부산,Gangseo-gu/강서구,Gonghang-dong/공항동
Busan/부산,Gangseo-gu/강서구,Gurang-dong/구랑동
Busan/부산,Gangseo-gu/강서구,Gwahae-dong/과해동
Busan/부산,Gangseo-gu/강서구,Hwagog 1(il)-dong/화곡1동
Busan/부산,Gangseo-gu/강서구,Hwagog 2(i)-dong/화곡2동
Busan/부산,Gangseo-gu/강서구,Hwagog 3(sam)-dong/화곡3동
Busan/부산,Gangseo-gu/강서구,Hwagog 4(sa)-dong/화곡4동
Busan/부산,Gangseo-gu/강서구,Hwagog 6(yuk)-dong/화곡6동
Busan/부산,Gangseo-gu/강서구,Hwagog 8(pal)-dong/화곡8동
Busan/부산,Gangseo-gu/강서구,Hwagokbon-dong/화곡본동
Busan/부산,Gangseo-gu/강서구,Hwagok-dong/화곡동
Busan/부산,Gangseo-gu/강서구,Hwajeon-dong/화전동
Busan/부산,Gangseo-gu/강서구,Jisa-dong/지사동
Busan/부산,Gangseo-gu/강서구,Jukdong-dong/죽동동
Busan/부산,Gangseo-gu/강서구,Jukrim-dong/죽림동
Busan/부산,Gangseo-gu/강서구,Magok-dong/마곡동
Busan/부산,Gangseo-gu/강서구,Mieum-dong/미음동
Busan/부산,Gangseo-gu/강서구,Myeongji-dong/명지동
Busan/부산,Gangseo-gu/강서구,Naebalsan 1(il)-dong/내발산1동
Busan/부산,Gangseo-gu/강서구,Naebalsan-dong/내발산동
Busan/부산,Gangseo-gu/강서구,Noksan-dong/녹산동
Busan/부산,Gangseo-gu/강서구,Nulcha-dong/눌차동
Busan/부산,Gangseo-gu/강서구,Oebalsan-dong/외발산동
Busan/부산,Gangseo-gu/강서구,Ogok-dong/오곡동
Busan/부산,Gangseo-gu/강서구,Osoe-dong/오쇠동
Busan/부산,Gangseo-gu/강서구,Saenggok-dong/생곡동
Busan/부산,Gangseo-gu/강서구,Seongbuk-dong/성북동
Busan/부산,Gangseo-gu/강서구,Seoulgangseoucheguksaseoham/서울강서우체국사서함
Busan/부산,Gangseo-gu/강서구,Seoulhwagogucheguksaseoham/서울화곡우체국사서함
Busan/부산,Gangseo-gu/강서구,Sikman-dong/식만동
Busan/부산,Gangseo-gu/강서구,Sinho-dong/신호동
Busan/부산,Gangseo-gu/강서구,Songjeong-dong/송정동
Busan/부산,Gangseo-gu/강서구,Ujangsan-dong/우장산동
Busan/부산,Gangseo-gu/강서구,Yeomchang-dong/염창동
Busan/부산,Geumjeong-gu/금정구,Bugog 1(il)-dong/부곡1동
Busan/부산,Geumjeong-gu/금정구,Bugog 2(i)-dong/부곡2동
Busan/부산,Geumjeong-gu/금정구,Bugog 3(sam)-dong/부곡3동
Busan/부산,Geumjeong-gu/금정구,Bugog 4(sa)-dong/부곡4동
Busan/부산,Geumjeong-gu/금정구,Bugok-dong/부곡동
Busan/부산,Geumjeong-gu/금정구,Busangeumjeongucheguksaseoham/부산금정우체국사서함
Busan/부산,Geumjeong-gu/금정구,Cheongryong-dong/청룡동
Busan/부산,Geumjeong-gu/금정구,Dugu-dong/두구동
Busan/부산,Geumjeong-gu/금정구,Geumsa-dong/금사동
Busan/부산,Geumjeong-gu/금정구,Geumseong-dong/금성동
Busan/부산,Geumjeong-gu/금정구,Guseo 1(il)-dong/구서1동
Busan/부산,Geumjeong-gu/금정구,Guseo 2(i)-dong/구서2동
Busan/부산,Geumjeong-gu/금정구,Guseo-dong/구서동
Busan/부산,Geumjeong-gu/금정구,Hoedong-dong/회동동
Busan/부산,Geumjeong-gu/금정구,Jangjeon 1(il)-dong/장전1동
Busan/부산,Geumjeong-gu/금정구,Jangjeon 2(i)-dong/장전2동
Busan/부산,Geumjeong-gu/금정구,Jangjeon 3(sam)-dong/장전3동
Busan/부산,Geumjeong-gu/금정구,Jangjeon-dong/장전동
Busan/부산,Geumjeong-gu/금정구,Namsan-dong/남산동
Busan/부산,Geumjeong-gu/금정구,Nopo-dong/노포동
Busan/부산,Geumjeong-gu/금정구,Oryun-dong/오륜동
Busan/부산,Geumjeong-gu/금정구,Seo 1(il)-dong/서1동
Busan/부산,Geumjeong-gu/금정구,Seo 2(i)-dong/서2동
Busan/부산,Geumjeong-gu/금정구,Seo 3(sam)-dong/서3동
Busan/부산,Geumjeong-gu/금정구,Seo-dong/서동
Busan/부산,Geumjeong-gu/금정구,Seon-dong/선동
Busan/부산,Gijang-gun/기장군,Cheolma-myeon/철마면
Busan/부산,Gijang-gun/기장군,Gijang-eup/기장읍
Busan/부산,Gijang-gun/기장군,Ilgwang-myeon/일광면
Busan/부산,Gijang-gun/기장군,Jangan-eup/장안읍
Busan/부산,Gijang-gun/기장군,Jeonggwan-myeon/정관면
Busan/부산,Haeundae-gu/해운대구,Bansong 1(il)-dong/반송1동
Busan/부산,Haeundae-gu/해운대구,Bansong 2(i)-dong/반송2동
Busan/부산,Haeundae-gu/해운대구,Bansong 3(sam)-dong/반송3동
Busan/부산,Haeundae-gu/해운대구,Bansong-dong/반송동
Busan/부산,Haeundae-gu/해운대구,Banyeo 1(il)-dong/반여1동
Busan/부산,Haeundae-gu/해운대구,Banyeo 2(i)-dong/반여2동
Busan/부산,Haeundae-gu/해운대구,Banyeo 3(sam)-dong/반여3동
Busan/부산,Haeundae-gu/해운대구,Banyeo 4(sa)-dong/반여4동
Busan/부산,Haeundae-gu/해운대구,Banyeo-dong/반여동
Busan/부산,Haeundae-gu/해운대구,Haeundaeucheguksaseoham/해운대우체국사서함
Busan/부산,Haeundae-gu/해운대구,Jaesong 1(il)-dong/재송1동
Busan/부산,Haeundae-gu/해운대구,Jaesong 2(i)-dong/재송2동
Busan/부산,Haeundae-gu/해운대구,Jaesong-dong/재송동
Busan/부산,Haeundae-gu/해운대구,Jung 1(il)-dong/중1동
Busan/부산,Haeundae-gu/해운대구,Jung 2(i)-dong/중2동
Busan/부산,Haeundae-gu/해운대구,Jung-dong/중동
Busan/부산,Haeundae-gu/해운대구,Jwa 1(il)-dong/좌1동
Busan/부산,Haeundae-gu/해운대구,Jwa 2(i)-dong/좌2동
Busan/부산,Haeundae-gu/해운대구,Jwa 3(sam)-dong/좌3동
Busan/부산,Haeundae-gu/해운대구,Jwa 4(sa)-dong/좌4동
Busan/부산,Haeundae-gu/해운대구,Jwa-dong/좌동
Busan/부산,Haeundae-gu/해운대구,Seokdae-dong/석대동
Busan/부산,Haeundae-gu/해운대구,Songjeong-dong/송정동
Busan/부산,Haeundae-gu/해운대구,U 1(il)-dong/우1동
Busan/부산,Haeundae-gu/해운대구,U 2(i)-dong/우2동
Busan/부산,Haeundae-gu/해운대구,U-dong/우동
Busan/부산,Jung-gu/중구,Anyeong-dong/안영동
Busan/부산,Jung-gu/중구,Bangsan-dong/방산동
Busan/부산,Jung-gu/중구,Bangu 1(il)-dong/반구1동
Busan/부산,Jung-gu/중구,Bangu 2(i)-dong/반구2동
Busan/부산,Jung-gu/중구,Bangu-dong/반구동
Busan/부산,Jung-gu/중구,Boksan 1(il)-dong/복산1동
Busan/부산,Jung-gu/중구,Boksan 2(i)-dong/복산2동
Busan/부산,Jung-gu/중구,Boksan-dong/복산동
Busan/부산,Jung-gu/중구,Bongraedong 1(il)-ga/봉래동1가
Busan/부산,Jung-gu/중구,Bongraedong 2(i)-ga/봉래동2가
Busan/부산,Jung-gu/중구,Bongsan-dong/봉산동
Busan/부산,Jung-gu/중구,Bosudong 1(il)-ga/보수동1가
Busan/부산,Jung-gu/중구,Bosudong 2(i)-ga/보수동2가
Busan/부산,Jung-gu/중구,Bosudong 3(sam)-ga/보수동3가
Busan/부산,Jung-gu/중구,Bosu-dong/보수동
Busan/부산,Jung-gu/중구,Bukchang-dong/북창동
Busan/부산,Jung-gu/중구,Bukjeong-dong/북정동
Busan/부산,Jung-gu/중구,Buknae-dong/북내동
Busan/부산,Jung-gu/중구,Bukseongdong 1(il)-ga/북성동1가
Busan/부산,Jung-gu/중구,Bukseongdong 2(i)-ga/북성동2가
Busan/부산,Jung-gu/중구,Bukseongdong 3(sam)-ga/북성동3가
Busan/부산,Jung-gu/중구,Bukseongro 1(il)-ga/북성로1가
Busan/부산,Jung-gu/중구,Bukseongro 2(i)-ga/북성로2가
Busan/부산,Jung-gu/중구,Bupyeongdong 1(il)-ga/부평동1가
Busan/부산,Jung-gu/중구,Bupyeongdong 2(i)-ga/부평동2가
Busan/부산,Jung-gu/중구,Bupyeongdong 3(sam)-ga/부평동3가
Busan/부산,Jung-gu/중구,Bupyeongdong 4(sa)-ga/부평동4가
Busan/부산,Jung-gu/중구,Bupyeong-dong/부평동
Busan/부산,Jung-gu/중구,Busa-dong/부사동
Busan/부산,Jung-gu/중구,Busanucheguksaseoham/부산우체국사서함
Busan/부산,Jung-gu/중구,Changseondong 1(il)-ga/창선동1가
Busan/부산,Jung-gu/중구,Changseondong 2(i)-ga/창선동2가
Busan/부산,Jung-gu/중구,Changseon-dong/창선동
Busan/부산,Jung-gu/중구,Chimsan-dong/침산동
Busan/부산,Jung-gu/중구,Cho-dong/초동
Busan/부산,Jung-gu/중구,Chungjeongro 1(il)-ga/충정로1가
Busan/부산,Jung-gu/중구,Chungmuro 1(il)-ga/충무로1가
Busan/부산,Jung-gu/중구,Chungmuro 2(i)-ga/충무로2가
Busan/부산,Jung-gu/중구,Chungmuro 3(sam)-ga/충무로3가
Busan/부산,Jung-gu/중구,Chungmuro 4(sa)-ga/충무로4가
Busan/부산,Jung-gu/중구,Chungmuro 5(o)-ga/충무로5가
Busan/부산,Jung-gu/중구,Da-dong/다동
Busan/부산,Jung-gu/중구,Daean-dong/대안동
Busan/부산,Jung-gu/중구,Daebong 1(il)-dong/대봉1동
Busan/부산,Jung-gu/중구,Daebong 2(i)-dong/대봉2동
Busan/부산,Jung-gu/중구,Daebong-dong/대봉동
Busan/부산,Jung-gu/중구,Daechangdong 1(il)-ga/대창동1가
Busan/부산,Jung-gu/중구,Daechangdong 2(i)-ga/대창동2가
Busan/부산,Jung-gu/중구,Daechang-dong/대창동
Busan/부산,Jung-gu/중구,Daecheongdong 1(il)-ga/대청동1가
Busan/부산,Jung-gu/중구,Daecheongdong 2(i)-ga/대청동2가
Busan/부산,Jung-gu/중구,Daecheongdong 3(sam)-ga/대청동3가
Busan/부산,Jung-gu/중구,Daecheongdong 4(sa)-ga/대청동4가
Busan/부산,Jung-gu/중구,Daecheong-dong/대청동
Busan/부산,Jung-gu/중구,Daeguucheguksaseoham/대구우체국사서함
Busan/부산,Jung-gu/중구,Daeheung-dong/대흥동
Busan/부산,Jung-gu/중구,Daesa-dong/대사동
Busan/부산,Jung-gu/중구,Daesin-dong/대신동
Busan/부산,Jung-gu/중구,Dalseong-dong/달성동
Busan/부산,Jung-gu/중구,Dap-dong/답동
Busan/부산,Jung-gu/중구,Daun-dong/다운동
Busan/부산,Jung-gu/중구,Deokgyo-dong/덕교동
Busan/부산,Jung-gu/중구,Deoksan-dong/덕산동
Busan/부산,Jung-gu/중구,Dong-dong/동동
Busan/부산,Jung-gu/중구,Donggwangdong 1(il)-ga/동광동1가
Busan/부산,Jung-gu/중구,Donggwangdong 2(i)-ga/동광동2가
Busan/부산,Jung-gu/중구,Donggwangdong 3(sam)-ga/동광동3가
Busan/부산,Jung-gu/중구,Donggwangdong 4(sa)-ga/동광동4가
Busan/부산,Jung-gu/중구,Donggwangdong 5(o)-ga/동광동5가
Busan/부산,Jung-gu/중구,Donggwang-dong/동광동
Busan/부산,Jung-gu/중구,Dongil-dong/동일동
Busan/부산,Jung-gu/중구,Dongindong 1(il)-ga/동인동1가
Busan/부산,Jung-gu/중구,Dongindong 2(i)-ga/동인동2가
Busan/부산,Jung-gu/중구,Dongindong 3(sam)-ga/동인동3가
Busan/부산,Jung-gu/중구,Dongindong 4(sa)-ga/동인동4가
Busan/부산,Jung-gu/중구,Dongmun-dong/동문동
Busan/부산,Jung-gu/중구,Dongsan-dong/동산동
Busan/부산,Jung-gu/중구,Dongseongro 1(il)-ga/동성로1가
Busan/부산,Jung-gu/중구,Dongseongro 2(i)-ga/동성로2가
Busan/부산,Jung-gu/중구,Dongseongro 3(sam)-ga/동성로3가
Busan/부산,Jung-gu/중구,Dowon-dong/도원동
Busan/부산,Jung-gu/중구,Dowon-dong/도원동
Busan/부산,Jung-gu/중구,Eonam-dong/어남동
Busan/부산,Jung-gu/중구,Euljiro 1(il)-ga/을지로1가
Busan/부산,Jung-gu/중구,Euljiro 2(i)-ga/을지로2가
Busan/부산,Jung-gu/중구,Euljiro 3(sam)-ga/을지로3가
Busan/부산,Jung-gu/중구,Euljiro 4(sa)-ga/을지로4가
Busan/부산,Jung-gu/중구,Euljiro 5(o)-ga/을지로5가
Busan/부산,Jung-gu/중구,Euljiro 6(yuk)-ga/을지로6가
Busan/부산,Jung-gu/중구,Euljiro 7(chil)-ga/을지로7가
Busan/부산,Jung-gu/중구,Eunhaeng-dong/은행동
Busan/부산,Jung-gu/중구,Eurwang-dong/을왕동
Busan/부산,Jung-gu/중구,Geum-dong/금동
Busan/부산,Jung-gu/중구,Gongpyeong-dong/공평동
Busan/부산,Jung-gu/중구,Guwan-dong/구완동
Busan/부산,Jung-gu/중구,Gwandong 1(il)-ga/관동1가
Busan/부산,Jung-gu/중구,Gwandong 2(i)-ga/관동2가
Busan/부산,Jung-gu/중구,Gwandong 3(sam)-ga/관동3가
Busan/부산,Jung-gu/중구,Gwangbokdong 1(il)-ga/광복동1가
Busan/부산,Jung-gu/중구,Gwangbokdong 2(i)-ga/광복동2가
Busan/부산,Jung-gu/중구,Gwangbokdong 3(sam)-ga/광복동3가
Busan/부산,Jung-gu/중구,Gwangbok-dong/광복동
Busan/부산,Jung-gu/중구,Gwanghuidong 1(il)-ga/광희동1가
Busan/부산,Jung-gu/중구,Gwanghuidong 2(i)-ga/광희동2가
Busan/부산,Jung-gu/중구,Gyeong-dong/경동
Busan/부산,Jung-gu/중구,Gyesandong 1(il)-ga/계산동1가
Busan/부산,Jung-gu/중구,Gyesandong 2(i)-ga/계산동2가
Busan/부산,Jung-gu/중구,Gyo-dong/교동
Busan/부산,Jung-gu/중구,Gyo-dong/교동
Busan/부산,Jung-gu/중구,Haeandong 1(il)-ga/해안동1가
Busan/부산,Jung-gu/중구,Haeandong 2(i)-ga/해안동2가
Busan/부산,Jung-gu/중구,Haeandong 3(sam)-ga/해안동3가
Busan/부산,Jung-gu/중구,Haeandong 4(sa)-ga/해안동4가
Busan/부산,Jung-gu/중구,Haksan-dong/학산동
Busan/부산,Jung-gu/중구,Hakseong-dong/학성동
Busan/부산,Jung-gu/중구,Hangdong 1(il)-ga/항동1가
Busan/부산,Jung-gu/중구,Hangdong 2(i)-ga/항동2가
Busan/부산,Jung-gu/중구,Hangdong 3(sam)-ga/항동3가
Busan/부산,Jung-gu/중구,Hangdong 4(sa)-ga/항동4가
Busan/부산,Jung-gu/중구,Hangdong 5(o)-ga/항동5가
Busan/부산,Jung-gu/중구,Hangdong 6(yuk)-ga/항동6가
Busan/부산,Jung-gu/중구,Hangdong 7(chil)-ga/항동7가
Busan/부산,Jung-gu/중구,Haseo-dong/하서동
Busan/부산,Jung-gu/중구,Heungin-dong/흥인동
Busan/부산,Jung-gu/중구,Ho-dong/호동
Busan/부산,Jung-gu/중구,Hoehyeondong 1(il)-ga/회현동1가
Busan/부산,Jung-gu/중구,Hoehyeondong 2(i)-ga/회현동2가
Busan/부산,Jung-gu/중구,Hoehyeondong 3(sam)-ga/회현동3가
Busan/부산,Jung-gu/중구,Hwajeon-dong/화전동
Busan/부산,Jung-gu/중구,Hwanghak-dong/황학동
Busan/부산,Jung-gu/중구,Hyangchon-dong/향촌동
Busan/부산,Jung-gu/중구,Incheongonghangucheguksaseoham/인천공항우체국사서함
Busan/부산,Jung-gu/중구,Ingyo-dong/인교동
Busan/부산,Jung-gu/중구,Inhyeondong 1(il)-ga/인현동1가
Busan/부산,Jung-gu/중구,Inhyeondong 2(i)-ga/인현동2가
Busan/부산,Jung-gu/중구,Inhyeon-dong/인현동
Busan/부산,Jung-gu/중구,Ipjeong-dong/입정동
Busan/부산,Jung-gu/중구,Jangchungdong 1(il)-ga/장충동1가
Busan/부산,Jung-gu/중구,Jangchungdong 2(i)-ga/장충동2가
Busan/부산,Jung-gu/중구,Janggwan-dong/장관동
Busan/부산,Jung-gu/중구,Janggyo-dong/장교동
Busan/부산,Jung-gu/중구,Janghyeon-dong/장현동
Busan/부산,Jung-gu/중구,Jeodong 1(il)-ga/저동1가
Busan/부산,Jung-gu/중구,Jeodong 2(i)-ga/저동2가
Busan/부산,Jung-gu/중구,Jeon-dong/전동
Busan/부산,Jung-gu/중구,Jeon-dong/전동
Busan/부산,Jung-gu/중구,Jeong-dong/정동
Busan/부산,Jung-gu/중구,Jeongsaeng-dong/정생동
Busan/부산,Jung-gu/중구,Jongro 1(il)-ga/종로1가
Busan/부산,Jung-gu/중구,Jongro 2(i)-ga/종로2가
Busan/부산,Jung-gu/중구,Jugyo-dong/주교동
Busan/부산,Jung-gu/중구,Juja-dong/주자동
Busan/부산,Jung-gu/중구,Jungangdong 1(il)-ga/중앙동1가
Busan/부산,Jung-gu/중구,Jungangdong 1(il)-ga/중앙동1가
Busan/부산,Jung-gu/중구,Jungangdong 2(i)-ga/중앙동2가
Busan/부산,Jung-gu/중구,Jungangdong 2(i)-ga/중앙동2가
Busan/부산,Jung-gu/중구,Jungangdong 3(sam)-ga/중앙동3가
Busan/부산,Jung-gu/중구,Jungangdong 3(sam)-ga/중앙동3가
Busan/부산,Jung-gu/중구,Jungangdong 4(sa)-ga/중앙동4가
Busan/부산,Jung-gu/중구,Jungangdong 4(sa)-ga/중앙동4가
Busan/부산,Jung-gu/중구,Jungangdong 5(o)-ga/중앙동5가
Busan/부산,Jung-gu/중구,Jungangdong 6(yuk)-ga/중앙동6가
Busan/부산,Jung-gu/중구,Jungangdong 7(chil)-ga/중앙동7가
Busan/부산,Jung-gu/중구,Jungang-dong/중앙동
Busan/부산,Jung-gu/중구,Jungangucheguksaseoham/중앙우체국사서함
Busan/부산,Jung-gu/중구,Jungchon-dong/중촌동
Busan/부산,Jung-gu/중구,Jungrim-dong/중림동
Busan/부산,Jung-gu/중구,Jungsan-dong/중산동
Busan/부산,Jung-gu/중구,Manridong 1(il)-ga/만리동1가
Busan/부산,Jung-gu/중구,Manridong 2(i)-ga/만리동2가
Busan/부산,Jung-gu/중구,Mokdal-dong/목달동
Busan/부산,Jung-gu/중구,Mok-dong/목동
Busan/부산,Jung-gu/중구,Mugyo-dong/무교동
Busan/부산,Jung-gu/중구,Muhak-dong/무학동
Busan/부산,Jung-gu/중구,Mukjeong-dong/묵정동
Busan/부산,Jung-gu/중구,Munchang-dong/문창동
Busan/부산,Jung-gu/중구,Munhwa 1(il)-dong/문화1동
Busan/부산,Jung-gu/중구,Munhwa 2(i)-dong/문화2동
Busan/부산,Jung-gu/중구,Munhwa-dong/문화동
Busan/부산,Jung-gu/중구,Munhwa-dong/문화동
Busan/부산,Jung-gu/중구,Musu-dong/무수동
Busan/부산,Jung-gu/중구,Muui-dong/무의동
Busan/부산,Jung-gu/중구,Myeongdong 1(il)-ga/명동1가
Busan/부산,Jung-gu/중구,Myeongdong 2(i)-ga/명동2가
Busan/부산,Jung-gu/중구,Nae-dong/내동
Busan/부산,Jung-gu/중구,Nambuk-dong/남북동
Busan/부산,Jung-gu/중구,Namchang-dong/남창동
Busan/부산,Jung-gu/중구,Namdaemunro 1(il)-ga/남대문로1가
Busan/부산,Jung-gu/중구,Namdaemunro 2(i)-ga/남대문로2가
Busan/부산,Jung-gu/중구,Namdaemunro 3(sam)-ga/남대문로3가
Busan/부산,Jung-gu/중구,Namdaemunro 4(sa)-ga/남대문로4가
Busan/부산,Jung-gu/중구,Namdaemunro 5(o)-ga/남대문로5가
Busan/부산,Jung-gu/중구,Namhak-dong/남학동
Busan/부산,Jung-gu/중구,Namil-dong/남일동
Busan/부산,Jung-gu/중구,Namoe-dong/남외동
Busan/부산,Jung-gu/중구,Nampodong 1(il)-ga/남포동1가
Busan/부산,Jung-gu/중구,Nampodong 2(i)-ga/남포동2가
Busan/부산,Jung-gu/중구,Nampodong 3(sam)-ga/남포동3가
Busan/부산,Jung-gu/중구,Nampodong 4(sa)-ga/남포동4가
Busan/부산,Jung-gu/중구,Nampodong 5(o)-ga/남포동5가
Busan/부산,Jung-gu/중구,Nampodong 6(yuk)-ga/남포동6가
Busan/부산,Jung-gu/중구,Nampo-dong/남포동
Busan/부산,Jung-gu/중구,Namsan 1(il)-dong/남산1동
Busan/부산,Jung-gu/중구,Namsan 2(i)-dong/남산2동
Busan/부산,Jung-gu/중구,Namsan 3(sam)-dong/남산3동
Busan/부산,Jung-gu/중구,Namsan 4(sa)-dong/남산4동
Busan/부산,Jung-gu/중구,Namsandong 1(il)-ga/남산동1가
Busan/부산,Jung-gu/중구,Namsandong 2(i)-ga/남산동2가
Busan/부산,Jung-gu/중구,Namsandong 3(sam)-ga/남산동3가
Busan/부산,Jung-gu/중구,Namsan-dong/남산동
Busan/부산,Jung-gu/중구,Namseongno/남성로
Busan/부산,Jung-gu/중구,Ojang-dong/오장동
Busan/부산,Jung-gu/중구,Okgye-dong/옥계동
Busan/부산,Jung-gu/중구,Okgyo-dong/옥교동
Busan/부산,Jung-gu/중구,Oryu-dong/오류동
Busan/부산,Jung-gu/중구,Pildong 1(il)-ga/필동1가
Busan/부산,Jung-gu/중구,Pildong 2(i)-ga/필동2가
Busan/부산,Jung-gu/중구,Pildong 3(sam)-ga/필동3가
Busan/부산,Jung-gu/중구,Pojeong-dong/포정동
Busan/부산,Jung-gu/중구,Sa-dong/사동
Busan/부산,Jung-gu/중구,Sail-dong/사일동
Busan/부산,Jung-gu/중구,Sajeong-dong/사정동
Busan/부산,Jung-gu/중구,Samdeokdong 1(il)-ga/삼덕동1가
Busan/부산,Jung-gu/중구,Samdeokdong 2(i)-ga/삼덕동2가
Busan/부산,Jung-gu/중구,Samdeokdong 3(sam)-ga/삼덕동3가
Busan/부산,Jung-gu/중구,Samgak-dong/삼각동
Busan/부산,Jung-gu/중구,Sangdeok-dong/상덕동
Busan/부산,Jung-gu/중구,Sangseo-dong/상서동
Busan/부산,Jung-gu/중구,Sanrim-dong/산림동
Busan/부산,Jung-gu/중구,Sanseong-dong/산성동
Busan/부산,Jung-gu/중구,Seodaejeonucheguksaseoham/서대전우체국사서함
Busan/부산,Jung-gu/중구,Seo-dong/서동
Busan/부산,Jung-gu/중구,Seokgyo-dong/석교동
Busan/부산,Jung-gu/중구,Seomunro 1(il)-ga/서문로1가
Busan/부산,Jung-gu/중구,Seomunro 2(i)-ga/서문로2가
Busan/부산,Jung-gu/중구,Seonae-dong/서내동
Busan/부산,Jung-gu/중구,Seongan-dong/성안동
Busan/부산,Jung-gu/중구,Seongnam-dong/성남동
Busan/부산,Jung-gu/중구,Seonhwa-dong/선화동
Busan/부산,Jung-gu/중구,Seonhwa-dong/선화동
Busan/부산,Jung-gu/중구,Seonrin-dong/선린동
Busan/부산,Jung-gu/중구,Seoseongro 1(il)-ga/서성로1가
Busan/부산,Jung-gu/중구,Seoseongro 2(i)-ga/서성로2가
Busan/부산,Jung-gu/중구,Seosomun-dong/서소문동
Busan/부산,Jung-gu/중구,Seoya-dong/서야동
Busan/부산,Jung-gu/중구,Sijangbugno/시장북로
Busan/부산,Jung-gu/중구,Sinchangdong 1(il)-ga/신창동1가
Busan/부산,Jung-gu/중구,Sinchangdong 2(i)-ga/신창동2가
Busan/부산,Jung-gu/중구,Sinchangdong 3(sam)-ga/신창동3가
Busan/부산,Jung-gu/중구,Sinchangdong 4(sa)-ga/신창동4가
Busan/부산,Jung-gu/중구,Sinchang-dong/신창동
Busan/부산,Jung-gu/중구,Sindang 1(il)-dong/신당1동
Busan/부산,Jung-gu/중구,Sindang 2(i)-dong/신당2동
Busan/부산,Jung-gu/중구,Sindang 3(sam)-dong/신당3동
Busan/부산,Jung-gu/중구,Sindang 4(sa)-dong/신당4동
Busan/부산,Jung-gu/중구,Sindang 5(o)-dong/신당5동
Busan/부산,Jung-gu/중구,Sindang 6(yuk)-dong/신당6동
Busan/부산,Jung-gu/중구,Sindang-dong/신당동
Busan/부산,Jung-gu/중구,Sinheungdong 1(il)-ga/신흥동1가
Busan/부산,Jung-gu/중구,Sinheungdong 2(i)-ga/신흥동2가
Busan/부산,Jung-gu/중구,Sinheungdong 3(sam)-ga/신흥동3가
Busan/부산,Jung-gu/중구,Sinpo-dong/신포동
Busan/부산,Jung-gu/중구,Sinsaeng-dong/신생동
Busan/부산,Jung-gu/중구,Sogong-dong/소공동
Busan/부산,Jung-gu/중구,Songhakdong 1(il)-ga/송학동1가
Busan/부산,Jung-gu/중구,Songhakdong 2(i)-ga/송학동2가
Busan/부산,Jung-gu/중구,Songhakdong 3(sam)-ga/송학동3가
Busan/부산,Jung-gu/중구,Songwoldong 1(il)-ga/송월동1가
Busan/부산,Jung-gu/중구,Songwoldong 2(i)-ga/송월동2가
Busan/부산,Jung-gu/중구,Songwoldong 3(sam)-ga/송월동3가
Busan/부산,Jung-gu/중구,Ssangrim-dong/쌍림동
Busan/부산,Jung-gu/중구,Suchang-dong/수창동
Busan/부산,Jung-gu/중구,Su-dong/수동
Busan/부산,Jung-gu/중구,Suha-dong/수하동
Busan/부산,Jung-gu/중구,Sunhwa-dong/순화동
Busan/부산,Jung-gu/중구,Supyo-dong/수표동
Busan/부산,Jung-gu/중구,Taehwa-dong/태화동
Busan/부산,Jung-gu/중구,Taepyeong 1(il)-dong/태평1동
Busan/부산,Jung-gu/중구,Taepyeong 2(i)-dong/태평2동
Busan/부산,Jung-gu/중구,Taepyeong-dong/태평동
Busan/부산,Jung-gu/중구,Taepyeongro 1(il)-ga/태평로1가
Busan/부산,Jung-gu/중구,Taepyeongro 1(il)-ga/태평로1가
Busan/부산,Jung-gu/중구,Taepyeongro 2(i)-ga/태평로2가
Busan/부산,Jung-gu/중구,Taepyeongro 2(i)-ga/태평로2가
Busan/부산,Jung-gu/중구,Taepyeongro 3(sam)-ga/태평로3가
Busan/부산,Jung-gu/중구,Uijuro 1(il)-ga/의주로1가
Busan/부산,Jung-gu/중구,Uijuro 2(i)-ga/의주로2가
Busan/부산,Jung-gu/중구,Ujeong-dong/우정동
Busan/부산,Jung-gu/중구,Ulsanucheguksaseoham/울산우체국사서함
Busan/부산,Jung-gu/중구,Unbuk-dong/운북동
Busan/부산,Jung-gu/중구,Unnam-dong/운남동
Busan/부산,Jung-gu/중구,Unseo-dong/운서동
Busan/부산,Jung-gu/중구,Wanjeon-dong/완전동
Busan/부산,Jung-gu/중구,Yaksa-dong/약사동
Busan/부산,Jung-gu/중구,Yegwan-dong/예관동
Busan/부산,Jung-gu/중구,Yejang-dong/예장동
Busan/부산,Jung-gu/중구,Yeongju 1(il)-dong/영주1동
Busan/부산,Jung-gu/중구,Yeongju 2(i)-dong/영주2동
Busan/부산,Jung-gu/중구,Yeongju-dong/영주동
Busan/부산,Jung-gu/중구,Yongdeok-dong/용덕동
Busan/부산,Jung-gu/중구,Yong-dong/용동
Busan/부산,Jung-gu/중구,Yongdu-dong/용두동
Busan/부산,Jung-gu/중구,Yucheon 1(il)-dong/유천1동
Busan/부산,Jung-gu/중구,Yucheon 2(i)-dong/유천2동
Busan/부산,Jung-gu/중구,Yucheon-dong/유천동
Busan/부산,Jung-gu/중구,Yu-dong/유동
Busan/부산,Jung-gu/중구,Yugok-dong/유곡동
Busan/부산,Jung-gu/중구,Yulmok-dong/율목동
Busan/부산,Nam-gu/남구,Apchon-dong/압촌동
Busan/부산,Nam-gu/남구,Baegun 1(il)-dong/백운1동
Busan/부산,Nam-gu/남구,Baegun 2(i)-dong/백운2동
Busan/부산,Nam-gu/남구,Baegun-dong/백운동
Busan/부산,Nam-gu/남구,Bangrim 1(il)-dong/방림1동
Busan/부산,Nam-gu/남구,Bangrim 2(i)-dong/방림2동
Busan/부산,Nam-gu/남구,Bangrim-dong/방림동
Busan/부산,Nam-gu/남구,Bongdeog 1(il)-dong/봉덕1동
Busan/부산,Nam-gu/남구,Bongdeog 2(i)-dong/봉덕2동
Busan/부산,Nam-gu/남구,Bongdeog 3(sam)-dong/봉덕3동
Busan/부산,Nam-gu/남구,Bongdeok-dong/봉덕동
Busan/부산,Nam-gu/남구,Bongseon 1(il)-dong/봉선1동
Busan/부산,Nam-gu/남구,Bongseon 2(i)-dong/봉선2동
Busan/부산,Nam-gu/남구,Bongseon-dong/봉선동
Busan/부산,Nam-gu/남구,Bugok-dong/부곡동
Busan/부산,Nam-gu/남구,Chilseok-dong/칠석동
Busan/부산,Nam-gu/남구,Daeji-dong/대지동
Busan/부산,Nam-gu/남구,Daemyeong 1(il)-dong/대명1동
Busan/부산,Nam-gu/남구,Daemyeong 10(sip)-dong/대명10동
Busan/부산,Nam-gu/남구,Daemyeong 11(sibil)-dong/대명11동
Busan/부산,Nam-gu/남구,Daemyeong 2(i)-dong/대명2동
Busan/부산,Nam-gu/남구,Daemyeong 3(sam)-dong/대명3동
Busan/부산,Nam-gu/남구,Daemyeong 4(sa)-dong/대명4동
Busan/부산,Nam-gu/남구,Daemyeong 5(o)-dong/대명5동
Busan/부산,Nam-gu/남구,Daemyeong 6(yuk)-dong/대명6동
Busan/부산,Nam-gu/남구,Daemyeong 9(gu)-dong/대명9동
Busan/부산,Nam-gu/남구,Daemyeong-dong/대명동
Busan/부산,Nam-gu/남구,Daeyeon 1(il)-dong/대연1동
Busan/부산,Nam-gu/남구,Daeyeon 2(i)-dong/대연2동
Busan/부산,Nam-gu/남구,Daeyeon 3(sam)-dong/대연3동
Busan/부산,Nam-gu/남구,Daeyeon 4(sa)-dong/대연4동
Busan/부산,Nam-gu/남구,Daeyeon 5(o)-dong/대연5동
Busan/부산,Nam-gu/남구,Daeyeon 6(yuk)-dong/대연6동
Busan/부산,Nam-gu/남구,Daeyeon-dong/대연동
Busan/부산,Nam-gu/남구,Dal-dong/달동
Busan/부산,Nam-gu/남구,Deoknam-dong/덕남동
Busan/부산,Nam-gu/남구,Dogeum-dong/도금동
Busan/부산,Nam-gu/남구,Dohwa 1(il)-dong/도화1동
Busan/부산,Nam-gu/남구,Dohwa 2(i)-dong/도화2동
Busan/부산,Nam-gu/남구,Dohwa 3(sam)-dong/도화3동
Busan/부산,Nam-gu/남구,Dohwa-dong/도화동
Busan/부산,Nam-gu/남구,Duwang-dong/두왕동
Busan/부산,Nam-gu/남구,Gaeun-dong/개운동
Busan/부산,Nam-gu/남구,Gamman 1(il)-dong/감만1동
Busan/부산,Nam-gu/남구,Gamman 2(i)-dong/감만2동
Busan/부산,Nam-gu/남구,Gamman-dong/감만동
Busan/부산,Nam-gu/남구,Gosa-dong/고사동
Busan/부산,Nam-gu/남구,Gu-dong/구동
Busan/부산,Nam-gu/남구,Guso-dong/구소동
Busan/부산,Nam-gu/남구,Gwangyo-dong/관교동
Busan/부산,Nam-gu/남구,Haengam-dong/행암동
Busan/부산,Nam-gu/남구,Hagig 1(il)-dong/학익1동
Busan/부산,Nam-gu/남구,Hagig 2(i)-dong/학익2동
Busan/부산,Nam-gu/남구,Hagik-dong/학익동
Busan/부산,Nam-gu/남구,Hwajang-dong/화장동
Busan/부산,Nam-gu/남구,Hwangseong-dong/황성동
Busan/부산,Nam-gu/남구,Icheon-dong/이천동
Busan/부산,Nam-gu/남구,Ijang-dong/이장동
Busan/부산,Nam-gu/남구,Imam-dong/임암동
Busan/부산,Nam-gu/남구,Jangsaengpo-dong/장생포동
Busan/부산,Nam-gu/남구,Jinwol-dong/진월동
Busan/부산,Nam-gu/남구,Jiseok-dong/지석동
Busan/부산,Nam-gu/남구,Juan 1(il)-dong/주안1동
Busan/부산,Nam-gu/남구,Juan 2(i)-dong/주안2동
Busan/부산,Nam-gu/남구,Juan 3(sam)-dong/주안3동
Busan/부산,Nam-gu/남구,Juan 4(sa)-dong/주안4동
Busan/부산,Nam-gu/남구,Juan 5(o)-dong/주안5동
Busan/부산,Nam-gu/남구,Juan 6(yuk)-dong/주안6동
Busan/부산,Nam-gu/남구,Juan 7(chil)-dong/주안7동
Busan/부산,Nam-gu/남구,Juan 8(pal)-dong/주안8동
Busan/부산,Nam-gu/남구,Juan-dong/주안동
Busan/부산,Nam-gu/남구,Juwol-dong/주월동
Busan/부산,Nam-gu/남구,Juwor 1(il)-dong/주월1동
Busan/부산,Nam-gu/남구,Juwor 2(i)-dong/주월2동
Busan/부산,Nam-gu/남구,Maeam-dong/매암동
Busan/부산,Nam-gu/남구,Mugeo-dong/무거동
Busan/부산,Nam-gu/남구,Munhak-dong/문학동
Busan/부산,Nam-gu/남구,Munhyeon 1(il)-dong/문현1동
Busan/부산,Nam-gu/남구,Munhyeon 2(i)-dong/문현2동
Busan/부산,Nam-gu/남구,Munhyeon 3(sam)-dong/문현3동
Busan/부산,Nam-gu/남구,Munhyeon 4(sa)-dong/문현4동
Busan/부산,Nam-gu/남구,Munhyeon-dong/문현동
Busan/부산,Nam-gu/남구,Namdaeguucheguksaseoham/남대구우체국사서함
Busan/부산,Nam-gu/남구,Namhwa-dong/남화동
Busan/부산,Nam-gu/남구,Namulsanucheguksaseoham/남울산우체국사서함
Busan/부산,Nam-gu/남구,Nodae-dong/노대동
Busan/부산,Nam-gu/남구,Ok-dong/옥동
Busan/부산,Nam-gu/남구,Sa-dong/사동
Busan/부산,Nam-gu/남구,Samsan-dong/삼산동
Busan/부산,Nam-gu/남구,Sanggae-dong/상개동
Busan/부산,Nam-gu/남구,Seo 1(il)-dong/서1동
Busan/부산,Nam-gu/남구,Seo 2(i)-dong/서2동
Busan/부산,Nam-gu/남구,Seo-dong/서동
Busan/부산,Nam-gu/남구,Seokjeong-dong/석정동
Busan/부산,Nam-gu/남구,Seonam-dong/선암동
Busan/부산,Nam-gu/남구,Seongam-dong/성암동
Busan/부산,Nam-gu/남구,Seungchon-dong/승촌동
Busan/부산,Nam-gu/남구,Sinjang-dong/신장동
Busan/부산,Nam-gu/남구,Sinjeong 1(il)-dong/신정1동
Busan/부산,Nam-gu/남구,Sinjeong 2(i)-dong/신정2동
Busan/부산,Nam-gu/남구,Sinjeong 3(sam)-dong/신정3동
Busan/부산,Nam-gu/남구,Sinjeong 4(sa)-dong/신정4동
Busan/부산,Nam-gu/남구,Sinjeong 5(o)-dong/신정5동
Busan/부산,Nam-gu/남구,Sinjeong-dong/신정동
Busan/부산,Nam-gu/남구,Songha-dong/송하동
Busan/부산,Nam-gu/남구,Sungui 1(il)-dong/숭의1동
Busan/부산,Nam-gu/남구,Sungui 2(i)-dong/숭의2동
Busan/부산,Nam-gu/남구,Sungui 3(sam)-dong/숭의3동
Busan/부산,Nam-gu/남구,Sungui 4(sa)-dong/숭의4동
Busan/부산,Nam-gu/남구,Sungui-dong/숭의동
Busan/부산,Nam-gu/남구,Uam 1(il)-dong/우암1동
Busan/부산,Nam-gu/남구,Uam 2(i)-dong/우암2동
Busan/부산,Nam-gu/남구,Uam-dong/우암동
Busan/부산,Nam-gu/남구,Wolsan 1(il)-dong/월산1동
Busan/부산,Nam-gu/남구,Wolsan 2(i)-dong/월산2동
Busan/부산,Nam-gu/남구,Wolsan 3(sam)-dong/월산3동
Busan/부산,Nam-gu/남구,Wolsan 4(sa)-dong/월산4동
Busan/부산,Nam-gu/남구,Wolsan 5(o)-dong/월산5동
Busan/부산,Nam-gu/남구,Wolsan-dong/월산동
Busan/부산,Nam-gu/남구,Wolseong-dong/월성동
Busan/부산,Nam-gu/남구,Wonsan-dong/원산동
Busan/부산,Nam-gu/남구,Yaeum-dong/야음동
Busan/부산,Nam-gu/남구,Yangchon-dong/양촌동
Busan/부산,Nam-gu/남구,Yanggwa-dong/양과동
Busan/부산,Nam-gu/남구,Yangrim-dong/양림동
Busan/부산,Nam-gu/남구,Yeocheon-dong/여천동
Busan/부산,Nam-gu/남구,Yongdang-dong/용당동
Busan/부산,Nam-gu/남구,Yongho 1(il)-dong/용호1동
Busan/부산,Nam-gu/남구,Yongho 2(i)-dong/용호2동
Busan/부산,Nam-gu/남구,Yongho 3(sam)-dong/용호3동
Busan/부산,Nam-gu/남구,Yongho 4(sa)-dong/용호4동
Busan/부산,Nam-gu/남구,Yongho-dong/용호동
Busan/부산,Nam-gu/남구,Yonghyeon 1(il)-dong/용현1동
Busan/부산,Nam-gu/남구,Yonghyeon 2(i)-dong/용현2동
Busan/부산,Nam-gu/남구,Yonghyeon 3(sam)-dong/용현3동
Busan/부산,Nam-gu/남구,Yonghyeon 4(sa)-dong/용현4동
Busan/부산,Nam-gu/남구,Yonghyeon 5(o)-dong/용현5동
Busan/부산,Nam-gu/남구,Yonghyeon-dong/용현동
Busan/부산,Nam-gu/남구,Yongjam-dong/용잠동
Busan/부산,Nam-gu/남구,Yongyeon-dong/용연동
Busan/부산,Saha-gu/사하구,Busansahaucheguksaseoham/부산사하우체국사서함
Busan/부산,Saha-gu/사하구,Dadae 1(il)-dong/다대1동
Busan/부산,Saha-gu/사하구,Dadae 2(i)-dong/다대2동
Busan/부산,Saha-gu/사하구,Dadae-dong/다대동
Busan/부산,Saha-gu/사하구,Dangri-dong/당리동
Busan/부산,Saha-gu/사하구,Gamcheon 1(il)-dong/감천1동
Busan/부산,Saha-gu/사하구,Gamcheon 2(i)-dong/감천2동
Busan/부산,Saha-gu/사하구,Gamcheon-dong/감천동
Busan/부산,Saha-gu/사하구,Goejeong 1(il)-dong/괴정1동
Busan/부산,Saha-gu/사하구,Goejeong 2(i)-dong/괴정2동
Busan/부산,Saha-gu/사하구,Goejeong 3(sam)-dong/괴정3동
Busan/부산,Saha-gu/사하구,Goejeong 4(sa)-dong/괴정4동
Busan/부산,Saha-gu/사하구,Goejeong-dong/괴정동
Busan/부산,Saha-gu/사하구,Gupyeong-dong/구평동
Busan/부산,Saha-gu/사하구,Hadan 1(il)-dong/하단1동
Busan/부산,Saha-gu/사하구,Hadan 2(i)-dong/하단2동
Busan/부산,Saha-gu/사하구,Hadan-dong/하단동
Busan/부산,Saha-gu/사하구,Jangrim 1(il)-dong/장림1동
Busan/부산,Saha-gu/사하구,Jangrim 2(i)-dong/장림2동
Busan/부산,Saha-gu/사하구,Jangrim-dong/장림동
Busan/부산,Saha-gu/사하구,Sinpyeong 1(il)-dong/신평1동
Busan/부산,Saha-gu/사하구,Sinpyeong 2(i)-dong/신평2동
Busan/부산,Saha-gu/사하구,Sinpyeong-dong/신평동
Busan/부산,Sasang-gu/사상구,Busansasangucheguksaseoham/부산사상우체국사서함
Busan/부산,Sasang-gu/사상구,Deokpo 1(il)-dong/덕포1동
Busan/부산,Sasang-gu/사상구,Deokpo 2(i)-dong/덕포2동
Busan/부산,Sasang-gu/사상구,Deokpo-dong/덕포동
Busan/부산,Sasang-gu/사상구,Eomgung-dong/엄궁동
Busan/부산,Sasang-gu/사상구,Gamjeon-dong/감전동
Busan/부산,Sasang-gu/사상구,Gwaebeop-dong/괘법동
Busan/부산,Sasang-gu/사상구,Hakjang-dong/학장동
Busan/부산,Sasang-gu/사상구,Jurye 1(il)-dong/주례1동
Busan/부산,Sasang-gu/사상구,Jurye 2(i)-dong/주례2동
Busan/부산,Sasang-gu/사상구,Jurye 3(sam)-dong/주례3동
Busan/부산,Sasang-gu/사상구,Jurye-dong/주례동
Busan/부산,Sasang-gu/사상구,Mora 1(il)-dong/모라1동
Busan/부산,Sasang-gu/사상구,Mora 3(sam)-dong/모라3동
Busan/부산,Sasang-gu/사상구,Mora-dong/모라동
Busan/부산,Sasang-gu/사상구,Samrak-dong/삼락동
Busan/부산,Seo-gu/서구,Amidong 1(il)-ga/아미동1가
Busan/부산,Seo-gu/서구,Amidong 2(i)-ga/아미동2가
Busan/부산,Seo-gu/서구,Ami-dong/아미동
Busan/부산,Seo-gu/서구,Amnam-dong/암남동
Busan/부산,Seo-gu/서구,Baekseok-dong/백석동
Busan/부산,Seo-gu/서구,Bisan 1(il)-dong/비산1동
Busan/부산,Seo-gu/서구,Bisan 2.3-dong/비산2.3동
Busan/부산,Seo-gu/서구,Bisan 4(sa)-dong/비산4동
Busan/부산,Seo-gu/서구,Bisan 5(o)-dong/비산5동
Busan/부산,Seo-gu/서구,Bisan 6(yuk)-dong/비산6동
Busan/부산,Seo-gu/서구,Bisan 7(chil)-dong/비산7동
Busan/부산,Seo-gu/서구,Bisan-dong/비산동
Busan/부산,Seo-gu/서구,Boksu-dong/복수동
Busan/부산,Seo-gu/서구,Bonggok-dong/봉곡동
Busan/부산,Seo-gu/서구,Bullo-dong/불로동
Busan/부산,Seo-gu/서구,Bumindong 1(il)-ga/부민동1가
Busan/부산,Seo-gu/서구,Bumindong 2(i)-ga/부민동2가
Busan/부산,Seo-gu/서구,Bumindong 3(sam)-ga/부민동3가
Busan/부산,Seo-gu/서구,Bumin-dong/부민동
Busan/부산,Seo-gu/서구,Buyongdong 1(il)-ga/부용동1가
Busan/부산,Seo-gu/서구,Buyongdong 2(i)-ga/부용동2가
Busan/부산,Seo-gu/서구,Buyong-dong/부용동
Busan/부산,Seo-gu/서구,Byeokjin-dong/벽진동
Busan/부산,Seo-gu/서구,Byeon-dong/변동
Busan/부산,Seo-gu/서구,Chipyeong-dong/치평동
Busan/부산,Seo-gu/서구,Chojang-dong/초장동
Busan/부산,Seo-gu/서구,Chungmudong 1(il)-ga/충무동1가
Busan/부산,Seo-gu/서구,Chungmudong 2(i)-ga/충무동2가
Busan/부산,Seo-gu/서구,Chungmudong 3(sam)-ga/충무동3가
Busan/부산,Seo-gu/서구,Chungmu-dong/충무동
Busan/부산,Seo-gu/서구,Daegok-dong/대곡동
Busan/부산,Seo-gu/서구,Daejeondunsanucheguksaseoham/대전둔산우체국사서함
Busan/부산,Seo-gu/서구,Dangha-dong/당하동
Busan/부산,Seo-gu/서구,Deokheung-dong/덕흥동
Busan/부산,Seo-gu/서구,Doan-dong/도안동
Busan/부산,Seo-gu/서구,Doma 1(il)-dong/도마1동
Busan/부산,Seo-gu/서구,Doma 2(i)-dong/도마2동
Busan/부산,Seo-gu/서구,Doma-dong/도마동
Busan/부산,Seo-gu/서구,Dongdaesindong 1(il)-ga/동대신동1가
Busan/부산,Seo-gu/서구,Dongdaesindong 2(i)-ga/동대신동2가
Busan/부산,Seo-gu/서구,Dongdaesindong 3(sam)-ga/동대신동3가
Busan/부산,Seo-gu/서구,Dunsan 1(il)-dong/둔산1동
Busan/부산,Seo-gu/서구,Dunsan 2(i)-dong/둔산2동
Busan/부산,Seo-gu/서구,Dunsan-dong/둔산동
Busan/부산,Seo-gu/서구,Gajang-dong/가장동
Busan/부산,Seo-gu/서구,Gajeong 1(il)-dong/가정1동
Busan/부산,Seo-gu/서구,Gajeong 2(i)-dong/가정2동
Busan/부산,Seo-gu/서구,Gajeong 3(sam)-dong/가정3동
Busan/부산,Seo-gu/서구,Gajeong-dong/가정동
Busan/부산,Seo-gu/서구,Gajwa 1(il)-dong/가좌1동
Busan/부산,Seo-gu/서구,Gajwa 2(i)-dong/가좌2동
Busan/부산,Seo-gu/서구,Gajwa 3(sam)-dong/가좌3동
Busan/부산,Seo-gu/서구,Gajwa 4(sa)-dong/가좌4동
Busan/부산,Seo-gu/서구,Gajwa-dong/가좌동
Busan/부산,Seo-gu/서구,Galma 1(il)-dong/갈마1동
Busan/부산,Seo-gu/서구,Galma 2(i)-dong/갈마2동
Busan/부산,Seo-gu/서구,Galma-dong/갈마동
Busan/부산,Seo-gu/서구,Gasuwon-dong/가수원동
Busan/부산,Seo-gu/서구,Geomam-dong/검암동
Busan/부산,Seo-gu/서구,Geumgok-dong/금곡동
Busan/부산,Seo-gu/서구,Geumho-dong/금호동
Busan/부산,Seo-gu/서구,Goegok-dong/괴곡동
Busan/부산,Seo-gu/서구,Goejeong-dong/괴정동
Busan/부산,Seo-gu/서구,Gongchon-dong/공촌동
Busan/부산,Seo-gu/서구,Gwangcheon-dong/광천동
Busan/부산,Seo-gu/서구,Gwanjeo 1(il)-dong/관저1동
Busan/부산,Seo-gu/서구,Gwanjeo 2(i)-dong/관저2동
Busan/부산,Seo-gu/서구,Gwanjeo-dong/관저동
Busan/부산,Seo-gu/서구,Gyeongseo-dong/경서동
Busan/부산,Seo-gu/서구,Heukseok-dong/흑석동
Busan/부산,Seo-gu/서구,Hwajeong 1(il)-dong/화정1동
Busan/부산,Seo-gu/서구,Hwajeong 2(i)-dong/화정2동
Busan/부산,Seo-gu/서구,Hwajeong 3(sam)-dong/화정3동
Busan/부산,Seo-gu/서구,Hwajeong 4(sa)-dong/화정4동
Busan/부산,Seo-gu/서구,Hwajeong-dong/화정동
Busan/부산,Seo-gu/서구,Ihyeon-dong/이현동
Busan/부산,Seo-gu/서구,Jangan-dong/장안동
Busan/부산,Seo-gu/서구,Jeongrim-dong/정림동
Busan/부산,Seo-gu/서구,Jungri-dong/중리동
Busan/부산,Seo-gu/서구,Maeno-dong/매노동
Busan/부산,Seo-gu/서구,Maewol-dong/매월동
Busan/부산,Seo-gu/서구,Majeon-dong/마전동
Busan/부산,Seo-gu/서구,Mannyeon-dong/만년동
Busan/부산,Seo-gu/서구,Mareuk-dong/마륵동
Busan/부산,Seo-gu/서구,Naebang-dong/내방동
Busan/부산,Seo-gu/서구,Naedang 1(il)-dong/내당1동
Busan/부산,Seo-gu/서구,Naedang 2.3-dong/내당2.3동
Busan/부산,Seo-gu/서구,Naedang 4(sa)-dong/내당4동
Busan/부산,Seo-gu/서구,Naedang-dong/내당동
Busan/부산,Seo-gu/서구,Nae-dong/내동
Busan/부산,Seo-gu/서구,Nambumin 1(il)-dong/남부민1동
Busan/부산,Seo-gu/서구,Nambumin 2(i)-dong/남부민2동
Busan/부산,Seo-gu/서구,Nambumin-dong/남부민동
Busan/부산,Seo-gu/서구,Nongseong 1(il)-dong/농성1동
Busan/부산,Seo-gu/서구,Nongseong 2(i)-dong/농성2동
Busan/부산,Seo-gu/서구,Nongseong-dong/농성동
Busan/부산,Seo-gu/서구,O-dong/오동
Busan/부산,Seo-gu/서구,Oryu-dong/오류동
Busan/부산,Seo-gu/서구,Pungam-dong/풍암동
Busan/부산,Seo-gu/서구,Pyeongchon-dong/평촌동
Busan/부산,Seo-gu/서구,Pyeongri 1(il)-dong/평리1동
Busan/부산,Seo-gu/서구,Pyeongri 2(i)-dong/평리2동
Busan/부산,Seo-gu/서구,Pyeongri 3(sam)-dong/평리3동
Busan/부산,Seo-gu/서구,Pyeongri 4(sa)-dong/평리4동
Busan/부산,Seo-gu/서구,Pyeongri 5(o)-dong/평리5동
Busan/부산,Seo-gu/서구,Pyeongri 6(yuk)-dong/평리6동
Busan/부산,Seo-gu/서구,Pyeongri-dong/평리동
Busan/부산,Seo-gu/서구,Samcheon-dong/삼천동
Busan/부산,Seo-gu/서구,Sangmu 1(il)-dong/상무1동
Busan/부산,Seo-gu/서구,Sangmu 2(i)-dong/상무2동
Busan/부산,Seo-gu/서구,Sangmu-dong/상무동
Busan/부산,Seo-gu/서구,Sangri-dong/상리동
Busan/부산,Seo-gu/서구,Sanjik-dong/산직동
Busan/부산,Seo-gu/서구,Seha-dong/세하동
Busan/부산,Seo-gu/서구,Seochang-dong/서창동
Busan/부산,Seo-gu/서구,Seodaeguucheguksaseoham/서대구우체국사서함
Busan/부산,Seo-gu/서구,Seodaesindong 1(il)-ga/서대신동1가
Busan/부산,Seo-gu/서구,Seodaesindong 2(i)-ga/서대신동2가
Busan/부산,Seo-gu/서구,Seodaesindong 3(sam)-ga/서대신동3가
Busan/부산,Seo-gu/서구,Seogwangjuucheguksaseoham/서광주우체국사서함
Busan/부산,Seo-gu/서구,Seoincheonucheguksaseoham/서인천우체국사서함
Busan/부산,Seo-gu/서구,Seoknam 1(il)-dong/석남1동
Busan/부산,Seo-gu/서구,Seoknam 2(i)-dong/석남2동
Busan/부산,Seo-gu/서구,Seoknam 3(sam)-dong/석남3동
Busan/부산,Seo-gu/서구,Seoknam-dong/석남동
Busan/부산,Seo-gu/서구,Sicheon-dong/시천동
Busan/부산,Seo-gu/서구,Simgok-dong/심곡동
Busan/부산,Seo-gu/서구,Sinhyeon-dong/신현동
Busan/부산,Seo-gu/서구,Ssangchon-dong/쌍촌동
Busan/부산,Seo-gu/서구,Tanbang-dong/탄방동
Busan/부산,Seo-gu/서구,Toseongdong 1(il)-ga/토성동1가
Busan/부산,Seo-gu/서구,Toseongdong 2(i)-ga/토성동2가
Busan/부산,Seo-gu/서구,Toseongdong 3(sam)-ga/토성동3가
Busan/부산,Seo-gu/서구,Toseongdong 4(sa)-ga/토성동4가
Busan/부산,Seo-gu/서구,Toseongdong 5(o)-ga/토성동5가
Busan/부산,Seo-gu/서구,Toseong-dong/토성동
Busan/부산,Seo-gu/서구,Umyeong-dong/우명동
Busan/부산,Seo-gu/서구,Wanggil-dong/왕길동
Busan/부산,Seo-gu/서구,Wolpyeong 1(il)-dong/월평1동
Busan/부산,Seo-gu/서구,Wolpyeong 2(i)-dong/월평2동
Busan/부산,Seo-gu/서구,Wolpyeong 3(sam)-dong/월평3동
Busan/부산,Seo-gu/서구,Wolpyeong-dong/월평동
Busan/부산,Seo-gu/서구,Wonchang-dong/원창동
Busan/부산,Seo-gu/서구,Wondaedong 1(il)-ga/원대동1가
Busan/부산,Seo-gu/서구,Wondaedong 2(i)-ga/원대동2가
Busan/부산,Seo-gu/서구,Wondaedong 3(sam)-ga/원대동3가
Busan/부산,Seo-gu/서구,Wondang-dong/원당동
Busan/부산,Seo-gu/서구,Wonjeong-dong/원정동
Busan/부산,Seo-gu/서구,Yang 1(il)-dong/양1동
Busan/부산,Seo-gu/서구,Yang 2(i)-dong/양2동
Busan/부산,Seo-gu/서구,Yang 3(sam)-dong/양3동
Busan/부산,Seo-gu/서구,Yang-dong/양동
Busan/부산,Seo-gu/서구,Yeonhui-dong/연희동
Busan/부산,Seo-gu/서구,Yongchon-dong/용촌동
Busan/부산,Seo-gu/서구,Yongdu-dong/용두동
Busan/부산,Seo-gu/서구,Yongmun-dong/용문동
Busan/부산,Seo-gu/서구,Yuchon-dong/유촌동
Busan/부산,Suyeong-gu/수영구,Gwangan 1(il)-dong/광안1동
Busan/부산,Suyeong-gu/수영구,Gwangan 2(i)-dong/광안2동
Busan/부산,Suyeong-gu/수영구,Gwangan 3(sam)-dong/광안3동
Busan/부산,Suyeong-gu/수영구,Gwangan 4(sa)-dong/광안4동
Busan/부산,Suyeong-gu/수영구,Gwangan-dong/광안동
Busan/부산,Suyeong-gu/수영구,Mangmi 1(il)-dong/망미1동
Busan/부산,Suyeong-gu/수영구,Mangmi 2(i)-dong/망미2동
Busan/부산,Suyeong-gu/수영구,Mangmi-dong/망미동
Busan/부산,Suyeong-gu/수영구,Minrak-dong/민락동
Busan/부산,Suyeong-gu/수영구,Nambusanucheguksaseoham/남부산우체국사서함
Busan/부산,Suyeong-gu/수영구,Namcheon 1(il)-dong/남천1동
Busan/부산,Suyeong-gu/수영구,Namcheon 2(i)-dong/남천2동
Busan/부산,Suyeong-gu/수영구,Namcheon-dong/남천동
Busan/부산,Suyeong-gu/수영구,Suyeong-dong/수영동
Busan/부산,Yeongdo-gu/영도구,Bongraedong 1(il)-ga/봉래동1가
Busan/부산,Yeongdo-gu/영도구,Bongraedong 2(i)-ga/봉래동2가
Busan/부산,Yeongdo-gu/영도구,Bongraedong 3(sam)-ga/봉래동3가
Busan/부산,Yeongdo-gu/영도구,Bongraedong 4(sa)-ga/봉래동4가
Busan/부산,Yeongdo-gu/영도구,Bongraedong 5(o)-ga/봉래동5가
Busan/부산,Yeongdo-gu/영도구,Bongrae-dong/봉래동
Busan/부산,Yeongdo-gu/영도구,Busanyeongdoucheguksaseoham/부산영도우체국사서함
Busan/부산,Yeongdo-gu/영도구,Cheonghag 1(il)-dong/청학1동
Busan/부산,Yeongdo-gu/영도구,Cheonghag 2(i)-dong/청학2동
Busan/부산,Yeongdo-gu/영도구,Cheonghak-dong/청학동
Busan/부산,Yeongdo-gu/영도구,Daegyodong 1(il)-ga/대교동1가
Busan/부산,Yeongdo-gu/영도구,Daegyodong 2(i)-ga/대교동2가
Busan/부산,Yeongdo-gu/영도구,Daegyo-dong/대교동
Busan/부산,Yeongdo-gu/영도구,Daepyeongdong 1(il)-ga/대평동1가
Busan/부산,Yeongdo-gu/영도구,Daepyeongdong 2(i)-ga/대평동2가
Busan/부산,Yeongdo-gu/영도구,Daepyeong-dong/대평동
Busan/부산,Yeongdo-gu/영도구,Dongsam 1(il)-dong/동삼1동
Busan/부산,Yeongdo-gu/영도구,Dongsam 2(i)-dong/동삼2동
Busan/부산,Yeongdo-gu/영도구,Dongsam 3(sam)-dong/동삼3동
Busan/부산,Yeongdo-gu/영도구,Dongsam-dong/동삼동
Busan/부산,Yeongdo-gu/영도구,Namhangdong 1(il)-ga/남항동1가
Busan/부산,Yeongdo-gu/영도구,Namhangdong 2(i)-ga/남항동2가
Busan/부산,Yeongdo-gu/영도구,Namhangdong 3(sam)-ga/남항동3가
Busan/부산,Yeongdo-gu/영도구,Namhang-dong/남항동
Busan/부산,Yeongdo-gu/영도구,Sinseondong 1(il)-ga/신선동1가
Busan/부산,Yeongdo-gu/영도구,Sinseondong 2(i)-ga/신선동2가
Busan/부산,Yeongdo-gu/영도구,Sinseondong 3(sam)-ga/신선동3가
Busan/부산,Yeongdo-gu/영도구,Sinseon-dong/신선동
Busan/부산,Yeongdo-gu/영도구,Yeongseondong 1(il)-ga/영선동1가
Busan/부산,Yeongdo-gu/영도구,Yeongseondong 2(i)-ga/영선동2가
Busan/부산,Yeongdo-gu/영도구,Yeongseondong 3(sam)-ga/영선동3가
Busan/부산,Yeongdo-gu/영도구,Yeongseondong 4(sa)-ga/영선동4가
Busan/부산,Yeongdo-gu/영도구,Yeongseon-dong/영선동
Busan/부산,Yeonje-gu/연제구,Geoje 1(il)-dong/거제1동
Busan/부산,Yeonje-gu/연제구,Geoje 2(i)-dong/거제2동
Busan/부산,Yeonje-gu/연제구,Geoje 3(sam)-dong/거제3동
Busan/부산,Yeonje-gu/연제구,Geoje 4(sa)-dong/거제4동
Busan/부산,Yeonje-gu/연제구,Geoje-dong/거제동
Busan/부산,Yeonje-gu/연제구,Yeonsan 1(il)-dong/연산1동
Busan/부산,Yeonje-gu/연제구,Yeonsan 2(i)-dong/연산2동
Busan/부산,Yeonje-gu/연제구,Yeonsan 3(sam)-dong/연산3동
Busan/부산,Yeonje-gu/연제구,Yeonsan 4(sa)-dong/연산4동
Busan/부산,Yeonje-gu/연제구,Yeonsan 5(o)-dong/연산5동
Busan/부산,Yeonje-gu/연제구,Yeonsan 6(yuk)-dong/연산6동
Busan/부산,Yeonje-gu/연제구,Yeonsan 8(pal)-dong/연산8동
Busan/부산,Yeonje-gu/연제구,Yeonsan 9(gu)-dong/연산9동
Busan/부산,Yeonje-gu/연제구,Yeonsan-dong/연산동
Chungcheongnam-do/충남,Asan-si/아산시,Asanucheguksaseoham/아산우체국사서함
Chungcheongnam-do/충남,Asan-si/아산시,Baebang-myeon/배방면
Chungcheongnam-do/충남,Asan-si/아산시,Baemi-dong/배미동
Chungcheongnam-do/충남,Asan-si/아산시,Bangchuk-dong/방축동
Chungcheongnam-do/충남,Asan-si/아산시,Beopgok-dong/법곡동
Chungcheongnam-do/충남,Asan-si/아산시,Chosa-dong/초사동
Chungcheongnam-do/충남,Asan-si/아산시,Deuksan-dong/득산동
Chungcheongnam-do/충남,Asan-si/아산시,Dogo-myeon/도고면
Chungcheongnam-do/충남,Asan-si/아산시,Dunpo-myeon/둔포면
Chungcheongnam-do/충남,Asan-si/아산시,Eumbong-myeon/음봉면
Chungcheongnam-do/충남,Asan-si/아산시,Eupnae-dong/읍내동
Chungcheongnam-do/충남,Asan-si/아산시,Gisan-dong/기산동
Chungcheongnam-do/충남,Asan-si/아산시,Gwongok-dong/권곡동
Chungcheongnam-do/충남,Asan-si/아산시,Inju-myeon/인주면
Chungcheongnam-do/충남,Asan-si/아산시,Jangjon-dong/장존동
Chungcheongnam-do/충남,Asan-si/아산시,Jeomyang-dong/점양동
Chungcheongnam-do/충남,Asan-si/아산시,Jwabu-dong/좌부동
Chungcheongnam-do/충남,Asan-si/아산시,Mojong-dong/모종동
Chungcheongnam-do/충남,Asan-si/아산시,Nam-dong/남동
Chungcheongnam-do/충남,Asan-si/아산시,Oncheon 1(il)-dong/온천1동
Chungcheongnam-do/충남,Asan-si/아산시,Oncheon 2(i)-dong/온천2동
Chungcheongnam-do/충남,Asan-si/아산시,Oncheon-dong/온천동
Chungcheongnam-do/충남,Asan-si/아산시,Punggi-dong/풍기동
Chungcheongnam-do/충남,Asan-si/아산시,Seonjang-myeon/선장면
Chungcheongnam-do/충남,Asan-si/아산시,Sinchang-myeon/신창면
Chungcheongnam-do/충남,Asan-si/아산시,Sin-dong/신동
Chungcheongnam-do/충남,Asan-si/아산시,Sinin-dong/신인동
Chungcheongnam-do/충남,Asan-si/아산시,Sirok-dong/실옥동
Chungcheongnam-do/충남,Asan-si/아산시,Songak-myeon/송악면
Chungcheongnam-do/충남,Asan-si/아산시,Tangjeong-myeon/탕정면
Chungcheongnam-do/충남,Asan-si/아산시,Yeomchi-eup/염치읍
Chungcheongnam-do/충남,Asan-si/아산시,Yeongin-myeon/영인면
Chungcheongnam-do/충남,Asan-si/아산시,Yonghwa-dong/용화동
Chungcheongnam-do/충남,Boryeong-si/보령시,Boryeongucheguksaseoham/보령우체국사서함
Chungcheongnam-do/충남,Boryeong-si/보령시,Cheonbuk-myeon/천북면
Chungcheongnam-do/충남,Boryeong-si/보령시,Cheongra-myeon/청라면
Chungcheongnam-do/충남,Boryeong-si/보령시,Cheongso-myeon/청소면
Chungcheongnam-do/충남,Boryeong-si/보령시,Daecheon 1(il)-dong/대천1동
Chungcheongnam-do/충남,Boryeong-si/보령시,Daecheon 2(i)-dong/대천2동
Chungcheongnam-do/충남,Boryeong-si/보령시,Daecheon-dong/대천동
Chungcheongnam-do/충남,Boryeong-si/보령시,Dongdae-dong/동대동
Chungcheongnam-do/충남,Boryeong-si/보령시,Gungchon-dong/궁촌동
Chungcheongnam-do/충남,Boryeong-si/보령시,Hwasan-dong/화산동
Chungcheongnam-do/충남,Boryeong-si/보령시,Jugyo-myeon/주교면
Chungcheongnam-do/충남,Boryeong-si/보령시,Jukjeong-dong/죽정동
Chungcheongnam-do/충남,Boryeong-si/보령시,Jupo-myeon/주포면
Chungcheongnam-do/충남,Boryeong-si/보령시,Jusan-myeon/주산면
Chungcheongnam-do/충남,Boryeong-si/보령시,Misan-myeon/미산면
Chungcheongnam-do/충남,Boryeong-si/보령시,Myeongcheon-dong/명천동
Chungcheongnam-do/충남,Boryeong-si/보령시,Naehang-dong/내항동
Chungcheongnam-do/충남,Boryeong-si/보령시,Namgok-dong/남곡동
Chungcheongnam-do/충남,Boryeong-si/보령시,Nampo-myeon/남포면
Chungcheongnam-do/충남,Boryeong-si/보령시,Ocheon-myeon/오천면
Chungcheongnam-do/충남,Boryeong-si/보령시,Seongju-myeon/성주면
Chungcheongnam-do/충남,Boryeong-si/보령시,Sinheuk-dong/신흑동
Chungcheongnam-do/충남,Boryeong-si/보령시,Ungcheon-eup/웅천읍
Chungcheongnam-do/충남,Boryeong-si/보령시,Yoam-dong/요암동
Chungcheongnam-do/충남,Buyeo-gun/부여군,Buyeo-eup/부여읍
Chungcheongnam-do/충남,Buyeo-gun/부여군,Chochon-myeon/초촌면
Chungcheongnam-do/충남,Buyeo-gun/부여군,Chunghwa-myeon/충화면
Chungcheongnam-do/충남,Buyeo-gun/부여군,Eunsan-myeon/은산면
Chungcheongnam-do/충남,Buyeo-gun/부여군,Guryong-myeon/구룡면
Chungcheongnam-do/충남,Buyeo-gun/부여군,Gyuam-myeon/규암면
Chungcheongnam-do/충남,Buyeo-gun/부여군,Hongsan-myeon/홍산면
Chungcheongnam-do/충남,Buyeo-gun/부여군,Imcheon-myeon/임천면
Chungcheongnam-do/충남,Buyeo-gun/부여군,Jangam-myeon/장암면
Chungcheongnam-do/충남,Buyeo-gun/부여군,Naesan-myeon/내산면
Chungcheongnam-do/충남,Buyeo-gun/부여군,Nam-myeon/남면
Chungcheongnam-do/충남,Buyeo-gun/부여군,Oesan-myeon/외산면
Chungcheongnam-do/충남,Buyeo-gun/부여군,Oksan-myeon/옥산면
Chungcheongnam-do/충남,Buyeo-gun/부여군,Sedo-myeon/세도면
Chungcheongnam-do/충남,Buyeo-gun/부여군,Seokseong-myeon/석성면
Chungcheongnam-do/충남,Buyeo-gun/부여군,Yanghwa-myeon/양화면
Chungcheongnam-do/충남,Cheongyang-gun/청양군,Bibong-myeon/비봉면
Chungcheongnam-do/충남,Cheongyang-gun/청양군,Cheongnam-myeon/청남면
Chungcheongnam-do/충남,Cheongyang-gun/청양군,Cheongyang-eup/청양읍
Chungcheongnam-do/충남,Cheongyang-gun/청양군,Daechi-myeon/대치면
Chungcheongnam-do/충남,Cheongyang-gun/청양군,Hwaseong-myeon/화성면
Chungcheongnam-do/충남,Cheongyang-gun/청양군,Jangpyeong-myeon/장평면
Chungcheongnam-do/충남,Cheongyang-gun/청양군,Jeongsan-myeon/정산면
Chungcheongnam-do/충남,Cheongyang-gun/청양군,Mok-myeon/목면
Chungcheongnam-do/충남,Cheongyang-gun/청양군,Namyang-myeon/남양면
Chungcheongnam-do/충남,Cheongyang-gun/청양군,Ungok-myeon/운곡면
Chungcheongnam-do/충남,Dangjin-gun/당진군,Daehoji-myeon/대호지면
Chungcheongnam-do/충남,Dangjin-gun/당진군,Dangjin-eup/당진읍
Chungcheongnam-do/충남,Dangjin-gun/당진군,Godae-myeon/고대면
Chungcheongnam-do/충남,Dangjin-gun/당진군,Hapdeog-eup/합덕읍
Chungcheongnam-do/충남,Dangjin-gun/당진군,Jeongmi-myeon/정미면
Chungcheongnam-do/충남,Dangjin-gun/당진군,Myeoncheon-myeon/면천면
Chungcheongnam-do/충남,Dangjin-gun/당진군,Seokmun-myeon/석문면
Chungcheongnam-do/충남,Dangjin-gun/당진군,Sinpyeong-myeon/신평면
Chungcheongnam-do/충남,Dangjin-gun/당진군,Songak-myeon/송악면
Chungcheongnam-do/충남,Dangjin-gun/당진군,Songsan-myeon/송산면
Chungcheongnam-do/충남,Dangjin-gun/당진군,Sunseong-myeon/순성면
Chungcheongnam-do/충남,Dangjin-gun/당진군,Ugang-myeon/우강면
Chungcheongnam-do/충남,Dongnam-gu Cheonan-si/천안시 동남구,Anseo-dong/안서동
Chungcheongnam-do/충남,Dongnam-gu Cheonan-si/천안시 동남구,Bongmyeong-dong/봉명동
Chungcheongnam-do/충남,Dongnam-gu Cheonan-si/천안시 동남구,Buk-myeon/북면
Chungcheongnam-do/충남,Dongnam-gu Cheonan-si/천안시 동남구,Byeongcheon-myeon/병천면
Chungcheongnam-do/충남,Dongnam-gu Cheonan-si/천안시 동남구,Cheonanucheguksaseoham/천안우체국사서함
Chungcheongnam-do/충남,Dongnam-gu Cheonan-si/천안시 동남구,Cheongdang-dong/청당동
Chungcheongnam-do/충남,Dongnam-gu Cheonan-si/천안시 동남구,Cheongsu-dong/청수동
Chungcheongnam-do/충남,Dongnam-gu Cheonan-si/천안시 동남구,Daeheung-dong/대흥동
Chungcheongnam-do/충남,Dongnam-gu Cheonan-si/천안시 동남구,Daga-dong/다가동
Chungcheongnam-do/충남,Dongnam-gu Cheonan-si/천안시 동남구,Dong-myeon/동면
Chungcheongnam-do/충남,Dongnam-gu Cheonan-si/천안시 동남구,Guryong-dong/구룡동
Chungcheongnam-do/충남,Dongnam-gu Cheonan-si/천안시 동남구,Guseong-dong/구성동
Chungcheongnam-do/충남,Dongnam-gu Cheonan-si/천안시 동남구,Gwangdeok-myeon/광덕면
Chungcheongnam-do/충남,Dongnam-gu Cheonan-si/천안시 동남구,Mokcheon-eup/목천읍
Chungcheongnam-do/충남,Dongnam-gu Cheonan-si/천안시 동남구,Munhwa-dong/문화동
Chungcheongnam-do/충남,Dongnam-gu Cheonan-si/천안시 동남구,Oryong-dong/오룡동
Chungcheongnam-do/충남,Dongnam-gu Cheonan-si/천안시 동남구,Pungse-myeon/풍세면
Chungcheongnam-do/충남,Dongnam-gu Cheonan-si/천안시 동남구,Sajik-dong/사직동
Chungcheongnam-do/충남,Dongnam-gu Cheonan-si/천안시 동남구,Samryong-dong/삼룡동
Chungcheongnam-do/충남,Dongnam-gu Cheonan-si/천안시 동남구,Seonghwang-dong/성황동
Chungcheongnam-do/충남,Dongnam-gu Cheonan-si/천안시 동남구,Seongnam-myeon/성남면
Chungcheongnam-do/충남,Dongnam-gu Cheonan-si/천안시 동남구,Sinbang-dong/신방동
Chungcheongnam-do/충남,Dongnam-gu Cheonan-si/천안시 동남구,Sinbu-dong/신부동
Chungcheongnam-do/충남,Dongnam-gu Cheonan-si/천안시 동남구,Susin-myeon/수신면
Chungcheongnam-do/충남,Dongnam-gu Cheonan-si/천안시 동남구,Wonseong 1(il)-dong/원성1동
Chungcheongnam-do/충남,Dongnam-gu Cheonan-si/천안시 동남구,Wonseong 2(i)-dong/원성2동
Chungcheongnam-do/충남,Dongnam-gu Cheonan-si/천안시 동남구,Wonseong-dong/원성동
Chungcheongnam-do/충남,Dongnam-gu Cheonan-si/천안시 동남구,Yeongseong-dong/영성동
Chungcheongnam-do/충남,Dongnam-gu Cheonan-si/천안시 동남구,Yonggok-dong/용곡동
Chungcheongnam-do/충남,Dongnam-gu Cheonan-si/천안시 동남구,Yuryang-dong/유량동
Daegu/대구,Buk-gu/북구,Bokhyeon 1(il)-dong/복현1동
Daegu/대구,Buk-gu/북구,Bokhyeon 2(i)-dong/복현2동
Daegu/대구,Buk-gu/북구,Bokhyeon-dong/복현동
Daegu/대구,Buk-gu/북구,Bonchon-dong/본촌동
Daegu/대구,Buk-gu/북구,Bukbusanucheguksaseoham/북부산우체국사서함
Daegu/대구,Buk-gu/북구,Bukdaeguucheguksaseoham/북대구우체국사서함
Daegu/대구,Buk-gu/북구,Buk-dong/북동
Daegu/대구,Buk-gu/북구,Bukgwangjuucheguksaseoham/북광주우체국사서함
Daegu/대구,Buk-gu/북구,Changpyeong-dong/창평동
Daegu/대구,Buk-gu/북구,Cheongok-dong/천곡동
Daegu/대구,Buk-gu/북구,Cheongpung-dong/청풍동
Daegu/대구,Buk-gu/북구,Chilseongdong 1(il)-ga/칠성동1가
Daegu/대구,Buk-gu/북구,Chilseongdong 2(i)-ga/칠성동2가
Daegu/대구,Buk-gu/북구,Chimsan 1(il)-dong/침산1동
Daegu/대구,Buk-gu/북구,Chimsan 2(i)-dong/침산2동
Daegu/대구,Buk-gu/북구,Chimsan 3(sam)-dong/침산3동
Daegu/대구,Buk-gu/북구,Chimsan-dong/침산동
Daegu/대구,Buk-gu/북구,Chunghyo-dong/충효동
Daegu/대구,Buk-gu/북구,Daean-dong/대안동
Daegu/대구,Buk-gu/북구,Daechon-dong/대촌동
Daegu/대구,Buk-gu/북구,Daehyeon 1(il)-dong/대현1동
Daegu/대구,Buk-gu/북구,Daehyeon 2(i)-dong/대현2동
Daegu/대구,Buk-gu/북구,Daehyeon-dong/대현동
Daegu/대구,Buk-gu/북구,Dalcheon-dong/달천동
Daegu/대구,Buk-gu/북구,Dangsa-dong/당사동
Daegu/대구,Buk-gu/북구,Deogui-dong/덕의동
Daegu/대구,Buk-gu/북구,Deokcheon 1(il)-dong/덕천1동
Daegu/대구,Buk-gu/북구,Deokcheon 2(i)-dong/덕천2동
Daegu/대구,Buk-gu/북구,Deokcheon 3(sam)-dong/덕천3동
Daegu/대구,Buk-gu/북구,Deokcheon-dong/덕천동
Daegu/대구,Buk-gu/북구,Donam-dong/도남동
Daegu/대구,Buk-gu/북구,Dongbyeon-dong/동변동
Daegu/대구,Buk-gu/북구,Dongcheon-dong/동천동
Daegu/대구,Buk-gu/북구,Dongho-dong/동호동
Daegu/대구,Buk-gu/북구,Dongrim-dong/동림동
Daegu/대구,Buk-gu/북구,Duam 1(il)-dong/두암1동
Daegu/대구,Buk-gu/북구,Duam 2(i)-dong/두암2동
Daegu/대구,Buk-gu/북구,Duam 3(sam)-dong/두암3동
Daegu/대구,Buk-gu/북구,Duam-dong/두암동
Daegu/대구,Buk-gu/북구,Eomul-dong/어물동
Daegu/대구,Buk-gu/북구,Eupnae-dong/읍내동
Daegu/대구,Buk-gu/북구,Gadae-dong/가대동
Daegu/대구,Buk-gu/북구,Gakhwa-dong/각화동
Daegu/대구,Buk-gu/북구,Geomdan-dong/검단동
Daegu/대구,Buk-gu/북구,Geumgok-dong/금곡동
Daegu/대구,Buk-gu/북구,Geumgok-dong/금곡동
Daegu/대구,Buk-gu/북구,Geumho-dong/금호동
Daegu/대구,Buk-gu/북구,Goseongdong 1(il)-ga/고성동1가
Daegu/대구,Buk-gu/북구,Goseongdong 2(i)-ga/고성동2가
Daegu/대구,Buk-gu/북구,Goseongdong 3(sam)-ga/고성동3가
Daegu/대구,Buk-gu/북구,Guam-dong/구암동
Daegu/대구,Buk-gu/북구,Gugu-dong/국우동
Daegu/대구,Buk-gu/북구,Gupo 1(il)-dong/구포1동
Daegu/대구,Buk-gu/북구,Gupo 2(i)-dong/구포2동
Daegu/대구,Buk-gu/북구,Gupo 3(sam)-dong/구포3동
Daegu/대구,Buk-gu/북구,Gupo-dong/구포동
Daegu/대구,Buk-gu/북구,Guyu-dong/구유동
Daegu/대구,Buk-gu/북구,Gwaneum-dong/관음동
Daegu/대구,Buk-gu/북구,Hakjeong-dong/학정동
Daegu/대구,Buk-gu/북구,Hogye-dong/호계동
Daegu/대구,Buk-gu/북구,Hwaam-dong/화암동
Daegu/대구,Buk-gu/북구,Hwabong-dong/화봉동
Daegu/대구,Buk-gu/북구,Hwamyeong 1(il)-dong/화명1동
Daegu/대구,Buk-gu/북구,Hwamyeong 2(i)-dong/화명2동
Daegu/대구,Buk-gu/북구,Hwamyeong 3(sam)-dong/화명3동
Daegu/대구,Buk-gu/북구,Hwamyeong-dong/화명동
Daegu/대구,Buk-gu/북구,Hyomun-dong/효문동
Daegu/대구,Buk-gu/북구,Hyoryeong-dong/효령동
Daegu/대구,Buk-gu/북구,Ilgok-dong/일곡동
Daegu/대구,Buk-gu/북구,Im-dong/임동
Daegu/대구,Buk-gu/북구,Jangdeung-dong/장등동
Daegu/대구,Buk-gu/북구,Jeongja-dong/정자동
Daegu/대구,Buk-gu/북구,Jinjang-dong/진장동
Daegu/대구,Buk-gu/북구,Jiya-dong/지야동
Daegu/대구,Buk-gu/북구,Joya-dong/조야동
Daegu/대구,Buk-gu/북구,Jungheung 1(il)-dong/중흥1동
Daegu/대구,Buk-gu/북구,Jungheung 2(i)-dong/중흥2동
Daegu/대구,Buk-gu/북구,Jungheung 3(sam)-dong/중흥3동
Daegu/대구,Buk-gu/북구,Jungheung-dong/중흥동
Daegu/대구,Buk-gu/북구,Jungsan-dong/중산동
Daegu/대구,Buk-gu/북구,Maecheon-dong/매천동
Daegu/대구,Buk-gu/북구,Maegok-dong/매곡동
Daegu/대구,Buk-gu/북구,Maegok-dong/매곡동
Daegu/대구,Buk-gu/북구,Mandeog 1(il)-dong/만덕1동
Daegu/대구,Buk-gu/북구,Mandeog 2(i)-dong/만덕2동
Daegu/대구,Buk-gu/북구,Mandeog 3(sam)-dong/만덕3동
Daegu/대구,Buk-gu/북구,Mandeok-dong/만덕동
Daegu/대구,Buk-gu/북구,Mangwol-dong/망월동
Daegu/대구,Buk-gu/북구,Munheung 1(il)-dong/문흥1동
Daegu/대구,Buk-gu/북구,Munheung 2(i)-dong/문흥2동
Daegu/대구,Buk-gu/북구,Munheung-dong/문흥동
Daegu/대구,Buk-gu/북구,Muryong-dong/무룡동
Daegu/대구,Buk-gu/북구,Myeongchon-dong/명촌동
Daegu/대구,Buk-gu/북구,Nogok-dong/노곡동
Daegu/대구,Buk-gu/북구,Nowondong 1(il)-ga/노원동1가
Daegu/대구,Buk-gu/북구,Nowondong 2(i)-ga/노원동2가
Daegu/대구,Buk-gu/북구,Nowondong 3(sam)-ga/노원동3가
Daegu/대구,Buk-gu/북구,Numun-dong/누문동
Daegu/대구,Buk-gu/북구,Ochi 1(il)-dong/오치1동
Daegu/대구,Buk-gu/북구,Ochi 2(i)-dong/오치2동
Daegu/대구,Buk-gu/북구,Ochi-dong/오치동
Daegu/대구,Buk-gu/북구,Oryong-dong/오룡동
Daegu/대구,Buk-gu/북구,Paldal-dong/팔달동
Daegu/대구,Buk-gu/북구,Punghyang-dong/풍향동
Daegu/대구,Buk-gu/북구,Saengyong-dong/생용동
Daegu/대구,Buk-gu/북구,Samgak-dong/삼각동
Daegu/대구,Buk-gu/북구,Sangan-dong/상안동
Daegu/대구,Buk-gu/북구,Sangyeog 1(il)-dong/산격1동
Daegu/대구,Buk-gu/북구,Sangyeog 2(i)-dong/산격2동
Daegu/대구,Buk-gu/북구,Sangyeog 3(sam)-dong/산격3동
Daegu/대구,Buk-gu/북구,Sangyeog 4(sa)-dong/산격4동
Daegu/대구,Buk-gu/북구,Sangyeok-dong/산격동
Daegu/대구,Buk-gu/북구,Sanha-dong/산하동
Daegu/대구,Buk-gu/북구,Sasu-dong/사수동
Daegu/대구,Buk-gu/북구,Seobyeon-dong/서변동
Daegu/대구,Buk-gu/북구,Sinan-dong/신안동
Daegu/대구,Buk-gu/북구,Sincheon-dong/신천동
Daegu/대구,Buk-gu/북구,Sinhyeon-dong/신현동
Daegu/대구,Buk-gu/북구,Sinmyeong-dong/신명동
Daegu/대구,Buk-gu/북구,Sinyong-dong/신용동
Daegu/대구,Buk-gu/북구,Sirye-dong/시례동
Daegu/대구,Buk-gu/북구,Songjeong-dong/송정동
Daegu/대구,Buk-gu/북구,Sugok-dong/수곡동
Daegu/대구,Buk-gu/북구,Taejeon 1(il)-dong/태전1동
Daegu/대구,Buk-gu/북구,Taejeon 2(i)-dong/태전2동
Daegu/대구,Buk-gu/북구,Taejeon-dong/태전동
Daegu/대구,Buk-gu/북구,Taeryeong-dong/태령동
Daegu/대구,Buk-gu/북구,Unam 1(il)-dong/운암1동
Daegu/대구,Buk-gu/북구,Unam 2(i)-dong/운암2동
Daegu/대구,Buk-gu/북구,Unam 3(sam)-dong/운암3동
Daegu/대구,Buk-gu/북구,Unam-dong/운암동
Daegu/대구,Buk-gu/북구,Unjeong-dong/운정동
Daegu/대구,Buk-gu/북구,Usan-dong/우산동
Daegu/대구,Buk-gu/북구,Wolchul-dong/월출동
Daegu/대구,Buk-gu/북구,Yangjeong-dong/양정동
Daegu/대구,Buk-gu/북구,Yangsan-dong/양산동
Daegu/대구,Buk-gu/북구,Yeompo-dong/염포동
Daegu/대구,Buk-gu/북구,Yeonam-dong/연암동
Daegu/대구,Buk-gu/북구,Yeongyeong-dong/연경동
Daegu/대구,Buk-gu/북구,Yeonje-dong/연제동
Daegu/대구,Buk-gu/북구,Yongbong-dong/용봉동
Daegu/대구,Buk-gu/북구,Yongdu-dong/용두동
Daegu/대구,Buk-gu/북구,Yonggang-dong/용강동
Daegu/대구,Buk-gu/북구,Yongjeon-dong/용전동
Daegu/대구,Buk-gu/북구,Yu-dong/유동
Daegu/대구,Dalseo-gu/달서구,Bon-dong/본동
Daegu/대구,Dalseo-gu/달서구,Bonri-dong/본리동
Daegu/대구,Dalseo-gu/달서구,Daecheon-dong/대천동
Daegu/대구,Dalseo-gu/달서구,Daegok-dong/대곡동
Daegu/대구,Dalseo-gu/달서구,Daegudalseoucheguksaseoham/대구달서우체국사서함
Daegu/대구,Dalseo-gu/달서구,Daeguseongseoucheguksaseoham/대구성서우체국사서함
Daegu/대구,Dalseo-gu/달서구,Dowon-dong/도원동
Daegu/대구,Dalseo-gu/달서구,Duryu 1(il)-dong/두류1동
Daegu/대구,Dalseo-gu/달서구,Duryu 2(i)-dong/두류2동
Daegu/대구,Dalseo-gu/달서구,Duryu 3(sam)-dong/두류3동
Daegu/대구,Dalseo-gu/달서구,Duryu-dong/두류동
Daegu/대구,Dalseo-gu/달서구,Galsan-dong/갈산동
Daegu/대구,Dalseo-gu/달서구,Gamsam-dong/감삼동
Daegu/대구,Dalseo-gu/달서구,Horim-dong/호림동
Daegu/대구,Dalseo-gu/달서구,Hosan-dong/호산동
Daegu/대구,Dalseo-gu/달서구,Igog 1(il)-dong/이곡1동
Daegu/대구,Dalseo-gu/달서구,Igog 2(i)-dong/이곡2동
Daegu/대구,Dalseo-gu/달서구,Igok-dong/이곡동
Daegu/대구,Dalseo-gu/달서구,Jang-dong/장동
Daegu/대구,Dalseo-gu/달서구,Janggi-dong/장기동
Daegu/대구,Dalseo-gu/달서구,Jincheon-dong/진천동
Daegu/대구,Dalseo-gu/달서구,Jukjeon-dong/죽전동
Daegu/대구,Dalseo-gu/달서구,Paho-dong/파호동
Daegu/대구,Dalseo-gu/달서구,Sangin 1(il)-dong/상인1동
Daegu/대구,Dalseo-gu/달서구,Sangin 2(i)-dong/상인2동
Daegu/대구,Dalseo-gu/달서구,Sangin 3(sam)-dong/상인3동
Daegu/대구,Dalseo-gu/달서구,Sangin-dong/상인동
Daegu/대구,Dalseo-gu/달서구,Seongdang 1(il)-dong/성당1동
Daegu/대구,Dalseo-gu/달서구,Seongdang 2(i)-dong/성당2동
Daegu/대구,Dalseo-gu/달서구,Seongdang-dong/성당동
Daegu/대구,Dalseo-gu/달서구,Sindang-dong/신당동
Daegu/대구,Dalseo-gu/달서구,Songhyeon 1(il)-dong/송현1동
Daegu/대구,Dalseo-gu/달서구,Songhyeon 2(i)-dong/송현2동
Daegu/대구,Dalseo-gu/달서구,Songhyeon-dong/송현동
Daegu/대구,Dalseo-gu/달서구,Wolseong 1(il)-dong/월성1동
Daegu/대구,Dalseo-gu/달서구,Wolseong 2(i)-dong/월성2동
Daegu/대구,Dalseo-gu/달서구,Wolseong-dong/월성동
Daegu/대구,Dalseo-gu/달서구,Woram-dong/월암동
Daegu/대구,Dalseo-gu/달서구,Yongsan 1(il)-dong/용산1동
Daegu/대구,Dalseo-gu/달서구,Yongsan 2(i)-dong/용산2동
Daegu/대구,Dalseo-gu/달서구,Yongsan-dong/용산동
Daegu/대구,Dalseo-gu/달서구,Yucheon-dong/유천동
Daegu/대구,Dalseong-gun/달성군,Dasa-eup/다사읍
Daegu/대구,Dalseong-gun/달성군,Gachang-myeon/가창면
Daegu/대구,Dalseong-gun/달성군,Guji-myeon/구지면
Daegu/대구,Dalseong-gun/달성군,Habin-myeon/하빈면
Daegu/대구,Dalseong-gun/달성군,Hwawon-eup/화원읍
Daegu/대구,Dalseong-gun/달성군,Hyeonpung-myeon/현풍면
Daegu/대구,Dalseong-gun/달성군,Nongong-eup/논공읍
Daegu/대구,Dalseong-gun/달성군,Okpo-myeon/옥포면
Daegu/대구,Dalseong-gun/달성군,Yuga-myeon/유가면
Daegu/대구,Dong-gu/동구,Baegan-dong/백안동
Daegu/대구,Dong-gu/동구,Bangchon-dong/방촌동
Daegu/대구,Dong-gu/동구,Bangeo-dong/방어동
Daegu/대구,Dong-gu/동구,Beomil-dong/범일동
Daegu/대구,Dong-gu/동구,Beomir 1(il)-dong/범일1동
Daegu/대구,Dong-gu/동구,Beomir 2(i)-dong/범일2동
Daegu/대구,Dong-gu/동구,Beomir 4(sa)-dong/범일4동
Daegu/대구,Dong-gu/동구,Beomir 5(o)-dong/범일5동
Daegu/대구,Dong-gu/동구,Biryong-dong/비룡동
Daegu/대구,Dong-gu/동구,Bongmu-dong/봉무동
Daegu/대구,Dong-gu/동구,Bu-dong/부동
Daegu/대구,Dong-gu/동구,Bullo-dong/불로동
Daegu/대구,Dong-gu/동구,Bullo-dong/불로동
Daegu/대구,Dong-gu/동구,Changyeong-dong/창영동
Daegu/대구,Dong-gu/동구,Cheon-dong/천동
Daegu/대구,Dong-gu/동구,Choryang 1(il)-dong/초량1동
Daegu/대구,Dong-gu/동구,Choryang 2(i)-dong/초량2동
Daegu/대구,Dong-gu/동구,Choryang 3(sam)-dong/초량3동
Daegu/대구,Dong-gu/동구,Choryang 6(yuk)-dong/초량6동
Daegu/대구,Dong-gu/동구,Choryang-dong/초량동
Daegu/대구,Dong-gu/동구,Chu-dong/추동
Daegu/대구,Dong-gu/동구,Chungjangro 1(il)-ga/충장로1가
Daegu/대구,Dong-gu/동구,Chungjangro 2(i)-ga/충장로2가
Daegu/대구,Dong-gu/동구,Chungjangro 3(sam)-ga/충장로3가
Daegu/대구,Dong-gu/동구,Chungjangro 4(sa)-ga/충장로4가
Daegu/대구,Dong-gu/동구,Chungjangro 5(o)-ga/충장로5가
Daegu/대구,Dong-gu/동구,Dae 1(il)-dong/대1동
Daegu/대구,Dong-gu/동구,Dae 2(i)-dong/대2동
Daegu/대구,Dong-gu/동구,Daebyeol-dong/대별동
Daegu/대구,Dong-gu/동구,Dae-dong/대동
Daegu/대구,Dong-gu/동구,Daein-dong/대인동
Daegu/대구,Dong-gu/동구,Daejeonucheguksaseoham/대전우체국사서함
Daegu/대구,Dong-gu/동구,Daerim-dong/대림동
Daegu/대구,Dong-gu/동구,Daeseong-dong/대성동
Daegu/대구,Dong-gu/동구,Daesong-dong/대송동
Daegu/대구,Dong-gu/동구,Daeui-dong/대의동
Daegu/대구,Dong-gu/동구,Deokgok-dong/덕곡동
Daegu/대구,Dong-gu/동구,Do-dong/도동
Daegu/대구,Dong-gu/동구,Dohak-dong/도학동
Daegu/대구,Dong-gu/동구,Dongbu-dong/동부동
Daegu/대구,Dong-gu/동구,Dongbusanucheguksaseoham/동부산우체국사서함
Daegu/대구,Dong-gu/동구,Dongdaeguucheguksaseoham/동대구우체국사서함
Daegu/대구,Dong-gu/동구,Dongho-dong/동호동
Daegu/대구,Dong-gu/동구,Dongmyeong-dong/동명동
Daegu/대구,Dong-gu/동구,Dongnae-dong/동내동
Daegu/대구,Dong-gu/동구,Dongulsanucheguksaseoham/동울산우체국사서함
Daegu/대구,Dong-gu/동구,Dunsan-dong/둔산동
Daegu/대구,Dong-gu/동구,Gaksan-dong/각산동
Daegu/대구,Dong-gu/동구,Gao-dong/가오동
Daegu/대구,Dong-gu/동구,Gayang 1(il)-dong/가양1동
Daegu/대구,Dong-gu/동구,Gayang 2(i)-dong/가양2동
Daegu/대구,Dong-gu/동구,Gayang-dong/가양동
Daegu/대구,Dong-gu/동구,Geomsa-dong/검사동
Daegu/대구,Dong-gu/동구,Geum-dong/금동
Daegu/대구,Dong-gu/동구,Geumgang-dong/금강동
Daegu/대구,Dong-gu/동구,Geumgok-dong/금곡동
Daegu/대구,Dong-gu/동구,Geumnamro 1(il)-ga/금남로1가
Daegu/대구,Dong-gu/동구,Geumnamro 2(i)-ga/금남로2가
Daegu/대구,Dong-gu/동구,Geumnamro 3(sam)-ga/금남로3가
Daegu/대구,Dong-gu/동구,Geumnamro 4(sa)-ga/금남로4가
Daegu/대구,Dong-gu/동구,Geumnamro 5(o)-ga/금남로5가
Daegu/대구,Dong-gu/동구,Goejeon-dong/괴전동
Daegu/대구,Dong-gu/동구,Gudo-dong/구도동
Daegu/대구,Dong-gu/동구,Gung-dong/궁동
Daegu/대구,Dong-gu/동구,Gwangjuucheguksaseoham/광주우체국사서함
Daegu/대구,Dong-gu/동구,Gwangsan-dong/광산동
Daegu/대구,Dong-gu/동구,Gyerim 1(il)-dong/계림1동
Daegu/대구,Dong-gu/동구,Gyerim 2(i)-dong/계림2동
Daegu/대구,Dong-gu/동구,Gyerim-dong/계림동
Daegu/대구,Dong-gu/동구,Hak-dong/학동
Daegu/대구,Dong-gu/동구,Haso-dong/하소동
Daegu/대구,Dong-gu/동구,Honam-dong/호남동
Daegu/대구,Dong-gu/동구,Hongdo-dong/홍도동
Daegu/대구,Dong-gu/동구,Hwajeong-dong/화정동
Daegu/대구,Dong-gu/동구,Hwanggeum-dong/황금동
Daegu/대구,Dong-gu/동구,Hwapyeong-dong/화평동
Daegu/대구,Dong-gu/동구,Hwasu 1(il)-dong/화수1동
Daegu/대구,Dong-gu/동구,Hwasu 2(i)-dong/화수2동
Daegu/대구,Dong-gu/동구,Hwasu-dong/화수동
Daegu/대구,Dong-gu/동구,Hyo-dong/효동
Daegu/대구,Dong-gu/동구,Hyomog 1(il)-dong/효목1동
Daegu/대구,Dong-gu/동구,Hyomog 2(i)-dong/효목2동
Daegu/대구,Dong-gu/동구,Hyomok-dong/효목동
Daegu/대구,Dong-gu/동구,Hyopyeong-dong/효평동
Daegu/대구,Dong-gu/동구,Ilsan-dong/일산동
Daegu/대구,Dong-gu/동구,In-dong/인동
Daegu/대구,Dong-gu/동구,Ipseok-dong/입석동
Daegu/대구,Dong-gu/동구,Isa-dong/이사동
Daegu/대구,Dong-gu/동구,Jangcheok-dong/장척동
Daegu/대구,Dong-gu/동구,Jang-dong/장동
Daegu/대구,Dong-gu/동구,Jayang-dong/자양동
Daegu/대구,Dong-gu/동구,Jeong-dong/정동
Daegu/대구,Dong-gu/동구,Jeonha 1(il)-dong/전하1동
Daegu/대구,Dong-gu/동구,Jeonha 2(i)-dong/전하2동
Daegu/대구,Dong-gu/동구,Jeonha-dong/전하동
Daegu/대구,Dong-gu/동구,Jijeo-dong/지저동
Daegu/대구,Dong-gu/동구,Jik-dong/직동
Daegu/대구,Dong-gu/동구,Jimyo-dong/지묘동
Daegu/대구,Dong-gu/동구,Jinin-dong/진인동
Daegu/대구,Dong-gu/동구,Jisan 1(il)-dong/지산1동
Daegu/대구,Dong-gu/동구,Jisan 2(i)-dong/지산2동
Daegu/대구,Dong-gu/동구,Jisan-dong/지산동
Daegu/대구,Dong-gu/동구,Juchon-dong/주촌동
Daegu/대구,Dong-gu/동구,Jujeon-dong/주전동
Daegu/대구,Dong-gu/동구,Jungdae-dong/중대동
Daegu/대구,Dong-gu/동구,Jung-dong/중동
Daegu/대구,Dong-gu/동구,Jusan-dong/주산동
Daegu/대구,Dong-gu/동구,Jwacheon 1(il)-dong/좌천1동
Daegu/대구,Dong-gu/동구,Jwacheon 4(sa)-dong/좌천4동
Daegu/대구,Dong-gu/동구,Jwacheon-dong/좌천동
Daegu/대구,Dong-gu/동구,Maeyeo-dong/매여동
Daegu/대구,Dong-gu/동구,Manseok-dong/만석동
Daegu/대구,Dong-gu/동구,Masan-dong/마산동
Daegu/대구,Dong-gu/동구,Midae-dong/미대동
Daegu/대구,Dong-gu/동구,Migok-dong/미곡동
Daegu/대구,Dong-gu/동구,Nae-dong/내동
Daegu/대구,Dong-gu/동구,Naegok-dong/내곡동
Daegu/대구,Dong-gu/동구,Naenam-dong/내남동
Daegu/대구,Dong-gu/동구,Naetap-dong/내탑동
Daegu/대구,Dong-gu/동구,Nam-dong/남동
Daegu/대구,Dong-gu/동구,Nangwol-dong/낭월동
Daegu/대구,Dong-gu/동구,Neungseong-dong/능성동
Daegu/대구,Dong-gu/동구,O-dong/오동
Daegu/대구,Dong-gu/동구,Panam 1(il)-dong/판암1동
Daegu/대구,Dong-gu/동구,Panam 2(i)-dong/판암2동
Daegu/대구,Dong-gu/동구,Panam-dong/판암동
Daegu/대구,Dong-gu/동구,Pyeonggwang-dong/평광동
Daegu/대구,Dong-gu/동구,Sabok-dong/사복동
Daegu/대구,Dong-gu/동구,Samgoe-dong/삼괴동
Daegu/대구,Dong-gu/동구,Samjeong-dong/삼정동
Daegu/대구,Dong-gu/동구,Samseong-dong/삼성동
Daegu/대구,Dong-gu/동구,Sangmae-dong/상매동
Daegu/대구,Dong-gu/동구,Sangso-dong/상소동
Daegu/대구,Dong-gu/동구,Sansu 1(il)-dong/산수1동
Daegu/대구,Dong-gu/동구,Sansu 2(i)-dong/산수2동
Daegu/대구,Dong-gu/동구,Sansu-dong/산수동
Daegu/대구,Dong-gu/동구,Saseong-dong/사성동
Daegu/대구,Dong-gu/동구,Secheon-dong/세천동
Daegu/대구,Dong-gu/동구,Seobu-dong/서부동
Daegu/대구,Dong-gu/동구,Seoho-dong/서호동
Daegu/대구,Dong-gu/동구,Seongnam-dong/성남동
Daegu/대구,Dong-gu/동구,Seongyo-dong/선교동
Daegu/대구,Dong-gu/동구,Seoseok-dong/서석동
Daegu/대구,Dong-gu/동구,Sinam 1(il)-dong/신암1동
Daegu/대구,Dong-gu/동구,Sinam 2(i)-dong/신암2동
Daegu/대구,Dong-gu/동구,Sinam 3(sam)-dong/신암3동
Daegu/대구,Dong-gu/동구,Sinam 4(sa)-dong/신암4동
Daegu/대구,Dong-gu/동구,Sinam 5(o)-dong/신암5동
Daegu/대구,Dong-gu/동구,Sinam-dong/신암동
Daegu/대구,Dong-gu/동구,Sinan-dong/신안동
Daegu/대구,Dong-gu/동구,Sincheon 2(i)-dong/신천1.2동
Daegu/대구,Dong-gu/동구,Sincheon 3(sam)-dong/신천3동
Daegu/대구,Dong-gu/동구,Sincheon 4(sa)-dong/신천4동
Daegu/대구,Dong-gu/동구,Sincheon-dong/신천동
Daegu/대구,Dong-gu/동구,Sinchon-dong/신촌동
Daegu/대구,Dong-gu/동구,Singi-dong/신기동
Daegu/대구,Dong-gu/동구,Sinha-dong/신하동
Daegu/대구,Dong-gu/동구,Sinheung-dong/신흥동
Daegu/대구,Dong-gu/동구,Sinmu-dong/신무동
Daegu/대구,Dong-gu/동구,Sinpyeong-dong/신평동
Daegu/대구,Dong-gu/동구,Sinsang-dong/신상동
Daegu/대구,Dong-gu/동구,Sinseo-dong/신서동
Daegu/대구,Dong-gu/동구,Sinyong-dong/신용동
Daegu/대구,Dong-gu/동구,Soho-dong/소호동
Daegu/대구,Dong-gu/동구,Soje-dong/소제동
Daegu/대구,Dong-gu/동구,Songhyeon 1(il)-dong/송현1동
Daegu/대구,Dong-gu/동구,Songhyeon 2(i)-dong/송현2동
Daegu/대구,Dong-gu/동구,Songhyeon 3(sam)-dong/송현3동
Daegu/대구,Dong-gu/동구,Songhyeon-dong/송현동
Daegu/대구,Dong-gu/동구,Songjeong-dong/송정동
Daegu/대구,Dong-gu/동구,Songrim 1(il)-dong/송림1동
Daegu/대구,Dong-gu/동구,Songrim 2(i)-dong/송림2동
Daegu/대구,Dong-gu/동구,Songrim 3(sam)-dong/송림3동
Daegu/대구,Dong-gu/동구,Songrim 4(sa)-dong/송림4동
Daegu/대구,Dong-gu/동구,Songrim 5(o)-dong/송림5동
Daegu/대구,Dong-gu/동구,Songrim 6(yuk)-dong/송림6동
Daegu/대구,Dong-gu/동구,Songrim-dong/송림동
Daegu/대구,Dong-gu/동구,Sotae-dong/소태동
Daegu/대구,Dong-gu/동구,Sugi-dong/수기동
Daegu/대구,Dong-gu/동구,Sujeong 1(il)-dong/수정1동
Daegu/대구,Dong-gu/동구,Sujeong 2(i)-dong/수정2동
Daegu/대구,Dong-gu/동구,Sujeong 4(sa)-dong/수정4동
Daegu/대구,Dong-gu/동구,Sujeong 5(o)-dong/수정5동
Daegu/대구,Dong-gu/동구,Sujeong-dong/수정동
Daegu/대구,Dong-gu/동구,Sukcheon-dong/숙천동
Daegu/대구,Dong-gu/동구,Unrim-dong/운림동
Daegu/대구,Dong-gu/동구,Wolnam-dong/월남동
Daegu/대구,Dong-gu/동구,Won-dong/원동
Daegu/대구,Dong-gu/동구,Yonggye-dong/용계동
Daegu/대구,Dong-gu/동구,Yonggye-dong/용계동
Daegu/대구,Dong-gu/동구,Yongjeon-dong/용전동
Daegu/대구,Dong-gu/동구,Yongsan-dong/용산동
Daegu/대구,Dong-gu/동구,Yongsu-dong/용수동
Daegu/대구,Dong-gu/동구,Yongun-dong/용운동
Daegu/대구,Dong-gu/동구,Yongyeon-dong/용연동
Daegu/대구,Dong-gu/동구,Yulha-dong/율하동
Daegu/대구,Dong-gu/동구,Yuram-dong/율암동
Daegu/대구,Jung-gu/중구,Anyeong-dong/안영동
Daegu/대구,Jung-gu/중구,Bangsan-dong/방산동
Daegu/대구,Jung-gu/중구,Bangu 1(il)-dong/반구1동
Daegu/대구,Jung-gu/중구,Bangu 2(i)-dong/반구2동
Daegu/대구,Jung-gu/중구,Bangu-dong/반구동
Daegu/대구,Jung-gu/중구,Boksan 1(il)-dong/복산1동
Daegu/대구,Jung-gu/중구,Boksan 2(i)-dong/복산2동
Daegu/대구,Jung-gu/중구,Boksan-dong/복산동
Daegu/대구,Jung-gu/중구,Bongraedong 1(il)-ga/봉래동1가
Daegu/대구,Jung-gu/중구,Bongraedong 2(i)-ga/봉래동2가
Daegu/대구,Jung-gu/중구,Bongsan-dong/봉산동
Daegu/대구,Jung-gu/중구,Bosudong 1(il)-ga/보수동1가
Daegu/대구,Jung-gu/중구,Bosudong 2(i)-ga/보수동2가
Daegu/대구,Jung-gu/중구,Bosudong 3(sam)-ga/보수동3가
Daegu/대구,Jung-gu/중구,Bosu-dong/보수동
Daegu/대구,Jung-gu/중구,Bukchang-dong/북창동
Daegu/대구,Jung-gu/중구,Bukjeong-dong/북정동
Daegu/대구,Jung-gu/중구,Buknae-dong/북내동
Daegu/대구,Jung-gu/중구,Bukseongdong 1(il)-ga/북성동1가
Daegu/대구,Jung-gu/중구,Bukseongdong 2(i)-ga/북성동2가
Daegu/대구,Jung-gu/중구,Bukseongdong 3(sam)-ga/북성동3가
Daegu/대구,Jung-gu/중구,Bukseongro 1(il)-ga/북성로1가
Daegu/대구,Jung-gu/중구,Bukseongro 2(i)-ga/북성로2가
Daegu/대구,Jung-gu/중구,Bupyeongdong 1(il)-ga/부평동1가
Daegu/대구,Jung-gu/중구,Bupyeongdong 2(i)-ga/부평동2가
Daegu/대구,Jung-gu/중구,Bupyeongdong 3(sam)-ga/부평동3가
Daegu/대구,Jung-gu/중구,Bupyeongdong 4(sa)-ga/부평동4가
Daegu/대구,Jung-gu/중구,Bupyeong-dong/부평동
Daegu/대구,Jung-gu/중구,Busa-dong/부사동
Daegu/대구,Jung-gu/중구,Busanucheguksaseoham/부산우체국사서함
Daegu/대구,Jung-gu/중구,Changseondong 1(il)-ga/창선동1가
Daegu/대구,Jung-gu/중구,Changseondong 2(i)-ga/창선동2가
Daegu/대구,Jung-gu/중구,Changseon-dong/창선동
Daegu/대구,Jung-gu/중구,Chimsan-dong/침산동
Daegu/대구,Jung-gu/중구,Cho-dong/초동
Daegu/대구,Jung-gu/중구,Chungjeongro 1(il)-ga/충정로1가
Daegu/대구,Jung-gu/중구,Chungmuro 1(il)-ga/충무로1가
Daegu/대구,Jung-gu/중구,Chungmuro 2(i)-ga/충무로2가
Daegu/대구,Jung-gu/중구,Chungmuro 3(sam)-ga/충무로3가
Daegu/대구,Jung-gu/중구,Chungmuro 4(sa)-ga/충무로4가
Daegu/대구,Jung-gu/중구,Chungmuro 5(o)-ga/충무로5가
Daegu/대구,Jung-gu/중구,Da-dong/다동
Daegu/대구,Jung-gu/중구,Daean-dong/대안동
Daegu/대구,Jung-gu/중구,Daebong 1(il)-dong/대봉1동
Daegu/대구,Jung-gu/중구,Daebong 2(i)-dong/대봉2동
Daegu/대구,Jung-gu/중구,Daebong-dong/대봉동
Daegu/대구,Jung-gu/중구,Daechangdong 1(il)-ga/대창동1가
Daegu/대구,Jung-gu/중구,Daechangdong 2(i)-ga/대창동2가
Daegu/대구,Jung-gu/중구,Daechang-dong/대창동
Daegu/대구,Jung-gu/중구,Daecheongdong 1(il)-ga/대청동1가
Daegu/대구,Jung-gu/중구,Daecheongdong 2(i)-ga/대청동2가
Daegu/대구,Jung-gu/중구,Daecheongdong 3(sam)-ga/대청동3가
Daegu/대구,Jung-gu/중구,Daecheongdong 4(sa)-ga/대청동4가
Daegu/대구,Jung-gu/중구,Daecheong-dong/대청동
Daegu/대구,Jung-gu/중구,Daeguucheguksaseoham/대구우체국사서함
Daegu/대구,Jung-gu/중구,Daeheung-dong/대흥동
Daegu/대구,Jung-gu/중구,Daesa-dong/대사동
Daegu/대구,Jung-gu/중구,Daesin-dong/대신동
Daegu/대구,Jung-gu/중구,Dalseong-dong/달성동
Daegu/대구,Jung-gu/중구,Dap-dong/답동
Daegu/대구,Jung-gu/중구,Daun-dong/다운동
Daegu/대구,Jung-gu/중구,Deokgyo-dong/덕교동
Daegu/대구,Jung-gu/중구,Deoksan-dong/덕산동
Daegu/대구,Jung-gu/중구,Dong-dong/동동
Daegu/대구,Jung-gu/중구,Donggwangdong 1(il)-ga/동광동1가
Daegu/대구,Jung-gu/중구,Donggwangdong 2(i)-ga/동광동2가
Daegu/대구,Jung-gu/중구,Donggwangdong 3(sam)-ga/동광동3가
Daegu/대구,Jung-gu/중구,Donggwangdong 4(sa)-ga/동광동4가
Daegu/대구,Jung-gu/중구,Donggwangdong 5(o)-ga/동광동5가
Daegu/대구,Jung-gu/중구,Donggwang-dong/동광동
Daegu/대구,Jung-gu/중구,Dongil-dong/동일동
Daegu/대구,Jung-gu/중구,Dongindong 1(il)-ga/동인동1가
Daegu/대구,Jung-gu/중구,Dongindong 2(i)-ga/동인동2가
Daegu/대구,Jung-gu/중구,Dongindong 3(sam)-ga/동인동3가
Daegu/대구,Jung-gu/중구,Dongindong 4(sa)-ga/동인동4가
Daegu/대구,Jung-gu/중구,Dongmun-dong/동문동
Daegu/대구,Jung-gu/중구,Dongsan-dong/동산동
Daegu/대구,Jung-gu/중구,Dongseongro 1(il)-ga/동성로1가
Daegu/대구,Jung-gu/중구,Dongseongro 2(i)-ga/동성로2가
Daegu/대구,Jung-gu/중구,Dongseongro 3(sam)-ga/동성로3가
Daegu/대구,Jung-gu/중구,Dowon-dong/도원동
Daegu/대구,Jung-gu/중구,Dowon-dong/도원동
Daegu/대구,Jung-gu/중구,Eonam-dong/어남동
Daegu/대구,Jung-gu/중구,Euljiro 1(il)-ga/을지로1가
Daegu/대구,Jung-gu/중구,Euljiro 2(i)-ga/을지로2가
Daegu/대구,Jung-gu/중구,Euljiro 3(sam)-ga/을지로3가
Daegu/대구,Jung-gu/중구,Euljiro 4(sa)-ga/을지로4가
Daegu/대구,Jung-gu/중구,Euljiro 5(o)-ga/을지로5가
Daegu/대구,Jung-gu/중구,Euljiro 6(yuk)-ga/을지로6가
Daegu/대구,Jung-gu/중구,Euljiro 7(chil)-ga/을지로7가
Daegu/대구,Jung-gu/중구,Eunhaeng-dong/은행동
Daegu/대구,Jung-gu/중구,Eurwang-dong/을왕동
Daegu/대구,Jung-gu/중구,Geum-dong/금동
Daegu/대구,Jung-gu/중구,Gongpyeong-dong/공평동
Daegu/대구,Jung-gu/중구,Guwan-dong/구완동
Daegu/대구,Jung-gu/중구,Gwandong 1(il)-ga/관동1가
Daegu/대구,Jung-gu/중구,Gwandong 2(i)-ga/관동2가
Daegu/대구,Jung-gu/중구,Gwandong 3(sam)-ga/관동3가
Daegu/대구,Jung-gu/중구,Gwangbokdong 1(il)-ga/광복동1가
Daegu/대구,Jung-gu/중구,Gwangbokdong 2(i)-ga/광복동2가
Daegu/대구,Jung-gu/중구,Gwangbokdong 3(sam)-ga/광복동3가
Daegu/대구,Jung-gu/중구,Gwangbok-dong/광복동
Daegu/대구,Jung-gu/중구,Gwanghuidong 1(il)-ga/광희동1가
Daegu/대구,Jung-gu/중구,Gwanghuidong 2(i)-ga/광희동2가
Daegu/대구,Jung-gu/중구,Gyeong-dong/경동
Daegu/대구,Jung-gu/중구,Gyesandong 1(il)-ga/계산동1가
Daegu/대구,Jung-gu/중구,Gyesandong 2(i)-ga/계산동2가
Daegu/대구,Jung-gu/중구,Gyo-dong/교동
Daegu/대구,Jung-gu/중구,Gyo-dong/교동
Daegu/대구,Jung-gu/중구,Haeandong 1(il)-ga/해안동1가
Daegu/대구,Jung-gu/중구,Haeandong 2(i)-ga/해안동2가
Daegu/대구,Jung-gu/중구,Haeandong 3(sam)-ga/해안동3가
Daegu/대구,Jung-gu/중구,Haeandong 4(sa)-ga/해안동4가
Daegu/대구,Jung-gu/중구,Haksan-dong/학산동
Daegu/대구,Jung-gu/중구,Hakseong-dong/학성동
Daegu/대구,Jung-gu/중구,Hangdong 1(il)-ga/항동1가
Daegu/대구,Jung-gu/중구,Hangdong 2(i)-ga/항동2가
Daegu/대구,Jung-gu/중구,Hangdong 3(sam)-ga/항동3가
Daegu/대구,Jung-gu/중구,Hangdong 4(sa)-ga/항동4가
Daegu/대구,Jung-gu/중구,Hangdong 5(o)-ga/항동5가
Daegu/대구,Jung-gu/중구,Hangdong 6(yuk)-ga/항동6가
Daegu/대구,Jung-gu/중구,Hangdong 7(chil)-ga/항동7가
Daegu/대구,Jung-gu/중구,Haseo-dong/하서동
Daegu/대구,Jung-gu/중구,Heungin-dong/흥인동
Daegu/대구,Jung-gu/중구,Ho-dong/호동
Daegu/대구,Jung-gu/중구,Hoehyeondong 1(il)-ga/회현동1가
Daegu/대구,Jung-gu/중구,Hoehyeondong 2(i)-ga/회현동2가
Daegu/대구,Jung-gu/중구,Hoehyeondong 3(sam)-ga/회현동3가
Daegu/대구,Jung-gu/중구,Hwajeon-dong/화전동
Daegu/대구,Jung-gu/중구,Hwanghak-dong/황학동
Daegu/대구,Jung-gu/중구,Hyangchon-dong/향촌동
Daegu/대구,Jung-gu/중구,Incheongonghangucheguksaseoham/인천공항우체국사서함
Daegu/대구,Jung-gu/중구,Ingyo-dong/인교동
Daegu/대구,Jung-gu/중구,Inhyeondong 1(il)-ga/인현동1가
Daegu/대구,Jung-gu/중구,Inhyeondong 2(i)-ga/인현동2가
Daegu/대구,Jung-gu/중구,Inhyeon-dong/인현동
Daegu/대구,Jung-gu/중구,Ipjeong-dong/입정동
Daegu/대구,Jung-gu/중구,Jangchungdong 1(il)-ga/장충동1가
Daegu/대구,Jung-gu/중구,Jangchungdong 2(i)-ga/장충동2가
Daegu/대구,Jung-gu/중구,Janggwan-dong/장관동
Daegu/대구,Jung-gu/중구,Janggyo-dong/장교동
Daegu/대구,Jung-gu/중구,Janghyeon-dong/장현동
Daegu/대구,Jung-gu/중구,Jeodong 1(il)-ga/저동1가
Daegu/대구,Jung-gu/중구,Jeodong 2(i)-ga/저동2가
Daegu/대구,Jung-gu/중구,Jeon-dong/전동
Daegu/대구,Jung-gu/중구,Jeon-dong/전동
Daegu/대구,Jung-gu/중구,Jeong-dong/정동
Daegu/대구,Jung-gu/중구,Jeongsaeng-dong/정생동
Daegu/대구,Jung-gu/중구,Jongro 1(il)-ga/종로1가
Daegu/대구,Jung-gu/중구,Jongro 2(i)-ga/종로2가
Daegu/대구,Jung-gu/중구,Jugyo-dong/주교동
Daegu/대구,Jung-gu/중구,Juja-dong/주자동
Daegu/대구,Jung-gu/중구,Jungangdong 1(il)-ga/중앙동1가
Daegu/대구,Jung-gu/중구,Jungangdong 1(il)-ga/중앙동1가
Daegu/대구,Jung-gu/중구,Jungangdong 2(i)-ga/중앙동2가
Daegu/대구,Jung-gu/중구,Jungangdong 2(i)-ga/중앙동2가
Daegu/대구,Jung-gu/중구,Jungangdong 3(sam)-ga/중앙동3가
Daegu/대구,Jung-gu/중구,Jungangdong 3(sam)-ga/중앙동3가
Daegu/대구,Jung-gu/중구,Jungangdong 4(sa)-ga/중앙동4가
Daegu/대구,Jung-gu/중구,Jungangdong 4(sa)-ga/중앙동4가
Daegu/대구,Jung-gu/중구,Jungangdong 5(o)-ga/중앙동5가
Daegu/대구,Jung-gu/중구,Jungangdong 6(yuk)-ga/중앙동6가
Daegu/대구,Jung-gu/중구,Jungangdong 7(chil)-ga/중앙동7가
Daegu/대구,Jung-gu/중구,Jungang-dong/중앙동
Daegu/대구,Jung-gu/중구,Jungangucheguksaseoham/중앙우체국사서함
Daegu/대구,Jung-gu/중구,Jungchon-dong/중촌동
Daegu/대구,Jung-gu/중구,Jungrim-dong/중림동
Daegu/대구,Jung-gu/중구,Jungsan-dong/중산동
Daegu/대구,Jung-gu/중구,Manridong 1(il)-ga/만리동1가
Daegu/대구,Jung-gu/중구,Manridong 2(i)-ga/만리동2가
Daegu/대구,Jung-gu/중구,Mokdal-dong/목달동
Daegu/대구,Jung-gu/중구,Mok-dong/목동
Daegu/대구,Jung-gu/중구,Mugyo-dong/무교동
Daegu/대구,Jung-gu/중구,Muhak-dong/무학동
Daegu/대구,Jung-gu/중구,Mukjeong-dong/묵정동
Daegu/대구,Jung-gu/중구,Munchang-dong/문창동
Daegu/대구,Jung-gu/중구,Munhwa 1(il)-dong/문화1동
Daegu/대구,Jung-gu/중구,Munhwa 2(i)-dong/문화2동
Daegu/대구,Jung-gu/중구,Munhwa-dong/문화동
Daegu/대구,Jung-gu/중구,Munhwa-dong/문화동
Daegu/대구,Jung-gu/중구,Musu-dong/무수동
Daegu/대구,Jung-gu/중구,Muui-dong/무의동
Daegu/대구,Jung-gu/중구,Myeongdong 1(il)-ga/명동1가
Daegu/대구,Jung-gu/중구,Myeongdong 2(i)-ga/명동2가
Daegu/대구,Jung-gu/중구,Nae-dong/내동
Daegu/대구,Jung-gu/중구,Nambuk-dong/남북동
Daegu/대구,Jung-gu/중구,Namchang-dong/남창동
Daegu/대구,Jung-gu/중구,Namdaemunro 1(il)-ga/남대문로1가
Daegu/대구,Jung-gu/중구,Namdaemunro 2(i)-ga/남대문로2가
Daegu/대구,Jung-gu/중구,Namdaemunro 3(sam)-ga/남대문로3가
Daegu/대구,Jung-gu/중구,Namdaemunro 4(sa)-ga/남대문로4가
Daegu/대구,Jung-gu/중구,Namdaemunro 5(o)-ga/남대문로5가
Daegu/대구,Jung-gu/중구,Namhak-dong/남학동
Daegu/대구,Jung-gu/중구,Namil-dong/남일동
Daegu/대구,Jung-gu/중구,Namoe-dong/남외동
Daegu/대구,Jung-gu/중구,Nampodong 1(il)-ga/남포동1가
Daegu/대구,Jung-gu/중구,Nampodong 2(i)-ga/남포동2가
Daegu/대구,Jung-gu/중구,Nampodong 3(sam)-ga/남포동3가
Daegu/대구,Jung-gu/중구,Nampodong 4(sa)-ga/남포동4가
Daegu/대구,Jung-gu/중구,Nampodong 5(o)-ga/남포동5가
Daegu/대구,Jung-gu/중구,Nampodong 6(yuk)-ga/남포동6가
Daegu/대구,Jung-gu/중구,Nampo-dong/남포동
Daegu/대구,Jung-gu/중구,Namsan 1(il)-dong/남산1동
Daegu/대구,Jung-gu/중구,Namsan 2(i)-dong/남산2동
Daegu/대구,Jung-gu/중구,Namsan 3(sam)-dong/남산3동
Daegu/대구,Jung-gu/중구,Namsan 4(sa)-dong/남산4동
Daegu/대구,Jung-gu/중구,Namsandong 1(il)-ga/남산동1가
Daegu/대구,Jung-gu/중구,Namsandong 2(i)-ga/남산동2가
Daegu/대구,Jung-gu/중구,Namsandong 3(sam)-ga/남산동3가
Daegu/대구,Jung-gu/중구,Namsan-dong/남산동
Daegu/대구,Jung-gu/중구,Namseongno/남성로
Daegu/대구,Jung-gu/중구,Ojang-dong/오장동
Daegu/대구,Jung-gu/중구,Okgye-dong/옥계동
Daegu/대구,Jung-gu/중구,Okgyo-dong/옥교동
Daegu/대구,Jung-gu/중구,Oryu-dong/오류동
Daegu/대구,Jung-gu/중구,Pildong 1(il)-ga/필동1가
Daegu/대구,Jung-gu/중구,Pildong 2(i)-ga/필동2가
Daegu/대구,Jung-gu/중구,Pildong 3(sam)-ga/필동3가
Daegu/대구,Jung-gu/중구,Pojeong-dong/포정동
Daegu/대구,Jung-gu/중구,Sa-dong/사동
Daegu/대구,Jung-gu/중구,Sail-dong/사일동
Daegu/대구,Jung-gu/중구,Sajeong-dong/사정동
Daegu/대구,Jung-gu/중구,Samdeokdong 1(il)-ga/삼덕동1가
Daegu/대구,Jung-gu/중구,Samdeokdong 2(i)-ga/삼덕동2가
Daegu/대구,Jung-gu/중구,Samdeokdong 3(sam)-ga/삼덕동3가
Daegu/대구,Jung-gu/중구,Samgak-dong/삼각동
Daegu/대구,Jung-gu/중구,Sangdeok-dong/상덕동
Daegu/대구,Jung-gu/중구,Sangseo-dong/상서동
Daegu/대구,Jung-gu/중구,Sanrim-dong/산림동
Daegu/대구,Jung-gu/중구,Sanseong-dong/산성동
Daegu/대구,Jung-gu/중구,Seodaejeonucheguksaseoham/서대전우체국사서함
Daegu/대구,Jung-gu/중구,Seo-dong/서동
Daegu/대구,Jung-gu/중구,Seokgyo-dong/석교동
Daegu/대구,Jung-gu/중구,Seomunro 1(il)-ga/서문로1가
Daegu/대구,Jung-gu/중구,Seomunro 2(i)-ga/서문로2가
Daegu/대구,Jung-gu/중구,Seonae-dong/서내동
Daegu/대구,Jung-gu/중구,Seongan-dong/성안동
Daegu/대구,Jung-gu/중구,Seongnam-dong/성남동
Daegu/대구,Jung-gu/중구,Seonhwa-dong/선화동
Daegu/대구,Jung-gu/중구,Seonhwa-dong/선화동
Daegu/대구,Jung-gu/중구,Seonrin-dong/선린동
Daegu/대구,Jung-gu/중구,Seoseongro 1(il)-ga/서성로1가
Daegu/대구,Jung-gu/중구,Seoseongro 2(i)-ga/서성로2가
Daegu/대구,Jung-gu/중구,Seosomun-dong/서소문동
Daegu/대구,Jung-gu/중구,Seoya-dong/서야동
Daegu/대구,Jung-gu/중구,Sijangbugno/시장북로
Daegu/대구,Jung-gu/중구,Sinchangdong 1(il)-ga/신창동1가
Daegu/대구,Jung-gu/중구,Sinchangdong 2(i)-ga/신창동2가
Daegu/대구,Jung-gu/중구,Sinchangdong 3(sam)-ga/신창동3가
Daegu/대구,Jung-gu/중구,Sinchangdong 4(sa)-ga/신창동4가
Daegu/대구,Jung-gu/중구,Sinchang-dong/신창동
Daegu/대구,Jung-gu/중구,Sindang 1(il)-dong/신당1동
Daegu/대구,Jung-gu/중구,Sindang 2(i)-dong/신당2동
Daegu/대구,Jung-gu/중구,Sindang 3(sam)-dong/신당3동
Daegu/대구,Jung-gu/중구,Sindang 4(sa)-dong/신당4동
Daegu/대구,Jung-gu/중구,Sindang 5(o)-dong/신당5동
Daegu/대구,Jung-gu/중구,Sindang 6(yuk)-dong/신당6동
Daegu/대구,Jung-gu/중구,Sindang-dong/신당동
Daegu/대구,Jung-gu/중구,Sinheungdong 1(il)-ga/신흥동1가
Daegu/대구,Jung-gu/중구,Sinheungdong 2(i)-ga/신흥동2가
Daegu/대구,Jung-gu/중구,Sinheungdong 3(sam)-ga/신흥동3가
Daegu/대구,Jung-gu/중구,Sinpo-dong/신포동
Daegu/대구,Jung-gu/중구,Sinsaeng-dong/신생동
Daegu/대구,Jung-gu/중구,Sogong-dong/소공동
Daegu/대구,Jung-gu/중구,Songhakdong 1(il)-ga/송학동1가
Daegu/대구,Jung-gu/중구,Songhakdong 2(i)-ga/송학동2가
Daegu/대구,Jung-gu/중구,Songhakdong 3(sam)-ga/송학동3가
Daegu/대구,Jung-gu/중구,Songwoldong 1(il)-ga/송월동1가
Daegu/대구,Jung-gu/중구,Songwoldong 2(i)-ga/송월동2가
Daegu/대구,Jung-gu/중구,Songwoldong 3(sam)-ga/송월동3가
Daegu/대구,Jung-gu/중구,Ssangrim-dong/쌍림동
Daegu/대구,Jung-gu/중구,Suchang-dong/수창동
Daegu/대구,Jung-gu/중구,Su-dong/수동
Daegu/대구,Jung-gu/중구,Suha-dong/수하동
Daegu/대구,Jung-gu/중구,Sunhwa-dong/순화동
Daegu/대구,Jung-gu/중구,Supyo-dong/수표동
Daegu/대구,Jung-gu/중구,Taehwa-dong/태화동
Daegu/대구,Jung-gu/중구,Taepyeong 1(il)-dong/태평1동
Daegu/대구,Jung-gu/중구,Taepyeong 2(i)-dong/태평2동
Daegu/대구,Jung-gu/중구,Taepyeong-dong/태평동
Daegu/대구,Jung-gu/중구,Taepyeongro 1(il)-ga/태평로1가
Daegu/대구,Jung-gu/중구,Taepyeongro 1(il)-ga/태평로1가
Daegu/대구,Jung-gu/중구,Taepyeongro 2(i)-ga/태평로2가
Daegu/대구,Jung-gu/중구,Taepyeongro 2(i)-ga/태평로2가
Daegu/대구,Jung-gu/중구,Taepyeongro 3(sam)-ga/태평로3가
Daegu/대구,Jung-gu/중구,Uijuro 1(il)-ga/의주로1가
Daegu/대구,Jung-gu/중구,Uijuro 2(i)-ga/의주로2가
Daegu/대구,Jung-gu/중구,Ujeong-dong/우정동
Daegu/대구,Jung-gu/중구,Ulsanucheguksaseoham/울산우체국사서함
Daegu/대구,Jung-gu/중구,Unbuk-dong/운북동
Daegu/대구,Jung-gu/중구,Unnam-dong/운남동
Daegu/대구,Jung-gu/중구,Unseo-dong/운서동
Daegu/대구,Jung-gu/중구,Wanjeon-dong/완전동
Daegu/대구,Jung-gu/중구,Yaksa-dong/약사동
Daegu/대구,Jung-gu/중구,Yegwan-dong/예관동
Daegu/대구,Jung-gu/중구,Yejang-dong/예장동
Daegu/대구,Jung-gu/중구,Yeongju 1(il)-dong/영주1동
Daegu/대구,Jung-gu/중구,Yeongju 2(i)-dong/영주2동
Daegu/대구,Jung-gu/중구,Yeongju-dong/영주동
Daegu/대구,Jung-gu/중구,Yongdeok-dong/용덕동
Daegu/대구,Jung-gu/중구,Yong-dong/용동
Daegu/대구,Jung-gu/중구,Yongdu-dong/용두동
Daegu/대구,Jung-gu/중구,Yucheon 1(il)-dong/유천1동
Daegu/대구,Jung-gu/중구,Yucheon 2(i)-dong/유천2동
Daegu/대구,Jung-gu/중구,Yucheon-dong/유천동
Daegu/대구,Jung-gu/중구,Yu-dong/유동
Daegu/대구,Jung-gu/중구,Yugok-dong/유곡동
Daegu/대구,Jung-gu/중구,Yulmok-dong/율목동
Daegu/대구,Nam-gu/남구,Apchon-dong/압촌동
Daegu/대구,Nam-gu/남구,Baegun 1(il)-dong/백운1동
Daegu/대구,Nam-gu/남구,Baegun 2(i)-dong/백운2동
Daegu/대구,Nam-gu/남구,Baegun-dong/백운동
Daegu/대구,Nam-gu/남구,Bangrim 1(il)-dong/방림1동
Daegu/대구,Nam-gu/남구,Bangrim 2(i)-dong/방림2동
Daegu/대구,Nam-gu/남구,Bangrim-dong/방림동
Daegu/대구,Nam-gu/남구,Bongdeog 1(il)-dong/봉덕1동
Daegu/대구,Nam-gu/남구,Bongdeog 2(i)-dong/봉덕2동
Daegu/대구,Nam-gu/남구,Bongdeog 3(sam)-dong/봉덕3동
Daegu/대구,Nam-gu/남구,Bongdeok-dong/봉덕동
Daegu/대구,Nam-gu/남구,Bongseon 1(il)-dong/봉선1동
Daegu/대구,Nam-gu/남구,Bongseon 2(i)-dong/봉선2동
Daegu/대구,Nam-gu/남구,Bongseon-dong/봉선동
Daegu/대구,Nam-gu/남구,Bugok-dong/부곡동
Daegu/대구,Nam-gu/남구,Chilseok-dong/칠석동
Daegu/대구,Nam-gu/남구,Daeji-dong/대지동
Daegu/대구,Nam-gu/남구,Daemyeong 1(il)-dong/대명1동
Daegu/대구,Nam-gu/남구,Daemyeong 10(sip)-dong/대명10동
Daegu/대구,Nam-gu/남구,Daemyeong 11(sibil)-dong/대명11동
Daegu/대구,Nam-gu/남구,Daemyeong 2(i)-dong/대명2동
Daegu/대구,Nam-gu/남구,Daemyeong 3(sam)-dong/대명3동
Daegu/대구,Nam-gu/남구,Daemyeong 4(sa)-dong/대명4동
Daegu/대구,Nam-gu/남구,Daemyeong 5(o)-dong/대명5동
Daegu/대구,Nam-gu/남구,Daemyeong 6(yuk)-dong/대명6동
Daegu/대구,Nam-gu/남구,Daemyeong 9(gu)-dong/대명9동
Daegu/대구,Nam-gu/남구,Daemyeong-dong/대명동
Daegu/대구,Nam-gu/남구,Daeyeon 1(il)-dong/대연1동
Daegu/대구,Nam-gu/남구,Daeyeon 2(i)-dong/대연2동
Daegu/대구,Nam-gu/남구,Daeyeon 3(sam)-dong/대연3동
Daegu/대구,Nam-gu/남구,Daeyeon 4(sa)-dong/대연4동
Daegu/대구,Nam-gu/남구,Daeyeon 5(o)-dong/대연5동
Daegu/대구,Nam-gu/남구,Daeyeon 6(yuk)-dong/대연6동
Daegu/대구,Nam-gu/남구,Daeyeon-dong/대연동
Daegu/대구,Nam-gu/남구,Dal-dong/달동
Daegu/대구,Nam-gu/남구,Deoknam-dong/덕남동
Daegu/대구,Nam-gu/남구,Dogeum-dong/도금동
Daegu/대구,Nam-gu/남구,Dohwa 1(il)-dong/도화1동
Daegu/대구,Nam-gu/남구,Dohwa 2(i)-dong/도화2동
Daegu/대구,Nam-gu/남구,Dohwa 3(sam)-dong/도화3동
Daegu/대구,Nam-gu/남구,Dohwa-dong/도화동
Daegu/대구,Nam-gu/남구,Duwang-dong/두왕동
Daegu/대구,Nam-gu/남구,Gaeun-dong/개운동
Daegu/대구,Nam-gu/남구,Gamman 1(il)-dong/감만1동
Daegu/대구,Nam-gu/남구,Gamman 2(i)-dong/감만2동
Daegu/대구,Nam-gu/남구,Gamman-dong/감만동
Daegu/대구,Nam-gu/남구,Gosa-dong/고사동
Daegu/대구,Nam-gu/남구,Gu-dong/구동
Daegu/대구,Nam-gu/남구,Guso-dong/구소동
Daegu/대구,Nam-gu/남구,Gwangyo-dong/관교동
Daegu/대구,Nam-gu/남구,Haengam-dong/행암동
Daegu/대구,Nam-gu/남구,Hagig 1(il)-dong/학익1동
Daegu/대구,Nam-gu/남구,Hagig 2(i)-dong/학익2동
Daegu/대구,Nam-gu/남구,Hagik-dong/학익동
Daegu/대구,Nam-gu/남구,Hwajang-dong/화장동
Daegu/대구,Nam-gu/남구,Hwangseong-dong/황성동
Daegu/대구,Nam-gu/남구,Icheon-dong/이천동
Daegu/대구,Nam-gu/남구,Ijang-dong/이장동
Daegu/대구,Nam-gu/남구,Imam-dong/임암동
Daegu/대구,Nam-gu/남구,Jangsaengpo-dong/장생포동
Daegu/대구,Nam-gu/남구,Jinwol-dong/진월동
Daegu/대구,Nam-gu/남구,Jiseok-dong/지석동
Daegu/대구,Nam-gu/남구,Juan 1(il)-dong/주안1동
Daegu/대구,Nam-gu/남구,Juan 2(i)-dong/주안2동
Daegu/대구,Nam-gu/남구,Juan 3(sam)-dong/주안3동
Daegu/대구,Nam-gu/남구,Juan 4(sa)-dong/주안4동
Daegu/대구,Nam-gu/남구,Juan 5(o)-dong/주안5동
Daegu/대구,Nam-gu/남구,Juan 6(yuk)-dong/주안6동
Daegu/대구,Nam-gu/남구,Juan 7(chil)-dong/주안7동
Daegu/대구,Nam-gu/남구,Juan 8(pal)-dong/주안8동
Daegu/대구,Nam-gu/남구,Juan-dong/주안동
Daegu/대구,Nam-gu/남구,Juwol-dong/주월동
Daegu/대구,Nam-gu/남구,Juwor 1(il)-dong/주월1동
Daegu/대구,Nam-gu/남구,Juwor 2(i)-dong/주월2동
Daegu/대구,Nam-gu/남구,Maeam-dong/매암동
Daegu/대구,Nam-gu/남구,Mugeo-dong/무거동
Daegu/대구,Nam-gu/남구,Munhak-dong/문학동
Daegu/대구,Nam-gu/남구,Munhyeon 1(il)-dong/문현1동
Daegu/대구,Nam-gu/남구,Munhyeon 2(i)-dong/문현2동
Daegu/대구,Nam-gu/남구,Munhyeon 3(sam)-dong/문현3동
Daegu/대구,Nam-gu/남구,Munhyeon 4(sa)-dong/문현4동
Daegu/대구,Nam-gu/남구,Munhyeon-dong/문현동
Daegu/대구,Nam-gu/남구,Namdaeguucheguksaseoham/남대구우체국사서함
Daegu/대구,Nam-gu/남구,Namhwa-dong/남화동
Daegu/대구,Nam-gu/남구,Namulsanucheguksaseoham/남울산우체국사서함
Daegu/대구,Nam-gu/남구,Nodae-dong/노대동
Daegu/대구,Nam-gu/남구,Ok-dong/옥동
Daegu/대구,Nam-gu/남구,Sa-dong/사동
Daegu/대구,Nam-gu/남구,Samsan-dong/삼산동
Daegu/대구,Nam-gu/남구,Sanggae-dong/상개동
Daegu/대구,Nam-gu/남구,Seo 1(il)-dong/서1동
Daegu/대구,Nam-gu/남구,Seo 2(i)-dong/서2동
Daegu/대구,Nam-gu/남구,Seo-dong/서동
Daegu/대구,Nam-gu/남구,Seokjeong-dong/석정동
Daegu/대구,Nam-gu/남구,Seonam-dong/선암동
Daegu/대구,Nam-gu/남구,Seongam-dong/성암동
Daegu/대구,Nam-gu/남구,Seungchon-dong/승촌동
Daegu/대구,Nam-gu/남구,Sinjang-dong/신장동
Daegu/대구,Nam-gu/남구,Sinjeong 1(il)-dong/신정1동
Daegu/대구,Nam-gu/남구,Sinjeong 2(i)-dong/신정2동
Daegu/대구,Nam-gu/남구,Sinjeong 3(sam)-dong/신정3동
Daegu/대구,Nam-gu/남구,Sinjeong 4(sa)-dong/신정4동
Daegu/대구,Nam-gu/남구,Sinjeong 5(o)-dong/신정5동
Daegu/대구,Nam-gu/남구,Sinjeong-dong/신정동
Daegu/대구,Nam-gu/남구,Songha-dong/송하동
Daegu/대구,Nam-gu/남구,Sungui 1(il)-dong/숭의1동
Daegu/대구,Nam-gu/남구,Sungui 2(i)-dong/숭의2동
Daegu/대구,Nam-gu/남구,Sungui 3(sam)-dong/숭의3동
Daegu/대구,Nam-gu/남구,Sungui 4(sa)-dong/숭의4동
Daegu/대구,Nam-gu/남구,Sungui-dong/숭의동
Daegu/대구,Nam-gu/남구,Uam 1(il)-dong/우암1동
Daegu/대구,Nam-gu/남구,Uam 2(i)-dong/우암2동
Daegu/대구,Nam-gu/남구,Uam-dong/우암동
Daegu/대구,Nam-gu/남구,Wolsan 1(il)-dong/월산1동
Daegu/대구,Nam-gu/남구,Wolsan 2(i)-dong/월산2동
Daegu/대구,Nam-gu/남구,Wolsan 3(sam)-dong/월산3동
Daegu/대구,Nam-gu/남구,Wolsan 4(sa)-dong/월산4동
Daegu/대구,Nam-gu/남구,Wolsan 5(o)-dong/월산5동
Daegu/대구,Nam-gu/남구,Wolsan-dong/월산동
Daegu/대구,Nam-gu/남구,Wolseong-dong/월성동
Daegu/대구,Nam-gu/남구,Wonsan-dong/원산동
Daegu/대구,Nam-gu/남구,Yaeum-dong/야음동
Daegu/대구,Nam-gu/남구,Yangchon-dong/양촌동
Daegu/대구,Nam-gu/남구,Yanggwa-dong/양과동
Daegu/대구,Nam-gu/남구,Yangrim-dong/양림동
Daegu/대구,Nam-gu/남구,Yeocheon-dong/여천동
Daegu/대구,Nam-gu/남구,Yongdang-dong/용당동
Daegu/대구,Nam-gu/남구,Yongho 1(il)-dong/용호1동
Daegu/대구,Nam-gu/남구,Yongho 2(i)-dong/용호2동
Daegu/대구,Nam-gu/남구,Yongho 3(sam)-dong/용호3동
Daegu/대구,Nam-gu/남구,Yongho 4(sa)-dong/용호4동
Daegu/대구,Nam-gu/남구,Yongho-dong/용호동
Daegu/대구,Nam-gu/남구,Yonghyeon 1(il)-dong/용현1동
Daegu/대구,Nam-gu/남구,Yonghyeon 2(i)-dong/용현2동
Daegu/대구,Nam-gu/남구,Yonghyeon 3(sam)-dong/용현3동
Daegu/대구,Nam-gu/남구,Yonghyeon 4(sa)-dong/용현4동
Daegu/대구,Nam-gu/남구,Yonghyeon 5(o)-dong/용현5동
Daegu/대구,Nam-gu/남구,Yonghyeon-dong/용현동
Daegu/대구,Nam-gu/남구,Yongjam-dong/용잠동
Daegu/대구,Nam-gu/남구,Yongyeon-dong/용연동
Daegu/대구,Seo-gu/서구,Amidong 1(il)-ga/아미동1가
Daegu/대구,Seo-gu/서구,Amidong 2(i)-ga/아미동2가
Daegu/대구,Seo-gu/서구,Ami-dong/아미동
Daegu/대구,Seo-gu/서구,Amnam-dong/암남동
Daegu/대구,Seo-gu/서구,Baekseok-dong/백석동
Daegu/대구,Seo-gu/서구,Bisan 1(il)-dong/비산1동
Daegu/대구,Seo-gu/서구,Bisan 2.3-dong/비산2.3동
Daegu/대구,Seo-gu/서구,Bisan 4(sa)-dong/비산4동
Daegu/대구,Seo-gu/서구,Bisan 5(o)-dong/비산5동
Daegu/대구,Seo-gu/서구,Bisan 6(yuk)-dong/비산6동
Daegu/대구,Seo-gu/서구,Bisan 7(chil)-dong/비산7동
Daegu/대구,Seo-gu/서구,Bisan-dong/비산동
Daegu/대구,Seo-gu/서구,Boksu-dong/복수동
Daegu/대구,Seo-gu/서구,Bonggok-dong/봉곡동
Daegu/대구,Seo-gu/서구,Bullo-dong/불로동
Daegu/대구,Seo-gu/서구,Bumindong 1(il)-ga/부민동1가
Daegu/대구,Seo-gu/서구,Bumindong 2(i)-ga/부민동2가
Daegu/대구,Seo-gu/서구,Bumindong 3(sam)-ga/부민동3가
Daegu/대구,Seo-gu/서구,Bumin-dong/부민동
Daegu/대구,Seo-gu/서구,Buyongdong 1(il)-ga/부용동1가
Daegu/대구,Seo-gu/서구,Buyongdong 2(i)-ga/부용동2가
Daegu/대구,Seo-gu/서구,Buyong-dong/부용동
Daegu/대구,Seo-gu/서구,Byeokjin-dong/벽진동
Daegu/대구,Seo-gu/서구,Byeon-dong/변동
Daegu/대구,Seo-gu/서구,Chipyeong-dong/치평동
Daegu/대구,Seo-gu/서구,Chojang-dong/초장동
Daegu/대구,Seo-gu/서구,Chungmudong 1(il)-ga/충무동1가
Daegu/대구,Seo-gu/서구,Chungmudong 2(i)-ga/충무동2가
Daegu/대구,Seo-gu/서구,Chungmudong 3(sam)-ga/충무동3가
Daegu/대구,Seo-gu/서구,Chungmu-dong/충무동
Daegu/대구,Seo-gu/서구,Daegok-dong/대곡동
Daegu/대구,Seo-gu/서구,Daejeondunsanucheguksaseoham/대전둔산우체국사서함
Daegu/대구,Seo-gu/서구,Dangha-dong/당하동
Daegu/대구,Seo-gu/서구,Deokheung-dong/덕흥동
Daegu/대구,Seo-gu/서구,Doan-dong/도안동
Daegu/대구,Seo-gu/서구,Doma 1(il)-dong/도마1동
Daegu/대구,Seo-gu/서구,Doma 2(i)-dong/도마2동
Daegu/대구,Seo-gu/서구,Doma-dong/도마동
Daegu/대구,Seo-gu/서구,Dongdaesindong 1(il)-ga/동대신동1가
Daegu/대구,Seo-gu/서구,Dongdaesindong 2(i)-ga/동대신동2가
Daegu/대구,Seo-gu/서구,Dongdaesindong 3(sam)-ga/동대신동3가
Daegu/대구,Seo-gu/서구,Dunsan 1(il)-dong/둔산1동
Daegu/대구,Seo-gu/서구,Dunsan 2(i)-dong/둔산2동
Daegu/대구,Seo-gu/서구,Dunsan-dong/둔산동
Daegu/대구,Seo-gu/서구,Gajang-dong/가장동
Daegu/대구,Seo-gu/서구,Gajeong 1(il)-dong/가정1동
Daegu/대구,Seo-gu/서구,Gajeong 2(i)-dong/가정2동
Daegu/대구,Seo-gu/서구,Gajeong 3(sam)-dong/가정3동
Daegu/대구,Seo-gu/서구,Gajeong-dong/가정동
Daegu/대구,Seo-gu/서구,Gajwa 1(il)-dong/가좌1동
Daegu/대구,Seo-gu/서구,Gajwa 2(i)-dong/가좌2동
Daegu/대구,Seo-gu/서구,Gajwa 3(sam)-dong/가좌3동
Daegu/대구,Seo-gu/서구,Gajwa 4(sa)-dong/가좌4동
Daegu/대구,Seo-gu/서구,Gajwa-dong/가좌동
Daegu/대구,Seo-gu/서구,Galma 1(il)-dong/갈마1동
Daegu/대구,Seo-gu/서구,Galma 2(i)-dong/갈마2동
Daegu/대구,Seo-gu/서구,Galma-dong/갈마동
Daegu/대구,Seo-gu/서구,Gasuwon-dong/가수원동
Daegu/대구,Seo-gu/서구,Geomam-dong/검암동
Daegu/대구,Seo-gu/서구,Geumgok-dong/금곡동
Daegu/대구,Seo-gu/서구,Geumho-dong/금호동
Daegu/대구,Seo-gu/서구,Goegok-dong/괴곡동
Daegu/대구,Seo-gu/서구,Goejeong-dong/괴정동
Daegu/대구,Seo-gu/서구,Gongchon-dong/공촌동
Daegu/대구,Seo-gu/서구,Gwangcheon-dong/광천동
Daegu/대구,Seo-gu/서구,Gwanjeo 1(il)-dong/관저1동
Daegu/대구,Seo-gu/서구,Gwanjeo 2(i)-dong/관저2동
Daegu/대구,Seo-gu/서구,Gwanjeo-dong/관저동
Daegu/대구,Seo-gu/서구,Gyeongseo-dong/경서동
Daegu/대구,Seo-gu/서구,Heukseok-dong/흑석동
Daegu/대구,Seo-gu/서구,Hwajeong 1(il)-dong/화정1동
Daegu/대구,Seo-gu/서구,Hwajeong 2(i)-dong/화정2동
Daegu/대구,Seo-gu/서구,Hwajeong 3(sam)-dong/화정3동
Daegu/대구,Seo-gu/서구,Hwajeong 4(sa)-dong/화정4동
Daegu/대구,Seo-gu/서구,Hwajeong-dong/화정동
Daegu/대구,Seo-gu/서구,Ihyeon-dong/이현동
Daegu/대구,Seo-gu/서구,Jangan-dong/장안동
Daegu/대구,Seo-gu/서구,Jeongrim-dong/정림동
Daegu/대구,Seo-gu/서구,Jungri-dong/중리동
Daegu/대구,Seo-gu/서구,Maeno-dong/매노동
Daegu/대구,Seo-gu/서구,Maewol-dong/매월동
Daegu/대구,Seo-gu/서구,Majeon-dong/마전동
Daegu/대구,Seo-gu/서구,Mannyeon-dong/만년동
Daegu/대구,Seo-gu/서구,Mareuk-dong/마륵동
Daegu/대구,Seo-gu/서구,Naebang-dong/내방동
Daegu/대구,Seo-gu/서구,Naedang 1(il)-dong/내당1동
Daegu/대구,Seo-gu/서구,Naedang 2.3-dong/내당2.3동
Daegu/대구,Seo-gu/서구,Naedang 4(sa)-dong/내당4동
Daegu/대구,Seo-gu/서구,Naedang-dong/내당동
Daegu/대구,Seo-gu/서구,Nae-dong/내동
Daegu/대구,Seo-gu/서구,Nambumin 1(il)-dong/남부민1동
Daegu/대구,Seo-gu/서구,Nambumin 2(i)-dong/남부민2동
Daegu/대구,Seo-gu/서구,Nambumin-dong/남부민동
Daegu/대구,Seo-gu/서구,Nongseong 1(il)-dong/농성1동
Daegu/대구,Seo-gu/서구,Nongseong 2(i)-dong/농성2동
Daegu/대구,Seo-gu/서구,Nongseong-dong/농성동
Daegu/대구,Seo-gu/서구,O-dong/오동
Daegu/대구,Seo-gu/서구,Oryu-dong/오류동
Daegu/대구,Seo-gu/서구,Pungam-dong/풍암동
Daegu/대구,Seo-gu/서구,Pyeongchon-dong/평촌동
Daegu/대구,Seo-gu/서구,Pyeongri 1(il)-dong/평리1동
Daegu/대구,Seo-gu/서구,Pyeongri 2(i)-dong/평리2동
Daegu/대구,Seo-gu/서구,Pyeongri 3(sam)-dong/평리3동
Daegu/대구,Seo-gu/서구,Pyeongri 4(sa)-dong/평리4동
Daegu/대구,Seo-gu/서구,Pyeongri 5(o)-dong/평리5동
Daegu/대구,Seo-gu/서구,Pyeongri 6(yuk)-dong/평리6동
Daegu/대구,Seo-gu/서구,Pyeongri-dong/평리동
Daegu/대구,Seo-gu/서구,Samcheon-dong/삼천동
Daegu/대구,Seo-gu/서구,Sangmu 1(il)-dong/상무1동
Daegu/대구,Seo-gu/서구,Sangmu 2(i)-dong/상무2동
Daegu/대구,Seo-gu/서구,Sangmu-dong/상무동
Daegu/대구,Seo-gu/서구,Sangri-dong/상리동
Daegu/대구,Seo-gu/서구,Sanjik-dong/산직동
Daegu/대구,Seo-gu/서구,Seha-dong/세하동
Daegu/대구,Seo-gu/서구,Seochang-dong/서창동
Daegu/대구,Seo-gu/서구,Seodaeguucheguksaseoham/서대구우체국사서함
Daegu/대구,Seo-gu/서구,Seodaesindong 1(il)-ga/서대신동1가
Daegu/대구,Seo-gu/서구,Seodaesindong 2(i)-ga/서대신동2가
Daegu/대구,Seo-gu/서구,Seodaesindong 3(sam)-ga/서대신동3가
Daegu/대구,Seo-gu/서구,Seogwangjuucheguksaseoham/서광주우체국사서함
Daegu/대구,Seo-gu/서구,Seoincheonucheguksaseoham/서인천우체국사서함
Daegu/대구,Seo-gu/서구,Seoknam 1(il)-dong/석남1동
Daegu/대구,Seo-gu/서구,Seoknam 2(i)-dong/석남2동
Daegu/대구,Seo-gu/서구,Seoknam 3(sam)-dong/석남3동
Daegu/대구,Seo-gu/서구,Seoknam-dong/석남동
Daegu/대구,Seo-gu/서구,Sicheon-dong/시천동
Daegu/대구,Seo-gu/서구,Simgok-dong/심곡동
Daegu/대구,Seo-gu/서구,Sinhyeon-dong/신현동
Daegu/대구,Seo-gu/서구,Ssangchon-dong/쌍촌동
Daegu/대구,Seo-gu/서구,Tanbang-dong/탄방동
Daegu/대구,Seo-gu/서구,Toseongdong 1(il)-ga/토성동1가
Daegu/대구,Seo-gu/서구,Toseongdong 2(i)-ga/토성동2가
Daegu/대구,Seo-gu/서구,Toseongdong 3(sam)-ga/토성동3가
Daegu/대구,Seo-gu/서구,Toseongdong 4(sa)-ga/토성동4가
Daegu/대구,Seo-gu/서구,Toseongdong 5(o)-ga/토성동5가
Daegu/대구,Seo-gu/서구,Toseong-dong/토성동
Daegu/대구,Seo-gu/서구,Umyeong-dong/우명동
Daegu/대구,Seo-gu/서구,Wanggil-dong/왕길동
Daegu/대구,Seo-gu/서구,Wolpyeong 1(il)-dong/월평1동
Daegu/대구,Seo-gu/서구,Wolpyeong 2(i)-dong/월평2동
Daegu/대구,Seo-gu/서구,Wolpyeong 3(sam)-dong/월평3동
Daegu/대구,Seo-gu/서구,Wolpyeong-dong/월평동
Daegu/대구,Seo-gu/서구,Wonchang-dong/원창동
Daegu/대구,Seo-gu/서구,Wondaedong 1(il)-ga/원대동1가
Daegu/대구,Seo-gu/서구,Wondaedong 2(i)-ga/원대동2가
Daegu/대구,Seo-gu/서구,Wondaedong 3(sam)-ga/원대동3가
Daegu/대구,Seo-gu/서구,Wondang-dong/원당동
Daegu/대구,Seo-gu/서구,Wonjeong-dong/원정동
Daegu/대구,Seo-gu/서구,Yang 1(il)-dong/양1동
Daegu/대구,Seo-gu/서구,Yang 2(i)-dong/양2동
Daegu/대구,Seo-gu/서구,Yang 3(sam)-dong/양3동
Daegu/대구,Seo-gu/서구,Yang-dong/양동
Daegu/대구,Seo-gu/서구,Yeonhui-dong/연희동
Daegu/대구,Seo-gu/서구,Yongchon-dong/용촌동
Daegu/대구,Seo-gu/서구,Yongdu-dong/용두동
Daegu/대구,Seo-gu/서구,Yongmun-dong/용문동
Daegu/대구,Seo-gu/서구,Yuchon-dong/유촌동
Daegu/대구,Suseong-gu/수성구,Beomeo 1(il)-dong/범어1동
Daegu/대구,Suseong-gu/수성구,Beomeo 2(i)-dong/범어2동
Daegu/대구,Suseong-gu/수성구,Beomeo 3(sam)-dong/범어3동
Daegu/대구,Suseong-gu/수성구,Beomeo 4(sa)-dong/범어4동
Daegu/대구,Suseong-gu/수성구,Beomeo-dong/범어동
Daegu/대구,Suseong-gu/수성구,Beommul-dong/범물동
Daegu/대구,Suseong-gu/수성구,Beommur 1(il)-dong/범물1동
Daegu/대구,Suseong-gu/수성구,Beommur 2(i)-dong/범물2동
Daegu/대구,Suseong-gu/수성구,Daegususeongucheguksaseoham/대구수성우체국사서함
Daegu/대구,Suseong-gu/수성구,Daeheung-dong/대흥동
Daegu/대구,Suseong-gu/수성구,Dusan-dong/두산동
Daegu/대구,Suseong-gu/수성구,Gacheon-dong/가천동
Daegu/대구,Suseong-gu/수성구,Gomo-dong/고모동
Daegu/대구,Suseong-gu/수성구,Hwanggeum 1(il)-dong/황금1동
Daegu/대구,Suseong-gu/수성구,Hwanggeum 2(i)-dong/황금2동
Daegu/대구,Suseong-gu/수성구,Hwanggeum-dong/황금동
Daegu/대구,Suseong-gu/수성구,Icheon-dong/이천동
Daegu/대구,Suseong-gu/수성구,Jisan 1(il)-dong/지산1동
Daegu/대구,Suseong-gu/수성구,Jisan 2(i)-dong/지산2동
Daegu/대구,Suseong-gu/수성구,Jisan-dong/지산동
Daegu/대구,Suseong-gu/수성구,Jung-dong/중동
Daegu/대구,Suseong-gu/수성구,Maeho-dong/매호동
Daegu/대구,Suseong-gu/수성구,Manchon 1(il)-dong/만촌1동
Daegu/대구,Suseong-gu/수성구,Manchon 2(i)-dong/만촌2동
Daegu/대구,Suseong-gu/수성구,Manchon 3(sam)-dong/만촌3동
Daegu/대구,Suseong-gu/수성구,Manchon-dong/만촌동
Daegu/대구,Suseong-gu/수성구,Nobyeon-dong/노변동
Daegu/대구,Suseong-gu/수성구,Pa-dong/파동
Daegu/대구,Suseong-gu/수성구,Samdeok-dong/삼덕동
Daegu/대구,Suseong-gu/수성구,Sang-dong/상동
Daegu/대구,Suseong-gu/수성구,Sawol-dong/사월동
Daegu/대구,Suseong-gu/수성구,Seong-dong/성동
Daegu/대구,Suseong-gu/수성구,Siji-dong/시지동
Daegu/대구,Suseong-gu/수성구,Sinmae-dong/신매동
Daegu/대구,Suseong-gu/수성구,Suseongdong 1(il)-ga/수성동1가
Daegu/대구,Suseong-gu/수성구,Suseongdong 2(i)-ga/수성동2가
Daegu/대구,Suseong-gu/수성구,Suseongdong 3(sam)-ga/수성동3가
Daegu/대구,Suseong-gu/수성구,Suseongdong 4(sa)-ga/수성동4가
Daegu/대구,Suseong-gu/수성구,Uksu-dong/욱수동
Daegu/대구,Suseong-gu/수성구,Yeonho-dong/연호동
Daejeon/대전,Daedeok-gu/대덕구,Beob 1(il)-dong/법1동
Daejeon/대전,Daedeok-gu/대덕구,Beob 2(i)-dong/법2동
Daejeon/대전,Daedeok-gu/대덕구,Beop-dong/법동
Daejeon/대전,Daedeok-gu/대덕구,Birae-dong/비래동
Daejeon/대전,Daedeok-gu/대덕구,Busu-dong/부수동
Daejeon/대전,Daedeok-gu/대덕구,Daehwa-dong/대화동
Daejeon/대전,Daedeok-gu/대덕구,Daejeondaedeogucheguksaseoham/대전대덕우체국사서함
Daejeon/대전,Daedeok-gu/대덕구,Deogam-dong/덕암동
Daejeon/대전,Daedeok-gu/대덕구,Eupnae-dong/읍내동
Daejeon/대전,Daedeok-gu/대덕구,Galjeon-dong/갈전동
Daejeon/대전,Daedeok-gu/대덕구,Hwangho-dong/황호동
Daejeon/대전,Daedeok-gu/대덕구,Ihyeon-dong/이현동
Daejeon/대전,Daedeok-gu/대덕구,Jang-dong/장동
Daejeon/대전,Daedeok-gu/대덕구,Jungri-dong/중리동
Daejeon/대전,Daedeok-gu/대덕구,Miho-dong/미호동
Daejeon/대전,Daedeok-gu/대덕구,Moksang-dong/목상동
Daejeon/대전,Daedeok-gu/대덕구,Munpyeong-dong/문평동
Daejeon/대전,Daedeok-gu/대덕구,Ojeong-dong/오정동
Daejeon/대전,Daedeok-gu/대덕구,Pyeongchon-dong/평촌동
Daejeon/대전,Daedeok-gu/대덕구,Samjeong-dong/삼정동
Daejeon/대전,Daedeok-gu/대덕구,Sangseo-dong/상서동
Daejeon/대전,Daedeok-gu/대덕구,Seokbong-dong/석봉동
Daejeon/대전,Daedeok-gu/대덕구,Sindae-dong/신대동
Daejeon/대전,Daedeok-gu/대덕구,Sinil-dong/신일동
Daejeon/대전,Daedeok-gu/대덕구,Sintanjin-dong/신탄진동
Daejeon/대전,Daedeok-gu/대덕구,Songchon-dong/송촌동
Daejeon/대전,Daedeok-gu/대덕구,Wa-dong/와동
Daejeon/대전,Daedeok-gu/대덕구,Yeonchuk-dong/연축동
Daejeon/대전,Daedeok-gu/대덕구,Yongho-dong/용호동
Daejeon/대전,Dong-gu/동구,Baegan-dong/백안동
Daejeon/대전,Dong-gu/동구,Bangchon-dong/방촌동
Daejeon/대전,Dong-gu/동구,Bangeo-dong/방어동
Daejeon/대전,Dong-gu/동구,Beomil-dong/범일동
Daejeon/대전,Dong-gu/동구,Beomir 1(il)-dong/범일1동
Daejeon/대전,Dong-gu/동구,Beomir 2(i)-dong/범일2동
Daejeon/대전,Dong-gu/동구,Beomir 4(sa)-dong/범일4동
Daejeon/대전,Dong-gu/동구,Beomir 5(o)-dong/범일5동
Daejeon/대전,Dong-gu/동구,Biryong-dong/비룡동
Daejeon/대전,Dong-gu/동구,Bongmu-dong/봉무동
Daejeon/대전,Dong-gu/동구,Bu-dong/부동
Daejeon/대전,Dong-gu/동구,Bullo-dong/불로동
Daejeon/대전,Dong-gu/동구,Bullo-dong/불로동
Daejeon/대전,Dong-gu/동구,Changyeong-dong/창영동
Daejeon/대전,Dong-gu/동구,Cheon-dong/천동
Daejeon/대전,Dong-gu/동구,Choryang 1(il)-dong/초량1동
Daejeon/대전,Dong-gu/동구,Choryang 2(i)-dong/초량2동
Daejeon/대전,Dong-gu/동구,Choryang 3(sam)-dong/초량3동
Daejeon/대전,Dong-gu/동구,Choryang 6(yuk)-dong/초량6동
Daejeon/대전,Dong-gu/동구,Choryang-dong/초량동
Daejeon/대전,Dong-gu/동구,Chu-dong/추동
Daejeon/대전,Dong-gu/동구,Chungjangro 1(il)-ga/충장로1가
Daejeon/대전,Dong-gu/동구,Chungjangro 2(i)-ga/충장로2가
Daejeon/대전,Dong-gu/동구,Chungjangro 3(sam)-ga/충장로3가
Daejeon/대전,Dong-gu/동구,Chungjangro 4(sa)-ga/충장로4가
Daejeon/대전,Dong-gu/동구,Chungjangro 5(o)-ga/충장로5가
Daejeon/대전,Dong-gu/동구,Dae 1(il)-dong/대1동
Daejeon/대전,Dong-gu/동구,Dae 2(i)-dong/대2동
Daejeon/대전,Dong-gu/동구,Daebyeol-dong/대별동
Daejeon/대전,Dong-gu/동구,Dae-dong/대동
Daejeon/대전,Dong-gu/동구,Daein-dong/대인동
Daejeon/대전,Dong-gu/동구,Daejeonucheguksaseoham/대전우체국사서함
Daejeon/대전,Dong-gu/동구,Daerim-dong/대림동
Daejeon/대전,Dong-gu/동구,Daeseong-dong/대성동
Daejeon/대전,Dong-gu/동구,Daesong-dong/대송동
Daejeon/대전,Dong-gu/동구,Daeui-dong/대의동
Daejeon/대전,Dong-gu/동구,Deokgok-dong/덕곡동
Daejeon/대전,Dong-gu/동구,Do-dong/도동
Daejeon/대전,Dong-gu/동구,Dohak-dong/도학동
Daejeon/대전,Dong-gu/동구,Dongbu-dong/동부동
Daejeon/대전,Dong-gu/동구,Dongbusanucheguksaseoham/동부산우체국사서함
Daejeon/대전,Dong-gu/동구,Dongdaeguucheguksaseoham/동대구우체국사서함
Daejeon/대전,Dong-gu/동구,Dongho-dong/동호동
Daejeon/대전,Dong-gu/동구,Dongmyeong-dong/동명동
Daejeon/대전,Dong-gu/동구,Dongnae-dong/동내동
Daejeon/대전,Dong-gu/동구,Dongulsanucheguksaseoham/동울산우체국사서함
Daejeon/대전,Dong-gu/동구,Dunsan-dong/둔산동
Daejeon/대전,Dong-gu/동구,Gaksan-dong/각산동
Daejeon/대전,Dong-gu/동구,Gao-dong/가오동
Daejeon/대전,Dong-gu/동구,Gayang 1(il)-dong/가양1동
Daejeon/대전,Dong-gu/동구,Gayang 2(i)-dong/가양2동
Daejeon/대전,Dong-gu/동구,Gayang-dong/가양동
Daejeon/대전,Dong-gu/동구,Geomsa-dong/검사동
Daejeon/대전,Dong-gu/동구,Geum-dong/금동
Daejeon/대전,Dong-gu/동구,Geumgang-dong/금강동
Daejeon/대전,Dong-gu/동구,Geumgok-dong/금곡동
Daejeon/대전,Dong-gu/동구,Geumnamro 1(il)-ga/금남로1가
Daejeon/대전,Dong-gu/동구,Geumnamro 2(i)-ga/금남로2가
Daejeon/대전,Dong-gu/동구,Geumnamro 3(sam)-ga/금남로3가
Daejeon/대전,Dong-gu/동구,Geumnamro 4(sa)-ga/금남로4가
Daejeon/대전,Dong-gu/동구,Geumnamro 5(o)-ga/금남로5가
Daejeon/대전,Dong-gu/동구,Goejeon-dong/괴전동
Daejeon/대전,Dong-gu/동구,Gudo-dong/구도동
Daejeon/대전,Dong-gu/동구,Gung-dong/궁동
Daejeon/대전,Dong-gu/동구,Gwangjuucheguksaseoham/광주우체국사서함
Daejeon/대전,Dong-gu/동구,Gwangsan-dong/광산동
Daejeon/대전,Dong-gu/동구,Gyerim 1(il)-dong/계림1동
Daejeon/대전,Dong-gu/동구,Gyerim 2(i)-dong/계림2동
Daejeon/대전,Dong-gu/동구,Gyerim-dong/계림동
Daejeon/대전,Dong-gu/동구,Hak-dong/학동
Daejeon/대전,Dong-gu/동구,Haso-dong/하소동
Daejeon/대전,Dong-gu/동구,Honam-dong/호남동
Daejeon/대전,Dong-gu/동구,Hongdo-dong/홍도동
Daejeon/대전,Dong-gu/동구,Hwajeong-dong/화정동
Daejeon/대전,Dong-gu/동구,Hwanggeum-dong/황금동
Daejeon/대전,Dong-gu/동구,Hwapyeong-dong/화평동
Daejeon/대전,Dong-gu/동구,Hwasu 1(il)-dong/화수1동
Daejeon/대전,Dong-gu/동구,Hwasu 2(i)-dong/화수2동
Daejeon/대전,Dong-gu/동구,Hwasu-dong/화수동
Daejeon/대전,Dong-gu/동구,Hyo-dong/효동
Daejeon/대전,Dong-gu/동구,Hyomog 1(il)-dong/효목1동
Daejeon/대전,Dong-gu/동구,Hyomog 2(i)-dong/효목2동
Daejeon/대전,Dong-gu/동구,Hyomok-dong/효목동
Daejeon/대전,Dong-gu/동구,Hyopyeong-dong/효평동
Daejeon/대전,Dong-gu/동구,Ilsan-dong/일산동
Daejeon/대전,Dong-gu/동구,In-dong/인동
Daejeon/대전,Dong-gu/동구,Ipseok-dong/입석동
Daejeon/대전,Dong-gu/동구,Isa-dong/이사동
Daejeon/대전,Dong-gu/동구,Jangcheok-dong/장척동
Daejeon/대전,Dong-gu/동구,Jang-dong/장동
Daejeon/대전,Dong-gu/동구,Jayang-dong/자양동
Daejeon/대전,Dong-gu/동구,Jeong-dong/정동
Daejeon/대전,Dong-gu/동구,Jeonha 1(il)-dong/전하1동
Daejeon/대전,Dong-gu/동구,Jeonha 2(i)-dong/전하2동
Daejeon/대전,Dong-gu/동구,Jeonha-dong/전하동
Daejeon/대전,Dong-gu/동구,Jijeo-dong/지저동
Daejeon/대전,Dong-gu/동구,Jik-dong/직동
Daejeon/대전,Dong-gu/동구,Jimyo-dong/지묘동
Daejeon/대전,Dong-gu/동구,Jinin-dong/진인동
Daejeon/대전,Dong-gu/동구,Jisan 1(il)-dong/지산1동
Daejeon/대전,Dong-gu/동구,Jisan 2(i)-dong/지산2동
Daejeon/대전,Dong-gu/동구,Jisan-dong/지산동
Daejeon/대전,Dong-gu/동구,Juchon-dong/주촌동
Daejeon/대전,Dong-gu/동구,Jujeon-dong/주전동
Daejeon/대전,Dong-gu/동구,Jungdae-dong/중대동
Daejeon/대전,Dong-gu/동구,Jung-dong/중동
Daejeon/대전,Dong-gu/동구,Jusan-dong/주산동
Daejeon/대전,Dong-gu/동구,Jwacheon 1(il)-dong/좌천1동
Daejeon/대전,Dong-gu/동구,Jwacheon 4(sa)-dong/좌천4동
Daejeon/대전,Dong-gu/동구,Jwacheon-dong/좌천동
Daejeon/대전,Dong-gu/동구,Maeyeo-dong/매여동
Daejeon/대전,Dong-gu/동구,Manseok-dong/만석동
Daejeon/대전,Dong-gu/동구,Masan-dong/마산동
Daejeon/대전,Dong-gu/동구,Midae-dong/미대동
Daejeon/대전,Dong-gu/동구,Migok-dong/미곡동
Daejeon/대전,Dong-gu/동구,Nae-dong/내동
Daejeon/대전,Dong-gu/동구,Naegok-dong/내곡동
Daejeon/대전,Dong-gu/동구,Naenam-dong/내남동
Daejeon/대전,Dong-gu/동구,Naetap-dong/내탑동
Daejeon/대전,Dong-gu/동구,Nam-dong/남동
Daejeon/대전,Dong-gu/동구,Nangwol-dong/낭월동
Daejeon/대전,Dong-gu/동구,Neungseong-dong/능성동
Daejeon/대전,Dong-gu/동구,O-dong/오동
Daejeon/대전,Dong-gu/동구,Panam 1(il)-dong/판암1동
Daejeon/대전,Dong-gu/동구,Panam 2(i)-dong/판암2동
Daejeon/대전,Dong-gu/동구,Panam-dong/판암동
Daejeon/대전,Dong-gu/동구,Pyeonggwang-dong/평광동
Daejeon/대전,Dong-gu/동구,Sabok-dong/사복동
Daejeon/대전,Dong-gu/동구,Samgoe-dong/삼괴동
Daejeon/대전,Dong-gu/동구,Samjeong-dong/삼정동
Daejeon/대전,Dong-gu/동구,Samseong-dong/삼성동
Daejeon/대전,Dong-gu/동구,Sangmae-dong/상매동
Daejeon/대전,Dong-gu/동구,Sangso-dong/상소동
Daejeon/대전,Dong-gu/동구,Sansu 1(il)-dong/산수1동
Daejeon/대전,Dong-gu/동구,Sansu 2(i)-dong/산수2동
Daejeon/대전,Dong-gu/동구,Sansu-dong/산수동
Daejeon/대전,Dong-gu/동구,Saseong-dong/사성동
Daejeon/대전,Dong-gu/동구,Secheon-dong/세천동
Daejeon/대전,Dong-gu/동구,Seobu-dong/서부동
Daejeon/대전,Dong-gu/동구,Seoho-dong/서호동
Daejeon/대전,Dong-gu/동구,Seongnam-dong/성남동
Daejeon/대전,Dong-gu/동구,Seongyo-dong/선교동
Daejeon/대전,Dong-gu/동구,Seoseok-dong/서석동
Daejeon/대전,Dong-gu/동구,Sinam 1(il)-dong/신암1동
Daejeon/대전,Dong-gu/동구,Sinam 2(i)-dong/신암2동
Daejeon/대전,Dong-gu/동구,Sinam 3(sam)-dong/신암3동
Daejeon/대전,Dong-gu/동구,Sinam 4(sa)-dong/신암4동
Daejeon/대전,Dong-gu/동구,Sinam 5(o)-dong/신암5동
Daejeon/대전,Dong-gu/동구,Sinam-dong/신암동
Daejeon/대전,Dong-gu/동구,Sinan-dong/신안동
Daejeon/대전,Dong-gu/동구,Sincheon 2(i)-dong/신천1.2동
Daejeon/대전,Dong-gu/동구,Sincheon 3(sam)-dong/신천3동
Daejeon/대전,Dong-gu/동구,Sincheon 4(sa)-dong/신천4동
Daejeon/대전,Dong-gu/동구,Sincheon-dong/신천동
Daejeon/대전,Dong-gu/동구,Sinchon-dong/신촌동
Daejeon/대전,Dong-gu/동구,Singi-dong/신기동
Daejeon/대전,Dong-gu/동구,Sinha-dong/신하동
Daejeon/대전,Dong-gu/동구,Sinheung-dong/신흥동
Daejeon/대전,Dong-gu/동구,Sinmu-dong/신무동
Daejeon/대전,Dong-gu/동구,Sinpyeong-dong/신평동
Daejeon/대전,Dong-gu/동구,Sinsang-dong/신상동
Daejeon/대전,Dong-gu/동구,Sinseo-dong/신서동
Daejeon/대전,Dong-gu/동구,Sinyong-dong/신용동
Daejeon/대전,Dong-gu/동구,Soho-dong/소호동
Daejeon/대전,Dong-gu/동구,Soje-dong/소제동
Daejeon/대전,Dong-gu/동구,Songhyeon 1(il)-dong/송현1동
Daejeon/대전,Dong-gu/동구,Songhyeon 2(i)-dong/송현2동
Daejeon/대전,Dong-gu/동구,Songhyeon 3(sam)-dong/송현3동
Daejeon/대전,Dong-gu/동구,Songhyeon-dong/송현동
Daejeon/대전,Dong-gu/동구,Songjeong-dong/송정동
Daejeon/대전,Dong-gu/동구,Songrim 1(il)-dong/송림1동
Daejeon/대전,Dong-gu/동구,Songrim 2(i)-dong/송림2동
Daejeon/대전,Dong-gu/동구,Songrim 3(sam)-dong/송림3동
Daejeon/대전,Dong-gu/동구,Songrim 4(sa)-dong/송림4동
Daejeon/대전,Dong-gu/동구,Songrim 5(o)-dong/송림5동
Daejeon/대전,Dong-gu/동구,Songrim 6(yuk)-dong/송림6동
Daejeon/대전,Dong-gu/동구,Songrim-dong/송림동
Daejeon/대전,Dong-gu/동구,Sotae-dong/소태동
Daejeon/대전,Dong-gu/동구,Sugi-dong/수기동
Daejeon/대전,Dong-gu/동구,Sujeong 1(il)-dong/수정1동
Daejeon/대전,Dong-gu/동구,Sujeong 2(i)-dong/수정2동
Daejeon/대전,Dong-gu/동구,Sujeong 4(sa)-dong/수정4동
Daejeon/대전,Dong-gu/동구,Sujeong 5(o)-dong/수정5동
Daejeon/대전,Dong-gu/동구,Sujeong-dong/수정동
Daejeon/대전,Dong-gu/동구,Sukcheon-dong/숙천동
Daejeon/대전,Dong-gu/동구,Unrim-dong/운림동
Daejeon/대전,Dong-gu/동구,Wolnam-dong/월남동
Daejeon/대전,Dong-gu/동구,Won-dong/원동
Daejeon/대전,Dong-gu/동구,Yonggye-dong/용계동
Daejeon/대전,Dong-gu/동구,Yonggye-dong/용계동
Daejeon/대전,Dong-gu/동구,Yongjeon-dong/용전동
Daejeon/대전,Dong-gu/동구,Yongsan-dong/용산동
Daejeon/대전,Dong-gu/동구,Yongsu-dong/용수동
Daejeon/대전,Dong-gu/동구,Yongun-dong/용운동
Daejeon/대전,Dong-gu/동구,Yongyeon-dong/용연동
Daejeon/대전,Dong-gu/동구,Yulha-dong/율하동
Daejeon/대전,Dong-gu/동구,Yuram-dong/율암동
Daejeon/대전,Jung-gu/중구,Anyeong-dong/안영동
Daejeon/대전,Jung-gu/중구,Bangsan-dong/방산동
Daejeon/대전,Jung-gu/중구,Bangu 1(il)-dong/반구1동
Daejeon/대전,Jung-gu/중구,Bangu 2(i)-dong/반구2동
Daejeon/대전,Jung-gu/중구,Bangu-dong/반구동
Daejeon/대전,Jung-gu/중구,Boksan 1(il)-dong/복산1동
Daejeon/대전,Jung-gu/중구,Boksan 2(i)-dong/복산2동
Daejeon/대전,Jung-gu/중구,Boksan-dong/복산동
Daejeon/대전,Jung-gu/중구,Bongraedong 1(il)-ga/봉래동1가
Daejeon/대전,Jung-gu/중구,Bongraedong 2(i)-ga/봉래동2가
Daejeon/대전,Jung-gu/중구,Bongsan-dong/봉산동
Daejeon/대전,Jung-gu/중구,Bosudong 1(il)-ga/보수동1가
Daejeon/대전,Jung-gu/중구,Bosudong 2(i)-ga/보수동2가
Daejeon/대전,Jung-gu/중구,Bosudong 3(sam)-ga/보수동3가
Daejeon/대전,Jung-gu/중구,Bosu-dong/보수동
Daejeon/대전,Jung-gu/중구,Bukchang-dong/북창동
Daejeon/대전,Jung-gu/중구,Bukjeong-dong/북정동
Daejeon/대전,Jung-gu/중구,Buknae-dong/북내동
Daejeon/대전,Jung-gu/중구,Bukseongdong 1(il)-ga/북성동1가
Daejeon/대전,Jung-gu/중구,Bukseongdong 2(i)-ga/북성동2가
Daejeon/대전,Jung-gu/중구,Bukseongdong 3(sam)-ga/북성동3가
Daejeon/대전,Jung-gu/중구,Bukseongro 1(il)-ga/북성로1가
Daejeon/대전,Jung-gu/중구,Bukseongro 2(i)-ga/북성로2가
Daejeon/대전,Jung-gu/중구,Bupyeongdong 1(il)-ga/부평동1가
Daejeon/대전,Jung-gu/중구,Bupyeongdong 2(i)-ga/부평동2가
Daejeon/대전,Jung-gu/중구,Bupyeongdong 3(sam)-ga/부평동3가
Daejeon/대전,Jung-gu/중구,Bupyeongdong 4(sa)-ga/부평동4가
Daejeon/대전,Jung-gu/중구,Bupyeong-dong/부평동
Daejeon/대전,Jung-gu/중구,Busa-dong/부사동
Daejeon/대전,Jung-gu/중구,Busanucheguksaseoham/부산우체국사서함
Daejeon/대전,Jung-gu/중구,Changseondong 1(il)-ga/창선동1가
Daejeon/대전,Jung-gu/중구,Changseondong 2(i)-ga/창선동2가
Daejeon/대전,Jung-gu/중구,Changseon-dong/창선동
Daejeon/대전,Jung-gu/중구,Chimsan-dong/침산동
Daejeon/대전,Jung-gu/중구,Cho-dong/초동
Daejeon/대전,Jung-gu/중구,Chungjeongro 1(il)-ga/충정로1가
Daejeon/대전,Jung-gu/중구,Chungmuro 1(il)-ga/충무로1가
Daejeon/대전,Jung-gu/중구,Chungmuro 2(i)-ga/충무로2가
Daejeon/대전,Jung-gu/중구,Chungmuro 3(sam)-ga/충무로3가
Daejeon/대전,Jung-gu/중구,Chungmuro 4(sa)-ga/충무로4가
Daejeon/대전,Jung-gu/중구,Chungmuro 5(o)-ga/충무로5가
Daejeon/대전,Jung-gu/중구,Da-dong/다동
Daejeon/대전,Jung-gu/중구,Daean-dong/대안동
Daejeon/대전,Jung-gu/중구,Daebong 1(il)-dong/대봉1동
Daejeon/대전,Jung-gu/중구,Daebong 2(i)-dong/대봉2동
Daejeon/대전,Jung-gu/중구,Daebong-dong/대봉동
Daejeon/대전,Jung-gu/중구,Daechangdong 1(il)-ga/대창동1가
Daejeon/대전,Jung-gu/중구,Daechangdong 2(i)-ga/대창동2가
Daejeon/대전,Jung-gu/중구,Daechang-dong/대창동
Daejeon/대전,Jung-gu/중구,Daecheongdong 1(il)-ga/대청동1가
Daejeon/대전,Jung-gu/중구,Daecheongdong 2(i)-ga/대청동2가
Daejeon/대전,Jung-gu/중구,Daecheongdong 3(sam)-ga/대청동3가
Daejeon/대전,Jung-gu/중구,Daecheongdong 4(sa)-ga/대청동4가
Daejeon/대전,Jung-gu/중구,Daecheong-dong/대청동
Daejeon/대전,Jung-gu/중구,Daeguucheguksaseoham/대구우체국사서함
Daejeon/대전,Jung-gu/중구,Daeheung-dong/대흥동
Daejeon/대전,Jung-gu/중구,Daesa-dong/대사동
Daejeon/대전,Jung-gu/중구,Daesin-dong/대신동
Daejeon/대전,Jung-gu/중구,Dalseong-dong/달성동
Daejeon/대전,Jung-gu/중구,Dap-dong/답동
Daejeon/대전,Jung-gu/중구,Daun-dong/다운동
Daejeon/대전,Jung-gu/중구,Deokgyo-dong/덕교동
Daejeon/대전,Jung-gu/중구,Deoksan-dong/덕산동
Daejeon/대전,Jung-gu/중구,Dong-dong/동동
Daejeon/대전,Jung-gu/중구,Donggwangdong 1(il)-ga/동광동1가
Daejeon/대전,Jung-gu/중구,Donggwangdong 2(i)-ga/동광동2가
Daejeon/대전,Jung-gu/중구,Donggwangdong 3(sam)-ga/동광동3가
Daejeon/대전,Jung-gu/중구,Donggwangdong 4(sa)-ga/동광동4가
Daejeon/대전,Jung-gu/중구,Donggwangdong 5(o)-ga/동광동5가
Daejeon/대전,Jung-gu/중구,Donggwang-dong/동광동
Daejeon/대전,Jung-gu/중구,Dongil-dong/동일동
Daejeon/대전,Jung-gu/중구,Dongindong 1(il)-ga/동인동1가
Daejeon/대전,Jung-gu/중구,Dongindong 2(i)-ga/동인동2가
Daejeon/대전,Jung-gu/중구,Dongindong 3(sam)-ga/동인동3가
Daejeon/대전,Jung-gu/중구,Dongindong 4(sa)-ga/동인동4가
Daejeon/대전,Jung-gu/중구,Dongmun-dong/동문동
Daejeon/대전,Jung-gu/중구,Dongsan-dong/동산동
Daejeon/대전,Jung-gu/중구,Dongseongro 1(il)-ga/동성로1가
Daejeon/대전,Jung-gu/중구,Dongseongro 2(i)-ga/동성로2가
Daejeon/대전,Jung-gu/중구,Dongseongro 3(sam)-ga/동성로3가
Daejeon/대전,Jung-gu/중구,Dowon-dong/도원동
Daejeon/대전,Jung-gu/중구,Dowon-dong/도원동
Daejeon/대전,Jung-gu/중구,Eonam-dong/어남동
Daejeon/대전,Jung-gu/중구,Euljiro 1(il)-ga/을지로1가
Daejeon/대전,Jung-gu/중구,Euljiro 2(i)-ga/을지로2가
Daejeon/대전,Jung-gu/중구,Euljiro 3(sam)-ga/을지로3가
Daejeon/대전,Jung-gu/중구,Euljiro 4(sa)-ga/을지로4가
Daejeon/대전,Jung-gu/중구,Euljiro 5(o)-ga/을지로5가
Daejeon/대전,Jung-gu/중구,Euljiro 6(yuk)-ga/을지로6가
Daejeon/대전,Jung-gu/중구,Euljiro 7(chil)-ga/을지로7가
Daejeon/대전,Jung-gu/중구,Eunhaeng-dong/은행동
Daejeon/대전,Jung-gu/중구,Eurwang-dong/을왕동
Daejeon/대전,Jung-gu/중구,Geum-dong/금동
Daejeon/대전,Jung-gu/중구,Gongpyeong-dong/공평동
Daejeon/대전,Jung-gu/중구,Guwan-dong/구완동
Daejeon/대전,Jung-gu/중구,Gwandong 1(il)-ga/관동1가
Daejeon/대전,Jung-gu/중구,Gwandong 2(i)-ga/관동2가
Daejeon/대전,Jung-gu/중구,Gwandong 3(sam)-ga/관동3가
Daejeon/대전,Jung-gu/중구,Gwangbokdong 1(il)-ga/광복동1가
Daejeon/대전,Jung-gu/중구,Gwangbokdong 2(i)-ga/광복동2가
Daejeon/대전,Jung-gu/중구,Gwangbokdong 3(sam)-ga/광복동3가
Daejeon/대전,Jung-gu/중구,Gwangbok-dong/광복동
Daejeon/대전,Jung-gu/중구,Gwanghuidong 1(il)-ga/광희동1가
Daejeon/대전,Jung-gu/중구,Gwanghuidong 2(i)-ga/광희동2가
Daejeon/대전,Jung-gu/중구,Gyeong-dong/경동
Daejeon/대전,Jung-gu/중구,Gyesandong 1(il)-ga/계산동1가
Daejeon/대전,Jung-gu/중구,Gyesandong 2(i)-ga/계산동2가
Daejeon/대전,Jung-gu/중구,Gyo-dong/교동
Daejeon/대전,Jung-gu/중구,Gyo-dong/교동
Daejeon/대전,Jung-gu/중구,Haeandong 1(il)-ga/해안동1가
Daejeon/대전,Jung-gu/중구,Haeandong 2(i)-ga/해안동2가
Daejeon/대전,Jung-gu/중구,Haeandong 3(sam)-ga/해안동3가
Daejeon/대전,Jung-gu/중구,Haeandong 4(sa)-ga/해안동4가
Daejeon/대전,Jung-gu/중구,Haksan-dong/학산동
Daejeon/대전,Jung-gu/중구,Hakseong-dong/학성동
Daejeon/대전,Jung-gu/중구,Hangdong 1(il)-ga/항동1가
Daejeon/대전,Jung-gu/중구,Hangdong 2(i)-ga/항동2가
Daejeon/대전,Jung-gu/중구,Hangdong 3(sam)-ga/항동3가
Daejeon/대전,Jung-gu/중구,Hangdong 4(sa)-ga/항동4가
Daejeon/대전,Jung-gu/중구,Hangdong 5(o)-ga/항동5가
Daejeon/대전,Jung-gu/중구,Hangdong 6(yuk)-ga/항동6가
Daejeon/대전,Jung-gu/중구,Hangdong 7(chil)-ga/항동7가
Daejeon/대전,Jung-gu/중구,Haseo-dong/하서동
Daejeon/대전,Jung-gu/중구,Heungin-dong/흥인동
Daejeon/대전,Jung-gu/중구,Ho-dong/호동
Daejeon/대전,Jung-gu/중구,Hoehyeondong 1(il)-ga/회현동1가
Daejeon/대전,Jung-gu/중구,Hoehyeondong 2(i)-ga/회현동2가
Daejeon/대전,Jung-gu/중구,Hoehyeondong 3(sam)-ga/회현동3가
Daejeon/대전,Jung-gu/중구,Hwajeon-dong/화전동
Daejeon/대전,Jung-gu/중구,Hwanghak-dong/황학동
Daejeon/대전,Jung-gu/중구,Hyangchon-dong/향촌동
Daejeon/대전,Jung-gu/중구,Incheongonghangucheguksaseoham/인천공항우체국사서함
Daejeon/대전,Jung-gu/중구,Ingyo-dong/인교동
Daejeon/대전,Jung-gu/중구,Inhyeondong 1(il)-ga/인현동1가
Daejeon/대전,Jung-gu/중구,Inhyeondong 2(i)-ga/인현동2가
Daejeon/대전,Jung-gu/중구,Inhyeon-dong/인현동
Daejeon/대전,Jung-gu/중구,Ipjeong-dong/입정동
Daejeon/대전,Jung-gu/중구,Jangchungdong 1(il)-ga/장충동1가
Daejeon/대전,Jung-gu/중구,Jangchungdong 2(i)-ga/장충동2가
Daejeon/대전,Jung-gu/중구,Janggwan-dong/장관동
Daejeon/대전,Jung-gu/중구,Janggyo-dong/장교동
Daejeon/대전,Jung-gu/중구,Janghyeon-dong/장현동
Daejeon/대전,Jung-gu/중구,Jeodong 1(il)-ga/저동1가
Daejeon/대전,Jung-gu/중구,Jeodong 2(i)-ga/저동2가
Daejeon/대전,Jung-gu/중구,Jeon-dong/전동
Daejeon/대전,Jung-gu/중구,Jeon-dong/전동
Daejeon/대전,Jung-gu/중구,Jeong-dong/정동
Daejeon/대전,Jung-gu/중구,Jeongsaeng-dong/정생동
Daejeon/대전,Jung-gu/중구,Jongro 1(il)-ga/종로1가
Daejeon/대전,Jung-gu/중구,Jongro 2(i)-ga/종로2가
Daejeon/대전,Jung-gu/중구,Jugyo-dong/주교동
Daejeon/대전,Jung-gu/중구,Juja-dong/주자동
Daejeon/대전,Jung-gu/중구,Jungangdong 1(il)-ga/중앙동1가
Daejeon/대전,Jung-gu/중구,Jungangdong 1(il)-ga/중앙동1가
Daejeon/대전,Jung-gu/중구,Jungangdong 2(i)-ga/중앙동2가
Daejeon/대전,Jung-gu/중구,Jungangdong 2(i)-ga/중앙동2가
Daejeon/대전,Jung-gu/중구,Jungangdong 3(sam)-ga/중앙동3가
Daejeon/대전,Jung-gu/중구,Jungangdong 3(sam)-ga/중앙동3가
Daejeon/대전,Jung-gu/중구,Jungangdong 4(sa)-ga/중앙동4가
Daejeon/대전,Jung-gu/중구,Jungangdong 4(sa)-ga/중앙동4가
Daejeon/대전,Jung-gu/중구,Jungangdong 5(o)-ga/중앙동5가
Daejeon/대전,Jung-gu/중구,Jungangdong 6(yuk)-ga/중앙동6가
Daejeon/대전,Jung-gu/중구,Jungangdong 7(chil)-ga/중앙동7가
Daejeon/대전,Jung-gu/중구,Jungang-dong/중앙동
Daejeon/대전,Jung-gu/중구,Jungangucheguksaseoham/중앙우체국사서함
Daejeon/대전,Jung-gu/중구,Jungchon-dong/중촌동
Daejeon/대전,Jung-gu/중구,Jungrim-dong/중림동
Daejeon/대전,Jung-gu/중구,Jungsan-dong/중산동
Daejeon/대전,Jung-gu/중구,Manridong 1(il)-ga/만리동1가
Daejeon/대전,Jung-gu/중구,Manridong 2(i)-ga/만리동2가
Daejeon/대전,Jung-gu/중구,Mokdal-dong/목달동
Daejeon/대전,Jung-gu/중구,Mok-dong/목동
Daejeon/대전,Jung-gu/중구,Mugyo-dong/무교동
Daejeon/대전,Jung-gu/중구,Muhak-dong/무학동
Daejeon/대전,Jung-gu/중구,Mukjeong-dong/묵정동
Daejeon/대전,Jung-gu/중구,Munchang-dong/문창동
Daejeon/대전,Jung-gu/중구,Munhwa 1(il)-dong/문화1동
Daejeon/대전,Jung-gu/중구,Munhwa 2(i)-dong/문화2동
Daejeon/대전,Jung-gu/중구,Munhwa-dong/문화동
Daejeon/대전,Jung-gu/중구,Munhwa-dong/문화동
Daejeon/대전,Jung-gu/중구,Musu-dong/무수동
Daejeon/대전,Jung-gu/중구,Muui-dong/무의동
Daejeon/대전,Jung-gu/중구,Myeongdong 1(il)-ga/명동1가
Daejeon/대전,Jung-gu/중구,Myeongdong 2(i)-ga/명동2가
Daejeon/대전,Jung-gu/중구,Nae-dong/내동
Daejeon/대전,Jung-gu/중구,Nambuk-dong/남북동
Daejeon/대전,Jung-gu/중구,Namchang-dong/남창동
Daejeon/대전,Jung-gu/중구,Namdaemunro 1(il)-ga/남대문로1가
Daejeon/대전,Jung-gu/중구,Namdaemunro 2(i)-ga/남대문로2가
Daejeon/대전,Jung-gu/중구,Namdaemunro 3(sam)-ga/남대문로3가
Daejeon/대전,Jung-gu/중구,Namdaemunro 4(sa)-ga/남대문로4가
Daejeon/대전,Jung-gu/중구,Namdaemunro 5(o)-ga/남대문로5가
Daejeon/대전,Jung-gu/중구,Namhak-dong/남학동
Daejeon/대전,Jung-gu/중구,Namil-dong/남일동
Daejeon/대전,Jung-gu/중구,Namoe-dong/남외동
Daejeon/대전,Jung-gu/중구,Nampodong 1(il)-ga/남포동1가
Daejeon/대전,Jung-gu/중구,Nampodong 2(i)-ga/남포동2가
Daejeon/대전,Jung-gu/중구,Nampodong 3(sam)-ga/남포동3가
Daejeon/대전,Jung-gu/중구,Nampodong 4(sa)-ga/남포동4가
Daejeon/대전,Jung-gu/중구,Nampodong 5(o)-ga/남포동5가
Daejeon/대전,Jung-gu/중구,Nampodong 6(yuk)-ga/남포동6가
Daejeon/대전,Jung-gu/중구,Nampo-dong/남포동
Daejeon/대전,Jung-gu/중구,Namsan 1(il)-dong/남산1동
Daejeon/대전,Jung-gu/중구,Namsan 2(i)-dong/남산2동
Daejeon/대전,Jung-gu/중구,Namsan 3(sam)-dong/남산3동
Daejeon/대전,Jung-gu/중구,Namsan 4(sa)-dong/남산4동
Daejeon/대전,Jung-gu/중구,Namsandong 1(il)-ga/남산동1가
Daejeon/대전,Jung-gu/중구,Namsandong 2(i)-ga/남산동2가
Daejeon/대전,Jung-gu/중구,Namsandong 3(sam)-ga/남산동3가
Daejeon/대전,Jung-gu/중구,Namsan-dong/남산동
Daejeon/대전,Jung-gu/중구,Namseongno/남성로
Daejeon/대전,Jung-gu/중구,Ojang-dong/오장동
Daejeon/대전,Jung-gu/중구,Okgye-dong/옥계동
Daejeon/대전,Jung-gu/중구,Okgyo-dong/옥교동
Daejeon/대전,Jung-gu/중구,Oryu-dong/오류동
Daejeon/대전,Jung-gu/중구,Pildong 1(il)-ga/필동1가
Daejeon/대전,Jung-gu/중구,Pildong 2(i)-ga/필동2가
Daejeon/대전,Jung-gu/중구,Pildong 3(sam)-ga/필동3가
Daejeon/대전,Jung-gu/중구,Pojeong-dong/포정동
Daejeon/대전,Jung-gu/중구,Sa-dong/사동
Daejeon/대전,Jung-gu/중구,Sail-dong/사일동
Daejeon/대전,Jung-gu/중구,Sajeong-dong/사정동
Daejeon/대전,Jung-gu/중구,Samdeokdong 1(il)-ga/삼덕동1가
Daejeon/대전,Jung-gu/중구,Samdeokdong 2(i)-ga/삼덕동2가
Daejeon/대전,Jung-gu/중구,Samdeokdong 3(sam)-ga/삼덕동3가
Daejeon/대전,Jung-gu/중구,Samgak-dong/삼각동
Daejeon/대전,Jung-gu/중구,Sangdeok-dong/상덕동
Daejeon/대전,Jung-gu/중구,Sangseo-dong/상서동
Daejeon/대전,Jung-gu/중구,Sanrim-dong/산림동
Daejeon/대전,Jung-gu/중구,Sanseong-dong/산성동
Daejeon/대전,Jung-gu/중구,Seodaejeonucheguksaseoham/서대전우체국사서함
Daejeon/대전,Jung-gu/중구,Seo-dong/서동
Daejeon/대전,Jung-gu/중구,Seokgyo-dong/석교동
Daejeon/대전,Jung-gu/중구,Seomunro 1(il)-ga/서문로1가
Daejeon/대전,Jung-gu/중구,Seomunro 2(i)-ga/서문로2가
Daejeon/대전,Jung-gu/중구,Seonae-dong/서내동
Daejeon/대전,Jung-gu/중구,Seongan-dong/성안동
Daejeon/대전,Jung-gu/중구,Seongnam-dong/성남동
Daejeon/대전,Jung-gu/중구,Seonhwa-dong/선화동
Daejeon/대전,Jung-gu/중구,Seonhwa-dong/선화동
Daejeon/대전,Jung-gu/중구,Seonrin-dong/선린동
Daejeon/대전,Jung-gu/중구,Seoseongro 1(il)-ga/서성로1가
Daejeon/대전,Jung-gu/중구,Seoseongro 2(i)-ga/서성로2가
Daejeon/대전,Jung-gu/중구,Seosomun-dong/서소문동
Daejeon/대전,Jung-gu/중구,Seoya-dong/서야동
Daejeon/대전,Jung-gu/중구,Sijangbugno/시장북로
Daejeon/대전,Jung-gu/중구,Sinchangdong 1(il)-ga/신창동1가
Daejeon/대전,Jung-gu/중구,Sinchangdong 2(i)-ga/신창동2가
Daejeon/대전,Jung-gu/중구,Sinchangdong 3(sam)-ga/신창동3가
Daejeon/대전,Jung-gu/중구,Sinchangdong 4(sa)-ga/신창동4가
Daejeon/대전,Jung-gu/중구,Sinchang-dong/신창동
Daejeon/대전,Jung-gu/중구,Sindang 1(il)-dong/신당1동
Daejeon/대전,Jung-gu/중구,Sindang 2(i)-dong/신당2동
Daejeon/대전,Jung-gu/중구,Sindang 3(sam)-dong/신당3동
Daejeon/대전,Jung-gu/중구,Sindang 4(sa)-dong/신당4동
Daejeon/대전,Jung-gu/중구,Sindang 5(o)-dong/신당5동
Daejeon/대전,Jung-gu/중구,Sindang 6(yuk)-dong/신당6동
Daejeon/대전,Jung-gu/중구,Sindang-dong/신당동
Daejeon/대전,Jung-gu/중구,Sinheungdong 1(il)-ga/신흥동1가
Daejeon/대전,Jung-gu/중구,Sinheungdong 2(i)-ga/신흥동2가
Daejeon/대전,Jung-gu/중구,Sinheungdong 3(sam)-ga/신흥동3가
Daejeon/대전,Jung-gu/중구,Sinpo-dong/신포동
Daejeon/대전,Jung-gu/중구,Sinsaeng-dong/신생동
Daejeon/대전,Jung-gu/중구,Sogong-dong/소공동
Daejeon/대전,Jung-gu/중구,Songhakdong 1(il)-ga/송학동1가
Daejeon/대전,Jung-gu/중구,Songhakdong 2(i)-ga/송학동2가
Daejeon/대전,Jung-gu/중구,Songhakdong 3(sam)-ga/송학동3가
Daejeon/대전,Jung-gu/중구,Songwoldong 1(il)-ga/송월동1가
Daejeon/대전,Jung-gu/중구,Songwoldong 2(i)-ga/송월동2가
Daejeon/대전,Jung-gu/중구,Songwoldong 3(sam)-ga/송월동3가
Daejeon/대전,Jung-gu/중구,Ssangrim-dong/쌍림동
Daejeon/대전,Jung-gu/중구,Suchang-dong/수창동
Daejeon/대전,Jung-gu/중구,Su-dong/수동
Daejeon/대전,Jung-gu/중구,Suha-dong/수하동
Daejeon/대전,Jung-gu/중구,Sunhwa-dong/순화동
Daejeon/대전,Jung-gu/중구,Supyo-dong/수표동
Daejeon/대전,Jung-gu/중구,Taehwa-dong/태화동
Daejeon/대전,Jung-gu/중구,Taepyeong 1(il)-dong/태평1동
Daejeon/대전,Jung-gu/중구,Taepyeong 2(i)-dong/태평2동
Daejeon/대전,Jung-gu/중구,Taepyeong-dong/태평동
Daejeon/대전,Jung-gu/중구,Taepyeongro 1(il)-ga/태평로1가
Daejeon/대전,Jung-gu/중구,Taepyeongro 1(il)-ga/태평로1가
Daejeon/대전,Jung-gu/중구,Taepyeongro 2(i)-ga/태평로2가
Daejeon/대전,Jung-gu/중구,Taepyeongro 2(i)-ga/태평로2가
Daejeon/대전,Jung-gu/중구,Taepyeongro 3(sam)-ga/태평로3가
Daejeon/대전,Jung-gu/중구,Uijuro 1(il)-ga/의주로1가
Daejeon/대전,Jung-gu/중구,Uijuro 2(i)-ga/의주로2가
Daejeon/대전,Jung-gu/중구,Ujeong-dong/우정동
Daejeon/대전,Jung-gu/중구,Ulsanucheguksaseoham/울산우체국사서함
Daejeon/대전,Jung-gu/중구,Unbuk-dong/운북동
Daejeon/대전,Jung-gu/중구,Unnam-dong/운남동
Daejeon/대전,Jung-gu/중구,Unseo-dong/운서동
Daejeon/대전,Jung-gu/중구,Wanjeon-dong/완전동
Daejeon/대전,Jung-gu/중구,Yaksa-dong/약사동
Daejeon/대전,Jung-gu/중구,Yegwan-dong/예관동
Daejeon/대전,Jung-gu/중구,Yejang-dong/예장동
Daejeon/대전,Jung-gu/중구,Yeongju 1(il)-dong/영주1동
Daejeon/대전,Jung-gu/중구,Yeongju 2(i)-dong/영주2동
Daejeon/대전,Jung-gu/중구,Yeongju-dong/영주동
Daejeon/대전,Jung-gu/중구,Yongdeok-dong/용덕동
Daejeon/대전,Jung-gu/중구,Yong-dong/용동
Daejeon/대전,Jung-gu/중구,Yongdu-dong/용두동
Daejeon/대전,Jung-gu/중구,Yucheon 1(il)-dong/유천1동
Daejeon/대전,Jung-gu/중구,Yucheon 2(i)-dong/유천2동
Daejeon/대전,Jung-gu/중구,Yucheon-dong/유천동
Daejeon/대전,Jung-gu/중구,Yu-dong/유동
Daejeon/대전,Jung-gu/중구,Yugok-dong/유곡동
Daejeon/대전,Jung-gu/중구,Yulmok-dong/율목동
Daejeon/대전,Seo-gu/서구,Amidong 1(il)-ga/아미동1가
Daejeon/대전,Seo-gu/서구,Amidong 2(i)-ga/아미동2가
Daejeon/대전,Seo-gu/서구,Ami-dong/아미동
Daejeon/대전,Seo-gu/서구,Amnam-dong/암남동
Daejeon/대전,Seo-gu/서구,Baekseok-dong/백석동
Daejeon/대전,Seo-gu/서구,Bisan 1(il)-dong/비산1동
Daejeon/대전,Seo-gu/서구,Bisan 2.3-dong/비산2.3동
Daejeon/대전,Seo-gu/서구,Bisan 4(sa)-dong/비산4동
Daejeon/대전,Seo-gu/서구,Bisan 5(o)-dong/비산5동
Daejeon/대전,Seo-gu/서구,Bisan 6(yuk)-dong/비산6동
Daejeon/대전,Seo-gu/서구,Bisan 7(chil)-dong/비산7동
Daejeon/대전,Seo-gu/서구,Bisan-dong/비산동
Daejeon/대전,Seo-gu/서구,Boksu-dong/복수동
Daejeon/대전,Seo-gu/서구,Bonggok-dong/봉곡동
Daejeon/대전,Seo-gu/서구,Bullo-dong/불로동
Daejeon/대전,Seo-gu/서구,Bumindong 1(il)-ga/부민동1가
Daejeon/대전,Seo-gu/서구,Bumindong 2(i)-ga/부민동2가
Daejeon/대전,Seo-gu/서구,Bumindong 3(sam)-ga/부민동3가
Daejeon/대전,Seo-gu/서구,Bumin-dong/부민동
Daejeon/대전,Seo-gu/서구,Buyongdong 1(il)-ga/부용동1가
Daejeon/대전,Seo-gu/서구,Buyongdong 2(i)-ga/부용동2가
Daejeon/대전,Seo-gu/서구,Buyong-dong/부용동
Daejeon/대전,Seo-gu/서구,Byeokjin-dong/벽진동
Daejeon/대전,Seo-gu/서구,Byeon-dong/변동
Daejeon/대전,Seo-gu/서구,Chipyeong-dong/치평동
Daejeon/대전,Seo-gu/서구,Chojang-dong/초장동
Daejeon/대전,Seo-gu/서구,Chungmudong 1(il)-ga/충무동1가
Daejeon/대전,Seo-gu/서구,Chungmudong 2(i)-ga/충무동2가
Daejeon/대전,Seo-gu/서구,Chungmudong 3(sam)-ga/충무동3가
Daejeon/대전,Seo-gu/서구,Chungmu-dong/충무동
Daejeon/대전,Seo-gu/서구,Daegok-dong/대곡동
Daejeon/대전,Seo-gu/서구,Daejeondunsanucheguksaseoham/대전둔산우체국사서함
Daejeon/대전,Seo-gu/서구,Dangha-dong/당하동
Daejeon/대전,Seo-gu/서구,Deokheung-dong/덕흥동
Daejeon/대전,Seo-gu/서구,Doan-dong/도안동
Daejeon/대전,Seo-gu/서구,Doma 1(il)-dong/도마1동
Daejeon/대전,Seo-gu/서구,Doma 2(i)-dong/도마2동
Daejeon/대전,Seo-gu/서구,Doma-dong/도마동
Daejeon/대전,Seo-gu/서구,Dongdaesindong 1(il)-ga/동대신동1가
Daejeon/대전,Seo-gu/서구,Dongdaesindong 2(i)-ga/동대신동2가
Daejeon/대전,Seo-gu/서구,Dongdaesindong 3(sam)-ga/동대신동3가
Daejeon/대전,Seo-gu/서구,Dunsan 1(il)-dong/둔산1동
Daejeon/대전,Seo-gu/서구,Dunsan 2(i)-dong/둔산2동
Daejeon/대전,Seo-gu/서구,Dunsan-dong/둔산동
Daejeon/대전,Seo-gu/서구,Gajang-dong/가장동
Daejeon/대전,Seo-gu/서구,Gajeong 1(il)-dong/가정1동
Daejeon/대전,Seo-gu/서구,Gajeong 2(i)-dong/가정2동
Daejeon/대전,Seo-gu/서구,Gajeong 3(sam)-dong/가정3동
Daejeon/대전,Seo-gu/서구,Gajeong-dong/가정동
Daejeon/대전,Seo-gu/서구,Gajwa 1(il)-dong/가좌1동
Daejeon/대전,Seo-gu/서구,Gajwa 2(i)-dong/가좌2동
Daejeon/대전,Seo-gu/서구,Gajwa 3(sam)-dong/가좌3동
Daejeon/대전,Seo-gu/서구,Gajwa 4(sa)-dong/가좌4동
Daejeon/대전,Seo-gu/서구,Gajwa-dong/가좌동
Daejeon/대전,Seo-gu/서구,Galma 1(il)-dong/갈마1동
Daejeon/대전,Seo-gu/서구,Galma 2(i)-dong/갈마2동
Daejeon/대전,Seo-gu/서구,Galma-dong/갈마동
Daejeon/대전,Seo-gu/서구,Gasuwon-dong/가수원동
Daejeon/대전,Seo-gu/서구,Geomam-dong/검암동
Daejeon/대전,Seo-gu/서구,Geumgok-dong/금곡동
Daejeon/대전,Seo-gu/서구,Geumho-dong/금호동
Daejeon/대전,Seo-gu/서구,Goegok-dong/괴곡동
Daejeon/대전,Seo-gu/서구,Goejeong-dong/괴정동
Daejeon/대전,Seo-gu/서구,Gongchon-dong/공촌동
Daejeon/대전,Seo-gu/서구,Gwangcheon-dong/광천동
Daejeon/대전,Seo-gu/서구,Gwanjeo 1(il)-dong/관저1동
Daejeon/대전,Seo-gu/서구,Gwanjeo 2(i)-dong/관저2동
Daejeon/대전,Seo-gu/서구,Gwanjeo-dong/관저동
Daejeon/대전,Seo-gu/서구,Gyeongseo-dong/경서동
Daejeon/대전,Seo-gu/서구,Heukseok-dong/흑석동
Daejeon/대전,Seo-gu/서구,Hwajeong 1(il)-dong/화정1동
Daejeon/대전,Seo-gu/서구,Hwajeong 2(i)-dong/화정2동
Daejeon/대전,Seo-gu/서구,Hwajeong 3(sam)-dong/화정3동
Daejeon/대전,Seo-gu/서구,Hwajeong 4(sa)-dong/화정4동
Daejeon/대전,Seo-gu/서구,Hwajeong-dong/화정동
Daejeon/대전,Seo-gu/서구,Ihyeon-dong/이현동
Daejeon/대전,Seo-gu/서구,Jangan-dong/장안동
Daejeon/대전,Seo-gu/서구,Jeongrim-dong/정림동
Daejeon/대전,Seo-gu/서구,Jungri-dong/중리동
Daejeon/대전,Seo-gu/서구,Maeno-dong/매노동
Daejeon/대전,Seo-gu/서구,Maewol-dong/매월동
Daejeon/대전,Seo-gu/서구,Majeon-dong/마전동
Daejeon/대전,Seo-gu/서구,Mannyeon-dong/만년동
Daejeon/대전,Seo-gu/서구,Mareuk-dong/마륵동
Daejeon/대전,Seo-gu/서구,Naebang-dong/내방동
Daejeon/대전,Seo-gu/서구,Naedang 1(il)-dong/내당1동
Daejeon/대전,Seo-gu/서구,Naedang 2.3-dong/내당2.3동
Daejeon/대전,Seo-gu/서구,Naedang 4(sa)-dong/내당4동
Daejeon/대전,Seo-gu/서구,Naedang-dong/내당동
Daejeon/대전,Seo-gu/서구,Nae-dong/내동
Daejeon/대전,Seo-gu/서구,Nambumin 1(il)-dong/남부민1동
Daejeon/대전,Seo-gu/서구,Nambumin 2(i)-dong/남부민2동
Daejeon/대전,Seo-gu/서구,Nambumin-dong/남부민동
Daejeon/대전,Seo-gu/서구,Nongseong 1(il)-dong/농성1동
Daejeon/대전,Seo-gu/서구,Nongseong 2(i)-dong/농성2동
Daejeon/대전,Seo-gu/서구,Nongseong-dong/농성동
Daejeon/대전,Seo-gu/서구,O-dong/오동
Daejeon/대전,Seo-gu/서구,Oryu-dong/오류동
Daejeon/대전,Seo-gu/서구,Pungam-dong/풍암동
Daejeon/대전,Seo-gu/서구,Pyeongchon-dong/평촌동
Daejeon/대전,Seo-gu/서구,Pyeongri 1(il)-dong/평리1동
Daejeon/대전,Seo-gu/서구,Pyeongri 2(i)-dong/평리2동
Daejeon/대전,Seo-gu/서구,Pyeongri 3(sam)-dong/평리3동
Daejeon/대전,Seo-gu/서구,Pyeongri 4(sa)-dong/평리4동
Daejeon/대전,Seo-gu/서구,Pyeongri 5(o)-dong/평리5동
Daejeon/대전,Seo-gu/서구,Pyeongri 6(yuk)-dong/평리6동
Daejeon/대전,Seo-gu/서구,Pyeongri-dong/평리동
Daejeon/대전,Seo-gu/서구,Samcheon-dong/삼천동
Daejeon/대전,Seo-gu/서구,Sangmu 1(il)-dong/상무1동
Daejeon/대전,Seo-gu/서구,Sangmu 2(i)-dong/상무2동
Daejeon/대전,Seo-gu/서구,Sangmu-dong/상무동
Daejeon/대전,Seo-gu/서구,Sangri-dong/상리동
Daejeon/대전,Seo-gu/서구,Sanjik-dong/산직동
Daejeon/대전,Seo-gu/서구,Seha-dong/세하동
Daejeon/대전,Seo-gu/서구,Seochang-dong/서창동
Daejeon/대전,Seo-gu/서구,Seodaeguucheguksaseoham/서대구우체국사서함
Daejeon/대전,Seo-gu/서구,Seodaesindong 1(il)-ga/서대신동1가
Daejeon/대전,Seo-gu/서구,Seodaesindong 2(i)-ga/서대신동2가
Daejeon/대전,Seo-gu/서구,Seodaesindong 3(sam)-ga/서대신동3가
Daejeon/대전,Seo-gu/서구,Seogwangjuucheguksaseoham/서광주우체국사서함
Daejeon/대전,Seo-gu/서구,Seoincheonucheguksaseoham/서인천우체국사서함
Daejeon/대전,Seo-gu/서구,Seoknam 1(il)-dong/석남1동
Daejeon/대전,Seo-gu/서구,Seoknam 2(i)-dong/석남2동
Daejeon/대전,Seo-gu/서구,Seoknam 3(sam)-dong/석남3동
Daejeon/대전,Seo-gu/서구,Seoknam-dong/석남동
Daejeon/대전,Seo-gu/서구,Sicheon-dong/시천동
Daejeon/대전,Seo-gu/서구,Simgok-dong/심곡동
Daejeon/대전,Seo-gu/서구,Sinhyeon-dong/신현동
Daejeon/대전,Seo-gu/서구,Ssangchon-dong/쌍촌동
Daejeon/대전,Seo-gu/서구,Tanbang-dong/탄방동
Daejeon/대전,Seo-gu/서구,Toseongdong 1(il)-ga/토성동1가
Daejeon/대전,Seo-gu/서구,Toseongdong 2(i)-ga/토성동2가
Daejeon/대전,Seo-gu/서구,Toseongdong 3(sam)-ga/토성동3가
Daejeon/대전,Seo-gu/서구,Toseongdong 4(sa)-ga/토성동4가
Daejeon/대전,Seo-gu/서구,Toseongdong 5(o)-ga/토성동5가
Daejeon/대전,Seo-gu/서구,Toseong-dong/토성동
Daejeon/대전,Seo-gu/서구,Umyeong-dong/우명동
Daejeon/대전,Seo-gu/서구,Wanggil-dong/왕길동
Daejeon/대전,Seo-gu/서구,Wolpyeong 1(il)-dong/월평1동
Daejeon/대전,Seo-gu/서구,Wolpyeong 2(i)-dong/월평2동
Daejeon/대전,Seo-gu/서구,Wolpyeong 3(sam)-dong/월평3동
Daejeon/대전,Seo-gu/서구,Wolpyeong-dong/월평동
Daejeon/대전,Seo-gu/서구,Wonchang-dong/원창동
Daejeon/대전,Seo-gu/서구,Wondaedong 1(il)-ga/원대동1가
Daejeon/대전,Seo-gu/서구,Wondaedong 2(i)-ga/원대동2가
Daejeon/대전,Seo-gu/서구,Wondaedong 3(sam)-ga/원대동3가
Daejeon/대전,Seo-gu/서구,Wondang-dong/원당동
Daejeon/대전,Seo-gu/서구,Wonjeong-dong/원정동
Daejeon/대전,Seo-gu/서구,Yang 1(il)-dong/양1동
Daejeon/대전,Seo-gu/서구,Yang 2(i)-dong/양2동
Daejeon/대전,Seo-gu/서구,Yang 3(sam)-dong/양3동
Daejeon/대전,Seo-gu/서구,Yang-dong/양동
Daejeon/대전,Seo-gu/서구,Yeonhui-dong/연희동
Daejeon/대전,Seo-gu/서구,Yongchon-dong/용촌동
Daejeon/대전,Seo-gu/서구,Yongdu-dong/용두동
Daejeon/대전,Seo-gu/서구,Yongmun-dong/용문동
Daejeon/대전,Seo-gu/서구,Yuchon-dong/유촌동
Daejeon/대전,Yuseong-gu/유성구,Ansan-dong/안산동
Daejeon/대전,Yuseong-gu/유성구,Bang-dong/방동
Daejeon/대전,Yuseong-gu/유성구,Banghyeon-dong/방현동
Daejeon/대전,Yuseong-gu/유성구,Banseok-dong/반석동
Daejeon/대전,Yuseong-gu/유성구,Bogyong-dong/복용동
Daejeon/대전,Yuseong-gu/유성구,Bongmyeong-dong/봉명동
Daejeon/대전,Yuseong-gu/유성구,Bongsan-dong/봉산동
Daejeon/대전,Yuseong-gu/유성구,Chumok-dong/추목동
Daejeon/대전,Yuseong-gu/유성구,Dae-dong/대동
Daejeon/대전,Yuseong-gu/유성구,Daejeong-dong/대정동
Daejeon/대전,Yuseong-gu/유성구,Daejeonyuseongucheguksaseoham/대전유성우체국사서함
Daejeon/대전,Yuseong-gu/유성구,Deokjin-dong/덕진동
Daejeon/대전,Yuseong-gu/유성구,Deokmyeong-dong/덕명동
Daejeon/대전,Yuseong-gu/유성구,Doryong-dong/도룡동
Daejeon/대전,Yuseong-gu/유성구,Dungok-dong/둔곡동
Daejeon/대전,Yuseong-gu/유성구,Eoeun-dong/어은동
Daejeon/대전,Yuseong-gu/유성구,Gajeong-dong/가정동
Daejeon/대전,Yuseong-gu/유성구,Gap-dong/갑동
Daejeon/대전,Yuseong-gu/유성구,Geumgo-dong/금고동
Daejeon/대전,Yuseong-gu/유성구,Geumtan-dong/금탄동
Daejeon/대전,Yuseong-gu/유성구,Guam-dong/구암동
Daejeon/대전,Yuseong-gu/유성구,Gung-dong/궁동
Daejeon/대전,Yuseong-gu/유성구,Guryong-dong/구룡동
Daejeon/대전,Yuseong-gu/유성구,Guseong-dong/구성동
Daejeon/대전,Yuseong-gu/유성구,Gwanpyeong-dong/관평동
Daejeon/대전,Yuseong-gu/유성구,Gyesan-dong/계산동
Daejeon/대전,Yuseong-gu/유성구,Gyochon-dong/교촌동
Daejeon/대전,Yuseong-gu/유성구,Hagi-dong/하기동
Daejeon/대전,Yuseong-gu/유성구,Hakha-dong/학하동
Daejeon/대전,Yuseong-gu/유성구,Hwaam-dong/화암동
Daejeon/대전,Yuseong-gu/유성구,Jangdae-dong/장대동
Daejeon/대전,Yuseong-gu/유성구,Jang-dong/장동
Daejeon/대전,Yuseong-gu/유성구,Jaun-dong/자운동
Daejeon/대전,Yuseong-gu/유성구,Jeonmin-dong/전민동
Daejeon/대전,Yuseong-gu/유성구,Jijok-dong/지족동
Daejeon/대전,Yuseong-gu/유성구,Juk-dong/죽동
Daejeon/대전,Yuseong-gu/유성구,Munji-dong/문지동
Daejeon/대전,Yuseong-gu/유성구,Noeun-dong/노은동
Daejeon/대전,Yuseong-gu/유성구,Oesam-dong/외삼동
Daejeon/대전,Yuseong-gu/유성구,Sangdae-dong/상대동
Daejeon/대전,Yuseong-gu/유성구,Se-dong/세동
Daejeon/대전,Yuseong-gu/유성구,Seongbuk-dong/성북동
Daejeon/대전,Yuseong-gu/유성구,Sinbong-dong/신봉동
Daejeon/대전,Yuseong-gu/유성구,Sin-dong/신동
Daejeon/대전,Yuseong-gu/유성구,Sinseong-dong/신성동
Daejeon/대전,Yuseong-gu/유성구,Songgang-dong/송강동
Daejeon/대전,Yuseong-gu/유성구,Songjeong-dong/송정동
Daejeon/대전,Yuseong-gu/유성구,Sunam-dong/수남동
Daejeon/대전,Yuseong-gu/유성구,Taprip-dong/탑립동
Daejeon/대전,Yuseong-gu/유성구,Wonchon-dong/원촌동
Daejeon/대전,Yuseong-gu/유성구,Wonnae-dong/원내동
Daejeon/대전,Yuseong-gu/유성구,Wonsinheung-dong/원신흥동
Daejeon/대전,Yuseong-gu/유성구,Yonggye-dong/용계동
Daejeon/대전,Yuseong-gu/유성구,Yongsan-dong/용산동
Gyeonggi-do/경기,Anseong-si/안성시,Anseongucheguksaseoham/안성우체국사서함
Gyeonggi-do/경기,Anseong-si/안성시,Ayang-dong/아양동
Gyeonggi-do/경기,Anseong-si/안성시,Balhwa-dong/발화동
Gyeonggi-do/경기,Anseong-si/안성시,Bogae-myeon/보개면
Gyeonggi-do/경기,Anseong-si/안성시,Bongnam-dong/봉남동
Gyeonggi-do/경기,Anseong-si/안성시,Bongsan-dong/봉산동
Gyeonggi-do/경기,Anseong-si/안성시,Changjeon-dong/창전동
Gyeonggi-do/경기,Anseong-si/안성시,Daecheon-dong/대천동
Gyeonggi-do/경기,Anseong-si/안성시,Daedeok-myeon/대덕면
Gyeonggi-do/경기,Anseong-si/안성시,Dangwang-dong/당왕동
Gyeonggi-do/경기,Anseong-si/안성시,Dogi-dong/도기동
Gyeonggi-do/경기,Anseong-si/안성시,Dongbon-dong/동본동
Gyeonggi-do/경기,Anseong-si/안성시,Gahyeon-dong/가현동
Gyeonggi-do/경기,Anseong-si/안성시,Gasa-dong/가사동
Gyeonggi-do/경기,Anseong-si/안성시,Geumgwang-myeon/금광면
Gyeonggi-do/경기,Anseong-si/안성시,Geumsan-dong/금산동
Gyeonggi-do/경기,Anseong-si/안성시,Geumseok-dong/금석동
Gyeonggi-do/경기,Anseong-si/안성시,Gongdo-eup/공도읍
Gyeonggi-do/경기,Anseong-si/안성시,Gosam-myeon/고삼면
Gyeonggi-do/경기,Anseong-si/안성시,Gupo-dong/구포동
Gyeonggi-do/경기,Anseong-si/안성시,Gye-dong/계동
Gyeonggi-do/경기,Anseong-si/안성시,Hyeonsu-dong/현수동
Gyeonggi-do/경기,Anseong-si/안성시,Iljuk-myeon/일죽면
Gyeonggi-do/경기,Anseong-si/안성시,Inji-dong/인지동
Gyeonggi-do/경기,Anseong-si/안성시,Juksan-myeon/죽산면
Gyeonggi-do/경기,Anseong-si/안성시,Jungri-dong/중리동
Gyeonggi-do/경기,Anseong-si/안성시,Miyang-myeon/미양면
Gyeonggi-do/경기,Anseong-si/안성시,Myeongryun-dong/명륜동
Gyeonggi-do/경기,Anseong-si/안성시,Nagwon-dong/낙원동
Gyeonggi-do/경기,Anseong-si/안성시,Okcheon-dong/옥천동
Gyeonggi-do/경기,Anseong-si/안성시,Oksan-dong/옥산동
Gyeonggi-do/경기,Anseong-si/안성시,Sagok-dong/사곡동
Gyeonggi-do/경기,Anseong-si/안성시,Samjuk-myeon/삼죽면
Gyeonggi-do/경기,Anseong-si/안성시,Seoin-dong/서인동
Gyeonggi-do/경기,Anseong-si/안성시,Seokjeong-dong/석정동
Gyeonggi-do/경기,Anseong-si/안성시,Seongnam-dong/성남동
Gyeonggi-do/경기,Anseong-si/안성시,Seoun-myeon/서운면
Gyeonggi-do/경기,Anseong-si/안성시,Singeonji-dong/신건지동
Gyeonggi-do/경기,Anseong-si/안성시,Sinheung-dong/신흥동
Gyeonggi-do/경기,Anseong-si/안성시,Sinmosan-dong/신모산동
Gyeonggi-do/경기,Anseong-si/안성시,Sinsohyeon-dong/신소현동
Gyeonggi-do/경기,Anseong-si/안성시,Sungin-dong/숭인동
Gyeonggi-do/경기,Anseong-si/안성시,Wongok-myeon/원곡면
Gyeonggi-do/경기,Anseong-si/안성시,Yangseong-myeon/양성면
Gyeonggi-do/경기,Anseong-si/안성시,Yeong-dong/영동
Gyeonggi-do/경기,Anseong-si/안성시,Yeonji-dong/연지동
Gyeonggi-do/경기,Bundang-gu Seongnam-si/성남시 분당구,Baekhyeon-dong/백현동
Gyeonggi-do/경기,Bundang-gu Seongnam-si/성남시 분당구,Bundang-dong/분당동
Gyeonggi-do/경기,Bundang-gu Seongnam-si/성남시 분당구,Daejang-dong/대장동
Gyeonggi-do/경기,Bundang-gu Seongnam-si/성남시 분당구,Dongwon-dong/동원동
Gyeonggi-do/경기,Bundang-gu Seongnam-si/성남시 분당구,Geumgok-dong/금곡동
Gyeonggi-do/경기,Bundang-gu Seongnam-si/성남시 분당구,Gumi-dong/구미동
Gyeonggi-do/경기,Bundang-gu Seongnam-si/성남시 분당구,Gungnae-dong/궁내동
Gyeonggi-do/경기,Bundang-gu Seongnam-si/성남시 분당구,Hasanun-dong/하산운동
Gyeonggi-do/경기,Bundang-gu Seongnam-si/성남시 분당구,Imae-dong/이매동
Gyeonggi-do/경기,Bundang-gu Seongnam-si/성남시 분당구,Jeongja-dong/정자동
Gyeonggi-do/경기,Bundang-gu Seongnam-si/성남시 분당구,Pangyo-dong/판교동
Gyeonggi-do/경기,Bundang-gu Seongnam-si/성남시 분당구,Sampyeong-dong/삼평동
Gyeonggi-do/경기,Bundang-gu Seongnam-si/성남시 분당구,Seogun-dong/석운동
Gyeonggi-do/경기,Bundang-gu Seongnam-si/성남시 분당구,Seohyeon-dong/서현동
Gyeonggi-do/경기,Bundang-gu Seongnam-si/성남시 분당구,Seongnambundangucheguksaseoham/성남분당우체국사서함
Gyeonggi-do/경기,Bundang-gu Seongnam-si/성남시 분당구,Seongnamupyeonjipjungguksaseoham/성남우편집중국사서함
Gyeonggi-do/경기,Bundang-gu Seongnam-si/성남시 분당구,Sunae-dong/수내동
Gyeonggi-do/경기,Bundang-gu Seongnam-si/성남시 분당구,Unjung-dong/운중동
Gyeonggi-do/경기,Bundang-gu Seongnam-si/성남시 분당구,Yatap-dong/야탑동
Gyeonggi-do/경기,Bundang-gu Seongnam-si/성남시 분당구,Yul-dong/율동
Gyeonggi-do/경기,Cheoin-gu Yongin-si/용인시 처인구,Baegam-myeon/백암면
Gyeonggi-do/경기,Cheoin-gu Yongin-si/용인시 처인구,Gimryangjang-dong/김량장동
Gyeonggi-do/경기,Cheoin-gu Yongin-si/용인시 처인구,Gorim-dong/고림동
Gyeonggi-do/경기,Cheoin-gu Yongin-si/용인시 처인구,Haegok-dong/해곡동
Gyeonggi-do/경기,Cheoin-gu Yongin-si/용인시 처인구,Ho-dong/호동
Gyeonggi-do/경기,Cheoin-gu Yongin-si/용인시 처인구,Idong-myeon/이동면
Gyeonggi-do/경기,Cheoin-gu Yongin-si/용인시 처인구,Mapyeong-dong/마평동
Gyeonggi-do/경기,Cheoin-gu Yongin-si/용인시 처인구,Mohyeon-myeon/모현면
Gyeonggi-do/경기,Cheoin-gu Yongin-si/용인시 처인구,Nam-dong/남동
Gyeonggi-do/경기,Cheoin-gu Yongin-si/용인시 처인구,Namsa-myeon/남사면
Gyeonggi-do/경기,Cheoin-gu Yongin-si/용인시 처인구,Pogog-eup/포곡읍
Gyeonggi-do/경기,Cheoin-gu Yongin-si/용인시 처인구,Samga-dong/삼가동
Gyeonggi-do/경기,Cheoin-gu Yongin-si/용인시 처인구,Unhak-dong/운학동
Gyeonggi-do/경기,Cheoin-gu Yongin-si/용인시 처인구,Wonsam-myeon/원삼면
Gyeonggi-do/경기,Cheoin-gu Yongin-si/용인시 처인구,Yangji-myeon/양지면
Gyeonggi-do/경기,Cheoin-gu Yongin-si/용인시 처인구,Yeokbuk-dong/역북동
Gyeonggi-do/경기,Cheoin-gu Yongin-si/용인시 처인구,Yonginucheguksaseoham/용인우체국사서함
Gyeonggi-do/경기,Cheoin-gu Yongin-si/용인시 처인구,Yubang-dong/유방동
Gyeonggi-do/경기,Danwon-gu Ansan-si/안산시 단원구,Ansanucheguksaseoham/안산우체국사서함
Gyeonggi-do/경기,Danwon-gu Ansan-si/안산시 단원구,Choji-dong/초지동
Gyeonggi-do/경기,Danwon-gu Ansan-si/안산시 단원구,Daebubuk-dong/대부북동
Gyeonggi-do/경기,Danwon-gu Ansan-si/안산시 단원구,Daebudong-dong/대부동동
Gyeonggi-do/경기,Danwon-gu Ansan-si/안산시 단원구,Daebunam-dong/대부남동
Gyeonggi-do/경기,Danwon-gu Ansan-si/안산시 단원구,Gojan 1(il)-dong/고잔1동
Gyeonggi-do/경기,Danwon-gu Ansan-si/안산시 단원구,Gojan 2(i)-dong/고잔2동
Gyeonggi-do/경기,Danwon-gu Ansan-si/안산시 단원구,Gojan-dong/고잔동
Gyeonggi-do/경기,Danwon-gu Ansan-si/안산시 단원구,Hwajeong-dong/화정동
Gyeonggi-do/경기,Danwon-gu Ansan-si/안산시 단원구,Moknae-dong/목내동
Gyeonggi-do/경기,Danwon-gu Ansan-si/안산시 단원구,Pungdo-dong/풍도동
Gyeonggi-do/경기,Danwon-gu Ansan-si/안산시 단원구,Seonbu 1(il)-dong/선부1동
Gyeonggi-do/경기,Danwon-gu Ansan-si/안산시 단원구,Seonbu 2(i)-dong/선부2동
Gyeonggi-do/경기,Danwon-gu Ansan-si/안산시 단원구,Seonbu 3(sam)-dong/선부3동
Gyeonggi-do/경기,Danwon-gu Ansan-si/안산시 단원구,Seonbu-dong/선부동
Gyeonggi-do/경기,Danwon-gu Ansan-si/안산시 단원구,Seongam-dong/선감동
Gyeonggi-do/경기,Danwon-gu Ansan-si/안산시 단원구,Seonggok-dong/성곡동
Gyeonggi-do/경기,Danwon-gu Ansan-si/안산시 단원구,Singil-dong/신길동
Gyeonggi-do/경기,Danwon-gu Ansan-si/안산시 단원구,Wa-dong/와동
Gyeonggi-do/경기,Danwon-gu Ansan-si/안산시 단원구,Wongog 1(il)-dong/원곡1동
Gyeonggi-do/경기,Danwon-gu Ansan-si/안산시 단원구,Wongog 2(i)-dong/원곡2동
Gyeonggi-do/경기,Danwon-gu Ansan-si/안산시 단원구,Wongok-dong/원곡동
Gyeonggi-do/경기,Danwon-gu Ansan-si/안산시 단원구,Wonsi-dong/원시동
Gyeonggi-do/경기,Deogyang-gu Goyang-si/고양시 덕양구,Bukhan-dong/북한동
Gyeonggi-do/경기,Deogyang-gu Goyang-si/고양시 덕양구,Byeokje-dong/벽제동
Gyeonggi-do/경기,Deogyang-gu Goyang-si/고양시 덕양구,Daeja-dong/대자동
Gyeonggi-do/경기,Deogyang-gu Goyang-si/고양시 덕양구,Daejang-dong/대장동
Gyeonggi-do/경기,Deogyang-gu Goyang-si/고양시 덕양구,Deogeun-dong/덕은동
Gyeonggi-do/경기,Deogyang-gu Goyang-si/고양시 덕양구,Donae-dong/도내동
Gyeonggi-do/경기,Deogyang-gu Goyang-si/고양시 덕양구,Dongsan-dong/동산동
Gyeonggi-do/경기,Deogyang-gu Goyang-si/고양시 덕양구,Gangmae-dong/강매동
Gyeonggi-do/경기,Deogyang-gu Goyang-si/고양시 덕양구,Goyangdeogyangucheguksaseoham/고양덕양우체국사서함
Gyeonggi-do/경기,Deogyang-gu Goyang-si/고양시 덕양구,Goyang-dong/고양동
Gyeonggi-do/경기,Deogyang-gu Goyang-si/고양시 덕양구,Gwansan-dong/관산동
Gyeonggi-do/경기,Deogyang-gu Goyang-si/고양시 덕양구,Haengjunae-dong/행주내동
Gyeonggi-do/경기,Deogyang-gu Goyang-si/고양시 덕양구,Haengjuoe-dong/행주외동
Gyeonggi-do/경기,Deogyang-gu Goyang-si/고양시 덕양구,Haengsin 1(il)-dong/행신1동
Gyeonggi-do/경기,Deogyang-gu Goyang-si/고양시 덕양구,Haengsin 2(i)-dong/행신2동
Gyeonggi-do/경기,Deogyang-gu Goyang-si/고양시 덕양구,Haengsin 3(sam)-dong/행신3동
Gyeonggi-do/경기,Deogyang-gu Goyang-si/고양시 덕양구,Haengsin-dong/행신동
Gyeonggi-do/경기,Deogyang-gu Goyang-si/고양시 덕양구,Hwajeon-dong/화전동
Gyeonggi-do/경기,Deogyang-gu Goyang-si/고양시 덕양구,Hwajeong 1(il)-dong/화정1동
Gyeonggi-do/경기,Deogyang-gu Goyang-si/고양시 덕양구,Hwajeong 2(i)-dong/화정2동
Gyeonggi-do/경기,Deogyang-gu Goyang-si/고양시 덕양구,Hwajeong-dong/화정동
Gyeonggi-do/경기,Deogyang-gu Goyang-si/고양시 덕양구,Hyangdong-dong/향동동
Gyeonggi-do/경기,Deogyang-gu Goyang-si/고양시 덕양구,Hyeoncheon-dong/현천동
Gyeonggi-do/경기,Deogyang-gu Goyang-si/고양시 덕양구,Hyoja-dong/효자동
Gyeonggi-do/경기,Deogyang-gu Goyang-si/고양시 덕양구,Jichuk-dong/지축동
Gyeonggi-do/경기,Deogyang-gu Goyang-si/고양시 덕양구,Jugyo-dong/주교동
Gyeonggi-do/경기,Deogyang-gu Goyang-si/고양시 덕양구,Naegok-dong/내곡동
Gyeonggi-do/경기,Deogyang-gu Goyang-si/고양시 덕양구,Naeyu-dong/내유동
Gyeonggi-do/경기,Deogyang-gu Goyang-si/고양시 덕양구,Ogeum-dong/오금동
Gyeonggi-do/경기,Deogyang-gu Goyang-si/고양시 덕양구,Samsong-dong/삼송동
Gyeonggi-do/경기,Deogyang-gu Goyang-si/고양시 덕양구,Seongsa 1(il)-dong/성사1동
Gyeonggi-do/경기,Deogyang-gu Goyang-si/고양시 덕양구,Seongsa 2(i)-dong/성사2동
Gyeonggi-do/경기,Deogyang-gu Goyang-si/고양시 덕양구,Seongsa-dong/성사동
Gyeonggi-do/경기,Deogyang-gu Goyang-si/고양시 덕양구,Seonyu-dong/선유동
Gyeonggi-do/경기,Deogyang-gu Goyang-si/고양시 덕양구,Sinpyeong-dong/신평동
Gyeonggi-do/경기,Deogyang-gu Goyang-si/고양시 덕양구,Sinwon-dong/신원동
Gyeonggi-do/경기,Deogyang-gu Goyang-si/고양시 덕양구,Todang-dong/토당동
Gyeonggi-do/경기,Deogyang-gu Goyang-si/고양시 덕양구,Wondang-dong/원당동
Gyeonggi-do/경기,Deogyang-gu Goyang-si/고양시 덕양구,Wonheung-dong/원흥동
Gyeonggi-do/경기,Deogyang-gu Goyang-si/고양시 덕양구,Yongdu-dong/용두동
Gyeonggi-do/경기,Dongan-gu Anyang-si/안양시 동안구,Anyangucheguksaseoham/안양우체국사서함
Gyeonggi-do/경기,Dongan-gu Anyang-si/안양시 동안구,Anyangupyeonjipjungguksaseoham/안양우편집중국사서함
Gyeonggi-do/경기,Dongan-gu Anyang-si/안양시 동안구,Beomgye-dong/범계동
Gyeonggi-do/경기,Dongan-gu Anyang-si/안양시 동안구,Bisan 1(il)-dong/비산1동
Gyeonggi-do/경기,Dongan-gu Anyang-si/안양시 동안구,Bisan 2(i)-dong/비산2동
Gyeonggi-do/경기,Dongan-gu Anyang-si/안양시 동안구,Bisan 3(sam)-dong/비산3동
Gyeonggi-do/경기,Dongan-gu Anyang-si/안양시 동안구,Bisan-dong/비산동
Gyeonggi-do/경기,Dongan-gu Anyang-si/안양시 동안구,Buheung-dong/부흥동
Gyeonggi-do/경기,Dongan-gu Anyang-si/안양시 동안구,Burim-dong/부림동
Gyeonggi-do/경기,Dongan-gu Anyang-si/안양시 동안구,Daran-dong/달안동
Gyeonggi-do/경기,Dongan-gu Anyang-si/안양시 동안구,Galsan-dong/갈산동
Gyeonggi-do/경기,Dongan-gu Anyang-si/안양시 동안구,Gwanyang 1(il)-dong/관양1동
Gyeonggi-do/경기,Dongan-gu Anyang-si/안양시 동안구,Gwanyang 2(i)-dong/관양2동
Gyeonggi-do/경기,Dongan-gu Anyang-si/안양시 동안구,Gwanyang-dong/관양동
Gyeonggi-do/경기,Dongan-gu Anyang-si/안양시 동안구,Gwiin-dong/귀인동
Gyeonggi-do/경기,Dongan-gu Anyang-si/안양시 동안구,Hogye 1(il)-dong/호계1동
Gyeonggi-do/경기,Dongan-gu Anyang-si/안양시 동안구,Hogye 2(i)-dong/호계2동
Gyeonggi-do/경기,Dongan-gu Anyang-si/안양시 동안구,Hogye 3(sam)-dong/호계3동
Gyeonggi-do/경기,Dongan-gu Anyang-si/안양시 동안구,Hogye-dong/호계동
Gyeonggi-do/경기,Dongan-gu Anyang-si/안양시 동안구,Pyeongan-dong/평안동
Gyeonggi-do/경기,Dongan-gu Anyang-si/안양시 동안구,Pyeongchon-dong/평촌동
Gyeonggi-do/경기,Dongan-gu Anyang-si/안양시 동안구,Sinchon-dong/신촌동
Gyeonggi-do/경기,Dongducheon-si/동두천시,Anheung-dong/안흥동
Gyeonggi-do/경기,Dongducheon-si/동두천시,Bosan-dong/보산동
Gyeonggi-do/경기,Dongducheon-si/동두천시,Dongducheon-dong/동두천동
Gyeonggi-do/경기,Dongducheon-si/동두천시,Dongducheonucheguksaseoham/동두천우체국사서함
Gyeonggi-do/경기,Dongducheon-si/동두천시,Geolsan-dong/걸산동
Gyeonggi-do/경기,Dongducheon-si/동두천시,Gwangam-dong/광암동
Gyeonggi-do/경기,Dongducheon-si/동두천시,Habongam-dong/하봉암동
Gyeonggi-do/경기,Dongducheon-si/동두천시,Jihaeng-dong/지행동
Gyeonggi-do/경기,Dongducheon-si/동두천시,Jungang-dong/중앙동
Gyeonggi-do/경기,Dongducheon-si/동두천시,Saengyeon 1(il)-dong/생연1동
Gyeonggi-do/경기,Dongducheon-si/동두천시,Saengyeon 2(i)-dong/생연2동
Gyeonggi-do/경기,Dongducheon-si/동두천시,Saengyeon-dong/생연동
Gyeonggi-do/경기,Dongducheon-si/동두천시,Sangbongam-dong/상봉암동
Gyeonggi-do/경기,Dongducheon-si/동두천시,Sangpae-dong/상패동
Gyeonggi-do/경기,Dongducheon-si/동두천시,Songnae-dong/송내동
Gyeonggi-do/경기,Dongducheon-si/동두천시,Tapdong-dong/탑동동
Gyeonggi-do/경기,Gapyeong-gun/가평군,Buk-myeon/북면
Gyeonggi-do/경기,Gapyeong-gun/가평군,Cheongpyeong-myeon/청평면
Gyeonggi-do/경기,Gapyeong-gun/가평군,Gapyeong-eup/가평읍
Gyeonggi-do/경기,Gapyeong-gun/가평군,Ha-myeon/하면
Gyeonggi-do/경기,Gapyeong-gun/가평군,Sang-myeon/상면
Gyeonggi-do/경기,Gapyeong-gun/가평군,Seorak-myeon/설악면
Gyeonggi-do/경기,Giheung-gu Yongin-si/용인시 기흥구,Bojeong-dong/보정동
Gyeonggi-do/경기,Giheung-gu Yongin-si/용인시 기흥구,Bora-dong/보라동
Gyeonggi-do/경기,Giheung-gu Yongin-si/용인시 기흥구,Cheongdeok-dong/청덕동
Gyeonggi-do/경기,Giheung-gu Yongin-si/용인시 기흥구,Dongbaek-dong/동백동
Gyeonggi-do/경기,Giheung-gu Yongin-si/용인시 기흥구,Eonnam-dong/언남동
Gyeonggi-do/경기,Giheung-gu Yongin-si/용인시 기흥구,Gomae-dong/고매동
Gyeonggi-do/경기,Giheung-gu Yongin-si/용인시 기흥구,Gongse-dong/공세동
Gyeonggi-do/경기,Giheung-gu Yongin-si/용인시 기흥구,Gugal-dong/구갈동
Gyeonggi-do/경기,Giheung-gu Yongin-si/용인시 기흥구,Hagal-dong/하갈동
Gyeonggi-do/경기,Giheung-gu Yongin-si/용인시 기흥구,Jigok-dong/지곡동
Gyeonggi-do/경기,Giheung-gu Yongin-si/용인시 기흥구,Jung-dong/중동
Gyeonggi-do/경기,Giheung-gu Yongin-si/용인시 기흥구,Mabuk-dong/마북동
Gyeonggi-do/경기,Giheung-gu Yongin-si/용인시 기흥구,Nongseo-dong/농서동
Gyeonggi-do/경기,Giheung-gu Yongin-si/용인시 기흥구,Sanggal-dong/상갈동
Gyeonggi-do/경기,Giheung-gu Yongin-si/용인시 기흥구,Sangha-dong/상하동
Gyeonggi-do/경기,Giheung-gu Yongin-si/용인시 기흥구,Seocheon-dong/서천동
Gyeonggi-do/경기,Giheung-gu Yongin-si/용인시 기흥구,Singal-dong/신갈동
Gyeonggi-do/경기,Giheung-gu Yongin-si/용인시 기흥구,Yeongdeok-dong/영덕동
Gyeonggi-do/경기,Gimpo-si/김포시,Bukbyeon-dong/북변동
Gyeonggi-do/경기,Gimpo-si/김포시,Daegot-myeon/대곶면
Gyeonggi-do/경기,Gimpo-si/김포시,Gamjeong-dong/감정동
Gyeonggi-do/경기,Gimpo-si/김포시,Geolpo-dong/걸포동
Gyeonggi-do/경기,Gimpo-si/김포시,Gochon-myeon/고촌면
Gyeonggi-do/경기,Gimpo-si/김포시,Haseong-myeon/하성면
Gyeonggi-do/경기,Gimpo-si/김포시,Janggi-dong/장기동
Gyeonggi-do/경기,Gimpo-si/김포시,Pungmu-dong/풍무동
Gyeonggi-do/경기,Gimpo-si/김포시,Sau-dong/사우동
Gyeonggi-do/경기,Gimpo-si/김포시,Tongjin-eup/통진읍
Gyeonggi-do/경기,Gimpo-si/김포시,Unyang-dong/운양동
Gyeonggi-do/경기,Gimpo-si/김포시,Wolgot-myeon/월곶면
Gyeonggi-do/경기,Gimpo-si/김포시,Yangchon-myeon/양촌면
Gyeonggi-do/경기,Gunpo-si/군포시,Bugok-dong/부곡동
Gyeonggi-do/경기,Gunpo-si/군포시,Daeyami-dong/대야미동
Gyeonggi-do/경기,Gunpo-si/군포시,Dang-dong/당동
Gyeonggi-do/경기,Gunpo-si/군포시,Dangjeong-dong/당정동
Gyeonggi-do/경기,Gunpo-si/군포시,Domagyo-dong/도마교동
Gyeonggi-do/경기,Gunpo-si/군포시,Dundae-dong/둔대동
Gyeonggi-do/경기,Gunpo-si/군포시,Geumjeong-dong/금정동
Gyeonggi-do/경기,Gunpo-si/군포시,Gungnae-dong/궁내동
Gyeonggi-do/경기,Gunpo-si/군포시,Gunpo 1(il)-dong/군포1동
Gyeonggi-do/경기,Gunpo-si/군포시,Gunpo 2(i)-dong/군포2동
Gyeonggi-do/경기,Gunpo-si/군포시,Gunpoucheguksaseoham/군포우체국사서함
Gyeonggi-do/경기,Gunpo-si/군포시,Gwangjeong-dong/광정동
Gyeonggi-do/경기,Gunpo-si/군포시,Jaegung-dong/재궁동
Gyeonggi-do/경기,Gunpo-si/군포시,Ogeum-dong/오금동
Gyeonggi-do/경기,Gunpo-si/군포시,Sanbon 1(il)-dong/산본1동
Gyeonggi-do/경기,Gunpo-si/군포시,Sanbon 2(i)-dong/산본2동
Gyeonggi-do/경기,Gunpo-si/군포시,Sanbon-dong/산본동
Gyeonggi-do/경기,Gunpo-si/군포시,Sokdal-dong/속달동
Gyeonggi-do/경기,Gunpo-si/군포시,Suri-dong/수리동
Gyeonggi-do/경기,Guri-si/구리시,Acheon-dong/아천동
Gyeonggi-do/경기,Guri-si/구리시,Donggu-dong/동구동
Gyeonggi-do/경기,Guri-si/구리시,Galmae-dong/갈매동
Gyeonggi-do/경기,Guri-si/구리시,Guriucheguksaseoham/구리우체국사서함
Gyeonggi-do/경기,Guri-si/구리시,Gyomun 1(il)-dong/교문1동
Gyeonggi-do/경기,Guri-si/구리시,Gyomun 2(i)-dong/교문2동
Gyeonggi-do/경기,Guri-si/구리시,Gyomun-dong/교문동
Gyeonggi-do/경기,Guri-si/구리시,Inchang-dong/인창동
Gyeonggi-do/경기,Guri-si/구리시,Sano-dong/사노동
Gyeonggi-do/경기,Guri-si/구리시,Sutaeg 1(il)-dong/수택1동
Gyeonggi-do/경기,Guri-si/구리시,Sutaeg 2(i)-dong/수택2동
Gyeonggi-do/경기,Guri-si/구리시,Sutaeg 3(sam)-dong/수택3동
Gyeonggi-do/경기,Guri-si/구리시,Sutaek-dong/수택동
Gyeonggi-do/경기,Guri-si/구리시,Topyeong-dong/토평동
Gyeonggi-do/경기,Gwacheon-si/과천시,Burim-dong/부림동
Gyeonggi-do/경기,Gwacheon-si/과천시,Byeoryang-dong/별양동
Gyeonggi-do/경기,Gwacheon-si/과천시,Galhyeon-dong/갈현동
Gyeonggi-do/경기,Gwacheon-si/과천시,Gwacheon-dong/과천동
Gyeonggi-do/경기,Gwacheon-si/과천시,Gwacheonucheguksaseoham/과천우체국사서함
Gyeonggi-do/경기,Gwacheon-si/과천시,Gwanmun-dong/관문동
Gyeonggi-do/경기,Gwacheon-si/과천시,Juam-dong/주암동
Gyeonggi-do/경기,Gwacheon-si/과천시,Jungang-dong/중앙동
Gyeonggi-do/경기,Gwacheon-si/과천시,Makgye-dong/막계동
Gyeonggi-do/경기,Gwacheon-si/과천시,Munwon-dong/문원동
Gyeonggi-do/경기,Gwacheon-si/과천시,Wonmun-dong/원문동
Gyeonggi-do/경기,Gwangju-si/광주시,Chowor-eup/초월읍
Gyeonggi-do/경기,Gwangju-si/광주시,Docheok-myeon/도척면
Gyeonggi-do/경기,Gwangju-si/광주시,Gyeongan-dong/경안동
Gyeonggi-do/경기,Gwangju-si/광주시,Hoedeok-dong/회덕동
Gyeonggi-do/경기,Gwangju-si/광주시,Jangji-dong/장지동
Gyeonggi-do/경기,Gwangju-si/광주시,Jik-dong/직동
Gyeonggi-do/경기,Gwangju-si/광주시,Jungbu-myeon/중부면
Gyeonggi-do/경기,Gwangju-si/광주시,Jungdae-dong/중대동
Gyeonggi-do/경기,Gwangju-si/광주시,Mok-dong/목동
Gyeonggi-do/경기,Gwangju-si/광주시,Mokhyeon-dong/목현동
Gyeonggi-do/경기,Gwangju-si/광주시,Namjong-myeon/남종면
Gyeonggi-do/경기,Gwangju-si/광주시,Opo-eup/오포읍
Gyeonggi-do/경기,Gwangju-si/광주시,Sam-dong/삼동
Gyeonggi-do/경기,Gwangju-si/광주시,Silchon-eup/실촌읍
Gyeonggi-do/경기,Gwangju-si/광주시,Songjeong-dong/송정동
Gyeonggi-do/경기,Gwangju-si/광주시,Ssangryeong-dong/쌍령동
Gyeonggi-do/경기,Gwangju-si/광주시,Taejeon-dong/태전동
Gyeonggi-do/경기,Gwangju-si/광주시,Tanbeol-dong/탄벌동
Gyeonggi-do/경기,Gwangju-si/광주시,Toechon-myeon/퇴촌면
Gyeonggi-do/경기,Gwangju-si/광주시,Yeok-dong/역동
Gyeonggi-do/경기,Gwangmyeong-si/광명시,Cheolsan 1(il)-dong/철산1동
Gyeonggi-do/경기,Gwangmyeong-si/광명시,Cheolsan 2(i)-dong/철산2동
Gyeonggi-do/경기,Gwangmyeong-si/광명시,Cheolsan 3(sam)-dong/철산3동
Gyeonggi-do/경기,Gwangmyeong-si/광명시,Cheolsan 4(sa)-dong/철산4동
Gyeonggi-do/경기,Gwangmyeong-si/광명시,Cheolsan-dong/철산동
Gyeonggi-do/경기,Gwangmyeong-si/광명시,Gahak-dong/가학동
Gyeonggi-do/경기,Gwangmyeong-si/광명시,Gwangmyeong 1(il)-dong/광명1동
Gyeonggi-do/경기,Gwangmyeong-si/광명시,Gwangmyeong 2(i)-dong/광명2동
Gyeonggi-do/경기,Gwangmyeong-si/광명시,Gwangmyeong 3(sam)-dong/광명3동
Gyeonggi-do/경기,Gwangmyeong-si/광명시,Gwangmyeong 4(sa)-dong/광명4동
Gyeonggi-do/경기,Gwangmyeong-si/광명시,Gwangmyeong 5(o)-dong/광명5동
Gyeonggi-do/경기,Gwangmyeong-si/광명시,Gwangmyeong 6(yuk)-dong/광명6동
Gyeonggi-do/경기,Gwangmyeong-si/광명시,Gwangmyeong 7(chil)-dong/광명7동
Gyeonggi-do/경기,Gwangmyeong-si/광명시,Gwangmyeong-dong/광명동
Gyeonggi-do/경기,Gwangmyeong-si/광명시,Gwangmyeongucheguksaseoham/광명우체국사서함
Gyeonggi-do/경기,Gwangmyeong-si/광명시,Haan 1(il)-dong/하안1동
Gyeonggi-do/경기,Gwangmyeong-si/광명시,Haan 2(i)-dong/하안2동
Gyeonggi-do/경기,Gwangmyeong-si/광명시,Haan 3(sam)-dong/하안3동
Gyeonggi-do/경기,Gwangmyeong-si/광명시,Haan 4(sa)-dong/하안4동
Gyeonggi-do/경기,Gwangmyeong-si/광명시,Haan-dong/하안동
Gyeonggi-do/경기,Gwangmyeong-si/광명시,Iljik-dong/일직동
Gyeonggi-do/경기,Gwangmyeong-si/광명시,Noonsa-dong/노온사동
Gyeonggi-do/경기,Gwangmyeong-si/광명시,Okgil-dong/옥길동
Gyeonggi-do/경기,Gwangmyeong-si/광명시,Soha 1(il)-dong/소하1동
Gyeonggi-do/경기,Gwangmyeong-si/광명시,Soha 2(i)-dong/소하2동
Gyeonggi-do/경기,Gwangmyeong-si/광명시,Soha-dong/소하동
Gyeonggi-do/경기,Gwonseon-gu Suwon-si/수원시 권선구,Daehwanggyo-dong/대황교동
Gyeonggi-do/경기,Gwonseon-gu Suwon-si/수원시 권선구,Dangsu-dong/당수동
Gyeonggi-do/경기,Gwonseon-gu Suwon-si/수원시 권선구,Geumgok-dong/금곡동
Gyeonggi-do/경기,Gwonseon-gu Suwon-si/수원시 권선구,Gokbanjeong-dong/곡반정동
Gyeonggi-do/경기,Gwonseon-gu Suwon-si/수원시 권선구,Gosaek-dong/고색동
Gyeonggi-do/경기,Gwonseon-gu Suwon-si/수원시 권선구,Guun-dong/구운동
Gyeonggi-do/경기,Gwonseon-gu Suwon-si/수원시 권선구,Gwonseon-dong/권선동
Gyeonggi-do/경기,Gwonseon-gu Suwon-si/수원시 권선구,Homaesil-dong/호매실동
Gyeonggi-do/경기,Gwonseon-gu Suwon-si/수원시 권선구,Ipbuk-dong/입북동
Gyeonggi-do/경기,Gwonseon-gu Suwon-si/수원시 권선구,Jangji-dong/장지동
Gyeonggi-do/경기,Gwonseon-gu Suwon-si/수원시 권선구,Omokcheon-dong/오목천동
Gyeonggi-do/경기,Gwonseon-gu Suwon-si/수원시 권선구,Pyeong-dong/평동
Gyeonggi-do/경기,Gwonseon-gu Suwon-si/수원시 권선구,Pyeongri-dong/평리동
Gyeonggi-do/경기,Gwonseon-gu Suwon-si/수원시 권선구,Seodun-dong/서둔동
Gyeonggi-do/경기,Gwonseon-gu Suwon-si/수원시 권선구,Seryu 1(il)-dong/세류1동
Gyeonggi-do/경기,Gwonseon-gu Suwon-si/수원시 권선구,Seryu 2(i)-dong/세류2동
Gyeonggi-do/경기,Gwonseon-gu Suwon-si/수원시 권선구,Seryu 3(sam)-dong/세류3동
Gyeonggi-do/경기,Gwonseon-gu Suwon-si/수원시 권선구,Seryu-dong/세류동
Gyeonggi-do/경기,Gwonseon-gu Suwon-si/수원시 권선구,Tap-dong/탑동
Gyeonggi-do/경기,Hanam-si/하남시,Baealmi-dong/배알미동
Gyeonggi-do/경기,Hanam-si/하남시,Changu-dong/창우동
Gyeonggi-do/경기,Hanam-si/하남시,Cheonhyeon-dong/천현동
Gyeonggi-do/경기,Hanam-si/하남시,Choi-dong/초이동
Gyeonggi-do/경기,Hanam-si/하남시,Choil-dong/초일동
Gyeonggi-do/경기,Hanam-si/하남시,Chungung-dong/춘궁동
Gyeonggi-do/경기,Hanam-si/하남시,Deokpung 1(il)-dong/덕풍1동
Gyeonggi-do/경기,Hanam-si/하남시,Deokpung 2(i)-dong/덕풍2동
Gyeonggi-do/경기,Hanam-si/하남시,Deokpung 3(sam)-dong/덕풍3동
Gyeonggi-do/경기,Hanam-si/하남시,Deokpung-dong/덕풍동
Gyeonggi-do/경기,Hanam-si/하남시,Gambuk-dong/감북동
Gyeonggi-do/경기,Hanam-si/하남시,Gami-dong/감이동
Gyeonggi-do/경기,Hanam-si/하남시,Gamil-dong/감일동
Gyeonggi-do/경기,Hanam-si/하남시,Gwangam-dong/광암동
Gyeonggi-do/경기,Hanam-si/하남시,Gyosan-dong/교산동
Gyeonggi-do/경기,Hanam-si/하남시,Hagam-dong/학암동
Gyeonggi-do/경기,Hanam-si/하남시,Hang-dong/항동
Gyeonggi-do/경기,Hanam-si/하남시,Hasachang-dong/하사창동
Gyeonggi-do/경기,Hanam-si/하남시,Hasangok-dong/하산곡동
Gyeonggi-do/경기,Hanam-si/하남시,Mangwol-dong/망월동
Gyeonggi-do/경기,Hanam-si/하남시,Misa-dong/미사동
Gyeonggi-do/경기,Hanam-si/하남시,Pungsan-dong/풍산동
Gyeonggi-do/경기,Hanam-si/하남시,Sangsachang-dong/상사창동
Gyeonggi-do/경기,Hanam-si/하남시,Sangsangok-dong/상산곡동
Gyeonggi-do/경기,Hanam-si/하남시,Seon-dong/선동
Gyeonggi-do/경기,Hanam-si/하남시,Sinjang 1(il)-dong/신장1동
Gyeonggi-do/경기,Hanam-si/하남시,Sinjang 2(i)-dong/신장2동
Gyeonggi-do/경기,Hanam-si/하남시,Sinjang-dong/신장동
Gyeonggi-do/경기,Hwaseong-si/화성시,Annyeong-dong/안녕동
Gyeonggi-do/경기,Hwaseong-si/화성시,Anseok-dong/안석동
Gyeonggi-do/경기,Hwaseong-si/화성시,Baeyang-dong/배양동
Gyeonggi-do/경기,Hwaseong-si/화성시,Banjeong-dong/반정동
Gyeonggi-do/경기,Hwaseong-si/화성시,Bansong-dong/반송동
Gyeonggi-do/경기,Hwaseong-si/화성시,Banwol-dong/반월동
Gyeonggi-do/경기,Hwaseong-si/화성시,Bibong-myeon/비봉면
Gyeonggi-do/경기,Hwaseong-si/화성시,Bongdam-eup/봉담읍
Gyeonggi-do/경기,Hwaseong-si/화성시,Bugyang-dong/북양동
Gyeonggi-do/경기,Hwaseong-si/화성시,Byeongjeom-dong/병점동
Gyeonggi-do/경기,Hwaseong-si/화성시,Dongtan-myeon/동탄면
Gyeonggi-do/경기,Hwaseong-si/화성시,Gian-dong/기안동
Gyeonggi-do/경기,Hwaseong-si/화성시,Gisan-dong/기산동
Gyeonggi-do/경기,Hwaseong-si/화성시,Hwalcho-dong/활초동
Gyeonggi-do/경기,Hwaseong-si/화성시,Hwanggye-dong/황계동
Gyeonggi-do/경기,Hwaseong-si/화성시,Hyangnam-eup/향남읍
Gyeonggi-do/경기,Hwaseong-si/화성시,Jangan-myeon/장안면
Gyeonggi-do/경기,Hwaseong-si/화성시,Jangdeok-dong/장덕동
Gyeonggi-do/경기,Hwaseong-si/화성시,Jangjeon-dong/장전동
Gyeonggi-do/경기,Hwaseong-si/화성시,Jeongnam-myeon/정남면
Gyeonggi-do/경기,Hwaseong-si/화성시,Jinan-dong/진안동
Gyeonggi-do/경기,Hwaseong-si/화성시,Mado-myeon/마도면
Gyeonggi-do/경기,Hwaseong-si/화성시,Maesong-myeon/매송면
Gyeonggi-do/경기,Hwaseong-si/화성시,Munho-dong/문호동
Gyeonggi-do/경기,Hwaseong-si/화성시,Musong-dong/무송동
Gyeonggi-do/경기,Hwaseong-si/화성시,Namyang-dong/남양동
Gyeonggi-do/경기,Hwaseong-si/화성시,Neung-dong/능동
Gyeonggi-do/경기,Hwaseong-si/화성시,Onseok-dong/온석동
Gyeonggi-do/경기,Hwaseong-si/화성시,Paltan-myeon/팔탄면
Gyeonggi-do/경기,Hwaseong-si/화성시,Seogu-dong/석우동
Gyeonggi-do/경기,Hwaseong-si/화성시,Seosin-myeon/서신면
Gyeonggi-do/경기,Hwaseong-si/화성시,Si-dong/시동
Gyeonggi-do/경기,Hwaseong-si/화성시,Sinnam-dong/신남동
Gyeonggi-do/경기,Hwaseong-si/화성시,Sinoe-dong/신외동
Gyeonggi-do/경기,Hwaseong-si/화성시,Songrim-dong/송림동
Gyeonggi-do/경기,Hwaseong-si/화성시,Songsan-dong/송산동
Gyeonggi-do/경기,Hwaseong-si/화성시,Songsan-myeon/송산면
Gyeonggi-do/경기,Hwaseong-si/화성시,Suhwa-dong/수화동
Gyeonggi-do/경기,Hwaseong-si/화성시,Ujeong-eup/우정읍
Gyeonggi-do/경기,Hwaseong-si/화성시,Woncheon-dong/원천동
Gyeonggi-do/경기,Hwaseong-si/화성시,Yanggam-myeon/양감면
Gyeonggi-do/경기,Icheon-si/이천시,Anheung-dong/안흥동
Gyeonggi-do/경기,Icheon-si/이천시,Baeksa-myeon/백사면
Gyeonggi-do/경기,Icheon-si/이천시,Bubar-eup/부발읍
Gyeonggi-do/경기,Icheon-si/이천시,Changjeon-dong/창전동
Gyeonggi-do/경기,Icheon-si/이천시,Daepo-dong/대포동
Gyeonggi-do/경기,Icheon-si/이천시,Daewol-myeon/대월면
Gyeonggi-do/경기,Icheon-si/이천시,Danwol-dong/단월동
Gyeonggi-do/경기,Icheon-si/이천시,Galsan-dong/갈산동
Gyeonggi-do/경기,Icheon-si/이천시,Godam-dong/고담동
Gyeonggi-do/경기,Icheon-si/이천시,Gwango-dong/관고동
Gyeonggi-do/경기,Icheon-si/이천시,Hobeop-myeon/호법면
Gyeonggi-do/경기,Icheon-si/이천시,Icheonucheguksaseoham/이천우체국사서함
Gyeonggi-do/경기,Icheon-si/이천시,Janghowon-eup/장호원읍
Gyeonggi-do/경기,Icheon-si/이천시,Jangrok-dong/장록동
Gyeonggi-do/경기,Icheon-si/이천시,Jeungil-dong/증일동
Gyeonggi-do/경기,Icheon-si/이천시,Jeungpo-dong/증포동
Gyeonggi-do/경기,Icheon-si/이천시,Jinri-dong/진리동
Gyeonggi-do/경기,Icheon-si/이천시,Jungri-dong/중리동
Gyeonggi-do/경기,Icheon-si/이천시,Majang-myeon/마장면
Gyeonggi-do/경기,Icheon-si/이천시,Moga-myeon/모가면
Gyeonggi-do/경기,Icheon-si/이천시,Saeum-dong/사음동
Gyeonggi-do/경기,Icheon-si/이천시,Seolseong-myeon/설성면
Gyeonggi-do/경기,Icheon-si/이천시,Sindun-myeon/신둔면
Gyeonggi-do/경기,Icheon-si/이천시,Songjeong-dong/송정동
Gyeonggi-do/경기,Icheon-si/이천시,Yulhyeon-dong/율현동
Gyeonggi-do/경기,Icheon-si/이천시,Yul-myeon/율면
Gyeonggi-do/경기,Ilsandong-gu Goyang-si/고양시 일산동구,Baekseog 1(il)-dong/백석1동
Gyeonggi-do/경기,Ilsandong-gu Goyang-si/고양시 일산동구,Baekseog 2(i)-dong/백석2동
Gyeonggi-do/경기,Ilsandong-gu Goyang-si/고양시 일산동구,Baekseok-dong/백석동
Gyeonggi-do/경기,Ilsandong-gu Goyang-si/고양시 일산동구,Goyangilsanucheguksaseoham/고양일산우체국사서함
Gyeonggi-do/경기,Ilsandong-gu Goyang-si/고양시 일산동구,Goyangupyeonjipjungguksaseoham/고양우편집중국사서함
Gyeonggi-do/경기,Ilsandong-gu Goyang-si/고양시 일산동구,Janghang 1(il)-dong/장항1동
Gyeonggi-do/경기,Ilsandong-gu Goyang-si/고양시 일산동구,Janghang 2(i)-dong/장항2동
Gyeonggi-do/경기,Ilsandong-gu Goyang-si/고양시 일산동구,Janghang-dong/장항동
Gyeonggi-do/경기,Ilsandong-gu Goyang-si/고양시 일산동구,Jeongbalsan-dong/정발산동
Gyeonggi-do/경기,Ilsandong-gu Goyang-si/고양시 일산동구,Jiyeong-dong/지영동
Gyeonggi-do/경기,Ilsandong-gu Goyang-si/고양시 일산동구,Jungsan-dong/중산동
Gyeonggi-do/경기,Ilsandong-gu Goyang-si/고양시 일산동구,Madu 1(il)-dong/마두1동
Gyeonggi-do/경기,Ilsandong-gu Goyang-si/고양시 일산동구,Madu 2(i)-dong/마두2동
Gyeonggi-do/경기,Ilsandong-gu Goyang-si/고양시 일산동구,Madu-dong/마두동
Gyeonggi-do/경기,Ilsandong-gu Goyang-si/고양시 일산동구,Munbong-dong/문봉동
Gyeonggi-do/경기,Ilsandong-gu Goyang-si/고양시 일산동구,Pung-dong/풍동
Gyeonggi-do/경기,Ilsandong-gu Goyang-si/고양시 일산동구,Sanhwang-dong/산황동
Gyeonggi-do/경기,Ilsandong-gu Goyang-si/고양시 일산동구,Sarihyeon-dong/사리현동
Gyeonggi-do/경기,Ilsandong-gu Goyang-si/고양시 일산동구,Seolmun-dong/설문동
Gyeonggi-do/경기,Ilsandong-gu Goyang-si/고양시 일산동구,Seongseok-dong/성석동
Gyeonggi-do/경기,Ilsandong-gu Goyang-si/고양시 일산동구,Siksa-dong/식사동
Gyeongsangnam-do/경남,Changnyeong-gun/창녕군,Bugok-myeon/부곡면
Gyeongsangnam-do/경남,Changnyeong-gun/창녕군,Changnyeong-eup/창녕읍
Gyeongsangnam-do/경남,Changnyeong-gun/창녕군,Daehap-myeon/대합면
Gyeongsangnam-do/경남,Changnyeong-gun/창녕군,Daeji-myeon/대지면
Gyeongsangnam-do/경남,Changnyeong-gun/창녕군,Docheon-myeon/도천면
Gyeongsangnam-do/경남,Changnyeong-gun/창녕군,Gilgok-myeon/길곡면
Gyeongsangnam-do/경남,Changnyeong-gun/창녕군,Goam-myeon/고암면
Gyeongsangnam-do/경남,Changnyeong-gun/창녕군,Gyeseong-myeon/계성면
Gyeongsangnam-do/경남,Changnyeong-gun/창녕군,Ibang-myeon/이방면
Gyeongsangnam-do/경남,Changnyeong-gun/창녕군,Jangma-myeon/장마면
Gyeongsangnam-do/경남,Changnyeong-gun/창녕군,Namji-eup/남지읍
Gyeongsangnam-do/경남,Changnyeong-gun/창녕군,Seongsan-myeon/성산면
Gyeongsangnam-do/경남,Changnyeong-gun/창녕군,Yeongsan-myeon/영산면
Gyeongsangnam-do/경남,Changnyeong-gun/창녕군,Yueo-myeon/유어면
Gyeongsangnam-do/경남,Changwon-si/창원시,Anmin-dong/안민동
Gyeongsangnam-do/경남,Changwon-si/창원시,Bangye-dong/반계동
Gyeongsangnam-do/경남,Changwon-si/창원시,Banji-dong/반지동
Gyeongsangnam-do/경남,Changwon-si/창원시,Banrim-dong/반림동
Gyeongsangnam-do/경남,Changwon-si/창원시,Bansong-dong/반송동
Gyeongsangnam-do/경남,Changwon-si/창원시,Bonggok-dong/봉곡동
Gyeongsangnam-do/경남,Changwon-si/창원시,Bongrim-dong/봉림동
Gyeongsangnam-do/경남,Changwon-si/창원시,Buk-dong/북동
Gyeongsangnam-do/경남,Changwon-si/창원시,Buk-myeon/북면
Gyeongsangnam-do/경남,Changwon-si/창원시,Bulmosan-dong/불모산동
Gyeongsangnam-do/경남,Changwon-si/창원시,Changgok-dong/창곡동
Gyeongsangnam-do/경남,Changwon-si/창원시,Changwonucheguksaseoham/창원우체국사서함
Gyeongsangnam-do/경남,Changwon-si/창원시,Charyong-dong/차룡동
Gyeongsangnam-do/경남,Changwon-si/창원시,Cheonseon-dong/천선동
Gyeongsangnam-do/경남,Changwon-si/창원시,Daebang-dong/대방동
Gyeongsangnam-do/경남,Changwon-si/창원시,Daesan-myeon/대산면
Gyeongsangnam-do/경남,Changwon-si/창원시,Daewon-dong/대원동
Gyeongsangnam-do/경남,Changwon-si/창원시,Deokjeong-dong/덕정동
Gyeongsangnam-do/경남,Changwon-si/창원시,Dogye-dong/도계동
Gyeongsangnam-do/경남,Changwon-si/창원시,Dong-eup/동읍
Gyeongsangnam-do/경남,Changwon-si/창원시,Dongjeong-dong/동정동
Gyeongsangnam-do/경남,Changwon-si/창원시,Dudae-dong/두대동
Gyeongsangnam-do/경남,Changwon-si/창원시,Gaeum-dong/가음동
Gyeongsangnam-do/경남,Changwon-si/창원시,Gaeumjeong-dong/가음정동
Gyeongsangnam-do/경남,Changwon-si/창원시,Gwigok-dong/귀곡동
Gyeongsangnam-do/경남,Changwon-si/창원시,Gwihyeon-dong/귀현동
Gyeongsangnam-do/경남,Changwon-si/창원시,Gwisan-dong/귀산동
Gyeongsangnam-do/경남,Changwon-si/창원시,Jeokhyeon-dong/적현동
Gyeongsangnam-do/경남,Changwon-si/창원시,Jigwi-dong/지귀동
Gyeongsangnam-do/경남,Changwon-si/창원시,Jungang-dong/중앙동
Gyeongsangnam-do/경남,Changwon-si/창원시,Jung-dong/중동
Gyeongsangnam-do/경남,Changwon-si/창원시,Myeonggok-dong/명곡동
Gyeongsangnam-do/경남,Changwon-si/창원시,Myeongseo-dong/명서동
Gyeongsangnam-do/경남,Changwon-si/창원시,Nae-dong/내동
Gyeongsangnam-do/경남,Changwon-si/창원시,Naeri-dong/내리동
Gyeongsangnam-do/경남,Changwon-si/창원시,Namji-dong/남지동
Gyeongsangnam-do/경남,Changwon-si/창원시,Namsan-dong/남산동
Gyeongsangnam-do/경남,Changwon-si/창원시,Namyang-dong/남양동
Gyeongsangnam-do/경남,Changwon-si/창원시,Oe-dong/외동
Gyeongsangnam-do/경남,Changwon-si/창원시,Paryong-dong/팔용동
Gyeongsangnam-do/경남,Changwon-si/창원시,Sahwa-dong/사화동
Gyeongsangnam-do/경남,Changwon-si/창원시,Samdong-dong/삼동동
Gyeongsangnam-do/경남,Changwon-si/창원시,Samjeongja-dong/삼정자동
Gyeongsangnam-do/경남,Changwon-si/창원시,Sangbok-dong/상복동
Gyeongsangnam-do/경남,Changwon-si/창원시,Sangnam-dong/상남동
Gyeongsangnam-do/경남,Changwon-si/창원시,Sapa-dong/사파동
Gyeongsangnam-do/경남,Changwon-si/창원시,Sapajeong-dong/사파정동
Gyeongsangnam-do/경남,Changwon-si/창원시,Sarim-dong/사림동
Gyeongsangnam-do/경남,Changwon-si/창원시,Seogok-dong/서곡동
Gyeongsangnam-do/경남,Changwon-si/창원시,Seongju-dong/성주동
Gyeongsangnam-do/경남,Changwon-si/창원시,Seongsan-dong/성산동
Gyeongsangnam-do/경남,Changwon-si/창원시,Seosang-dong/서상동
Gyeongsangnam-do/경남,Changwon-si/창원시,Sinchon-dong/신촌동
Gyeongsangnam-do/경남,Changwon-si/창원시,Sinwol-dong/신월동
Gyeongsangnam-do/경남,Changwon-si/창원시,Sodap-dong/소답동
Gyeongsangnam-do/경남,Changwon-si/창원시,Sogye-dong/소계동
Gyeongsangnam-do/경남,Changwon-si/창원시,Toechon-dong/퇴촌동
Gyeongsangnam-do/경남,Changwon-si/창원시,Towol-dong/토월동
Gyeongsangnam-do/경남,Changwon-si/창원시,Ungnam-dong/웅남동
Gyeongsangnam-do/경남,Changwon-si/창원시,Wanam-dong/완암동
Gyeongsangnam-do/경남,Changwon-si/창원시,Wollim-dong/월림동
Gyeongsangnam-do/경남,Changwon-si/창원시,Yanggok-dong/양곡동
Gyeongsangnam-do/경남,Changwon-si/창원시,Yong-dong/용동
Gyeongsangnam-do/경남,Changwon-si/창원시,Yongho-dong/용호동
Gyeongsangnam-do/경남,Changwon-si/창원시,Yongji-dong/용지동
Gyeongsangnam-do/경남,Geochang-gun/거창군,Buksang-myeon/북상면
Gyeongsangnam-do/경남,Geochang-gun/거창군,Gabuk-myeon/가북면
Gyeongsangnam-do/경남,Geochang-gun/거창군,Gajo-myeon/가조면
Gyeongsangnam-do/경남,Geochang-gun/거창군,Geochang-eup/거창읍
Gyeongsangnam-do/경남,Geochang-gun/거창군,Goje-myeon/고제면
Gyeongsangnam-do/경남,Geochang-gun/거창군,Jusang-myeon/주상면
Gyeongsangnam-do/경남,Geochang-gun/거창군,Mari-myeon/마리면
Gyeongsangnam-do/경남,Geochang-gun/거창군,Namha-myeon/남하면
Gyeongsangnam-do/경남,Geochang-gun/거창군,Namsang-myeon/남상면
Gyeongsangnam-do/경남,Geochang-gun/거창군,Sinwon-myeon/신원면
Gyeongsangnam-do/경남,Geochang-gun/거창군,Ungyang-myeon/웅양면
Gyeongsangnam-do/경남,Geochang-gun/거창군,Wicheon-myeon/위천면
Gyeongsangnam-do/경남,Geoje-si/거제시,Aju-dong/아주동
Gyeongsangnam-do/경남,Geoje-si/거제시,Ayang-dong/아양동
Gyeongsangnam-do/경남,Geoje-si/거제시,Deokpo-dong/덕포동
Gyeongsangnam-do/경남,Geoje-si/거제시,Dongbu-myeon/동부면
Gyeongsangnam-do/경남,Geoje-si/거제시,Dumo-dong/두모동
Gyeongsangnam-do/경남,Geoje-si/거제시,Dundeok-myeon/둔덕면
Gyeongsangnam-do/경남,Geoje-si/거제시,Geoje-myeon/거제면
Gyeongsangnam-do/경남,Geoje-si/거제시,Gohyeon-dong/고현동
Gyeongsangnam-do/경남,Geoje-si/거제시,Hacheong-myeon/하청면
Gyeongsangnam-do/경남,Geoje-si/거제시,Irun-myeon/일운면
Gyeongsangnam-do/경남,Geoje-si/거제시,Jangmok-myeon/장목면
Gyeongsangnam-do/경남,Geoje-si/거제시,Jangpyeong-dong/장평동
Gyeongsangnam-do/경남,Geoje-si/거제시,Jangseungpo-dong/장승포동
Gyeongsangnam-do/경남,Geoje-si/거제시,Jangseungpoucheguksaseoham/장승포우체국사서함
Gyeongsangnam-do/경남,Geoje-si/거제시,Majeon-dong/마전동
Gyeongsangnam-do/경남,Geoje-si/거제시,Mundong-dong/문동동
Gyeongsangnam-do/경남,Geoje-si/거제시,Nambu-myeon/남부면
Gyeongsangnam-do/경남,Geoje-si/거제시,Neungpo-dong/능포동
Gyeongsangnam-do/경남,Geoje-si/거제시,Okpo 1(il)-dong/옥포1동
Gyeongsangnam-do/경남,Geoje-si/거제시,Okpo 2(i)-dong/옥포2동
Gyeongsangnam-do/경남,Geoje-si/거제시,Okpo-dong/옥포동
Gyeongsangnam-do/경남,Geoje-si/거제시,Sadeung-myeon/사등면
Gyeongsangnam-do/경남,Geoje-si/거제시,Samgeo-dong/삼거동
Gyeongsangnam-do/경남,Geoje-si/거제시,Sangdong-dong/상동동
Gyeongsangnam-do/경남,Geoje-si/거제시,Suwol-dong/수월동
Gyeongsangnam-do/경남,Geoje-si/거제시,Yangjeong-dong/양정동
Gyeongsangnam-do/경남,Geoje-si/거제시,Yeoncho-myeon/연초면
Gyeongsangnam-do/경남,Gimhae-si/김해시,An-dong/안동
Gyeongsangnam-do/경남,Gimhae-si/김해시,Bonghwang-dong/봉황동
Gyeongsangnam-do/경남,Gimhae-si/김해시,Buram-dong/불암동
Gyeongsangnam-do/경남,Gimhae-si/김해시,Buwon-dong/부원동
Gyeongsangnam-do/경남,Gimhae-si/김해시,Daedong-myeon/대동면
Gyeongsangnam-do/경남,Gimhae-si/김해시,Daeseong-dong/대성동
Gyeongsangnam-do/경남,Gimhae-si/김해시,Dongsang-dong/동상동
Gyeongsangnam-do/경남,Gimhae-si/김해시,Eobang-dong/어방동
Gyeongsangnam-do/경남,Gimhae-si/김해시,Gang-dong/강동
Gyeongsangnam-do/경남,Gimhae-si/김해시,Gimhaeucheguksaseoham/김해우체국사서함
Gyeongsangnam-do/경남,Gimhae-si/김해시,Gusan-dong/구산동
Gyeongsangnam-do/경남,Gimhae-si/김해시,Hanrim-myeon/한림면
Gyeongsangnam-do/경남,Gimhae-si/김해시,Heung-dong/흥동
Gyeongsangnam-do/경남,Gimhae-si/김해시,Hwamok-dong/화목동
Gyeongsangnam-do/경남,Gimhae-si/김해시,I-dong/이동
Gyeongsangnam-do/경남,Gimhae-si/김해시,Jangyu-myeon/장유면
Gyeongsangnam-do/경남,Gimhae-si/김해시,Jeonha-dong/전하동
Gyeongsangnam-do/경남,Gimhae-si/김해시,Jinae-dong/지내동
Gyeongsangnam-do/경남,Gimhae-si/김해시,Jinrye-myeon/진례면
Gyeongsangnam-do/경남,Gimhae-si/김해시,Jinyeong-eup/진영읍
Gyeongsangnam-do/경남,Gimhae-si/김해시,Juchon-myeon/주촌면
Gyeongsangnam-do/경남,Gimhae-si/김해시,Myeongbeop-dong/명법동
Gyeongsangnam-do/경남,Gimhae-si/김해시,Nae-dong/내동
Gyeongsangnam-do/경남,Gimhae-si/김해시,Oe-dong/외동
Gyeongsangnam-do/경남,Gimhae-si/김해시,Pungyu-dong/풍유동
Gyeongsangnam-do/경남,Gimhae-si/김해시,Saengrim-myeon/생림면
Gyeongsangnam-do/경남,Gimhae-si/김해시,Sambang-dong/삼방동
Gyeongsangnam-do/경남,Gimhae-si/김해시,Samgye-dong/삼계동
Gyeongsangnam-do/경남,Gimhae-si/김해시,Samjeong-dong/삼정동
Gyeongsangnam-do/경남,Gimhae-si/김해시,Sangdong-myeon/상동면
Gyeongsangnam-do/경남,Gimhae-si/김해시,Seosang-dong/서상동
Gyeongsangnam-do/경남,Goseong-gun/고성군,Daega-myeon/대가면
Gyeongsangnam-do/경남,Goseong-gun/고성군,Donghae-myeon/동해면
Gyeongsangnam-do/경남,Goseong-gun/고성군,Gaecheon-myeon/개천면
Gyeongsangnam-do/경남,Goseong-gun/고성군,Ganseong-eup/간성읍
Gyeongsangnam-do/경남,Goseong-gun/고성군,Geojin-eup/거진읍
Gyeongsangnam-do/경남,Goseong-gun/고성군,Georyu-myeon/거류면
Gyeongsangnam-do/경남,Goseong-gun/고성군,Goseong-eup/고성읍
Gyeongsangnam-do/경남,Goseong-gun/고성군,Guman-myeon/구만면
Gyeongsangnam-do/경남,Goseong-gun/고성군,Hail-myeon/하일면
Gyeongsangnam-do/경남,Goseong-gun/고성군,Hai-myeon/하이면
Gyeongsangnam-do/경남,Goseong-gun/고성군,Hoehwa-myeon/회화면
Gyeongsangnam-do/경남,Goseong-gun/고성군,Hyeonnae-myeon/현내면
Gyeongsangnam-do/경남,Goseong-gun/고성군,Jugwang-myeon/죽왕면
Gyeongsangnam-do/경남,Goseong-gun/고성군,Maam-myeon/마암면
Gyeongsangnam-do/경남,Goseong-gun/고성군,Samsan-myeon/삼산면
Gyeongsangnam-do/경남,Goseong-gun/고성군,Sangri-myeon/상리면
Gyeongsangnam-do/경남,Goseong-gun/고성군,Toseong-myeon/토성면
Gyeongsangnam-do/경남,Goseong-gun/고성군,Yeonghyeon-myeon/영현면
Gyeongsangnam-do/경남,Goseong-gun/고성군,Yeongo-myeon/영오면
Gyeongsangnam-do/경남,Hadong-gun/하동군,Agyang-myeon/악양면
Gyeongsangnam-do/경남,Hadong-gun/하동군,Bukcheon-myeon/북천면
Gyeongsangnam-do/경남,Hadong-gun/하동군,Cheongam-myeon/청암면
Gyeongsangnam-do/경남,Hadong-gun/하동군,Geumnam-myeon/금남면
Gyeongsangnam-do/경남,Hadong-gun/하동군,Geumseong-myeon/금성면
Gyeongsangnam-do/경남,Hadong-gun/하동군,Gojeon-myeon/고전면
Gyeongsangnam-do/경남,Hadong-gun/하동군,Hadong-eup/하동읍
Gyeongsangnam-do/경남,Hadong-gun/하동군,Hoengcheon-myeon/횡천면
Gyeongsangnam-do/경남,Hadong-gun/하동군,Hwagae-myeon/화개면
Gyeongsangnam-do/경남,Hadong-gun/하동군,Jeokryang-myeon/적량면
Gyeongsangnam-do/경남,Hadong-gun/하동군,Jingyo-myeon/진교면
Gyeongsangnam-do/경남,Hadong-gun/하동군,Okjong-myeon/옥종면
Gyeongsangnam-do/경남,Hadong-gun/하동군,Yangbo-myeon/양보면
Gyeongsangnam-do/경남,Haman-gun/함안군,Beopsu-myeon/법수면
Gyeongsangnam-do/경남,Haman-gun/함안군,Chilbuk-myeon/칠북면
Gyeongsangnam-do/경남,Haman-gun/함안군,Chilseo-myeon/칠서면
Gyeongsangnam-do/경남,Haman-gun/함안군,Chirwon-myeon/칠원면
Gyeongsangnam-do/경남,Haman-gun/함안군,Daesan-myeon/대산면
Gyeongsangnam-do/경남,Haman-gun/함안군,Gaya-eup/가야읍
Gyeongsangnam-do/경남,Haman-gun/함안군,Gunbuk-myeon/군북면
Gyeongsangnam-do/경남,Haman-gun/함안군,Haman-myeon/함안면
Gyeongsangnam-do/경남,Haman-gun/함안군,Sanin-myeon/산인면
Gyeongsangnam-do/경남,Haman-gun/함안군,Yeohang-myeon/여항면
Gyeongsangnam-do/경남,Hamyang-gun/함양군,Anui-myeon/안의면
Gyeongsangnam-do/경남,Hamyang-gun/함양군,Baekjeon-myeon/백전면
Gyeongsangnam-do/경남,Hamyang-gun/함양군,Byeonggok-myeon/병곡면
Gyeongsangnam-do/경남,Hamyang-gun/함양군,Hamyang-eup/함양읍
Gyeongsangnam-do/경남,Hamyang-gun/함양군,Hyucheon-myeon/휴천면
Gyeongsangnam-do/경남,Hamyang-gun/함양군,Jigok-myeon/지곡면
Gyeongsangnam-do/경남,Hamyang-gun/함양군,Macheon-myeon/마천면
Gyeongsangnam-do/경남,Hamyang-gun/함양군,Seoha-myeon/서하면
Gyeongsangnam-do/경남,Hamyang-gun/함양군,Seosang-myeon/서상면
Gyeongsangnam-do/경남,Hamyang-gun/함양군,Sudong-myeon/수동면
Gyeongsangnam-do/경남,Hamyang-gun/함양군,Yurim-myeon/유림면
Gyeongsangnam-do/경남,Hapcheon-gun/합천군,Bongsan-myeon/봉산면
Gyeongsangnam-do/경남,Hapcheon-gun/합천군,Cheongdeok-myeon/청덕면
Gyeongsangnam-do/경남,Hapcheon-gun/합천군,Chogye-myeon/초계면
Gyeongsangnam-do/경남,Hapcheon-gun/합천군,Daebyeong-myeon/대병면
Gyeongsangnam-do/경남,Hapcheon-gun/합천군,Daeyang-myeon/대양면
Gyeongsangnam-do/경남,Hapcheon-gun/합천군,Deokgok-myeon/덕곡면
Gyeongsangnam-do/경남,Hapcheon-gun/합천군,Gahoe-myeon/가회면
Gyeongsangnam-do/경남,Hapcheon-gun/합천군,Gaya-myeon/가야면
Gyeongsangnam-do/경남,Hapcheon-gun/합천군,Hapcheon-eup/합천읍
Gyeongsangnam-do/경남,Hapcheon-gun/합천군,Jeokjung-myeon/적중면
Gyeongsangnam-do/경남,Hapcheon-gun/합천군,Myosan-myeon/묘산면
Gyeongsangnam-do/경남,Hapcheon-gun/합천군,Samga-myeon/삼가면
Gyeongsangnam-do/경남,Hapcheon-gun/합천군,Ssangbaek-myeon/쌍백면
Gyeongsangnam-do/경남,Hapcheon-gun/합천군,Ssangchaek-myeon/쌍책면
Gyeongsangnam-do/경남,Hapcheon-gun/합천군,Yaro-myeon/야로면
Gyeongsangnam-do/경남,Hapcheon-gun/합천군,Yongju-myeon/용주면
Gyeongsangnam-do/경남,Hapcheon-gun/합천군,Yulgok-myeon/율곡면
Gyeongsangnam-do/경남,Jinhae-si/진해시,Aenggok-dong/앵곡동
Gyeongsangnam-do/경남,Jinhae-si/진해시,Angok-dong/안곡동
Gyeongsangnam-do/경남,Jinhae-si/진해시,Angol-dong/안골동
Gyeongsangnam-do/경남,Jinhae-si/진해시,Bibong-dong/비봉동
Gyeongsangnam-do/경남,Jinhae-si/진해시,Buheung-dong/부흥동
Gyeongsangnam-do/경남,Jinhae-si/진해시,Bukbu-dong/북부동
Gyeongsangnam-do/경남,Jinhae-si/진해시,Changseon-dong/창선동
Gyeongsangnam-do/경남,Jinhae-si/진해시,Cheongan-dong/청안동
Gyeongsangnam-do/경남,Jinhae-si/진해시,Chungmu-dong/충무동
Gyeongsangnam-do/경남,Jinhae-si/진해시,Chungui-dong/충의동
Gyeongsangnam-do/경남,Jinhae-si/진해시,Daecheon-dong/대천동
Gyeongsangnam-do/경남,Jinhae-si/진해시,Daeheung-dong/대흥동
Gyeongsangnam-do/경남,Jinhae-si/진해시,Daejang-dong/대장동
Gyeongsangnam-do/경남,Jinhae-si/진해시,Daejuk-dong/대죽동
Gyeongsangnam-do/경남,Jinhae-si/진해시,Daeyeong-dong/대영동
Gyeongsangnam-do/경남,Jinhae-si/진해시,Deoksan-dong/덕산동
Gyeongsangnam-do/경남,Jinhae-si/진해시,Docheon-dong/도천동
Gyeongsangnam-do/경남,Jinhae-si/진해시,Doman-dong/도만동
Gyeongsangnam-do/경남,Jinhae-si/진해시,Dongsang-dong/동상동
Gyeongsangnam-do/경남,Jinhae-si/진해시,Du-dong/두동
Gyeongsangnam-do/경남,Jinhae-si/진해시,Gaju-dong/가주동
Gyeongsangnam-do/경남,Jinhae-si/진해시,Geunhwa-dong/근화동
Gyeongsangnam-do/경남,Jinhae-si/진해시,Gwanghwa-dong/광화동
Gyeongsangnam-do/경남,Jinhae-si/진해시,Gyeonghwa-dong/경화동
Gyeongsangnam-do/경남,Jinhae-si/진해시,Haengam-dong/행암동
Gyeongsangnam-do/경남,Jinhae-si/진해시,Hoehyeon-dong/회현동
Gyeongsangnam-do/경남,Jinhae-si/진해시,Hwacheon-dong/화천동
Gyeongsangnam-do/경남,Jinhae-si/진해시,Hyeon-dong/현동
Gyeongsangnam-do/경남,Jinhae-si/진해시,I-dong/이동
Gyeongsangnam-do/경남,Jinhae-si/진해시,Ikseon-dong/익선동
Gyeongsangnam-do/경남,Jinhae-si/진해시,Insa-dong/인사동
Gyeongsangnam-do/경남,Jinhae-si/진해시,Inui-dong/인의동
Gyeongsangnam-do/경남,Jinhae-si/진해시,Jaeun-dong/자은동
Gyeongsangnam-do/경남,Jinhae-si/진해시,Jangcheon-dong/장천동
Gyeongsangnam-do/경남,Jinhae-si/진해시,Jedeok-dong/제덕동
Gyeongsangnam-do/경남,Jinhae-si/진해시,Jehwangsan-dong/제황산동
Gyeongsangnam-do/경남,Jinhae-si/진해시,Jinhaeucheguksaseoham/진해우체국사서함
Gyeongsangnam-do/경남,Jinhae-si/진해시,Jukgok-dong/죽곡동
Gyeongsangnam-do/경남,Jinhae-si/진해시,Jungang-dong/중앙동
Gyeongsangnam-do/경남,Jinhae-si/진해시,Jungpyeong-dong/중평동
Gyeongsangnam-do/경남,Jinhae-si/진해시,Macheon-dong/마천동
Gyeongsangnam-do/경남,Jinhae-si/진해시,Musong-dong/무송동
Gyeongsangnam-do/경남,Jinhae-si/진해시,Myeong-dong/명동
Gyeongsangnam-do/경남,Jinhae-si/진해시,Nambin-dong/남빈동
Gyeongsangnam-do/경남,Jinhae-si/진해시,Nammun-dong/남문동
Gyeongsangnam-do/경남,Jinhae-si/진해시,Namyang-dong/남양동
Gyeongsangnam-do/경남,Jinhae-si/진해시,Pungho-dong/풍호동
Gyeongsangnam-do/경남,Jinhae-si/진해시,Pyeongan-dong/평안동
Gyeongsangnam-do/경남,Jinhae-si/진해시,Seojung-dong/서중동
Gyeongsangnam-do/경남,Jinhae-si/진해시,Seok-dong/석동
Gyeongsangnam-do/경남,Jinhae-si/진해시,Seongnae-dong/성내동
Gyeongsangnam-do/경남,Jinhae-si/진해시,Sinheung-dong/신흥동
Gyeongsangnam-do/경남,Jinhae-si/진해시,Sokcheon-dong/속천동
Gyeongsangnam-do/경남,Jinhae-si/진해시,Songhak-dong/송학동
Gyeongsangnam-do/경남,Jinhae-si/진해시,Songjuk-dong/송죽동
Gyeongsangnam-do/경남,Jinhae-si/진해시,Sosa-dong/소사동
Gyeongsangnam-do/경남,Jinhae-si/진해시,Sudo-dong/수도동
Gyeongsangnam-do/경남,Jinhae-si/진해시,Sungin-dong/숭인동
Gyeongsangnam-do/경남,Jinhae-si/진해시,Susong-dong/수송동
Gyeongsangnam-do/경남,Jinhae-si/진해시,Taebaek-dong/태백동
Gyeongsangnam-do/경남,Jinhae-si/진해시,Taepyeong-dong/태평동
Gyeongsangnam-do/경남,Jinhae-si/진해시,Tongsin-dong/통신동
Gyeongsangnam-do/경남,Jinhae-si/진해시,Wonpo-dong/원포동
Gyeongsangnam-do/경남,Jinhae-si/진해시,Yeojwa-dong/여좌동
Gyeongsangnam-do/경남,Jinhae-si/진해시,Yeondo-dong/연도동
Gyeongsangnam-do/경남,Jinhae-si/진해시,Yongwon-dong/용원동
Gyeongsangnam-do/경남,Jinju-si/진주시,Bonggok-dong/봉곡동
Gyeongsangnam-do/경남,Jinju-si/진주시,Bongrae-dong/봉래동
Gyeongsangnam-do/경남,Jinju-si/진주시,Bonseong-dong/본성동
Gyeongsangnam-do/경남,Jinju-si/진주시,Chiram-dong/칠암동
Gyeongsangnam-do/경남,Jinju-si/진주시,Chojeon-dong/초전동
Gyeongsangnam-do/경남,Jinju-si/진주시,Daean-dong/대안동
Gyeongsangnam-do/경남,Jinju-si/진주시,Daegok-myeon/대곡면
Gyeongsangnam-do/경남,Jinju-si/진주시,Daepyeong-myeon/대평면
Gyeongsangnam-do/경남,Jinju-si/진주시,Dongseong-dong/동성동
Gyeongsangnam-do/경남,Jinju-si/진주시,Gajwa-dong/가좌동
Gyeongsangnam-do/경남,Jinju-si/진주시,Gangnam-dong/강남동
Gyeongsangnam-do/경남,Jinju-si/진주시,Geumgok-myeon/금곡면
Gyeongsangnam-do/경남,Jinju-si/진주시,Geumsan-myeon/금산면
Gyeongsangnam-do/경남,Jinju-si/진주시,Gwigok-dong/귀곡동
Gyeongsangnam-do/경남,Jinju-si/진주시,Gye-dong/계동
Gyeongsangnam-do/경남,Jinju-si/진주시,Hachon-dong/하촌동
Gyeongsangnam-do/경남,Jinju-si/진주시,Hadae 1(il)-dong/하대1동
Gyeongsangnam-do/경남,Jinju-si/진주시,Hadae 2(i)-dong/하대2동
Gyeongsangnam-do/경남,Jinju-si/진주시,Hadae-dong/하대동
Gyeongsangnam-do/경남,Jinju-si/진주시,Hotan-dong/호탄동
Gyeongsangnam-do/경남,Jinju-si/진주시,Ibanseong-myeon/이반성면
Gyeongsangnam-do/경남,Jinju-si/진주시,Ihyeon-dong/이현동
Gyeongsangnam-do/경남,Jinju-si/진주시,Ilbanseong-myeon/일반성면
Gyeongsangnam-do/경남,Jinju-si/진주시,Insa-dong/인사동
Gyeongsangnam-do/경남,Jinju-si/진주시,Jangdae-dong/장대동
Gyeongsangnam-do/경남,Jinju-si/진주시,Jangjae-dong/장재동
Gyeongsangnam-do/경남,Jinju-si/진주시,Jeongchon-myeon/정촌면
Gyeongsangnam-do/경남,Jinju-si/진주시,Jinjuucheguksaseoham/진주우체국사서함
Gyeongsangnam-do/경남,Jinju-si/진주시,Jinseong-myeon/진성면
Gyeongsangnam-do/경남,Jinju-si/진주시,Jiphyeon-myeon/집현면
Gyeongsangnam-do/경남,Jinju-si/진주시,Jisu-myeon/지수면
Gyeongsangnam-do/경남,Jinju-si/진주시,Jungan-dong/중안동
Gyeongsangnam-do/경남,Jinju-si/진주시,Juyak-dong/주약동
Gyeongsangnam-do/경남,Jinju-si/진주시,Manggyeong-dong/망경동
Gyeongsangnam-do/경남,Jinju-si/진주시,Micheon-myeon/미천면
Gyeongsangnam-do/경남,Jinju-si/진주시,Munsan-eup/문산읍
Gyeongsangnam-do/경남,Jinju-si/진주시,Myeongseok-myeon/명석면
Gyeongsangnam-do/경남,Jinju-si/진주시,Naedong-myeon/내동면
Gyeongsangnam-do/경남,Jinju-si/진주시,Namseong-dong/남성동
Gyeongsangnam-do/경남,Jinju-si/진주시,Okbong-dong/옥봉동
Gyeongsangnam-do/경남,Jinju-si/진주시,Panmun-dong/판문동
Gyeongsangnam-do/경남,Jinju-si/진주시,Pyeongan-dong/평안동
Gyeongsangnam-do/경남,Jinju-si/진주시,Pyeonggeo-dong/평거동
Gyeongsangnam-do/경남,Jinju-si/진주시,Sabong-myeon/사봉면
Gyeongsangnam-do/경남,Jinju-si/진주시,Sangbong-dong/상봉동
Gyeongsangnam-do/경남,Jinju-si/진주시,Sangbongdong-dong/상봉동동
Gyeongsangnam-do/경남,Jinju-si/진주시,Sangbongseo-dong/상봉서동
Gyeongsangnam-do/경남,Jinju-si/진주시,Sangdae 1(il)-dong/상대1동
Gyeongsangnam-do/경남,Jinju-si/진주시,Sangdae 2(i)-dong/상대2동
Gyeongsangnam-do/경남,Jinju-si/진주시,Sangdae-dong/상대동
Gyeongsangnam-do/경남,Jinju-si/진주시,Sangpyeong-dong/상평동
Gyeongsangnam-do/경남,Jinju-si/진주시,Sinan-dong/신안동
Gyeongsangnam-do/경남,Jinju-si/진주시,Sugok-myeon/수곡면
Gyeongsangnam-do/경남,Jinju-si/진주시,Sujeong-dong/수정동
Gyeongsangnam-do/경남,Jinju-si/진주시,Yugok-dong/유곡동
Gyeongsangnam-do/경남,Masan-si/마산시,Banwol-dong/반월동
Gyeongsangnam-do/경남,Masan-si/마산시,Bongam-dong/봉암동
Gyeongsangnam-do/경남,Masan-si/마산시,Burim-dong/부림동
Gyeongsangnam-do/경남,Masan-si/마산시,Chang-dong/창동
Gyeongsangnam-do/경남,Masan-si/마산시,Changpodong 1(il)-ga/창포동1가
Gyeongsangnam-do/경남,Masan-si/마산시,Changpodong 2(i)-ga/창포동2가
Gyeongsangnam-do/경남,Masan-si/마산시,Changpodong 3(sam)-ga/창포동3가
Gyeongsangnam-do/경남,Masan-si/마산시,Cheonggye-dong/청계동
Gyeongsangnam-do/경남,Masan-si/마산시,Chusan-dong/추산동
Gyeongsangnam-do/경남,Masan-si/마산시,Daechang-dong/대창동
Gyeongsangnam-do/경남,Masan-si/마산시,Daenae-dong/대내동
Gyeongsangnam-do/경남,Masan-si/마산시,Daeoe-dong/대외동
Gyeongsangnam-do/경남,Masan-si/마산시,Daeseongdong 1(il)-ga/대성동1가
Gyeongsangnam-do/경남,Masan-si/마산시,Daeseongdong 2(i)-ga/대성동2가
Gyeongsangnam-do/경남,Masan-si/마산시,Deokdong-dong/덕동동
Gyeongsangnam-do/경남,Masan-si/마산시,Dongseong-dong/동성동
Gyeongsangnam-do/경남,Masan-si/마산시,Ducheok-dong/두척동
Gyeongsangnam-do/경남,Masan-si/마산시,Duwoldong 1(il)-ga/두월동1가
Gyeongsangnam-do/경남,Masan-si/마산시,Duwoldong 2(i)-ga/두월동2가
Gyeongsangnam-do/경남,Masan-si/마산시,Duwoldong 3(sam)-ga/두월동3가
Gyeongsangnam-do/경남,Masan-si/마산시,Gapo-dong/가포동
Gyeongsangnam-do/경남,Masan-si/마산시,Guam 1(il)-dong/구암1동
Gyeongsangnam-do/경남,Masan-si/마산시,Guam 2(i)-dong/구암2동
Gyeongsangnam-do/경남,Masan-si/마산시,Guam-dong/구암동
Gyeongsangnam-do/경남,Masan-si/마산시,Gusan-myeon/구산면
Gyeongsangnam-do/경남,Masan-si/마산시,Gyobang-dong/교방동
Gyeongsangnam-do/경남,Masan-si/마산시,Gyowon-dong/교원동
Gyeongsangnam-do/경남,Masan-si/마산시,Haeun-dong/해운동
Gyeongsangnam-do/경남,Masan-si/마산시,Hapseong 1(il)-dong/합성1동
Gyeongsangnam-do/경남,Masan-si/마산시,Hapseong 2(i)-dong/합성2동
Gyeongsangnam-do/경남,Masan-si/마산시,Hapseong-dong/합성동
Gyeongsangnam-do/경남,Masan-si/마산시,Hoeseong-dong/회성동
Gyeongsangnam-do/경남,Masan-si/마산시,Hoewon 1(il)-dong/회원1동
Gyeongsangnam-do/경남,Masan-si/마산시,Hoewon 2(i)-dong/회원2동
Gyeongsangnam-do/경남,Masan-si/마산시,Hoewon-dong/회원동
Gyeongsangnam-do/경남,Masan-si/마산시,Hongmun-dong/홍문동
Gyeongsangnam-do/경남,Masan-si/마산시,Hwayeong-dong/화영동
Gyeongsangnam-do/경남,Masan-si/마산시,Hyeon-dong/현동
Gyeongsangnam-do/경남,Masan-si/마산시,Janggundong 1(il)-ga/장군동1가
Gyeongsangnam-do/경남,Masan-si/마산시,Janggundong 2(i)-ga/장군동2가
Gyeongsangnam-do/경남,Masan-si/마산시,Janggundong 3(sam)-ga/장군동3가
Gyeongsangnam-do/경남,Masan-si/마산시,Janggundong 4(sa)-ga/장군동4가
Gyeongsangnam-do/경남,Masan-si/마산시,Janggundong 5(o)-ga/장군동5가
Gyeongsangnam-do/경남,Masan-si/마산시,Jasan-dong/자산동
Gyeongsangnam-do/경남,Masan-si/마산시,Jinbuk-myeon/진북면
Gyeongsangnam-do/경남,Masan-si/마산시,Jindong-myeon/진동면
Gyeongsangnam-do/경남,Masan-si/마산시,Jinjeon-myeon/진전면
Gyeongsangnam-do/경남,Masan-si/마산시,Jungangdong 1(il)-ga/중앙동1가
Gyeongsangnam-do/경남,Masan-si/마산시,Jungangdong 2(i)-ga/중앙동2가
Gyeongsangnam-do/경남,Masan-si/마산시,Jungangdong 3(sam)-ga/중앙동3가
Gyeongsangnam-do/경남,Masan-si/마산시,Jungseong-dong/중성동
Gyeongsangnam-do/경남,Masan-si/마산시,Masanhappoucheguksaseoham/마산합포우체국사서함
Gyeongsangnam-do/경남,Masan-si/마산시,Masansuchuljiyeogucheguksaseoham/마산수출지역우체국사서함
Gyeongsangnam-do/경남,Masan-si/마산시,Masanucheguksaseoham/마산우체국사서함
Gyeongsangnam-do/경남,Masan-si/마산시,Munhwa-dong/문화동
Gyeongsangnam-do/경남,Masan-si/마산시,Naeseo-eup/내서읍
Gyeongsangnam-do/경남,Masan-si/마산시,Namseong-dong/남성동
Gyeongsangnam-do/경남,Masan-si/마산시,Odong-dong/오동동
Gyeongsangnam-do/경남,Masan-si/마산시,Pyeonghwa-dong/평화동
Gyeongsangnam-do/경남,Masan-si/마산시,Sangnam 1(il)-dong/상남1동
Gyeongsangnam-do/경남,Masan-si/마산시,Sangnam 2(i)-dong/상남2동
Gyeongsangnam-do/경남,Masan-si/마산시,Sangnam-dong/상남동
Gyeongsangnam-do/경남,Masan-si/마산시,Sanho-dong/산호동
Gyeongsangnam-do/경남,Masan-si/마산시,Seokjeon 1(il)-dong/석전1동
Gyeongsangnam-do/경남,Masan-si/마산시,Seokjeon 2(i)-dong/석전2동
Gyeongsangnam-do/경남,Masan-si/마산시,Seokjeon-dong/석전동
Gyeongsangnam-do/경남,Masan-si/마산시,Seongho-dong/성호동
Gyeongsangnam-do/경남,Masan-si/마산시,Seoseong-dong/서성동
Gyeongsangnam-do/경남,Masan-si/마산시,Sinchang-dong/신창동
Gyeongsangnam-do/경남,Masan-si/마산시,Sinheung-dong/신흥동
Gyeongsangnam-do/경남,Masan-si/마산시,Sinpodong 1(il)-ga/신포동1가
Gyeongsangnam-do/경남,Masan-si/마산시,Sinpodong 2(i)-ga/신포동2가
Gyeongsangnam-do/경남,Masan-si/마산시,Sinwol-dong/신월동
Gyeongsangnam-do/경남,Masan-si/마산시,Suseong-dong/수성동
Gyeongsangnam-do/경남,Masan-si/마산시,Usan-dong/우산동
Gyeongsangnam-do/경남,Masan-si/마산시,Wanwol-dong/완월동
Gyeongsangnam-do/경남,Masan-si/마산시,Wolnamdong 1(il)-ga/월남동1가
Gyeongsangnam-do/경남,Masan-si/마산시,Wolnamdong 2(i)-ga/월남동2가
Gyeongsangnam-do/경남,Masan-si/마산시,Wolnamdong 3(sam)-ga/월남동3가
Gyeongsangnam-do/경남,Masan-si/마산시,Wolnamdong 4(sa)-ga/월남동4가
Gyeongsangnam-do/경남,Masan-si/마산시,Wolnamdong 5(o)-ga/월남동5가
Gyeongsangnam-do/경남,Masan-si/마산시,Wolpo-dong/월포동
Gyeongsangnam-do/경남,Masan-si/마산시,Woryeong 1(il)-dong/월영1동
Gyeongsangnam-do/경남,Masan-si/마산시,Woryeong 2(i)-dong/월영2동
Gyeongsangnam-do/경남,Masan-si/마산시,Woryeong-dong/월영동
Gyeongsangnam-do/경남,Masan-si/마산시,Yangdeog 1(il)-dong/양덕1동
Gyeongsangnam-do/경남,Masan-si/마산시,Yangdeog 2(i)-dong/양덕2동
Gyeongsangnam-do/경남,Masan-si/마산시,Yangdeok-dong/양덕동
Gyeongsangnam-do/경남,Masan-si/마산시,Yegok-dong/예곡동
Gyeongsangnam-do/경남,Masan-si/마산시,Yurok-dong/유록동
Gyeongsangnam-do/경남,Miryang-si/밀양시,Bubuk-myeon/부북면
Gyeongsangnam-do/경남,Miryang-si/밀양시,Cheongdo-myeon/청도면
Gyeongsangnam-do/경남,Miryang-si/밀양시,Chodong-myeon/초동면
Gyeongsangnam-do/경남,Miryang-si/밀양시,Danjang-myeon/단장면
Gyeongsangnam-do/경남,Miryang-si/밀양시,Gagok-dong/가곡동
Gyeongsangnam-do/경남,Miryang-si/밀양시,Gyo-dong/교동
Gyeongsangnam-do/경남,Miryang-si/밀양시,Hanam-eup/하남읍
Gyeongsangnam-do/경남,Miryang-si/밀양시,Hwalseong-dong/활성동
Gyeongsangnam-do/경남,Miryang-si/밀양시,Miryangucheguksaseoham/밀양우체국사서함
Gyeongsangnam-do/경남,Miryang-si/밀양시,Muan-myeon/무안면
Gyeongsangnam-do/경남,Miryang-si/밀양시,Naei-dong/내이동
Gyeongsangnam-do/경남,Miryang-si/밀양시,Naeil-dong/내일동
Gyeongsangnam-do/경남,Miryang-si/밀양시,Nampo-dong/남포동
Gyeongsangnam-do/경남,Miryang-si/밀양시,Sammun-dong/삼문동
Gyeongsangnam-do/경남,Miryang-si/밀양시,Samrangjin-eup/삼랑진읍
Gyeongsangnam-do/경남,Miryang-si/밀양시,Sangdong-myeon/상동면
Gyeongsangnam-do/경남,Miryang-si/밀양시,Sangnam-myeon/상남면
Gyeongsangnam-do/경남,Miryang-si/밀양시,Sannae-myeon/산내면
Gyeongsangnam-do/경남,Miryang-si/밀양시,Sanoe-myeon/산외면
Gyeongsangnam-do/경남,Miryang-si/밀양시,Yongpyeong-dong/용평동
Gyeongsangnam-do/경남,Namhae-gun/남해군,Changseon-myeon/창선면
Gyeongsangnam-do/경남,Namhae-gun/남해군,Gohyeon-myeon/고현면
Gyeongsangnam-do/경남,Namhae-gun/남해군,Idong-myeon/이동면
Gyeongsangnam-do/경남,Namhae-gun/남해군,Mijo-myeon/미조면
Gyeongsangnam-do/경남,Namhae-gun/남해군,Namhae-eup/남해읍
Gyeongsangnam-do/경남,Namhae-gun/남해군,Nam-myeon/남면
Gyeongsangnam-do/경남,Namhae-gun/남해군,Samdong-myeon/삼동면
Gyeongsangnam-do/경남,Namhae-gun/남해군,Sangju-myeon/상주면
Gyeongsangnam-do/경남,Namhae-gun/남해군,Seolcheon-myeon/설천면
Gyeongsangnam-do/경남,Namhae-gun/남해군,Seo-myeon/서면
Gyeongsangnam-do/경남,Sacheon-si/사천시,Baekcheon-dong/백천동
Gyeongsangnam-do/경남,Sacheon-si/사천시,Beolli-dong/벌리동
Gyeongsangnam-do/경남,Sacheon-si/사천시,Bongnam-dong/봉남동
Gyeongsangnam-do/경남,Sacheon-si/사천시,Chukdong-myeon/축동면
Gyeongsangnam-do/경남,Sacheon-si/사천시,Daebang-dong/대방동
Gyeongsangnam-do/경남,Sacheon-si/사천시,Daepo-dong/대포동
Gyeongsangnam-do/경남,Sacheon-si/사천시,Dong-dong/동동
Gyeongsangnam-do/경남,Sacheon-si/사천시,Donggeum-dong/동금동
Gyeongsangnam-do/경남,Sacheon-si/사천시,Dongrim-dong/동림동
Gyeongsangnam-do/경남,Sacheon-si/사천시,Gonmyeong-myeon/곤명면
Gyeongsangnam-do/경남,Sacheon-si/사천시,Gonyang-myeon/곤양면
Gyeongsangnam-do/경남,Sacheon-si/사천시,Gungji-dong/궁지동
Gyeongsangnam-do/경남,Sacheon-si/사천시,Hyangchon-dong/향촌동
Gyeongsangnam-do/경남,Sacheon-si/사천시,Igeum-dong/이금동
Gyeongsangnam-do/경남,Sacheon-si/사천시,Ihol-dong/이홀동
Gyeongsangnam-do/경남,Sacheon-si/사천시,Jeongdong-myeon/정동면
Gyeongsangnam-do/경남,Sacheon-si/사천시,Jukrim-dong/죽림동
Gyeongsangnam-do/경남,Sacheon-si/사천시,Jwaryong-dong/좌룡동
Gyeongsangnam-do/경남,Sacheon-si/사천시,Mado-dong/마도동
Gyeongsangnam-do/경남,Sacheon-si/사천시,Neukdo-dong/늑도동
Gyeongsangnam-do/경남,Sacheon-si/사천시,Noryong-dong/노룡동
Gyeongsangnam-do/경남,Sacheon-si/사천시,Sacheon-eup/사천읍
Gyeongsangnam-do/경남,Sacheon-si/사천시,Sadeung-dong/사등동
Gyeongsangnam-do/경남,Sacheon-si/사천시,Samcheonpoucheguksaseoham/삼천포우체국사서함
Gyeongsangnam-do/경남,Sacheon-si/사천시,Sanam-myeon/사남면
Gyeongsangnam-do/경남,Sacheon-si/사천시,Seo-dong/서동
Gyeongsangnam-do/경남,Sacheon-si/사천시,Seogeum-dong/서금동
Gyeongsangnam-do/경남,Sacheon-si/사천시,Seongu-dong/선구동
Gyeongsangnam-do/경남,Sacheon-si/사천시,Seopo-myeon/서포면
Gyeongsangnam-do/경남,Sacheon-si/사천시,Sinbyeok-dong/신벽동
Gyeongsangnam-do/경남,Sacheon-si/사천시,Sinsu-dong/신수동
Gyeongsangnam-do/경남,Sacheon-si/사천시,Siran-dong/실안동
Gyeongsangnam-do/경남,Sacheon-si/사천시,Songpo-dong/송포동
Gyeongsangnam-do/경남,Sacheon-si/사천시,Waryong-dong/와룡동
Gyeongsangnam-do/경남,Sacheon-si/사천시,Yonggang-dong/용강동
Gyeongsangnam-do/경남,Sacheon-si/사천시,Yonghyeon-myeon/용현면
Gyeongsangnam-do/경남,Sancheong-gun/산청군,Chahwang-myeon/차황면
Gyeongsangnam-do/경남,Sancheong-gun/산청군,Danseong-myeon/단성면
Gyeongsangnam-do/경남,Sancheong-gun/산청군,Geumseo-myeon/금서면
Gyeongsangnam-do/경남,Sancheong-gun/산청군,Obu-myeon/오부면
Gyeongsangnam-do/경남,Sancheong-gun/산청군,Saengbiryang-myeon/생비량면
Gyeongsangnam-do/경남,Sancheong-gun/산청군,Saengcho-myeon/생초면
Gyeongsangnam-do/경남,Sancheong-gun/산청군,Samjang-myeon/삼장면
Gyeongsangnam-do/경남,Sancheong-gun/산청군,Sancheong-eup/산청읍
Gyeongsangnam-do/경남,Sancheong-gun/산청군,Sicheon-myeon/시천면
Gyeongsangnam-do/경남,Sancheong-gun/산청군,Sinan-myeon/신안면
Gyeongsangnam-do/경남,Sancheong-gun/산청군,Sindeung-myeon/신등면
Gyeongsangnam-do/경남,Tongyeong-si/통영시,Bongpyeong-dong/봉평동
Gyeongsangnam-do/경남,Tongyeong-si/통영시,Buksin-dong/북신동
Gyeongsangnam-do/경남,Tongyeong-si/통영시,Dang-dong/당동
Gyeongsangnam-do/경남,Tongyeong-si/통영시,Docheon-dong/도천동
Gyeongsangnam-do/경남,Tongyeong-si/통영시,Donam-dong/도남동
Gyeongsangnam-do/경남,Tongyeong-si/통영시,Dongho-dong/동호동
Gyeongsangnam-do/경남,Tongyeong-si/통영시,Dosan-myeon/도산면
Gyeongsangnam-do/경남,Tongyeong-si/통영시,Gwangdo-myeon/광도면
Gyeongsangnam-do/경남,Tongyeong-si/통영시,Hangnam-dong/항남동
Gyeongsangnam-do/경남,Tongyeong-si/통영시,Hansan-myeon/한산면
Gyeongsangnam-do/경남,Tongyeong-si/통영시,Inpyeong-dong/인평동
Gyeongsangnam-do/경남,Tongyeong-si/통영시,Jeongryang-dong/정량동
Gyeongsangnam-do/경남,Tongyeong-si/통영시,Jungang-dong/중앙동
Gyeongsangnam-do/경남,Tongyeong-si/통영시,Misu 1(il)-dong/미수1동
Gyeongsangnam-do/경남,Tongyeong-si/통영시,Misu 2(i)-dong/미수2동
Gyeongsangnam-do/경남,Tongyeong-si/통영시,Misu-dong/미수동
Gyeongsangnam-do/경남,Tongyeong-si/통영시,Mujeon-dong/무전동
Gyeongsangnam-do/경남,Tongyeong-si/통영시,Munhwa-dong/문화동
Gyeongsangnam-do/경남,Tongyeong-si/통영시,Myeongjeong-dong/명정동
Gyeongsangnam-do/경남,Tongyeong-si/통영시,Pyeongrim-dong/평림동
Gyeongsangnam-do/경남,Tongyeong-si/통영시,Sanyang-eup/산양읍
Gyeongsangnam-do/경남,Tongyeong-si/통영시,Saryang-myeon/사량면
Gyeongsangnam-do/경남,Tongyeong-si/통영시,Seoho-dong/서호동
Gyeongsangnam-do/경남,Tongyeong-si/통영시,Taepyeong-dong/태평동
Gyeongsangnam-do/경남,Tongyeong-si/통영시,Tongyeongucheguksaseoham/통영우체국사서함
Gyeongsangnam-do/경남,Tongyeong-si/통영시,Yokji-myeon/욕지면
Gyeongsangnam-do/경남,Tongyeong-si/통영시,Yongnam-myeon/용남면
Gyeongsangnam-do/경남,Uiryeong-gun/의령군,Bongsu-myeon/봉수면
Gyeongsangnam-do/경남,Uiryeong-gun/의령군,Burim-myeon/부림면
Gyeongsangnam-do/경남,Uiryeong-gun/의령군,Chilgok-myeon/칠곡면
Gyeongsangnam-do/경남,Uiryeong-gun/의령군,Daeui-myeon/대의면
Gyeongsangnam-do/경남,Uiryeong-gun/의령군,Garye-myeon/가례면
Gyeongsangnam-do/경남,Uiryeong-gun/의령군,Gungryu-myeon/궁류면
Gyeongsangnam-do/경남,Uiryeong-gun/의령군,Hwajeong-myeon/화정면
Gyeongsangnam-do/경남,Uiryeong-gun/의령군,Jeonggok-myeon/정곡면
Gyeongsangnam-do/경남,Uiryeong-gun/의령군,Jijeong-myeon/지정면
Gyeongsangnam-do/경남,Uiryeong-gun/의령군,Nakseo-myeon/낙서면
Gyeongsangnam-do/경남,Uiryeong-gun/의령군,Uiryeong-eup/의령읍
Gyeongsangnam-do/경남,Uiryeong-gun/의령군,Yongdeok-myeon/용덕면
Gyeongsangnam-do/경남,Uiryeong-gun/의령군,Yugok-myeon/유곡면
Gyeongsangnam-do/경남,Yangsan-si/양산시,Bukbu-dong/북부동
Gyeongsangnam-do/경남,Yangsan-si/양산시,Bukjeong-dong/북정동
Gyeongsangnam-do/경남,Yangsan-si/양산시,Dabang-dong/다방동
Gyeongsangnam-do/경남,Yangsan-si/양산시,Deokgye-dong/덕계동
Gyeongsangnam-do/경남,Yangsan-si/양산시,Dong-myeon/동면
Gyeongsangnam-do/경남,Yangsan-si/양산시,Eogok-dong/어곡동
Gyeongsangnam-do/경남,Yangsan-si/양산시,Gyo-dong/교동
Gyeongsangnam-do/경남,Yangsan-si/양산시,Habuk-myeon/하북면
Gyeongsangnam-do/경남,Yangsan-si/양산시,Hogye-dong/호계동
Gyeongsangnam-do/경남,Yangsan-si/양산시,Jujin-dong/주진동
Gyeongsangnam-do/경남,Yangsan-si/양산시,Junam-dong/주남동
Gyeongsangnam-do/경남,Yangsan-si/양산시,Jungbu-dong/중부동
Gyeongsangnam-do/경남,Yangsan-si/양산시,Maegok-dong/매곡동
Gyeongsangnam-do/경남,Yangsan-si/양산시,Mulgeum-eup/물금읍
Gyeongsangnam-do/경남,Yangsan-si/양산시,Myeong-dong/명동
Gyeongsangnam-do/경남,Yangsan-si/양산시,Myeonggok-dong/명곡동
Gyeongsangnam-do/경남,Yangsan-si/양산시,Nambu-dong/남부동
Gyeongsangnam-do/경남,Yangsan-si/양산시,Pyeongsan-dong/평산동
Gyeongsangnam-do/경남,Yangsan-si/양산시,Samho-dong/삼호동
Gyeongsangnam-do/경남,Yangsan-si/양산시,Sangbuk-myeon/상북면
Gyeongsangnam-do/경남,Yangsan-si/양산시,Sanmak-dong/산막동
Gyeongsangnam-do/경남,Yangsan-si/양산시,Singi-dong/신기동
Gyeongsangnam-do/경남,Yangsan-si/양산시,Soju-dong/소주동
Gyeongsangnam-do/경남,Yangsan-si/양산시,Wondong-myeon/원동면
Gyeongsangnam-do/경남,Yangsan-si/양산시,Yangsanucheguksaseoham/양산우체국사서함
Gyeongsangnam-do/경남,Yangsan-si/양산시,Yongdang-dong/용당동
Gyeongsangnam-do/경남,Yangsan-si/양산시,Yusan-dong/유산동
Seoul/서울,Dobong-gu/도봉구,Banghag 1(il)-dong/방학1동
Seoul/서울,Dobong-gu/도봉구,Banghag 2(i)-dong/방학2동
Seoul/서울,Dobong-gu/도봉구,Banghag 3(sam)-dong/방학3동
Seoul/서울,Dobong-gu/도봉구,Banghak-dong/방학동
Seoul/서울,Dobong-gu/도봉구,Chang 1(il)-dong/창1동
Seoul/서울,Dobong-gu/도봉구,Chang 2(i)-dong/창2동
Seoul/서울,Dobong-gu/도봉구,Chang 3(sam)-dong/창3동
Seoul/서울,Dobong-gu/도봉구,Chang 4(sa)-dong/창4동
Seoul/서울,Dobong-gu/도봉구,Chang 5(o)-dong/창5동
Seoul/서울,Dobong-gu/도봉구,Chang-dong/창동
Seoul/서울,Dobong-gu/도봉구,Dobong 1(il)-dong/도봉1동
Seoul/서울,Dobong-gu/도봉구,Dobong 2(i)-dong/도봉2동
Seoul/서울,Dobong-gu/도봉구,Dobong-dong/도봉동
Seoul/서울,Dobong-gu/도봉구,Ssangmun 1(il)-dong/쌍문1동
Seoul/서울,Dobong-gu/도봉구,Ssangmun 2(i)-dong/쌍문2동
Seoul/서울,Dobong-gu/도봉구,Ssangmun 3(sam)-dong/쌍문3동
Seoul/서울,Dobong-gu/도봉구,Ssangmun 4(sa)-dong/쌍문4동
Seoul/서울,Dobong-gu/도봉구,Ssangmun-dong/쌍문동
Seoul/서울,Dongdaemun-gu/동대문구,Cheongryangri-dong/청량리동
Seoul/서울,Dongdaemun-gu/동대문구,Dapsipri 1(il)-dong/답십리1동
Seoul/서울,Dongdaemun-gu/동대문구,Dapsipri 2(i)-dong/답십리2동
Seoul/서울,Dongdaemun-gu/동대문구,Dapsipri 3(sam)-dong/답십리3동
Seoul/서울,Dongdaemun-gu/동대문구,Dapsipri 4(sa)-dong/답십리4동
Seoul/서울,Dongdaemun-gu/동대문구,Dapsipri-dong/답십리동
Seoul/서울,Dongdaemun-gu/동대문구,Dongdaemunucheguksaseoham/동대문우체국사서함
Seoul/서울,Dongdaemun-gu/동대문구,Hoegi-dong/회기동
Seoul/서울,Dongdaemun-gu/동대문구,Hwigyeong 1(il)-dong/휘경1동
Seoul/서울,Dongdaemun-gu/동대문구,Hwigyeong 2(i)-dong/휘경2동
Seoul/서울,Dongdaemun-gu/동대문구,Hwigyeong-dong/휘경동
Seoul/서울,Dongdaemun-gu/동대문구,Imun 1(il)-dong/이문1동
Seoul/서울,Dongdaemun-gu/동대문구,Imun 2(i)-dong/이문2동
Seoul/서울,Dongdaemun-gu/동대문구,Imun 3(sam)-dong/이문3동
Seoul/서울,Dongdaemun-gu/동대문구,Imun-dong/이문동
Seoul/서울,Dongdaemun-gu/동대문구,Jangan 1(il)-dong/장안1동
Seoul/서울,Dongdaemun-gu/동대문구,Jangan 2(i)-dong/장안2동
Seoul/서울,Dongdaemun-gu/동대문구,Jangan 3(sam)-dong/장안3동
Seoul/서울,Dongdaemun-gu/동대문구,Jangan 4(sa)-dong/장안4동
Seoul/서울,Dongdaemun-gu/동대문구,Jangan-dong/장안동
Seoul/서울,Dongdaemun-gu/동대문구,Jegi 1(il)-dong/제기1동
Seoul/서울,Dongdaemun-gu/동대문구,Jegi 2(i)-dong/제기2동
Seoul/서울,Dongdaemun-gu/동대문구,Jegi-dong/제기동
Seoul/서울,Dongdaemun-gu/동대문구,Jeonnong 1(il)-dong/전농1동
Seoul/서울,Dongdaemun-gu/동대문구,Jeonnong 2(i)-dong/전농2동
Seoul/서울,Dongdaemun-gu/동대문구,Jeonnong 3(sam)-dong/전농3동
Seoul/서울,Dongdaemun-gu/동대문구,Jeonnong-dong/전농동
Seoul/서울,Dongdaemun-gu/동대문구,Seoulcheongryangucheguksaseoham/서울청량우체국사서함
Seoul/서울,Dongdaemun-gu/동대문구,Sinseol-dong/신설동
Seoul/서울,Dongdaemun-gu/동대문구,Yongdu-dong/용두동
Seoul/서울,Dongjak-gu/동작구,Bon-dong/본동
Seoul/서울,Dongjak-gu/동작구,Daebang-dong/대방동
Seoul/서울,Dongjak-gu/동작구,Dongjak-dong/동작동
Seoul/서울,Dongjak-gu/동작구,Heukseok-dong/흑석동
Seoul/서울,Dongjak-gu/동작구,Noryangjin 1(il)-dong/노량진1동
Seoul/서울,Dongjak-gu/동작구,Noryangjin 2(i)-dong/노량진2동
Seoul/서울,Dongjak-gu/동작구,Noryangjin-dong/노량진동
Seoul/서울,Dongjak-gu/동작구,Sadang 1(il)-dong/사당1동
Seoul/서울,Dongjak-gu/동작구,Sadang 2(i)-dong/사당2동
Seoul/서울,Dongjak-gu/동작구,Sadang 3(sam)-dong/사당3동
Seoul/서울,Dongjak-gu/동작구,Sadang 4(sa)-dong/사당4동
Seoul/서울,Dongjak-gu/동작구,Sadang 5(o)-dong/사당5동
Seoul/서울,Dongjak-gu/동작구,Sadang-dong/사당동
Seoul/서울,Dongjak-gu/동작구,Sangdo 1(il)-dong/상도1동
Seoul/서울,Dongjak-gu/동작구,Sangdo 2(i)-dong/상도2동
Seoul/서울,Dongjak-gu/동작구,Sangdo 3(sam)-dong/상도3동
Seoul/서울,Dongjak-gu/동작구,Sangdo 4(sa)-dong/상도4동
Seoul/서울,Dongjak-gu/동작구,Sangdo 5(o)-dong/상도5동
Seoul/서울,Dongjak-gu/동작구,Sangdo-dong/상도동
Seoul/서울,Dongjak-gu/동작구,Seouldongjagucheguksaseoham/서울동작우체국사서함
Seoul/서울,Dongjak-gu/동작구,Sindaebang 1(il)-dong/신대방1동
Seoul/서울,Dongjak-gu/동작구,Sindaebang 2(i)-dong/신대방2동
Seoul/서울,Dongjak-gu/동작구,Sindaebang-dong/신대방동
Seoul/서울,Eunpyeong-gu/은평구,Bulgwang 1(il)-dong/불광1동
Seoul/서울,Eunpyeong-gu/은평구,Bulgwang 2(i)-dong/불광2동
Seoul/서울,Eunpyeong-gu/은평구,Bulgwang-dong/불광동
Seoul/서울,Eunpyeong-gu/은평구,Daejo-dong/대조동
Seoul/서울,Eunpyeong-gu/은평구,Eungam 1(il)-dong/응암1동
Seoul/서울,Eunpyeong-gu/은평구,Eungam 2(i)-dong/응암2동
Seoul/서울,Eunpyeong-gu/은평구,Eungam 3(sam)-dong/응암3동
Seoul/서울,Eunpyeong-gu/은평구,Eungam-dong/응암동
Seoul/서울,Eunpyeong-gu/은평구,Galhyeon 1(il)-dong/갈현1동
Seoul/서울,Eunpyeong-gu/은평구,Galhyeon 2(i)-dong/갈현2동
Seoul/서울,Eunpyeong-gu/은평구,Galhyeon-dong/갈현동
Seoul/서울,Eunpyeong-gu/은평구,Gusan-dong/구산동
Seoul/서울,Eunpyeong-gu/은평구,Jeungsan-dong/증산동
Seoul/서울,Eunpyeong-gu/은평구,Jingwan-dong/진관동
Seoul/서울,Eunpyeong-gu/은평구,Nokbeon-dong/녹번동
Seoul/서울,Eunpyeong-gu/은평구,Seoureunpyeongucheguksaseoham/서울은평우체국사서함
Seoul/서울,Eunpyeong-gu/은평구,Sinsa 1(il)-dong/신사1동
Seoul/서울,Eunpyeong-gu/은평구,Sinsa 2(i)-dong/신사2동
Seoul/서울,Eunpyeong-gu/은평구,Sinsa-dong/신사동
Seoul/서울,Eunpyeong-gu/은평구,Susaek-dong/수색동
Seoul/서울,Eunpyeong-gu/은평구,Yeokchon-dong/역촌동
Seoul/서울,Gangbuk-gu/강북구,Beon 1(il)-dong/번1동
Seoul/서울,Gangbuk-gu/강북구,Beon 2(i)-dong/번2동
Seoul/서울,Gangbuk-gu/강북구,Beon 3(sam)-dong/번3동
Seoul/서울,Gangbuk-gu/강북구,Beon-dong/번동
Seoul/서울,Gangbuk-gu/강북구,Insu-dong/인수동
Seoul/서울,Gangbuk-gu/강북구,Mia-dong/미아동
Seoul/서울,Gangbuk-gu/강북구,Samgaksan-dong/삼각산동
Seoul/서울,Gangbuk-gu/강북구,Samyang-dong/삼양동
Seoul/서울,Gangbuk-gu/강북구,Seoulgangbugucheguksaseoham/서울강북우체국사서함
Seoul/서울,Gangbuk-gu/강북구,Songcheon-dong/송천동
Seoul/서울,Gangbuk-gu/강북구,Songjung-dong/송중동
Seoul/서울,Gangbuk-gu/강북구,Suyu 1(il)-dong/수유1동
Seoul/서울,Gangbuk-gu/강북구,Suyu 2(i)-dong/수유2동
Seoul/서울,Gangbuk-gu/강북구,Suyu 3(sam)-dong/수유3동
Seoul/서울,Gangbuk-gu/강북구,Suyu-dong/수유동
Seoul/서울,Gangbuk-gu/강북구,Ui-dong/우이동
Seoul/서울,Gangdong-gu/강동구,Amsa 1(il)-dong/암사1동
Seoul/서울,Gangdong-gu/강동구,Amsa 2(i)-dong/암사2동
Seoul/서울,Gangdong-gu/강동구,Amsa 3(sam)-dong/암사3동
Seoul/서울,Gangdong-gu/강동구,Amsa-dong/암사동
Seoul/서울,Gangdong-gu/강동구,Cheonho 1(il)-dong/천호1동
Seoul/서울,Gangdong-gu/강동구,Cheonho 2(i)-dong/천호2동
Seoul/서울,Gangdong-gu/강동구,Cheonho 3(sam)-dong/천호3동
Seoul/서울,Gangdong-gu/강동구,Cheonho-dong/천호동
Seoul/서울,Gangdong-gu/강동구,Dunchon 1(il)-dong/둔촌1동
Seoul/서울,Gangdong-gu/강동구,Dunchon 2(i)-dong/둔촌2동
Seoul/서울,Gangdong-gu/강동구,Dunchon-dong/둔촌동
Seoul/서울,Gangdong-gu/강동구,Gangil-dong/강일동
Seoul/서울,Gangdong-gu/강동구,Gil-dong/길동
Seoul/서울,Gangdong-gu/강동구,Godeog 1(il)-dong/고덕1동
Seoul/서울,Gangdong-gu/강동구,Godeog 2(i)-dong/고덕2동
Seoul/서울,Gangdong-gu/강동구,Godeok-dong/고덕동
Seoul/서울,Gangdong-gu/강동구,Myeongil-dong/명일동
Seoul/서울,Gangdong-gu/강동구,Myeongir 1(il)-dong/명일1동
Seoul/서울,Gangdong-gu/강동구,Myeongir 2(i)-dong/명일2동
Seoul/서울,Gangdong-gu/강동구,Sangil-dong/상일동
Seoul/서울,Gangdong-gu/강동구,Seongnae 1(il)-dong/성내1동
Seoul/서울,Gangdong-gu/강동구,Seongnae 2(i)-dong/성내2동
Seoul/서울,Gangdong-gu/강동구,Seongnae 3(sam)-dong/성내3동
Seoul/서울,Gangdong-gu/강동구,Seongnae-dong/성내동
Seoul/서울,Gangdong-gu/강동구,Seoulgangdongucheguksaseoham/서울강동우체국사서함
Seoul/서울,Gangnam-gu/강남구,Apgujeong 1(il)-dong/압구정1동
Seoul/서울,Gangnam-gu/강남구,Apgujeong 2(i)-dong/압구정2동
Seoul/서울,Gangnam-gu/강남구,Apgujeong-dong/압구정동
Seoul/서울,Gangnam-gu/강남구,Cheongdam 1(il)-dong/청담1동
Seoul/서울,Gangnam-gu/강남구,Cheongdam 2(i)-dong/청담2동
Seoul/서울,Gangnam-gu/강남구,Cheongdam-dong/청담동
Seoul/서울,Gangnam-gu/강남구,Daechi 1(il)-dong/대치1동
Seoul/서울,Gangnam-gu/강남구,Daechi 2(i)-dong/대치2동
Seoul/서울,Gangnam-gu/강남구,Daechi 3(sam)-dong/대치3동
Seoul/서울,Gangnam-gu/강남구,Daechi 4(sa)-dong/대치4동
Seoul/서울,Gangnam-gu/강남구,Daechi-dong/대치동
Seoul/서울,Gangnam-gu/강남구,Dogog 1(il)-dong/도곡1동
Seoul/서울,Gangnam-gu/강남구,Dogog 2(i)-dong/도곡2동
Seoul/서울,Gangnam-gu/강남구,Dogok-dong/도곡동
Seoul/서울,Gangnam-gu/강남구,Gaepo 1(il)-dong/개포1동
Seoul/서울,Gangnam-gu/강남구,Gaepo 2(i)-dong/개포2동
Seoul/서울,Gangnam-gu/강남구,Gaepo 3(sam)-dong/개포3동
Seoul/서울,Gangnam-gu/강남구,Gaepo 4(sa)-dong/개포4동
Seoul/서울,Gangnam-gu/강남구,Gaepo-dong/개포동
Seoul/서울,Gangnam-gu/강남구,Irwon 1(il)-dong/일원1동
Seoul/서울,Gangnam-gu/강남구,Irwon 2(i)-dong/일원2동
Seoul/서울,Gangnam-gu/강남구,Irwonbon-dong/일원본동
Seoul/서울,Gangnam-gu/강남구,Irwon-dong/일원동
Seoul/서울,Gangnam-gu/강남구,Jagok-dong/자곡동
Seoul/서울,Gangnam-gu/강남구,Muyeoksenteoucheguksaseoham/무역센터우체국사서함
Seoul/서울,Gangnam-gu/강남구,Nonhyeon 1(il)-dong/논현1동
Seoul/서울,Gangnam-gu/강남구,Nonhyeon 2(i)-dong/논현2동
Seoul/서울,Gangnam-gu/강남구,Nonhyeon-dong/논현동
Seoul/서울,Gangnam-gu/강남구,Samseong 1(il)-dong/삼성1동
Seoul/서울,Gangnam-gu/강남구,Samseong 2(i)-dong/삼성2동
Seoul/서울,Gangnam-gu/강남구,Samseong-dong/삼성동
Seoul/서울,Gangnam-gu/강남구,Segok-dong/세곡동
Seoul/서울,Gangnam-gu/강남구,Seoulgangnamucheguksaseoham/서울강남우체국사서함
Seoul/서울,Gangnam-gu/강남구,Seouryeongdongucheguksaseoham/서울영동우체국사서함
Seoul/서울,Gangnam-gu/강남구,Sinsa-dong/신사동
Seoul/서울,Gangnam-gu/강남구,Suseo-dong/수서동
Seoul/서울,Gangnam-gu/강남구,Yeoksam 1(il)-dong/역삼1동
Seoul/서울,Gangnam-gu/강남구,Yeoksam 2(i)-dong/역삼2동
Seoul/서울,Gangnam-gu/강남구,Yeoksam-dong/역삼동
Seoul/서울,Gangnam-gu/강남구,Yulhyeon-dong/율현동
Seoul/서울,Gangseo-gu/강서구,Banghwa 1(il)-dong/방화1동
Seoul/서울,Gangseo-gu/강서구,Banghwa 2(i)-dong/방화2동
Seoul/서울,Gangseo-gu/강서구,Banghwa 3(sam)-dong/방화3동
Seoul/서울,Gangseo-gu/강서구,Banghwa-dong/방화동
Seoul/서울,Gangseo-gu/강서구,Beombang-dong/범방동
Seoul/서울,Gangseo-gu/강서구,Bongrim-dong/봉림동
Seoul/서울,Gangseo-gu/강서구,Busangangseoucheguksaseoham/부산강서우체국사서함
Seoul/서울,Gangseo-gu/강서구,Cheonseong-dong/천성동
Seoul/서울,Gangseo-gu/강서구,Daehang-dong/대항동
Seoul/서울,Gangseo-gu/강서구,Daejeo 1(il)-dong/대저1동
Seoul/서울,Gangseo-gu/강서구,Daejeo 2(i)-dong/대저2동
Seoul/서울,Gangseo-gu/강서구,Deungchon 1(il)-dong/등촌1동
Seoul/서울,Gangseo-gu/강서구,Deungchon 2(i)-dong/등촌2동
Seoul/서울,Gangseo-gu/강서구,Deungchon 3(sam)-dong/등촌3동
Seoul/서울,Gangseo-gu/강서구,Deungchon-dong/등촌동
Seoul/서울,Gangseo-gu/강서구,Dongseon-dong/동선동
Seoul/서울,Gangseo-gu/강서구,Gaehwa-dong/개화동
Seoul/서울,Gangseo-gu/강서구,Gangdong-dong/강동동
Seoul/서울,Gangseo-gu/강서구,Gayang 1(il)-dong/가양1동
Seoul/서울,Gangseo-gu/강서구,Gayang 2(i)-dong/가양2동
Seoul/서울,Gangseo-gu/강서구,Gayang 3(sam)-dong/가양3동
Seoul/서울,Gangseo-gu/강서구,Gayang-dong/가양동
Seoul/서울,Gangseo-gu/강서구,Gonghang-dong/공항동
Seoul/서울,Gangseo-gu/강서구,Gurang-dong/구랑동
Seoul/서울,Gangseo-gu/강서구,Gwahae-dong/과해동
Seoul/서울,Gangseo-gu/강서구,Hwagog 1(il)-dong/화곡1동
Seoul/서울,Gangseo-gu/강서구,Hwagog 2(i)-dong/화곡2동
Seoul/서울,Gangseo-gu/강서구,Hwagog 3(sam)-dong/화곡3동
Seoul/서울,Gangseo-gu/강서구,Hwagog 4(sa)-dong/화곡4동
Seoul/서울,Gangseo-gu/강서구,Hwagog 6(yuk)-dong/화곡6동
Seoul/서울,Gangseo-gu/강서구,Hwagog 8(pal)-dong/화곡8동
Seoul/서울,Gangseo-gu/강서구,Hwagokbon-dong/화곡본동
Seoul/서울,Gangseo-gu/강서구,Hwagok-dong/화곡동
Seoul/서울,Gangseo-gu/강서구,Hwajeon-dong/화전동
Seoul/서울,Gangseo-gu/강서구,Jisa-dong/지사동
Seoul/서울,Gangseo-gu/강서구,Jukdong-dong/죽동동
Seoul/서울,Gangseo-gu/강서구,Jukrim-dong/죽림동
Seoul/서울,Gangseo-gu/강서구,Magok-dong/마곡동
Seoul/서울,Gangseo-gu/강서구,Mieum-dong/미음동
Seoul/서울,Gangseo-gu/강서구,Myeongji-dong/명지동
Seoul/서울,Gangseo-gu/강서구,Naebalsan 1(il)-dong/내발산1동
Seoul/서울,Gangseo-gu/강서구,Naebalsan-dong/내발산동
Seoul/서울,Gangseo-gu/강서구,Noksan-dong/녹산동
Seoul/서울,Gangseo-gu/강서구,Nulcha-dong/눌차동
Seoul/서울,Gangseo-gu/강서구,Oebalsan-dong/외발산동
Seoul/서울,Gangseo-gu/강서구,Ogok-dong/오곡동
Seoul/서울,Gangseo-gu/강서구,Osoe-dong/오쇠동
Seoul/서울,Gangseo-gu/강서구,Saenggok-dong/생곡동
Seoul/서울,Gangseo-gu/강서구,Seongbuk-dong/성북동
Seoul/서울,Gangseo-gu/강서구,Seoulgangseoucheguksaseoham/서울강서우체국사서함
Seoul/서울,Gangseo-gu/강서구,Seoulhwagogucheguksaseoham/서울화곡우체국사서함
Seoul/서울,Gangseo-gu/강서구,Sikman-dong/식만동
Seoul/서울,Gangseo-gu/강서구,Sinho-dong/신호동
Seoul/서울,Gangseo-gu/강서구,Songjeong-dong/송정동
Seoul/서울,Gangseo-gu/강서구,Ujangsan-dong/우장산동
Seoul/서울,Gangseo-gu/강서구,Yeomchang-dong/염창동
Seoul/서울,Geumcheon-gu/금천구,Doksan 1(il)-dong/독산1동
Seoul/서울,Geumcheon-gu/금천구,Doksan 2(i)-dong/독산2동
Seoul/서울,Geumcheon-gu/금천구,Doksan 3(sam)-dong/독산3동
Seoul/서울,Geumcheon-gu/금천구,Doksan 4(sa)-dong/독산4동
Seoul/서울,Geumcheon-gu/금천구,Doksan-dong/독산동
Seoul/서울,Geumcheon-gu/금천구,Gasan-dong/가산동
Seoul/서울,Geumcheon-gu/금천구,Seoulgeumcheonucheguksaseoham/서울금천우체국사서함
Seoul/서울,Geumcheon-gu/금천구,Siheung 1(il)-dong/시흥1동
Seoul/서울,Geumcheon-gu/금천구,Siheung 2(i)-dong/시흥2동
Seoul/서울,Geumcheon-gu/금천구,Siheung 3(sam)-dong/시흥3동
Seoul/서울,Geumcheon-gu/금천구,Siheung 4(sa)-dong/시흥4동
Seoul/서울,Geumcheon-gu/금천구,Siheung 5(o)-dong/시흥5동
Seoul/서울,Geumcheon-gu/금천구,Siheung-dong/시흥동
Seoul/서울,Guro-gu/구로구,Cheonwang-dong/천왕동
Seoul/서울,Guro-gu/구로구,Gaebong 1(il)-dong/개봉1동
Seoul/서울,Guro-gu/구로구,Gaebong 2(i)-dong/개봉2동
Seoul/서울,Guro-gu/구로구,Gaebong 3(sam)-dong/개봉3동
Seoul/서울,Guro-gu/구로구,Gaebong-dong/개봉동
Seoul/서울,Guro-gu/구로구,Garibong-dong/가리봉동
Seoul/서울,Guro-gu/구로구,Gocheog 1(il)-dong/고척1동
Seoul/서울,Guro-gu/구로구,Gocheog 2(i)-dong/고척2동
Seoul/서울,Guro-gu/구로구,Gocheok-dong/고척동
Seoul/서울,Guro-gu/구로구,Gung-dong/궁동
Seoul/서울,Guro-gu/구로구,Guro 1(il)-dong/구로1동
Seoul/서울,Guro-gu/구로구,Guro 2(i)-dong/구로2동
Seoul/서울,Guro-gu/구로구,Guro 3(sam)-dong/구로3동
Seoul/서울,Guro-gu/구로구,Guro 4(sa)-dong/구로4동
Seoul/서울,Guro-gu/구로구,Guro 5(o)-dong/구로5동
Seoul/서울,Guro-gu/구로구,Gurodijiteoldanjiucheguksaseoham/구로디지털단지우체국사서함
Seoul/서울,Guro-gu/구로구,Guro-dong/구로동
Seoul/서울,Guro-gu/구로구,Hang-dong/항동
Seoul/서울,Guro-gu/구로구,Onsu-dong/온수동
Seoul/서울,Guro-gu/구로구,Oryu 1(il)-dong/오류1동
Seoul/서울,Guro-gu/구로구,Oryu 2(i)-dong/오류2동
Seoul/서울,Guro-gu/구로구,Oryu-dong/오류동
Seoul/서울,Guro-gu/구로구,Sindorim-dong/신도림동
Seoul/서울,Gwanak-gu/관악구,Bongcheon-dong/봉천동
Seoul/서울,Gwanak-gu/관악구,Boramae-dong/보라매동
Seoul/서울,Gwanak-gu/관악구,Cheongrim-dong/청림동
Seoul/서울,Gwanak-gu/관악구,Cheongryong-dong/청룡동
Seoul/서울,Gwanak-gu/관악구,Daehak-dong/대학동
Seoul/서울,Gwanak-gu/관악구,Euncheon-dong/은천동
Seoul/서울,Gwanak-gu/관악구,Haengun-dong/행운동
Seoul/서울,Gwanak-gu/관악구,Inheon-dong/인헌동
Seoul/서울,Gwanak-gu/관악구,Jowon-dong/조원동
Seoul/서울,Gwanak-gu/관악구,Jungang-dong/중앙동
Seoul/서울,Gwanak-gu/관악구,Miseong-dong/미성동
Seoul/서울,Gwanak-gu/관악구,Nakseongdae-dong/낙성대동
Seoul/서울,Gwanak-gu/관악구,Namhyeon-dong/남현동
Seoul/서울,Gwanak-gu/관악구,Nangok-dong/난곡동
Seoul/서울,Gwanak-gu/관악구,Nanhyang-dong/난향동
Seoul/서울,Gwanak-gu/관악구,Samseong-dong/삼성동
Seoul/서울,Gwanak-gu/관악구,Seonghyeon-dong/성현동
Seoul/서울,Gwanak-gu/관악구,Seorim-dong/서림동
Seoul/서울,Gwanak-gu/관악구,Seoulgwanagucheguksaseoham/서울관악우체국사서함
Seoul/서울,Gwanak-gu/관악구,Seowon-dong/서원동
Seoul/서울,Gwanak-gu/관악구,Sinrim-dong/신림동
Seoul/서울,Gwanak-gu/관악구,Sinsa-dong/신사동
Seoul/서울,Gwanak-gu/관악구,Sinwon-dong/신원동
Seoul/서울,Gwangjin-gu/광진구,Dongseourupyeonjipjungguksaseoham/동서울우편집중국사서함
Seoul/서울,Gwangjin-gu/광진구,Gunja-dong/군자동
Seoul/서울,Gwangjin-gu/광진구,Guui 1(il)-dong/구의1동
Seoul/서울,Gwangjin-gu/광진구,Guui 2(i)-dong/구의2동
Seoul/서울,Gwangjin-gu/광진구,Guui 3(sam)-dong/구의3동
Seoul/서울,Gwangjin-gu/광진구,Guui-dong/구의동
Seoul/서울,Gwangjin-gu/광진구,Gwangjang-dong/광장동
Seoul/서울,Gwangjin-gu/광진구,Hwayang-dong/화양동
Seoul/서울,Gwangjin-gu/광진구,Jayang 1(il)-dong/자양1동
Seoul/서울,Gwangjin-gu/광진구,Jayang 2(i)-dong/자양2동
Seoul/서울,Gwangjin-gu/광진구,Jayang 3(sam)-dong/자양3동
Seoul/서울,Gwangjin-gu/광진구,Jayang 4(sa)-dong/자양4동
Seoul/서울,Gwangjin-gu/광진구,Jayang-dong/자양동
Seoul/서울,Gwangjin-gu/광진구,Junggog 1(il)-dong/중곡1동
Seoul/서울,Gwangjin-gu/광진구,Junggog 2(i)-dong/중곡2동
Seoul/서울,Gwangjin-gu/광진구,Junggog 3(sam)-dong/중곡3동
Seoul/서울,Gwangjin-gu/광진구,Junggog 4(sa)-dong/중곡4동
Seoul/서울,Gwangjin-gu/광진구,Junggok-dong/중곡동
Seoul/서울,Gwangjin-gu/광진구,Mojin-dong/모진동
Seoul/서울,Gwangjin-gu/광진구,Neung-dong/능동
Seoul/서울,Gwangjin-gu/광진구,Seoulgwangjinucheguksaseoham/서울광진우체국사서함
Seoul/서울,Jongro-gu/종로구,Anguk-dong/안국동
Seoul/서울,Jongro-gu/종로구,Bongik-dong/봉익동
Seoul/서울,Jongro-gu/종로구,Buam-dong/부암동
Seoul/서울,Jongro-gu/종로구,Changseong-dong/창성동
Seoul/서울,Jongro-gu/종로구,Changsin 1(il)-dong/창신1동
Seoul/서울,Jongro-gu/종로구,Changsin 2(i)-dong/창신2동
Seoul/서울,Jongro-gu/종로구,Changsin 3(sam)-dong/창신3동
Seoul/서울,Jongro-gu/종로구,Changsin-dong/창신동
Seoul/서울,Jongro-gu/종로구,Chebu-dong/체부동
Seoul/서울,Jongro-gu/종로구,Cheongjin-dong/청진동
Seoul/서울,Jongro-gu/종로구,Cheongun-dong/청운동
Seoul/서울,Jongro-gu/종로구,Chungsin-dong/충신동
Seoul/서울,Jongro-gu/종로구,Dangju-dong/당주동
Seoul/서울,Jongro-gu/종로구,Dongsung-dong/동숭동
Seoul/서울,Jongro-gu/종로구,Donui-dong/돈의동
Seoul/서울,Jongro-gu/종로구,Doryeom-dong/도렴동
Seoul/서울,Jongro-gu/종로구,Gahoe-dong/가회동
Seoul/서울,Jongro-gu/종로구,Gongpyeong-dong/공평동
Seoul/서울,Jongro-gu/종로구,Gugi-dong/구기동
Seoul/서울,Jongro-gu/종로구,Gungjeong-dong/궁정동
Seoul/서울,Jongro-gu/종로구,Gwancheol-dong/관철동
Seoul/서울,Jongro-gu/종로구,Gwanghwamunucheguksaseoham/광화문우체국사서함
Seoul/서울,Jongro-gu/종로구,Gwanhun-dong/관훈동
Seoul/서울,Jongro-gu/종로구,Gwansu-dong/관수동
Seoul/서울,Jongro-gu/종로구,Gwonnong-dong/권농동
Seoul/서울,Jongro-gu/종로구,Gye-dong/계동
Seoul/서울,Jongro-gu/종로구,Gyeongun-dong/경운동
Seoul/서울,Jongro-gu/종로구,Gyeonji-dong/견지동
Seoul/서울,Jongro-gu/종로구,Gyobuk-dong/교북동
Seoul/서울,Jongro-gu/종로구,Gyonam-dong/교남동
Seoul/서울,Jongro-gu/종로구,Haengchon-dong/행촌동
Seoul/서울,Jongro-gu/종로구,Hongji-dong/홍지동
Seoul/서울,Jongro-gu/종로구,Hongpa-dong/홍파동
Seoul/서울,Jongro-gu/종로구,Hunjeong-dong/훈정동
Seoul/서울,Jongro-gu/종로구,Hwa-dong/화동
Seoul/서울,Jongro-gu/종로구,Hyehwa-dong/혜화동
Seoul/서울,Jongro-gu/종로구,Hyoja-dong/효자동
Seoul/서울,Jongro-gu/종로구,Hyoje-dong/효제동
Seoul/서울,Jongro-gu/종로구,Ihwa-dong/이화동
Seoul/서울,Jongro-gu/종로구,Ikseon-dong/익선동
Seoul/서울,Jongro-gu/종로구,Insa-dong/인사동
Seoul/서울,Jongro-gu/종로구,Inui-dong/인의동
Seoul/서울,Jongro-gu/종로구,Jae-dong/재동
Seoul/서울,Jongro-gu/종로구,Jangsa-dong/장사동
Seoul/서울,Jongro-gu/종로구,Jeokseon-dong/적선동
Seoul/서울,Jongro-gu/종로구,Jongro 1(il)-ga/종로1가
Seoul/서울,Jongro-gu/종로구,Jongro 2(i)-ga/종로2가
Seoul/서울,Jongro-gu/종로구,Jongro 3(sam)-ga/종로3가
Seoul/서울,Jongro-gu/종로구,Jongro 4(sa)-ga/종로4가
Seoul/서울,Jongro-gu/종로구,Jongro 5(o)-ga/종로5가
Seoul/서울,Jongro-gu/종로구,Jongro 6(yuk)-ga/종로6가
Seoul/서울,Jongro-gu/종로구,Junghak-dong/중학동
Seoul/서울,Jongro-gu/종로구,Muak-dong/무악동
Seoul/서울,Jongro-gu/종로구,Myeongryundong 1(il)-ga/명륜동1가
Seoul/서울,Jongro-gu/종로구,Myeongryundong 2(i)-ga/명륜동2가
Seoul/서울,Jongro-gu/종로구,Myeongryundong 3(sam)-ga/명륜동3가
Seoul/서울,Jongro-gu/종로구,Myeongryundong 4(sa)-ga/명륜동4가
Seoul/서울,Jongro-gu/종로구,Myo-dong/묘동
Seoul/서울,Jongro-gu/종로구,Naeja-dong/내자동
Seoul/서울,Jongro-gu/종로구,Naesu-dong/내수동
Seoul/서울,Jongro-gu/종로구,Nagwon-dong/낙원동
Seoul/서울,Jongro-gu/종로구,Nuha-dong/누하동
Seoul/서울,Jongro-gu/종로구,Nusang-dong/누상동
Seoul/서울,Jongro-gu/종로구,Ogin-dong/옥인동
Seoul/서울,Jongro-gu/종로구,Palpan-dong/팔판동
Seoul/서울,Jongro-gu/종로구,Pirun-dong/필운동
Seoul/서울,Jongro-gu/종로구,Pyeongchang-dong/평창동
Seoul/서울,Jongro-gu/종로구,Pyeong-dong/평동
Seoul/서울,Jongro-gu/종로구,Sagan-dong/사간동
Seoul/서울,Jongro-gu/종로구,Sajik-dong/사직동
Seoul/서울,Jongro-gu/종로구,Samcheong-dong/삼청동
Seoul/서울,Jongro-gu/종로구,Sejongno/세종로
Seoul/서울,Jongro-gu/종로구,Seorin-dong/서린동
Seoul/서울,Jongro-gu/종로구,Singyo-dong/신교동
Seoul/서울,Jongro-gu/종로구,Sinmunro 1(il)-ga/신문로1가
Seoul/서울,Jongro-gu/종로구,Sinmunro 2(i)-ga/신문로2가
Seoul/서울,Jongro-gu/종로구,Sinyeong-dong/신영동
Seoul/서울,Jongro-gu/종로구,Sogyeok-dong/소격동
Seoul/서울,Jongro-gu/종로구,Songhyeon-dong/송현동
Seoul/서울,Jongro-gu/종로구,Songwol-dong/송월동
Seoul/서울,Jongro-gu/종로구,Sungin 1(il)-dong/숭인1동
Seoul/서울,Jongro-gu/종로구,Sungin 2(i)-dong/숭인2동
Seoul/서울,Jongro-gu/종로구,Sungin-dong/숭인동
Seoul/서울,Jongro-gu/종로구,Susong-dong/수송동
Seoul/서울,Jongro-gu/종로구,Tongin-dong/통인동
Seoul/서울,Jongro-gu/종로구,Tongui-dong/통의동
Seoul/서울,Jongro-gu/종로구,Unni-dong/운니동
Seoul/서울,Jongro-gu/종로구,Waryong-dong/와룡동
Seoul/서울,Jongro-gu/종로구,Wonnam-dong/원남동
Seoul/서울,Jongro-gu/종로구,Wonseo-dong/원서동
Seoul/서울,Jongro-gu/종로구,Yeji-dong/예지동
Seoul/서울,Jongro-gu/종로구,Yeongeon-dong/연건동
Seoul/서울,Jongro-gu/종로구,Yeonji-dong/연지동
Seoul/서울,Jung-gu/중구,Anyeong-dong/안영동
Seoul/서울,Jung-gu/중구,Bangsan-dong/방산동
Seoul/서울,Jung-gu/중구,Bangu 1(il)-dong/반구1동
Seoul/서울,Jung-gu/중구,Bangu 2(i)-dong/반구2동
Seoul/서울,Jung-gu/중구,Bangu-dong/반구동
Seoul/서울,Jung-gu/중구,Boksan 1(il)-dong/복산1동
Seoul/서울,Jung-gu/중구,Boksan 2(i)-dong/복산2동
Seoul/서울,Jung-gu/중구,Boksan-dong/복산동
Seoul/서울,Jung-gu/중구,Bongraedong 1(il)-ga/봉래동1가
Seoul/서울,Jung-gu/중구,Bongraedong 2(i)-ga/봉래동2가
Seoul/서울,Jung-gu/중구,Bongsan-dong/봉산동
Seoul/서울,Jung-gu/중구,Bosudong 1(il)-ga/보수동1가
Seoul/서울,Jung-gu/중구,Bosudong 2(i)-ga/보수동2가
Seoul/서울,Jung-gu/중구,Bosudong 3(sam)-ga/보수동3가
Seoul/서울,Jung-gu/중구,Bosu-dong/보수동
Seoul/서울,Jung-gu/중구,Bukchang-dong/북창동
Seoul/서울,Jung-gu/중구,Bukjeong-dong/북정동
Seoul/서울,Jung-gu/중구,Buknae-dong/북내동
Seoul/서울,Jung-gu/중구,Bukseongdong 1(il)-ga/북성동1가
Seoul/서울,Jung-gu/중구,Bukseongdong 2(i)-ga/북성동2가
Seoul/서울,Jung-gu/중구,Bukseongdong 3(sam)-ga/북성동3가
Seoul/서울,Jung-gu/중구,Bukseongro 1(il)-ga/북성로1가
Seoul/서울,Jung-gu/중구,Bukseongro 2(i)-ga/북성로2가
Seoul/서울,Jung-gu/중구,Bupyeongdong 1(il)-ga/부평동1가
Seoul/서울,Jung-gu/중구,Bupyeongdong 2(i)-ga/부평동2가
Seoul/서울,Jung-gu/중구,Bupyeongdong 3(sam)-ga/부평동3가
Seoul/서울,Jung-gu/중구,Bupyeongdong 4(sa)-ga/부평동4가
Seoul/서울,Jung-gu/중구,Bupyeong-dong/부평동
Seoul/서울,Jung-gu/중구,Busa-dong/부사동
Seoul/서울,Jung-gu/중구,Busanucheguksaseoham/부산우체국사서함
Seoul/서울,Jung-gu/중구,Changseondong 1(il)-ga/창선동1가
Seoul/서울,Jung-gu/중구,Changseondong 2(i)-ga/창선동2가
Seoul/서울,Jung-gu/중구,Changseon-dong/창선동
Seoul/서울,Jung-gu/중구,Chimsan-dong/침산동
Seoul/서울,Jung-gu/중구,Cho-dong/초동
Seoul/서울,Jung-gu/중구,Chungjeongro 1(il)-ga/충정로1가
Seoul/서울,Jung-gu/중구,Chungmuro 1(il)-ga/충무로1가
Seoul/서울,Jung-gu/중구,Chungmuro 2(i)-ga/충무로2가
Seoul/서울,Jung-gu/중구,Chungmuro 3(sam)-ga/충무로3가
Seoul/서울,Jung-gu/중구,Chungmuro 4(sa)-ga/충무로4가
Seoul/서울,Jung-gu/중구,Chungmuro 5(o)-ga/충무로5가
Seoul/서울,Jung-gu/중구,Da-dong/다동
Seoul/서울,Jung-gu/중구,Daean-dong/대안동
Seoul/서울,Jung-gu/중구,Daebong 1(il)-dong/대봉1동
Seoul/서울,Jung-gu/중구,Daebong 2(i)-dong/대봉2동
Seoul/서울,Jung-gu/중구,Daebong-dong/대봉동
Seoul/서울,Jung-gu/중구,Daechangdong 1(il)-ga/대창동1가
Seoul/서울,Jung-gu/중구,Daechangdong 2(i)-ga/대창동2가
Seoul/서울,Jung-gu/중구,Daechang-dong/대창동
Seoul/서울,Jung-gu/중구,Daecheongdong 1(il)-ga/대청동1가
Seoul/서울,Jung-gu/중구,Daecheongdong 2(i)-ga/대청동2가
Seoul/서울,Jung-gu/중구,Daecheongdong 3(sam)-ga/대청동3가
Seoul/서울,Jung-gu/중구,Daecheongdong 4(sa)-ga/대청동4가
Seoul/서울,Jung-gu/중구,Daecheong-dong/대청동
Seoul/서울,Jung-gu/중구,Daeguucheguksaseoham/대구우체국사서함
Seoul/서울,Jung-gu/중구,Daeheung-dong/대흥동
Seoul/서울,Jung-gu/중구,Daesa-dong/대사동
Seoul/서울,Jung-gu/중구,Daesin-dong/대신동
Seoul/서울,Jung-gu/중구,Dalseong-dong/달성동
Seoul/서울,Jung-gu/중구,Dap-dong/답동
Seoul/서울,Jung-gu/중구,Daun-dong/다운동
Seoul/서울,Jung-gu/중구,Deokgyo-dong/덕교동
Seoul/서울,Jung-gu/중구,Deoksan-dong/덕산동
Seoul/서울,Jung-gu/중구,Dong-dong/동동
Seoul/서울,Jung-gu/중구,Donggwangdong 1(il)-ga/동광동1가
Seoul/서울,Jung-gu/중구,Donggwangdong 2(i)-ga/동광동2가
Seoul/서울,Jung-gu/중구,Donggwangdong 3(sam)-ga/동광동3가
Seoul/서울,Jung-gu/중구,Donggwangdong 4(sa)-ga/동광동4가
Seoul/서울,Jung-gu/중구,Donggwangdong 5(o)-ga/동광동5가
Seoul/서울,Jung-gu/중구,Donggwang-dong/동광동
Seoul/서울,Jung-gu/중구,Dongil-dong/동일동
Seoul/서울,Jung-gu/중구,Dongindong 1(il)-ga/동인동1가
Seoul/서울,Jung-gu/중구,Dongindong 2(i)-ga/동인동2가
Seoul/서울,Jung-gu/중구,Dongindong 3(sam)-ga/동인동3가
Seoul/서울,Jung-gu/중구,Dongindong 4(sa)-ga/동인동4가
Seoul/서울,Jung-gu/중구,Dongmun-dong/동문동
Seoul/서울,Jung-gu/중구,Dongsan-dong/동산동
Seoul/서울,Jung-gu/중구,Dongseongro 1(il)-ga/동성로1가
Seoul/서울,Jung-gu/중구,Dongseongro 2(i)-ga/동성로2가
Seoul/서울,Jung-gu/중구,Dongseongro 3(sam)-ga/동성로3가
Seoul/서울,Jung-gu/중구,Dowon-dong/도원동
Seoul/서울,Jung-gu/중구,Dowon-dong/도원동
Seoul/서울,Jung-gu/중구,Eonam-dong/어남동
Seoul/서울,Jung-gu/중구,Euljiro 1(il)-ga/을지로1가
Seoul/서울,Jung-gu/중구,Euljiro 2(i)-ga/을지로2가
Seoul/서울,Jung-gu/중구,Euljiro 3(sam)-ga/을지로3가
Seoul/서울,Jung-gu/중구,Euljiro 4(sa)-ga/을지로4가
Seoul/서울,Jung-gu/중구,Euljiro 5(o)-ga/을지로5가
Seoul/서울,Jung-gu/중구,Euljiro 6(yuk)-ga/을지로6가
Seoul/서울,Jung-gu/중구,Euljiro 7(chil)-ga/을지로7가
Seoul/서울,Jung-gu/중구,Eunhaeng-dong/은행동
Seoul/서울,Jung-gu/중구,Eurwang-dong/을왕동
Seoul/서울,Jung-gu/중구,Geum-dong/금동
Seoul/서울,Jung-gu/중구,Gongpyeong-dong/공평동
Seoul/서울,Jung-gu/중구,Guwan-dong/구완동
Seoul/서울,Jung-gu/중구,Gwandong 1(il)-ga/관동1가
Seoul/서울,Jung-gu/중구,Gwandong 2(i)-ga/관동2가
Seoul/서울,Jung-gu/중구,Gwandong 3(sam)-ga/관동3가
Seoul/서울,Jung-gu/중구,Gwangbokdong 1(il)-ga/광복동1가
Seoul/서울,Jung-gu/중구,Gwangbokdong 2(i)-ga/광복동2가
Seoul/서울,Jung-gu/중구,Gwangbokdong 3(sam)-ga/광복동3가
Seoul/서울,Jung-gu/중구,Gwangbok-dong/광복동
Seoul/서울,Jung-gu/중구,Gwanghuidong 1(il)-ga/광희동1가
Seoul/서울,Jung-gu/중구,Gwanghuidong 2(i)-ga/광희동2가
Seoul/서울,Jung-gu/중구,Gyeong-dong/경동
Seoul/서울,Jung-gu/중구,Gyesandong 1(il)-ga/계산동1가
Seoul/서울,Jung-gu/중구,Gyesandong 2(i)-ga/계산동2가
Seoul/서울,Jung-gu/중구,Gyo-dong/교동
Seoul/서울,Jung-gu/중구,Gyo-dong/교동
Seoul/서울,Jung-gu/중구,Haeandong 1(il)-ga/해안동1가
Seoul/서울,Jung-gu/중구,Haeandong 2(i)-ga/해안동2가
Seoul/서울,Jung-gu/중구,Haeandong 3(sam)-ga/해안동3가
Seoul/서울,Jung-gu/중구,Haeandong 4(sa)-ga/해안동4가
Seoul/서울,Jung-gu/중구,Haksan-dong/학산동
Seoul/서울,Jung-gu/중구,Hakseong-dong/학성동
Seoul/서울,Jung-gu/중구,Hangdong 1(il)-ga/항동1가
Seoul/서울,Jung-gu/중구,Hangdong 2(i)-ga/항동2가
Seoul/서울,Jung-gu/중구,Hangdong 3(sam)-ga/항동3가
Seoul/서울,Jung-gu/중구,Hangdong 4(sa)-ga/항동4가
Seoul/서울,Jung-gu/중구,Hangdong 5(o)-ga/항동5가
Seoul/서울,Jung-gu/중구,Hangdong 6(yuk)-ga/항동6가
Seoul/서울,Jung-gu/중구,Hangdong 7(chil)-ga/항동7가
Seoul/서울,Jung-gu/중구,Haseo-dong/하서동
Seoul/서울,Jung-gu/중구,Heungin-dong/흥인동
Seoul/서울,Jung-gu/중구,Ho-dong/호동
Seoul/서울,Jung-gu/중구,Hoehyeondong 1(il)-ga/회현동1가
Seoul/서울,Jung-gu/중구,Hoehyeondong 2(i)-ga/회현동2가
Seoul/서울,Jung-gu/중구,Hoehyeondong 3(sam)-ga/회현동3가
Seoul/서울,Jung-gu/중구,Hwajeon-dong/화전동
Seoul/서울,Jung-gu/중구,Hwanghak-dong/황학동
Seoul/서울,Jung-gu/중구,Hyangchon-dong/향촌동
Seoul/서울,Jung-gu/중구,Incheongonghangucheguksaseoham/인천공항우체국사서함
Seoul/서울,Jung-gu/중구,Ingyo-dong/인교동
Seoul/서울,Jung-gu/중구,Inhyeondong 1(il)-ga/인현동1가
Seoul/서울,Jung-gu/중구,Inhyeondong 2(i)-ga/인현동2가
Seoul/서울,Jung-gu/중구,Inhyeon-dong/인현동
Seoul/서울,Jung-gu/중구,Ipjeong-dong/입정동
Seoul/서울,Jung-gu/중구,Jangchungdong 1(il)-ga/장충동1가
Seoul/서울,Jung-gu/중구,Jangchungdong 2(i)-ga/장충동2가
Seoul/서울,Jung-gu/중구,Janggwan-dong/장관동
Seoul/서울,Jung-gu/중구,Janggyo-dong/장교동
Seoul/서울,Jung-gu/중구,Janghyeon-dong/장현동
Seoul/서울,Jung-gu/중구,Jeodong 1(il)-ga/저동1가
Seoul/서울,Jung-gu/중구,Jeodong 2(i)-ga/저동2가
Seoul/서울,Jung-gu/중구,Jeon-dong/전동
Seoul/서울,Jung-gu/중구,Jeon-dong/전동
Seoul/서울,Jung-gu/중구,Jeong-dong/정동
Seoul/서울,Jung-gu/중구,Jeongsaeng-dong/정생동
Seoul/서울,Jung-gu/중구,Jongro 1(il)-ga/종로1가
Seoul/서울,Jung-gu/중구,Jongro 2(i)-ga/종로2가
Seoul/서울,Jung-gu/중구,Jugyo-dong/주교동
Seoul/서울,Jung-gu/중구,Juja-dong/주자동
Seoul/서울,Jung-gu/중구,Jungangdong 1(il)-ga/중앙동1가
Seoul/서울,Jung-gu/중구,Jungangdong 1(il)-ga/중앙동1가
Seoul/서울,Jung-gu/중구,Jungangdong 2(i)-ga/중앙동2가
Seoul/서울,Jung-gu/중구,Jungangdong 2(i)-ga/중앙동2가
Seoul/서울,Jung-gu/중구,Jungangdong 3(sam)-ga/중앙동3가
Seoul/서울,Jung-gu/중구,Jungangdong 3(sam)-ga/중앙동3가
Seoul/서울,Jung-gu/중구,Jungangdong 4(sa)-ga/중앙동4가
Seoul/서울,Jung-gu/중구,Jungangdong 4(sa)-ga/중앙동4가
Seoul/서울,Jung-gu/중구,Jungangdong 5(o)-ga/중앙동5가
Seoul/서울,Jung-gu/중구,Jungangdong 6(yuk)-ga/중앙동6가
Seoul/서울,Jung-gu/중구,Jungangdong 7(chil)-ga/중앙동7가
Seoul/서울,Jung-gu/중구,Jungang-dong/중앙동
Seoul/서울,Jung-gu/중구,Jungangucheguksaseoham/중앙우체국사서함
Seoul/서울,Jung-gu/중구,Jungchon-dong/중촌동
Seoul/서울,Jung-gu/중구,Jungrim-dong/중림동
Seoul/서울,Jung-gu/중구,Jungsan-dong/중산동
Seoul/서울,Jung-gu/중구,Manridong 1(il)-ga/만리동1가
Seoul/서울,Jung-gu/중구,Manridong 2(i)-ga/만리동2가
Seoul/서울,Jung-gu/중구,Mokdal-dong/목달동
Seoul/서울,Jung-gu/중구,Mok-dong/목동
Seoul/서울,Jung-gu/중구,Mugyo-dong/무교동
Seoul/서울,Jung-gu/중구,Muhak-dong/무학동
Seoul/서울,Jung-gu/중구,Mukjeong-dong/묵정동
Seoul/서울,Jung-gu/중구,Munchang-dong/문창동
Seoul/서울,Jung-gu/중구,Munhwa 1(il)-dong/문화1동
Seoul/서울,Jung-gu/중구,Munhwa 2(i)-dong/문화2동
Seoul/서울,Jung-gu/중구,Munhwa-dong/문화동
Seoul/서울,Jung-gu/중구,Munhwa-dong/문화동
Seoul/서울,Jung-gu/중구,Musu-dong/무수동
Seoul/서울,Jung-gu/중구,Muui-dong/무의동
Seoul/서울,Jung-gu/중구,Myeongdong 1(il)-ga/명동1가
Seoul/서울,Jung-gu/중구,Myeongdong 2(i)-ga/명동2가
Seoul/서울,Jung-gu/중구,Nae-dong/내동
Seoul/서울,Jung-gu/중구,Nambuk-dong/남북동
Seoul/서울,Jung-gu/중구,Namchang-dong/남창동
Seoul/서울,Jung-gu/중구,Namdaemunro 1(il)-ga/남대문로1가
Seoul/서울,Jung-gu/중구,Namdaemunro 2(i)-ga/남대문로2가
Seoul/서울,Jung-gu/중구,Namdaemunro 3(sam)-ga/남대문로3가
Seoul/서울,Jung-gu/중구,Namdaemunro 4(sa)-ga/남대문로4가
Seoul/서울,Jung-gu/중구,Namdaemunro 5(o)-ga/남대문로5가
Seoul/서울,Jung-gu/중구,Namhak-dong/남학동
Seoul/서울,Jung-gu/중구,Namil-dong/남일동
Seoul/서울,Jung-gu/중구,Namoe-dong/남외동
Seoul/서울,Jung-gu/중구,Nampodong 1(il)-ga/남포동1가
Seoul/서울,Jung-gu/중구,Nampodong 2(i)-ga/남포동2가
Seoul/서울,Jung-gu/중구,Nampodong 3(sam)-ga/남포동3가
Seoul/서울,Jung-gu/중구,Nampodong 4(sa)-ga/남포동4가
Seoul/서울,Jung-gu/중구,Nampodong 5(o)-ga/남포동5가
Seoul/서울,Jung-gu/중구,Nampodong 6(yuk)-ga/남포동6가
Seoul/서울,Jung-gu/중구,Nampo-dong/남포동
Seoul/서울,Jung-gu/중구,Namsan 1(il)-dong/남산1동
Seoul/서울,Jung-gu/중구,Namsan 2(i)-dong/남산2동
Seoul/서울,Jung-gu/중구,Namsan 3(sam)-dong/남산3동
Seoul/서울,Jung-gu/중구,Namsan 4(sa)-dong/남산4동
Seoul/서울,Jung-gu/중구,Namsandong 1(il)-ga/남산동1가
Seoul/서울,Jung-gu/중구,Namsandong 2(i)-ga/남산동2가
Seoul/서울,Jung-gu/중구,Namsandong 3(sam)-ga/남산동3가
Seoul/서울,Jung-gu/중구,Namsan-dong/남산동
Seoul/서울,Jung-gu/중구,Namseongno/남성로
Seoul/서울,Jung-gu/중구,Ojang-dong/오장동
Seoul/서울,Jung-gu/중구,Okgye-dong/옥계동
Seoul/서울,Jung-gu/중구,Okgyo-dong/옥교동
Seoul/서울,Jung-gu/중구,Oryu-dong/오류동
Seoul/서울,Jung-gu/중구,Pildong 1(il)-ga/필동1가
Seoul/서울,Jung-gu/중구,Pildong 2(i)-ga/필동2가
Seoul/서울,Jung-gu/중구,Pildong 3(sam)-ga/필동3가
Seoul/서울,Jung-gu/중구,Pojeong-dong/포정동
Seoul/서울,Jung-gu/중구,Sa-dong/사동
Seoul/서울,Jung-gu/중구,Sail-dong/사일동
Seoul/서울,Jung-gu/중구,Sajeong-dong/사정동
Seoul/서울,Jung-gu/중구,Samdeokdong 1(il)-ga/삼덕동1가
Seoul/서울,Jung-gu/중구,Samdeokdong 2(i)-ga/삼덕동2가
Seoul/서울,Jung-gu/중구,Samdeokdong 3(sam)-ga/삼덕동3가
Seoul/서울,Jung-gu/중구,Samgak-dong/삼각동
Seoul/서울,Jung-gu/중구,Sangdeok-dong/상덕동
Seoul/서울,Jung-gu/중구,Sangseo-dong/상서동
Seoul/서울,Jung-gu/중구,Sanrim-dong/산림동
Seoul/서울,Jung-gu/중구,Sanseong-dong/산성동
Seoul/서울,Jung-gu/중구,Seodaejeonucheguksaseoham/서대전우체국사서함
Seoul/서울,Jung-gu/중구,Seo-dong/서동
Seoul/서울,Jung-gu/중구,Seokgyo-dong/석교동
Seoul/서울,Jung-gu/중구,Seomunro 1(il)-ga/서문로1가
Seoul/서울,Jung-gu/중구,Seomunro 2(i)-ga/서문로2가
Seoul/서울,Jung-gu/중구,Seonae-dong/서내동
Seoul/서울,Jung-gu/중구,Seongan-dong/성안동
Seoul/서울,Jung-gu/중구,Seongnam-dong/성남동
Seoul/서울,Jung-gu/중구,Seonhwa-dong/선화동
Seoul/서울,Jung-gu/중구,Seonhwa-dong/선화동
Seoul/서울,Jung-gu/중구,Seonrin-dong/선린동
Seoul/서울,Jung-gu/중구,Seoseongro 1(il)-ga/서성로1가
Seoul/서울,Jung-gu/중구,Seoseongro 2(i)-ga/서성로2가
Seoul/서울,Jung-gu/중구,Seosomun-dong/서소문동
Seoul/서울,Jung-gu/중구,Seoya-dong/서야동
Seoul/서울,Jung-gu/중구,Sijangbugno/시장북로
Seoul/서울,Jung-gu/중구,Sinchangdong 1(il)-ga/신창동1가
Seoul/서울,Jung-gu/중구,Sinchangdong 2(i)-ga/신창동2가
Seoul/서울,Jung-gu/중구,Sinchangdong 3(sam)-ga/신창동3가
Seoul/서울,Jung-gu/중구,Sinchangdong 4(sa)-ga/신창동4가
Seoul/서울,Jung-gu/중구,Sinchang-dong/신창동
Seoul/서울,Jung-gu/중구,Sindang 1(il)-dong/신당1동
Seoul/서울,Jung-gu/중구,Sindang 2(i)-dong/신당2동
Seoul/서울,Jung-gu/중구,Sindang 3(sam)-dong/신당3동
Seoul/서울,Jung-gu/중구,Sindang 4(sa)-dong/신당4동
Seoul/서울,Jung-gu/중구,Sindang 5(o)-dong/신당5동
Seoul/서울,Jung-gu/중구,Sindang 6(yuk)-dong/신당6동
Seoul/서울,Jung-gu/중구,Sindang-dong/신당동
Seoul/서울,Jung-gu/중구,Sinheungdong 1(il)-ga/신흥동1가
Seoul/서울,Jung-gu/중구,Sinheungdong 2(i)-ga/신흥동2가
Seoul/서울,Jung-gu/중구,Sinheungdong 3(sam)-ga/신흥동3가
Seoul/서울,Jung-gu/중구,Sinpo-dong/신포동
Seoul/서울,Jung-gu/중구,Sinsaeng-dong/신생동
Seoul/서울,Jung-gu/중구,Sogong-dong/소공동
Seoul/서울,Jung-gu/중구,Songhakdong 1(il)-ga/송학동1가
Seoul/서울,Jung-gu/중구,Songhakdong 2(i)-ga/송학동2가
Seoul/서울,Jung-gu/중구,Songhakdong 3(sam)-ga/송학동3가
Seoul/서울,Jung-gu/중구,Songwoldong 1(il)-ga/송월동1가
Seoul/서울,Jung-gu/중구,Songwoldong 2(i)-ga/송월동2가
Seoul/서울,Jung-gu/중구,Songwoldong 3(sam)-ga/송월동3가
Seoul/서울,Jung-gu/중구,Ssangrim-dong/쌍림동
Seoul/서울,Jung-gu/중구,Suchang-dong/수창동
Seoul/서울,Jung-gu/중구,Su-dong/수동
Seoul/서울,Jung-gu/중구,Suha-dong/수하동
Seoul/서울,Jung-gu/중구,Sunhwa-dong/순화동
Seoul/서울,Jung-gu/중구,Supyo-dong/수표동
Seoul/서울,Jung-gu/중구,Taehwa-dong/태화동
Seoul/서울,Jung-gu/중구,Taepyeong 1(il)-dong/태평1동
Seoul/서울,Jung-gu/중구,Taepyeong 2(i)-dong/태평2동
Seoul/서울,Jung-gu/중구,Taepyeong-dong/태평동
Seoul/서울,Jung-gu/중구,Taepyeongro 1(il)-ga/태평로1가
Seoul/서울,Jung-gu/중구,Taepyeongro 1(il)-ga/태평로1가
Seoul/서울,Jung-gu/중구,Taepyeongro 2(i)-ga/태평로2가
Seoul/서울,Jung-gu/중구,Taepyeongro 2(i)-ga/태평로2가
Seoul/서울,Jung-gu/중구,Taepyeongro 3(sam)-ga/태평로3가
Seoul/서울,Jung-gu/중구,Uijuro 1(il)-ga/의주로1가
Seoul/서울,Jung-gu/중구,Uijuro 2(i)-ga/의주로2가
Seoul/서울,Jung-gu/중구,Ujeong-dong/우정동
Seoul/서울,Jung-gu/중구,Ulsanucheguksaseoham/울산우체국사서함
Seoul/서울,Jung-gu/중구,Unbuk-dong/운북동
Seoul/서울,Jung-gu/중구,Unnam-dong/운남동
Seoul/서울,Jung-gu/중구,Unseo-dong/운서동
Seoul/서울,Jung-gu/중구,Wanjeon-dong/완전동
Seoul/서울,Jung-gu/중구,Yaksa-dong/약사동
Seoul/서울,Jung-gu/중구,Yegwan-dong/예관동
Seoul/서울,Jung-gu/중구,Yejang-dong/예장동
Seoul/서울,Jung-gu/중구,Yeongju 1(il)-dong/영주1동
Seoul/서울,Jung-gu/중구,Yeongju 2(i)-dong/영주2동
Seoul/서울,Jung-gu/중구,Yeongju-dong/영주동
Seoul/서울,Jung-gu/중구,Yongdeok-dong/용덕동
Seoul/서울,Jung-gu/중구,Yong-dong/용동
Seoul/서울,Jung-gu/중구,Yongdu-dong/용두동
Seoul/서울,Jung-gu/중구,Yucheon 1(il)-dong/유천1동
Seoul/서울,Jung-gu/중구,Yucheon 2(i)-dong/유천2동
Seoul/서울,Jung-gu/중구,Yucheon-dong/유천동
Seoul/서울,Jung-gu/중구,Yu-dong/유동
Seoul/서울,Jung-gu/중구,Yugok-dong/유곡동
Seoul/서울,Jung-gu/중구,Yulmok-dong/율목동
Seoul/서울,Jungrang-gu/중랑구,Junghwa 1(il)-dong/중화1동
Seoul/서울,Jungrang-gu/중랑구,Junghwa 2(i)-dong/중화2동
Seoul/서울,Jungrang-gu/중랑구,Junghwa-dong/중화동
Seoul/서울,Jungrang-gu/중랑구,Mangu 3(sam)-dong/망우3동
Seoul/서울,Jungrang-gu/중랑구,Mangubon-dong/망우본동
Seoul/서울,Jungrang-gu/중랑구,Mangu-dong/망우동
Seoul/서울,Jungrang-gu/중랑구,Mug 1(il)-dong/묵1동
Seoul/서울,Jungrang-gu/중랑구,Mug 2(i)-dong/묵2동
Seoul/서울,Jungrang-gu/중랑구,Muk-dong/묵동
Seoul/서울,Jungrang-gu/중랑구,Myeonmog 2(i)-dong/면목2동
Seoul/서울,Jungrang-gu/중랑구,Myeonmog 3.8-dong/면목3.8동
Seoul/서울,Jungrang-gu/중랑구,Myeonmog 4(sa)-dong/면목4동
Seoul/서울,Jungrang-gu/중랑구,Myeonmog 5(o)-dong/면목5동
Seoul/서울,Jungrang-gu/중랑구,Myeonmog 7(chil)-dong/면목7동
Seoul/서울,Jungrang-gu/중랑구,Myeonmokbon-dong/면목본동
Seoul/서울,Jungrang-gu/중랑구,Myeonmok-dong/면목동
Seoul/서울,Jungrang-gu/중랑구,Sangbong 1(il)-dong/상봉1동
Seoul/서울,Jungrang-gu/중랑구,Sangbong 2(i)-dong/상봉2동
Seoul/서울,Jungrang-gu/중랑구,Sangbong-dong/상봉동
Seoul/서울,Jungrang-gu/중랑구,Seouljungrangucheguksaseoham/서울중랑우체국사서함
Seoul/서울,Jungrang-gu/중랑구,Sinnae 1(il)-dong/신내1동
Seoul/서울,Jungrang-gu/중랑구,Sinnae 2(i)-dong/신내2동
Seoul/서울,Jungrang-gu/중랑구,Sinnae-dong/신내동
Seoul/서울,Mapo-gu/마포구,Ahyeon-dong/아현동
Seoul/서울,Mapo-gu/마포구,Changjeon-dong/창전동
Seoul/서울,Mapo-gu/마포구,Daeheung-dong/대흥동
Seoul/서울,Mapo-gu/마포구,Dangin-dong/당인동
Seoul/서울,Mapo-gu/마포구,Dohwa-dong/도화동
Seoul/서울,Mapo-gu/마포구,Donggyo-dong/동교동
Seoul/서울,Mapo-gu/마포구,Gongdeok-dong/공덕동
Seoul/서울,Mapo-gu/마포구,Gusu-dong/구수동
Seoul/서울,Mapo-gu/마포구,Hajung-dong/하중동
Seoul/서울,Mapo-gu/마포구,Hapjeong-dong/합정동
Seoul/서울,Mapo-gu/마포구,Hyeonseok-dong/현석동
Seoul/서울,Mapo-gu/마포구,Jung-dong/중동
Seoul/서울,Mapo-gu/마포구,Mangwon 1(il)-dong/망원1동
Seoul/서울,Mapo-gu/마포구,Mangwon 2(i)-dong/망원2동
Seoul/서울,Mapo-gu/마포구,Mangwon-dong/망원동
Seoul/서울,Mapo-gu/마포구,Mapo-dong/마포동
Seoul/서울,Mapo-gu/마포구,Nogosan-dong/노고산동
Seoul/서울,Mapo-gu/마포구,Sangam-dong/상암동
Seoul/서울,Mapo-gu/마포구,Sangsu-dong/상수동
Seoul/서울,Mapo-gu/마포구,Seogyo-dong/서교동
Seoul/서울,Mapo-gu/마포구,Seongsan 1(il)-dong/성산1동
Seoul/서울,Mapo-gu/마포구,Seongsan 2(i)-dong/성산2동
Seoul/서울,Mapo-gu/마포구,Seongsan-dong/성산동
Seoul/서울,Mapo-gu/마포구,Seoulmapoucheguksaseoham/서울마포우체국사서함
Seoul/서울,Mapo-gu/마포구,Singongdeok-dong/신공덕동
Seoul/서울,Mapo-gu/마포구,Sinjeong-dong/신정동
Seoul/서울,Mapo-gu/마포구,Sinsu-dong/신수동
Seoul/서울,Mapo-gu/마포구,Tojeong-dong/토정동
Seoul/서울,Mapo-gu/마포구,Yeomri-dong/염리동
Seoul/서울,Mapo-gu/마포구,Yeonnam-dong/연남동
Seoul/서울,Mapo-gu/마포구,Yonggang-dong/용강동
Seoul/서울,Nowon-gu/노원구,Gongreung 1.3-dong/공릉1.3동
Seoul/서울,Nowon-gu/노원구,Gongreung 2(i)-dong/공릉2동
Seoul/서울,Nowon-gu/노원구,Gongreung-dong/공릉동
Seoul/서울,Nowon-gu/노원구,Hagye 1(il)-dong/하계1동
Seoul/서울,Nowon-gu/노원구,Hagye 2(i)-dong/하계2동
Seoul/서울,Nowon-gu/노원구,Hagye-dong/하계동
Seoul/서울,Nowon-gu/노원구,Junggye 1(il)-dong/중계1동
Seoul/서울,Nowon-gu/노원구,Junggye 3(sam)-dong/중계2.3동
Seoul/서울,Nowon-gu/노원구,Junggye 4(sa)-dong/중계4동
Seoul/서울,Nowon-gu/노원구,Junggyebon-dong/중계본동
Seoul/서울,Nowon-gu/노원구,Junggye-dong/중계동
Seoul/서울,Nowon-gu/노원구,Sanggye 1(il)-dong/상계1동
Seoul/서울,Nowon-gu/노원구,Sanggye 10(sip)-dong/상계10동
Seoul/서울,Nowon-gu/노원구,Sanggye 2(i)-dong/상계2동
Seoul/서울,Nowon-gu/노원구,Sanggye 3.4-dong/상계3.4동
Seoul/서울,Nowon-gu/노원구,Sanggye 5(o)-dong/상계5동
Seoul/서울,Nowon-gu/노원구,Sanggye 6.7-dong/상계6.7동
Seoul/서울,Nowon-gu/노원구,Sanggye 8(pal)-dong/상계8동
Seoul/서울,Nowon-gu/노원구,Sanggye 9(gu)-dong/상계9동
Seoul/서울,Nowon-gu/노원구,Sanggye-dong/상계동
Seoul/서울,Nowon-gu/노원구,Seoulnowonucheguksaseoham/서울노원우체국사서함
Seoul/서울,Nowon-gu/노원구,Wolgye 1(il)-dong/월계1동
Seoul/서울,Nowon-gu/노원구,Wolgye 2(i)-dong/월계2동
Seoul/서울,Nowon-gu/노원구,Wolgye 3(sam)-dong/월계3동
Seoul/서울,Nowon-gu/노원구,Wolgye-dong/월계동
Seoul/서울,Seocho-gu/서초구,Bangbae 1(il)-dong/방배1동
Seoul/서울,Seocho-gu/서초구,Bangbae 2(i)-dong/방배2동
Seoul/서울,Seocho-gu/서초구,Bangbae 3(sam)-dong/방배3동
Seoul/서울,Seocho-gu/서초구,Bangbae 4(sa)-dong/방배4동
Seoul/서울,Seocho-gu/서초구,Bangbaebon-dong/방배본동
Seoul/서울,Seocho-gu/서초구,Bangbae-dong/방배동
Seoul/서울,Seocho-gu/서초구,Banpo 1(il)-dong/반포1동
Seoul/서울,Seocho-gu/서초구,Banpo 2(i)-dong/반포2동
Seoul/서울,Seocho-gu/서초구,Banpo 3(sam)-dong/반포3동
Seoul/서울,Seocho-gu/서초구,Banpo 4(sa)-dong/반포4동
Seoul/서울,Seocho-gu/서초구,Banpobon-dong/반포본동
Seoul/서울,Seocho-gu/서초구,Banpo-dong/반포동
Seoul/서울,Seocho-gu/서초구,Jamwon-dong/잠원동
Seoul/서울,Seocho-gu/서초구,Naegok-dong/내곡동
Seoul/서울,Seocho-gu/서초구,Seocho 1(il)-dong/서초1동
Seoul/서울,Seocho-gu/서초구,Seocho 2(i)-dong/서초2동
Seoul/서울,Seocho-gu/서초구,Seocho 3(sam)-dong/서초3동
Seoul/서울,Seocho-gu/서초구,Seocho 4(sa)-dong/서초4동
Seoul/서울,Seocho-gu/서초구,Seocho-dong/서초동
Seoul/서울,Seocho-gu/서초구,Seoulseochoucheguksaseoham/서울서초우체국사서함
Seoul/서울,Seocho-gu/서초구,Sinwon-dong/신원동
Seoul/서울,Seocho-gu/서초구,Umyeon-dong/우면동
Seoul/서울,Seocho-gu/서초구,Wonji-dong/원지동
Seoul/서울,Seocho-gu/서초구,Yangjae 1(il)-dong/양재1동
Seoul/서울,Seocho-gu/서초구,Yangjae 2(i)-dong/양재2동
Seoul/서울,Seocho-gu/서초구,Yangjae-dong/양재동
Seoul/서울,Seocho-gu/서초구,Yeomgok-dong/염곡동
Seoul/서울,Seodaemun-gu/서대문구,Bongwon-dong/봉원동
Seoul/서울,Seodaemun-gu/서대문구,Bugahyeon-dong/북아현동
Seoul/서울,Seodaemun-gu/서대문구,Bukgajwa 1(il)-dong/북가좌1동
Seoul/서울,Seodaemun-gu/서대문구,Bukgajwa 2(i)-dong/북가좌2동
Seoul/서울,Seodaemun-gu/서대문구,Bukgajwa-dong/북가좌동
Seoul/서울,Seodaemun-gu/서대문구,Changcheon-dong/창천동
Seoul/서울,Seodaemun-gu/서대문구,Cheonyeon-dong/천연동
Seoul/서울,Seodaemun-gu/서대문구,Chungjeongro 2(i)-ga/충정로2가
Seoul/서울,Seodaemun-gu/서대문구,Chungjeongro 3(sam)-ga/충정로3가
Seoul/서울,Seodaemun-gu/서대문구,Daehyeon-dong/대현동
Seoul/서울,Seodaemun-gu/서대문구,Daesin-dong/대신동
Seoul/서울,Seodaemun-gu/서대문구,Hap-dong/합동
Seoul/서울,Seodaemun-gu/서대문구,Hongeun 1(il)-dong/홍은1동
Seoul/서울,Seodaemun-gu/서대문구,Hongeun 2(i)-dong/홍은2동
Seoul/서울,Seodaemun-gu/서대문구,Hongeun-dong/홍은동
Seoul/서울,Seodaemun-gu/서대문구,Hongje 1(il)-dong/홍제1동
Seoul/서울,Seodaemun-gu/서대문구,Hongje 2(i)-dong/홍제2동
Seoul/서울,Seodaemun-gu/서대문구,Hongje 3(sam)-dong/홍제3동
Seoul/서울,Seodaemun-gu/서대문구,Hongje-dong/홍제동
Seoul/서울,Seodaemun-gu/서대문구,Hyeonjeo-dong/현저동
Seoul/서울,Seodaemun-gu/서대문구,Migeun-dong/미근동
Seoul/서울,Seodaemun-gu/서대문구,Naengcheon-dong/냉천동
Seoul/서울,Seodaemun-gu/서대문구,Namgajwa 1(il)-dong/남가좌1동
Seoul/서울,Seodaemun-gu/서대문구,Namgajwa 2(i)-dong/남가좌2동
Seoul/서울,Seodaemun-gu/서대문구,Namgajwa-dong/남가좌동
Seoul/서울,Seodaemun-gu/서대문구,Okcheon-dong/옥천동
Seoul/서울,Seodaemun-gu/서대문구,Seodaemunucheguksaseoham/서대문우체국사서함
Seoul/서울,Seodaemun-gu/서대문구,Seoulchungjeongroucheguksaseoham/서울충정로우체국사서함
Seoul/서울,Seodaemun-gu/서대문구,Sinchon-dong/신촌동
Seoul/서울,Seodaemun-gu/서대문구,Yeongcheon-dong/영천동
Seoul/서울,Seodaemun-gu/서대문구,Yeonhui-dong/연희동
Seoul/서울,Seongbuk-gu/성북구,Anamdong 1(il)-ga/안암동1가
Seoul/서울,Seongbuk-gu/성북구,Anamdong 2(i)-ga/안암동2가
Seoul/서울,Seongbuk-gu/성북구,Anamdong 3(sam)-ga/안암동3가
Seoul/서울,Seongbuk-gu/성북구,Anamdong 4(sa)-ga/안암동4가
Seoul/서울,Seongbuk-gu/성북구,Anamdong 5(o)-ga/안암동5가
Seoul/서울,Seongbuk-gu/성북구,Bomundong 1(il)-ga/보문동1가
Seoul/서울,Seongbuk-gu/성북구,Bomundong 2(i)-ga/보문동2가
Seoul/서울,Seongbuk-gu/성북구,Bomundong 3(sam)-ga/보문동3가
Seoul/서울,Seongbuk-gu/성북구,Bomundong 4(sa)-ga/보문동4가
Seoul/서울,Seongbuk-gu/성북구,Bomundong 5(o)-ga/보문동5가
Seoul/서울,Seongbuk-gu/성북구,Bomundong 6(yuk)-ga/보문동6가
Seoul/서울,Seongbuk-gu/성북구,Bomundong 7(chil)-ga/보문동7가
Seoul/서울,Seongbuk-gu/성북구,Donam 1(il)-dong/돈암1동
Seoul/서울,Seongbuk-gu/성북구,Donam 2(i)-dong/돈암2동
Seoul/서울,Seongbuk-gu/성북구,Donam-dong/돈암동
Seoul/서울,Seongbuk-gu/성북구,Dongseondong 1(il)-ga/동선동1가
Seoul/서울,Seongbuk-gu/성북구,Dongseondong 2(i)-ga/동선동2가
Seoul/서울,Seongbuk-gu/성북구,Dongseondong 3(sam)-ga/동선동3가
Seoul/서울,Seongbuk-gu/성북구,Dongseondong 4(sa)-ga/동선동4가
Seoul/서울,Seongbuk-gu/성북구,Dongseondong 5(o)-ga/동선동5가
Seoul/서울,Seongbuk-gu/성북구,Dongsomundong 1(il)-ga/동소문동1가
Seoul/서울,Seongbuk-gu/성북구,Dongsomundong 2(i)-ga/동소문동2가
Seoul/서울,Seongbuk-gu/성북구,Dongsomundong 3(sam)-ga/동소문동3가
Seoul/서울,Seongbuk-gu/성북구,Dongsomundong 4(sa)-ga/동소문동4가
Seoul/서울,Seongbuk-gu/성북구,Dongsomundong 5(o)-ga/동소문동5가
Seoul/서울,Seongbuk-gu/성북구,Dongsomundong 6(yuk)-ga/동소문동6가
Seoul/서울,Seongbuk-gu/성북구,Dongsomundong 7(chil)-ga/동소문동7가
Seoul/서울,Seongbuk-gu/성북구,Gireum 1(il)-dong/길음1동
Seoul/서울,Seongbuk-gu/성북구,Gireum 2(i)-dong/길음2동
Seoul/서울,Seongbuk-gu/성북구,Gireum-dong/길음동
Seoul/서울,Seongbuk-gu/성북구,Hawolgok-dong/하월곡동
Seoul/서울,Seongbuk-gu/성북구,Jangwi 1(il)-dong/장위1동
Seoul/서울,Seongbuk-gu/성북구,Jangwi 2(i)-dong/장위2동
Seoul/서울,Seongbuk-gu/성북구,Jangwi 3(sam)-dong/장위3동
Seoul/서울,Seongbuk-gu/성북구,Jangwi-dong/장위동
Seoul/서울,Seongbuk-gu/성북구,Jeongreung 1(il)-dong/정릉1동
Seoul/서울,Seongbuk-gu/성북구,Jeongreung 2(i)-dong/정릉2동
Seoul/서울,Seongbuk-gu/성북구,Jeongreung 3(sam)-dong/정릉3동
Seoul/서울,Seongbuk-gu/성북구,Jeongreung 4(sa)-dong/정릉4동
Seoul/서울,Seongbuk-gu/성북구,Jeongreung-dong/정릉동
Seoul/서울,Seongbuk-gu/성북구,Jongam-dong/종암동
Seoul/서울,Seongbuk-gu/성북구,Samseondong 1(il)-ga/삼선동1가
Seoul/서울,Seongbuk-gu/성북구,Samseondong 2(i)-ga/삼선동2가
Seoul/서울,Seongbuk-gu/성북구,Samseondong 3(sam)-ga/삼선동3가
Seoul/서울,Seongbuk-gu/성북구,Samseondong 4(sa)-ga/삼선동4가
Seoul/서울,Seongbuk-gu/성북구,Samseondong 5(o)-ga/삼선동5가
Seoul/서울,Seongbuk-gu/성북구,Sangwolgok-dong/상월곡동
Seoul/서울,Seongbuk-gu/성북구,Seokgwan-dong/석관동
Seoul/서울,Seongbuk-gu/성북구,Seongbukdong 1(il)-ga/성북동1가
Seoul/서울,Seongbuk-gu/성북구,Seongbuk-dong/성북동
Seoul/서울,Seongbuk-gu/성북구,Seoulseongbugucheguksaseoham/서울성북우체국사서함
Seoul/서울,Seongbuk-gu/성북구,Wolgog 1(il)-dong/월곡1동
Seoul/서울,Seongbuk-gu/성북구,Wolgog 2(i)-dong/월곡2동
Ulsan/울산,Buk-gu/북구,Bokhyeon 1(il)-dong/복현1동
Ulsan/울산,Buk-gu/북구,Bokhyeon 2(i)-dong/복현2동
Ulsan/울산,Buk-gu/북구,Bokhyeon-dong/복현동
Ulsan/울산,Buk-gu/북구,Bonchon-dong/본촌동
Ulsan/울산,Buk-gu/북구,Bukbusanucheguksaseoham/북부산우체국사서함
Ulsan/울산,Buk-gu/북구,Bukdaeguucheguksaseoham/북대구우체국사서함
Ulsan/울산,Buk-gu/북구,Buk-dong/북동
Ulsan/울산,Buk-gu/북구,Bukgwangjuucheguksaseoham/북광주우체국사서함
Ulsan/울산,Buk-gu/북구,Changpyeong-dong/창평동
Ulsan/울산,Buk-gu/북구,Cheongok-dong/천곡동
Ulsan/울산,Buk-gu/북구,Cheongpung-dong/청풍동
Ulsan/울산,Buk-gu/북구,Chilseongdong 1(il)-ga/칠성동1가
Ulsan/울산,Buk-gu/북구,Chilseongdong 2(i)-ga/칠성동2가
Ulsan/울산,Buk-gu/북구,Chimsan 1(il)-dong/침산1동
Ulsan/울산,Buk-gu/북구,Chimsan 2(i)-dong/침산2동
Ulsan/울산,Buk-gu/북구,Chimsan 3(sam)-dong/침산3동
Ulsan/울산,Buk-gu/북구,Chimsan-dong/침산동
Ulsan/울산,Buk-gu/북구,Chunghyo-dong/충효동
Ulsan/울산,Buk-gu/북구,Daean-dong/대안동
Ulsan/울산,Buk-gu/북구,Daechon-dong/대촌동
Ulsan/울산,Buk-gu/북구,Daehyeon 1(il)-dong/대현1동
Ulsan/울산,Buk-gu/북구,Daehyeon 2(i)-dong/대현2동
Ulsan/울산,Buk-gu/북구,Daehyeon-dong/대현동
Ulsan/울산,Buk-gu/북구,Dalcheon-dong/달천동
Ulsan/울산,Buk-gu/북구,Dangsa-dong/당사동
Ulsan/울산,Buk-gu/북구,Deogui-dong/덕의동
Ulsan/울산,Buk-gu/북구,Deokcheon 1(il)-dong/덕천1동
Ulsan/울산,Buk-gu/북구,Deokcheon 2(i)-dong/덕천2동
Ulsan/울산,Buk-gu/북구,Deokcheon 3(sam)-dong/덕천3동
Ulsan/울산,Buk-gu/북구,Deokcheon-dong/덕천동
Ulsan/울산,Buk-gu/북구,Donam-dong/도남동
Ulsan/울산,Buk-gu/북구,Dongbyeon-dong/동변동
Ulsan/울산,Buk-gu/북구,Dongcheon-dong/동천동
Ulsan/울산,Buk-gu/북구,Dongho-dong/동호동
Ulsan/울산,Buk-gu/북구,Dongrim-dong/동림동
Ulsan/울산,Buk-gu/북구,Duam 1(il)-dong/두암1동
Ulsan/울산,Buk-gu/북구,Duam 2(i)-dong/두암2동
Ulsan/울산,Buk-gu/북구,Duam 3(sam)-dong/두암3동
Ulsan/울산,Buk-gu/북구,Duam-dong/두암동
Ulsan/울산,Buk-gu/북구,Eomul-dong/어물동
Ulsan/울산,Buk-gu/북구,Eupnae-dong/읍내동
Ulsan/울산,Buk-gu/북구,Gadae-dong/가대동
Ulsan/울산,Buk-gu/북구,Gakhwa-dong/각화동
Ulsan/울산,Buk-gu/북구,Geomdan-dong/검단동
Ulsan/울산,Buk-gu/북구,Geumgok-dong/금곡동
Ulsan/울산,Buk-gu/북구,Geumgok-dong/금곡동
Ulsan/울산,Buk-gu/북구,Geumho-dong/금호동
Ulsan/울산,Buk-gu/북구,Goseongdong 1(il)-ga/고성동1가
Ulsan/울산,Buk-gu/북구,Goseongdong 2(i)-ga/고성동2가
Ulsan/울산,Buk-gu/북구,Goseongdong 3(sam)-ga/고성동3가
Ulsan/울산,Buk-gu/북구,Guam-dong/구암동
Ulsan/울산,Buk-gu/북구,Gugu-dong/국우동
Ulsan/울산,Buk-gu/북구,Gupo 1(il)-dong/구포1동
Ulsan/울산,Buk-gu/북구,Gupo 2(i)-dong/구포2동
Ulsan/울산,Buk-gu/북구,Gupo 3(sam)-dong/구포3동
Ulsan/울산,Buk-gu/북구,Gupo-dong/구포동
Ulsan/울산,Buk-gu/북구,Guyu-dong/구유동
Ulsan/울산,Buk-gu/북구,Gwaneum-dong/관음동
Ulsan/울산,Buk-gu/북구,Hakjeong-dong/학정동
Ulsan/울산,Buk-gu/북구,Hogye-dong/호계동
Ulsan/울산,Buk-gu/북구,Hwaam-dong/화암동
Ulsan/울산,Buk-gu/북구,Hwabong-dong/화봉동
Ulsan/울산,Buk-gu/북구,Hwamyeong 1(il)-dong/화명1동
Ulsan/울산,Buk-gu/북구,Hwamyeong 2(i)-dong/화명2동
Ulsan/울산,Buk-gu/북구,Hwamyeong 3(sam)-dong/화명3동
Ulsan/울산,Buk-gu/북구,Hwamyeong-dong/화명동
Ulsan/울산,Buk-gu/북구,Hyomun-dong/효문동
Ulsan/울산,Buk-gu/북구,Hyoryeong-dong/효령동
Ulsan/울산,Buk-gu/북구,Ilgok-dong/일곡동
Ulsan/울산,Buk-gu/북구,Im-dong/임동
Ulsan/울산,Buk-gu/북구,Jangdeung-dong/장등동
Ulsan/울산,Buk-gu/북구,Jeongja-dong/정자동
Ulsan/울산,Buk-gu/북구,Jinjang-dong/진장동
Ulsan/울산,Buk-gu/북구,Jiya-dong/지야동
Ulsan/울산,Buk-gu/북구,Joya-dong/조야동
Ulsan/울산,Buk-gu/북구,Jungheung 1(il)-dong/중흥1동
Ulsan/울산,Buk-gu/북구,Jungheung 2(i)-dong/중흥2동
Ulsan/울산,Buk-gu/북구,Jungheung 3(sam)-dong/중흥3동
Ulsan/울산,Buk-gu/북구,Jungheung-dong/중흥동
Ulsan/울산,Buk-gu/북구,Jungsan-dong/중산동
Ulsan/울산,Buk-gu/북구,Maecheon-dong/매천동
Ulsan/울산,Buk-gu/북구,Maegok-dong/매곡동
Ulsan/울산,Buk-gu/북구,Maegok-dong/매곡동
Ulsan/울산,Buk-gu/북구,Mandeog 1(il)-dong/만덕1동
Ulsan/울산,Buk-gu/북구,Mandeog 2(i)-dong/만덕2동
Ulsan/울산,Buk-gu/북구,Mandeog 3(sam)-dong/만덕3동
Ulsan/울산,Buk-gu/북구,Mandeok-dong/만덕동
Ulsan/울산,Buk-gu/북구,Mangwol-dong/망월동
Ulsan/울산,Buk-gu/북구,Munheung 1(il)-dong/문흥1동
Ulsan/울산,Buk-gu/북구,Munheung 2(i)-dong/문흥2동
Ulsan/울산,Buk-gu/북구,Munheung-dong/문흥동
Ulsan/울산,Buk-gu/북구,Muryong-dong/무룡동
Ulsan/울산,Buk-gu/북구,Myeongchon-dong/명촌동
Ulsan/울산,Buk-gu/북구,Nogok-dong/노곡동
Ulsan/울산,Buk-gu/북구,Nowondong 1(il)-ga/노원동1가
Ulsan/울산,Buk-gu/북구,Nowondong 2(i)-ga/노원동2가
Ulsan/울산,Buk-gu/북구,Nowondong 3(sam)-ga/노원동3가
Ulsan/울산,Buk-gu/북구,Numun-dong/누문동
Ulsan/울산,Buk-gu/북구,Ochi 1(il)-dong/오치1동
Ulsan/울산,Buk-gu/북구,Ochi 2(i)-dong/오치2동
Ulsan/울산,Buk-gu/북구,Ochi-dong/오치동
Ulsan/울산,Buk-gu/북구,Oryong-dong/오룡동
Ulsan/울산,Buk-gu/북구,Paldal-dong/팔달동
Ulsan/울산,Buk-gu/북구,Punghyang-dong/풍향동
Ulsan/울산,Buk-gu/북구,Saengyong-dong/생용동
Ulsan/울산,Buk-gu/북구,Samgak-dong/삼각동
Ulsan/울산,Buk-gu/북구,Sangan-dong/상안동
Ulsan/울산,Buk-gu/북구,Sangyeog 1(il)-dong/산격1동
Ulsan/울산,Buk-gu/북구,Sangyeog 2(i)-dong/산격2동
Ulsan/울산,Buk-gu/북구,Sangyeog 3(sam)-dong/산격3동
Ulsan/울산,Buk-gu/북구,Sangyeog 4(sa)-dong/산격4동
Ulsan/울산,Buk-gu/북구,Sangyeok-dong/산격동
Ulsan/울산,Buk-gu/북구,Sanha-dong/산하동
Ulsan/울산,Buk-gu/북구,Sasu-dong/사수동
Ulsan/울산,Buk-gu/북구,Seobyeon-dong/서변동
Ulsan/울산,Buk-gu/북구,Sinan-dong/신안동
Ulsan/울산,Buk-gu/북구,Sincheon-dong/신천동
Ulsan/울산,Buk-gu/북구,Sinhyeon-dong/신현동
Ulsan/울산,Buk-gu/북구,Sinmyeong-dong/신명동
Ulsan/울산,Buk-gu/북구,Sinyong-dong/신용동
Ulsan/울산,Buk-gu/북구,Sirye-dong/시례동
Ulsan/울산,Buk-gu/북구,Songjeong-dong/송정동
Ulsan/울산,Buk-gu/북구,Sugok-dong/수곡동
Ulsan/울산,Buk-gu/북구,Taejeon 1(il)-dong/태전1동
Ulsan/울산,Buk-gu/북구,Taejeon 2(i)-dong/태전2동
Ulsan/울산,Buk-gu/북구,Taejeon-dong/태전동
Ulsan/울산,Buk-gu/북구,Taeryeong-dong/태령동
Ulsan/울산,Buk-gu/북구,Unam 1(il)-dong/운암1동
Ulsan/울산,Buk-gu/북구,Unam 2(i)-dong/운암2동
Ulsan/울산,Buk-gu/북구,Unam 3(sam)-dong/운암3동
Ulsan/울산,Buk-gu/북구,Unam-dong/운암동
Ulsan/울산,Buk-gu/북구,Unjeong-dong/운정동
Ulsan/울산,Buk-gu/북구,Usan-dong/우산동
Ulsan/울산,Buk-gu/북구,Wolchul-dong/월출동
Ulsan/울산,Buk-gu/북구,Yangjeong-dong/양정동
Ulsan/울산,Buk-gu/북구,Yangsan-dong/양산동
Ulsan/울산,Buk-gu/북구,Yeompo-dong/염포동
Ulsan/울산,Buk-gu/북구,Yeonam-dong/연암동
Ulsan/울산,Buk-gu/북구,Yeongyeong-dong/연경동
Ulsan/울산,Buk-gu/북구,Yeonje-dong/연제동
Ulsan/울산,Buk-gu/북구,Yongbong-dong/용봉동
Ulsan/울산,Buk-gu/북구,Yongdu-dong/용두동
Ulsan/울산,Buk-gu/북구,Yonggang-dong/용강동
Ulsan/울산,Buk-gu/북구,Yongjeon-dong/용전동
Ulsan/울산,Buk-gu/북구,Yu-dong/유동
Ulsan/울산,Dong-gu/동구,Baegan-dong/백안동
Ulsan/울산,Dong-gu/동구,Bangchon-dong/방촌동
Ulsan/울산,Dong-gu/동구,Bangeo-dong/방어동
Ulsan/울산,Dong-gu/동구,Beomil-dong/범일동
Ulsan/울산,Dong-gu/동구,Beomir 1(il)-dong/범일1동
Ulsan/울산,Dong-gu/동구,Beomir 2(i)-dong/범일2동
Ulsan/울산,Dong-gu/동구,Beomir 4(sa)-dong/범일4동
Ulsan/울산,Dong-gu/동구,Beomir 5(o)-dong/범일5동
Ulsan/울산,Dong-gu/동구,Biryong-dong/비룡동
Ulsan/울산,Dong-gu/동구,Bongmu-dong/봉무동
Ulsan/울산,Dong-gu/동구,Bu-dong/부동
Ulsan/울산,Dong-gu/동구,Bullo-dong/불로동
Ulsan/울산,Dong-gu/동구,Bullo-dong/불로동
Ulsan/울산,Dong-gu/동구,Changyeong-dong/창영동
Ulsan/울산,Dong-gu/동구,Cheon-dong/천동
Ulsan/울산,Dong-gu/동구,Choryang 1(il)-dong/초량1동
Ulsan/울산,Dong-gu/동구,Choryang 2(i)-dong/초량2동
Ulsan/울산,Dong-gu/동구,Choryang 3(sam)-dong/초량3동
Ulsan/울산,Dong-gu/동구,Choryang 6(yuk)-dong/초량6동
Ulsan/울산,Dong-gu/동구,Choryang-dong/초량동
Ulsan/울산,Dong-gu/동구,Chu-dong/추동
Ulsan/울산,Dong-gu/동구,Chungjangro 1(il)-ga/충장로1가
Ulsan/울산,Dong-gu/동구,Chungjangro 2(i)-ga/충장로2가
Ulsan/울산,Dong-gu/동구,Chungjangro 3(sam)-ga/충장로3가
Ulsan/울산,Dong-gu/동구,Chungjangro 4(sa)-ga/충장로4가
Ulsan/울산,Dong-gu/동구,Chungjangro 5(o)-ga/충장로5가
Ulsan/울산,Dong-gu/동구,Dae 1(il)-dong/대1동
Ulsan/울산,Dong-gu/동구,Dae 2(i)-dong/대2동
Ulsan/울산,Dong-gu/동구,Daebyeol-dong/대별동
Ulsan/울산,Dong-gu/동구,Dae-dong/대동
Ulsan/울산,Dong-gu/동구,Daein-dong/대인동
Ulsan/울산,Dong-gu/동구,Daejeonucheguksaseoham/대전우체국사서함
Ulsan/울산,Dong-gu/동구,Daerim-dong/대림동
Ulsan/울산,Dong-gu/동구,Daeseong-dong/대성동
Ulsan/울산,Dong-gu/동구,Daesong-dong/대송동
Ulsan/울산,Dong-gu/동구,Daeui-dong/대의동
Ulsan/울산,Dong-gu/동구,Deokgok-dong/덕곡동
Ulsan/울산,Dong-gu/동구,Do-dong/도동
Ulsan/울산,Dong-gu/동구,Dohak-dong/도학동
Ulsan/울산,Dong-gu/동구,Dongbu-dong/동부동
Ulsan/울산,Dong-gu/동구,Dongbusanucheguksaseoham/동부산우체국사서함
Ulsan/울산,Dong-gu/동구,Dongdaeguucheguksaseoham/동대구우체국사서함
Ulsan/울산,Dong-gu/동구,Dongho-dong/동호동
Ulsan/울산,Dong-gu/동구,Dongmyeong-dong/동명동
Ulsan/울산,Dong-gu/동구,Dongnae-dong/동내동
Ulsan/울산,Dong-gu/동구,Dongulsanucheguksaseoham/동울산우체국사서함
Ulsan/울산,Dong-gu/동구,Dunsan-dong/둔산동
Ulsan/울산,Dong-gu/동구,Gaksan-dong/각산동
Ulsan/울산,Dong-gu/동구,Gao-dong/가오동
Ulsan/울산,Dong-gu/동구,Gayang 1(il)-dong/가양1동
Ulsan/울산,Dong-gu/동구,Gayang 2(i)-dong/가양2동
Ulsan/울산,Dong-gu/동구,Gayang-dong/가양동
Ulsan/울산,Dong-gu/동구,Geomsa-dong/검사동
Ulsan/울산,Dong-gu/동구,Geum-dong/금동
Ulsan/울산,Dong-gu/동구,Geumgang-dong/금강동
Ulsan/울산,Dong-gu/동구,Geumgok-dong/금곡동
Ulsan/울산,Dong-gu/동구,Geumnamro 1(il)-ga/금남로1가
Ulsan/울산,Dong-gu/동구,Geumnamro 2(i)-ga/금남로2가
Ulsan/울산,Dong-gu/동구,Geumnamro 3(sam)-ga/금남로3가
Ulsan/울산,Dong-gu/동구,Geumnamro 4(sa)-ga/금남로4가
Ulsan/울산,Dong-gu/동구,Geumnamro 5(o)-ga/금남로5가
Ulsan/울산,Dong-gu/동구,Goejeon-dong/괴전동
Ulsan/울산,Dong-gu/동구,Gudo-dong/구도동
Ulsan/울산,Dong-gu/동구,Gung-dong/궁동
Ulsan/울산,Dong-gu/동구,Gwangjuucheguksaseoham/광주우체국사서함
Ulsan/울산,Dong-gu/동구,Gwangsan-dong/광산동
Ulsan/울산,Dong-gu/동구,Gyerim 1(il)-dong/계림1동
Ulsan/울산,Dong-gu/동구,Gyerim 2(i)-dong/계림2동
Ulsan/울산,Dong-gu/동구,Gyerim-dong/계림동
Ulsan/울산,Dong-gu/동구,Hak-dong/학동
Ulsan/울산,Dong-gu/동구,Haso-dong/하소동
Ulsan/울산,Dong-gu/동구,Honam-dong/호남동
Ulsan/울산,Dong-gu/동구,Hongdo-dong/홍도동
Ulsan/울산,Dong-gu/동구,Hwajeong-dong/화정동
Ulsan/울산,Dong-gu/동구,Hwanggeum-dong/황금동
Ulsan/울산,Dong-gu/동구,Hwapyeong-dong/화평동
Ulsan/울산,Dong-gu/동구,Hwasu 1(il)-dong/화수1동
Ulsan/울산,Dong-gu/동구,Hwasu 2(i)-dong/화수2동
Ulsan/울산,Dong-gu/동구,Hwasu-dong/화수동
Ulsan/울산,Dong-gu/동구,Hyo-dong/효동
Ulsan/울산,Dong-gu/동구,Hyomog 1(il)-dong/효목1동
Ulsan/울산,Dong-gu/동구,Hyomog 2(i)-dong/효목2동
Ulsan/울산,Dong-gu/동구,Hyomok-dong/효목동
Ulsan/울산,Dong-gu/동구,Hyopyeong-dong/효평동
Ulsan/울산,Dong-gu/동구,Ilsan-dong/일산동
Ulsan/울산,Dong-gu/동구,In-dong/인동
Ulsan/울산,Dong-gu/동구,Ipseok-dong/입석동
Ulsan/울산,Dong-gu/동구,Isa-dong/이사동
Ulsan/울산,Dong-gu/동구,Jangcheok-dong/장척동
Ulsan/울산,Dong-gu/동구,Jang-dong/장동
Ulsan/울산,Dong-gu/동구,Jayang-dong/자양동
Ulsan/울산,Dong-gu/동구,Jeong-dong/정동
Ulsan/울산,Dong-gu/동구,Jeonha 1(il)-dong/전하1동
Ulsan/울산,Dong-gu/동구,Jeonha 2(i)-dong/전하2동
Ulsan/울산,Dong-gu/동구,Jeonha-dong/전하동
Ulsan/울산,Dong-gu/동구,Jijeo-dong/지저동
Ulsan/울산,Dong-gu/동구,Jik-dong/직동
Ulsan/울산,Dong-gu/동구,Jimyo-dong/지묘동
Ulsan/울산,Dong-gu/동구,Jinin-dong/진인동
Ulsan/울산,Dong-gu/동구,Jisan 1(il)-dong/지산1동
Ulsan/울산,Dong-gu/동구,Jisan 2(i)-dong/지산2동
Ulsan/울산,Dong-gu/동구,Jisan-dong/지산동
Ulsan/울산,Dong-gu/동구,Juchon-dong/주촌동
Ulsan/울산,Dong-gu/동구,Jujeon-dong/주전동
Ulsan/울산,Dong-gu/동구,Jungdae-dong/중대동
Ulsan/울산,Dong-gu/동구,Jung-dong/중동
Ulsan/울산,Dong-gu/동구,Jusan-dong/주산동
Ulsan/울산,Dong-gu/동구,Jwacheon 1(il)-dong/좌천1동
Ulsan/울산,Dong-gu/동구,Jwacheon 4(sa)-dong/좌천4동
Ulsan/울산,Dong-gu/동구,Jwacheon-dong/좌천동
Ulsan/울산,Dong-gu/동구,Maeyeo-dong/매여동
Ulsan/울산,Dong-gu/동구,Manseok-dong/만석동
Ulsan/울산,Dong-gu/동구,Masan-dong/마산동
Ulsan/울산,Dong-gu/동구,Midae-dong/미대동
Ulsan/울산,Dong-gu/동구,Migok-dong/미곡동
Ulsan/울산,Dong-gu/동구,Nae-dong/내동
Ulsan/울산,Dong-gu/동구,Naegok-dong/내곡동
Ulsan/울산,Dong-gu/동구,Naenam-dong/내남동
Ulsan/울산,Dong-gu/동구,Naetap-dong/내탑동
Ulsan/울산,Dong-gu/동구,Nam-dong/남동
Ulsan/울산,Dong-gu/동구,Nangwol-dong/낭월동
Ulsan/울산,Dong-gu/동구,Neungseong-dong/능성동
Ulsan/울산,Dong-gu/동구,O-dong/오동
Ulsan/울산,Dong-gu/동구,Panam 1(il)-dong/판암1동
Ulsan/울산,Dong-gu/동구,Panam 2(i)-dong/판암2동
Ulsan/울산,Dong-gu/동구,Panam-dong/판암동
Ulsan/울산,Dong-gu/동구,Pyeonggwang-dong/평광동
Ulsan/울산,Dong-gu/동구,Sabok-dong/사복동
Ulsan/울산,Dong-gu/동구,Samgoe-dong/삼괴동
Ulsan/울산,Dong-gu/동구,Samjeong-dong/삼정동
Ulsan/울산,Dong-gu/동구,Samseong-dong/삼성동
Ulsan/울산,Dong-gu/동구,Sangmae-dong/상매동
Ulsan/울산,Dong-gu/동구,Sangso-dong/상소동
Ulsan/울산,Dong-gu/동구,Sansu 1(il)-dong/산수1동
Ulsan/울산,Dong-gu/동구,Sansu 2(i)-dong/산수2동
Ulsan/울산,Dong-gu/동구,Sansu-dong/산수동
Ulsan/울산,Dong-gu/동구,Saseong-dong/사성동
Ulsan/울산,Dong-gu/동구,Secheon-dong/세천동
Ulsan/울산,Dong-gu/동구,Seobu-dong/서부동
Ulsan/울산,Dong-gu/동구,Seoho-dong/서호동
Ulsan/울산,Dong-gu/동구,Seongnam-dong/성남동
Ulsan/울산,Dong-gu/동구,Seongyo-dong/선교동
Ulsan/울산,Dong-gu/동구,Seoseok-dong/서석동
Ulsan/울산,Dong-gu/동구,Sinam 1(il)-dong/신암1동
Ulsan/울산,Dong-gu/동구,Sinam 2(i)-dong/신암2동
Ulsan/울산,Dong-gu/동구,Sinam 3(sam)-dong/신암3동
Ulsan/울산,Dong-gu/동구,Sinam 4(sa)-dong/신암4동
Ulsan/울산,Dong-gu/동구,Sinam 5(o)-dong/신암5동
Ulsan/울산,Dong-gu/동구,Sinam-dong/신암동
Ulsan/울산,Dong-gu/동구,Sinan-dong/신안동
Ulsan/울산,Dong-gu/동구,Sincheon 2(i)-dong/신천1.2동
Ulsan/울산,Dong-gu/동구,Sincheon 3(sam)-dong/신천3동
Ulsan/울산,Dong-gu/동구,Sincheon 4(sa)-dong/신천4동
Ulsan/울산,Dong-gu/동구,Sincheon-dong/신천동
Ulsan/울산,Dong-gu/동구,Sinchon-dong/신촌동
Ulsan/울산,Dong-gu/동구,Singi-dong/신기동
Ulsan/울산,Dong-gu/동구,Sinha-dong/신하동
Ulsan/울산,Dong-gu/동구,Sinheung-dong/신흥동
Ulsan/울산,Dong-gu/동구,Sinmu-dong/신무동
Ulsan/울산,Dong-gu/동구,Sinpyeong-dong/신평동
Ulsan/울산,Dong-gu/동구,Sinsang-dong/신상동
Ulsan/울산,Dong-gu/동구,Sinseo-dong/신서동
Ulsan/울산,Dong-gu/동구,Sinyong-dong/신용동
Ulsan/울산,Dong-gu/동구,Soho-dong/소호동
Ulsan/울산,Dong-gu/동구,Soje-dong/소제동
Ulsan/울산,Dong-gu/동구,Songhyeon 1(il)-dong/송현1동
Ulsan/울산,Dong-gu/동구,Songhyeon 2(i)-dong/송현2동
Ulsan/울산,Dong-gu/동구,Songhyeon 3(sam)-dong/송현3동
Ulsan/울산,Dong-gu/동구,Songhyeon-dong/송현동
Ulsan/울산,Dong-gu/동구,Songjeong-dong/송정동
Ulsan/울산,Dong-gu/동구,Songrim 1(il)-dong/송림1동
Ulsan/울산,Dong-gu/동구,Songrim 2(i)-dong/송림2동
Ulsan/울산,Dong-gu/동구,Songrim 3(sam)-dong/송림3동
Ulsan/울산,Dong-gu/동구,Songrim 4(sa)-dong/송림4동
Ulsan/울산,Dong-gu/동구,Songrim 5(o)-dong/송림5동
Ulsan/울산,Dong-gu/동구,Songrim 6(yuk)-dong/송림6동
Ulsan/울산,Dong-gu/동구,Songrim-dong/송림동
Ulsan/울산,Dong-gu/동구,Sotae-dong/소태동
Ulsan/울산,Dong-gu/동구,Sugi-dong/수기동
Ulsan/울산,Dong-gu/동구,Sujeong 1(il)-dong/수정1동
Ulsan/울산,Dong-gu/동구,Sujeong 2(i)-dong/수정2동
Ulsan/울산,Dong-gu/동구,Sujeong 4(sa)-dong/수정4동
Ulsan/울산,Dong-gu/동구,Sujeong 5(o)-dong/수정5동
Ulsan/울산,Dong-gu/동구,Sujeong-dong/수정동
Ulsan/울산,Dong-gu/동구,Sukcheon-dong/숙천동
Ulsan/울산,Dong-gu/동구,Unrim-dong/운림동
Ulsan/울산,Dong-gu/동구,Wolnam-dong/월남동
Ulsan/울산,Dong-gu/동구,Won-dong/원동
Ulsan/울산,Dong-gu/동구,Yonggye-dong/용계동
Ulsan/울산,Dong-gu/동구,Yonggye-dong/용계동
Ulsan/울산,Dong-gu/동구,Yongjeon-dong/용전동
Ulsan/울산,Dong-gu/동구,Yongsan-dong/용산동
Ulsan/울산,Dong-gu/동구,Yongsu-dong/용수동
Ulsan/울산,Dong-gu/동구,Yongun-dong/용운동
Ulsan/울산,Dong-gu/동구,Yongyeon-dong/용연동
Ulsan/울산,Dong-gu/동구,Yulha-dong/율하동
Ulsan/울산,Dong-gu/동구,Yuram-dong/율암동
Ulsan/울산,Jung-gu/중구,Anyeong-dong/안영동
Ulsan/울산,Jung-gu/중구,Bangsan-dong/방산동
Ulsan/울산,Jung-gu/중구,Bangu 1(il)-dong/반구1동
Ulsan/울산,Jung-gu/중구,Bangu 2(i)-dong/반구2동
Ulsan/울산,Jung-gu/중구,Bangu-dong/반구동
Ulsan/울산,Jung-gu/중구,Boksan 1(il)-dong/복산1동
Ulsan/울산,Jung-gu/중구,Boksan 2(i)-dong/복산2동
Ulsan/울산,Jung-gu/중구,Boksan-dong/복산동
Ulsan/울산,Jung-gu/중구,Bongraedong 1(il)-ga/봉래동1가
Ulsan/울산,Jung-gu/중구,Bongraedong 2(i)-ga/봉래동2가
Ulsan/울산,Jung-gu/중구,Bongsan-dong/봉산동
Ulsan/울산,Jung-gu/중구,Bosudong 1(il)-ga/보수동1가
Ulsan/울산,Jung-gu/중구,Bosudong 2(i)-ga/보수동2가
Ulsan/울산,Jung-gu/중구,Bosudong 3(sam)-ga/보수동3가
Ulsan/울산,Jung-gu/중구,Bosu-dong/보수동
Ulsan/울산,Jung-gu/중구,Bukchang-dong/북창동
Ulsan/울산,Jung-gu/중구,Bukjeong-dong/북정동
Ulsan/울산,Jung-gu/중구,Buknae-dong/북내동
Ulsan/울산,Jung-gu/중구,Bukseongdong 1(il)-ga/북성동1가
Ulsan/울산,Jung-gu/중구,Bukseongdong 2(i)-ga/북성동2가
Ulsan/울산,Jung-gu/중구,Bukseongdong 3(sam)-ga/북성동3가
Ulsan/울산,Jung-gu/중구,Bukseongro 1(il)-ga/북성로1가
Ulsan/울산,Jung-gu/중구,Bukseongro 2(i)-ga/북성로2가
Ulsan/울산,Jung-gu/중구,Bupyeongdong 1(il)-ga/부평동1가
Ulsan/울산,Jung-gu/중구,Bupyeongdong 2(i)-ga/부평동2가
Ulsan/울산,Jung-gu/중구,Bupyeongdong 3(sam)-ga/부평동3가
Ulsan/울산,Jung-gu/중구,Bupyeongdong 4(sa)-ga/부평동4가
Ulsan/울산,Jung-gu/중구,Bupyeong-dong/부평동
Ulsan/울산,Jung-gu/중구,Busa-dong/부사동
Ulsan/울산,Jung-gu/중구,Busanucheguksaseoham/부산우체국사서함
Ulsan/울산,Jung-gu/중구,Changseondong 1(il)-ga/창선동1가
Ulsan/울산,Jung-gu/중구,Changseondong 2(i)-ga/창선동2가
Ulsan/울산,Jung-gu/중구,Changseon-dong/창선동
Ulsan/울산,Jung-gu/중구,Chimsan-dong/침산동
Ulsan/울산,Jung-gu/중구,Cho-dong/초동
Ulsan/울산,Jung-gu/중구,Chungjeongro 1(il)-ga/충정로1가
Ulsan/울산,Jung-gu/중구,Chungmuro 1(il)-ga/충무로1가
Ulsan/울산,Jung-gu/중구,Chungmuro 2(i)-ga/충무로2가
Ulsan/울산,Jung-gu/중구,Chungmuro 3(sam)-ga/충무로3가
Ulsan/울산,Jung-gu/중구,Chungmuro 4(sa)-ga/충무로4가
Ulsan/울산,Jung-gu/중구,Chungmuro 5(o)-ga/충무로5가
Ulsan/울산,Jung-gu/중구,Da-dong/다동
Ulsan/울산,Jung-gu/중구,Daean-dong/대안동
Ulsan/울산,Jung-gu/중구,Daebong 1(il)-dong/대봉1동
Ulsan/울산,Jung-gu/중구,Daebong 2(i)-dong/대봉2동
Ulsan/울산,Jung-gu/중구,Daebong-dong/대봉동
Ulsan/울산,Jung-gu/중구,Daechangdong 1(il)-ga/대창동1가
Ulsan/울산,Jung-gu/중구,Daechangdong 2(i)-ga/대창동2가
Ulsan/울산,Jung-gu/중구,Daechang-dong/대창동
Ulsan/울산,Jung-gu/중구,Daecheongdong 1(il)-ga/대청동1가
Ulsan/울산,Jung-gu/중구,Daecheongdong 2(i)-ga/대청동2가
Ulsan/울산,Jung-gu/중구,Daecheongdong 3(sam)-ga/대청동3가
Ulsan/울산,Jung-gu/중구,Daecheongdong 4(sa)-ga/대청동4가
Ulsan/울산,Jung-gu/중구,Daecheong-dong/대청동
Ulsan/울산,Jung-gu/중구,Daeguucheguksaseoham/대구우체국사서함
Ulsan/울산,Jung-gu/중구,Daeheung-dong/대흥동
Ulsan/울산,Jung-gu/중구,Daesa-dong/대사동
Ulsan/울산,Jung-gu/중구,Daesin-dong/대신동
Ulsan/울산,Jung-gu/중구,Dalseong-dong/달성동
Ulsan/울산,Jung-gu/중구,Dap-dong/답동
Ulsan/울산,Jung-gu/중구,Daun-dong/다운동
Ulsan/울산,Jung-gu/중구,Deokgyo-dong/덕교동
Ulsan/울산,Jung-gu/중구,Deoksan-dong/덕산동
Ulsan/울산,Jung-gu/중구,Dong-dong/동동
Ulsan/울산,Jung-gu/중구,Donggwangdong 1(il)-ga/동광동1가
Ulsan/울산,Jung-gu/중구,Donggwangdong 2(i)-ga/동광동2가
Ulsan/울산,Jung-gu/중구,Donggwangdong 3(sam)-ga/동광동3가
Ulsan/울산,Jung-gu/중구,Donggwangdong 4(sa)-ga/동광동4가
Ulsan/울산,Jung-gu/중구,Donggwangdong 5(o)-ga/동광동5가
Ulsan/울산,Jung-gu/중구,Donggwang-dong/동광동
Ulsan/울산,Jung-gu/중구,Dongil-dong/동일동
Ulsan/울산,Jung-gu/중구,Dongindong 1(il)-ga/동인동1가
Ulsan/울산,Jung-gu/중구,Dongindong 2(i)-ga/동인동2가
Ulsan/울산,Jung-gu/중구,Dongindong 3(sam)-ga/동인동3가
Ulsan/울산,Jung-gu/중구,Dongindong 4(sa)-ga/동인동4가
Ulsan/울산,Jung-gu/중구,Dongmun-dong/동문동
Ulsan/울산,Jung-gu/중구,Dongsan-dong/동산동
Ulsan/울산,Jung-gu/중구,Dongseongro 1(il)-ga/동성로1가
Ulsan/울산,Jung-gu/중구,Dongseongro 2(i)-ga/동성로2가
Ulsan/울산,Jung-gu/중구,Dongseongro 3(sam)-ga/동성로3가
Ulsan/울산,Jung-gu/중구,Dowon-dong/도원동
Ulsan/울산,Jung-gu/중구,Dowon-dong/도원동
Ulsan/울산,Jung-gu/중구,Eonam-dong/어남동
Ulsan/울산,Jung-gu/중구,Euljiro 1(il)-ga/을지로1가
Ulsan/울산,Jung-gu/중구,Euljiro 2(i)-ga/을지로2가
Ulsan/울산,Jung-gu/중구,Euljiro 3(sam)-ga/을지로3가
Ulsan/울산,Jung-gu/중구,Euljiro 4(sa)-ga/을지로4가
Ulsan/울산,Jung-gu/중구,Euljiro 5(o)-ga/을지로5가
Ulsan/울산,Jung-gu/중구,Euljiro 6(yuk)-ga/을지로6가
Ulsan/울산,Jung-gu/중구,Euljiro 7(chil)-ga/을지로7가
Ulsan/울산,Jung-gu/중구,Eunhaeng-dong/은행동
Ulsan/울산,Jung-gu/중구,Eurwang-dong/을왕동
Ulsan/울산,Jung-gu/중구,Geum-dong/금동
Ulsan/울산,Jung-gu/중구,Gongpyeong-dong/공평동
Ulsan/울산,Jung-gu/중구,Guwan-dong/구완동
Ulsan/울산,Jung-gu/중구,Gwandong 1(il)-ga/관동1가
Ulsan/울산,Jung-gu/중구,Gwandong 2(i)-ga/관동2가
Ulsan/울산,Jung-gu/중구,Gwandong 3(sam)-ga/관동3가
Ulsan/울산,Jung-gu/중구,Gwangbokdong 1(il)-ga/광복동1가
Ulsan/울산,Jung-gu/중구,Gwangbokdong 2(i)-ga/광복동2가
Ulsan/울산,Jung-gu/중구,Gwangbokdong 3(sam)-ga/광복동3가
Ulsan/울산,Jung-gu/중구,Gwangbok-dong/광복동
Ulsan/울산,Jung-gu/중구,Gwanghuidong 1(il)-ga/광희동1가
Ulsan/울산,Jung-gu/중구,Gwanghuidong 2(i)-ga/광희동2가
Ulsan/울산,Jung-gu/중구,Gyeong-dong/경동
Ulsan/울산,Jung-gu/중구,Gyesandong 1(il)-ga/계산동1가
Ulsan/울산,Jung-gu/중구,Gyesandong 2(i)-ga/계산동2가
Ulsan/울산,Jung-gu/중구,Gyo-dong/교동
Ulsan/울산,Jung-gu/중구,Gyo-dong/교동
Ulsan/울산,Jung-gu/중구,Haeandong 1(il)-ga/해안동1가
Ulsan/울산,Jung-gu/중구,Haeandong 2(i)-ga/해안동2가
Ulsan/울산,Jung-gu/중구,Haeandong 3(sam)-ga/해안동3가
Ulsan/울산,Jung-gu/중구,Haeandong 4(sa)-ga/해안동4가
Ulsan/울산,Jung-gu/중구,Haksan-dong/학산동
Ulsan/울산,Jung-gu/중구,Hakseong-dong/학성동
Ulsan/울산,Jung-gu/중구,Hangdong 1(il)-ga/항동1가
Ulsan/울산,Jung-gu/중구,Hangdong 2(i)-ga/항동2가
Ulsan/울산,Jung-gu/중구,Hangdong 3(sam)-ga/항동3가
Ulsan/울산,Jung-gu/중구,Hangdong 4(sa)-ga/항동4가
Ulsan/울산,Jung-gu/중구,Hangdong 5(o)-ga/항동5가
Ulsan/울산,Jung-gu/중구,Hangdong 6(yuk)-ga/항동6가
Ulsan/울산,Jung-gu/중구,Hangdong 7(chil)-ga/항동7가
Ulsan/울산,Jung-gu/중구,Haseo-dong/하서동
Ulsan/울산,Jung-gu/중구,Heungin-dong/흥인동
Ulsan/울산,Jung-gu/중구,Ho-dong/호동
Ulsan/울산,Jung-gu/중구,Hoehyeondong 1(il)-ga/회현동1가
Ulsan/울산,Jung-gu/중구,Hoehyeondong 2(i)-ga/회현동2가
Ulsan/울산,Jung-gu/중구,Hoehyeondong 3(sam)-ga/회현동3가
Ulsan/울산,Jung-gu/중구,Hwajeon-dong/화전동
Ulsan/울산,Jung-gu/중구,Hwanghak-dong/황학동
Ulsan/울산,Jung-gu/중구,Hyangchon-dong/향촌동
Ulsan/울산,Jung-gu/중구,Incheongonghangucheguksaseoham/인천공항우체국사서함
Ulsan/울산,Jung-gu/중구,Ingyo-dong/인교동
Ulsan/울산,Jung-gu/중구,Inhyeondong 1(il)-ga/인현동1가
Ulsan/울산,Jung-gu/중구,Inhyeondong 2(i)-ga/인현동2가
Ulsan/울산,Jung-gu/중구,Inhyeon-dong/인현동
Ulsan/울산,Jung-gu/중구,Ipjeong-dong/입정동
Ulsan/울산,Jung-gu/중구,Jangchungdong 1(il)-ga/장충동1가
Ulsan/울산,Jung-gu/중구,Jangchungdong 2(i)-ga/장충동2가
Ulsan/울산,Jung-gu/중구,Janggwan-dong/장관동
Ulsan/울산,Jung-gu/중구,Janggyo-dong/장교동
Ulsan/울산,Jung-gu/중구,Janghyeon-dong/장현동
Ulsan/울산,Jung-gu/중구,Jeodong 1(il)-ga/저동1가
Ulsan/울산,Jung-gu/중구,Jeodong 2(i)-ga/저동2가
Ulsan/울산,Jung-gu/중구,Jeon-dong/전동
Ulsan/울산,Jung-gu/중구,Jeon-dong/전동
Ulsan/울산,Jung-gu/중구,Jeong-dong/정동
Ulsan/울산,Jung-gu/중구,Jeongsaeng-dong/정생동
Ulsan/울산,Jung-gu/중구,Jongro 1(il)-ga/종로1가
Ulsan/울산,Jung-gu/중구,Jongro 2(i)-ga/종로2가
Ulsan/울산,Jung-gu/중구,Jugyo-dong/주교동
Ulsan/울산,Jung-gu/중구,Juja-dong/주자동
Ulsan/울산,Jung-gu/중구,Jungangdong 1(il)-ga/중앙동1가
Ulsan/울산,Jung-gu/중구,Jungangdong 1(il)-ga/중앙동1가
Ulsan/울산,Jung-gu/중구,Jungangdong 2(i)-ga/중앙동2가
Ulsan/울산,Jung-gu/중구,Jungangdong 2(i)-ga/중앙동2가
Ulsan/울산,Jung-gu/중구,Jungangdong 3(sam)-ga/중앙동3가
Ulsan/울산,Jung-gu/중구,Jungangdong 3(sam)-ga/중앙동3가
Ulsan/울산,Jung-gu/중구,Jungangdong 4(sa)-ga/중앙동4가
Ulsan/울산,Jung-gu/중구,Jungangdong 4(sa)-ga/중앙동4가
Ulsan/울산,Jung-gu/중구,Jungangdong 5(o)-ga/중앙동5가
Ulsan/울산,Jung-gu/중구,Jungangdong 6(yuk)-ga/중앙동6가
Ulsan/울산,Jung-gu/중구,Jungangdong 7(chil)-ga/중앙동7가
Ulsan/울산,Jung-gu/중구,Jungang-dong/중앙동
Ulsan/울산,Jung-gu/중구,Jungangucheguksaseoham/중앙우체국사서함
Ulsan/울산,Jung-gu/중구,Jungchon-dong/중촌동
Ulsan/울산,Jung-gu/중구,Jungrim-dong/중림동
Ulsan/울산,Jung-gu/중구,Jungsan-dong/중산동
Ulsan/울산,Jung-gu/중구,Manridong 1(il)-ga/만리동1가
Ulsan/울산,Jung-gu/중구,Manridong 2(i)-ga/만리동2가
Ulsan/울산,Jung-gu/중구,Mokdal-dong/목달동
Ulsan/울산,Jung-gu/중구,Mok-dong/목동
Ulsan/울산,Jung-gu/중구,Mugyo-dong/무교동
Ulsan/울산,Jung-gu/중구,Muhak-dong/무학동
Ulsan/울산,Jung-gu/중구,Mukjeong-dong/묵정동
Ulsan/울산,Jung-gu/중구,Munchang-dong/문창동
Ulsan/울산,Jung-gu/중구,Munhwa 1(il)-dong/문화1동
Ulsan/울산,Jung-gu/중구,Munhwa 2(i)-dong/문화2동
Ulsan/울산,Jung-gu/중구,Munhwa-dong/문화동
Ulsan/울산,Jung-gu/중구,Munhwa-dong/문화동
Ulsan/울산,Jung-gu/중구,Musu-dong/무수동
Ulsan/울산,Jung-gu/중구,Muui-dong/무의동
Ulsan/울산,Jung-gu/중구,Myeongdong 1(il)-ga/명동1가
Ulsan/울산,Jung-gu/중구,Myeongdong 2(i)-ga/명동2가
Ulsan/울산,Jung-gu/중구,Nae-dong/내동
Ulsan/울산,Jung-gu/중구,Nambuk-dong/남북동
Ulsan/울산,Jung-gu/중구,Namchang-dong/남창동
Ulsan/울산,Jung-gu/중구,Namdaemunro 1(il)-ga/남대문로1가
Ulsan/울산,Jung-gu/중구,Namdaemunro 2(i)-ga/남대문로2가
Ulsan/울산,Jung-gu/중구,Namdaemunro 3(sam)-ga/남대문로3가
Ulsan/울산,Jung-gu/중구,Namdaemunro 4(sa)-ga/남대문로4가
Ulsan/울산,Jung-gu/중구,Namdaemunro 5(o)-ga/남대문로5가
Ulsan/울산,Jung-gu/중구,Namhak-dong/남학동
Ulsan/울산,Jung-gu/중구,Namil-dong/남일동
Ulsan/울산,Jung-gu/중구,Namoe-dong/남외동
Ulsan/울산,Jung-gu/중구,Nampodong 1(il)-ga/남포동1가
Ulsan/울산,Jung-gu/중구,Nampodong 2(i)-ga/남포동2가
Ulsan/울산,Jung-gu/중구,Nampodong 3(sam)-ga/남포동3가
Ulsan/울산,Jung-gu/중구,Nampodong 4(sa)-ga/남포동4가
Ulsan/울산,Jung-gu/중구,Nampodong 5(o)-ga/남포동5가
Ulsan/울산,Jung-gu/중구,Nampodong 6(yuk)-ga/남포동6가
Ulsan/울산,Jung-gu/중구,Nampo-dong/남포동
Ulsan/울산,Jung-gu/중구,Namsan 1(il)-dong/남산1동
Ulsan/울산,Jung-gu/중구,Namsan 2(i)-dong/남산2동
Ulsan/울산,Jung-gu/중구,Namsan 3(sam)-dong/남산3동
Ulsan/울산,Jung-gu/중구,Namsan 4(sa)-dong/남산4동
Ulsan/울산,Jung-gu/중구,Namsandong 1(il)-ga/남산동1가
Ulsan/울산,Jung-gu/중구,Namsandong 2(i)-ga/남산동2가
Ulsan/울산,Jung-gu/중구,Namsandong 3(sam)-ga/남산동3가
Ulsan/울산,Jung-gu/중구,Namsan-dong/남산동
Ulsan/울산,Jung-gu/중구,Namseongno/남성로
Ulsan/울산,Jung-gu/중구,Ojang-dong/오장동
Ulsan/울산,Jung-gu/중구,Okgye-dong/옥계동
Ulsan/울산,Jung-gu/중구,Okgyo-dong/옥교동
Ulsan/울산,Jung-gu/중구,Oryu-dong/오류동
Ulsan/울산,Jung-gu/중구,Pildong 1(il)-ga/필동1가
Ulsan/울산,Jung-gu/중구,Pildong 2(i)-ga/필동2가
Ulsan/울산,Jung-gu/중구,Pildong 3(sam)-ga/필동3가
Ulsan/울산,Jung-gu/중구,Pojeong-dong/포정동
Ulsan/울산,Jung-gu/중구,Sa-dong/사동
Ulsan/울산,Jung-gu/중구,Sail-dong/사일동
Ulsan/울산,Jung-gu/중구,Sajeong-dong/사정동
Ulsan/울산,Jung-gu/중구,Samdeokdong 1(il)-ga/삼덕동1가
Ulsan/울산,Jung-gu/중구,Samdeokdong 2(i)-ga/삼덕동2가
Ulsan/울산,Jung-gu/중구,Samdeokdong 3(sam)-ga/삼덕동3가
Ulsan/울산,Jung-gu/중구,Samgak-dong/삼각동
Ulsan/울산,Jung-gu/중구,Sangdeok-dong/상덕동
Ulsan/울산,Jung-gu/중구,Sangseo-dong/상서동
Ulsan/울산,Jung-gu/중구,Sanrim-dong/산림동
Ulsan/울산,Jung-gu/중구,Sanseong-dong/산성동
Ulsan/울산,Jung-gu/중구,Seodaejeonucheguksaseoham/서대전우체국사서함
Ulsan/울산,Jung-gu/중구,Seo-dong/서동
Ulsan/울산,Jung-gu/중구,Seokgyo-dong/석교동
Ulsan/울산,Jung-gu/중구,Seomunro 1(il)-ga/서문로1가
Ulsan/울산,Jung-gu/중구,Seomunro 2(i)-ga/서문로2가
Ulsan/울산,Jung-gu/중구,Seonae-dong/서내동
Ulsan/울산,Jung-gu/중구,Seongan-dong/성안동
Ulsan/울산,Jung-gu/중구,Seongnam-dong/성남동
Ulsan/울산,Jung-gu/중구,Seonhwa-dong/선화동
Ulsan/울산,Jung-gu/중구,Seonhwa-dong/선화동
Ulsan/울산,Jung-gu/중구,Seonrin-dong/선린동
Ulsan/울산,Jung-gu/중구,Seoseongro 1(il)-ga/서성로1가
Ulsan/울산,Jung-gu/중구,Seoseongro 2(i)-ga/서성로2가
Ulsan/울산,Jung-gu/중구,Seosomun-dong/서소문동
Ulsan/울산,Jung-gu/중구,Seoya-dong/서야동
Ulsan/울산,Jung-gu/중구,Sijangbugno/시장북로
Ulsan/울산,Jung-gu/중구,Sinchangdong 1(il)-ga/신창동1가
Ulsan/울산,Jung-gu/중구,Sinchangdong 2(i)-ga/신창동2가
Ulsan/울산,Jung-gu/중구,Sinchangdong 3(sam)-ga/신창동3가
Ulsan/울산,Jung-gu/중구,Sinchangdong 4(sa)-ga/신창동4가
Ulsan/울산,Jung-gu/중구,Sinchang-dong/신창동
Ulsan/울산,Jung-gu/중구,Sindang 1(il)-dong/신당1동
Ulsan/울산,Jung-gu/중구,Sindang 2(i)-dong/신당2동
Ulsan/울산,Jung-gu/중구,Sindang 3(sam)-dong/신당3동
Ulsan/울산,Jung-gu/중구,Sindang 4(sa)-dong/신당4동
Ulsan/울산,Jung-gu/중구,Sindang 5(o)-dong/신당5동
Ulsan/울산,Jung-gu/중구,Sindang 6(yuk)-dong/신당6동
Ulsan/울산,Jung-gu/중구,Sindang-dong/신당동
Ulsan/울산,Jung-gu/중구,Sinheungdong 1(il)-ga/신흥동1가
Ulsan/울산,Jung-gu/중구,Sinheungdong 2(i)-ga/신흥동2가
Ulsan/울산,Jung-gu/중구,Sinheungdong 3(sam)-ga/신흥동3가
Ulsan/울산,Jung-gu/중구,Sinpo-dong/신포동
Ulsan/울산,Jung-gu/중구,Sinsaeng-dong/신생동
Ulsan/울산,Jung-gu/중구,Sogong-dong/소공동
Ulsan/울산,Jung-gu/중구,Songhakdong 1(il)-ga/송학동1가
Ulsan/울산,Jung-gu/중구,Songhakdong 2(i)-ga/송학동2가
Ulsan/울산,Jung-gu/중구,Songhakdong 3(sam)-ga/송학동3가
Ulsan/울산,Jung-gu/중구,Songwoldong 1(il)-ga/송월동1가
Ulsan/울산,Jung-gu/중구,Songwoldong 2(i)-ga/송월동2가
Ulsan/울산,Jung-gu/중구,Songwoldong 3(sam)-ga/송월동3가
Ulsan/울산,Jung-gu/중구,Ssangrim-dong/쌍림동
Ulsan/울산,Jung-gu/중구,Suchang-dong/수창동
Ulsan/울산,Jung-gu/중구,Su-dong/수동
Ulsan/울산,Jung-gu/중구,Suha-dong/수하동
Ulsan/울산,Jung-gu/중구,Sunhwa-dong/순화동
Ulsan/울산,Jung-gu/중구,Supyo-dong/수표동
Ulsan/울산,Jung-gu/중구,Taehwa-dong/태화동
Ulsan/울산,Jung-gu/중구,Taepyeong 1(il)-dong/태평1동
Ulsan/울산,Jung-gu/중구,Taepyeong 2(i)-dong/태평2동
Ulsan/울산,Jung-gu/중구,Taepyeong-dong/태평동
Ulsan/울산,Jung-gu/중구,Taepyeongro 1(il)-ga/태평로1가
Ulsan/울산,Jung-gu/중구,Taepyeongro 1(il)-ga/태평로1가
Ulsan/울산,Jung-gu/중구,Taepyeongro 2(i)-ga/태평로2가
Ulsan/울산,Jung-gu/중구,Taepyeongro 2(i)-ga/태평로2가
Ulsan/울산,Jung-gu/중구,Taepyeongro 3(sam)-ga/태평로3가
Ulsan/울산,Jung-gu/중구,Uijuro 1(il)-ga/의주로1가
Ulsan/울산,Jung-gu/중구,Uijuro 2(i)-ga/의주로2가
Ulsan/울산,Jung-gu/중구,Ujeong-dong/우정동
Ulsan/울산,Jung-gu/중구,Ulsanucheguksaseoham/울산우체국사서함
Ulsan/울산,Jung-gu/중구,Unbuk-dong/운북동
Ulsan/울산,Jung-gu/중구,Unnam-dong/운남동
Ulsan/울산,Jung-gu/중구,Unseo-dong/운서동
Ulsan/울산,Jung-gu/중구,Wanjeon-dong/완전동
Ulsan/울산,Jung-gu/중구,Yaksa-dong/약사동
Ulsan/울산,Jung-gu/중구,Yegwan-dong/예관동
Ulsan/울산,Jung-gu/중구,Yejang-dong/예장동
Ulsan/울산,Jung-gu/중구,Yeongju 1(il)-dong/영주1동
Ulsan/울산,Jung-gu/중구,Yeongju 2(i)-dong/영주2동
Ulsan/울산,Jung-gu/중구,Yeongju-dong/영주동
Ulsan/울산,Jung-gu/중구,Yongdeok-dong/용덕동
Ulsan/울산,Jung-gu/중구,Yong-dong/용동
Ulsan/울산,Jung-gu/중구,Yongdu-dong/용두동
Ulsan/울산,Jung-gu/중구,Yucheon 1(il)-dong/유천1동
Ulsan/울산,Jung-gu/중구,Yucheon 2(i)-dong/유천2동
Ulsan/울산,Jung-gu/중구,Yucheon-dong/유천동
Ulsan/울산,Jung-gu/중구,Yu-dong/유동
Ulsan/울산,Jung-gu/중구,Yugok-dong/유곡동
Ulsan/울산,Jung-gu/중구,Yulmok-dong/율목동
Ulsan/울산,Nam-gu/남구,Apchon-dong/압촌동
Ulsan/울산,Nam-gu/남구,Baegun 1(il)-dong/백운1동
Ulsan/울산,Nam-gu/남구,Baegun 2(i)-dong/백운2동
Ulsan/울산,Nam-gu/남구,Baegun-dong/백운동
Ulsan/울산,Nam-gu/남구,Bangrim 1(il)-dong/방림1동
Ulsan/울산,Nam-gu/남구,Bangrim 2(i)-dong/방림2동
Ulsan/울산,Nam-gu/남구,Bangrim-dong/방림동
Ulsan/울산,Nam-gu/남구,Bongdeog 1(il)-dong/봉덕1동
Ulsan/울산,Nam-gu/남구,Bongdeog 2(i)-dong/봉덕2동
Ulsan/울산,Nam-gu/남구,Bongdeog 3(sam)-dong/봉덕3동
Ulsan/울산,Nam-gu/남구,Bongdeok-dong/봉덕동
Ulsan/울산,Nam-gu/남구,Bongseon 1(il)-dong/봉선1동
Ulsan/울산,Nam-gu/남구,Bongseon 2(i)-dong/봉선2동
Ulsan/울산,Nam-gu/남구,Bongseon-dong/봉선동
Ulsan/울산,Nam-gu/남구,Bugok-dong/부곡동
Ulsan/울산,Nam-gu/남구,Chilseok-dong/칠석동
Ulsan/울산,Nam-gu/남구,Daeji-dong/대지동
Ulsan/울산,Nam-gu/남구,Daemyeong 1(il)-dong/대명1동
Ulsan/울산,Nam-gu/남구,Daemyeong 10(sip)-dong/대명10동
Ulsan/울산,Nam-gu/남구,Daemyeong 11(sibil)-dong/대명11동
Ulsan/울산,Nam-gu/남구,Daemyeong 2(i)-dong/대명2동
Ulsan/울산,Nam-gu/남구,Daemyeong 3(sam)-dong/대명3동
Ulsan/울산,Nam-gu/남구,Daemyeong 4(sa)-dong/대명4동
Ulsan/울산,Nam-gu/남구,Daemyeong 5(o)-dong/대명5동
Ulsan/울산,Nam-gu/남구,Daemyeong 6(yuk)-dong/대명6동
Ulsan/울산,Nam-gu/남구,Daemyeong 9(gu)-dong/대명9동
Ulsan/울산,Nam-gu/남구,Daemyeong-dong/대명동
Ulsan/울산,Nam-gu/남구,Daeyeon 1(il)-dong/대연1동
Ulsan/울산,Nam-gu/남구,Daeyeon 2(i)-dong/대연2동
Ulsan/울산,Nam-gu/남구,Daeyeon 3(sam)-dong/대연3동
Ulsan/울산,Nam-gu/남구,Daeyeon 4(sa)-dong/대연4동
Ulsan/울산,Nam-gu/남구,Daeyeon 5(o)-dong/대연5동
Ulsan/울산,Nam-gu/남구,Daeyeon 6(yuk)-dong/대연6동
Ulsan/울산,Nam-gu/남구,Daeyeon-dong/대연동
Ulsan/울산,Nam-gu/남구,Dal-dong/달동
Ulsan/울산,Nam-gu/남구,Deoknam-dong/덕남동
Ulsan/울산,Nam-gu/남구,Dogeum-dong/도금동
Ulsan/울산,Nam-gu/남구,Dohwa 1(il)-dong/도화1동
Ulsan/울산,Nam-gu/남구,Dohwa 2(i)-dong/도화2동
Ulsan/울산,Nam-gu/남구,Dohwa 3(sam)-dong/도화3동
Ulsan/울산,Nam-gu/남구,Dohwa-dong/도화동
Ulsan/울산,Nam-gu/남구,Duwang-dong/두왕동
Ulsan/울산,Nam-gu/남구,Gaeun-dong/개운동
Ulsan/울산,Nam-gu/남구,Gamman 1(il)-dong/감만1동
Ulsan/울산,Nam-gu/남구,Gamman 2(i)-dong/감만2동
Ulsan/울산,Nam-gu/남구,Gamman-dong/감만동
Ulsan/울산,Nam-gu/남구,Gosa-dong/고사동
Ulsan/울산,Nam-gu/남구,Gu-dong/구동
Ulsan/울산,Nam-gu/남구,Guso-dong/구소동
Ulsan/울산,Nam-gu/남구,Gwangyo-dong/관교동
Ulsan/울산,Nam-gu/남구,Haengam-dong/행암동
Ulsan/울산,Nam-gu/남구,Hagig 1(il)-dong/학익1동
Ulsan/울산,Nam-gu/남구,Hagig 2(i)-dong/학익2동
Ulsan/울산,Nam-gu/남구,Hagik-dong/학익동
Ulsan/울산,Nam-gu/남구,Hwajang-dong/화장동
Ulsan/울산,Nam-gu/남구,Hwangseong-dong/황성동
Ulsan/울산,Nam-gu/남구,Icheon-dong/이천동
Ulsan/울산,Nam-gu/남구,Ijang-dong/이장동
Ulsan/울산,Nam-gu/남구,Imam-dong/임암동
Ulsan/울산,Nam-gu/남구,Jangsaengpo-dong/장생포동
Ulsan/울산,Nam-gu/남구,Jinwol-dong/진월동
Ulsan/울산,Nam-gu/남구,Jiseok-dong/지석동
Ulsan/울산,Nam-gu/남구,Juan 1(il)-dong/주안1동
Ulsan/울산,Nam-gu/남구,Juan 2(i)-dong/주안2동
Ulsan/울산,Nam-gu/남구,Juan 3(sam)-dong/주안3동
Ulsan/울산,Nam-gu/남구,Juan 4(sa)-dong/주안4동
Ulsan/울산,Nam-gu/남구,Juan 5(o)-dong/주안5동
Ulsan/울산,Nam-gu/남구,Juan 6(yuk)-dong/주안6동
Ulsan/울산,Nam-gu/남구,Juan 7(chil)-dong/주안7동
Ulsan/울산,Nam-gu/남구,Juan 8(pal)-dong/주안8동
Ulsan/울산,Nam-gu/남구,Juan-dong/주안동
Ulsan/울산,Nam-gu/남구,Juwol-dong/주월동
Ulsan/울산,Nam-gu/남구,Juwor 1(il)-dong/주월1동
Ulsan/울산,Nam-gu/남구,Juwor 2(i)-dong/주월2동
Ulsan/울산,Nam-gu/남구,Maeam-dong/매암동
Ulsan/울산,Nam-gu/남구,Mugeo-dong/무거동
Ulsan/울산,Nam-gu/남구,Munhak-dong/문학동
Ulsan/울산,Nam-gu/남구,Munhyeon 1(il)-dong/문현1동
Ulsan/울산,Nam-gu/남구,Munhyeon 2(i)-dong/문현2동
Ulsan/울산,Nam-gu/남구,Munhyeon 3(sam)-dong/문현3동
Ulsan/울산,Nam-gu/남구,Munhyeon 4(sa)-dong/문현4동
Ulsan/울산,Nam-gu/남구,Munhyeon-dong/문현동
Ulsan/울산,Nam-gu/남구,Namdaeguucheguksaseoham/남대구우체국사서함
Ulsan/울산,Nam-gu/남구,Namhwa-dong/남화동
Ulsan/울산,Nam-gu/남구,Namulsanucheguksaseoham/남울산우체국사서함
Ulsan/울산,Nam-gu/남구,Nodae-dong/노대동
Ulsan/울산,Nam-gu/남구,Ok-dong/옥동
Ulsan/울산,Nam-gu/남구,Sa-dong/사동
Ulsan/울산,Nam-gu/남구,Samsan-dong/삼산동
Ulsan/울산,Nam-gu/남구,Sanggae-dong/상개동
Ulsan/울산,Nam-gu/남구,Seo 1(il)-dong/서1동
Ulsan/울산,Nam-gu/남구,Seo 2(i)-dong/서2동
Ulsan/울산,Nam-gu/남구,Seo-dong/서동
Ulsan/울산,Nam-gu/남구,Seokjeong-dong/석정동
Ulsan/울산,Nam-gu/남구,Seonam-dong/선암동
Ulsan/울산,Nam-gu/남구,Seongam-dong/성암동
Ulsan/울산,Nam-gu/남구,Seungchon-dong/승촌동
Ulsan/울산,Nam-gu/남구,Sinjang-dong/신장동
Ulsan/울산,Nam-gu/남구,Sinjeong 1(il)-dong/신정1동
Ulsan/울산,Nam-gu/남구,Sinjeong 2(i)-dong/신정2동
Ulsan/울산,Nam-gu/남구,Sinjeong 3(sam)-dong/신정3동
Ulsan/울산,Nam-gu/남구,Sinjeong 4(sa)-dong/신정4동
Ulsan/울산,Nam-gu/남구,Sinjeong 5(o)-dong/신정5동
Ulsan/울산,Nam-gu/남구,Sinjeong-dong/신정동
Ulsan/울산,Nam-gu/남구,Songha-dong/송하동
Ulsan/울산,Nam-gu/남구,Sungui 1(il)-dong/숭의1동
Ulsan/울산,Nam-gu/남구,Sungui 2(i)-dong/숭의2동
Ulsan/울산,Nam-gu/남구,Sungui 3(sam)-dong/숭의3동
Ulsan/울산,Nam-gu/남구,Sungui 4(sa)-dong/숭의4동
Ulsan/울산,Nam-gu/남구,Sungui-dong/숭의동
Ulsan/울산,Nam-gu/남구,Uam 1(il)-dong/우암1동
Ulsan/울산,Nam-gu/남구,Uam 2(i)-dong/우암2동
Ulsan/울산,Nam-gu/남구,Uam-dong/우암동
Ulsan/울산,Nam-gu/남구,Wolsan 1(il)-dong/월산1동
Ulsan/울산,Nam-gu/남구,Wolsan 2(i)-dong/월산2동
Ulsan/울산,Nam-gu/남구,Wolsan 3(sam)-dong/월산3동
Ulsan/울산,Nam-gu/남구,Wolsan 4(sa)-dong/월산4동
Ulsan/울산,Nam-gu/남구,Wolsan 5(o)-dong/월산5동
Ulsan/울산,Nam-gu/남구,Wolsan-dong/월산동
Ulsan/울산,Nam-gu/남구,Wolseong-dong/월성동
Ulsan/울산,Nam-gu/남구,Wonsan-dong/원산동
Ulsan/울산,Nam-gu/남구,Yaeum-dong/야음동
Ulsan/울산,Nam-gu/남구,Yangchon-dong/양촌동
Ulsan/울산,Nam-gu/남구,Yanggwa-dong/양과동
Ulsan/울산,Nam-gu/남구,Yangrim-dong/양림동
Ulsan/울산,Nam-gu/남구,Yeocheon-dong/여천동
Ulsan/울산,Nam-gu/남구,Yongdang-dong/용당동
Ulsan/울산,Nam-gu/남구,Yongho 1(il)-dong/용호1동
Ulsan/울산,Nam-gu/남구,Yongho 2(i)-dong/용호2동
Ulsan/울산,Nam-gu/남구,Yongho 3(sam)-dong/용호3동
Ulsan/울산,Nam-gu/남구,Yongho 4(sa)-dong/용호4동
Ulsan/울산,Nam-gu/남구,Yongho-dong/용호동
Ulsan/울산,Nam-gu/남구,Yonghyeon 1(il)-dong/용현1동
Ulsan/울산,Nam-gu/남구,Yonghyeon 2(i)-dong/용현2동
Ulsan/울산,Nam-gu/남구,Yonghyeon 3(sam)-dong/용현3동
Ulsan/울산,Nam-gu/남구,Yonghyeon 4(sa)-dong/용현4동
Ulsan/울산,Nam-gu/남구,Yonghyeon 5(o)-dong/용현5동
Ulsan/울산,Nam-gu/남구,Yonghyeon-dong/용현동
Ulsan/울산,Nam-gu/남구,Yongjam-dong/용잠동
Ulsan/울산,Nam-gu/남구,Yongyeon-dong/용연동
Ulsan/울산,Ulju-gun/울주군,Beomseo-eup/범서읍
Ulsan/울산,Ulju-gun/울주군,Cheongryang-myeon/청량면
Ulsan/울산,Ulju-gun/울주군,Dudong-myeon/두동면
Ulsan/울산,Ulju-gun/울주군,Duseo-myeon/두서면
Ulsan/울산,Ulju-gun/울주군,Eonyang-eup/언양읍
Ulsan/울산,Ulju-gun/울주군,Onsan-eup/온산읍
Ulsan/울산,Ulju-gun/울주군,Onyang-eup/온양읍
Ulsan/울산,Ulju-gun/울주군,Samdong-myeon/삼동면
Ulsan/울산,Ulju-gun/울주군,Samnam-myeon/삼남면
Ulsan/울산,Ulju-gun/울주군,Sangbuk-myeon/상북면
Ulsan/울산,Ulju-gun/울주군,Seosaeng-myeon/서생면
Ulsan/울산,Ulju-gun/울주군,Ungchon-myeon/웅촌면
