province,province_code,city,city_code
Alberta,CA-AB,Abee,CA-AB-0
Alberta,CA-AB,Acadia Valley,CA-AB-1
Alberta,CA-AB,Acme,CA-AB-2
Alberta,CA-AB,Aden,CA-AB-3
Alberta,CA-AB,Aetna,CA-AB-4
Alberta,CA-AB,Airdrie,CA-AB-5
Alberta,CA-AB,Alberta Beach,CA-AB-6
Alberta,CA-AB,Alcomdale,CA-AB-7
Alberta,CA-AB,Alder Flats,CA-AB-8
Alberta,CA-AB,Aldersyde,CA-AB-9
Alberta,CA-AB,Alhambra,CA-AB-10
Alberta,CA-AB,Alix,CA-AB-11
Alberta,CA-AB,Alliance,CA-AB-12
Alberta,CA-AB,Alsike,CA-AB-13
Alberta,CA-AB,Altario,CA-AB-14
Alberta,CA-AB,Amisk,CA-AB-15
Alberta,CA-AB,Andrew,CA-AB-16
Alberta,CA-AB,Anzac,CA-AB-17
Alberta,CA-AB,Ardmore,CA-AB-18
Alberta,CA-AB,Ardrossan,CA-AB-19
Alberta,CA-AB,Armena,CA-AB-20
Alberta,CA-AB,Arrowwood,CA-AB-21
Alberta,CA-AB,Ashmont,CA-AB-22
Alberta,CA-AB,Athabasca,CA-AB-23
Alberta,CA-AB,Atikameg,CA-AB-24
Alberta,CA-AB,Atmore,CA-AB-25
Alberta,CA-AB,Balzac,CA-AB-26
Alberta,CA-AB,Banff,CA-AB-27
Alberta,CA-AB,Barnwell,CA-AB-28
Alberta,CA-AB,Barons,CA-AB-29
Alberta,CA-AB,Barrhead,CA-AB-30
Alberta,CA-AB,Bashaw,CA-AB-31
Alberta,CA-AB,Bassano,CA-AB-32
Alberta,CA-AB,Bawlf,CA-AB-33
Alberta,CA-AB,Bay Tree,CA-AB-34
Alberta,CA-AB,Bear Canyon,CA-AB-35
Alberta,CA-AB,Beaumont,CA-AB-36
Alberta,CA-AB,Beauvallon,CA-AB-37
Alberta,CA-AB,Beaverlodge,CA-AB-38
Alberta,CA-AB,Beiseker,CA-AB-39
Alberta,CA-AB,Bellevue,CA-AB-40
Alberta,CA-AB,Bellis,CA-AB-41
Alberta,CA-AB,Benalto,CA-AB-42
Alberta,CA-AB,Bentley,CA-AB-43
Alberta,CA-AB,Berwyn,CA-AB-44
Alberta,CA-AB,Bezanson,CA-AB-45
Alberta,CA-AB,Big Stone,CA-AB-46
Alberta,CA-AB,Big Valley,CA-AB-47
Alberta,CA-AB,Bindloss,CA-AB-48
Alberta,CA-AB,Birchcliff,CA-AB-49
Alberta,CA-AB,Bittern Lake,CA-AB-50
Alberta,CA-AB,Black Diamond,CA-AB-51
Alberta,CA-AB,Blackfalds,CA-AB-52
Alberta,CA-AB,Blackfoot,CA-AB-53
Alberta,CA-AB,Blackie,CA-AB-54
Alberta,CA-AB,Blairmore,CA-AB-55
Alberta,CA-AB,Bloomsbury,CA-AB-56
Alberta,CA-AB,Blue Ridge,CA-AB-57
Alberta,CA-AB,Blueberry Mountain,CA-AB-58
Alberta,CA-AB,Bluesky,CA-AB-59
Alberta,CA-AB,Bluffton,CA-AB-60
Alberta,CA-AB,Bodo,CA-AB-61
Alberta,CA-AB,Bon Accord,CA-AB-62
Alberta,CA-AB,Bonanza,CA-AB-63
Alberta,CA-AB,Bonnyville,CA-AB-64
Alberta,CA-AB,Botha,CA-AB-65
Alberta,CA-AB,Bow Island,CA-AB-66
Alberta,CA-AB,Bowden,CA-AB-67
Alberta,CA-AB,Boyle,CA-AB-68
Alberta,CA-AB,Boyne Lake,CA-AB-69
Alberta,CA-AB,Bragg Creek,CA-AB-70
Alberta,CA-AB,Brant,CA-AB-71
Alberta,CA-AB,Breton,CA-AB-72
Alberta,CA-AB,Breynat,CA-AB-73
Alberta,CA-AB,Brocket,CA-AB-74
Alberta,CA-AB,Brooks,CA-AB-75
Alberta,CA-AB,Brosseau,CA-AB-76
Alberta,CA-AB,Brownfield,CA-AB-77
Alberta,CA-AB,Brownvale,CA-AB-78
Alberta,CA-AB,Bruce,CA-AB-79
Alberta,CA-AB,Bruderheim,CA-AB-80
Alberta,CA-AB,Brule,CA-AB-81
Alberta,CA-AB,Buck Creek,CA-AB-82
Alberta,CA-AB,Buck Lake,CA-AB-83
Alberta,CA-AB,Buffalo,CA-AB-84
Alberta,CA-AB,Buffalo Head Prairie,CA-AB-85
Alberta,CA-AB,Burdett,CA-AB-86
Alberta,CA-AB,Busby,CA-AB-87
Alberta,CA-AB,Byemoor,CA-AB-88
Alberta,CA-AB,Cadogan,CA-AB-89
Alberta,CA-AB,Cadomin,CA-AB-90
Alberta,CA-AB,Cadotte Lake,CA-AB-91
Alberta,CA-AB,Calahoo,CA-AB-92
Alberta,CA-AB,Calais,CA-AB-93
Alberta,CA-AB,Calgary,CA-AB-94
Alberta,CA-AB,Calling Lake,CA-AB-95
Alberta,CA-AB,Calmar,CA-AB-96
Alberta,CA-AB,Camp Creek,CA-AB-97
Alberta,CA-AB,Camrose,CA-AB-98
Alberta,CA-AB,Canmore,CA-AB-99
Alberta,CA-AB,Canyon Creek,CA-AB-100
Alberta,CA-AB,Carbon,CA-AB-101
Alberta,CA-AB,Carcajou,CA-AB-102
Alberta,CA-AB,Cardston,CA-AB-103
Alberta,CA-AB,Carmangay,CA-AB-104
Alberta,CA-AB,Carnwood,CA-AB-105
Alberta,CA-AB,Caroline,CA-AB-106
Alberta,CA-AB,Carrot Creek,CA-AB-107
Alberta,CA-AB,Carseland,CA-AB-108
Alberta,CA-AB,Carstairs,CA-AB-109
Alberta,CA-AB,Carvel,CA-AB-110
Alberta,CA-AB,Caslan,CA-AB-111
Alberta,CA-AB,Castor,CA-AB-112
Alberta,CA-AB,Cayley,CA-AB-113
Alberta,CA-AB,Cereal,CA-AB-114
Alberta,CA-AB,Cessford,CA-AB-115
Alberta,CA-AB,Champion,CA-AB-116
Alberta,CA-AB,Chard,CA-AB-117
Alberta,CA-AB,Chateh,CA-AB-118
Alberta,CA-AB,Chauvin,CA-AB-119
Alberta,CA-AB,Cherhill,CA-AB-120
Alberta,CA-AB,Cherry Grove,CA-AB-121
Alberta,CA-AB,Cherry Point,CA-AB-122
Alberta,CA-AB,Chestermere,CA-AB-123
Alberta,CA-AB,Chinook,CA-AB-124
Alberta,CA-AB,Chipman,CA-AB-125
Alberta,CA-AB,Chisholm Mills,CA-AB-126
Alberta,CA-AB,Clairmont,CA-AB-127
Alberta,CA-AB,Clandonald,CA-AB-128
Alberta,CA-AB,Claresholm,CA-AB-129
Alberta,CA-AB,Cleardale,CA-AB-130
Alberta,CA-AB,Clive,CA-AB-131
Alberta,CA-AB,Cluny,CA-AB-132
Alberta,CA-AB,Clyde,CA-AB-133
Alberta,CA-AB,Coaldale,CA-AB-134
Alberta,CA-AB,Coalhurst,CA-AB-135
Alberta,CA-AB,Cochrane,CA-AB-136
Alberta,CA-AB,Cold Lake,CA-AB-137
Alberta,CA-AB,Coleman,CA-AB-138
Alberta,CA-AB,Colinton,CA-AB-139
Alberta,CA-AB,College Heights,CA-AB-140
Alberta,CA-AB,Compeer,CA-AB-141
Alberta,CA-AB,Condor,CA-AB-142
Alberta,CA-AB,Conklin,CA-AB-143
Alberta,CA-AB,Consort,CA-AB-144
Alberta,CA-AB,Cooking Lake,CA-AB-145
Alberta,CA-AB,Coronation,CA-AB-146
Alberta,CA-AB,Coutts,CA-AB-147
Alberta,CA-AB,Cowley,CA-AB-148
Alberta,CA-AB,Craigmyle,CA-AB-149
Alberta,CA-AB,Cranford,CA-AB-150
Alberta,CA-AB,Cremona,CA-AB-151
Alberta,CA-AB,Crooked Creek,CA-AB-152
Alberta,CA-AB,Crossfield,CA-AB-153
Alberta,CA-AB,Cynthia,CA-AB-154
Alberta,CA-AB,Czar,CA-AB-155
Alberta,CA-AB,Dalemead,CA-AB-156
Alberta,CA-AB,Dapp,CA-AB-157
Alberta,CA-AB,Darwell,CA-AB-158
Alberta,CA-AB,Daysland,CA-AB-159
Alberta,CA-AB,De Winton,CA-AB-160
Alberta,CA-AB,Dead Man's Flats,CA-AB-161
Alberta,CA-AB,Deadwood,CA-AB-162
Alberta,CA-AB,Debolt,CA-AB-163
Alberta,CA-AB,Del Bonita,CA-AB-164
Alberta,CA-AB,Delacour,CA-AB-165
Alberta,CA-AB,Delburne,CA-AB-166
Alberta,CA-AB,Delia,CA-AB-167
Alberta,CA-AB,Demmitt,CA-AB-168
Alberta,CA-AB,Denwood,CA-AB-169
Alberta,CA-AB,Derwent,CA-AB-170
Alberta,CA-AB,Desmarais,CA-AB-171
Alberta,CA-AB,Devon,CA-AB-172
Alberta,CA-AB,Dewberry,CA-AB-173
Alberta,CA-AB,Diamond City,CA-AB-174
Alberta,CA-AB,Didsbury,CA-AB-175
Alberta,CA-AB,Dixonville,CA-AB-176
Alberta,CA-AB,Donalda,CA-AB-177
Alberta,CA-AB,Donnelly,CA-AB-178
Alberta,CA-AB,Dorothy,CA-AB-179
Alberta,CA-AB,Drayton Valley,CA-AB-180
Alberta,CA-AB,Driftpile,CA-AB-181
Alberta,CA-AB,Drumheller,CA-AB-182
Alberta,CA-AB,Duchess,CA-AB-183
Alberta,CA-AB,Duffield,CA-AB-184
Alberta,CA-AB,Dunmore,CA-AB-185
Alberta,CA-AB,Eaglesham,CA-AB-186
Alberta,CA-AB,East Coulee,CA-AB-187
Alberta,CA-AB,Eckville,CA-AB-188
Alberta,CA-AB,Edberg,CA-AB-189
Alberta,CA-AB,Edgerton,CA-AB-190
Alberta,CA-AB,Edmonton,CA-AB-191
Alberta,CA-AB,Edson,CA-AB-192
Alberta,CA-AB,Egremont,CA-AB-193
Alberta,CA-AB,Elk Point,CA-AB-194
Alberta,CA-AB,Elkwater,CA-AB-195
Alberta,CA-AB,Ellscott,CA-AB-196
Alberta,CA-AB,Elmworth,CA-AB-197
Alberta,CA-AB,Elnora,CA-AB-198
Alberta,CA-AB,Empress,CA-AB-199
Alberta,CA-AB,Enchant,CA-AB-200
Alberta,CA-AB,Endiang,CA-AB-201
Alberta,CA-AB,Enilda,CA-AB-202
Alberta,CA-AB,Enoch,CA-AB-203
Alberta,CA-AB,Entwistle,CA-AB-204
Alberta,CA-AB,Erskine,CA-AB-205
Alberta,CA-AB,Esther,CA-AB-206
Alberta,CA-AB,Etzikom,CA-AB-207
Alberta,CA-AB,Eureka River,CA-AB-208
Alberta,CA-AB,Evansburg,CA-AB-209
Alberta,CA-AB,Exshaw,CA-AB-210
Alberta,CA-AB,Fairview,CA-AB-211
Alberta,CA-AB,Falher,CA-AB-212
Alberta,CA-AB,Fallis,CA-AB-213
Alberta,CA-AB,Falun,CA-AB-214
Alberta,CA-AB,Faust,CA-AB-215
Alberta,CA-AB,Fawcett,CA-AB-216
Alberta,CA-AB,Fenn,CA-AB-217
Alberta,CA-AB,Ferintosh,CA-AB-218
Alberta,CA-AB,Finnegan,CA-AB-219
Alberta,CA-AB,Fitzgerald,CA-AB-220
Alberta,CA-AB,Flatbush,CA-AB-221
Alberta,CA-AB,Foisy,CA-AB-222
Alberta,CA-AB,Foremost,CA-AB-223
Alberta,CA-AB,Forestburg,CA-AB-224
Alberta,CA-AB,Fort Assiniboine,CA-AB-225
Alberta,CA-AB,Fort Chipewyan,CA-AB-226
Alberta,CA-AB,Fort Kent,CA-AB-227
Alberta,CA-AB,Fort Mackay,CA-AB-228
Alberta,CA-AB,Fort Macleod,CA-AB-229
Alberta,CA-AB,Fort McMurray,CA-AB-230
Alberta,CA-AB,Fort Saskatchewan,CA-AB-231
Alberta,CA-AB,Fort Vermilion,CA-AB-232
Alberta,CA-AB,Fox Creek,CA-AB-233
Alberta,CA-AB,Fox Lake,CA-AB-234
Alberta,CA-AB,Frog Lake,CA-AB-235
Alberta,CA-AB,Gadsby,CA-AB-236
Alberta,CA-AB,Gainford,CA-AB-237
Alberta,CA-AB,Galahad,CA-AB-238
Alberta,CA-AB,Garden River,CA-AB-239
Alberta,CA-AB,Gem,CA-AB-240
Alberta,CA-AB,Gibbons,CA-AB-241
Alberta,CA-AB,Gift Lake,CA-AB-242
Alberta,CA-AB,Girouxville,CA-AB-243
Alberta,CA-AB,Gleichen,CA-AB-244
Alberta,CA-AB,Glendon,CA-AB-245
Alberta,CA-AB,Glenevis,CA-AB-246
Alberta,CA-AB,Glenwood,CA-AB-247
Alberta,CA-AB,Goodfare,CA-AB-248
Alberta,CA-AB,Goodfish Lake,CA-AB-249
Alberta,CA-AB,Goodridge,CA-AB-250
Alberta,CA-AB,Gordondale,CA-AB-251
Alberta,CA-AB,Grande Cache,CA-AB-252
Alberta,CA-AB,Grande Prairie,CA-AB-253
Alberta,CA-AB,Granum,CA-AB-254
Alberta,CA-AB,Grassland,CA-AB-255
Alberta,CA-AB,Grassy Lake,CA-AB-256
Alberta,CA-AB,Grimshaw,CA-AB-257
Alberta,CA-AB,Grouard,CA-AB-258
Alberta,CA-AB,Grovedale,CA-AB-259
Alberta,CA-AB,Gundy,CA-AB-260
Alberta,CA-AB,Gunn,CA-AB-261
Alberta,CA-AB,Guy,CA-AB-262
Alberta,CA-AB,Gwynne,CA-AB-263
Alberta,CA-AB,Hairy Hill,CA-AB-264
Alberta,CA-AB,Halfmoon Bay,CA-AB-265
Alberta,CA-AB,Halkirk,CA-AB-266
Alberta,CA-AB,Hanna,CA-AB-267
Alberta,CA-AB,Hardisty,CA-AB-268
Alberta,CA-AB,Harvie Heights,CA-AB-269
Alberta,CA-AB,Hay Lakes,CA-AB-270
Alberta,CA-AB,Hays,CA-AB-271
Alberta,CA-AB,Hayter,CA-AB-272
Alberta,CA-AB,Heath,CA-AB-273
Alberta,CA-AB,Heinsburg,CA-AB-274
Alberta,CA-AB,Heisler,CA-AB-275
Alberta,CA-AB,High Level,CA-AB-276
Alberta,CA-AB,High Prairie,CA-AB-277
Alberta,CA-AB,High River,CA-AB-278
Alberta,CA-AB,Hilda,CA-AB-279
Alberta,CA-AB,Hill Spring,CA-AB-280
Alberta,CA-AB,Hillcrest Mines,CA-AB-281
Alberta,CA-AB,Hilliard,CA-AB-282
Alberta,CA-AB,Hines Creek,CA-AB-283
Alberta,CA-AB,Hinton,CA-AB-284
Alberta,CA-AB,Hobbema,CA-AB-285
Alberta,CA-AB,Holden,CA-AB-286
Alberta,CA-AB,Hondo,CA-AB-287
Alberta,CA-AB,Hotchkiss,CA-AB-288
Alberta,CA-AB,Hughenden,CA-AB-289
Alberta,CA-AB,Hussar,CA-AB-290
Alberta,CA-AB,Huxley,CA-AB-291
Alberta,CA-AB,Hylo,CA-AB-292
Alberta,CA-AB,Hythe,CA-AB-293
Alberta,CA-AB,Iddesleigh,CA-AB-294
Alberta,CA-AB,Innisfail,CA-AB-295
Alberta,CA-AB,Innisfree,CA-AB-296
Alberta,CA-AB,Irma,CA-AB-297
Alberta,CA-AB,Iron River,CA-AB-298
Alberta,CA-AB,Iron Springs,CA-AB-299
Alberta,CA-AB,Irricana,CA-AB-300
Alberta,CA-AB,Irvine,CA-AB-301
Alberta,CA-AB,Island Lake,CA-AB-302
Alberta,CA-AB,Island Lake South,CA-AB-303
Alberta,CA-AB,Islay,CA-AB-304
Alberta,CA-AB,James River Bridge,CA-AB-305
Alberta,CA-AB,Jarvie,CA-AB-306
Alberta,CA-AB,Jarvis Bay,CA-AB-307
Alberta,CA-AB,Jasper,CA-AB-308
Alberta,CA-AB,Jean Cote,CA-AB-309
Alberta,CA-AB,Jenner,CA-AB-310
Alberta,CA-AB,John d'or Prairie,CA-AB-311
Alberta,CA-AB,Joussard,CA-AB-312
Alberta,CA-AB,Kananaskis,CA-AB-313
Alberta,CA-AB,Kapasiwin,CA-AB-314
Alberta,CA-AB,Kathyrn,CA-AB-315
Alberta,CA-AB,Keg River,CA-AB-316
Alberta,CA-AB,Kehewin,CA-AB-317
Alberta,CA-AB,Kelsey,CA-AB-318
Alberta,CA-AB,Keoma,CA-AB-319
Alberta,CA-AB,Kikino,CA-AB-320
Alberta,CA-AB,Killam,CA-AB-321
Alberta,CA-AB,Kingman,CA-AB-322
Alberta,CA-AB,Kinsella,CA-AB-323
Alberta,CA-AB,Kinuso,CA-AB-324
Alberta,CA-AB,Kirriemuir,CA-AB-325
Alberta,CA-AB,Kitscoty,CA-AB-326
Alberta,CA-AB,La Corey,CA-AB-327
Alberta,CA-AB,La Crete,CA-AB-328
Alberta,CA-AB,La Glace,CA-AB-329
Alberta,CA-AB,Lac des Arcs,CA-AB-330
Alberta,CA-AB,Lac La Biche,CA-AB-331
Alberta,CA-AB,Lacombe,CA-AB-332
Alberta,CA-AB,Lafond,CA-AB-333
Alberta,CA-AB,Lake Isle,CA-AB-334
Alberta,CA-AB,Lake Louise,CA-AB-335
Alberta,CA-AB,Lamont,CA-AB-336
Alberta,CA-AB,Lancaster Park,CA-AB-337
Alberta,CA-AB,Langdon,CA-AB-338
Alberta,CA-AB,Lavoy,CA-AB-339
Alberta,CA-AB,Leduc,CA-AB-340
Alberta,CA-AB,Legal,CA-AB-341
Alberta,CA-AB,Leslieville,CA-AB-342
Alberta,CA-AB,Lethbridge,CA-AB-343
Alberta,CA-AB,Lindale,CA-AB-344
Alberta,CA-AB,Lindbergh,CA-AB-345
Alberta,CA-AB,Linden,CA-AB-346
Alberta,CA-AB,Little Smoky,CA-AB-347
Alberta,CA-AB,Lloydminster,CA-AB-348
Alberta,CA-AB,Lodgepole,CA-AB-349
Alberta,CA-AB,Lomond,CA-AB-350
Alberta,CA-AB,Lone Pine,CA-AB-351
Alberta,CA-AB,Longview,CA-AB-352
Alberta,CA-AB,Lougheed,CA-AB-353
Alberta,CA-AB,Lousana,CA-AB-354
Alberta,CA-AB,Lundbreck,CA-AB-355
Alberta,CA-AB,Lyalta,CA-AB-356
Alberta,CA-AB,Madden,CA-AB-357
Alberta,CA-AB,Magrath,CA-AB-358
Alberta,CA-AB,Maleb,CA-AB-359
Alberta,CA-AB,Mallaig,CA-AB-360
Alberta,CA-AB,Ma-Me-O Beach,CA-AB-361
Alberta,CA-AB,Manning,CA-AB-362
Alberta,CA-AB,Mannville,CA-AB-363
Alberta,CA-AB,Manyberries,CA-AB-364
Alberta,CA-AB,Marie Reine,CA-AB-365
Alberta,CA-AB,Markerville,CA-AB-366
Alberta,CA-AB,Marwayne,CA-AB-367
Alberta,CA-AB,Mayerthorpe,CA-AB-368
Alberta,CA-AB,McLaughlin,CA-AB-369
Alberta,CA-AB,McLennan,CA-AB-370
Alberta,CA-AB,McRae,CA-AB-371
Alberta,CA-AB,Meander River,CA-AB-372
Alberta,CA-AB,Medicine Hat,CA-AB-373
Alberta,CA-AB,Meeting Creek,CA-AB-374
Alberta,CA-AB,Metiskow,CA-AB-375
Alberta,CA-AB,Milk River,CA-AB-376
Alberta,CA-AB,Millarville,CA-AB-377
Alberta,CA-AB,Millet,CA-AB-378
Alberta,CA-AB,Millicent,CA-AB-379
Alberta,CA-AB,Milo,CA-AB-380
Alberta,CA-AB,Minburn,CA-AB-381
Alberta,CA-AB,Mirror,CA-AB-382
Alberta,CA-AB,Monarch,CA-AB-383
Alberta,CA-AB,Monitor,CA-AB-384
Alberta,CA-AB,Morinville,CA-AB-385
Alberta,CA-AB,Morley,CA-AB-386
Alberta,CA-AB,Morrin,CA-AB-387
Alberta,CA-AB,Mossleigh,CA-AB-388
Alberta,CA-AB,Mountain View,CA-AB-389
Alberta,CA-AB,Mulhurst Bay,CA-AB-390
Alberta,CA-AB,Mundare,CA-AB-391
Alberta,CA-AB,Munson,CA-AB-392
Alberta,CA-AB,Musidora,CA-AB-393
Alberta,CA-AB,Myrnam,CA-AB-394
Alberta,CA-AB,Nacmine,CA-AB-395
Alberta,CA-AB,Namao,CA-AB-396
Alberta,CA-AB,Nampa,CA-AB-397
Alberta,CA-AB,Nanton,CA-AB-398
Alberta,CA-AB,Neerlandia,CA-AB-399
Alberta,CA-AB,Nestow,CA-AB-400
Alberta,CA-AB,Nevis,CA-AB-401
Alberta,CA-AB,New Brigden,CA-AB-402
Alberta,CA-AB,New Dayton,CA-AB-403
Alberta,CA-AB,New Norway,CA-AB-404
Alberta,CA-AB,New Sarepta,CA-AB-405
Alberta,CA-AB,Newbrook,CA-AB-406
Alberta,CA-AB,Nisku,CA-AB-407
Alberta,CA-AB,Niton Junction,CA-AB-408
Alberta,CA-AB,Nobleford,CA-AB-409
Alberta,CA-AB,Nordegg,CA-AB-410
Alberta,CA-AB,Norglenwold,CA-AB-411
Alberta,CA-AB,North Cooking Lake,CA-AB-412
Alberta,CA-AB,North Star,CA-AB-413
Alberta,CA-AB,Notikewin,CA-AB-414
Alberta,CA-AB,Ohaton,CA-AB-415
Alberta,CA-AB,Okotoks,CA-AB-416
Alberta,CA-AB,Olds,CA-AB-417
Alberta,CA-AB,Onefour,CA-AB-418
Alberta,CA-AB,Onoway,CA-AB-419
Alberta,CA-AB,Opal,CA-AB-420
Alberta,CA-AB,Orion,CA-AB-421
Alberta,CA-AB,Oyen,CA-AB-422
Alberta,CA-AB,Paddle Prairie,CA-AB-423
Alberta,CA-AB,Paradise Valley,CA-AB-424
Alberta,CA-AB,Parkland,CA-AB-425
Alberta,CA-AB,Patricia,CA-AB-426
Alberta,CA-AB,Peace River,CA-AB-427
Alberta,CA-AB,Peerless Lake,CA-AB-428
Alberta,CA-AB,Peers,CA-AB-429
Alberta,CA-AB,Penhold,CA-AB-430
Alberta,CA-AB,Perryvale,CA-AB-431
Alberta,CA-AB,Pickardville,CA-AB-432
Alberta,CA-AB,Picture Butte,CA-AB-433
Alberta,CA-AB,Pincher Creek,CA-AB-434
Alberta,CA-AB,Pine Lake,CA-AB-435
Alberta,CA-AB,Plamondon,CA-AB-436
Alberta,CA-AB,Pollockville,CA-AB-437
Alberta,CA-AB,Ponoka,CA-AB-438
Alberta,CA-AB,Priddis,CA-AB-439
Alberta,CA-AB,Provost,CA-AB-440
Alberta,CA-AB,Purple Springs,CA-AB-441
Alberta,CA-AB,Radway,CA-AB-442
Alberta,CA-AB,Rainbow Lake,CA-AB-443
Alberta,CA-AB,Rainier,CA-AB-444
Alberta,CA-AB,Ralston,CA-AB-445
Alberta,CA-AB,Ranfurly,CA-AB-446
Alberta,CA-AB,Raymond,CA-AB-447
Alberta,CA-AB,Red Deer,CA-AB-448
Alberta,CA-AB,Red Deer County,CA-AB-449
Alberta,CA-AB,Red Earth Creek,CA-AB-450
Alberta,CA-AB,Red Willow,CA-AB-451
Alberta,CA-AB,Redcliff,CA-AB-452
Alberta,CA-AB,Redwater,CA-AB-453
Alberta,CA-AB,Redwood Meadows,CA-AB-454
Alberta,CA-AB,Rimbey,CA-AB-455
Alberta,CA-AB,Rivercourse,CA-AB-456
Alberta,CA-AB,Riviere Qui Barre,CA-AB-457
Alberta,CA-AB,Robb,CA-AB-458
Alberta,CA-AB,Rochester,CA-AB-459
Alberta,CA-AB,Rochfort Bridge,CA-AB-460
Alberta,CA-AB,Rocky Mountain House,CA-AB-461
Alberta,CA-AB,Rocky Rapids,CA-AB-462
Alberta,CA-AB,Rockyford,CA-AB-463
Alberta,CA-AB,Rolling Hills,CA-AB-464
Alberta,CA-AB,Rolly View,CA-AB-465
Alberta,CA-AB,Rosalind,CA-AB-466
Alberta,CA-AB,Rosebud,CA-AB-467
Alberta,CA-AB,Rosedale Station,CA-AB-468
Alberta,CA-AB,Rosedale Valley,CA-AB-469
Alberta,CA-AB,Rosemary,CA-AB-470
Alberta,CA-AB,Round Hill,CA-AB-471
Alberta,CA-AB,Rowley,CA-AB-472
Alberta,CA-AB,Rumsey,CA-AB-473
Alberta,CA-AB,Rycroft,CA-AB-474
Alberta,CA-AB,Ryley,CA-AB-475
Alberta,CA-AB,Saddle Lake,CA-AB-476
Alberta,CA-AB,Sangudo,CA-AB-477
Alberta,CA-AB,Scandia,CA-AB-478
Alberta,CA-AB,Schuler,CA-AB-479
Alberta,CA-AB,Seba Beach,CA-AB-480
Alberta,CA-AB,Sedalia,CA-AB-481
Alberta,CA-AB,Sedgewick,CA-AB-482
Alberta,CA-AB,Seebe,CA-AB-483
Alberta,CA-AB,Seven Persons,CA-AB-484
Alberta,CA-AB,Sexsmith,CA-AB-485
Alberta,CA-AB,Shaughnessy,CA-AB-486
Alberta,CA-AB,Sherwood Park,CA-AB-487
Alberta,CA-AB,Sibbald,CA-AB-488
Alberta,CA-AB,Siksika,CA-AB-489
Alberta,CA-AB,Silver Valley,CA-AB-490
Alberta,CA-AB,Skiff,CA-AB-491
Alberta,CA-AB,Slave Lake,CA-AB-492
Alberta,CA-AB,Smith,CA-AB-493
Alberta,CA-AB,Smoky Lake,CA-AB-494
Alberta,CA-AB,South Baptiste,CA-AB-495
Alberta,CA-AB,Spedden,CA-AB-496
Alberta,CA-AB,Spirit River,CA-AB-497
Alberta,CA-AB,Spring Coulee,CA-AB-498
Alberta,CA-AB,Spring Lake,CA-AB-499
Alberta,CA-AB,Springbrook,CA-AB-500
Alberta,CA-AB,Spruce Grove,CA-AB-501
Alberta,CA-AB,Spruce View,CA-AB-502
Alberta,CA-AB,Sputinow,CA-AB-503
Alberta,CA-AB,St Albert,CA-AB-504
Alberta,CA-AB,St Brides,CA-AB-505
Alberta,CA-AB,St Isidore,CA-AB-506
Alberta,CA-AB,St Lina,CA-AB-507
Alberta,CA-AB,St Michael,CA-AB-508
Alberta,CA-AB,St Paul,CA-AB-509
Alberta,CA-AB,St Vincent,CA-AB-510
Alberta,CA-AB,Stand Off,CA-AB-511
Alberta,CA-AB,Standard,CA-AB-512
Alberta,CA-AB,Star,CA-AB-513
Alberta,CA-AB,Stauffer,CA-AB-514
Alberta,CA-AB,Stavely,CA-AB-515
Alberta,CA-AB,Stettler,CA-AB-516
Alberta,CA-AB,Stirling,CA-AB-517
Alberta,CA-AB,Stony Plain,CA-AB-518
Alberta,CA-AB,Strathmore,CA-AB-519
Alberta,CA-AB,Streamstown,CA-AB-520
Alberta,CA-AB,Strome,CA-AB-521
Alberta,CA-AB,Sundre,CA-AB-522
Alberta,CA-AB,Sunnybrook,CA-AB-523
Alberta,CA-AB,Sunnynook,CA-AB-524
Alberta,CA-AB,Sunset Beach,CA-AB-525
Alberta,CA-AB,Sunset House,CA-AB-526
Alberta,CA-AB,Swalwell,CA-AB-527
Alberta,CA-AB,Swan Hills,CA-AB-528
Alberta,CA-AB,Sylvan Lake,CA-AB-529
Alberta,CA-AB,Taber,CA-AB-530
Alberta,CA-AB,Tangent,CA-AB-531
Alberta,CA-AB,Tawatinaw,CA-AB-532
Alberta,CA-AB,Tees,CA-AB-533
Alberta,CA-AB,Thorhild,CA-AB-534
Alberta,CA-AB,Thorsby,CA-AB-535
Alberta,CA-AB,Three Hills,CA-AB-536
Alberta,CA-AB,Tiger Lily,CA-AB-537
Alberta,CA-AB,Tilley,CA-AB-538
Alberta,CA-AB,Tofield,CA-AB-539
Alberta,CA-AB,Tomahawk,CA-AB-540
Alberta,CA-AB,Torrington,CA-AB-541
Alberta,CA-AB,Trochu,CA-AB-542
Alberta,CA-AB,Trout Lake,CA-AB-543
Alberta,CA-AB,Tsuu T'Ina,CA-AB-544
Alberta,CA-AB,Tulliby Lake,CA-AB-545
Alberta,CA-AB,Turin,CA-AB-546
Alberta,CA-AB,Turner Valley,CA-AB-547
Alberta,CA-AB,Twin Butte,CA-AB-548
Alberta,CA-AB,Two Hills,CA-AB-549
Alberta,CA-AB,Valhalla Centre,CA-AB-550
Alberta,CA-AB,Valleyview,CA-AB-551
Alberta,CA-AB,Vauxhall,CA-AB-552
Alberta,CA-AB,Vega,CA-AB-553
Alberta,CA-AB,Vegreville,CA-AB-554
Alberta,CA-AB,Vermilion,CA-AB-555
Alberta,CA-AB,Veteran,CA-AB-556
Alberta,CA-AB,Viking,CA-AB-557
Alberta,CA-AB,Vilna,CA-AB-558
Alberta,CA-AB,Vimy,CA-AB-559
Alberta,CA-AB,Vulcan,CA-AB-560
Alberta,CA-AB,Wabamun,CA-AB-561
Alberta,CA-AB,Wabasca,CA-AB-562
Alberta,CA-AB,Wainwright,CA-AB-563
Alberta,CA-AB,Wainwright MPO 511,CA-AB-564
Alberta,CA-AB,Walsh,CA-AB-565
Alberta,CA-AB,Wandering River,CA-AB-566
Alberta,CA-AB,Wanham,CA-AB-567
Alberta,CA-AB,Warburg,CA-AB-568
Alberta,CA-AB,Wardlow,CA-AB-569
Alberta,CA-AB,Warner,CA-AB-570
Alberta,CA-AB,Warspite,CA-AB-571
Alberta,CA-AB,Waskatenau,CA-AB-572
Alberta,CA-AB,Water Valley,CA-AB-573
Alberta,CA-AB,Waterton Park,CA-AB-574
Alberta,CA-AB,Watino,CA-AB-575
Alberta,CA-AB,Welling,CA-AB-576
Alberta,CA-AB,Wembley,CA-AB-577
Alberta,CA-AB,West Baptiste,CA-AB-578
Alberta,CA-AB,Westerose,CA-AB-579
Alberta,CA-AB,Westlock,CA-AB-580
Alberta,CA-AB,Wetaskiwin,CA-AB-581
Alberta,CA-AB,Whispering Hills,CA-AB-582
Alberta,CA-AB,White Gull,CA-AB-583
Alberta,CA-AB,Whitecourt,CA-AB-584
Alberta,CA-AB,Whitelaw,CA-AB-585
Alberta,CA-AB,Widewater,CA-AB-586
Alberta,CA-AB,Wildwood,CA-AB-587
Alberta,CA-AB,Willingdon,CA-AB-588
Alberta,CA-AB,Wimborne,CA-AB-589
British Columbia,CA-BC,100 Mile House,CA-BC-0
British Columbia,CA-BC,108 Mile Ranch,CA-BC-1
British Columbia,CA-BC,150 Mile House,CA-BC-2
British Columbia,CA-BC,70 Mile House,CA-BC-3
British Columbia,CA-BC,Abbotsford,CA-BC-4
British Columbia,CA-BC,Agassiz,CA-BC-5
British Columbia,CA-BC,Ahousat,CA-BC-6
British Columbia,CA-BC,Ainsworth Hot Springs,CA-BC-7
British Columbia,CA-BC,Aiyansh,CA-BC-8
British Columbia,CA-BC,Aldergrove,CA-BC-9
British Columbia,CA-BC,Alert Bay,CA-BC-10
British Columbia,CA-BC,Alexis Creek,CA-BC-11
British Columbia,CA-BC,Alkali Lake,CA-BC-12
British Columbia,CA-BC,Altona,CA-BC-13
British Columbia,CA-BC,Anahim Lake,CA-BC-14
British Columbia,CA-BC,Anglemont,CA-BC-15
British Columbia,CA-BC,Anmore,CA-BC-16
British Columbia,CA-BC,Argenta,CA-BC-17
British Columbia,CA-BC,Armstrong,CA-BC-18
British Columbia,CA-BC,Arras,CA-BC-19
British Columbia,CA-BC,Ashcroft,CA-BC-20
British Columbia,CA-BC,Athalmer,CA-BC-21
British Columbia,CA-BC,Atlin,CA-BC-22
British Columbia,CA-BC,Avola,CA-BC-23
British Columbia,CA-BC,Baldonnel,CA-BC-24
British Columbia,CA-BC,Balfour,CA-BC-25
British Columbia,CA-BC,Bamfield,CA-BC-26
British Columbia,CA-BC,Barkerville,CA-BC-27
British Columbia,CA-BC,Barriere,CA-BC-28
British Columbia,CA-BC,Bear Lake,CA-BC-29
British Columbia,CA-BC,Beaverdell,CA-BC-30
British Columbia,CA-BC,Belcarra,CA-BC-31
British Columbia,CA-BC,Bella Bella,CA-BC-32
British Columbia,CA-BC,Bella Coola,CA-BC-33
British Columbia,CA-BC,Big Lake Ranch,CA-BC-34
British Columbia,CA-BC,Black Creek,CA-BC-35
British Columbia,CA-BC,Blind Bay,CA-BC-36
British Columbia,CA-BC,Blind Channel,CA-BC-37
British Columbia,CA-BC,Blubber Bay,CA-BC-38
British Columbia,CA-BC,Blue River,CA-BC-39
British Columbia,CA-BC,Boston Bar,CA-BC-40
British Columbia,CA-BC,Boswell,CA-BC-41
British Columbia,CA-BC,Bowen Island,CA-BC-42
British Columbia,CA-BC,Bowser,CA-BC-43
British Columbia,CA-BC,Brackendale,CA-BC-44
British Columbia,CA-BC,Brentwood Bay,CA-BC-45
British Columbia,CA-BC,Bridesville,CA-BC-46
British Columbia,CA-BC,Bridge Lake,CA-BC-47
British Columbia,CA-BC,Brisco,CA-BC-48
British Columbia,CA-BC,Britannia Beach,CA-BC-49
British Columbia,CA-BC,Buffalo Creek,CA-BC-50
British Columbia,CA-BC,Buick,CA-BC-51
British Columbia,CA-BC,Burnaby,CA-BC-52
British Columbia,CA-BC,Burns Lake,CA-BC-53
British Columbia,CA-BC,Burton,CA-BC-54
British Columbia,CA-BC,Cache Creek,CA-BC-55
British Columbia,CA-BC,Campbell River,CA-BC-56
British Columbia,CA-BC,Canal Flats,CA-BC-57
British Columbia,CA-BC,Canim Lake,CA-BC-58
British Columbia,CA-BC,Canoe,CA-BC-59
British Columbia,CA-BC,Canyon,CA-BC-60
British Columbia,CA-BC,Cassidy,CA-BC-61
British Columbia,CA-BC,Castlegar,CA-BC-62
British Columbia,CA-BC,Cawston,CA-BC-63
British Columbia,CA-BC,Cecil Lake,CA-BC-64
British Columbia,CA-BC,Cedar,CA-BC-65
British Columbia,CA-BC,Celista,CA-BC-66
British Columbia,CA-BC,Charlie Lake,CA-BC-67
British Columbia,CA-BC,Chase,CA-BC-68
British Columbia,CA-BC,Chemainus,CA-BC-69
British Columbia,CA-BC,Cherryville,CA-BC-70
British Columbia,CA-BC,Chetwynd,CA-BC-71
British Columbia,CA-BC,Chilanko Forks,CA-BC-72
British Columbia,CA-BC,Chilliwack,CA-BC-73
British Columbia,CA-BC,Christina Lake,CA-BC-74
British Columbia,CA-BC,Clayhurst,CA-BC-75
British Columbia,CA-BC,Clearwater,CA-BC-76
British Columbia,CA-BC,Clinton,CA-BC-77
British Columbia,CA-BC,Coal Harbour,CA-BC-78
British Columbia,CA-BC,Coalmont,CA-BC-79
British Columbia,CA-BC,Cobble Hill,CA-BC-80
British Columbia,CA-BC,Coldstream,CA-BC-81
British Columbia,CA-BC,Comox,CA-BC-82
British Columbia,CA-BC,Coombs,CA-BC-83
British Columbia,CA-BC,Coquitlam,CA-BC-84
British Columbia,CA-BC,Courtenay,CA-BC-85
British Columbia,CA-BC,Cowichan Bay,CA-BC-86
British Columbia,CA-BC,Cranbrook,CA-BC-87
British Columbia,CA-BC,Crawford Bay,CA-BC-88
British Columbia,CA-BC,Crescent Spur,CA-BC-89
British Columbia,CA-BC,Crescent Valley,CA-BC-90
British Columbia,CA-BC,Creston,CA-BC-91
British Columbia,CA-BC,Crofton,CA-BC-92
British Columbia,CA-BC,Cultus Lake,CA-BC-93
British Columbia,CA-BC,Cumberland,CA-BC-94
British Columbia,CA-BC,D'Arcy,CA-BC-95
British Columbia,CA-BC,Darfield,CA-BC-96
British Columbia,CA-BC,Dawson Creek,CA-BC-97
British Columbia,CA-BC,Dawsons Landing,CA-BC-98
British Columbia,CA-BC,Dease Lake,CA-BC-99
British Columbia,CA-BC,Delta,CA-BC-100
British Columbia,CA-BC,Denman Island,CA-BC-101
British Columbia,CA-BC,Deroche,CA-BC-102
British Columbia,CA-BC,Dewdney,CA-BC-103
British Columbia,CA-BC,Dog Creek,CA-BC-104
British Columbia,CA-BC,Dome Creek,CA-BC-105
British Columbia,CA-BC,Douglas Lake,CA-BC-106
British Columbia,CA-BC,Duncan,CA-BC-107
British Columbia,CA-BC,Dunster,CA-BC-108
British Columbia,CA-BC,Eagle Bay,CA-BC-109
British Columbia,CA-BC,Eagle Creek,CA-BC-110
British Columbia,CA-BC,Edgewater,CA-BC-111
British Columbia,CA-BC,Edgewood,CA-BC-112
British Columbia,CA-BC,Egmont,CA-BC-113
British Columbia,CA-BC,Elkford,CA-BC-114
British Columbia,CA-BC,Elko,CA-BC-115
British Columbia,CA-BC,Endako,CA-BC-116
British Columbia,CA-BC,Enderby,CA-BC-117
British Columbia,CA-BC,Erickson,CA-BC-118
British Columbia,CA-BC,Errington,CA-BC-119
British Columbia,CA-BC,Fairmont Hot Springs,CA-BC-120
British Columbia,CA-BC,Falkland,CA-BC-121
British Columbia,CA-BC,Fanny Bay,CA-BC-122
British Columbia,CA-BC,Farmington,CA-BC-123
British Columbia,CA-BC,Fauquier,CA-BC-124
British Columbia,CA-BC,Fernie,CA-BC-125
British Columbia,CA-BC,Field,CA-BC-126
British Columbia,CA-BC,Forest Grove,CA-BC-127
British Columbia,CA-BC,Fort Fraser,CA-BC-128
British Columbia,CA-BC,Fort Nelson,CA-BC-129
British Columbia,CA-BC,Fort St James,CA-BC-130
British Columbia,CA-BC,Fort St John,CA-BC-131
British Columbia,CA-BC,Fort Steele,CA-BC-132
British Columbia,CA-BC,Francois Lake,CA-BC-133
British Columbia,CA-BC,Fraser Lake,CA-BC-134
British Columbia,CA-BC,Fruitvale,CA-BC-135
British Columbia,CA-BC,Furry Creek,CA-BC-136
British Columbia,CA-BC,Gabriola,CA-BC-137
British Columbia,CA-BC,Galiano,CA-BC-138
British Columbia,CA-BC,Galloway,CA-BC-139
British Columbia,CA-BC,Gang Ranch,CA-BC-140
British Columbia,CA-BC,Garden Bay,CA-BC-141
British Columbia,CA-BC,Garibaldi Highlands,CA-BC-142
British Columbia,CA-BC,Genelle,CA-BC-143
British Columbia,CA-BC,Germansen Landing,CA-BC-144
British Columbia,CA-BC,Gibsons,CA-BC-145
British Columbia,CA-BC,Gillies Bay,CA-BC-146
British Columbia,CA-BC,Gitwinksihlkw,CA-BC-147
British Columbia,CA-BC,Gold Bridge,CA-BC-148
British Columbia,CA-BC,Gold River,CA-BC-149
British Columbia,CA-BC,Golden,CA-BC-150
British Columbia,CA-BC,Good Hope Lake,CA-BC-151
British Columbia,CA-BC,Goodlow,CA-BC-152
British Columbia,CA-BC,Grand Forks,CA-BC-153
British Columbia,CA-BC,Granisle,CA-BC-154
British Columbia,CA-BC,Granthams Landing,CA-BC-155
British Columbia,CA-BC,Grasmere,CA-BC-156
British Columbia,CA-BC,Gray Creek,CA-BC-157
British Columbia,CA-BC,Greenville,CA-BC-158
British Columbia,CA-BC,Greenwood,CA-BC-159
British Columbia,CA-BC,Grindrod,CA-BC-160
British Columbia,CA-BC,Groundbirch,CA-BC-161
British Columbia,CA-BC,Hagensborg,CA-BC-162
British Columbia,CA-BC,Haisla,CA-BC-163
British Columbia,CA-BC,Halfmoon Bay,CA-BC-164
British Columbia,CA-BC,Hanceville,CA-BC-165
British Columbia,CA-BC,Harrison Hot Springs,CA-BC-166
British Columbia,CA-BC,Harrison Mills,CA-BC-167
British Columbia,CA-BC,Harrogate,CA-BC-168
British Columbia,CA-BC,Hartley Bay,CA-BC-169
British Columbia,CA-BC,Hazelton,CA-BC-170
British Columbia,CA-BC,Hedley,CA-BC-171
British Columbia,CA-BC,Heffley Creek,CA-BC-172
British Columbia,CA-BC,Heriot Bay,CA-BC-173
British Columbia,CA-BC,Hixon,CA-BC-174
British Columbia,CA-BC,Holberg,CA-BC-175
British Columbia,CA-BC,Honeymoon Bay,CA-BC-176
British Columbia,CA-BC,Hope,CA-BC-177
British Columbia,CA-BC,Hornby Island,CA-BC-178
British Columbia,CA-BC,Horsefly,CA-BC-179
British Columbia,CA-BC,Houston,CA-BC-180
British Columbia,CA-BC,Hudson's Hope,CA-BC-181
British Columbia,CA-BC,Invermere,CA-BC-182
British Columbia,CA-BC,Iskut,CA-BC-183
British Columbia,CA-BC,Jade City,CA-BC-184
British Columbia,CA-BC,Jaffray,CA-BC-185
British Columbia,CA-BC,Jordan River,CA-BC-186
British Columbia,CA-BC,Juskatla,CA-BC-187
British Columbia,CA-BC,Kaleden,CA-BC-188
British Columbia,CA-BC,Kamloops,CA-BC-189
British Columbia,CA-BC,Kaslo,CA-BC-190
British Columbia,CA-BC,Kelowna,CA-BC-191
British Columbia,CA-BC,Keremeos,CA-BC-192
British Columbia,CA-BC,Kildonan,CA-BC-193
British Columbia,CA-BC,Kimberley,CA-BC-194
British Columbia,CA-BC,Kincolith,CA-BC-195
British Columbia,CA-BC,Kingcome Inlet,CA-BC-196
British Columbia,CA-BC,Kingsgate,CA-BC-197
British Columbia,CA-BC,Kitchener,CA-BC-198
British Columbia,CA-BC,Kitimat,CA-BC-199
British Columbia,CA-BC,Kitkatla,CA-BC-200
British Columbia,CA-BC,Kitwanga,CA-BC-201
British Columbia,CA-BC,Kleena Kleene,CA-BC-202
British Columbia,CA-BC,Klemtu,CA-BC-203
British Columbia,CA-BC,Knutsford,CA-BC-204
British Columbia,CA-BC,Koksilah,CA-BC-205
British Columbia,CA-BC,Kootenay Bay,CA-BC-206
British Columbia,CA-BC,Kyuquot,CA-BC-207
British Columbia,CA-BC,Lac La Hache,CA-BC-208
British Columbia,CA-BC,Lac le Jeune,CA-BC-209
British Columbia,CA-BC,Ladysmith,CA-BC-210
British Columbia,CA-BC,Lake Cowichan,CA-BC-211
British Columbia,CA-BC,Lake Errock,CA-BC-212
British Columbia,CA-BC,Langley,CA-BC-213
British Columbia,CA-BC,Lantzville,CA-BC-214
British Columbia,CA-BC,Lasqueti,CA-BC-215
British Columbia,CA-BC,Lavington,CA-BC-216
British Columbia,CA-BC,Lax Kw'Alaams,CA-BC-217
British Columbia,CA-BC,Lazo,CA-BC-218
British Columbia,CA-BC,Likely,CA-BC-219
British Columbia,CA-BC,Lillooet,CA-BC-220
British Columbia,CA-BC,Lindell Beach,CA-BC-221
British Columbia,CA-BC,Lions Bay,CA-BC-222
British Columbia,CA-BC,Lister,CA-BC-223
British Columbia,CA-BC,Little Fort,CA-BC-224
British Columbia,CA-BC,Logan Lake,CA-BC-225
British Columbia,CA-BC,Lone Butte,CA-BC-226
British Columbia,CA-BC,Longworth,CA-BC-227
British Columbia,CA-BC,Louis Creek,CA-BC-228
British Columbia,CA-BC,Lower Nicola,CA-BC-229
British Columbia,CA-BC,Lower Post,CA-BC-230
British Columbia,CA-BC,Lumby,CA-BC-231
British Columbia,CA-BC,Lund,CA-BC-232
British Columbia,CA-BC,Lytton,CA-BC-233
British Columbia,CA-BC,Mackenzie,CA-BC-234
British Columbia,CA-BC,Madeira Park,CA-BC-235
British Columbia,CA-BC,Mahood Falls,CA-BC-236
British Columbia,CA-BC,Malahat,CA-BC-237
British Columbia,CA-BC,Malakwa,CA-BC-238
British Columbia,CA-BC,Manning Park,CA-BC-239
British Columbia,CA-BC,Manson Creek,CA-BC-240
British Columbia,CA-BC,Mansons Landing,CA-BC-241
British Columbia,CA-BC,Maple Ridge,CA-BC-242
British Columbia,CA-BC,Mara,CA-BC-243
British Columbia,CA-BC,Marysville,CA-BC-244
British Columbia,CA-BC,Masset,CA-BC-245
British Columbia,CA-BC,Mayne,CA-BC-246
British Columbia,CA-BC,McBride,CA-BC-247
British Columbia,CA-BC,McLeese Lake,CA-BC-248
British Columbia,CA-BC,McLeod Lake,CA-BC-249
British Columbia,CA-BC,McLure,CA-BC-250
British Columbia,CA-BC,Meadow Creek,CA-BC-251
British Columbia,CA-BC,Merritt,CA-BC-252
British Columbia,CA-BC,Merville,CA-BC-253
British Columbia,CA-BC,Mesachie Lake,CA-BC-254
British Columbia,CA-BC,Meziadin Lake,CA-BC-255
British Columbia,CA-BC,Mica Creek,CA-BC-256
British Columbia,CA-BC,Midway,CA-BC-257
British Columbia,CA-BC,Mill Bay,CA-BC-258
British Columbia,CA-BC,Milner,CA-BC-259
British Columbia,CA-BC,Minstrel Island,CA-BC-260
British Columbia,CA-BC,Mission,CA-BC-261
British Columbia,CA-BC,Moberly Lake,CA-BC-262
British Columbia,CA-BC,Monte Creek,CA-BC-263
British Columbia,CA-BC,Monte Lake,CA-BC-264
British Columbia,CA-BC,Montney,CA-BC-265
British Columbia,CA-BC,Montrose,CA-BC-266
British Columbia,CA-BC,Mount Currie,CA-BC-267
British Columbia,CA-BC,Moyie,CA-BC-268
British Columbia,CA-BC,Muncho Lake,CA-BC-269
British Columbia,CA-BC,Nakusp,CA-BC-270
British Columbia,CA-BC,Nanaimo,CA-BC-271
British Columbia,CA-BC,Nanoose Bay,CA-BC-272
British Columbia,CA-BC,Naramata,CA-BC-273
British Columbia,CA-BC,Nass Camp,CA-BC-274
British Columbia,CA-BC,Nelson,CA-BC-275
British Columbia,CA-BC,Nemaiah Valley,CA-BC-276
British Columbia,CA-BC,New Denver,CA-BC-277
British Columbia,CA-BC,New Hazelton,CA-BC-278
British Columbia,CA-BC,New Westminster,CA-BC-279
British Columbia,CA-BC,Nimpo Lake,CA-BC-280
British Columbia,CA-BC,North Pine,CA-BC-281
British Columbia,CA-BC,North Saanich,CA-BC-282
British Columbia,CA-BC,North Vancouver,CA-BC-283
British Columbia,CA-BC,Ocean Falls,CA-BC-284
British Columbia,CA-BC,Okanagan Centre,CA-BC-285
British Columbia,CA-BC,Okanagan Falls,CA-BC-286
British Columbia,CA-BC,Oliver,CA-BC-287
British Columbia,CA-BC,Oona River,CA-BC-288
British Columbia,CA-BC,Osoyoos,CA-BC-289
British Columbia,CA-BC,Oyama,CA-BC-290
British Columbia,CA-BC,Panorama,CA-BC-291
British Columbia,CA-BC,Parksville,CA-BC-292
British Columbia,CA-BC,Parson,CA-BC-293
British Columbia,CA-BC,Pavilion,CA-BC-294
British Columbia,CA-BC,Peachland,CA-BC-295
British Columbia,CA-BC,Pemberton,CA-BC-296
British Columbia,CA-BC,Pender Island,CA-BC-297
British Columbia,CA-BC,Penny,CA-BC-298
British Columbia,CA-BC,Penticton,CA-BC-299
British Columbia,CA-BC,Pinantan Lake,CA-BC-300
British Columbia,CA-BC,Pink Mountain,CA-BC-301
British Columbia,CA-BC,Pitt Meadows,CA-BC-302
British Columbia,CA-BC,Port Alberni,CA-BC-303
British Columbia,CA-BC,Port Alice,CA-BC-304
British Columbia,CA-BC,Port Clements,CA-BC-305
British Columbia,CA-BC,Port Coquitlam,CA-BC-306
British Columbia,CA-BC,Port Edward,CA-BC-307
British Columbia,CA-BC,Port Hardy,CA-BC-308
British Columbia,CA-BC,Port McNeill,CA-BC-309
British Columbia,CA-BC,Port Mellon,CA-BC-310
British Columbia,CA-BC,Port Moody,CA-BC-311
British Columbia,CA-BC,Port Neville,CA-BC-312
British Columbia,CA-BC,Port Renfrew,CA-BC-313
British Columbia,CA-BC,Pouce Coupe,CA-BC-314
British Columbia,CA-BC,Powell River,CA-BC-315
British Columbia,CA-BC,Prespatou,CA-BC-316
British Columbia,CA-BC,Prince George,CA-BC-317
British Columbia,CA-BC,Prince Rupert,CA-BC-318
British Columbia,CA-BC,Princeton,CA-BC-319
British Columbia,CA-BC,Pritchard,CA-BC-320
British Columbia,CA-BC,Procter,CA-BC-321
British Columbia,CA-BC,Progress,CA-BC-322
British Columbia,CA-BC,Prophet River,CA-BC-323
British Columbia,CA-BC,Qualicum Beach,CA-BC-324
British Columbia,CA-BC,Quathiaski Cove,CA-BC-325
British Columbia,CA-BC,Quatsino,CA-BC-326
British Columbia,CA-BC,Queen Charlotte,CA-BC-327
British Columbia,CA-BC,Quesnel,CA-BC-328
British Columbia,CA-BC,Quilchena,CA-BC-329
British Columbia,CA-BC,Radium Hot Springs,CA-BC-330
British Columbia,CA-BC,Redstone,CA-BC-331
British Columbia,CA-BC,Refuge Cove,CA-BC-332
British Columbia,CA-BC,Revelstoke,CA-BC-333
British Columbia,CA-BC,Richmond,CA-BC-334
British Columbia,CA-BC,Riondel,CA-BC-335
British Columbia,CA-BC,Riske Creek,CA-BC-336
British Columbia,CA-BC,Roberts Creek,CA-BC-337
British Columbia,CA-BC,Robson,CA-BC-338
British Columbia,CA-BC,Rock Creek,CA-BC-339
British Columbia,CA-BC,Rolla,CA-BC-340
British Columbia,CA-BC,Rose Prairie,CA-BC-341
British Columbia,CA-BC,Rosedale,CA-BC-342
British Columbia,CA-BC,Rossland,CA-BC-343
British Columbia,CA-BC,Royston,CA-BC-344
British Columbia,CA-BC,Saanichton,CA-BC-345
British Columbia,CA-BC,Salmo,CA-BC-346
British Columbia,CA-BC,Salmon ARM,CA-BC-347
British Columbia,CA-BC,Salt Spring Island,CA-BC-348
British Columbia,CA-BC,Sandspit,CA-BC-349
British Columbia,CA-BC,Saturna,CA-BC-350
British Columbia,CA-BC,Savona,CA-BC-351
British Columbia,CA-BC,Sayward,CA-BC-352
British Columbia,CA-BC,Scotch Creek,CA-BC-353
British Columbia,CA-BC,Sechelt,CA-BC-354
British Columbia,CA-BC,Seton Portage,CA-BC-355
British Columbia,CA-BC,Sewell Inlet,CA-BC-356
British Columbia,CA-BC,Shalalth,CA-BC-357
British Columbia,CA-BC,Shawnigan Lake,CA-BC-358
British Columbia,CA-BC,Sicamous,CA-BC-359
British Columbia,CA-BC,Sidney,CA-BC-360
British Columbia,CA-BC,Silverton,CA-BC-361
British Columbia,CA-BC,Simoom Sound,CA-BC-362
British Columbia,CA-BC,Sinclair Mills,CA-BC-363
British Columbia,CA-BC,Sirdar,CA-BC-364
British Columbia,CA-BC,Skookumchuck,CA-BC-365
British Columbia,CA-BC,Slocan,CA-BC-366
British Columbia,CA-BC,Slocan Park,CA-BC-367
British Columbia,CA-BC,Smithers,CA-BC-368
British Columbia,CA-BC,Sointula,CA-BC-369
British Columbia,CA-BC,Sooke,CA-BC-370
British Columbia,CA-BC,Sorrento,CA-BC-371
British Columbia,CA-BC,South Hazelton,CA-BC-372
British Columbia,CA-BC,South Slocan,CA-BC-373
British Columbia,CA-BC,Southbank,CA-BC-374
British Columbia,CA-BC,Sparwood,CA-BC-375
British Columbia,CA-BC,Spences Bridge,CA-BC-376
British Columbia,CA-BC,Spillimacheen,CA-BC-377
British Columbia,CA-BC,Squamish,CA-BC-378
British Columbia,CA-BC,Stewart,CA-BC-379
British Columbia,CA-BC,Stuart Island,CA-BC-380
British Columbia,CA-BC,Sullivan Bay,CA-BC-381
British Columbia,CA-BC,Summerland,CA-BC-382
British Columbia,CA-BC,Summit Lake,CA-BC-383
British Columbia,CA-BC,Sun Peaks,CA-BC-384
British Columbia,CA-BC,Sunset Prairie,CA-BC-385
British Columbia,CA-BC,Surge Narrows,CA-BC-386
British Columbia,CA-BC,Surrey,CA-BC-387
British Columbia,CA-BC,Ta Ta Creek,CA-BC-388
British Columbia,CA-BC,Tahsis,CA-BC-389
British Columbia,CA-BC,Takla Landing,CA-BC-390
British Columbia,CA-BC,Takysie Lake,CA-BC-391
British Columbia,CA-BC,Tappen,CA-BC-392
British Columbia,CA-BC,Tatla Lake,CA-BC-393
British Columbia,CA-BC,Tatlayoko Lake,CA-BC-394
British Columbia,CA-BC,Taylor,CA-BC-395
British Columbia,CA-BC,Telegraph Cove,CA-BC-396
British Columbia,CA-BC,Telegraph Creek,CA-BC-397
British Columbia,CA-BC,Telkwa,CA-BC-398
British Columbia,CA-BC,Terrace,CA-BC-399
British Columbia,CA-BC,Thetis Island,CA-BC-400
British Columbia,CA-BC,Thornhill,CA-BC-401
British Columbia,CA-BC,Tlell,CA-BC-402
British Columbia,CA-BC,Toad River,CA-BC-403
British Columbia,CA-BC,Tofino,CA-BC-404
British Columbia,CA-BC,Tomslake,CA-BC-405
British Columbia,CA-BC,Topley,CA-BC-406
British Columbia,CA-BC,Trail,CA-BC-407
British Columbia,CA-BC,Tulameen,CA-BC-408
British Columbia,CA-BC,Tumbler Ridge,CA-BC-409
British Columbia,CA-BC,Ucluelet,CA-BC-410
British Columbia,CA-BC,Union Bay,CA-BC-411
British Columbia,CA-BC,Upper Fraser,CA-BC-412
British Columbia,CA-BC,Valemount,CA-BC-413
British Columbia,CA-BC,Van Anda,CA-BC-414
British Columbia,CA-BC,Vancouver,CA-BC-415
British Columbia,CA-BC,Vanderhoof,CA-BC-416
British Columbia,CA-BC,Vavenby,CA-BC-417
British Columbia,CA-BC,Vernon,CA-BC-418
British Columbia,CA-BC,Victoria,CA-BC-419
British Columbia,CA-BC,Waglisla,CA-BC-420
British Columbia,CA-BC,Walhachin,CA-BC-421
British Columbia,CA-BC,Wardner,CA-BC-422
British Columbia,CA-BC,Ware,CA-BC-423
British Columbia,CA-BC,Wasa,CA-BC-424
British Columbia,CA-BC,Wells,CA-BC-425
British Columbia,CA-BC,West Vancouver,CA-BC-426
British Columbia,CA-BC,Westbank,CA-BC-427
British Columbia,CA-BC,Westbridge,CA-BC-428
British Columbia,CA-BC,Westholme,CA-BC-429
British Columbia,CA-BC,Westwold,CA-BC-430
British Columbia,CA-BC,Whaletown,CA-BC-431
British Columbia,CA-BC,Whistler,CA-BC-432
British Columbia,CA-BC,White Rock,CA-BC-433
British Columbia,CA-BC,Williams Lake,CA-BC-434
British Columbia,CA-BC,Willow River,CA-BC-435
British Columbia,CA-BC,Windermere,CA-BC-436
Manitoba,CA-MB,Alexander,CA-MB-0
Manitoba,CA-MB,Alonsa,CA-MB-1
Manitoba,CA-MB,Altamont,CA-MB-2
Manitoba,CA-MB,Altona,CA-MB-3
Manitoba,CA-MB,Amaranth,CA-MB-4
Manitoba,CA-MB,Angusville,CA-MB-5
Manitoba,CA-MB,Anola,CA-MB-6
Manitoba,CA-MB,Arborg,CA-MB-7
Manitoba,CA-MB,Arden,CA-MB-8
Manitoba,CA-MB,Argyle,CA-MB-9
Manitoba,CA-MB,Arnaud,CA-MB-10
Manitoba,CA-MB,Arnes,CA-MB-11
Manitoba,CA-MB,Arrow River,CA-MB-12
Manitoba,CA-MB,Ashern,CA-MB-13
Manitoba,CA-MB,Ashville,CA-MB-14
Manitoba,CA-MB,Aubigny,CA-MB-15
Manitoba,CA-MB,Austin,CA-MB-16
Manitoba,CA-MB,Bagot,CA-MB-17
Manitoba,CA-MB,Baldur,CA-MB-18
Manitoba,CA-MB,Balmoral,CA-MB-19
Manitoba,CA-MB,Barrows,CA-MB-20
Manitoba,CA-MB,Beaconia,CA-MB-21
Manitoba,CA-MB,Beausejour,CA-MB-22
Manitoba,CA-MB,Belair,CA-MB-23
Manitoba,CA-MB,Belleview,CA-MB-24
Manitoba,CA-MB,Belmont,CA-MB-25
Manitoba,CA-MB,Benito,CA-MB-26
Manitoba,CA-MB,Berens River,CA-MB-27
Manitoba,CA-MB,Bethany,CA-MB-28
Manitoba,CA-MB,Beulah,CA-MB-29
Manitoba,CA-MB,Binscarth,CA-MB-30
Manitoba,CA-MB,Birch River,CA-MB-31
Manitoba,CA-MB,Birnie,CA-MB-32
Manitoba,CA-MB,Birtle,CA-MB-33
Manitoba,CA-MB,Bissett,CA-MB-34
Manitoba,CA-MB,Bloodvein,CA-MB-35
Manitoba,CA-MB,Blumenort,CA-MB-36
Manitoba,CA-MB,Boggy Creek,CA-MB-37
Manitoba,CA-MB,Boissevain,CA-MB-38
Manitoba,CA-MB,Bowsman,CA-MB-39
Manitoba,CA-MB,Bradwardine,CA-MB-40
Manitoba,CA-MB,Brandon,CA-MB-41
Manitoba,CA-MB,Broad Valley,CA-MB-42
Manitoba,CA-MB,Brochet,CA-MB-43
Manitoba,CA-MB,Brookdale,CA-MB-44
Manitoba,CA-MB,Brunkild,CA-MB-45
Manitoba,CA-MB,Bruxelles,CA-MB-46
Manitoba,CA-MB,Buffalo Point,CA-MB-47
Manitoba,CA-MB,Caliento,CA-MB-48
Manitoba,CA-MB,Camp Morton,CA-MB-49
Manitoba,CA-MB,Camperville,CA-MB-50
Manitoba,CA-MB,Carberry,CA-MB-51
Manitoba,CA-MB,Cardale,CA-MB-52
Manitoba,CA-MB,Carlowrie,CA-MB-53
Manitoba,CA-MB,Carman,CA-MB-54
Manitoba,CA-MB,Carroll,CA-MB-55
Manitoba,CA-MB,Cartier,CA-MB-56
Manitoba,CA-MB,Cartwright,CA-MB-57
Manitoba,CA-MB,Cayer,CA-MB-58
Manitoba,CA-MB,Channing,CA-MB-59
Manitoba,CA-MB,Chatfield,CA-MB-60
Manitoba,CA-MB,Churchill,CA-MB-61
Manitoba,CA-MB,Clandeboye,CA-MB-62
Manitoba,CA-MB,Clanwilliam,CA-MB-63
Manitoba,CA-MB,Clearwater,CA-MB-64
Manitoba,CA-MB,Cormorant,CA-MB-65
Manitoba,CA-MB,Coulter,CA-MB-66
Manitoba,CA-MB,Cowan,CA-MB-67
Manitoba,CA-MB,Cranberry Portage,CA-MB-68
Manitoba,CA-MB,Crandall,CA-MB-69
Manitoba,CA-MB,Crane River,CA-MB-70
Manitoba,CA-MB,Cromer,CA-MB-71
Manitoba,CA-MB,Cross Lake,CA-MB-72
Manitoba,CA-MB,Crystal City,CA-MB-73
Manitoba,CA-MB,Cypress River,CA-MB-74
Manitoba,CA-MB,Dacotah,CA-MB-75
Manitoba,CA-MB,Dakota Tipi,CA-MB-76
Manitoba,CA-MB,Dallas,CA-MB-77
Manitoba,CA-MB,Darlingford,CA-MB-78
Manitoba,CA-MB,Dauphin,CA-MB-79
Manitoba,CA-MB,Decker,CA-MB-80
Manitoba,CA-MB,Deleau,CA-MB-81
Manitoba,CA-MB,Deloraine,CA-MB-82
Manitoba,CA-MB,Domain,CA-MB-83
Manitoba,CA-MB,Dominion City,CA-MB-84
Manitoba,CA-MB,Douglas,CA-MB-85
Manitoba,CA-MB,Dropmore,CA-MB-86
Manitoba,CA-MB,Duck Bay,CA-MB-87
Manitoba,CA-MB,Dufresne,CA-MB-88
Manitoba,CA-MB,Dufrost,CA-MB-89
Manitoba,CA-MB,Dugald,CA-MB-90
Manitoba,CA-MB,Dunrea,CA-MB-91
Manitoba,CA-MB,Durban,CA-MB-92
Manitoba,CA-MB,East Braintree,CA-MB-93
Manitoba,CA-MB,East Selkirk,CA-MB-94
Manitoba,CA-MB,East St Paul,CA-MB-95
Manitoba,CA-MB,Easterville,CA-MB-96
Manitoba,CA-MB,Ebb and Flow,CA-MB-97
Manitoba,CA-MB,Eddystone,CA-MB-98
Manitoba,CA-MB,Eden,CA-MB-99
Manitoba,CA-MB,Edwin,CA-MB-100
Manitoba,CA-MB,Elgin,CA-MB-101
Manitoba,CA-MB,Elie,CA-MB-102
Manitoba,CA-MB,Elkhorn,CA-MB-103
Manitoba,CA-MB,Elm Creek,CA-MB-104
Manitoba,CA-MB,Elma,CA-MB-105
Manitoba,CA-MB,Elphinstone,CA-MB-106
Manitoba,CA-MB,Emerson,CA-MB-107
Manitoba,CA-MB,Erickson,CA-MB-108
Manitoba,CA-MB,Eriksdale,CA-MB-109
Manitoba,CA-MB,Ethelbert,CA-MB-110
Manitoba,CA-MB,Fairfax,CA-MB-111
Manitoba,CA-MB,Fairford,CA-MB-112
Manitoba,CA-MB,Falcon Beach,CA-MB-113
Manitoba,CA-MB,Fannystelle,CA-MB-114
Manitoba,CA-MB,Faulkner,CA-MB-115
Manitoba,CA-MB,Fisher Branch,CA-MB-116
Manitoba,CA-MB,Flin Flon,CA-MB-117
Manitoba,CA-MB,Fork River,CA-MB-118
Manitoba,CA-MB,Forrest Station,CA-MB-119
Manitoba,CA-MB,Fort Alexander,CA-MB-120
Manitoba,CA-MB,Foxwarren,CA-MB-121
Manitoba,CA-MB,Franklin,CA-MB-122
Manitoba,CA-MB,Fraserwood,CA-MB-123
Manitoba,CA-MB,Gardenton,CA-MB-124
Manitoba,CA-MB,Garland,CA-MB-125
Manitoba,CA-MB,Garson,CA-MB-126
Manitoba,CA-MB,Gilbert Plains,CA-MB-127
Manitoba,CA-MB,Gillam,CA-MB-128
Manitoba,CA-MB,Gimli,CA-MB-129
Manitoba,CA-MB,Ginew,CA-MB-130
Manitoba,CA-MB,Giroux,CA-MB-131
Manitoba,CA-MB,Gladstone,CA-MB-132
Manitoba,CA-MB,Glenboro,CA-MB-133
Manitoba,CA-MB,Glenella,CA-MB-134
Manitoba,CA-MB,Glenlea,CA-MB-135
Manitoba,CA-MB,Glenora,CA-MB-136
Manitoba,CA-MB,Gods Lake Narrows,CA-MB-137
Manitoba,CA-MB,Gods River,CA-MB-138
Manitoba,CA-MB,Goodlands,CA-MB-139
Manitoba,CA-MB,Grahamdale,CA-MB-140
Manitoba,CA-MB,Grand Marais,CA-MB-141
Manitoba,CA-MB,Grand Rapids,CA-MB-142
Manitoba,CA-MB,Grandview,CA-MB-143
Manitoba,CA-MB,Granville Lake,CA-MB-144
Manitoba,CA-MB,Graysville,CA-MB-145
Manitoba,CA-MB,Great Falls,CA-MB-146
Manitoba,CA-MB,Green Ridge,CA-MB-147
Manitoba,CA-MB,Gretna,CA-MB-148
Manitoba,CA-MB,Griswold,CA-MB-149
Manitoba,CA-MB,Grosse Isle,CA-MB-150
Manitoba,CA-MB,Grunthal,CA-MB-151
Manitoba,CA-MB,Gunton,CA-MB-152
Manitoba,CA-MB,Gypsumville,CA-MB-153
Manitoba,CA-MB,Hadashville,CA-MB-154
Manitoba,CA-MB,Halbstadt,CA-MB-155
Manitoba,CA-MB,Hamiota,CA-MB-156
Manitoba,CA-MB,Harding,CA-MB-157
Manitoba,CA-MB,Hargrave,CA-MB-158
Manitoba,CA-MB,Hartney,CA-MB-159
Manitoba,CA-MB,Haywood,CA-MB-160
Manitoba,CA-MB,Hazelridge,CA-MB-161
Manitoba,CA-MB,Headingley,CA-MB-162
Manitoba,CA-MB,High Bluff,CA-MB-163
Manitoba,CA-MB,Hilbre,CA-MB-164
Manitoba,CA-MB,Hodgson,CA-MB-165
Manitoba,CA-MB,Holland,CA-MB-166
Manitoba,CA-MB,Holmfield,CA-MB-167
Manitoba,CA-MB,Homewood,CA-MB-168
Manitoba,CA-MB,Horndean,CA-MB-169
Manitoba,CA-MB,Ile des Chenes,CA-MB-170
Manitoba,CA-MB,Ilford,CA-MB-171
Manitoba,CA-MB,Inglis,CA-MB-172
Manitoba,CA-MB,Inwood,CA-MB-173
Manitoba,CA-MB,Isabella,CA-MB-174
Manitoba,CA-MB,Island Lake,CA-MB-175
Manitoba,CA-MB,Justice,CA-MB-176
Manitoba,CA-MB,Kelwood,CA-MB-177
Manitoba,CA-MB,Kenton,CA-MB-178
Manitoba,CA-MB,Kenville,CA-MB-179
Manitoba,CA-MB,Killarney,CA-MB-180
Manitoba,CA-MB,Kinosota,CA-MB-181
Manitoba,CA-MB,Kirkella,CA-MB-182
Manitoba,CA-MB,Kleefeld,CA-MB-183
Manitoba,CA-MB,Kola,CA-MB-184
Manitoba,CA-MB,Komarno,CA-MB-185
Manitoba,CA-MB,Koostatak,CA-MB-186
Manitoba,CA-MB,La Broquerie,CA-MB-187
Manitoba,CA-MB,La Riviere,CA-MB-188
Manitoba,CA-MB,La Salle,CA-MB-189
Manitoba,CA-MB,Lac Brochet,CA-MB-190
Manitoba,CA-MB,Lac du Bonnet,CA-MB-191
Manitoba,CA-MB,Lake Audy,CA-MB-192
Manitoba,CA-MB,Lake Francis,CA-MB-193
Manitoba,CA-MB,Lakeland,CA-MB-194
Manitoba,CA-MB,Landmark,CA-MB-195
Manitoba,CA-MB,Langruth,CA-MB-196
Manitoba,CA-MB,Lauder,CA-MB-197
Manitoba,CA-MB,Laurier,CA-MB-198
Manitoba,CA-MB,Lavenham,CA-MB-199
Manitoba,CA-MB,Leaf Rapids,CA-MB-200
Manitoba,CA-MB,Lenore,CA-MB-201
Manitoba,CA-MB,Letellier,CA-MB-202
Manitoba,CA-MB,Libau,CA-MB-203
Manitoba,CA-MB,Little Bullhead,CA-MB-204
Manitoba,CA-MB,Little Grand Rapids,CA-MB-205
Manitoba,CA-MB,Lockport,CA-MB-206
Manitoba,CA-MB,Loon Straits,CA-MB-207
Manitoba,CA-MB,Lorette,CA-MB-208
Manitoba,CA-MB,Lowe Farm,CA-MB-209
Manitoba,CA-MB,Lundar,CA-MB-210
Manitoba,CA-MB,Lyleton,CA-MB-211
Manitoba,CA-MB,Lynn Lake,CA-MB-212
Manitoba,CA-MB,Macdonald,CA-MB-213
Manitoba,CA-MB,Macgregor,CA-MB-214
Manitoba,CA-MB,Mafeking,CA-MB-215
Manitoba,CA-MB,Makinak,CA-MB-216
Manitoba,CA-MB,Malonton,CA-MB-217
Manitoba,CA-MB,Manigotagan,CA-MB-218
Manitoba,CA-MB,Manitou,CA-MB-219
Manitoba,CA-MB,Manson,CA-MB-220
Manitoba,CA-MB,Marchand,CA-MB-221
Manitoba,CA-MB,Margaret,CA-MB-222
Manitoba,CA-MB,Mariapolis,CA-MB-223
Manitoba,CA-MB,Marius,CA-MB-224
Manitoba,CA-MB,Marquette,CA-MB-225
Manitoba,CA-MB,Mather,CA-MB-226
Manitoba,CA-MB,Matheson Island,CA-MB-227
Manitoba,CA-MB,Matlock,CA-MB-228
Manitoba,CA-MB,McAuley,CA-MB-229
Manitoba,CA-MB,McCreary,CA-MB-230
Manitoba,CA-MB,Meadow Portage,CA-MB-231
Manitoba,CA-MB,Medora,CA-MB-232
Manitoba,CA-MB,Meleb,CA-MB-233
Manitoba,CA-MB,Melita,CA-MB-234
Manitoba,CA-MB,Menisino,CA-MB-235
Manitoba,CA-MB,Menzie,CA-MB-236
Manitoba,CA-MB,Miami,CA-MB-237
Manitoba,CA-MB,Middlebro,CA-MB-238
Manitoba,CA-MB,Miniota,CA-MB-239
Manitoba,CA-MB,Minitonas,CA-MB-240
Manitoba,CA-MB,Minnedosa,CA-MB-241
Manitoba,CA-MB,Minto,CA-MB-242
Manitoba,CA-MB,Mitchell,CA-MB-243
Manitoba,CA-MB,Moose Lake,CA-MB-244
Manitoba,CA-MB,Moosehorn,CA-MB-245
Manitoba,CA-MB,Morden,CA-MB-246
Manitoba,CA-MB,Morris,CA-MB-247
Manitoba,CA-MB,Mountain Road,CA-MB-248
Manitoba,CA-MB,Mulvihill,CA-MB-249
Manitoba,CA-MB,Napinka,CA-MB-250
Manitoba,CA-MB,Narcisse,CA-MB-251
Manitoba,CA-MB,National Mills,CA-MB-252
Manitoba,CA-MB,Neepawa,CA-MB-253
Manitoba,CA-MB,Negginan,CA-MB-254
Manitoba,CA-MB,Nelson House,CA-MB-255
Manitoba,CA-MB,Nesbitt,CA-MB-256
Manitoba,CA-MB,New Bothwell,CA-MB-257
Manitoba,CA-MB,Newdale,CA-MB-258
Manitoba,CA-MB,Newton Siding,CA-MB-259
Manitoba,CA-MB,Ninette,CA-MB-260
Manitoba,CA-MB,Ninga,CA-MB-261
Manitoba,CA-MB,Niverville,CA-MB-262
Manitoba,CA-MB,Norway House,CA-MB-263
Manitoba,CA-MB,Notre Dame de Lourdes,CA-MB-264
Manitoba,CA-MB,Oak Bluff,CA-MB-265
Manitoba,CA-MB,Oak Brae,CA-MB-266
Manitoba,CA-MB,Oak Lake,CA-MB-267
Manitoba,CA-MB,Oak Point,CA-MB-268
Manitoba,CA-MB,Oak River,CA-MB-269
Manitoba,CA-MB,Oakbank,CA-MB-270
Manitoba,CA-MB,Oakburn,CA-MB-271
Manitoba,CA-MB,Oakview,CA-MB-272
Manitoba,CA-MB,Oakville,CA-MB-273
Manitoba,CA-MB,Ochre River,CA-MB-274
Manitoba,CA-MB,O'Hanly,CA-MB-275
Manitoba,CA-MB,Olha,CA-MB-276
Manitoba,CA-MB,Onanole,CA-MB-277
Manitoba,CA-MB,Opaskwayak,CA-MB-278
Manitoba,CA-MB,Otterburne,CA-MB-279
Manitoba,CA-MB,Overstoneville,CA-MB-280
Manitoba,CA-MB,Oxford House,CA-MB-281
Manitoba,CA-MB,Pansy,CA-MB-282
Manitoba,CA-MB,Pauingassi,CA-MB-283
Manitoba,CA-MB,Peguis,CA-MB-284
Manitoba,CA-MB,Pelican Rapids,CA-MB-285
Manitoba,CA-MB,Petersfield,CA-MB-286
Manitoba,CA-MB,Pierson,CA-MB-287
Manitoba,CA-MB,Pikwitonei,CA-MB-288
Manitoba,CA-MB,Pilot Mound,CA-MB-289
Manitoba,CA-MB,Pinawa,CA-MB-290
Manitoba,CA-MB,Pine Falls,CA-MB-291
Manitoba,CA-MB,Pine River,CA-MB-292
Manitoba,CA-MB,Piney,CA-MB-293
Manitoba,CA-MB,Pipestone,CA-MB-294
Manitoba,CA-MB,Plum Coulee,CA-MB-295
Manitoba,CA-MB,Plumas,CA-MB-296
Manitoba,CA-MB,Pointe du Bois,CA-MB-297
Manitoba,CA-MB,Polonia,CA-MB-298
Manitoba,CA-MB,Poplar Point,CA-MB-299
Manitoba,CA-MB,Poplarfield,CA-MB-300
Manitoba,CA-MB,Portage la Prairie,CA-MB-301
Manitoba,CA-MB,Powerview,CA-MB-302
Manitoba,CA-MB,Pratt,CA-MB-303
Manitoba,CA-MB,Princess Harbour,CA-MB-304
Manitoba,CA-MB,Pukatawagan,CA-MB-305
Manitoba,CA-MB,Randolph,CA-MB-306
Manitoba,CA-MB,Rapid City,CA-MB-307
Manitoba,CA-MB,Rathwell,CA-MB-308
Manitoba,CA-MB,Red Sucker Lake,CA-MB-309
Manitoba,CA-MB,Rennie,CA-MB-310
Manitoba,CA-MB,Renwer,CA-MB-311
Manitoba,CA-MB,Reston,CA-MB-312
Manitoba,CA-MB,Richer,CA-MB-313
Manitoba,CA-MB,Ridgeville,CA-MB-314
Manitoba,CA-MB,Riding Mountain,CA-MB-315
Manitoba,CA-MB,River Hills,CA-MB-316
Manitoba,CA-MB,Rivers,CA-MB-317
Manitoba,CA-MB,Riverton,CA-MB-318
Manitoba,CA-MB,Roblin,CA-MB-319
Manitoba,CA-MB,Rock Ridge,CA-MB-320
Manitoba,CA-MB,Roland,CA-MB-321
Manitoba,CA-MB,Rorketon,CA-MB-322
Manitoba,CA-MB,Rosa,CA-MB-323
Manitoba,CA-MB,Roseau River,CA-MB-324
Manitoba,CA-MB,Roseisle,CA-MB-325
Manitoba,CA-MB,Rosenfeld,CA-MB-326
Manitoba,CA-MB,Rosenort,CA-MB-327
Manitoba,CA-MB,Rossburn,CA-MB-328
Manitoba,CA-MB,Rossendale,CA-MB-329
Manitoba,CA-MB,Rosser,CA-MB-330
Manitoba,CA-MB,Russell,CA-MB-331
Manitoba,CA-MB,San Clara,CA-MB-332
Manitoba,CA-MB,Sandilands,CA-MB-333
Manitoba,CA-MB,Sandy Hook,CA-MB-334
Manitoba,CA-MB,Sandy Lake,CA-MB-335
Manitoba,CA-MB,Sanford,CA-MB-336
Manitoba,CA-MB,Sarto,CA-MB-337
Manitoba,CA-MB,Scanterbury,CA-MB-338
Manitoba,CA-MB,Seddons Corner,CA-MB-339
Manitoba,CA-MB,Selkirk,CA-MB-340
Manitoba,CA-MB,Seven Sisters Falls,CA-MB-341
Manitoba,CA-MB,Shamattawa,CA-MB-342
Manitoba,CA-MB,Shellmouth,CA-MB-343
Manitoba,CA-MB,Sherridon,CA-MB-344
Manitoba,CA-MB,Shilo,CA-MB-345
Manitoba,CA-MB,Shoal Lake,CA-MB-346
Manitoba,CA-MB,Shortdale,CA-MB-347
Manitoba,CA-MB,Sidney,CA-MB-348
Manitoba,CA-MB,Sifton,CA-MB-349
Manitoba,CA-MB,Silver,CA-MB-350
Manitoba,CA-MB,Silver Ridge,CA-MB-351
Manitoba,CA-MB,Sinclair,CA-MB-352
Manitoba,CA-MB,Skownan,CA-MB-353
Manitoba,CA-MB,Snow Lake,CA-MB-354
Manitoba,CA-MB,Snowflake,CA-MB-355
Manitoba,CA-MB,Solsgirth,CA-MB-356
Manitoba,CA-MB,Somerset,CA-MB-357
Manitoba,CA-MB,Souris,CA-MB-358
Manitoba,CA-MB,South Indian Lake,CA-MB-359
Manitoba,CA-MB,South Junction,CA-MB-360
Manitoba,CA-MB,Southport,CA-MB-361
Manitoba,CA-MB,Sperling,CA-MB-362
Manitoba,CA-MB,Split Lake,CA-MB-363
Manitoba,CA-MB,Sprague,CA-MB-364
Manitoba,CA-MB,Springfield,CA-MB-365
Manitoba,CA-MB,Springstein,CA-MB-366
Manitoba,CA-MB,St Adolphe,CA-MB-367
Manitoba,CA-MB,St Alphonse,CA-MB-368
Manitoba,CA-MB,St Ambroise,CA-MB-369
Manitoba,CA-MB,St Andrews,CA-MB-370
Manitoba,CA-MB,St Claude,CA-MB-371
Manitoba,CA-MB,St Clements,CA-MB-372
Manitoba,CA-MB,St Eustache,CA-MB-373
Manitoba,CA-MB,St Francois Xavier,CA-MB-374
Manitoba,CA-MB,St George,CA-MB-375
Manitoba,CA-MB,St Germain,CA-MB-376
Manitoba,CA-MB,St Jean Baptiste,CA-MB-377
Manitoba,CA-MB,St Joseph,CA-MB-378
Manitoba,CA-MB,St Laurent,CA-MB-379
Manitoba,CA-MB,St Lazare,CA-MB-380
Manitoba,CA-MB,St Leon,CA-MB-381
Manitoba,CA-MB,St Malo,CA-MB-382
Manitoba,CA-MB,St Marks,CA-MB-383
Manitoba,CA-MB,St Martin,CA-MB-384
Manitoba,CA-MB,St Pierre Jolys,CA-MB-385
Manitoba,CA-MB,St Theresa Point,CA-MB-386
Manitoba,CA-MB,Starbuck,CA-MB-387
Manitoba,CA-MB,Ste Agathe,CA-MB-388
Manitoba,CA-MB,Ste Anne,CA-MB-389
Manitoba,CA-MB,Ste Rose du Lac,CA-MB-390
Manitoba,CA-MB,Stead,CA-MB-391
Manitoba,CA-MB,Steep Rock,CA-MB-392
Manitoba,CA-MB,Steinbach,CA-MB-393
Manitoba,CA-MB,Stephenfield,CA-MB-394
Manitoba,CA-MB,Stevenson Island,CA-MB-395
Manitoba,CA-MB,Stockton,CA-MB-396
Manitoba,CA-MB,Stonewall,CA-MB-397
Manitoba,CA-MB,Stony Mountain,CA-MB-398
Manitoba,CA-MB,Strathclair,CA-MB-399
Manitoba,CA-MB,Stuartburn,CA-MB-400
Manitoba,CA-MB,Sundown,CA-MB-401
Manitoba,CA-MB,Swan Lake,CA-MB-402
Manitoba,CA-MB,Swan River,CA-MB-403
Manitoba,CA-MB,Tadoule Lake,CA-MB-404
Manitoba,CA-MB,Teulon,CA-MB-405
Manitoba,CA-MB,The Pas,CA-MB-406
Manitoba,CA-MB,Thicket Portage,CA-MB-407
Manitoba,CA-MB,Thompson,CA-MB-408
Manitoba,CA-MB,Thornhill,CA-MB-409
Manitoba,CA-MB,Tilston,CA-MB-410
Manitoba,CA-MB,Tolstoi,CA-MB-411
Manitoba,CA-MB,Tourond,CA-MB-412
Manitoba,CA-MB,Toutes Aides,CA-MB-413
Manitoba,CA-MB,Traverse Bay,CA-MB-414
Manitoba,CA-MB,Treherne,CA-MB-415
Manitoba,CA-MB,Tyndall,CA-MB-416
Manitoba,CA-MB,Valley River,CA-MB-417
Manitoba,CA-MB,Vassar,CA-MB-418
Manitoba,CA-MB,Vermette,CA-MB-419
Manitoba,CA-MB,Victoria Beach,CA-MB-420
Manitoba,CA-MB,Virden,CA-MB-421
Manitoba,CA-MB,Vista,CA-MB-422
Manitoba,CA-MB,Vita,CA-MB-423
Manitoba,CA-MB,Vogar,CA-MB-424
Manitoba,CA-MB,Waasagomach,CA-MB-425
Manitoba,CA-MB,Wabowden,CA-MB-426
Manitoba,CA-MB,Waldersee,CA-MB-427
Manitoba,CA-MB,Wanipigow,CA-MB-428
Manitoba,CA-MB,Wanless,CA-MB-429
Manitoba,CA-MB,Warren,CA-MB-430
Manitoba,CA-MB,Wasagaming,CA-MB-431
Manitoba,CA-MB,Waskada,CA-MB-432
Manitoba,CA-MB,Waterhen,CA-MB-433
Manitoba,CA-MB,Wawanesa,CA-MB-434
Manitoba,CA-MB,Waywayseecappo,CA-MB-435
Manitoba,CA-MB,Wellwood,CA-MB-436
Manitoba,CA-MB,West St Paul,CA-MB-437
Manitoba,CA-MB,Westbourne,CA-MB-438
Manitoba,CA-MB,Whitemouth,CA-MB-439
Manitoba,CA-MB,Whiteshell,CA-MB-440
New Brunswick,CA-NB,Acadie Siding,CA-NB-0
New Brunswick,CA-NB,Acadieville,CA-NB-1
New Brunswick,CA-NB,Adams Gulch,CA-NB-2
New Brunswick,CA-NB,Adamsville,CA-NB-3
New Brunswick,CA-NB,Albert Mines,CA-NB-4
New Brunswick,CA-NB,Albrights Corner,CA-NB-5
New Brunswick,CA-NB,Alcida,CA-NB-6
New Brunswick,CA-NB,Alderwood,CA-NB-7
New Brunswick,CA-NB,Aldouane,CA-NB-8
New Brunswick,CA-NB,Allainville,CA-NB-9
New Brunswick,CA-NB,Allardville,CA-NB-10
New Brunswick,CA-NB,Allison,CA-NB-11
New Brunswick,CA-NB,Alma,CA-NB-12
New Brunswick,CA-NB,Ammon,CA-NB-13
New Brunswick,CA-NB,Anagance,CA-NB-14
New Brunswick,CA-NB,Anderson Road,CA-NB-15
New Brunswick,CA-NB,Anderson Settlement,CA-NB-16
New Brunswick,CA-NB,Andersonville,CA-NB-17
New Brunswick,CA-NB,Anfield,CA-NB-18
New Brunswick,CA-NB,Anse-Bleue,CA-NB-19
New Brunswick,CA-NB,Apohaqui,CA-NB-20
New Brunswick,CA-NB,Arbeau Settlement,CA-NB-21
New Brunswick,CA-NB,Armond,CA-NB-22
New Brunswick,CA-NB,Aroostook,CA-NB-23
New Brunswick,CA-NB,Aroostook Junction,CA-NB-24
New Brunswick,CA-NB,Arthurette,CA-NB-25
New Brunswick,CA-NB,Ashland,CA-NB-26
New Brunswick,CA-NB,Astle,CA-NB-27
New Brunswick,CA-NB,Atholville,CA-NB-28
New Brunswick,CA-NB,Aulac,CA-NB-29
New Brunswick,CA-NB,Avondale,CA-NB-30
New Brunswick,CA-NB,Back Bay,CA-NB-31
New Brunswick,CA-NB,Baie de Bouctouche,CA-NB-32
New Brunswick,CA-NB,Baie de Petit-Pokemouche,CA-NB-33
New Brunswick,CA-NB,Baie Verte,CA-NB-34
New Brunswick,CA-NB,Baie-Sainte-Anne,CA-NB-35
New Brunswick,CA-NB,Baillie,CA-NB-36
New Brunswick,CA-NB,Bains Corner,CA-NB-37
New Brunswick,CA-NB,Bairdsville,CA-NB-38
New Brunswick,CA-NB,Baker Brook,CA-NB-39
New Brunswick,CA-NB,Balla Philip,CA-NB-40
New Brunswick,CA-NB,Balmoral,CA-NB-41
New Brunswick,CA-NB,Balmoral Estates,CA-NB-42
New Brunswick,CA-NB,Balmoral Sud,CA-NB-43
New Brunswick,CA-NB,Baltimore,CA-NB-44
New Brunswick,CA-NB,Bannon,CA-NB-45
New Brunswick,CA-NB,Barnaby,CA-NB-46
New Brunswick,CA-NB,Barnesville,CA-NB-47
New Brunswick,CA-NB,Barnettville,CA-NB-48
New Brunswick,CA-NB,Barony,CA-NB-49
New Brunswick,CA-NB,Barryville,CA-NB-50
New Brunswick,CA-NB,Barter Settlement,CA-NB-51
New Brunswick,CA-NB,Bartholomew,CA-NB-52
New Brunswick,CA-NB,Bartibog,CA-NB-53
New Brunswick,CA-NB,Bartibog Bridge,CA-NB-54
New Brunswick,CA-NB,Bartletts Mills,CA-NB-55
New Brunswick,CA-NB,Bas-Cap-Pele,CA-NB-56
New Brunswick,CA-NB,Bas-Caraquet,CA-NB-57
New Brunswick,CA-NB,Bas-Paquetville,CA-NB-58
New Brunswick,CA-NB,Bass River,CA-NB-59
New Brunswick,CA-NB,Basswood Ridge,CA-NB-60
New Brunswick,CA-NB,Bath,CA-NB-61
New Brunswick,CA-NB,Bathurst,CA-NB-62
New Brunswick,CA-NB,Baxters Corner,CA-NB-63
New Brunswick,CA-NB,Bay du Vin,CA-NB-64
New Brunswick,CA-NB,Bay View,CA-NB-65
New Brunswick,CA-NB,Bayfield,CA-NB-66
New Brunswick,CA-NB,Bayside,CA-NB-67
New Brunswick,CA-NB,Bayswater,CA-NB-68
New Brunswick,CA-NB,Beaconsfield,CA-NB-69
New Brunswick,CA-NB,Bear Island,CA-NB-70
New Brunswick,CA-NB,Beardsley,CA-NB-71
New Brunswick,CA-NB,Beaver Dam,CA-NB-72
New Brunswick,CA-NB,Beaver Harbour,CA-NB-73
New Brunswick,CA-NB,Beaverbrook,CA-NB-74
New Brunswick,CA-NB,Beaverbrook Albert Co,CA-NB-75
New Brunswick,CA-NB,Beckim Settlement,CA-NB-76
New Brunswick,CA-NB,Bedell,CA-NB-77
New Brunswick,CA-NB,Beechwood,CA-NB-78
New Brunswick,CA-NB,Beersville,CA-NB-79
New Brunswick,CA-NB,Belledune,CA-NB-80
New Brunswick,CA-NB,Bellefond,CA-NB-81
New Brunswick,CA-NB,Belleisle Creek,CA-NB-82
New Brunswick,CA-NB,Belleville,CA-NB-83
New Brunswick,CA-NB,Benjamin River,CA-NB-84
New Brunswick,CA-NB,Benoit,CA-NB-85
New Brunswick,CA-NB,Benton,CA-NB-86
New Brunswick,CA-NB,Beresford,CA-NB-87
New Brunswick,CA-NB,Berry Mills,CA-NB-88
New Brunswick,CA-NB,Berryton,CA-NB-89
New Brunswick,CA-NB,Bertrand,CA-NB-90
New Brunswick,CA-NB,Berwick,CA-NB-91
New Brunswick,CA-NB,Bethel,CA-NB-92
New Brunswick,CA-NB,Bettsburg,CA-NB-93
New Brunswick,CA-NB,Big Cove,CA-NB-94
New Brunswick,CA-NB,Big Cove Queens Co,CA-NB-95
New Brunswick,CA-NB,Big Hole,CA-NB-96
New Brunswick,CA-NB,Big River,CA-NB-97
New Brunswick,CA-NB,Birch Ridge,CA-NB-98
New Brunswick,CA-NB,Birdton,CA-NB-99
New Brunswick,CA-NB,Black Point,CA-NB-100
New Brunswick,CA-NB,Black River,CA-NB-101
New Brunswick,CA-NB,Black River Bridge,CA-NB-102
New Brunswick,CA-NB,Black Rock,CA-NB-103
New Brunswick,CA-NB,Blackland Restigouche Co,CA-NB-104
New Brunswick,CA-NB,Blacks Harbour,CA-NB-105
New Brunswick,CA-NB,Blackville,CA-NB-106
New Brunswick,CA-NB,Blair Athol,CA-NB-107
New Brunswick,CA-NB,Blissfield,CA-NB-108
New Brunswick,CA-NB,Bloomfield Carleton Co,CA-NB-109
New Brunswick,CA-NB,Bloomfield Kings Co,CA-NB-110
New Brunswick,CA-NB,Bloomfield Ridge,CA-NB-111
New Brunswick,CA-NB,Blue Bell,CA-NB-112
New Brunswick,CA-NB,Blue Mountain Bend,CA-NB-113
New Brunswick,CA-NB,Bocabec,CA-NB-114
New Brunswick,CA-NB,Boiestown,CA-NB-115
New Brunswick,CA-NB,Bois-Blanc,CA-NB-116
New Brunswick,CA-NB,Bois-Gagnon,CA-NB-117
New Brunswick,CA-NB,Bon Accord,CA-NB-118
New Brunswick,CA-NB,Bonny River,CA-NB-119
New Brunswick,CA-NB,Boom Road,CA-NB-120
New Brunswick,CA-NB,Bouctouche,CA-NB-121
New Brunswick,CA-NB,Bouctouche Cove,CA-NB-122
New Brunswick,CA-NB,Bouctouche Reserve,CA-NB-123
New Brunswick,CA-NB,Bouctouche Sud,CA-NB-124
New Brunswick,CA-NB,Boudreau-Ouest,CA-NB-125
New Brunswick,CA-NB,Boundary Creek,CA-NB-126
New Brunswick,CA-NB,Brantville,CA-NB-127
New Brunswick,CA-NB,Breadalbane,CA-NB-128
New Brunswick,CA-NB,Brewers Mill,CA-NB-129
New Brunswick,CA-NB,Briggs Corner Queens Co,CA-NB-130
New Brunswick,CA-NB,Bristol,CA-NB-131
New Brunswick,CA-NB,Bristol Junction,CA-NB-132
New Brunswick,CA-NB,British Settlement,CA-NB-133
New Brunswick,CA-NB,Brockway,CA-NB-134
New Brunswick,CA-NB,Bronson Settlement,CA-NB-135
New Brunswick,CA-NB,Brookville,CA-NB-136
New Brunswick,CA-NB,Browns Flat,CA-NB-137
New Brunswick,CA-NB,Browns Yard,CA-NB-138
New Brunswick,CA-NB,Brunswick Mines,CA-NB-139
New Brunswick,CA-NB,Bryenton,CA-NB-140
New Brunswick,CA-NB,Bubartown,CA-NB-141
New Brunswick,CA-NB,Bull Lake,CA-NB-142
New Brunswick,CA-NB,Bulls Creek,CA-NB-143
New Brunswick,CA-NB,Burnsville,CA-NB-144
New Brunswick,CA-NB,Burnt Church,CA-NB-145
New Brunswick,CA-NB,Burnt Church First Nation,CA-NB-146
New Brunswick,CA-NB,Burnt Hill,CA-NB-147
New Brunswick,CA-NB,Burntland Brook,CA-NB-148
New Brunswick,CA-NB,Burpee,CA-NB-149
New Brunswick,CA-NB,Burton,CA-NB-150
New Brunswick,CA-NB,Burtts Corner,CA-NB-151
New Brunswick,CA-NB,Cails Mills,CA-NB-152
New Brunswick,CA-NB,Cains River,CA-NB-153
New Brunswick,CA-NB,Caissie Road,CA-NB-154
New Brunswick,CA-NB,Caithness,CA-NB-155
New Brunswick,CA-NB,Calders Head,CA-NB-156
New Brunswick,CA-NB,Caledonia Mountain,CA-NB-157
New Brunswick,CA-NB,Calhoun,CA-NB-158
New Brunswick,CA-NB,California Settlement,CA-NB-159
New Brunswick,CA-NB,Cambridge-Narrows,CA-NB-160
New Brunswick,CA-NB,Campbell Settlement,CA-NB-161
New Brunswick,CA-NB,Campbell Settlement York Co,CA-NB-162
New Brunswick,CA-NB,Campbellton,CA-NB-163
New Brunswick,CA-NB,Canaan Forks,CA-NB-164
New Brunswick,CA-NB,Canaan Station,CA-NB-165
New Brunswick,CA-NB,Canal,CA-NB-166
New Brunswick,CA-NB,Canisto,CA-NB-167
New Brunswick,CA-NB,Canobie,CA-NB-168
New Brunswick,CA-NB,Canoose,CA-NB-169
New Brunswick,CA-NB,Canterbury,CA-NB-170
New Brunswick,CA-NB,Canton des Basques,CA-NB-171
New Brunswick,CA-NB,Cap-Bateau,CA-NB-172
New Brunswick,CA-NB,Cape Spear,CA-NB-173
New Brunswick,CA-NB,Cape Station,CA-NB-174
New Brunswick,CA-NB,Cape Tormentine,CA-NB-175
New Brunswick,CA-NB,Cap-Pele,CA-NB-176
New Brunswick,CA-NB,Caraquet,CA-NB-177
New Brunswick,CA-NB,Cardigan,CA-NB-178
New Brunswick,CA-NB,Carlingford,CA-NB-179
New Brunswick,CA-NB,Carlisle,CA-NB-180
New Brunswick,CA-NB,Carlow,CA-NB-181
New Brunswick,CA-NB,Carrol Ridge,CA-NB-182
New Brunswick,CA-NB,Carrolls Crossing,CA-NB-183
New Brunswick,CA-NB,Carsonville,CA-NB-184
New Brunswick,CA-NB,Carters Point,CA-NB-185
New Brunswick,CA-NB,Cassidy Lake,CA-NB-186
New Brunswick,CA-NB,Cassillis,CA-NB-187
New Brunswick,CA-NB,Cedar Camp,CA-NB-188
New Brunswick,CA-NB,Central Blissville,CA-NB-189
New Brunswick,CA-NB,Central Greenwich,CA-NB-190
New Brunswick,CA-NB,Central Hainesville,CA-NB-191
New Brunswick,CA-NB,Central Hampstead,CA-NB-192
New Brunswick,CA-NB,Central Waterville,CA-NB-193
New Brunswick,CA-NB,Centre Village,CA-NB-194
New Brunswick,CA-NB,Centreville,CA-NB-195
New Brunswick,CA-NB,Chamberlain Settlement,CA-NB-196
New Brunswick,CA-NB,Chambers Settlement,CA-NB-197
New Brunswick,CA-NB,Chamcook,CA-NB-198
New Brunswick,CA-NB,Chance Harbour,CA-NB-199
New Brunswick,CA-NB,Chaplin Island Road,CA-NB-200
New Brunswick,CA-NB,Charleston,CA-NB-201
New Brunswick,CA-NB,Charlie Lake,CA-NB-202
New Brunswick,CA-NB,Charlo,CA-NB-203
New Brunswick,CA-NB,Charlo South,CA-NB-204
New Brunswick,CA-NB,Charters Settlement,CA-NB-205
New Brunswick,CA-NB,Chelmsford,CA-NB-206
New Brunswick,CA-NB,Cherry Burton,CA-NB-207
New Brunswick,CA-NB,Chiasson Office,CA-NB-208
New Brunswick,CA-NB,Childs Creek,CA-NB-209
New Brunswick,CA-NB,Chipman,CA-NB-210
New Brunswick,CA-NB,Chocolate Cove,CA-NB-211
New Brunswick,CA-NB,Clair,CA-NB-212
New Brunswick,CA-NB,Clairville,CA-NB-213
New Brunswick,CA-NB,Clarendon,CA-NB-214
New Brunswick,CA-NB,Clarks Corner,CA-NB-215
New Brunswick,CA-NB,Clarkville,CA-NB-216
New Brunswick,CA-NB,Clearview,CA-NB-217
New Brunswick,CA-NB,Clifton,CA-NB-218
New Brunswick,CA-NB,Clifton Royal,CA-NB-219
New Brunswick,CA-NB,Clover Hill,CA-NB-220
New Brunswick,CA-NB,Clover Valley,CA-NB-221
New Brunswick,CA-NB,Cloverdale,CA-NB-222
New Brunswick,CA-NB,Coal Branch,CA-NB-223
New Brunswick,CA-NB,Coal Creek,CA-NB-224
New Brunswick,CA-NB,Coburg,CA-NB-225
New Brunswick,CA-NB,Cocagne,CA-NB-226
New Brunswick,CA-NB,Codys,CA-NB-227
New Brunswick,CA-NB,Coldstream,CA-NB-228
New Brunswick,CA-NB,Coles Island Queens Co,CA-NB-229
New Brunswick,CA-NB,Collette,CA-NB-230
New Brunswick,CA-NB,Collina,CA-NB-231
New Brunswick,CA-NB,Colpitts Settlement,CA-NB-232
New Brunswick,CA-NB,Connell,CA-NB-233
New Brunswick,CA-NB,Cookville,CA-NB-234
New Brunswick,CA-NB,Cormier-Village,CA-NB-235
New Brunswick,CA-NB,Cornhill,CA-NB-236
New Brunswick,CA-NB,Coteau Road,CA-NB-237
New Brunswick,CA-NB,Craig Flats,CA-NB-238
New Brunswick,CA-NB,Crocker Hill,CA-NB-239
New Brunswick,CA-NB,Crombie Settlement,CA-NB-240
New Brunswick,CA-NB,Cross Creek,CA-NB-241
New Brunswick,CA-NB,Cumberland Bay,CA-NB-242
New Brunswick,CA-NB,Cummings Cove,CA-NB-243
New Brunswick,CA-NB,Currie Siding,CA-NB-244
New Brunswick,CA-NB,Currieburg,CA-NB-245
New Brunswick,CA-NB,Curryville,CA-NB-246
New Brunswick,CA-NB,Curventon,CA-NB-247
New Brunswick,CA-NB,Dalhousie,CA-NB-248
New Brunswick,CA-NB,Dalhousie Junction,CA-NB-249
New Brunswick,CA-NB,Damascus,CA-NB-250
New Brunswick,CA-NB,Darlings Island,CA-NB-251
New Brunswick,CA-NB,Dauversiere,CA-NB-252
New Brunswick,CA-NB,Dawson Settlement,CA-NB-253
New Brunswick,CA-NB,Dawsonville,CA-NB-254
New Brunswick,CA-NB,Dead Creek,CA-NB-255
New Brunswick,CA-NB,Debec,CA-NB-256
New Brunswick,CA-NB,Deersdale,CA-NB-257
New Brunswick,CA-NB,Deerville,CA-NB-258
New Brunswick,CA-NB,Dennis Beach,CA-NB-259
New Brunswick,CA-NB,Derby,CA-NB-260
New Brunswick,CA-NB,Derby Junction,CA-NB-261
New Brunswick,CA-NB,Dewolfe,CA-NB-262
New Brunswick,CA-NB,Dieppe,CA-NB-263
New Brunswick,CA-NB,Digdeguash,CA-NB-264
New Brunswick,CA-NB,Dipper Harbour,CA-NB-265
New Brunswick,CA-NB,Divide,CA-NB-266
New Brunswick,CA-NB,Doaktown,CA-NB-267
New Brunswick,CA-NB,Dobson Corner,CA-NB-268
New Brunswick,CA-NB,Donegal,CA-NB-269
New Brunswick,CA-NB,Dorchester,CA-NB-270
New Brunswick,CA-NB,Dorchester Cape,CA-NB-271
New Brunswick,CA-NB,Dorrington Hill,CA-NB-272
New Brunswick,CA-NB,Douglas,CA-NB-273
New Brunswick,CA-NB,Douglas Harbour,CA-NB-274
New Brunswick,CA-NB,Dow Settlement,CA-NB-275
New Brunswick,CA-NB,Doyles Brook,CA-NB-276
New Brunswick,CA-NB,Drummond,CA-NB-277
New Brunswick,CA-NB,Drurys Cove,CA-NB-278
New Brunswick,CA-NB,Dsl de Drummond,CA-NB-279
New Brunswick,CA-NB,Dsl de Grand-Sault/Falls,CA-NB-280
New Brunswick,CA-NB,Dsl de Saint-Andre,CA-NB-281
New Brunswick,CA-NB,Dubee Settlement,CA-NB-282
New Brunswick,CA-NB,Dufferin Charlotte Co,CA-NB-283
New Brunswick,CA-NB,Dufferin Queens Co,CA-NB-284
New Brunswick,CA-NB,Dugas,CA-NB-285
New Brunswick,CA-NB,Duguayville,CA-NB-286
New Brunswick,CA-NB,Dumfries,CA-NB-287
New Brunswick,CA-NB,Dundas,CA-NB-288
New Brunswick,CA-NB,Dundee,CA-NB-289
New Brunswick,CA-NB,Dunlop,CA-NB-290
New Brunswick,CA-NB,Dunsinane,CA-NB-291
New Brunswick,CA-NB,Durham Bridge,CA-NB-292
New Brunswick,CA-NB,Dutch Valley,CA-NB-293
New Brunswick,CA-NB,East Branch,CA-NB-294
New Brunswick,CA-NB,East Brighton,CA-NB-295
New Brunswick,CA-NB,East Centreville,CA-NB-296
New Brunswick,CA-NB,East Coldstream,CA-NB-297
New Brunswick,CA-NB,East Newbridge,CA-NB-298
New Brunswick,CA-NB,Edgetts Landing,CA-NB-299
New Brunswick,CA-NB,Edmundston,CA-NB-300
New Brunswick,CA-NB,Eel Ground,CA-NB-301
New Brunswick,CA-NB,Eel River Bar First Nation,CA-NB-302
New Brunswick,CA-NB,Eel River Cove,CA-NB-303
New Brunswick,CA-NB,Eel River Crossing,CA-NB-304
New Brunswick,CA-NB,Eel River Lake,CA-NB-305
New Brunswick,CA-NB,Elgin,CA-NB-306
New Brunswick,CA-NB,Elm Hill,CA-NB-307
New Brunswick,CA-NB,Elmsville,CA-NB-308
New Brunswick,CA-NB,Elmwood,CA-NB-309
New Brunswick,CA-NB,English Settlement,CA-NB-310
New Brunswick,CA-NB,Enterprise,CA-NB-311
New Brunswick,CA-NB,Erb Settlement,CA-NB-312
New Brunswick,CA-NB,Erbs Cove,CA-NB-313
New Brunswick,CA-NB,Escuminac,CA-NB-314
New Brunswick,CA-NB,Estey's Bridge,CA-NB-315
New Brunswick,CA-NB,Evandale,CA-NB-316
New Brunswick,CA-NB,Evangeline,CA-NB-317
New Brunswick,CA-NB,Evans Road,CA-NB-318
New Brunswick,CA-NB,Everett,CA-NB-319
New Brunswick,CA-NB,Exmoor,CA-NB-320
New Brunswick,CA-NB,Fairfield,CA-NB-321
New Brunswick,CA-NB,Fairfield Westmorland Co,CA-NB-322
New Brunswick,CA-NB,Fairhaven,CA-NB-323
New Brunswick,CA-NB,Fairisle,CA-NB-324
New Brunswick,CA-NB,Fairvale,CA-NB-325
New Brunswick,CA-NB,Fawcett Hill,CA-NB-326
New Brunswick,CA-NB,Fielding,CA-NB-327
New Brunswick,CA-NB,Flatlands,CA-NB-328
New Brunswick,CA-NB,Flemington,CA-NB-329
New Brunswick,CA-NB,Florenceville,CA-NB-330
New Brunswick,CA-NB,Flowers Cove,CA-NB-331
New Brunswick,CA-NB,Flume Ridge,CA-NB-332
New Brunswick,CA-NB,Ford Bank,CA-NB-333
New Brunswick,CA-NB,Fords Mills,CA-NB-334
New Brunswick,CA-NB,Forest City,CA-NB-335
New Brunswick,CA-NB,Forest Glen,CA-NB-336
New Brunswick,CA-NB,Fosterville,CA-NB-337
New Brunswick,CA-NB,Four Corners,CA-NB-338
New Brunswick,CA-NB,Four Falls,CA-NB-339
New Brunswick,CA-NB,Four Roads,CA-NB-340
New Brunswick,CA-NB,Fredericksburg,CA-NB-341
New Brunswick,CA-NB,Fredericton,CA-NB-342
New Brunswick,CA-NB,Fredericton Junction,CA-NB-343
New Brunswick,CA-NB,Free Grant,CA-NB-344
New Brunswick,CA-NB,French Lake,CA-NB-345
New Brunswick,CA-NB,French Village Kings Co,CA-NB-346
New Brunswick,CA-NB,French Village-York,CA-NB-347
New Brunswick,CA-NB,Frosty Hollow,CA-NB-348
New Brunswick,CA-NB,Fundy National Park,CA-NB-349
New Brunswick,CA-NB,Gagetown,CA-NB-350
New Brunswick,CA-NB,Gallagher Ridge,CA-NB-351
New Brunswick,CA-NB,Galloway,CA-NB-352
New Brunswick,CA-NB,Gardiner Point,CA-NB-353
New Brunswick,CA-NB,Gardner Creek,CA-NB-354
New Brunswick,CA-NB,Garnett Settlement,CA-NB-355
New Brunswick,CA-NB,Gaspereau Forks,CA-NB-356
New Brunswick,CA-NB,Gauvreau,CA-NB-357
New Brunswick,CA-NB,Geary,CA-NB-358
New Brunswick,CA-NB,Germantown,CA-NB-359
New Brunswick,CA-NB,Giants Glen,CA-NB-360
New Brunswick,CA-NB,Gladeside,CA-NB-361
New Brunswick,CA-NB,Gladwyn,CA-NB-362
New Brunswick,CA-NB,Glassville,CA-NB-363
New Brunswick,CA-NB,Glencoe,CA-NB-364
New Brunswick,CA-NB,Glenlevit,CA-NB-365
New Brunswick,CA-NB,Glenvale,CA-NB-366
New Brunswick,CA-NB,Glenwood,CA-NB-367
New Brunswick,CA-NB,Glenwood Kings Co,CA-NB-368
New Brunswick,CA-NB,Gloucester Junction,CA-NB-369
New Brunswick,CA-NB,Good Corner,CA-NB-370
New Brunswick,CA-NB,Goodwin Mill,CA-NB-371
New Brunswick,CA-NB,Gordonsville,CA-NB-372
New Brunswick,CA-NB,Grafton,CA-NB-373
New Brunswick,CA-NB,Grand Bay-Westfield,CA-NB-374
New Brunswick,CA-NB,Grand Falls,CA-NB-375
New Brunswick,CA-NB,Grand Lake Road,CA-NB-376
New Brunswick,CA-NB,Grand Manan,CA-NB-377
New Brunswick,CA-NB,Grand-Barachois,CA-NB-378
New Brunswick,CA-NB,Grande-Anse,CA-NB-379
New Brunswick,CA-NB,Grande-Digue,CA-NB-380
New Brunswick,CA-NB,Grand-Sault/Grand Falls,CA-NB-381
New Brunswick,CA-NB,Gravel Hill,CA-NB-382
New Brunswick,CA-NB,Gray Rapids,CA-NB-383
New Brunswick,CA-NB,Greater Lakeburn,CA-NB-384
New Brunswick,CA-NB,Green Hill,CA-NB-385
New Brunswick,CA-NB,Green Mountain,CA-NB-386
New Brunswick,CA-NB,Green Road,CA-NB-387
New Brunswick,CA-NB,Greenfield,CA-NB-388
New Brunswick,CA-NB,Greenhill Lake,CA-NB-389
New Brunswick,CA-NB,Gregg Settlement,CA-NB-390
New Brunswick,CA-NB,Grove Hill,CA-NB-391
New Brunswick,CA-NB,Hacheyville,CA-NB-392
New Brunswick,CA-NB,Halcomb,CA-NB-393
New Brunswick,CA-NB,Hammondvale,CA-NB-394
New Brunswick,CA-NB,Hampstead,CA-NB-395
New Brunswick,CA-NB,Hampton,CA-NB-396
New Brunswick,CA-NB,Hamtown Corner,CA-NB-397
New Brunswick,CA-NB,Haneytown,CA-NB-398
New Brunswick,CA-NB,Hanford Brook,CA-NB-399
New Brunswick,CA-NB,Hanwell,CA-NB-400
New Brunswick,CA-NB,Harcourt,CA-NB-401
New Brunswick,CA-NB,Hardwicke,CA-NB-402
New Brunswick,CA-NB,Hardwood Ridge,CA-NB-403
New Brunswick,CA-NB,Harewood,CA-NB-404
New Brunswick,CA-NB,Hartfield,CA-NB-405
New Brunswick,CA-NB,Hartford,CA-NB-406
New Brunswick,CA-NB,Hartin Settlement,CA-NB-407
New Brunswick,CA-NB,Hartland,CA-NB-408
New Brunswick,CA-NB,Hartley Settlement,CA-NB-409
New Brunswick,CA-NB,Harvey Albert Co,CA-NB-410
New Brunswick,CA-NB,Harvey Station,CA-NB-411
New Brunswick,CA-NB,Harvey York Co,CA-NB-412
New Brunswick,CA-NB,Hatfield Point,CA-NB-413
New Brunswick,CA-NB,Haut Sheila,CA-NB-414
New Brunswick,CA-NB,Haute-Aboujagane,CA-NB-415
New Brunswick,CA-NB,Haut-Lameque,CA-NB-416
New Brunswick,CA-NB,Haut-Paquetville,CA-NB-417
New Brunswick,CA-NB,Haut-Riviere-du-Portage,CA-NB-418
New Brunswick,CA-NB,Haut-Saint-Antoine,CA-NB-419
New Brunswick,CA-NB,Haut-Shippagan,CA-NB-420
New Brunswick,CA-NB,Havelock,CA-NB-421
New Brunswick,CA-NB,Hawkins Corner,CA-NB-422
New Brunswick,CA-NB,Hawkshaw,CA-NB-423
New Brunswick,CA-NB,Hay Settlement,CA-NB-424
New Brunswick,CA-NB,Hayesville,CA-NB-425
New Brunswick,CA-NB,Hayman Hill,CA-NB-426
New Brunswick,CA-NB,Hazeldean,CA-NB-427
New Brunswick,CA-NB,Hazelton,CA-NB-428
New Brunswick,CA-NB,Head of Millstream,CA-NB-429
New Brunswick,CA-NB,Heathland,CA-NB-430
New Brunswick,CA-NB,Hebert,CA-NB-431
New Brunswick,CA-NB,Hebron,CA-NB-432
New Brunswick,CA-NB,Henderson Settlement,CA-NB-433
New Brunswick,CA-NB,Hersonville,CA-NB-434
New Brunswick,CA-NB,Hibernia Cove,CA-NB-435
New Brunswick,CA-NB,Hicksville,CA-NB-436
New Brunswick,CA-NB,Highfield,CA-NB-437
New Brunswick,CA-NB,Hillandale,CA-NB-438
New Brunswick,CA-NB,Hillgrove,CA-NB-439
New Brunswick,CA-NB,Hillsborough,CA-NB-440
New Brunswick,CA-NB,Hillsborough West,CA-NB-441
New Brunswick,CA-NB,Hillsdale,CA-NB-442
New Brunswick,CA-NB,Hilltop,CA-NB-443
New Brunswick,CA-NB,Holmesville,CA-NB-444
New Brunswick,CA-NB,Holtville,CA-NB-445
New Brunswick,CA-NB,Honeydale,CA-NB-446
New Brunswick,CA-NB,Hopewell Cape,CA-NB-447
New Brunswick,CA-NB,Hopewell Hill,CA-NB-448
New Brunswick,CA-NB,Howard,CA-NB-449
New Brunswick,CA-NB,Howard Brook,CA-NB-450
New Brunswick,CA-NB,Howland Ridge,CA-NB-451
New Brunswick,CA-NB,Hoyt,CA-NB-452
New Brunswick,CA-NB,Hunters Home,CA-NB-453
New Brunswick,CA-NB,Immigrant Road,CA-NB-454
New Brunswick,CA-NB,Indian Island,CA-NB-455
New Brunswick,CA-NB,Indian Mountain,CA-NB-456
New Brunswick,CA-NB,Inkerman,CA-NB-457
New Brunswick,CA-NB,Inkerman Ferry,CA-NB-458
New Brunswick,CA-NB,Intervale,CA-NB-459
New Brunswick,CA-NB,Irish Settlement,CA-NB-460
New Brunswick,CA-NB,Irishtown,CA-NB-461
New Brunswick,CA-NB,Iron Bound Cove,CA-NB-462
New Brunswick,CA-NB,Island View,CA-NB-463
New Brunswick,CA-NB,Jackson Falls,CA-NB-464
New Brunswick,CA-NB,Jacksontown,CA-NB-465
New Brunswick,CA-NB,Jacksonville,CA-NB-466
New Brunswick,CA-NB,Janeville,CA-NB-467
New Brunswick,CA-NB,Jardineville,CA-NB-468
New Brunswick,CA-NB,Jeffries Corner,CA-NB-469
New Brunswick,CA-NB,Jemseg,CA-NB-470
New Brunswick,CA-NB,Jewetts Mills,CA-NB-471
New Brunswick,CA-NB,Johnson Settlement Charlotte C,CA-NB-472
New Brunswick,CA-NB,Johnson Settlement York Co,CA-NB-473
New Brunswick,CA-NB,Johnson's Mills,CA-NB-474
New Brunswick,CA-NB,Johnston Point,CA-NB-475
New Brunswick,CA-NB,Johnville,CA-NB-476
New Brunswick,CA-NB,Jolicure,CA-NB-477
New Brunswick,CA-NB,Jordan Mountain,CA-NB-478
New Brunswick,CA-NB,Juniper,CA-NB-479
New Brunswick,CA-NB,Kars,CA-NB-480
New Brunswick,CA-NB,Kedgwick,CA-NB-481
New Brunswick,CA-NB,Kedgwick Nord,CA-NB-482
New Brunswick,CA-NB,Kedgwick Ouest,CA-NB-483
New Brunswick,CA-NB,Kedgwick River,CA-NB-484
New Brunswick,CA-NB,Kedgwick Sud,CA-NB-485
New Brunswick,CA-NB,Keenans,CA-NB-486
New Brunswick,CA-NB,Keirsteadville,CA-NB-487
New Brunswick,CA-NB,Kent Junction,CA-NB-488
New Brunswick,CA-NB,Keswick,CA-NB-489
New Brunswick,CA-NB,Keswick Ridge,CA-NB-490
New Brunswick,CA-NB,Kierstead Mountain,CA-NB-491
New Brunswick,CA-NB,Kilburn,CA-NB-492
New Brunswick,CA-NB,Killams Mills,CA-NB-493
New Brunswick,CA-NB,Killarney Road,CA-NB-494
New Brunswick,CA-NB,Killoween,CA-NB-495
New Brunswick,CA-NB,Kincardine,CA-NB-496
New Brunswick,CA-NB,Kings Landing Historical Settl,CA-NB-497
New Brunswick,CA-NB,Kingsclear First Nation,CA-NB-498
New Brunswick,CA-NB,Kingsley,CA-NB-499
New Brunswick,CA-NB,Kingston,CA-NB-500
New Brunswick,CA-NB,Kinnear Settlement,CA-NB-501
New Brunswick,CA-NB,Kirkland,CA-NB-502
New Brunswick,CA-NB,Knightville,CA-NB-503
New Brunswick,CA-NB,Knowlesville,CA-NB-504
New Brunswick,CA-NB,Kouchibouguac,CA-NB-505
New Brunswick,CA-NB,Kouchibouguac National Park,CA-NB-506
New Brunswick,CA-NB,Lac Baker,CA-NB-507
New Brunswick,CA-NB,Lagaceville,CA-NB-508
New Brunswick,CA-NB,Lake Edward,CA-NB-509
New Brunswick,CA-NB,Lake George,CA-NB-510
New Brunswick,CA-NB,Lakeside,CA-NB-511
New Brunswick,CA-NB,Laketon,CA-NB-512
New Brunswick,CA-NB,Lakeville,CA-NB-513
New Brunswick,CA-NB,Lakeville Carleton Co,CA-NB-514
New Brunswick,CA-NB,Lakeville Corner,CA-NB-515
New Brunswick,CA-NB,Lakeville-Westmorland,CA-NB-516
New Brunswick,CA-NB,Lambert's Cove,CA-NB-517
New Brunswick,CA-NB,Lambertville,CA-NB-518
New Brunswick,CA-NB,Lameque,CA-NB-519
New Brunswick,CA-NB,Landry Office,CA-NB-520
New Brunswick,CA-NB,Lansdowne,CA-NB-521
New Brunswick,CA-NB,Laplante,CA-NB-522
New Brunswick,CA-NB,Lavillette,CA-NB-523
New Brunswick,CA-NB,Lawrence Station,CA-NB-524
New Brunswick,CA-NB,Le Goulet,CA-NB-525
New Brunswick,CA-NB,Lee Settlement,CA-NB-526
New Brunswick,CA-NB,Leech,CA-NB-527
New Brunswick,CA-NB,Leonard Colony,CA-NB-528
New Brunswick,CA-NB,Leonardville,CA-NB-529
New Brunswick,CA-NB,Lepreau,CA-NB-530
New Brunswick,CA-NB,Letang,CA-NB-531
New Brunswick,CA-NB,L'Etete,CA-NB-532
New Brunswick,CA-NB,Leverville,CA-NB-533
New Brunswick,CA-NB,Lewis Mountain,CA-NB-534
New Brunswick,CA-NB,Limekiln,CA-NB-535
New Brunswick,CA-NB,Limestone,CA-NB-536
New Brunswick,CA-NB,Lincoln,CA-NB-537
New Brunswick,CA-NB,Lindsay,CA-NB-538
New Brunswick,CA-NB,Linton Corner,CA-NB-539
New Brunswick,CA-NB,Lisson Settlement,CA-NB-540
New Brunswick,CA-NB,Little Bartibog,CA-NB-541
New Brunswick,CA-NB,Little Lepreau,CA-NB-542
New Brunswick,CA-NB,Little Ridge,CA-NB-543
New Brunswick,CA-NB,Little River Albert Co,CA-NB-544
New Brunswick,CA-NB,Little River Gloucester Co,CA-NB-545
New Brunswick,CA-NB,Little River Hill,CA-NB-546
New Brunswick,CA-NB,Little Salmon River West,CA-NB-547
New Brunswick,CA-NB,Little Shemogue,CA-NB-548
New Brunswick,CA-NB,Lockstead,CA-NB-549
New Brunswick,CA-NB,Long Creek,CA-NB-550
New Brunswick,CA-NB,Long Point,CA-NB-551
New Brunswick,CA-NB,Long Reach,CA-NB-552
New Brunswick,CA-NB,Long Settlement,CA-NB-553
New Brunswick,CA-NB,Lord's Cove,CA-NB-554
New Brunswick,CA-NB,Lorne,CA-NB-555
New Brunswick,CA-NB,Losier Settlement,CA-NB-556
New Brunswick,CA-NB,Lower Brighton,CA-NB-557
New Brunswick,CA-NB,Lower Cambridge,CA-NB-558
New Brunswick,CA-NB,Lower Cape,CA-NB-559
New Brunswick,CA-NB,Lower Cove,CA-NB-560
New Brunswick,CA-NB,Lower Coverdale,CA-NB-561
New Brunswick,CA-NB,Lower Derby,CA-NB-562
New Brunswick,CA-NB,Lower Greenwich,CA-NB-563
New Brunswick,CA-NB,Lower Hainesville,CA-NB-564
New Brunswick,CA-NB,Lower Kingsclear,CA-NB-565
New Brunswick,CA-NB,Lower Kintore,CA-NB-566
New Brunswick,CA-NB,Lower Knoxford,CA-NB-567
New Brunswick,CA-NB,Lower Millstream,CA-NB-568
New Brunswick,CA-NB,Lower Newcastle,CA-NB-569
New Brunswick,CA-NB,Lower Norton,CA-NB-570
New Brunswick,CA-NB,Lower Queensbury,CA-NB-571
New Brunswick,CA-NB,Lower St Marys,CA-NB-572
New Brunswick,CA-NB,Lower Woodstock,CA-NB-573
New Brunswick,CA-NB,Ludlow,CA-NB-574
New Brunswick,CA-NB,Lugar,CA-NB-575
New Brunswick,CA-NB,Lutes Mountain,CA-NB-576
New Brunswick,CA-NB,Lynnfield,CA-NB-577
New Brunswick,CA-NB,Lyttleton,CA-NB-578
New Brunswick,CA-NB,Macdougall Settlement,CA-NB-579
New Brunswick,CA-NB,Maces Bay,CA-NB-580
New Brunswick,CA-NB,Maclaggan Bridge,CA-NB-581
New Brunswick,CA-NB,Mactaquac,CA-NB-582
New Brunswick,CA-NB,Madawaska Maliseet Frst Nation,CA-NB-583
New Brunswick,CA-NB,Madran,CA-NB-584
New Brunswick,CA-NB,Main River,CA-NB-585
New Brunswick,CA-NB,Mainstream,CA-NB-586
New Brunswick,CA-NB,Maisonnette,CA-NB-587
New Brunswick,CA-NB,Malden,CA-NB-588
New Brunswick,CA-NB,Maltempec,CA-NB-589
New Brunswick,CA-NB,Mannhurst,CA-NB-590
New Brunswick,CA-NB,Mann's Mountain,CA-NB-591
New Brunswick,CA-NB,Maple Glen,CA-NB-592
New Brunswick,CA-NB,Maple Grove,CA-NB-593
New Brunswick,CA-NB,Maple Ridge,CA-NB-594
New Brunswick,CA-NB,Maple View,CA-NB-595
New Brunswick,CA-NB,Mapledale,CA-NB-596
New Brunswick,CA-NB,Maplehurst,CA-NB-597
New Brunswick,CA-NB,Maplewood,CA-NB-598
New Brunswick,CA-NB,Maquapit Lake,CA-NB-599
New Brunswick,CA-NB,Markhamville,CA-NB-600
New Brunswick,CA-NB,Marne,CA-NB-601
New Brunswick,CA-NB,Marrtown,CA-NB-602
New Brunswick,CA-NB,Mascarene,CA-NB-603
New Brunswick,CA-NB,Mates Corner,CA-NB-604
New Brunswick,CA-NB,Matthews Settlement,CA-NB-605
New Brunswick,CA-NB,Maugerville,CA-NB-606
New Brunswick,CA-NB,Maxwell,CA-NB-607
New Brunswick,CA-NB,Mayfield,CA-NB-608
New Brunswick,CA-NB,Mazerolle Settlement,CA-NB-609
New Brunswick,CA-NB,McAdam,CA-NB-610
New Brunswick,CA-NB,McGivney,CA-NB-611
New Brunswick,CA-NB,McIntosh Hill,CA-NB-612
New Brunswick,CA-NB,McKees Mills,CA-NB-613
New Brunswick,CA-NB,McKenna,CA-NB-614
New Brunswick,CA-NB,McKenzie Corner,CA-NB-615
New Brunswick,CA-NB,McKinleyville,CA-NB-616
New Brunswick,CA-NB,McLaughlin,CA-NB-617
New Brunswick,CA-NB,McLeod Hill,CA-NB-618
New Brunswick,CA-NB,McLeods,CA-NB-619
New Brunswick,CA-NB,McNamee,CA-NB-620
New Brunswick,CA-NB,Meadow Brook,CA-NB-621
New Brunswick,CA-NB,Mechanic Settlement,CA-NB-622
New Brunswick,CA-NB,Medford,CA-NB-623
New Brunswick,CA-NB,Meductic,CA-NB-624
New Brunswick,CA-NB,Melrose,CA-NB-625
New Brunswick,CA-NB,Memramcook,CA-NB-626
New Brunswick,CA-NB,Memramcook East,CA-NB-627
New Brunswick,CA-NB,Menneval,CA-NB-628
New Brunswick,CA-NB,Middle Hainesville,CA-NB-629
New Brunswick,CA-NB,Middle River,CA-NB-630
New Brunswick,CA-NB,Middle Sackville,CA-NB-631
New Brunswick,CA-NB,Middleton,CA-NB-632
New Brunswick,CA-NB,Midgic,CA-NB-633
New Brunswick,CA-NB,Midland Kings Co,CA-NB-634
New Brunswick,CA-NB,Midland Queens Co,CA-NB-635
New Brunswick,CA-NB,Midway,CA-NB-636
New Brunswick,CA-NB,Mill Brook,CA-NB-637
New Brunswick,CA-NB,Mill Cove,CA-NB-638
New Brunswick,CA-NB,Millerton,CA-NB-639
New Brunswick,CA-NB,Millville,CA-NB-640
New Brunswick,CA-NB,Minto,CA-NB-641
New Brunswick,CA-NB,Miramichi,CA-NB-642
New Brunswick,CA-NB,Miramichi Bay,CA-NB-643
New Brunswick,CA-NB,Miramichi Road,CA-NB-644
New Brunswick,CA-NB,Miscou,CA-NB-645
New Brunswick,CA-NB,Mispec,CA-NB-646
New Brunswick,CA-NB,Mohannes,CA-NB-647
New Brunswick,CA-NB,Moncton,CA-NB-648
New Brunswick,CA-NB,Monquart,CA-NB-649
New Brunswick,CA-NB,Monteagle,CA-NB-650
New Brunswick,CA-NB,Monument,CA-NB-651
New Brunswick,CA-NB,Moores Mills,CA-NB-652
New Brunswick,CA-NB,Moose Mountain,CA-NB-653
New Brunswick,CA-NB,Moosehorn Creek,CA-NB-654
New Brunswick,CA-NB,Morrell Siding,CA-NB-655
New Brunswick,CA-NB,Morrisdale,CA-NB-656
New Brunswick,CA-NB,Mount Delight,CA-NB-657
New Brunswick,CA-NB,Mount Hebron,CA-NB-658
New Brunswick,CA-NB,Mount Hope,CA-NB-659
New Brunswick,CA-NB,Mount Middleton,CA-NB-660
New Brunswick,CA-NB,Mount Pisgah,CA-NB-661
New Brunswick,CA-NB,Mount Pleasant,CA-NB-662
New Brunswick,CA-NB,Mundleville,CA-NB-663
New Brunswick,CA-NB,Muniac,CA-NB-664
New Brunswick,CA-NB,Murray Corner,CA-NB-665
New Brunswick,CA-NB,Murray Settlement,CA-NB-666
New Brunswick,CA-NB,Musquash,CA-NB-667
New Brunswick,CA-NB,Nackawic,CA-NB-668
New Brunswick,CA-NB,Napadogan,CA-NB-669
New Brunswick,CA-NB,Napan,CA-NB-670
New Brunswick,CA-NB,Nash Creek,CA-NB-671
New Brunswick,CA-NB,Nashwaak Bridge,CA-NB-672
New Brunswick,CA-NB,Nashwaak Village,CA-NB-673
New Brunswick,CA-NB,Nasonworth,CA-NB-674
New Brunswick,CA-NB,Nauwigewauk,CA-NB-675
New Brunswick,CA-NB,Neguac,CA-NB-676
New Brunswick,CA-NB,Nelson Hollow,CA-NB-677
New Brunswick,CA-NB,Nepisiguit Falls,CA-NB-678
New Brunswick,CA-NB,Nerepis,CA-NB-679
New Brunswick,CA-NB,New Avon,CA-NB-680
New Brunswick,CA-NB,New Bandon Gloucester Co,CA-NB-681
New Brunswick,CA-NB,New Bandon Northumb Co,CA-NB-682
New Brunswick,CA-NB,New Canaan,CA-NB-683
New Brunswick,CA-NB,New Denmark,CA-NB-684
New Brunswick,CA-NB,New England Settlement,CA-NB-685
New Brunswick,CA-NB,New Horton,CA-NB-686
New Brunswick,CA-NB,New Jersey,CA-NB-687
New Brunswick,CA-NB,New Line,CA-NB-688
New Brunswick,CA-NB,New Market,CA-NB-689
New Brunswick,CA-NB,New Maryland,CA-NB-690
New Brunswick,CA-NB,New Mills,CA-NB-691
New Brunswick,CA-NB,New River Beach,CA-NB-692
New Brunswick,CA-NB,New Scotland,CA-NB-693
New Brunswick,CA-NB,New Zion,CA-NB-694
New Brunswick,CA-NB,Newbridge,CA-NB-695
New Brunswick,CA-NB,Newburg,CA-NB-696
New Brunswick,CA-NB,Newcastle Centre,CA-NB-697
New Brunswick,CA-NB,Newcastle Creek,CA-NB-698
New Brunswick,CA-NB,Newtown,CA-NB-699
New Brunswick,CA-NB,Nicholas Denys,CA-NB-700
New Brunswick,CA-NB,Nictau,CA-NB-701
New Brunswick,CA-NB,Nigadoo,CA-NB-702
New Brunswick,CA-NB,Noinville,CA-NB-703
New Brunswick,CA-NB,Noonan,CA-NB-704
New Brunswick,CA-NB,North Forks,CA-NB-705
New Brunswick,CA-NB,North Lake,CA-NB-706
New Brunswick,CA-NB,North Shannonvale,CA-NB-707
New Brunswick,CA-NB,North Tay,CA-NB-708
New Brunswick,CA-NB,North Tetagouche,CA-NB-709
New Brunswick,CA-NB,North View,CA-NB-710
New Brunswick,CA-NB,Northampton,CA-NB-711
New Brunswick,CA-NB,Northern Harbour,CA-NB-712
New Brunswick,CA-NB,Norton,CA-NB-713
New Brunswick,CA-NB,Nortondale,CA-NB-714
New Brunswick,CA-NB,Notre Dame de Lourdes,CA-NB-715
New Brunswick,CA-NB,Notre-Dame,CA-NB-716
New Brunswick,CA-NB,Notre-Dame-des-Erables,CA-NB-717
New Brunswick,CA-NB,Oak Bay,CA-NB-718
New Brunswick,CA-NB,Oak Haven,CA-NB-719
New Brunswick,CA-NB,Oak Hill,CA-NB-720
New Brunswick,CA-NB,Oak Mountain,CA-NB-721
New Brunswick,CA-NB,Oak Point,CA-NB-722
New Brunswick,CA-NB,Oak Point Kings Co,CA-NB-723
New Brunswick,CA-NB,Oakland,CA-NB-724
New Brunswick,CA-NB,Oakville,CA-NB-725
New Brunswick,CA-NB,Odell,CA-NB-726
New Brunswick,CA-NB,Old Avon,CA-NB-727
New Brunswick,CA-NB,Old Ridge,CA-NB-728
New Brunswick,CA-NB,Orange Hill,CA-NB-729
New Brunswick,CA-NB,Oromocto,CA-NB-730
New Brunswick,CA-NB,Osborne Corner,CA-NB-731
New Brunswick,CA-NB,Otter Creek,CA-NB-732
New Brunswick,CA-NB,Oxbow,CA-NB-733
New Brunswick,CA-NB,Pabineau Falls,CA-NB-734
New Brunswick,CA-NB,Pabineau First Nation,CA-NB-735
New Brunswick,CA-NB,Paquetville,CA-NB-736
New Brunswick,CA-NB,Parker Ridge,CA-NB-737
New Brunswick,CA-NB,Parker Road,CA-NB-738
New Brunswick,CA-NB,Parkindale,CA-NB-739
New Brunswick,CA-NB,Parlee Brook,CA-NB-740
New Brunswick,CA-NB,Parleeville,CA-NB-741
New Brunswick,CA-NB,Passekeag,CA-NB-742
New Brunswick,CA-NB,Pearsonville,CA-NB-743
New Brunswick,CA-NB,Peel,CA-NB-744
New Brunswick,CA-NB,Pelerin,CA-NB-745
New Brunswick,CA-NB,Pemberton Ridge,CA-NB-746
New Brunswick,CA-NB,Pembroke,CA-NB-747
New Brunswick,CA-NB,Pennfield,CA-NB-748
New Brunswick,CA-NB,Penniac,CA-NB-749
New Brunswick,CA-NB,Penobsquis,CA-NB-750
New Brunswick,CA-NB,Perry Settlement,CA-NB-751
New Brunswick,CA-NB,Perth-Andover,CA-NB-752
New Brunswick,CA-NB,Petit Tracadie,CA-NB-753
New Brunswick,CA-NB,Petit-Cap,CA-NB-754
New Brunswick,CA-NB,Petitcodiac,CA-NB-755
New Brunswick,CA-NB,Petitcodiac East,CA-NB-756
New Brunswick,CA-NB,Petite-Lameque,CA-NB-757
New Brunswick,CA-NB,Petite-Riviere-de-l'Ile,CA-NB-758
New Brunswick,CA-NB,Petit-Paquetville,CA-NB-759
New Brunswick,CA-NB,Petit-Rocher,CA-NB-760
New Brunswick,CA-NB,Petit-Rocher-Nord,CA-NB-761
New Brunswick,CA-NB,Petit-Rocher-Ouest,CA-NB-762
New Brunswick,CA-NB,Petit-Rocher-Sud,CA-NB-763
New Brunswick,CA-NB,Petit-Shippagan,CA-NB-764
New Brunswick,CA-NB,Picadilly,CA-NB-765
New Brunswick,CA-NB,Picketts Cove,CA-NB-766
New Brunswick,CA-NB,Piercemont,CA-NB-767
New Brunswick,CA-NB,Pigeon Hill,CA-NB-768
New Brunswick,CA-NB,Pine Glen,CA-NB-769
New Brunswick,CA-NB,Pine Ridge,CA-NB-770
New Brunswick,CA-NB,Pineville,CA-NB-771
New Brunswick,CA-NB,Plaster Rock,CA-NB-772
New Brunswick,CA-NB,Pleasant Ridge Char County,CA-NB-773
New Brunswick,CA-NB,Pleasant Ridge Kings Co,CA-NB-774
New Brunswick,CA-NB,Pleasant Villa,CA-NB-775
New Brunswick,CA-NB,Plumweseep,CA-NB-776
New Brunswick,CA-NB,Plymouth,CA-NB-777
New Brunswick,CA-NB,Pocologan,CA-NB-778
New Brunswick,CA-NB,Point de Bute,CA-NB-779
New Brunswick,CA-NB,Point la Nim,CA-NB-780
New Brunswick,CA-NB,Pointe A Bouleau,CA-NB-781
New Brunswick,CA-NB,Pointe a Tom,CA-NB-782
New Brunswick,CA-NB,Pointe des Robichaud,CA-NB-783
New Brunswick,CA-NB,Pointe Dixon Point,CA-NB-784
New Brunswick,CA-NB,Pointe-Alexandre,CA-NB-785
New Brunswick,CA-NB,Pointe-Brule,CA-NB-786
New Brunswick,CA-NB,Pointe-Canot,CA-NB-787
New Brunswick,CA-NB,Pointe-du-Chene,CA-NB-788
New Brunswick,CA-NB,Pointe-Sapin,CA-NB-789
New Brunswick,CA-NB,Pointe-Sauvage,CA-NB-790
New Brunswick,CA-NB,Pointe-Verte,CA-NB-791
New Brunswick,CA-NB,Poirier Subdivision,CA-NB-792
New Brunswick,CA-NB,Pokemouche,CA-NB-793
New Brunswick,CA-NB,Pokeshaw,CA-NB-794
New Brunswick,CA-NB,Pokesudie,CA-NB-795
New Brunswick,CA-NB,Pokiok,CA-NB-796
New Brunswick,CA-NB,Pole Hill,CA-NB-797
New Brunswick,CA-NB,Pollett River,CA-NB-798
New Brunswick,CA-NB,Pomeroy Ridge,CA-NB-799
New Brunswick,CA-NB,Pondstream,CA-NB-800
New Brunswick,CA-NB,Pont Lafrance,CA-NB-801
New Brunswick,CA-NB,Pont Landry,CA-NB-802
New Brunswick,CA-NB,Poodiac,CA-NB-803
New Brunswick,CA-NB,Port Elgin,CA-NB-804
New Brunswick,CA-NB,Portage,CA-NB-805
New Brunswick,CA-NB,Portage St-Louis,CA-NB-806
New Brunswick,CA-NB,Portage Vale,CA-NB-807
New Brunswick,CA-NB,Porter Cove,CA-NB-808
New Brunswick,CA-NB,Priceville,CA-NB-809
New Brunswick,CA-NB,Prince of Wales,CA-NB-810
New Brunswick,CA-NB,Prince William,CA-NB-811
New Brunswick,CA-NB,Princess Park,CA-NB-812
New Brunswick,CA-NB,Printz Cove,CA-NB-813
New Brunswick,CA-NB,Prosser Brook,CA-NB-814
New Brunswick,CA-NB,Public Landing,CA-NB-815
New Brunswick,CA-NB,Quaker Brook,CA-NB-816
New Brunswick,CA-NB,Quarryville,CA-NB-817
New Brunswick,CA-NB,Queenstown,CA-NB-818
New Brunswick,CA-NB,Quispamsis,CA-NB-819
New Brunswick,CA-NB,Rang-Saint-Georges,CA-NB-820
New Brunswick,CA-NB,Ratter Corner,CA-NB-821
New Brunswick,CA-NB,Red Bank,CA-NB-822
New Brunswick,CA-NB,Red Bank Queens Co,CA-NB-823
New Brunswick,CA-NB,Red Bank Reserve,CA-NB-824
New Brunswick,CA-NB,Red Bridge,CA-NB-825
New Brunswick,CA-NB,Red Rapids,CA-NB-826
New Brunswick,CA-NB,Red Rock,CA-NB-827
New Brunswick,CA-NB,Redmondville,CA-NB-828
New Brunswick,CA-NB,Renauds Mills,CA-NB-829
New Brunswick,CA-NB,Renforth,CA-NB-830
New Brunswick,CA-NB,Renous,CA-NB-831
New Brunswick,CA-NB,Rexton,CA-NB-832
New Brunswick,CA-NB,Riceville,CA-NB-833
New Brunswick,CA-NB,Richardson,CA-NB-834
New Brunswick,CA-NB,Richibouctou-Village,CA-NB-835
New Brunswick,CA-NB,Richibucto,CA-NB-836
New Brunswick,CA-NB,Richibucto Road,CA-NB-837
New Brunswick,CA-NB,Richibucto-Village,CA-NB-838
New Brunswick,CA-NB,Richmond Corner,CA-NB-839
New Brunswick,CA-NB,Richmond Settlement,CA-NB-840
New Brunswick,CA-NB,Riley Brook,CA-NB-841
New Brunswick,CA-NB,Rio Grande,CA-NB-842
New Brunswick,CA-NB,Ripples,CA-NB-843
New Brunswick,CA-NB,Ritchie,CA-NB-844
New Brunswick,CA-NB,River de Chute,CA-NB-845
New Brunswick,CA-NB,River Glade,CA-NB-846
New Brunswick,CA-NB,Riverbank Carleton Co,CA-NB-847
New Brunswick,CA-NB,Riverbank Kings Co,CA-NB-848
New Brunswick,CA-NB,Riverbank South,CA-NB-849
New Brunswick,CA-NB,Riverside-Albert,CA-NB-850
New Brunswick,CA-NB,Riverview,CA-NB-851
New Brunswick,CA-NB,Riviere A la Truite,CA-NB-852
New Brunswick,CA-NB,Riviere du Nord,CA-NB-853
New Brunswick,CA-NB,Riviere-du-Portage,CA-NB-854
New Brunswick,CA-NB,Riviere-Verte,CA-NB-855
New Brunswick,CA-NB,Roachville,CA-NB-856
New Brunswick,CA-NB,Robertville,CA-NB-857
New Brunswick,CA-NB,Robichaud Settlement,CA-NB-858
New Brunswick,CA-NB,Robinsonville,CA-NB-859
New Brunswick,CA-NB,Rocheville,CA-NB-860
New Brunswick,CA-NB,Rockland,CA-NB-861
New Brunswick,CA-NB,Rockport,CA-NB-862
New Brunswick,CA-NB,Rogersville,CA-NB-863
New Brunswick,CA-NB,Rogersville-Est,CA-NB-864
New Brunswick,CA-NB,Rogersville-Ouest,CA-NB-865
New Brunswick,CA-NB,Rollingdam,CA-NB-866
New Brunswick,CA-NB,Rosaireville,CA-NB-867
New Brunswick,CA-NB,Rosedale,CA-NB-868
New Brunswick,CA-NB,Rosehill,CA-NB-869
New Brunswick,CA-NB,Rosevale,CA-NB-870
New Brunswick,CA-NB,Rossville,CA-NB-871
New Brunswick,CA-NB,Rothesay,CA-NB-872
New Brunswick,CA-NB,Rough Waters,CA-NB-873
New Brunswick,CA-NB,Rowena,CA-NB-874
New Brunswick,CA-NB,Rowley,CA-NB-875
New Brunswick,CA-NB,Royal Road,CA-NB-876
New Brunswick,CA-NB,Royalton,CA-NB-877
New Brunswick,CA-NB,Rusagonis,CA-NB-878
New Brunswick,CA-NB,Russellville,CA-NB-879
New Brunswick,CA-NB,Sackville,CA-NB-880
New Brunswick,CA-NB,Sackville Road,CA-NB-881
New Brunswick,CA-NB,Saint John,CA-NB-882
New Brunswick,CA-NB,Saint-Amateur,CA-NB-883
New Brunswick,CA-NB,Saint-Andre,CA-NB-884
New Brunswick,CA-NB,Saint-Andre-Leblanc,CA-NB-885
New Brunswick,CA-NB,Saint-Antoine,CA-NB-886
New Brunswick,CA-NB,Saint-Antoine Sud,CA-NB-887
New Brunswick,CA-NB,Saint-Antoine-de-Kent,CA-NB-888
New Brunswick,CA-NB,Saint-Arthur,CA-NB-889
New Brunswick,CA-NB,Saint-Basile,CA-NB-890
New Brunswick,CA-NB,Saint-Charles,CA-NB-891
New Brunswick,CA-NB,Saint-Damien,CA-NB-892
New Brunswick,CA-NB,Sainte Rose,CA-NB-893
New Brunswick,CA-NB,Sainte-Anne Gloucester Co,CA-NB-894
New Brunswick,CA-NB,Sainte-Anne-de-Kent,CA-NB-895
New Brunswick,CA-NB,Sainte-Anne-de-Madawaska,CA-NB-896
New Brunswick,CA-NB,Sainte-Cecile,CA-NB-897
New Brunswick,CA-NB,Sainte-Louise,CA-NB-898
New Brunswick,CA-NB,Sainte-Marie-de-Kent,CA-NB-899
New Brunswick,CA-NB,Sainte-Marie-Saint-Raphael,CA-NB-900
New Brunswick,CA-NB,Sainte-Rosette,CA-NB-901
New Brunswick,CA-NB,Sainte-Therese Sud,CA-NB-902
New Brunswick,CA-NB,Saint-Edouard-de-Kent,CA-NB-903
New Brunswick,CA-NB,Saint-Francois-de-Madawaska,CA-NB-904
New Brunswick,CA-NB,Saint-Gregoire,CA-NB-905
New Brunswick,CA-NB,Saint-Ignace,CA-NB-906
New Brunswick,CA-NB,Saint-Isidore,CA-NB-907
New Brunswick,CA-NB,Saint-Jacques,CA-NB-908
New Brunswick,CA-NB,Saint-Joseph-de-Kent,CA-NB-909
New Brunswick,CA-NB,Saint-Laurent,CA-NB-910
New Brunswick,CA-NB,Saint-Laurent Nord,CA-NB-911
New Brunswick,CA-NB,Saint-Leolin,CA-NB-912
New Brunswick,CA-NB,Saint-Leonard-Parent,CA-NB-913
New Brunswick,CA-NB,Saint-Louis,CA-NB-914
New Brunswick,CA-NB,Saint-Louis-de-Kent,CA-NB-915
New Brunswick,CA-NB,Saint-Martin-de-Restigouche,CA-NB-916
New Brunswick,CA-NB,Saint-Maure,CA-NB-917
New Brunswick,CA-NB,Saint-Maurice,CA-NB-918
New Brunswick,CA-NB,Saint-Norbert,CA-NB-919
New Brunswick,CA-NB,Saint-Paul,CA-NB-920
New Brunswick,CA-NB,Saint-Philippe,CA-NB-921
New Brunswick,CA-NB,Saint-Quentin,CA-NB-922
New Brunswick,CA-NB,Saint-Sauveur,CA-NB-923
New Brunswick,CA-NB,Saint-Simon,CA-NB-924
New Brunswick,CA-NB,Saint-Thomas-de-Kent,CA-NB-925
New Brunswick,CA-NB,Saint-Wilfred,CA-NB-926
New Brunswick,CA-NB,Salem,CA-NB-927
New Brunswick,CA-NB,Salisbury,CA-NB-928
New Brunswick,CA-NB,Salisbury West,CA-NB-929
New Brunswick,CA-NB,Salmon Beach,CA-NB-930
New Brunswick,CA-NB,Salmon Creek,CA-NB-931
New Brunswick,CA-NB,Salmon River Road,CA-NB-932
New Brunswick,CA-NB,Salt Springs,CA-NB-933
New Brunswick,CA-NB,Saumarez,CA-NB-934
New Brunswick,CA-NB,Savoie Landing,CA-NB-935
New Brunswick,CA-NB,Scotch Lake,CA-NB-936
New Brunswick,CA-NB,Scotch Ridge,CA-NB-937
New Brunswick,CA-NB,Scotch Settlement,CA-NB-938
New Brunswick,CA-NB,Scotch Settlement York Co,CA-NB-939
New Brunswick,CA-NB,Scotchtown,CA-NB-940
New Brunswick,CA-NB,Scott Siding,CA-NB-941
New Brunswick,CA-NB,Scoudouc,CA-NB-942
New Brunswick,CA-NB,Scoudouc Road,CA-NB-943
New Brunswick,CA-NB,Sea Side,CA-NB-944
New Brunswick,CA-NB,Searsville,CA-NB-945
New Brunswick,CA-NB,Second Falls,CA-NB-946
New Brunswick,CA-NB,Second North River,CA-NB-947
New Brunswick,CA-NB,Seeleys Cove,CA-NB-948
New Brunswick,CA-NB,Sevogle,CA-NB-949
New Brunswick,CA-NB,Shanklin,CA-NB-950
New Brunswick,CA-NB,Shannon,CA-NB-951
New Brunswick,CA-NB,Shediac,CA-NB-952
New Brunswick,CA-NB,Shediac Bridge,CA-NB-953
New Brunswick,CA-NB,Shediac Bridge-Shediac River,CA-NB-954
New Brunswick,CA-NB,Shediac Cape,CA-NB-955
New Brunswick,CA-NB,Shediac River,CA-NB-956
New Brunswick,CA-NB,Sheffield,CA-NB-957
New Brunswick,CA-NB,Shemogue,CA-NB-958
New Brunswick,CA-NB,Shenstone,CA-NB-959
New Brunswick,CA-NB,Shepody Albert Co,CA-NB-960
New Brunswick,CA-NB,Shepody Kings Co,CA-NB-961
New Brunswick,CA-NB,Shippagan,CA-NB-962
New Brunswick,CA-NB,Siegas,CA-NB-963
New Brunswick,CA-NB,Sillikers,CA-NB-964
New Brunswick,CA-NB,Simonds,CA-NB-965
New Brunswick,CA-NB,Sisson Brook,CA-NB-966
New Brunswick,CA-NB,Sisson Ridge,CA-NB-967
New Brunswick,CA-NB,Six Roads,CA-NB-968
New Brunswick,CA-NB,Skiff Lake,CA-NB-969
New Brunswick,CA-NB,Slope,CA-NB-970
New Brunswick,CA-NB,Smith Crossing,CA-NB-971
New Brunswick,CA-NB,Smithfield,CA-NB-972
New Brunswick,CA-NB,Smith's Corner,CA-NB-973
New Brunswick,CA-NB,Smiths Creek,CA-NB-974
New Brunswick,CA-NB,Smithtown,CA-NB-975
New Brunswick,CA-NB,Snider Mountain,CA-NB-976
New Brunswick,CA-NB,Somerville,CA-NB-977
New Brunswick,CA-NB,Sormany,CA-NB-978
New Brunswick,CA-NB,South Branch Kent Co,CA-NB-979
New Brunswick,CA-NB,South Branch Kings Co,CA-NB-980
New Brunswick,CA-NB,South Canaan,CA-NB-981
New Brunswick,CA-NB,South Esk,CA-NB-982
New Brunswick,CA-NB,South Nelson,CA-NB-983
New Brunswick,CA-NB,South Oromocto Lake,CA-NB-984
New Brunswick,CA-NB,South Tetagouche,CA-NB-985
New Brunswick,CA-NB,Southampton,CA-NB-986
New Brunswick,CA-NB,Southfield,CA-NB-987
New Brunswick,CA-NB,Speerville,CA-NB-988
New Brunswick,CA-NB,Springdale,CA-NB-989
New Brunswick,CA-NB,Springfield Kings Co,CA-NB-990
New Brunswick,CA-NB,Springfield York Co,CA-NB-991
New Brunswick,CA-NB,Squaw Cap,CA-NB-992
New Brunswick,CA-NB,St Almo,CA-NB-993
New Brunswick,CA-NB,St Andrews,CA-NB-994
New Brunswick,CA-NB,St Croix,CA-NB-995
New Brunswick,CA-NB,St David Ridge,CA-NB-996
New Brunswick,CA-NB,St George,CA-NB-997
New Brunswick,CA-NB,St Irenee,CA-NB-998
New Brunswick,CA-NB,St Leonard,CA-NB-999
New Brunswick,CA-NB,St Margarets,CA-NB-1000
New Brunswick,CA-NB,St Martins,CA-NB-1001
New Brunswick,CA-NB,St Martins North,CA-NB-1002
New Brunswick,CA-NB,St Pons,CA-NB-1003
New Brunswick,CA-NB,St Stephen,CA-NB-1004
New Brunswick,CA-NB,St Thomas,CA-NB-1005
New Brunswick,CA-NB,Stanley,CA-NB-1006
New Brunswick,CA-NB,St-Antoine Nord,CA-NB-1007
New Brunswick,CA-NB,Staples Settlement,CA-NB-1008
New Brunswick,CA-NB,Ste-Anne-de-Kent,CA-NB-1009
New Brunswick,CA-NB,Steeves Mountain,CA-NB-1010
New Brunswick,CA-NB,Steeves Settlement,CA-NB-1011
New Brunswick,CA-NB,Ste-Marie-de-Kent,CA-NB-1012
New Brunswick,CA-NB,St-Hilaire,CA-NB-1013
New Brunswick,CA-NB,Stickney,CA-NB-1014
New Brunswick,CA-NB,Stilesville,CA-NB-1015
New Brunswick,CA-NB,St-Jean-Baptiste,CA-NB-1016
New Brunswick,CA-NB,St-Joseph-de-Madawaska,CA-NB-1017
New Brunswick,CA-NB,Stonehaven,CA-NB-1018
New Brunswick,CA-NB,Stoney Creek,CA-NB-1019
New Brunswick,CA-NB,Storeytown,CA-NB-1020
New Brunswick,CA-NB,Strathadam,CA-NB-1021
New Brunswick,CA-NB,Stuart Town,CA-NB-1022
New Brunswick,CA-NB,Stymiest,CA-NB-1023
New Brunswick,CA-NB,Summerfield Carleton Co,CA-NB-1024
New Brunswick,CA-NB,Summerfield Kings Co,CA-NB-1025
New Brunswick,CA-NB,Summerville,CA-NB-1026
New Brunswick,CA-NB,Sunny Corner,CA-NB-1027
New Brunswick,CA-NB,Sunnyside Beach,CA-NB-1028
New Brunswick,CA-NB,Sussex,CA-NB-1029
New Brunswick,CA-NB,Sussex Corner,CA-NB-1030
New Brunswick,CA-NB,Sussex East,CA-NB-1031
New Brunswick,CA-NB,Sussex South,CA-NB-1032
New Brunswick,CA-NB,Swan Creek,CA-NB-1033
New Brunswick,CA-NB,Sypher Cove,CA-NB-1034
New Brunswick,CA-NB,Tabusintac,CA-NB-1035
New Brunswick,CA-NB,Targettville,CA-NB-1036
New Brunswick,CA-NB,Taxis River,CA-NB-1037
New Brunswick,CA-NB,Tay Creek,CA-NB-1038
New Brunswick,CA-NB,Tay Falls,CA-NB-1039
New Brunswick,CA-NB,Taylor Village,CA-NB-1040
New Brunswick,CA-NB,Taymouth,CA-NB-1041
New Brunswick,CA-NB,Teeds Mills,CA-NB-1042
New Brunswick,CA-NB,Temperance Vale,CA-NB-1043
New Brunswick,CA-NB,Temple,CA-NB-1044
New Brunswick,CA-NB,Tetagouche Falls,CA-NB-1045
New Brunswick,CA-NB,The Glades,CA-NB-1046
New Brunswick,CA-NB,Three Brooks,CA-NB-1047
New Brunswick,CA-NB,Three Tree Creek,CA-NB-1048
New Brunswick,CA-NB,Tide Head,CA-NB-1049
New Brunswick,CA-NB,Tilley,CA-NB-1050
New Brunswick,CA-NB,Tilley Road,CA-NB-1051
New Brunswick,CA-NB,Timber River,CA-NB-1052
New Brunswick,CA-NB,Tinker,CA-NB-1053
New Brunswick,CA-NB,Titusville,CA-NB-1054
New Brunswick,CA-NB,Tobique First Nation,CA-NB-1055
New Brunswick,CA-NB,Tobique Narrows,CA-NB-1056
New Brunswick,CA-NB,Tower Hill,CA-NB-1057
New Brunswick,CA-NB,Tracadie Beach,CA-NB-1058
New Brunswick,CA-NB,Tracadie-Sheila,CA-NB-1059
New Brunswick,CA-NB,Tracey Mills,CA-NB-1060
New Brunswick,CA-NB,Tracy,CA-NB-1061
New Brunswick,CA-NB,Tracyville,CA-NB-1062
New Brunswick,CA-NB,Tremblay,CA-NB-1063
New Brunswick,CA-NB,Trois-Ruisseaux,CA-NB-1064
New Brunswick,CA-NB,Trout Brook,CA-NB-1065
New Brunswick,CA-NB,Trudel,CA-NB-1066
New Brunswick,CA-NB,Turtle Creek,CA-NB-1067
New Brunswick,CA-NB,Two Brooks,CA-NB-1068
New Brunswick,CA-NB,Tynemouth Creek,CA-NB-1069
New Brunswick,CA-NB,Union Corner,CA-NB-1070
New Brunswick,CA-NB,Upham,CA-NB-1071
New Brunswick,CA-NB,Upper Blackville,CA-NB-1072
New Brunswick,CA-NB,Upper Brighton,CA-NB-1073
New Brunswick,CA-NB,Upper Cape,CA-NB-1074
New Brunswick,CA-NB,Upper Caverhill,CA-NB-1075
New Brunswick,CA-NB,Upper Coverdale,CA-NB-1076
New Brunswick,CA-NB,Upper Derby,CA-NB-1077
New Brunswick,CA-NB,Upper Dorchester,CA-NB-1078
New Brunswick,CA-NB,Upper Gagetown,CA-NB-1079
New Brunswick,CA-NB,Upper Golden Grove,CA-NB-1080
New Brunswick,CA-NB,Upper Hainesville,CA-NB-1081
New Brunswick,CA-NB,Upper Hampstead,CA-NB-1082
New Brunswick,CA-NB,Upper Kent,CA-NB-1083
New Brunswick,CA-NB,Upper Keswick,CA-NB-1084
New Brunswick,CA-NB,Upper Kingsclear,CA-NB-1085
New Brunswick,CA-NB,Upper Kintore,CA-NB-1086
New Brunswick,CA-NB,Upper Knoxford,CA-NB-1087
New Brunswick,CA-NB,Upper Letang,CA-NB-1088
New Brunswick,CA-NB,Upper Loch Lomond,CA-NB-1089
New Brunswick,CA-NB,Upper Mills,CA-NB-1090
New Brunswick,CA-NB,Upper Queensbury,CA-NB-1091
New Brunswick,CA-NB,Upper Rexton,CA-NB-1092
New Brunswick,CA-NB,Upper Rockport,CA-NB-1093
New Brunswick,CA-NB,Upper Sackville,CA-NB-1094
New Brunswick,CA-NB,Upper Salmon Creek,CA-NB-1095
New Brunswick,CA-NB,Upper Tracy,CA-NB-1096
New Brunswick,CA-NB,Upper Woodstock,CA-NB-1097
New Brunswick,CA-NB,Upperton,CA-NB-1098
New Brunswick,CA-NB,Upsalquitch,CA-NB-1099
New Brunswick,CA-NB,Utopia,CA-NB-1100
New Brunswick,CA-NB,Val Comeau,CA-NB-1101
New Brunswick,CA-NB,Val-d'Amour,CA-NB-1102
New Brunswick,CA-NB,Val-Doucet,CA-NB-1103
New Brunswick,CA-NB,Valley Road,CA-NB-1104
New Brunswick,CA-NB,Verret,CA-NB-1105
New Brunswick,CA-NB,Vespra,CA-NB-1106
New Brunswick,CA-NB,Victoria Corner,CA-NB-1107
New Brunswick,CA-NB,Village Blanchard,CA-NB-1108
New Brunswick,CA-NB,Village-des-Poirier,CA-NB-1109
New Brunswick,CA-NB,Village-Saint-Laurent,CA-NB-1110
New Brunswick,CA-NB,Vinegar Hill,CA-NB-1111
New Brunswick,CA-NB,Waasis,CA-NB-1112
New Brunswick,CA-NB,Wakefield,CA-NB-1113
New Brunswick,CA-NB,Walker Settlement,CA-NB-1114
New Brunswick,CA-NB,Wapske,CA-NB-1115
New Brunswick,CA-NB,Ward Settlement,CA-NB-1116
New Brunswick,CA-NB,Wards Creek,CA-NB-1117
New Brunswick,CA-NB,Warwick Settlement,CA-NB-1118
New Brunswick,CA-NB,Waterborough,CA-NB-1119
New Brunswick,CA-NB,Waterford,CA-NB-1120
New Brunswick,CA-NB,Waterside,CA-NB-1121
New Brunswick,CA-NB,Waterville Carleton Co,CA-NB-1122
New Brunswick,CA-NB,Waterville-Sunbury,CA-NB-1123
New Brunswick,CA-NB,Waweig,CA-NB-1124
New Brunswick,CA-NB,Wayerton,CA-NB-1125
New Brunswick,CA-NB,Weaver,CA-NB-1126
New Brunswick,CA-NB,Weaver Siding,CA-NB-1127
New Brunswick,CA-NB,Weldon,CA-NB-1128
New Brunswick,CA-NB,Welsford,CA-NB-1129
New Brunswick,CA-NB,Welshpool,CA-NB-1130
New Brunswick,CA-NB,West Branch,CA-NB-1131
New Brunswick,CA-NB,West Florenceville,CA-NB-1132
New Brunswick,CA-NB,West Quaco,CA-NB-1133
New Brunswick,CA-NB,West River,CA-NB-1134
New Brunswick,CA-NB,Westcock,CA-NB-1135
New Brunswick,CA-NB,Weston,CA-NB-1136
New Brunswick,CA-NB,Wheaton Settlement,CA-NB-1137
New Brunswick,CA-NB,White Head,CA-NB-1138
New Brunswick,CA-NB,White Head Island,CA-NB-1139
New Brunswick,CA-NB,White Rapids,CA-NB-1140
New Brunswick,CA-NB,Whites Brook,CA-NB-1141
New Brunswick,CA-NB,Whites Cove,CA-NB-1142
New Brunswick,CA-NB,Whites Mountain,CA-NB-1143
New Brunswick,CA-NB,Whitney,CA-NB-1144
New Brunswick,CA-NB,Wickham,CA-NB-1145
New Brunswick,CA-NB,Wicklow,CA-NB-1146
New Brunswick,CA-NB,Wiggins Mill,CA-NB-1147
New Brunswick,CA-NB,Williamsburg,CA-NB-1148
New Brunswick,CA-NB,Williamstown,CA-NB-1149
New Brunswick,CA-NB,Williamstown Carleton Co,CA-NB-1150
New Brunswick,CA-NB,Willow Grove,CA-NB-1151
New Brunswick,CA-NB,Wilmot,CA-NB-1152
New Brunswick,CA-NB,Wilsons Beach,CA-NB-1153
Newfoundland,CA-NL,Black Duck Siding,CA-NL-0
Newfoundland,CA-NL,Burgeo,CA-NL-1
Newfoundland,CA-NL,Conception Bay South,CA-NL-2
Newfoundland,CA-NL,Corner Brook,CA-NL-3
Newfoundland,CA-NL,Foxtrap,CA-NL-4
Newfoundland,CA-NL,Francois,CA-NL-5
Newfoundland,CA-NL,Gander,CA-NL-6
Newfoundland,CA-NL,Grand Falls-Windsor,CA-NL-7
Newfoundland,CA-NL,Grey River,CA-NL-8
Newfoundland,CA-NL,Kelligrews,CA-NL-9
Newfoundland,CA-NL,Kippens,CA-NL-10
Newfoundland,CA-NL,McCallum,CA-NL-11
Newfoundland,CA-NL,Monkstown,CA-NL-12
Newfoundland,CA-NL,Mount Pearl,CA-NL-13
Newfoundland,CA-NL,Paradise,CA-NL-14
Newfoundland,CA-NL,Petit Forte,CA-NL-15
Newfoundland,CA-NL,Portugal Cove-St Philips,CA-NL-16
Newfoundland,CA-NL,Ramea,CA-NL-17
Newfoundland,CA-NL,Seal Cove CB,CA-NL-18
Newfoundland,CA-NL,South East Bight,CA-NL-19
Newfoundland,CA-NL,St. John's,CA-NL-20
Newfoundland,CA-NL,Topsail,CA-NL-21
Newfoundland,CA-NL,Upper Gullies,CA-NL-22
Northwest Territories,CA-NT,Aklavik,CA-NT-0
Northwest Territories,CA-NT,Colville Lake,CA-NT-1
Northwest Territories,CA-NT,Deline,CA-NT-2
Northwest Territories,CA-NT,Enterprise,CA-NT-3
Northwest Territories,CA-NT,Fort Good Hope,CA-NT-4
Northwest Territories,CA-NT,Fort Liard,CA-NT-5
Northwest Territories,CA-NT,Fort McPherson,CA-NT-6
Northwest Territories,CA-NT,Fort Providence,CA-NT-7
Northwest Territories,CA-NT,Fort Resolution,CA-NT-8
Northwest Territories,CA-NT,Fort Simpson,CA-NT-9
Northwest Territories,CA-NT,Fort Smith,CA-NT-10
Northwest Territories,CA-NT,Hay River,CA-NT-11
Northwest Territories,CA-NT,Holman,CA-NT-12
Northwest Territories,CA-NT,Inuvik,CA-NT-13
Northwest Territories,CA-NT,Lutselk'e,CA-NT-14
Northwest Territories,CA-NT,Norman Wells,CA-NT-15
Northwest Territories,CA-NT,Paulatuk,CA-NT-16
Northwest Territories,CA-NT,Rae Edzo,CA-NT-17
Northwest Territories,CA-NT,Rae Lakes,CA-NT-18
Northwest Territories,CA-NT,Sachs Harbour,CA-NT-19
Northwest Territories,CA-NT,Trout Lake,CA-NT-20
Northwest Territories,CA-NT,Tsiigehtchic,CA-NT-21
Northwest Territories,CA-NT,Tuktoyaktuk,CA-NT-22
Northwest Territories,CA-NT,Tulita,CA-NT-23
Northwest Territories,CA-NT,Wekweti,CA-NT-24
Northwest Territories,CA-NT,Wha Ti,CA-NT-25
Nova Scotia,CA-NS,Advocate Harbour,CA-NS-0
Nova Scotia,CA-NS,Afton Station,CA-NS-1
Nova Scotia,CA-NS,Albert Bridge,CA-NS-2
Nova Scotia,CA-NS,Alder Point,CA-NS-3
Nova Scotia,CA-NS,Amherst,CA-NS-4
Nova Scotia,CA-NS,Annapolis Royal,CA-NS-5
Nova Scotia,CA-NS,Antigonish,CA-NS-6
Nova Scotia,CA-NS,Arcadia,CA-NS-7
Nova Scotia,CA-NS,Arichat,CA-NS-8
Nova Scotia,CA-NS,Askilton,CA-NS-9
Nova Scotia,CA-NS,Aspen,CA-NS-10
Nova Scotia,CA-NS,Auburn,CA-NS-11
Nova Scotia,CA-NS,Avonport,CA-NS-12
Nova Scotia,CA-NS,Aylesford,CA-NS-13
Nova Scotia,CA-NS,Baccaro,CA-NS-14
Nova Scotia,CA-NS,Baddeck,CA-NS-15
Nova Scotia,CA-NS,Bald Rock,CA-NS-16
Nova Scotia,CA-NS,Balls Creek,CA-NS-17
Nova Scotia,CA-NS,Barneys River Station,CA-NS-18
Nova Scotia,CA-NS,Barr Settlement,CA-NS-19
Nova Scotia,CA-NS,Barra Glen,CA-NS-20
Nova Scotia,CA-NS,Barrachois,CA-NS-21
Nova Scotia,CA-NS,Barrington,CA-NS-22
Nova Scotia,CA-NS,Barrington Passage,CA-NS-23
Nova Scotia,CA-NS,Barss Corners,CA-NS-24
Nova Scotia,CA-NS,Barton,CA-NS-25
Nova Scotia,CA-NS,Bass River,CA-NS-26
Nova Scotia,CA-NS,Bateston,CA-NS-27
Nova Scotia,CA-NS,Bayside,CA-NS-28
Nova Scotia,CA-NS,Bear Cove,CA-NS-29
Nova Scotia,CA-NS,Bear River,CA-NS-30
Nova Scotia,CA-NS,Beaver Bank,CA-NS-31
Nova Scotia,CA-NS,Beaver Cove,CA-NS-32
Nova Scotia,CA-NS,Bedford,CA-NS-33
Nova Scotia,CA-NS,Beechmont,CA-NS-34
Nova Scotia,CA-NS,Beechville,CA-NS-35
Nova Scotia,CA-NS,Belle Cote,CA-NS-36
Nova Scotia,CA-NS,Belle Marche,CA-NS-37
Nova Scotia,CA-NS,Belliveau Cove,CA-NS-38
Nova Scotia,CA-NS,Belmont,CA-NS-39
Nova Scotia,CA-NS,Belnan,CA-NS-40
Nova Scotia,CA-NS,Ben Eoin,CA-NS-41
Nova Scotia,CA-NS,Benacadie,CA-NS-42
Nova Scotia,CA-NS,Berwick,CA-NS-43
Nova Scotia,CA-NS,Bickerton West,CA-NS-44
Nova Scotia,CA-NS,Big Beach,CA-NS-45
Nova Scotia,CA-NS,Big Bras d'Or,CA-NS-46
Nova Scotia,CA-NS,Big Pond,CA-NS-47
Nova Scotia,CA-NS,Big Pond Centre,CA-NS-48
Nova Scotia,CA-NS,Big Ridge,CA-NS-49
Nova Scotia,CA-NS,Birch Grove,CA-NS-50
Nova Scotia,CA-NS,Black Brook,CA-NS-51
Nova Scotia,CA-NS,Black Point,CA-NS-52
Nova Scotia,CA-NS,Black Rock,CA-NS-53
Nova Scotia,CA-NS,Blacketts Lake,CA-NS-54
Nova Scotia,CA-NS,Blandford,CA-NS-55
Nova Scotia,CA-NS,Blind Bay,CA-NS-56
Nova Scotia,CA-NS,Block House,CA-NS-57
Nova Scotia,CA-NS,Boisdale,CA-NS-58
Nova Scotia,CA-NS,Boularderie Center,CA-NS-59
Nova Scotia,CA-NS,Boularderie East,CA-NS-60
Nova Scotia,CA-NS,Boutiliers Point,CA-NS-61
Nova Scotia,CA-NS,Boylston,CA-NS-62
Nova Scotia,CA-NS,Bras d'Or,CA-NS-63
Nova Scotia,CA-NS,Bridgetown,CA-NS-64
Nova Scotia,CA-NS,Bridgewater,CA-NS-65
Nova Scotia,CA-NS,Brookfield,CA-NS-66
Nova Scotia,CA-NS,Brooklyn,CA-NS-67
Nova Scotia,CA-NS,Brookside,CA-NS-68
Nova Scotia,CA-NS,Broughton,CA-NS-69
Nova Scotia,CA-NS,Caledonia,CA-NS-70
Nova Scotia,CA-NS,Cambridge Station,CA-NS-71
Nova Scotia,CA-NS,Canning,CA-NS-72
Nova Scotia,CA-NS,Canso,CA-NS-73
Nova Scotia,CA-NS,Cape Dauphin,CA-NS-74
Nova Scotia,CA-NS,Cape Negro,CA-NS-75
Nova Scotia,CA-NS,Cape North,CA-NS-76
Nova Scotia,CA-NS,Capstick,CA-NS-77
Nova Scotia,CA-NS,Carabou Marsh,CA-NS-78
Nova Scotia,CA-NS,Caribou Marsh,CA-NS-79
Nova Scotia,CA-NS,Carleton,CA-NS-80
Nova Scotia,CA-NS,Castle Bay,CA-NS-81
Nova Scotia,CA-NS,Catalone,CA-NS-82
Nova Scotia,CA-NS,Catalone Gut,CA-NS-83
Nova Scotia,CA-NS,Centre Burlington,CA-NS-84
Nova Scotia,CA-NS,Centreville,CA-NS-85
Nova Scotia,CA-NS,Cherry Brook,CA-NS-86
Nova Scotia,CA-NS,Chester,CA-NS-87
Nova Scotia,CA-NS,Chester Basin,CA-NS-88
Nova Scotia,CA-NS,Cheticamp,CA-NS-89
Nova Scotia,CA-NS,Cheverie,CA-NS-90
Nova Scotia,CA-NS,Christmas Island,CA-NS-91
Nova Scotia,CA-NS,Church Point,CA-NS-92
Nova Scotia,CA-NS,Clam Point,CA-NS-93
Nova Scotia,CA-NS,Clarks Harbour,CA-NS-94
Nova Scotia,CA-NS,Clementsport,CA-NS-95
Nova Scotia,CA-NS,Clementsvale,CA-NS-96
Nova Scotia,CA-NS,Cleveland,CA-NS-97
Nova Scotia,CA-NS,Clyde River,CA-NS-98
Nova Scotia,CA-NS,Coldbrook,CA-NS-99
Nova Scotia,CA-NS,Cole Harbour,CA-NS-100
Nova Scotia,CA-NS,Collingwood Corner,CA-NS-101
Nova Scotia,CA-NS,Cornwallis,CA-NS-102
Nova Scotia,CA-NS,Coxheath,CA-NS-103
Nova Scotia,CA-NS,Craigmore,CA-NS-104
Nova Scotia,CA-NS,Crandall Road,CA-NS-105
Nova Scotia,CA-NS,Creignish,CA-NS-106
Nova Scotia,CA-NS,Cross Roads Country Harbour,CA-NS-107
Nova Scotia,CA-NS,Crowell,CA-NS-108
Nova Scotia,CA-NS,Currys Corner,CA-NS-109
Nova Scotia,CA-NS,Dalem Lake,CA-NS-110
Nova Scotia,CA-NS,Dartmouth,CA-NS-111
Nova Scotia,CA-NS,Debert,CA-NS-112
Nova Scotia,CA-NS,Deep Brook,CA-NS-113
Nova Scotia,CA-NS,Densmores Mills,CA-NS-114
Nova Scotia,CA-NS,D'Escousse,CA-NS-115
Nova Scotia,CA-NS,Digby,CA-NS-116
Nova Scotia,CA-NS,Diligent River,CA-NS-117
Nova Scotia,CA-NS,Dingwall,CA-NS-118
Nova Scotia,CA-NS,Dominion,CA-NS-119
Nova Scotia,CA-NS,Donkin,CA-NS-120
Nova Scotia,CA-NS,Duncan Cove,CA-NS-121
Nova Scotia,CA-NS,Dutch Brook,CA-NS-122
Nova Scotia,CA-NS,Dutch Settlement,CA-NS-123
Nova Scotia,CA-NS,East Baccaro,CA-NS-124
Nova Scotia,CA-NS,East Bay,CA-NS-125
Nova Scotia,CA-NS,East Dover,CA-NS-126
Nova Scotia,CA-NS,East Gore,CA-NS-127
Nova Scotia,CA-NS,East Lawrencetown,CA-NS-128
Nova Scotia,CA-NS,East Pennant,CA-NS-129
Nova Scotia,CA-NS,East Preston,CA-NS-130
Nova Scotia,CA-NS,Eastern Passage,CA-NS-131
Nova Scotia,CA-NS,Economy,CA-NS-132
Nova Scotia,CA-NS,Edwardsville,CA-NS-133
Nova Scotia,CA-NS,Elderbank,CA-NS-134
Nova Scotia,CA-NS,Ellershouse,CA-NS-135
Nova Scotia,CA-NS,Elmsdale,CA-NS-136
Nova Scotia,CA-NS,Enfield,CA-NS-137
Nova Scotia,CA-NS,Englishtown,CA-NS-138
Nova Scotia,CA-NS,Enon,CA-NS-139
Nova Scotia,CA-NS,Eskasoni,CA-NS-140
Nova Scotia,CA-NS,Eureka,CA-NS-141
Nova Scotia,CA-NS,Fall River,CA-NS-142
Nova Scotia,CA-NS,Falmouth,CA-NS-143
Nova Scotia,CA-NS,Fergusons Cove,CA-NS-144
Nova Scotia,CA-NS,Fishermans Harbour,CA-NS-145
Nova Scotia,CA-NS,Five Islands,CA-NS-146
Nova Scotia,CA-NS,Florence,CA-NS-147
Nova Scotia,CA-NS,Fortress of Louisbourg,CA-NS-148
Nova Scotia,CA-NS,Fourchu,CA-NS-149
Nova Scotia,CA-NS,Framboise,CA-NS-150
Nova Scotia,CA-NS,Framboise Intervale,CA-NS-151
Nova Scotia,CA-NS,Frankville,CA-NS-152
Nova Scotia,CA-NS,Freeport,CA-NS-153
Nova Scotia,CA-NS,French Road,CA-NS-154
Nova Scotia,CA-NS,French Village,CA-NS-155
Nova Scotia,CA-NS,Frenchvale,CA-NS-156
Nova Scotia,CA-NS,Gabarus,CA-NS-157
Nova Scotia,CA-NS,Gabarus Lake,CA-NS-158
Nova Scotia,CA-NS,Gardiner Mines,CA-NS-159
Nova Scotia,CA-NS,Georges River,CA-NS-160
Nova Scotia,CA-NS,Gillis Lake,CA-NS-161
Nova Scotia,CA-NS,Gillis Point,CA-NS-162
Nova Scotia,CA-NS,Glace Bay,CA-NS-163
Nova Scotia,CA-NS,Glen Haven,CA-NS-164
Nova Scotia,CA-NS,Glen Margaret,CA-NS-165
Nova Scotia,CA-NS,Glenwood,CA-NS-166
Nova Scotia,CA-NS,Goffs,CA-NS-167
Nova Scotia,CA-NS,Goldboro,CA-NS-168
Nova Scotia,CA-NS,Goodwood,CA-NS-169
Nova Scotia,CA-NS,Goshen,CA-NS-170
Nova Scotia,CA-NS,Grand Etang,CA-NS-171
Nova Scotia,CA-NS,Grand Lake,CA-NS-172
Nova Scotia,CA-NS,Grand Mira North,CA-NS-173
Nova Scotia,CA-NS,Grand Mira South,CA-NS-174
Nova Scotia,CA-NS,Grand Narrows,CA-NS-175
Nova Scotia,CA-NS,Grand Pre,CA-NS-176
Nova Scotia,CA-NS,Grand River,CA-NS-177
Nova Scotia,CA-NS,Granville Ferry,CA-NS-178
Nova Scotia,CA-NS,Grass Cove,CA-NS-179
Nova Scotia,CA-NS,Great Village,CA-NS-180
Nova Scotia,CA-NS,Greenfield,CA-NS-181
Nova Scotia,CA-NS,Greenwood,CA-NS-182
Nova Scotia,CA-NS,Groves Point,CA-NS-183
Nova Scotia,CA-NS,Guysborough,CA-NS-184
Nova Scotia,CA-NS,Hacketts Cove,CA-NS-185
Nova Scotia,CA-NS,Halibut Bay,CA-NS-186
Nova Scotia,CA-NS,Halifax,CA-NS-187
Nova Scotia,CA-NS,Hammonds Plains,CA-NS-188
Nova Scotia,CA-NS,Hampton,CA-NS-189
Nova Scotia,CA-NS,Hantsport,CA-NS-190
Nova Scotia,CA-NS,Harrietsfield,CA-NS-191
Nova Scotia,CA-NS,Hatchet Lake,CA-NS-192
Nova Scotia,CA-NS,Havre Boucher,CA-NS-193
Nova Scotia,CA-NS,Head of Chezzetcook,CA-NS-194
Nova Scotia,CA-NS,Head of Jeddore,CA-NS-195
Nova Scotia,CA-NS,Head of St Margarets Bay,CA-NS-196
Nova Scotia,CA-NS,Heatherton,CA-NS-197
Nova Scotia,CA-NS,Hebron,CA-NS-198
Nova Scotia,CA-NS,Herring Cove,CA-NS-199
Nova Scotia,CA-NS,Highland Hill,CA-NS-200
Nova Scotia,CA-NS,Hillside Boularderie,CA-NS-201
Nova Scotia,CA-NS,Homeville,CA-NS-202
Nova Scotia,CA-NS,Hopewell,CA-NS-203
Nova Scotia,CA-NS,Howie Center,CA-NS-204
Nova Scotia,CA-NS,Hubbards,CA-NS-205
Nova Scotia,CA-NS,Hubley,CA-NS-206
Nova Scotia,CA-NS,Huntington,CA-NS-207
Nova Scotia,CA-NS,Hunts Point,CA-NS-208
Nova Scotia,CA-NS,Indian Harbour,CA-NS-209
Nova Scotia,CA-NS,Ingomar,CA-NS-210
Nova Scotia,CA-NS,Ingonish,CA-NS-211
Nova Scotia,CA-NS,Ingonish Beach,CA-NS-212
Nova Scotia,CA-NS,Ingramport,CA-NS-213
Nova Scotia,CA-NS,Inverness,CA-NS-214
Nova Scotia,CA-NS,Iona,CA-NS-215
Nova Scotia,CA-NS,Irish Cove,CA-NS-216
Nova Scotia,CA-NS,Irishvale,CA-NS-217
Nova Scotia,CA-NS,Ironville,CA-NS-218
Nova Scotia,CA-NS,Isaacs Harbour,CA-NS-219
Nova Scotia,CA-NS,Islandview,CA-NS-220
Nova Scotia,CA-NS,Italy Cross,CA-NS-221
Nova Scotia,CA-NS,Jamesville,CA-NS-222
Nova Scotia,CA-NS,Jeddore Oyster Ponds,CA-NS-223
Nova Scotia,CA-NS,Joggins,CA-NS-224
Nova Scotia,CA-NS,Jordan Falls,CA-NS-225
Nova Scotia,CA-NS,Judique,CA-NS-226
Nova Scotia,CA-NS,Juniper Mountain,CA-NS-227
Nova Scotia,CA-NS,Kempt Head,CA-NS-228
Nova Scotia,CA-NS,Kemptville,CA-NS-229
Nova Scotia,CA-NS,Kennetcook,CA-NS-230
Nova Scotia,CA-NS,Kentville,CA-NS-231
Nova Scotia,CA-NS,Ketch Harbour,CA-NS-232
Nova Scotia,CA-NS,Kingston,CA-NS-233
Nova Scotia,CA-NS,Kinsac,CA-NS-234
Nova Scotia,CA-NS,La Have,CA-NS-235
Nova Scotia,CA-NS,Lake Charlotte,CA-NS-236
Nova Scotia,CA-NS,Lake Echo,CA-NS-237
Nova Scotia,CA-NS,Lake Fletcher,CA-NS-238
Nova Scotia,CA-NS,Lake Uist,CA-NS-239
Nova Scotia,CA-NS,Lakeside,CA-NS-240
Nova Scotia,CA-NS,Lakeview,CA-NS-241
Nova Scotia,CA-NS,Lantz,CA-NS-242
Nova Scotia,CA-NS,L'Ardoise,CA-NS-243
Nova Scotia,CA-NS,Larrys River,CA-NS-244
Nova Scotia,CA-NS,Lawrencetown,CA-NS-245
Nova Scotia,CA-NS,Leitches Creek,CA-NS-246
Nova Scotia,CA-NS,Lewis Lake,CA-NS-247
Nova Scotia,CA-NS,Lexington,CA-NS-248
Nova Scotia,CA-NS,Lingan,CA-NS-249
Nova Scotia,CA-NS,Lingan Road,CA-NS-250
Nova Scotia,CA-NS,Liscomb,CA-NS-251
Nova Scotia,CA-NS,Little Bras d'Or,CA-NS-252
Nova Scotia,CA-NS,Little Brook,CA-NS-253
Nova Scotia,CA-NS,Little Dover,CA-NS-254
Nova Scotia,CA-NS,Little Lorraine,CA-NS-255
Nova Scotia,CA-NS,Little Narrows,CA-NS-256
Nova Scotia,CA-NS,Little Pond,CA-NS-257
Nova Scotia,CA-NS,Little River,CA-NS-258
Nova Scotia,CA-NS,Little Tancook,CA-NS-259
Nova Scotia,CA-NS,Liverpool,CA-NS-260
Nova Scotia,CA-NS,Loch Lomond,CA-NS-261
Nova Scotia,CA-NS,Lockeport,CA-NS-262
Nova Scotia,CA-NS,Londonderry,CA-NS-263
Nova Scotia,CA-NS,Long Island,CA-NS-264
Nova Scotia,CA-NS,Long Point,CA-NS-265
Nova Scotia,CA-NS,Louisbourg,CA-NS-266
Nova Scotia,CA-NS,Louisdale,CA-NS-267
Nova Scotia,CA-NS,Lower East Pubnico,CA-NS-268
Nova Scotia,CA-NS,Lower Five Islands,CA-NS-269
Nova Scotia,CA-NS,Lower l'Ardoise,CA-NS-270
Nova Scotia,CA-NS,Lower Prospect,CA-NS-271
Nova Scotia,CA-NS,Lower Sackville,CA-NS-272
Nova Scotia,CA-NS,Lower Washabuck,CA-NS-273
Nova Scotia,CA-NS,Lower Wedgeport,CA-NS-274
Nova Scotia,CA-NS,Lower West Pubnico,CA-NS-275
Nova Scotia,CA-NS,Lower Woods Harbour,CA-NS-276
Nova Scotia,CA-NS,Lucasville,CA-NS-277
Nova Scotia,CA-NS,Lunenburg,CA-NS-278
Nova Scotia,CA-NS,Lydgate,CA-NS-279
Nova Scotia,CA-NS,Mabou,CA-NS-280
Nova Scotia,CA-NS,Macadams Lake,CA-NS-281
Nova Scotia,CA-NS,Maccan,CA-NS-282
Nova Scotia,CA-NS,Mackdale,CA-NS-283
Nova Scotia,CA-NS,Mackinnons Harbour,CA-NS-284
Nova Scotia,CA-NS,Mahone Bay,CA-NS-285
Nova Scotia,CA-NS,Main-A-Dieu,CA-NS-286
Nova Scotia,CA-NS,Maitland,CA-NS-287
Nova Scotia,CA-NS,Maitland Bridge,CA-NS-288
Nova Scotia,CA-NS,Malagash,CA-NS-289
Nova Scotia,CA-NS,Margaree,CA-NS-290
Nova Scotia,CA-NS,Margaree Centre,CA-NS-291
Nova Scotia,CA-NS,Margaree Forks,CA-NS-292
Nova Scotia,CA-NS,Margaree Harbour,CA-NS-293
Nova Scotia,CA-NS,Margaree Valley,CA-NS-294
Nova Scotia,CA-NS,Margaretsville,CA-NS-295
Nova Scotia,CA-NS,Marie Joseph,CA-NS-296
Nova Scotia,CA-NS,Marion Bridge,CA-NS-297
Nova Scotia,CA-NS,Mavillette,CA-NS-298
Nova Scotia,CA-NS,McGraths Cove,CA-NS-299
Nova Scotia,CA-NS,McGray,CA-NS-300
Nova Scotia,CA-NS,Meaghers Grant,CA-NS-301
Nova Scotia,CA-NS,Melville,CA-NS-302
Nova Scotia,CA-NS,Merigomish,CA-NS-303
Nova Scotia,CA-NS,Meteghan,CA-NS-304
Nova Scotia,CA-NS,Meteghan Centre,CA-NS-305
Nova Scotia,CA-NS,Meteghan River,CA-NS-306
Nova Scotia,CA-NS,Micmac,CA-NS-307
Nova Scotia,CA-NS,Middle Cape,CA-NS-308
Nova Scotia,CA-NS,Middle Musquodoboit,CA-NS-309
Nova Scotia,CA-NS,Middle Porters Lake,CA-NS-310
Nova Scotia,CA-NS,Middle Sackville,CA-NS-311
Nova Scotia,CA-NS,Middle West Pubnico,CA-NS-312
Nova Scotia,CA-NS,Middleton,CA-NS-313
Nova Scotia,CA-NS,Milford Station,CA-NS-314
Nova Scotia,CA-NS,Mill Creek,CA-NS-315
Nova Scotia,CA-NS,Mill Village,CA-NS-316
Nova Scotia,CA-NS,Millville,CA-NS-317
Nova Scotia,CA-NS,Milton,CA-NS-318
Nova Scotia,CA-NS,Mineville,CA-NS-319
Nova Scotia,CA-NS,Mira Gut,CA-NS-320
Nova Scotia,CA-NS,Mira Road,CA-NS-321
Nova Scotia,CA-NS,Monastery,CA-NS-322
Nova Scotia,CA-NS,Mooseland,CA-NS-323
Nova Scotia,CA-NS,Mosers River,CA-NS-324
Nova Scotia,CA-NS,Mount Uniacke,CA-NS-325
Nova Scotia,CA-NS,Mulgrave,CA-NS-326
Nova Scotia,CA-NS,Musquodoboit Harbour,CA-NS-327
Nova Scotia,CA-NS,Nappan,CA-NS-328
Nova Scotia,CA-NS,Neils Harbour,CA-NS-329
Nova Scotia,CA-NS,New Campbellton,CA-NS-330
Nova Scotia,CA-NS,New Germany,CA-NS-331
Nova Scotia,CA-NS,New Glasgow,CA-NS-332
Nova Scotia,CA-NS,New Harris,CA-NS-333
Nova Scotia,CA-NS,New Haven,CA-NS-334
Nova Scotia,CA-NS,New Minas,CA-NS-335
Nova Scotia,CA-NS,New Ross,CA-NS-336
Nova Scotia,CA-NS,New Victoria,CA-NS-337
Nova Scotia,CA-NS,New Waterford,CA-NS-338
Nova Scotia,CA-NS,Newport,CA-NS-339
Nova Scotia,CA-NS,Newport Station,CA-NS-340
Nova Scotia,CA-NS,Newtown,CA-NS-341
Nova Scotia,CA-NS,Nine Mile River,CA-NS-342
Nova Scotia,CA-NS,Noel,CA-NS-343
Nova Scotia,CA-NS,North East Margaree,CA-NS-344
Nova Scotia,CA-NS,North East Point,CA-NS-345
Nova Scotia,CA-NS,North Preston,CA-NS-346
Nova Scotia,CA-NS,North Sydney,CA-NS-347
Nova Scotia,CA-NS,North West ARM,CA-NS-348
Nova Scotia,CA-NS,Northport,CA-NS-349
Nova Scotia,CA-NS,Northside East Bay,CA-NS-350
Nova Scotia,CA-NS,Oakfield,CA-NS-351
Nova Scotia,CA-NS,Oldham,CA-NS-352
Nova Scotia,CA-NS,Orangedale,CA-NS-353
Nova Scotia,CA-NS,Osborne Harbour,CA-NS-354
Nova Scotia,CA-NS,Ottawa Brook,CA-NS-355
Nova Scotia,CA-NS,Oxford,CA-NS-356
Nova Scotia,CA-NS,Oxford Junction,CA-NS-357
Nova Scotia,CA-NS,Paradise,CA-NS-358
Nova Scotia,CA-NS,Parrsboro,CA-NS-359
Nova Scotia,CA-NS,Peggys Cove,CA-NS-360
Nova Scotia,CA-NS,Petit de Grat,CA-NS-361
Nova Scotia,CA-NS,Petit Etang,CA-NS-362
Nova Scotia,CA-NS,Petite-Riviere-Bridge,CA-NS-363
Nova Scotia,CA-NS,Pictou,CA-NS-364
Nova Scotia,CA-NS,Pictou Island,CA-NS-365
Nova Scotia,CA-NS,Pipers Cove,CA-NS-366
Nova Scotia,CA-NS,Plateau,CA-NS-367
Nova Scotia,CA-NS,Pleasant Bay,CA-NS-368
Nova Scotia,CA-NS,Pleasant Hill,CA-NS-369
Nova Scotia,CA-NS,Pleasantville,CA-NS-370
Nova Scotia,CA-NS,Plympton,CA-NS-371
Nova Scotia,CA-NS,Point Aconi,CA-NS-372
Nova Scotia,CA-NS,Point Cross,CA-NS-373
Nova Scotia,CA-NS,Point Edward,CA-NS-374
Nova Scotia,CA-NS,Point Tupper,CA-NS-375
Nova Scotia,CA-NS,Port Caledonia,CA-NS-376
Nova Scotia,CA-NS,Port Clyde,CA-NS-377
Nova Scotia,CA-NS,Port Dufferin,CA-NS-378
Nova Scotia,CA-NS,Port Greville,CA-NS-379
Nova Scotia,CA-NS,Port Hastings,CA-NS-380
Nova Scotia,CA-NS,Port Hawkesbury,CA-NS-381
Nova Scotia,CA-NS,Port Hood,CA-NS-382
Nova Scotia,CA-NS,Port Howe,CA-NS-383
Nova Scotia,CA-NS,Port Joli,CA-NS-384
Nova Scotia,CA-NS,Port la Tour,CA-NS-385
Nova Scotia,CA-NS,Port Maitland,CA-NS-386
Nova Scotia,CA-NS,Port Malcolm,CA-NS-387
Nova Scotia,CA-NS,Port Medway,CA-NS-388
Nova Scotia,CA-NS,Port Morien,CA-NS-389
Nova Scotia,CA-NS,Port Mouton,CA-NS-390
Nova Scotia,CA-NS,Port Williams,CA-NS-391
Nova Scotia,CA-NS,Portage,CA-NS-392
Nova Scotia,CA-NS,Porters Lake,CA-NS-393
Nova Scotia,CA-NS,Portuguese Cove,CA-NS-394
Nova Scotia,CA-NS,Prime Brook,CA-NS-395
Nova Scotia,CA-NS,Prospect,CA-NS-396
Nova Scotia,CA-NS,Prospect Bay,CA-NS-397
Nova Scotia,CA-NS,Prospect Village,CA-NS-398
Nova Scotia,CA-NS,Pubnico,CA-NS-399
Nova Scotia,CA-NS,Pugwash,CA-NS-400
Nova Scotia,CA-NS,Pugwash Junction,CA-NS-401
Nova Scotia,CA-NS,Queensville,CA-NS-402
Nova Scotia,CA-NS,Red Point,CA-NS-403
Nova Scotia,CA-NS,Reserve Mines,CA-NS-404
Nova Scotia,CA-NS,River Bourgeois,CA-NS-405
Nova Scotia,CA-NS,River Denys,CA-NS-406
Nova Scotia,CA-NS,River Hebert,CA-NS-407
Nova Scotia,CA-NS,River Hebert East,CA-NS-408
Nova Scotia,CA-NS,River John,CA-NS-409
Nova Scotia,CA-NS,River Philip,CA-NS-410
Nova Scotia,CA-NS,River Ryan,CA-NS-411
Nova Scotia,CA-NS,Riverport,CA-NS-412
Nova Scotia,CA-NS,Rock Elm,CA-NS-413
Nova Scotia,CA-NS,Rose Bay,CA-NS-414
Nova Scotia,CA-NS,Ross Ferry,CA-NS-415
Nova Scotia,CA-NS,Round Island,CA-NS-416
Nova Scotia,CA-NS,Sable River,CA-NS-417
Nova Scotia,CA-NS,Salmon River,CA-NS-418
Nova Scotia,CA-NS,Salt Springs Pictou,CA-NS-419
Nova Scotia,CA-NS,Sambro,CA-NS-420
Nova Scotia,CA-NS,Sambro Creek,CA-NS-421
Nova Scotia,CA-NS,Sambro Head,CA-NS-422
Nova Scotia,CA-NS,Sampson Cove,CA-NS-423
Nova Scotia,CA-NS,Sandfield,CA-NS-424
Nova Scotia,CA-NS,Sandy Cove,CA-NS-425
Nova Scotia,CA-NS,Saulnierville,CA-NS-426
Nova Scotia,CA-NS,Scotch Lake,CA-NS-427
Nova Scotia,CA-NS,Scotch Village,CA-NS-428
Nova Scotia,CA-NS,Scotchtown,CA-NS-429
Nova Scotia,CA-NS,Scotsburn,CA-NS-430
Nova Scotia,CA-NS,Scotsville,CA-NS-431
Nova Scotia,CA-NS,Seabright,CA-NS-432
Nova Scotia,CA-NS,Shad Bay,CA-NS-433
Nova Scotia,CA-NS,Shag Harbour,CA-NS-434
Nova Scotia,CA-NS,Shearwater,CA-NS-435
Nova Scotia,CA-NS,Sheet Harbour,CA-NS-436
Nova Scotia,CA-NS,Shelburne,CA-NS-437
Nova Scotia,CA-NS,Shenacadie,CA-NS-438
Nova Scotia,CA-NS,Sherbrooke,CA-NS-439
Nova Scotia,CA-NS,Shubenacadie,CA-NS-440
Nova Scotia,CA-NS,Smiths Cove,CA-NS-441
Nova Scotia,CA-NS,Smithsville,CA-NS-442
Nova Scotia,CA-NS,South Bar,CA-NS-443
Nova Scotia,CA-NS,South Brookfield,CA-NS-444
Nova Scotia,CA-NS,South Head,CA-NS-445
Nova Scotia,CA-NS,South Ohio,CA-NS-446
Nova Scotia,CA-NS,South West Margaree,CA-NS-447
Nova Scotia,CA-NS,Southampton,CA-NS-448
Nova Scotia,CA-NS,Southside Boularderie,CA-NS-449
Nova Scotia,CA-NS,Springfield,CA-NS-450
Nova Scotia,CA-NS,Springhill,CA-NS-451
Nova Scotia,CA-NS,St Andrews,CA-NS-452
Nova Scotia,CA-NS,St Andrews Channel,CA-NS-453
Nova Scotia,CA-NS,St Columba,CA-NS-454
Nova Scotia,CA-NS,St Margaret Village,CA-NS-455
Nova Scotia,CA-NS,St Peters,CA-NS-456
Nova Scotia,CA-NS,Ste Croix,CA-NS-457
Nova Scotia,CA-NS,Ste-Anne-du-Ruisseau,CA-NS-458
Nova Scotia,CA-NS,Stellarton,CA-NS-459
Nova Scotia,CA-NS,Stewiacke,CA-NS-460
Nova Scotia,CA-NS,Stillwater Lake,CA-NS-461
Nova Scotia,CA-NS,Stirling,CA-NS-462
Nova Scotia,CA-NS,St-Joseph-du-Moine,CA-NS-463
Nova Scotia,CA-NS,Stoney Island,CA-NS-464
Nova Scotia,CA-NS,Sugar Camp,CA-NS-465
Nova Scotia,CA-NS,Summerville,CA-NS-466
Nova Scotia,CA-NS,Sunnybrae,CA-NS-467
Nova Scotia,CA-NS,Sydney,CA-NS-468
Nova Scotia,CA-NS,Sydney Forks,CA-NS-469
Nova Scotia,CA-NS,Sydney Mines,CA-NS-470
Nova Scotia,CA-NS,Sydney River,CA-NS-471
Nova Scotia,CA-NS,Tancook Island,CA-NS-472
Nova Scotia,CA-NS,Tangier,CA-NS-473
Nova Scotia,CA-NS,Tantallon,CA-NS-474
Nova Scotia,CA-NS,Tatamagouche,CA-NS-475
Nova Scotia,CA-NS,Terence Bay,CA-NS-476
Nova Scotia,CA-NS,Terence Bay River,CA-NS-477
Nova Scotia,CA-NS,Thomasville,CA-NS-478
Nova Scotia,CA-NS,Thorburn,CA-NS-479
Nova Scotia,CA-NS,Timberlea,CA-NS-480
Nova Scotia,CA-NS,Tiverton,CA-NS-481
Nova Scotia,CA-NS,Tower Road,CA-NS-482
Nova Scotia,CA-NS,Trenton,CA-NS-483
Nova Scotia,CA-NS,Troy,CA-NS-484
Nova Scotia,CA-NS,Truro,CA-NS-485
Nova Scotia,CA-NS,Tusket,CA-NS-486
Nova Scotia,CA-NS,Upper Grand Mira,CA-NS-487
Nova Scotia,CA-NS,Upper Kennetcook,CA-NS-488
Nova Scotia,CA-NS,Upper Leitches Creek,CA-NS-489
Nova Scotia,CA-NS,Upper Musquodoboit,CA-NS-490
Nova Scotia,CA-NS,Upper Nine Mile River,CA-NS-491
Nova Scotia,CA-NS,Upper North Sydney,CA-NS-492
Nova Scotia,CA-NS,Upper Port la Tour,CA-NS-493
Nova Scotia,CA-NS,Upper Rawdon,CA-NS-494
Nova Scotia,CA-NS,Upper Sackville,CA-NS-495
Nova Scotia,CA-NS,Upper Stewiacke,CA-NS-496
Nova Scotia,CA-NS,Upper Tantallon,CA-NS-497
Nova Scotia,CA-NS,Upper Washabuck,CA-NS-498
Nova Scotia,CA-NS,Victoria Mines,CA-NS-499
Nova Scotia,CA-NS,Wagmatcook,CA-NS-500
Nova Scotia,CA-NS,Wallace,CA-NS-501
Nova Scotia,CA-NS,Walton,CA-NS-502
Nova Scotia,CA-NS,Washabuck Centre,CA-NS-503
Nova Scotia,CA-NS,Waterville,CA-NS-504
Nova Scotia,CA-NS,Waverley,CA-NS-505
Nova Scotia,CA-NS,Wedgeport,CA-NS-506
Nova Scotia,CA-NS,Wellington,CA-NS-507
Nova Scotia,CA-NS,Wentworth,CA-NS-508
Nova Scotia,CA-NS,West Arichat,CA-NS-509
Nova Scotia,CA-NS,West Bay,CA-NS-510
Nova Scotia,CA-NS,West Bay Road,CA-NS-511
Nova Scotia,CA-NS,West Dover,CA-NS-512
Nova Scotia,CA-NS,West Pennant,CA-NS-513
Nova Scotia,CA-NS,West Porters Lake,CA-NS-514
Nova Scotia,CA-NS,West Pubnico,CA-NS-515
Nova Scotia,CA-NS,West River Station,CA-NS-516
Nova Scotia,CA-NS,Westchester Station,CA-NS-517
Nova Scotia,CA-NS,Western Shore,CA-NS-518
Nova Scotia,CA-NS,Westmount,CA-NS-519
Nova Scotia,CA-NS,Westphal,CA-NS-520
Nova Scotia,CA-NS,Westport,CA-NS-521
Nova Scotia,CA-NS,Westville,CA-NS-522
Nova Scotia,CA-NS,Weymouth,CA-NS-523
Nova Scotia,CA-NS,Whites Lake,CA-NS-524
Nova Scotia,CA-NS,Whycocomagh,CA-NS-525
Nova Scotia,CA-NS,Williamswood,CA-NS-526
Nova Scotia,CA-NS,Wilmot Station,CA-NS-527
Nunavut,CA-NU,Arctic Bay,CA-NU-0
Nunavut,CA-NU,Arviat,CA-NU-1
Nunavut,CA-NU,Baker Lake,CA-NU-2
Nunavut,CA-NU,Bay Chimo,CA-NU-3
Nunavut,CA-NU,Cambridge Bay,CA-NU-4
Nunavut,CA-NU,Cape Dorset,CA-NU-5
Nunavut,CA-NU,Chesterfield Inlet,CA-NU-6
Nunavut,CA-NU,Clyde River,CA-NU-7
Nunavut,CA-NU,Coral Harbour,CA-NU-8
Nunavut,CA-NU,Eureka,CA-NU-9
Nunavut,CA-NU,Gjoa Haven,CA-NU-10
Nunavut,CA-NU,Grise Fiord,CA-NU-11
Nunavut,CA-NU,Hall Beach,CA-NU-12
Nunavut,CA-NU,Igloolik,CA-NU-13
Nunavut,CA-NU,Iqaluit,CA-NU-14
Nunavut,CA-NU,Kimmirut,CA-NU-15
Nunavut,CA-NU,Kivitoo,CA-NU-16
Nunavut,CA-NU,Kugaaruk,CA-NU-17
Nunavut,CA-NU,Kugluktuk,CA-NU-18
Nunavut,CA-NU,Nanisivik,CA-NU-19
Nunavut,CA-NU,Pangnirtung,CA-NU-20
Nunavut,CA-NU,Polaris,CA-NU-21
Nunavut,CA-NU,Pond Inlet,CA-NU-22
Nunavut,CA-NU,Qikiqtarjuaq,CA-NU-23
Nunavut,CA-NU,Rankin Inlet,CA-NU-24
Nunavut,CA-NU,Repulse Bay,CA-NU-25
Nunavut,CA-NU,Resolute,CA-NU-26
Nunavut,CA-NU,Sanikiluaq,CA-NU-27
Nunavut,CA-NU,Taloyoak,CA-NU-28
Nunavut,CA-NU,Whale Cove,CA-NU-29
Ontario,CA-ON,Acton,CA-ON-0
Ontario,CA-ON,Addison,CA-ON-1
Ontario,CA-ON,Ahmic Harbour,CA-ON-2
Ontario,CA-ON,Ailsa Craig,CA-ON-3
Ontario,CA-ON,Ajax,CA-ON-4
Ontario,CA-ON,Alban,CA-ON-5
Ontario,CA-ON,Alberton,CA-ON-6
Ontario,CA-ON,Alexandria,CA-ON-7
Ontario,CA-ON,Alfred,CA-ON-8
Ontario,CA-ON,Algoma Mills,CA-ON-9
Ontario,CA-ON,Allanburg,CA-ON-10
Ontario,CA-ON,Allenford,CA-ON-11
Ontario,CA-ON,Alliston,CA-ON-12
Ontario,CA-ON,Alma,CA-ON-13
Ontario,CA-ON,Almonte,CA-ON-14
Ontario,CA-ON,Alton,CA-ON-15
Ontario,CA-ON,Alvinston,CA-ON-16
Ontario,CA-ON,Ameliasburg,CA-ON-17
Ontario,CA-ON,Amherstburg,CA-ON-18
Ontario,CA-ON,Amherstview,CA-ON-19
Ontario,CA-ON,Ancaster,CA-ON-20
Ontario,CA-ON,Angling Lake,CA-ON-21
Ontario,CA-ON,Angus,CA-ON-22
Ontario,CA-ON,Annan,CA-ON-23
Ontario,CA-ON,Appin,CA-ON-24
Ontario,CA-ON,Apple Hill,CA-ON-25
Ontario,CA-ON,Apsley,CA-ON-26
Ontario,CA-ON,Arden,CA-ON-27
Ontario,CA-ON,Ardoch,CA-ON-28
Ontario,CA-ON,Ariss,CA-ON-29
Ontario,CA-ON,Arkell,CA-ON-30
Ontario,CA-ON,Arkona,CA-ON-31
Ontario,CA-ON,Armstrong Station,CA-ON-32
Ontario,CA-ON,Arnprior,CA-ON-33
Ontario,CA-ON,Arnstein,CA-ON-34
Ontario,CA-ON,Arthur,CA-ON-35
Ontario,CA-ON,Arva,CA-ON-36
Ontario,CA-ON,Ashburn,CA-ON-37
Ontario,CA-ON,Ashton,CA-ON-38
Ontario,CA-ON,Astorville,CA-ON-39
Ontario,CA-ON,Astra,CA-ON-40
Ontario,CA-ON,Athens,CA-ON-41
Ontario,CA-ON,Atikokan,CA-ON-42
Ontario,CA-ON,Attawapiskat,CA-ON-43
Ontario,CA-ON,Atwood,CA-ON-44
Ontario,CA-ON,Auburn,CA-ON-45
Ontario,CA-ON,Aurora,CA-ON-46
Ontario,CA-ON,Avonmore,CA-ON-47
Ontario,CA-ON,Aylmer,CA-ON-48
Ontario,CA-ON,Ayr,CA-ON-49
Ontario,CA-ON,Ayton,CA-ON-50
Ontario,CA-ON,Azilda,CA-ON-51
Ontario,CA-ON,Baden,CA-ON-52
Ontario,CA-ON,Badjeros,CA-ON-53
Ontario,CA-ON,Bailieboro,CA-ON-54
Ontario,CA-ON,Bainsville,CA-ON-55
Ontario,CA-ON,Bala,CA-ON-56
Ontario,CA-ON,Balderson,CA-ON-57
Ontario,CA-ON,Baldwin,CA-ON-58
Ontario,CA-ON,Ballinafad,CA-ON-59
Ontario,CA-ON,Balmertown,CA-ON-60
Ontario,CA-ON,Baltimore,CA-ON-61
Ontario,CA-ON,Bancroft,CA-ON-62
Ontario,CA-ON,Barrie,CA-ON-63
Ontario,CA-ON,Barrys Bay,CA-ON-64
Ontario,CA-ON,Barwick,CA-ON-65
Ontario,CA-ON,Batawa,CA-ON-66
Ontario,CA-ON,Batchawana Bay,CA-ON-67
Ontario,CA-ON,Bath,CA-ON-68
Ontario,CA-ON,Battersea,CA-ON-69
Ontario,CA-ON,Bayfield,CA-ON-70
Ontario,CA-ON,Baysville,CA-ON-71
Ontario,CA-ON,Beachburg,CA-ON-72
Ontario,CA-ON,Beachville,CA-ON-73
Ontario,CA-ON,Beamsville,CA-ON-74
Ontario,CA-ON,Bear Island,CA-ON-75
Ontario,CA-ON,Beardmore,CA-ON-76
Ontario,CA-ON,Bearskin Lake,CA-ON-77
Ontario,CA-ON,Beaumaris,CA-ON-78
Ontario,CA-ON,Beaverton,CA-ON-79
Ontario,CA-ON,Beeton,CA-ON-80
Ontario,CA-ON,Belfountain,CA-ON-81
Ontario,CA-ON,Belgrave,CA-ON-82
Ontario,CA-ON,Bell Ewart,CA-ON-83
Ontario,CA-ON,Belle River,CA-ON-84
Ontario,CA-ON,Belle Vallee,CA-ON-85
Ontario,CA-ON,Belleville,CA-ON-86
Ontario,CA-ON,Belmont,CA-ON-87
Ontario,CA-ON,Belwood,CA-ON-88
Ontario,CA-ON,Berkeley,CA-ON-89
Ontario,CA-ON,Berwick,CA-ON-90
Ontario,CA-ON,Bethany,CA-ON-91
Ontario,CA-ON,Bewdley,CA-ON-92
Ontario,CA-ON,Big Trout Lake,CA-ON-93
Ontario,CA-ON,Binbrook,CA-ON-94
Ontario,CA-ON,Birch Island,CA-ON-95
Ontario,CA-ON,Biscotasing,CA-ON-96
Ontario,CA-ON,Bissett Creek,CA-ON-97
Ontario,CA-ON,Black Creek Village,CA-ON-98
Ontario,CA-ON,Blackstock,CA-ON-99
Ontario,CA-ON,Blenheim,CA-ON-100
Ontario,CA-ON,Blezard Valley,CA-ON-101
Ontario,CA-ON,Blind River,CA-ON-102
Ontario,CA-ON,Bloomfield,CA-ON-103
Ontario,CA-ON,Bloomingdale,CA-ON-104
Ontario,CA-ON,Bluevale,CA-ON-105
Ontario,CA-ON,Blyth,CA-ON-106
Ontario,CA-ON,Blytheswood,CA-ON-107
Ontario,CA-ON,Bobcaygeon,CA-ON-108
Ontario,CA-ON,Bognor,CA-ON-109
Ontario,CA-ON,Bolsover,CA-ON-110
Ontario,CA-ON,Bolton,CA-ON-111
Ontario,CA-ON,Bond Head,CA-ON-112
Ontario,CA-ON,Bonfield,CA-ON-113
Ontario,CA-ON,Borden,CA-ON-114
Ontario,CA-ON,Bornholm,CA-ON-115
Ontario,CA-ON,Bothwell,CA-ON-116
Ontario,CA-ON,Boulter,CA-ON-117
Ontario,CA-ON,Bourget,CA-ON-118
Ontario,CA-ON,Bowmanville,CA-ON-119
Ontario,CA-ON,Bracebridge,CA-ON-120
Ontario,CA-ON,Bradford,CA-ON-121
Ontario,CA-ON,Braeside,CA-ON-122
Ontario,CA-ON,Brampton,CA-ON-123
Ontario,CA-ON,Branchton,CA-ON-124
Ontario,CA-ON,Brantford,CA-ON-125
Ontario,CA-ON,Brechin,CA-ON-126
Ontario,CA-ON,Breslau,CA-ON-127
Ontario,CA-ON,Bridgenorth,CA-ON-128
Ontario,CA-ON,Brigden,CA-ON-129
Ontario,CA-ON,Bright,CA-ON-130
Ontario,CA-ON,Brighton,CA-ON-131
Ontario,CA-ON,Brights Grove,CA-ON-132
Ontario,CA-ON,Brinston,CA-ON-133
Ontario,CA-ON,Britt,CA-ON-134
Ontario,CA-ON,Brockville,CA-ON-135
Ontario,CA-ON,Brodhagen,CA-ON-136
Ontario,CA-ON,Brougham,CA-ON-137
Ontario,CA-ON,Brownsville,CA-ON-138
Ontario,CA-ON,Bruce Mines,CA-ON-139
Ontario,CA-ON,Brucefield,CA-ON-140
Ontario,CA-ON,Brunner,CA-ON-141
Ontario,CA-ON,Brussels,CA-ON-142
Ontario,CA-ON,Buckhorn,CA-ON-143
Ontario,CA-ON,Burford,CA-ON-144
Ontario,CA-ON,Burgessville,CA-ON-145
Ontario,CA-ON,Burks Falls,CA-ON-146
Ontario,CA-ON,Burleigh Falls,CA-ON-147
Ontario,CA-ON,Burlington,CA-ON-148
Ontario,CA-ON,Burnstown,CA-ON-149
Ontario,CA-ON,Burnt River,CA-ON-150
Ontario,CA-ON,Burritts Rapids,CA-ON-151
Ontario,CA-ON,Byng Inlet,CA-ON-152
Ontario,CA-ON,Cache Bay,CA-ON-153
Ontario,CA-ON,Caesarea,CA-ON-154
Ontario,CA-ON,Caistor Centre,CA-ON-155
Ontario,CA-ON,Calabogie,CA-ON-156
Ontario,CA-ON,Caledon,CA-ON-157
Ontario,CA-ON,Caledon East,CA-ON-158
Ontario,CA-ON,Caledon Village,CA-ON-159
Ontario,CA-ON,Caledonia,CA-ON-160
Ontario,CA-ON,Callander,CA-ON-161
Ontario,CA-ON,Calstock,CA-ON-162
Ontario,CA-ON,Cambray,CA-ON-163
Ontario,CA-ON,Cambridge,CA-ON-164
Ontario,CA-ON,Camden East,CA-ON-165
Ontario,CA-ON,Cameron,CA-ON-166
Ontario,CA-ON,Camlachie,CA-ON-167
Ontario,CA-ON,Campbellcroft,CA-ON-168
Ontario,CA-ON,Campbellford,CA-ON-169
Ontario,CA-ON,Campbellville,CA-ON-170
Ontario,CA-ON,Campden,CA-ON-171
Ontario,CA-ON,Canfield,CA-ON-172
Ontario,CA-ON,Cannifton,CA-ON-173
Ontario,CA-ON,Cannington,CA-ON-174
Ontario,CA-ON,Capreol,CA-ON-175
Ontario,CA-ON,Caramat,CA-ON-176
Ontario,CA-ON,Cardiff,CA-ON-177
Ontario,CA-ON,Cardinal,CA-ON-178
Ontario,CA-ON,Cargill,CA-ON-179
Ontario,CA-ON,Carleton Place,CA-ON-180
Ontario,CA-ON,Carlisle,CA-ON-181
Ontario,CA-ON,Carlsbad Springs,CA-ON-182
Ontario,CA-ON,Carnarvon,CA-ON-183
Ontario,CA-ON,Carp,CA-ON-184
Ontario,CA-ON,Carrying Place,CA-ON-185
Ontario,CA-ON,Cartier,CA-ON-186
Ontario,CA-ON,Casselman,CA-ON-187
Ontario,CA-ON,Castleton,CA-ON-188
Ontario,CA-ON,Cat Lake,CA-ON-189
Ontario,CA-ON,Cathcart,CA-ON-190
Ontario,CA-ON,Cavan,CA-ON-191
Ontario,CA-ON,Cayuga,CA-ON-192
Ontario,CA-ON,Cedar Point,CA-ON-193
Ontario,CA-ON,Cedar Springs,CA-ON-194
Ontario,CA-ON,Cedar Valley,CA-ON-195
Ontario,CA-ON,Centralia,CA-ON-196
Ontario,CA-ON,Centreville,CA-ON-197
Ontario,CA-ON,Chalk River,CA-ON-198
Ontario,CA-ON,Chapleau,CA-ON-199
Ontario,CA-ON,Chaput Hughes,CA-ON-200
Ontario,CA-ON,Charing Cross,CA-ON-201
Ontario,CA-ON,Charlton,CA-ON-202
Ontario,CA-ON,Chatham,CA-ON-203
Ontario,CA-ON,Chatsworth,CA-ON-204
Ontario,CA-ON,Chelmsford,CA-ON-205
Ontario,CA-ON,Cheltenham,CA-ON-206
Ontario,CA-ON,Chepstow,CA-ON-207
Ontario,CA-ON,Cherry Valley,CA-ON-208
Ontario,CA-ON,Chesley,CA-ON-209
Ontario,CA-ON,Chesterville,CA-ON-210
Ontario,CA-ON,Churchill,CA-ON-211
Ontario,CA-ON,Chute a Blondeau,CA-ON-212
Ontario,CA-ON,Claremont,CA-ON-213
Ontario,CA-ON,Clarence Creek,CA-ON-214
Ontario,CA-ON,Clarendon Station,CA-ON-215
Ontario,CA-ON,Clarksburg,CA-ON-216
Ontario,CA-ON,Clayton,CA-ON-217
Ontario,CA-ON,Clear Creek,CA-ON-218
Ontario,CA-ON,Clearwater Bay,CA-ON-219
Ontario,CA-ON,Clifford,CA-ON-220
Ontario,CA-ON,Clinton,CA-ON-221
Ontario,CA-ON,Cloyne,CA-ON-222
Ontario,CA-ON,Coatsworth Station,CA-ON-223
Ontario,CA-ON,Cobalt,CA-ON-224
Ontario,CA-ON,Cobden,CA-ON-225
Ontario,CA-ON,Coboconk,CA-ON-226
Ontario,CA-ON,Cobourg,CA-ON-227
Ontario,CA-ON,Cochenour,CA-ON-228
Ontario,CA-ON,Cochrane,CA-ON-229
Ontario,CA-ON,Codrington,CA-ON-230
Ontario,CA-ON,Coe Hill,CA-ON-231
Ontario,CA-ON,Colborne,CA-ON-232
Ontario,CA-ON,Coldwater,CA-ON-233
Ontario,CA-ON,Collingwood,CA-ON-234
Ontario,CA-ON,Collins,CA-ON-235
Ontario,CA-ON,Comber,CA-ON-236
Ontario,CA-ON,Combermere,CA-ON-237
Ontario,CA-ON,Commanda,CA-ON-238
Ontario,CA-ON,Concord,CA-ON-239
Ontario,CA-ON,Conestogo,CA-ON-240
Ontario,CA-ON,Coniston,CA-ON-241
Ontario,CA-ON,Conn,CA-ON-242
Ontario,CA-ON,Connaught,CA-ON-243
Ontario,CA-ON,Consecon,CA-ON-244
Ontario,CA-ON,Cookstown,CA-ON-245
Ontario,CA-ON,Copetown,CA-ON-246
Ontario,CA-ON,Copper Cliff,CA-ON-247
Ontario,CA-ON,Corbeil,CA-ON-248
Ontario,CA-ON,Corbyville,CA-ON-249
Ontario,CA-ON,Cormac,CA-ON-250
Ontario,CA-ON,Cornwall,CA-ON-251
Ontario,CA-ON,Corunna,CA-ON-252
Ontario,CA-ON,Cottam,CA-ON-253
Ontario,CA-ON,Courtice,CA-ON-254
Ontario,CA-ON,Courtland,CA-ON-255
Ontario,CA-ON,Courtright,CA-ON-256
Ontario,CA-ON,Crediton,CA-ON-257
Ontario,CA-ON,Creemore,CA-ON-258
Ontario,CA-ON,Croton,CA-ON-259
Ontario,CA-ON,Crysler,CA-ON-260
Ontario,CA-ON,Crystal Beach,CA-ON-261
Ontario,CA-ON,Crystal Falls,CA-ON-262
Ontario,CA-ON,Cumberland,CA-ON-263
Ontario,CA-ON,Cumberland Beach,CA-ON-264
Ontario,CA-ON,Curran,CA-ON-265
Ontario,CA-ON,Curve Lake,CA-ON-266
Ontario,CA-ON,Cutler,CA-ON-267
Ontario,CA-ON,Dacre,CA-ON-268
Ontario,CA-ON,Dalkeith,CA-ON-269
Ontario,CA-ON,Dashwood,CA-ON-270
Ontario,CA-ON,Deep River,CA-ON-271
Ontario,CA-ON,Deer Lake,CA-ON-272
Ontario,CA-ON,Delaware,CA-ON-273
Ontario,CA-ON,Delhi,CA-ON-274
Ontario,CA-ON,Delta,CA-ON-275
Ontario,CA-ON,Demorestville,CA-ON-276
Ontario,CA-ON,Denbigh,CA-ON-277
Ontario,CA-ON,Denfield,CA-ON-278
Ontario,CA-ON,Desbarats,CA-ON-279
Ontario,CA-ON,Desboro,CA-ON-280
Ontario,CA-ON,Deseronto,CA-ON-281
Ontario,CA-ON,Deux Rivieres,CA-ON-282
Ontario,CA-ON,Devlin,CA-ON-283
Ontario,CA-ON,Dinorwic,CA-ON-284
Ontario,CA-ON,Dobbinton,CA-ON-285
Ontario,CA-ON,Dobie,CA-ON-286
Ontario,CA-ON,Dorchester,CA-ON-287
Ontario,CA-ON,Dorion,CA-ON-288
Ontario,CA-ON,Dorset,CA-ON-289
Ontario,CA-ON,Douglas,CA-ON-290
Ontario,CA-ON,Douro,CA-ON-291
Ontario,CA-ON,Dover Centre,CA-ON-292
Ontario,CA-ON,Dowling,CA-ON-293
Ontario,CA-ON,Drayton,CA-ON-294
Ontario,CA-ON,Dresden,CA-ON-295
Ontario,CA-ON,Driftwood,CA-ON-296
Ontario,CA-ON,Drumbo,CA-ON-297
Ontario,CA-ON,Dryden,CA-ON-298
Ontario,CA-ON,Duart,CA-ON-299
Ontario,CA-ON,Dublin,CA-ON-300
Ontario,CA-ON,Dubreuilville,CA-ON-301
Ontario,CA-ON,Dunchurch,CA-ON-302
Ontario,CA-ON,Dundalk,CA-ON-303
Ontario,CA-ON,Dundas,CA-ON-304
Ontario,CA-ON,Dungannon,CA-ON-305
Ontario,CA-ON,Dunnville,CA-ON-306
Ontario,CA-ON,Dunrobin,CA-ON-307
Ontario,CA-ON,Dunsford,CA-ON-308
Ontario,CA-ON,Duntroon,CA-ON-309
Ontario,CA-ON,Dunvegan,CA-ON-310
Ontario,CA-ON,Durham,CA-ON-311
Ontario,CA-ON,Dutton,CA-ON-312
Ontario,CA-ON,Dwight,CA-ON-313
Ontario,CA-ON,Eabamet Lake,CA-ON-314
Ontario,CA-ON,Eagle Lake,CA-ON-315
Ontario,CA-ON,Eagle River,CA-ON-316
Ontario,CA-ON,Ear Falls,CA-ON-317
Ontario,CA-ON,Earlton,CA-ON-318
Ontario,CA-ON,East York,CA-ON-319
Ontario,CA-ON,Echo Bay,CA-ON-320
Ontario,CA-ON,Eden,CA-ON-321
Ontario,CA-ON,Eden Mills,CA-ON-322
Ontario,CA-ON,Edwards,CA-ON-323
Ontario,CA-ON,Eganville,CA-ON-324
Ontario,CA-ON,Egbert,CA-ON-325
Ontario,CA-ON,Egmondville,CA-ON-326
Ontario,CA-ON,Eldorado,CA-ON-327
Ontario,CA-ON,Elgin,CA-ON-328
Ontario,CA-ON,Elginburg,CA-ON-329
Ontario,CA-ON,Elizabethtown,CA-ON-330
Ontario,CA-ON,Elk Lake,CA-ON-331
Ontario,CA-ON,Elliot Lake,CA-ON-332
Ontario,CA-ON,Elmira,CA-ON-333
Ontario,CA-ON,Elmvale,CA-ON-334
Ontario,CA-ON,Elmwood,CA-ON-335
Ontario,CA-ON,Elora,CA-ON-336
Ontario,CA-ON,Embro,CA-ON-337
Ontario,CA-ON,Embrun,CA-ON-338
Ontario,CA-ON,Emeryville,CA-ON-339
Ontario,CA-ON,Emo,CA-ON-340
Ontario,CA-ON,Emsdale,CA-ON-341
Ontario,CA-ON,Englehart,CA-ON-342
Ontario,CA-ON,Ennismore,CA-ON-343
Ontario,CA-ON,Enterprise,CA-ON-344
Ontario,CA-ON,Erieau,CA-ON-345
Ontario,CA-ON,Erin,CA-ON-346
Ontario,CA-ON,Erinsville,CA-ON-347
Ontario,CA-ON,Espanola,CA-ON-348
Ontario,CA-ON,Essex,CA-ON-349
Ontario,CA-ON,Ethel,CA-ON-350
Ontario,CA-ON,Etobicoke,CA-ON-351
Ontario,CA-ON,Evansville,CA-ON-352
Ontario,CA-ON,Everett,CA-ON-353
Ontario,CA-ON,Exeter,CA-ON-354
Ontario,CA-ON,Falconbridge,CA-ON-355
Ontario,CA-ON,Fauquier,CA-ON-356
Ontario,CA-ON,Fenelon Falls,CA-ON-357
Ontario,CA-ON,Fenwick,CA-ON-358
Ontario,CA-ON,Fergus,CA-ON-359
Ontario,CA-ON,Feversham,CA-ON-360
Ontario,CA-ON,Field,CA-ON-361
Ontario,CA-ON,Finch,CA-ON-362
Ontario,CA-ON,Fingal,CA-ON-363
Ontario,CA-ON,Fisherville,CA-ON-364
Ontario,CA-ON,Fitzroy Harbour,CA-ON-365
Ontario,CA-ON,Flesherton,CA-ON-366
Ontario,CA-ON,Flinton,CA-ON-367
Ontario,CA-ON,Floradale,CA-ON-368
Ontario,CA-ON,Florence,CA-ON-369
Ontario,CA-ON,Foleyet,CA-ON-370
Ontario,CA-ON,Fonthill,CA-ON-371
Ontario,CA-ON,Fordwich,CA-ON-372
Ontario,CA-ON,Forest,CA-ON-373
Ontario,CA-ON,Foresters Falls,CA-ON-374
Ontario,CA-ON,Formosa,CA-ON-375
Ontario,CA-ON,Fort Albany,CA-ON-376
Ontario,CA-ON,Fort Erie,CA-ON-377
Ontario,CA-ON,Fort Frances,CA-ON-378
Ontario,CA-ON,Fort Irwin,CA-ON-379
Ontario,CA-ON,Fort Severn,CA-ON-380
Ontario,CA-ON,Fournier,CA-ON-381
Ontario,CA-ON,Foxboro,CA-ON-382
Ontario,CA-ON,Foymount,CA-ON-383
Ontario,CA-ON,Frankford,CA-ON-384
Ontario,CA-ON,Frankville,CA-ON-385
Ontario,CA-ON,Fraserville,CA-ON-386
Ontario,CA-ON,Frederickhouse,CA-ON-387
Ontario,CA-ON,Freelton,CA-ON-388
Ontario,CA-ON,Fullarton,CA-ON-389
Ontario,CA-ON,Gads Hill Station,CA-ON-390
Ontario,CA-ON,Gananoque,CA-ON-391
Ontario,CA-ON,Garden River,CA-ON-392
Ontario,CA-ON,Garden Village,CA-ON-393
Ontario,CA-ON,Garson,CA-ON-394
Ontario,CA-ON,Georgetown,CA-ON-395
Ontario,CA-ON,Geraldton,CA-ON-396
Ontario,CA-ON,Gilford,CA-ON-397
Ontario,CA-ON,Gilmour,CA-ON-398
Ontario,CA-ON,Glen Huron,CA-ON-399
Ontario,CA-ON,Glen Morris,CA-ON-400
Ontario,CA-ON,Glen Robertson,CA-ON-401
Ontario,CA-ON,Glenburnie,CA-ON-402
Ontario,CA-ON,Glencairn,CA-ON-403
Ontario,CA-ON,Glencoe,CA-ON-404
Ontario,CA-ON,Gloucester,CA-ON-405
Ontario,CA-ON,Goderich,CA-ON-406
Ontario,CA-ON,Godfrey,CA-ON-407
Ontario,CA-ON,Gogama,CA-ON-408
Ontario,CA-ON,Golden Lake,CA-ON-409
Ontario,CA-ON,Golden Valley,CA-ON-410
Ontario,CA-ON,Gooderham,CA-ON-411
Ontario,CA-ON,Goodwood,CA-ON-412
Ontario,CA-ON,Gore Bay,CA-ON-413
Ontario,CA-ON,Gores Landing,CA-ON-414
Ontario,CA-ON,Gormley,CA-ON-415
Ontario,CA-ON,Gorrie,CA-ON-416
Ontario,CA-ON,Goulais River,CA-ON-417
Ontario,CA-ON,Gowanstown,CA-ON-418
Ontario,CA-ON,Gowganda,CA-ON-419
Ontario,CA-ON,Grafton,CA-ON-420
Ontario,CA-ON,Graham,CA-ON-421
Ontario,CA-ON,Grand Bend,CA-ON-422
Ontario,CA-ON,Grand Valley,CA-ON-423
Ontario,CA-ON,Grande Pointe,CA-ON-424
Ontario,CA-ON,Granton,CA-ON-425
Ontario,CA-ON,Grassie,CA-ON-426
Ontario,CA-ON,Grassy Narrows,CA-ON-427
Ontario,CA-ON,Gravenhurst,CA-ON-428
Ontario,CA-ON,Greely,CA-ON-429
Ontario,CA-ON,Green Valley,CA-ON-430
Ontario,CA-ON,Greenbank,CA-ON-431
Ontario,CA-ON,Greenwood,CA-ON-432
Ontario,CA-ON,Griffith,CA-ON-433
Ontario,CA-ON,Grimsby,CA-ON-434
Ontario,CA-ON,Guelph,CA-ON-435
Ontario,CA-ON,Gull Bay,CA-ON-436
Ontario,CA-ON,Hagar,CA-ON-437
Ontario,CA-ON,Hagersville,CA-ON-438
Ontario,CA-ON,Haileybury,CA-ON-439
Ontario,CA-ON,Haley Station,CA-ON-440
Ontario,CA-ON,Haliburton,CA-ON-441
Ontario,CA-ON,Hallebourg,CA-ON-442
Ontario,CA-ON,Hamilton,CA-ON-443
Ontario,CA-ON,Hammond,CA-ON-444
Ontario,CA-ON,Hampton,CA-ON-445
Ontario,CA-ON,Hanmer,CA-ON-446
Ontario,CA-ON,Hannon,CA-ON-447
Ontario,CA-ON,Hanover,CA-ON-448
Ontario,CA-ON,Harcourt,CA-ON-449
Ontario,CA-ON,Harley,CA-ON-450
Ontario,CA-ON,Harrietsville,CA-ON-451
Ontario,CA-ON,Harriston,CA-ON-452
Ontario,CA-ON,Harrow,CA-ON-453
Ontario,CA-ON,Harrowsmith,CA-ON-454
Ontario,CA-ON,Hartington,CA-ON-455
Ontario,CA-ON,Harty,CA-ON-456
Ontario,CA-ON,Harwood,CA-ON-457
Ontario,CA-ON,Hastings,CA-ON-458
Ontario,CA-ON,Havelock,CA-ON-459
Ontario,CA-ON,Hawk Junction,CA-ON-460
Ontario,CA-ON,Hawkesbury,CA-ON-461
Ontario,CA-ON,Hawkestone,CA-ON-462
Ontario,CA-ON,Hawkesville,CA-ON-463
Ontario,CA-ON,Hay,CA-ON-464
Ontario,CA-ON,Haydon,CA-ON-465
Ontario,CA-ON,Hearst,CA-ON-466
Ontario,CA-ON,Heathcote,CA-ON-467
Ontario,CA-ON,Heidelberg,CA-ON-468
Ontario,CA-ON,Hensall,CA-ON-469
Ontario,CA-ON,Hepworth,CA-ON-470
Ontario,CA-ON,Heron Bay,CA-ON-471
Ontario,CA-ON,Hickson,CA-ON-472
Ontario,CA-ON,Highgate,CA-ON-473
Ontario,CA-ON,Highland Grove,CA-ON-474
Ontario,CA-ON,Hilliardton,CA-ON-475
Ontario,CA-ON,Hillier,CA-ON-476
Ontario,CA-ON,Hillsburgh,CA-ON-477
Ontario,CA-ON,Hillsdale,CA-ON-478
Ontario,CA-ON,Hilton Beach,CA-ON-479
Ontario,CA-ON,Holland Centre,CA-ON-480
Ontario,CA-ON,Holland Landing,CA-ON-481
Ontario,CA-ON,Holstein,CA-ON-482
Ontario,CA-ON,Holtyre,CA-ON-483
Ontario,CA-ON,Holyrood,CA-ON-484
Ontario,CA-ON,Honey Harbour,CA-ON-485
Ontario,CA-ON,Honeywood,CA-ON-486
Ontario,CA-ON,Hornby,CA-ON-487
Ontario,CA-ON,Hornell Heights,CA-ON-488
Ontario,CA-ON,Hornepayne,CA-ON-489
Ontario,CA-ON,Hornings Mills,CA-ON-490
Ontario,CA-ON,Hudson,CA-ON-491
Ontario,CA-ON,Hunta,CA-ON-492
Ontario,CA-ON,Huntsville,CA-ON-493
Ontario,CA-ON,Huron Park,CA-ON-494
Ontario,CA-ON,Huttonville,CA-ON-495
Ontario,CA-ON,Ignace,CA-ON-496
Ontario,CA-ON,Ilderton,CA-ON-497
Ontario,CA-ON,Indian River,CA-ON-498
Ontario,CA-ON,Ingersoll,CA-ON-499
Ontario,CA-ON,Ingleside,CA-ON-500
Ontario,CA-ON,Inglewood,CA-ON-501
Ontario,CA-ON,Ingolf,CA-ON-502
Ontario,CA-ON,Inkerman,CA-ON-503
Ontario,CA-ON,Innerkip,CA-ON-504
Ontario,CA-ON,Innisfil,CA-ON-505
Ontario,CA-ON,Inverary,CA-ON-506
Ontario,CA-ON,Inwood,CA-ON-507
Ontario,CA-ON,Iona Station,CA-ON-508
Ontario,CA-ON,Iron Bridge,CA-ON-509
Ontario,CA-ON,Irondale,CA-ON-510
Ontario,CA-ON,Iroquois,CA-ON-511
Ontario,CA-ON,Iroquois Falls,CA-ON-512
Ontario,CA-ON,Iroquois Falls a,CA-ON-513
Ontario,CA-ON,Jacksons Point,CA-ON-514
Ontario,CA-ON,Janetville,CA-ON-515
Ontario,CA-ON,Jarvis,CA-ON-516
Ontario,CA-ON,Jasper,CA-ON-517
Ontario,CA-ON,Jellicoe,CA-ON-518
Ontario,CA-ON,Jerseyville,CA-ON-519
Ontario,CA-ON,Jogues,CA-ON-520
Ontario,CA-ON,Jordan Station,CA-ON-521
Ontario,CA-ON,Joyceville,CA-ON-522
Ontario,CA-ON,Juniper Island,CA-ON-523
Ontario,CA-ON,Kagawong,CA-ON-524
Ontario,CA-ON,Kakabeka Falls,CA-ON-525
Ontario,CA-ON,Kaladar,CA-ON-526
Ontario,CA-ON,Kaministiquia,CA-ON-527
Ontario,CA-ON,Kanata,CA-ON-528
Ontario,CA-ON,Kapuskasing,CA-ON-529
Ontario,CA-ON,Kars,CA-ON-530
Ontario,CA-ON,Kasabonika,CA-ON-531
Ontario,CA-ON,Kashabowie,CA-ON-532
Ontario,CA-ON,Kashechewan,CA-ON-533
Ontario,CA-ON,Katrine,CA-ON-534
Ontario,CA-ON,Kawartha Park,CA-ON-535
Ontario,CA-ON,Kearney,CA-ON-536
Ontario,CA-ON,Kearns,CA-ON-537
Ontario,CA-ON,Keene,CA-ON-538
Ontario,CA-ON,Keewatin,CA-ON-539
Ontario,CA-ON,Keewaywin,CA-ON-540
Ontario,CA-ON,Kejick,CA-ON-541
Ontario,CA-ON,Kemble,CA-ON-542
Ontario,CA-ON,Kemptville,CA-ON-543
Ontario,CA-ON,Kenabeek,CA-ON-544
Ontario,CA-ON,Kendal,CA-ON-545
Ontario,CA-ON,Kenilworth,CA-ON-546
Ontario,CA-ON,Kenmore,CA-ON-547
Ontario,CA-ON,Kenora,CA-ON-548
Ontario,CA-ON,Kent Bridge,CA-ON-549
Ontario,CA-ON,Kerwood,CA-ON-550
Ontario,CA-ON,Keswick,CA-ON-551
Ontario,CA-ON,Kettleby,CA-ON-552
Ontario,CA-ON,Kilbride,CA-ON-553
Ontario,CA-ON,Killaloe,CA-ON-554
Ontario,CA-ON,Killarney,CA-ON-555
Ontario,CA-ON,Kilworthy,CA-ON-556
Ontario,CA-ON,Kimberley,CA-ON-557
Ontario,CA-ON,Kinburn,CA-ON-558
Ontario,CA-ON,Kincardine,CA-ON-559
Ontario,CA-ON,King City,CA-ON-560
Ontario,CA-ON,King Kirkland,CA-ON-561
Ontario,CA-ON,Kingfisher Lake,CA-ON-562
Ontario,CA-ON,Kingston,CA-ON-563
Ontario,CA-ON,Kingsville,CA-ON-564
Ontario,CA-ON,Kinmount,CA-ON-565
Ontario,CA-ON,Kintore,CA-ON-566
Ontario,CA-ON,Kippen,CA-ON-567
Ontario,CA-ON,Kirkfield,CA-ON-568
Ontario,CA-ON,Kirkland Lake,CA-ON-569
Ontario,CA-ON,Kirkton,CA-ON-570
Ontario,CA-ON,Kitchener,CA-ON-571
Ontario,CA-ON,Kleinburg,CA-ON-572
Ontario,CA-ON,Komoka,CA-ON-573
Ontario,CA-ON,La Salette,CA-ON-574
Ontario,CA-ON,Lac Seul,CA-ON-575
Ontario,CA-ON,Lake of Bays,CA-ON-576
Ontario,CA-ON,Lake St Peter,CA-ON-577
Ontario,CA-ON,Lakefield,CA-ON-578
Ontario,CA-ON,Lakehurst,CA-ON-579
Ontario,CA-ON,Lakeside,CA-ON-580
Ontario,CA-ON,L'Amable,CA-ON-581
Ontario,CA-ON,Lanark,CA-ON-582
Ontario,CA-ON,Lancaster,CA-ON-583
Ontario,CA-ON,Langton,CA-ON-584
Ontario,CA-ON,Lansdowne,CA-ON-585
Ontario,CA-ON,Lansdowne House,CA-ON-586
Ontario,CA-ON,Larder Lake,CA-ON-587
Ontario,CA-ON,Latchford,CA-ON-588
Ontario,CA-ON,Laurel,CA-ON-589
Ontario,CA-ON,Lavigne,CA-ON-590
Ontario,CA-ON,Leamington,CA-ON-591
Ontario,CA-ON,Leaskdale,CA-ON-592
Ontario,CA-ON,Lefaivre,CA-ON-593
Ontario,CA-ON,Lefroy,CA-ON-594
Ontario,CA-ON,Leith,CA-ON-595
Ontario,CA-ON,Levack,CA-ON-596
Ontario,CA-ON,Limehouse,CA-ON-597
Ontario,CA-ON,Limoges,CA-ON-598
Ontario,CA-ON,Lindsay,CA-ON-599
Ontario,CA-ON,Linwood,CA-ON-600
Ontario,CA-ON,Lions Head,CA-ON-601
Ontario,CA-ON,Lisle,CA-ON-602
Ontario,CA-ON,Listowel,CA-ON-603
Ontario,CA-ON,Little Britain,CA-ON-604
Ontario,CA-ON,Little Current,CA-ON-605
Ontario,CA-ON,Lively,CA-ON-606
Ontario,CA-ON,Lochlin,CA-ON-607
Ontario,CA-ON,Locust Hill,CA-ON-608
Ontario,CA-ON,Lombardy,CA-ON-609
Ontario,CA-ON,Londesborough,CA-ON-610
Ontario,CA-ON,London,CA-ON-611
Ontario,CA-ON,Long Sault,CA-ON-612
Ontario,CA-ON,Longbow Lake,CA-ON-613
Ontario,CA-ON,Longford Mills,CA-ON-614
Ontario,CA-ON,Longlac,CA-ON-615
Ontario,CA-ON,Loretto,CA-ON-616
Ontario,CA-ON,L'Orignal,CA-ON-617
Ontario,CA-ON,Loring,CA-ON-618
Ontario,CA-ON,Lowbanks,CA-ON-619
Ontario,CA-ON,Lucan,CA-ON-620
Ontario,CA-ON,Lucknow,CA-ON-621
Ontario,CA-ON,Lunenburg,CA-ON-622
Ontario,CA-ON,Lyn,CA-ON-623
Ontario,CA-ON,Lynden,CA-ON-624
Ontario,CA-ON,Lyndhurst,CA-ON-625
Ontario,CA-ON,Maberly,CA-ON-626
Ontario,CA-ON,Macdiarmid,CA-ON-627
Ontario,CA-ON,Mackey,CA-ON-628
Ontario,CA-ON,Mactier,CA-ON-629
Ontario,CA-ON,Madawaska,CA-ON-630
Ontario,CA-ON,Madoc,CA-ON-631
Ontario,CA-ON,Madsen,CA-ON-632
Ontario,CA-ON,Magnetawan,CA-ON-633
Ontario,CA-ON,Maidstone,CA-ON-634
Ontario,CA-ON,Maitland,CA-ON-635
Ontario,CA-ON,Mallorytown,CA-ON-636
Ontario,CA-ON,Manilla,CA-ON-637
Ontario,CA-ON,Manitouwadge,CA-ON-638
Ontario,CA-ON,Manitowaning,CA-ON-639
Ontario,CA-ON,Manotick,CA-ON-640
Ontario,CA-ON,Mansfield,CA-ON-641
Ontario,CA-ON,Maple,CA-ON-642
Ontario,CA-ON,Maple Leaf,CA-ON-643
Ontario,CA-ON,Mar,CA-ON-644
Ontario,CA-ON,Marathon,CA-ON-645
Ontario,CA-ON,Markdale,CA-ON-646
Ontario,CA-ON,Markham,CA-ON-647
Ontario,CA-ON,Markstay,CA-ON-648
Ontario,CA-ON,Marlbank,CA-ON-649
Ontario,CA-ON,Marmora,CA-ON-650
Ontario,CA-ON,Marten River,CA-ON-651
Ontario,CA-ON,Martintown,CA-ON-652
Ontario,CA-ON,Maryhill,CA-ON-653
Ontario,CA-ON,Marysville,CA-ON-654
Ontario,CA-ON,Massey,CA-ON-655
Ontario,CA-ON,Matachewan,CA-ON-656
Ontario,CA-ON,Matheson,CA-ON-657
Ontario,CA-ON,Mattawa,CA-ON-658
Ontario,CA-ON,Mattice,CA-ON-659
Ontario,CA-ON,Maxville,CA-ON-660
Ontario,CA-ON,Maxwell,CA-ON-661
Ontario,CA-ON,Maynooth,CA-ON-662
Ontario,CA-ON,McArthurs Mills,CA-ON-663
Ontario,CA-ON,McDonalds Corners,CA-ON-664
Ontario,CA-ON,McGregor,CA-ON-665
Ontario,CA-ON,M'Chigeeng,CA-ON-666
Ontario,CA-ON,McKellar,CA-ON-667
Ontario,CA-ON,McKenzie Island,CA-ON-668
Ontario,CA-ON,McKerrow,CA-ON-669
Ontario,CA-ON,Meaford,CA-ON-670
Ontario,CA-ON,Melbourne,CA-ON-671
Ontario,CA-ON,Meldrum Bay,CA-ON-672
Ontario,CA-ON,Merlin,CA-ON-673
Ontario,CA-ON,Merrickville,CA-ON-674
Ontario,CA-ON,Metcalfe,CA-ON-675
Ontario,CA-ON,Midhurst,CA-ON-676
Ontario,CA-ON,Midland,CA-ON-677
Ontario,CA-ON,Migisi Sahgaigan,CA-ON-678
Ontario,CA-ON,Mildmay,CA-ON-679
Ontario,CA-ON,Milford,CA-ON-680
Ontario,CA-ON,Milford Bay,CA-ON-681
Ontario,CA-ON,Millbank,CA-ON-682
Ontario,CA-ON,Millbrook,CA-ON-683
Ontario,CA-ON,Miller Lake,CA-ON-684
Ontario,CA-ON,Millgrove,CA-ON-685
Ontario,CA-ON,Milton,CA-ON-686
Ontario,CA-ON,Milverton,CA-ON-687
Ontario,CA-ON,Minaki,CA-ON-688
Ontario,CA-ON,Mindemoya,CA-ON-689
Ontario,CA-ON,Minden,CA-ON-690
Ontario,CA-ON,Mine Centre,CA-ON-691
Ontario,CA-ON,Minesing,CA-ON-692
Ontario,CA-ON,Minett,CA-ON-693
Ontario,CA-ON,Minnitaki,CA-ON-694
Ontario,CA-ON,Missanabie,CA-ON-695
Ontario,CA-ON,Mississauga,CA-ON-696
Ontario,CA-ON,Mississippi Station,CA-ON-697
Ontario,CA-ON,Mitchell,CA-ON-698
Ontario,CA-ON,Mobert,CA-ON-699
Ontario,CA-ON,Moffat,CA-ON-700
Ontario,CA-ON,Monetville,CA-ON-701
Ontario,CA-ON,Monkland,CA-ON-702
Ontario,CA-ON,Monkton,CA-ON-703
Ontario,CA-ON,Monteith,CA-ON-704
Ontario,CA-ON,Montreal River Harbour,CA-ON-705
Ontario,CA-ON,Moonbeam,CA-ON-706
Ontario,CA-ON,Moonstone,CA-ON-707
Ontario,CA-ON,Moorefield,CA-ON-708
Ontario,CA-ON,Mooretown,CA-ON-709
Ontario,CA-ON,Moose Creek,CA-ON-710
Ontario,CA-ON,Moose Factory,CA-ON-711
Ontario,CA-ON,Moosonee,CA-ON-712
Ontario,CA-ON,Morewood,CA-ON-713
Ontario,CA-ON,Morpeth,CA-ON-714
Ontario,CA-ON,Morrisburg,CA-ON-715
Ontario,CA-ON,Morriston,CA-ON-716
Ontario,CA-ON,Morson,CA-ON-717
Ontario,CA-ON,Mossley,CA-ON-718
Ontario,CA-ON,Mount Albert,CA-ON-719
Ontario,CA-ON,Mount Brydges,CA-ON-720
Ontario,CA-ON,Mount Elgin,CA-ON-721
Ontario,CA-ON,Mount Forest,CA-ON-722
Ontario,CA-ON,Mount Hope,CA-ON-723
Ontario,CA-ON,Mount Pleasant,CA-ON-724
Ontario,CA-ON,Mountain,CA-ON-725
Ontario,CA-ON,Mountain Grove,CA-ON-726
Ontario,CA-ON,Muirkirk,CA-ON-727
Ontario,CA-ON,Muncey,CA-ON-728
Ontario,CA-ON,Munster,CA-ON-729
Ontario,CA-ON,Murillo,CA-ON-730
Ontario,CA-ON,Muskrat Dam,CA-ON-731
Ontario,CA-ON,Nairn Centre,CA-ON-732
Ontario,CA-ON,Nakina,CA-ON-733
Ontario,CA-ON,Nanticoke,CA-ON-734
Ontario,CA-ON,Napanee,CA-ON-735
Ontario,CA-ON,Naughton,CA-ON-736
Ontario,CA-ON,Navan,CA-ON-737
Ontario,CA-ON,Nepean,CA-ON-738
Ontario,CA-ON,Nestleton Station,CA-ON-739
Ontario,CA-ON,Nestor Falls,CA-ON-740
Ontario,CA-ON,Neustadt,CA-ON-741
Ontario,CA-ON,New Dundee,CA-ON-742
Ontario,CA-ON,New Hamburg,CA-ON-743
Ontario,CA-ON,New Liskeard,CA-ON-744
Ontario,CA-ON,New Lowell,CA-ON-745
Ontario,CA-ON,Newboro,CA-ON-746
Ontario,CA-ON,Newburgh,CA-ON-747
Ontario,CA-ON,Newbury,CA-ON-748
Ontario,CA-ON,Newcastle,CA-ON-749
Ontario,CA-ON,Newington,CA-ON-750
Ontario,CA-ON,Newmarket,CA-ON-751
Ontario,CA-ON,Newton,CA-ON-752
Ontario,CA-ON,Newtonville,CA-ON-753
Ontario,CA-ON,Niagara Falls,CA-ON-754
Ontario,CA-ON,Niagara on the Lake,CA-ON-755
Ontario,CA-ON,Nipigon,CA-ON-756
Ontario,CA-ON,Nipissing,CA-ON-757
Ontario,CA-ON,Nobel,CA-ON-758
Ontario,CA-ON,Nobleton,CA-ON-759
Ontario,CA-ON,Noelville,CA-ON-760
Ontario,CA-ON,Nolalu,CA-ON-761
Ontario,CA-ON,Norland,CA-ON-762
Ontario,CA-ON,North Augusta,CA-ON-763
Ontario,CA-ON,North Bay,CA-ON-764
Ontario,CA-ON,North Buxton,CA-ON-765
Ontario,CA-ON,North Cobalt,CA-ON-766
Ontario,CA-ON,North Gower,CA-ON-767
Ontario,CA-ON,North Lancaster,CA-ON-768
Ontario,CA-ON,North Spirit Lake,CA-ON-769
Ontario,CA-ON,North York,CA-ON-770
Ontario,CA-ON,Northbrook,CA-ON-771
Ontario,CA-ON,Norval,CA-ON-772
Ontario,CA-ON,Norwich,CA-ON-773
Ontario,CA-ON,Norwood,CA-ON-774
Ontario,CA-ON,Nottawa,CA-ON-775
Ontario,CA-ON,Novar,CA-ON-776
Ontario,CA-ON,Oakland,CA-ON-777
Ontario,CA-ON,Oakville,CA-ON-778
Ontario,CA-ON,Oakwood,CA-ON-779
Ontario,CA-ON,Oba,CA-ON-780
Ontario,CA-ON,Odessa,CA-ON-781
Ontario,CA-ON,Ogoki,CA-ON-782
Ontario,CA-ON,Ohsweken,CA-ON-783
Ontario,CA-ON,Oil City,CA-ON-784
Ontario,CA-ON,Oil Springs,CA-ON-785
Ontario,CA-ON,Oldcastle,CA-ON-786
Ontario,CA-ON,Omemee,CA-ON-787
Ontario,CA-ON,Ompah,CA-ON-788
Ontario,CA-ON,Onaping,CA-ON-789
Ontario,CA-ON,Opasatika,CA-ON-790
Ontario,CA-ON,Orangeville,CA-ON-791
Ontario,CA-ON,Orillia,CA-ON-792
Ontario,CA-ON,Orleans,CA-ON-793
Ontario,CA-ON,Oro,CA-ON-794
Ontario,CA-ON,Oro Station,CA-ON-795
Ontario,CA-ON,Orono,CA-ON-796
Ontario,CA-ON,Orton,CA-ON-797
Ontario,CA-ON,Osgoode,CA-ON-798
Ontario,CA-ON,Oshawa,CA-ON-799
Ontario,CA-ON,Osnaburgh House,CA-ON-800
Ontario,CA-ON,Ottawa,CA-ON-801
Ontario,CA-ON,Otterville,CA-ON-802
Ontario,CA-ON,Owen Sound,CA-ON-803
Ontario,CA-ON,Oxdrift,CA-ON-804
Ontario,CA-ON,Oxford Mills,CA-ON-805
Ontario,CA-ON,Oxford Station,CA-ON-806
Ontario,CA-ON,Pain Court,CA-ON-807
Ontario,CA-ON,Paisley,CA-ON-808
Ontario,CA-ON,Pakenham,CA-ON-809
Ontario,CA-ON,Palgrave,CA-ON-810
Ontario,CA-ON,Palmer Rapids,CA-ON-811
Ontario,CA-ON,Palmerston,CA-ON-812
Ontario,CA-ON,Parham,CA-ON-813
Ontario,CA-ON,Paris,CA-ON-814
Ontario,CA-ON,Parkhill,CA-ON-815
Ontario,CA-ON,Parry Sound,CA-ON-816
Ontario,CA-ON,Pass Lake,CA-ON-817
Ontario,CA-ON,Pawitik,CA-ON-818
Ontario,CA-ON,Peawanuck,CA-ON-819
Ontario,CA-ON,Pefferlaw,CA-ON-820
Ontario,CA-ON,Pelee Island,CA-ON-821
Ontario,CA-ON,Pembroke,CA-ON-822
Ontario,CA-ON,Penetanguishene,CA-ON-823
Ontario,CA-ON,Perkinsfield,CA-ON-824
Ontario,CA-ON,Perrault Falls,CA-ON-825
Ontario,CA-ON,Perth,CA-ON-826
Ontario,CA-ON,Perth Road,CA-ON-827
Ontario,CA-ON,Petawawa,CA-ON-828
Ontario,CA-ON,Peterborough,CA-ON-829
Ontario,CA-ON,Petersburg,CA-ON-830
Ontario,CA-ON,Petrolia,CA-ON-831
Ontario,CA-ON,Phelpston,CA-ON-832
Ontario,CA-ON,Pickerel,CA-ON-833
Ontario,CA-ON,Pickering,CA-ON-834
Ontario,CA-ON,Pickle Lake,CA-ON-835
Ontario,CA-ON,Picton,CA-ON-836
Ontario,CA-ON,Pikangikum,CA-ON-837
Ontario,CA-ON,Pinewood,CA-ON-838
Ontario,CA-ON,Plainfield,CA-ON-839
Ontario,CA-ON,Plantagenet,CA-ON-840
Ontario,CA-ON,Plattsville,CA-ON-841
Ontario,CA-ON,Plevna,CA-ON-842
Ontario,CA-ON,Point Edward,CA-ON-843
Ontario,CA-ON,Pointe aux Roches,CA-ON-844
Ontario,CA-ON,Pointe-au-Baril-Station,CA-ON-845
Ontario,CA-ON,Pontypool,CA-ON-846
Ontario,CA-ON,Poole,CA-ON-847
Ontario,CA-ON,Poplar Hill,CA-ON-848
Ontario,CA-ON,Porcupine,CA-ON-849
Ontario,CA-ON,Porquis Junction,CA-ON-850
Ontario,CA-ON,Port Alma,CA-ON-851
Ontario,CA-ON,Port Burwell,CA-ON-852
Ontario,CA-ON,Port Carling,CA-ON-853
Ontario,CA-ON,Port Colborne,CA-ON-854
Ontario,CA-ON,Port Dover,CA-ON-855
Ontario,CA-ON,Port Elgin,CA-ON-856
Ontario,CA-ON,Port Franks,CA-ON-857
Ontario,CA-ON,Port Hope,CA-ON-858
Ontario,CA-ON,Port Lambton,CA-ON-859
Ontario,CA-ON,Port Loring,CA-ON-860
Ontario,CA-ON,Port McNicoll,CA-ON-861
Ontario,CA-ON,Port Perry,CA-ON-862
Ontario,CA-ON,Port Robinson,CA-ON-863
Ontario,CA-ON,Port Rowan,CA-ON-864
Ontario,CA-ON,Port Sandfield,CA-ON-865
Ontario,CA-ON,Port Severn,CA-ON-866
Ontario,CA-ON,Port Stanley,CA-ON-867
Ontario,CA-ON,Port Sydney,CA-ON-868
Ontario,CA-ON,Portland,CA-ON-869
Ontario,CA-ON,Powassan,CA-ON-870
Ontario,CA-ON,Prescott,CA-ON-871
Ontario,CA-ON,Priceville,CA-ON-872
Ontario,CA-ON,Prince Albert,CA-ON-873
Ontario,CA-ON,Princeton,CA-ON-874
Ontario,CA-ON,Proton Station,CA-ON-875
Ontario,CA-ON,Providence Bay,CA-ON-876
Ontario,CA-ON,Puslinch,CA-ON-877
Ontario,CA-ON,Putnam,CA-ON-878
Ontario,CA-ON,Quadeville,CA-ON-879
Ontario,CA-ON,Queenston,CA-ON-880
Ontario,CA-ON,Queensville,CA-ON-881
Ontario,CA-ON,Rainy River,CA-ON-882
Ontario,CA-ON,Raith,CA-ON-883
Ontario,CA-ON,Rama,CA-ON-884
Ontario,CA-ON,Ramore,CA-ON-885
Ontario,CA-ON,Ramsayville,CA-ON-886
Ontario,CA-ON,Ramsey,CA-ON-887
Ontario,CA-ON,Ravenna,CA-ON-888
Ontario,CA-ON,Ravenswood,CA-ON-889
Ontario,CA-ON,Reaboro,CA-ON-890
Ontario,CA-ON,Red Lake,CA-ON-891
Ontario,CA-ON,Red Rock,CA-ON-892
Ontario,CA-ON,Redbridge,CA-ON-893
Ontario,CA-ON,Redditt,CA-ON-894
Ontario,CA-ON,Renfrew,CA-ON-895
Ontario,CA-ON,Restoule,CA-ON-896
Ontario,CA-ON,Richards Landing,CA-ON-897
Ontario,CA-ON,Richmond,CA-ON-898
Ontario,CA-ON,Richmond Hill,CA-ON-899
Ontario,CA-ON,Rideau Ferry,CA-ON-900
Ontario,CA-ON,Ridgetown,CA-ON-901
Ontario,CA-ON,Ridgeville,CA-ON-902
Ontario,CA-ON,Ridgeway,CA-ON-903
Ontario,CA-ON,Ripley,CA-ON-904
Ontario,CA-ON,River Drive Park,CA-ON-905
Ontario,CA-ON,River Valley,CA-ON-906
Ontario,CA-ON,Roblin,CA-ON-907
Ontario,CA-ON,Roches Point,CA-ON-908
Ontario,CA-ON,Rockcliffe,CA-ON-909
Ontario,CA-ON,Rockland,CA-ON-910
Ontario,CA-ON,Rockport,CA-ON-911
Ontario,CA-ON,Rockton,CA-ON-912
Ontario,CA-ON,Rockwood,CA-ON-913
Ontario,CA-ON,Rodney,CA-ON-914
Ontario,CA-ON,Rolphton,CA-ON-915
Ontario,CA-ON,Rosemont,CA-ON-916
Ontario,CA-ON,Roseneath,CA-ON-917
Ontario,CA-ON,Roslin,CA-ON-918
Ontario,CA-ON,Rosseau,CA-ON-919
Ontario,CA-ON,Rosseau Road,CA-ON-920
Ontario,CA-ON,Rossport,CA-ON-921
Ontario,CA-ON,Rostock,CA-ON-922
Ontario,CA-ON,Round Lake Centre,CA-ON-923
Ontario,CA-ON,Ruscom Station,CA-ON-924
Ontario,CA-ON,Russell,CA-ON-925
Ontario,CA-ON,Rutherglen,CA-ON-926
Ontario,CA-ON,Ruthven,CA-ON-927
Ontario,CA-ON,Sachigo Lake,CA-ON-928
Ontario,CA-ON,Saint-Pascal-Baylon,CA-ON-929
Ontario,CA-ON,Salford,CA-ON-930
Ontario,CA-ON,Sandford,CA-ON-931
Ontario,CA-ON,Sandy Lake,CA-ON-932
Ontario,CA-ON,Sarnia,CA-ON-933
Ontario,CA-ON,Sarsfield,CA-ON-934
Ontario,CA-ON,Sauble Beach,CA-ON-935
Ontario,CA-ON,Sault Ste Marie,CA-ON-936
Ontario,CA-ON,Savant Lake,CA-ON-937
Ontario,CA-ON,Scarborough,CA-ON-938
Ontario,CA-ON,Schomberg,CA-ON-939
Ontario,CA-ON,Schreiber,CA-ON-940
Ontario,CA-ON,Schumacher,CA-ON-941
Ontario,CA-ON,Scotland,CA-ON-942
Ontario,CA-ON,Seaforth,CA-ON-943
Ontario,CA-ON,Seagrave,CA-ON-944
Ontario,CA-ON,Searchmont,CA-ON-945
Ontario,CA-ON,Sebright,CA-ON-946
Ontario,CA-ON,Sebringville,CA-ON-947
Ontario,CA-ON,Seeleys Bay,CA-ON-948
Ontario,CA-ON,Selby,CA-ON-949
Ontario,CA-ON,Selkirk,CA-ON-950
Ontario,CA-ON,Serpent River,CA-ON-951
Ontario,CA-ON,Sesekinika,CA-ON-952
Ontario,CA-ON,Severn Bridge,CA-ON-953
Ontario,CA-ON,Shakespeare,CA-ON-954
Ontario,CA-ON,Shallow Lake,CA-ON-955
Ontario,CA-ON,Shannonville,CA-ON-956
Ontario,CA-ON,Shanty Bay,CA-ON-957
Ontario,CA-ON,Sharbot Lake,CA-ON-958
Ontario,CA-ON,Sharon,CA-ON-959
Ontario,CA-ON,Shebandowan,CA-ON-960
Ontario,CA-ON,Shedden,CA-ON-961
Ontario,CA-ON,Sheffield,CA-ON-962
Ontario,CA-ON,Sheguiandah,CA-ON-963
Ontario,CA-ON,Shelburne,CA-ON-964
Ontario,CA-ON,Sherkston,CA-ON-965
Ontario,CA-ON,Sheshegwaning,CA-ON-966
Ontario,CA-ON,Shining Tree,CA-ON-967
Ontario,CA-ON,Silver Water,CA-ON-968
Ontario,CA-ON,Simcoe,CA-ON-969
Ontario,CA-ON,Singhampton,CA-ON-970
Ontario,CA-ON,Sioux Lookout,CA-ON-971
Ontario,CA-ON,Sioux Narrows,CA-ON-972
Ontario,CA-ON,Skead,CA-ON-973
Ontario,CA-ON,Slate Falls,CA-ON-974
Ontario,CA-ON,Sleeman,CA-ON-975
Ontario,CA-ON,Smiths Falls,CA-ON-976
Ontario,CA-ON,Smithville,CA-ON-977
Ontario,CA-ON,Smooth Rock Falls,CA-ON-978
Ontario,CA-ON,Snow Road Station,CA-ON-979
Ontario,CA-ON,Sombra,CA-ON-980
Ontario,CA-ON,South Baymouth,CA-ON-981
Ontario,CA-ON,South Gillies,CA-ON-982
Ontario,CA-ON,South Lancaster,CA-ON-983
Ontario,CA-ON,South Mountain,CA-ON-984
Ontario,CA-ON,South Porcupine,CA-ON-985
Ontario,CA-ON,South River,CA-ON-986
Ontario,CA-ON,South Woodslee,CA-ON-987
Ontario,CA-ON,Southampton,CA-ON-988
Ontario,CA-ON,Southwold,CA-ON-989
Ontario,CA-ON,Spanish,CA-ON-990
Ontario,CA-ON,Sparta,CA-ON-991
Ontario,CA-ON,Spencerville,CA-ON-992
Ontario,CA-ON,Spragge,CA-ON-993
Ontario,CA-ON,Spring Bay,CA-ON-994
Ontario,CA-ON,Springbrook,CA-ON-995
Ontario,CA-ON,Springfield,CA-ON-996
Ontario,CA-ON,Springford,CA-ON-997
Ontario,CA-ON,Sprucedale,CA-ON-998
Ontario,CA-ON,St Agatha,CA-ON-999
Ontario,CA-ON,St Albert,CA-ON-1000
Ontario,CA-ON,St Andrews West,CA-ON-1001
Ontario,CA-ON,St Anns,CA-ON-1002
Ontario,CA-ON,St Bernardin,CA-ON-1003
Ontario,CA-ON,St Catharines,CA-ON-1004
Ontario,CA-ON,St Charles,CA-ON-1005
Ontario,CA-ON,St Clements,CA-ON-1006
Ontario,CA-ON,St Davids,CA-ON-1007
Ontario,CA-ON,St Eugene,CA-ON-1008
Ontario,CA-ON,St George Brant,CA-ON-1009
Ontario,CA-ON,St Isidore,CA-ON-1010
Ontario,CA-ON,St Jacobs,CA-ON-1011
Ontario,CA-ON,St Joachim,CA-ON-1012
Ontario,CA-ON,St Marys,CA-ON-1013
Ontario,CA-ON,St Pauls Station,CA-ON-1014
Ontario,CA-ON,St Thomas,CA-ON-1015
Ontario,CA-ON,St Williams,CA-ON-1016
Ontario,CA-ON,Staffa,CA-ON-1017
Ontario,CA-ON,Staples,CA-ON-1018
Ontario,CA-ON,Stayner,CA-ON-1019
Ontario,CA-ON,Ste Anne de Prescott,CA-ON-1020
Ontario,CA-ON,Stella,CA-ON-1021
Ontario,CA-ON,Stevensville,CA-ON-1022
Ontario,CA-ON,Stirling,CA-ON-1023
Ontario,CA-ON,Stittsville,CA-ON-1024
Ontario,CA-ON,Stokes Bay,CA-ON-1025
Ontario,CA-ON,Stonecliffe,CA-ON-1026
Ontario,CA-ON,Stoney Creek,CA-ON-1027
Ontario,CA-ON,Stouffville,CA-ON-1028
Ontario,CA-ON,Straffordville,CA-ON-1029
Ontario,CA-ON,Stratford,CA-ON-1030
Ontario,CA-ON,Strathroy,CA-ON-1031
Ontario,CA-ON,Stratton,CA-ON-1032
Ontario,CA-ON,Strickland,CA-ON-1033
Ontario,CA-ON,Sturgeon Falls,CA-ON-1034
Ontario,CA-ON,Sudbury,CA-ON-1035
Ontario,CA-ON,Sultan,CA-ON-1036
Ontario,CA-ON,Summer Beaver,CA-ON-1037
Ontario,CA-ON,Summerstown,CA-ON-1038
Ontario,CA-ON,Sunderland,CA-ON-1039
Ontario,CA-ON,Sundridge,CA-ON-1040
Ontario,CA-ON,Sutton West,CA-ON-1041
Ontario,CA-ON,Swastika,CA-ON-1042
Ontario,CA-ON,Sydenham,CA-ON-1043
Ontario,CA-ON,Talbotville Royal,CA-ON-1044
Ontario,CA-ON,Tamworth,CA-ON-1045
Ontario,CA-ON,Tara,CA-ON-1046
Ontario,CA-ON,Tarzwell,CA-ON-1047
Ontario,CA-ON,Tavistock,CA-ON-1048
Ontario,CA-ON,Tecumseh,CA-ON-1049
Ontario,CA-ON,Teeswater,CA-ON-1050
Ontario,CA-ON,Teeterville,CA-ON-1051
Ontario,CA-ON,Tehkummah,CA-ON-1052
Ontario,CA-ON,Temagami,CA-ON-1053
Ontario,CA-ON,Terra Cotta,CA-ON-1054
Ontario,CA-ON,Terrace Bay,CA-ON-1055
Ontario,CA-ON,Thamesford,CA-ON-1056
Ontario,CA-ON,Thamesville,CA-ON-1057
Ontario,CA-ON,Thedford,CA-ON-1058
Ontario,CA-ON,Thessalon,CA-ON-1059
Ontario,CA-ON,Thomasburg,CA-ON-1060
Ontario,CA-ON,Thornbury,CA-ON-1061
Ontario,CA-ON,Thorndale,CA-ON-1062
Ontario,CA-ON,Thorne,CA-ON-1063
Ontario,CA-ON,Thornhill,CA-ON-1064
Ontario,CA-ON,Thornloe,CA-ON-1065
Ontario,CA-ON,Thornton,CA-ON-1066
Ontario,CA-ON,Thorold,CA-ON-1067
Ontario,CA-ON,Thunder Bay,CA-ON-1068
Ontario,CA-ON,Tichborne,CA-ON-1069
Ontario,CA-ON,Tilbury,CA-ON-1070
Ontario,CA-ON,Tilden Lake,CA-ON-1071
Ontario,CA-ON,Tillsonburg,CA-ON-1072
Ontario,CA-ON,Timmins,CA-ON-1073
Ontario,CA-ON,Tiverton,CA-ON-1074
Ontario,CA-ON,Tobermory,CA-ON-1075
Ontario,CA-ON,Toledo,CA-ON-1076
Ontario,CA-ON,Toronto,CA-ON-1077
Ontario,CA-ON,Torrance,CA-ON-1078
Ontario,CA-ON,Tory Hill,CA-ON-1079
Ontario,CA-ON,Tottenham,CA-ON-1080
Ontario,CA-ON,Townsend,CA-ON-1081
Ontario,CA-ON,Trent River,CA-ON-1082
Ontario,CA-ON,Trenton,CA-ON-1083
Ontario,CA-ON,Trout Creek,CA-ON-1084
Ontario,CA-ON,Troy,CA-ON-1085
Ontario,CA-ON,Tunis,CA-ON-1086
Ontario,CA-ON,Tupperville,CA-ON-1087
Ontario,CA-ON,Turkey Point,CA-ON-1088
Ontario,CA-ON,Tweed,CA-ON-1089
Ontario,CA-ON,Udora,CA-ON-1090
Ontario,CA-ON,Union,CA-ON-1091
Ontario,CA-ON,Unionville,CA-ON-1092
Ontario,CA-ON,Upper Canada Village,CA-ON-1093
Ontario,CA-ON,Upsala,CA-ON-1094
Ontario,CA-ON,Utopia,CA-ON-1095
Ontario,CA-ON,Utterson,CA-ON-1096
Ontario,CA-ON,Uxbridge,CA-ON-1097
Ontario,CA-ON,Val Caron,CA-ON-1098
Ontario,CA-ON,Val Cote,CA-ON-1099
Ontario,CA-ON,Val Gagne,CA-ON-1100
Ontario,CA-ON,Val Rita,CA-ON-1101
Ontario,CA-ON,Val Therese,CA-ON-1102
Ontario,CA-ON,Vanessa,CA-ON-1103
Ontario,CA-ON,Vanier,CA-ON-1104
Ontario,CA-ON,Vankleek Hill,CA-ON-1105
Ontario,CA-ON,Varna,CA-ON-1106
Ontario,CA-ON,Vars,CA-ON-1107
Ontario,CA-ON,Vaughan,CA-ON-1108
Ontario,CA-ON,Vermilion Bay,CA-ON-1109
Ontario,CA-ON,Verner,CA-ON-1110
Ontario,CA-ON,Vernon,CA-ON-1111
Ontario,CA-ON,Verona,CA-ON-1112
Ontario,CA-ON,Vickers Heights,CA-ON-1113
Ontario,CA-ON,Victoria Harbour,CA-ON-1114
Ontario,CA-ON,Vienna,CA-ON-1115
Ontario,CA-ON,Vineland,CA-ON-1116
Ontario,CA-ON,Vineland Station,CA-ON-1117
Ontario,CA-ON,Virgil,CA-ON-1118
Ontario,CA-ON,Virginiatown,CA-ON-1119
Ontario,CA-ON,Vittoria,CA-ON-1120
Ontario,CA-ON,Wabigoon,CA-ON-1121
Ontario,CA-ON,Wahnapitae,CA-ON-1122
Ontario,CA-ON,Wainfleet,CA-ON-1123
Ontario,CA-ON,Waldhof,CA-ON-1124
Ontario,CA-ON,Walford Station,CA-ON-1125
Ontario,CA-ON,Walkerton,CA-ON-1126
Ontario,CA-ON,Wallaceburg,CA-ON-1127
Ontario,CA-ON,Wallacetown,CA-ON-1128
Ontario,CA-ON,Wallenstein,CA-ON-1129
Ontario,CA-ON,Walsingham,CA-ON-1130
Ontario,CA-ON,Walters Falls,CA-ON-1131
Ontario,CA-ON,Walton,CA-ON-1132
Ontario,CA-ON,Wardsville,CA-ON-1133
Ontario,CA-ON,Warkworth,CA-ON-1134
Ontario,CA-ON,Warminster,CA-ON-1135
Ontario,CA-ON,Warren,CA-ON-1136
Ontario,CA-ON,Warsaw,CA-ON-1137
Ontario,CA-ON,Wasaga Beach,CA-ON-1138
Ontario,CA-ON,Washago,CA-ON-1139
Ontario,CA-ON,Waterdown,CA-ON-1140
Ontario,CA-ON,Waterford,CA-ON-1141
Ontario,CA-ON,Waterloo,CA-ON-1142
Ontario,CA-ON,Watford,CA-ON-1143
Ontario,CA-ON,Waubaushene,CA-ON-1144
Ontario,CA-ON,Wawa,CA-ON-1145
Ontario,CA-ON,Weagamow Lake,CA-ON-1146
Ontario,CA-ON,Webbwood,CA-ON-1147
Ontario,CA-ON,Webequie,CA-ON-1148
Ontario,CA-ON,Welland,CA-ON-1149
Ontario,CA-ON,Wellandport,CA-ON-1150
Ontario,CA-ON,Wellesley,CA-ON-1151
Ontario,CA-ON,Wellington,CA-ON-1152
Ontario,CA-ON,Wendover,CA-ON-1153
Ontario,CA-ON,West Flamborough,CA-ON-1154
Ontario,CA-ON,West Guilford,CA-ON-1155
Ontario,CA-ON,West Lorne,CA-ON-1156
Ontario,CA-ON,West Montrose,CA-ON-1157
Ontario,CA-ON,Westbrook,CA-ON-1158
Ontario,CA-ON,Westmeath,CA-ON-1159
Ontario,CA-ON,Westport,CA-ON-1160
Ontario,CA-ON,Westwood,CA-ON-1161
Ontario,CA-ON,Wheatley,CA-ON-1162
Ontario,CA-ON,Whitby,CA-ON-1163
Ontario,CA-ON,White Lake,CA-ON-1164
Ontario,CA-ON,White River,CA-ON-1165
Ontario,CA-ON,Whitedog,CA-ON-1166
Ontario,CA-ON,Whitefish,CA-ON-1167
Ontario,CA-ON,Whitefish Falls,CA-ON-1168
Ontario,CA-ON,Whitevale,CA-ON-1169
Ontario,CA-ON,Whitney,CA-ON-1170
Ontario,CA-ON,Wiarton,CA-ON-1171
Ontario,CA-ON,Wikwemikong,CA-ON-1172
Ontario,CA-ON,Wilberforce,CA-ON-1173
Ontario,CA-ON,Wilkesport,CA-ON-1174
Ontario,CA-ON,Williamsburg,CA-ON-1175
Ontario,CA-ON,Williamsford,CA-ON-1176
Ontario,CA-ON,Williamstown,CA-ON-1177
Ontario,CA-ON,Willow Beach,CA-ON-1178
Ontario,CA-ON,Wilno,CA-ON-1179
Ontario,CA-ON,Wilsonville,CA-ON-1180
Ontario,CA-ON,Winchester,CA-ON-1181
Ontario,CA-ON,Winchester Springs,CA-ON-1182
Ontario,CA-ON,Windermere,CA-ON-1183
Ontario,CA-ON,Windham Centre,CA-ON-1184
Prince Edward Island,CA-PE,Albany,CA-PE-0
Prince Edward Island,CA-PE,Alberton,CA-PE-1
Prince Edward Island,CA-PE,Bedeque,CA-PE-2
Prince Edward Island,CA-PE,Belfast,CA-PE-3
Prince Edward Island,CA-PE,Belle River,CA-PE-4
Prince Edward Island,CA-PE,Bloomfield Station,CA-PE-5
Prince Edward Island,CA-PE,Bonshaw,CA-PE-6
Prince Edward Island,CA-PE,Breadalbane,CA-PE-7
Prince Edward Island,CA-PE,Cardigan,CA-PE-8
Prince Edward Island,CA-PE,Central Bedeque,CA-PE-9
Prince Edward Island,CA-PE,Charlottetown,CA-PE-10
Prince Edward Island,CA-PE,Coleman,CA-PE-11
Prince Edward Island,CA-PE,Cornwall,CA-PE-12
Prince Edward Island,CA-PE,Crapaud,CA-PE-13
Prince Edward Island,CA-PE,Ellerslie,CA-PE-14
Prince Edward Island,CA-PE,Elmira,CA-PE-15
Prince Edward Island,CA-PE,Elmsdale,CA-PE-16
Prince Edward Island,CA-PE,Freetown,CA-PE-17
Prince Edward Island,CA-PE,Georgetown,CA-PE-18
Prince Edward Island,CA-PE,Green Gables,CA-PE-19
Prince Edward Island,CA-PE,Hunter River,CA-PE-20
Prince Edward Island,CA-PE,Kensington,CA-PE-21
Prince Edward Island,CA-PE,Kinkora,CA-PE-22
Prince Edward Island,CA-PE,Lennox Island,CA-PE-23
Prince Edward Island,CA-PE,Miminegash,CA-PE-24
Prince Edward Island,CA-PE,Miscouche,CA-PE-25
Prince Edward Island,CA-PE,Montague,CA-PE-26
Prince Edward Island,CA-PE,Morell,CA-PE-27
Prince Edward Island,CA-PE,Mount Stewart,CA-PE-28
Prince Edward Island,CA-PE,Murray Harbour,CA-PE-29
Prince Edward Island,CA-PE,Murray River,CA-PE-30
Prince Edward Island,CA-PE,North Rustico,CA-PE-31
Prince Edward Island,CA-PE,North Wiltshire,CA-PE-32
Prince Edward Island,CA-PE,O'Leary,CA-PE-33
Prince Edward Island,CA-PE,Port Borden,CA-PE-34
Prince Edward Island,CA-PE,Pownal,CA-PE-35
Prince Edward Island,CA-PE,Richmond,CA-PE-36
Prince Edward Island,CA-PE,Slemon Park,CA-PE-37
Prince Edward Island,CA-PE,Souris,CA-PE-38
Prince Edward Island,CA-PE,St-Louis,CA-PE-39
Prince Edward Island,CA-PE,St-Peters Bay,CA-PE-40
Prince Edward Island,CA-PE,Stratford,CA-PE-41
Prince Edward Island,CA-PE,Summerside,CA-PE-42
Prince Edward Island,CA-PE,Tignish,CA-PE-43
Prince Edward Island,CA-PE,Tyne Valley,CA-PE-44
Prince Edward Island,CA-PE,Vernon Bridge,CA-PE-45
Prince Edward Island,CA-PE,Victoria,CA-PE-46
Prince Edward Island,CA-PE,Wellington Station,CA-PE-47
Quebec,CA-QC,Abbotsford,CA-QC-0
Quebec,CA-QC,Abercorn,CA-QC-1
Quebec,CA-QC,Acton Vale,CA-QC-2
Quebec,CA-QC,Adstock,CA-QC-3
Quebec,CA-QC,Aguanish,CA-QC-4
Quebec,CA-QC,Akulivik,CA-QC-5
Quebec,CA-QC,Albanel,CA-QC-6
Quebec,CA-QC,Albertville,CA-QC-7
Quebec,CA-QC,Alcove,CA-QC-8
Quebec,CA-QC,Alma,CA-QC-9
Quebec,CA-QC,Alouette,CA-QC-10
Quebec,CA-QC,Amherst,CA-QC-11
Quebec,CA-QC,Amos,CA-QC-12
Quebec,CA-QC,Amqui,CA-QC-13
Quebec,CA-QC,Ange-Gardien,CA-QC-14
Quebec,CA-QC,Angliers,CA-QC-15
Quebec,CA-QC,Anjou,CA-QC-16
Quebec,CA-QC,Armagh,CA-QC-17
Quebec,CA-QC,Arntfield,CA-QC-18
Quebec,CA-QC,Arundel,CA-QC-19
Quebec,CA-QC,Asbestos,CA-QC-20
Quebec,CA-QC,Ascot,CA-QC-21
Quebec,CA-QC,Ascot Corner,CA-QC-22
Quebec,CA-QC,Aston-Jonction,CA-QC-23
Quebec,CA-QC,Athelstan,CA-QC-24
Quebec,CA-QC,Aubert-Gallion,CA-QC-25
Quebec,CA-QC,Auclair,CA-QC-26
Quebec,CA-QC,Audet,CA-QC-27
Quebec,CA-QC,Aupaluk,CA-QC-28
Quebec,CA-QC,Austin,CA-QC-29
Quebec,CA-QC,Authier,CA-QC-30
Quebec,CA-QC,Authier-Nord,CA-QC-31
Quebec,CA-QC,Ayer's Cliff,CA-QC-32
Quebec,CA-QC,Aylmer,CA-QC-33
Quebec,CA-QC,Baie-Comeau,CA-QC-34
Quebec,CA-QC,Baie-des-Sables,CA-QC-35
Quebec,CA-QC,Baie-du-Febvre,CA-QC-36
Quebec,CA-QC,Baie-d'Urfe,CA-QC-37
Quebec,CA-QC,Baie-Johan-Beetz,CA-QC-38
Quebec,CA-QC,Baie-Sainte-Catherine,CA-QC-39
Quebec,CA-QC,Baie-Saint-Paul,CA-QC-40
Quebec,CA-QC,Baie-Trinite,CA-QC-41
Quebec,CA-QC,Barachois,CA-QC-42
Quebec,CA-QC,Barkmere,CA-QC-43
Quebec,CA-QC,Barnston,CA-QC-44
Quebec,CA-QC,Barraute,CA-QC-45
Quebec,CA-QC,Barre,CA-QC-46
Quebec,CA-QC,Bassin,CA-QC-47
Quebec,CA-QC,Batiscan,CA-QC-48
Quebec,CA-QC,Beaconsfield,CA-QC-49
Quebec,CA-QC,Bearn,CA-QC-50
Quebec,CA-QC,Beaucanton,CA-QC-51
Quebec,CA-QC,Beauceville,CA-QC-52
Quebec,CA-QC,Beauharnois,CA-QC-53
Quebec,CA-QC,Beaulac,CA-QC-54
Quebec,CA-QC,Beaumont,CA-QC-55
Quebec,CA-QC,Beauport,CA-QC-56
Quebec,CA-QC,Beaupre,CA-QC-57
Quebec,CA-QC,Beaux-Rivages,CA-QC-58
Quebec,CA-QC,Becancour,CA-QC-59
Quebec,CA-QC,Bedford,CA-QC-60
Quebec,CA-QC,Begin,CA-QC-61
Quebec,CA-QC,Belcourt,CA-QC-62
Quebec,CA-QC,Bellecombe,CA-QC-63
Quebec,CA-QC,Bellefeuille,CA-QC-64
Quebec,CA-QC,Belleterre,CA-QC-65
Quebec,CA-QC,Beloeil,CA-QC-66
Quebec,CA-QC,Berry,CA-QC-67
Quebec,CA-QC,Berthier-sur-Mer,CA-QC-68
Quebec,CA-QC,Berthierville,CA-QC-69
Quebec,CA-QC,Betsiamites,CA-QC-70
Quebec,CA-QC,Biencourt,CA-QC-71
Quebec,CA-QC,Bishopton,CA-QC-72
Quebec,CA-QC,Black Cape,CA-QC-73
Quebec,CA-QC,Black Lake,CA-QC-74
Quebec,CA-QC,Blainville,CA-QC-75
Quebec,CA-QC,Blanc-Sablon,CA-QC-76
Quebec,CA-QC,Blue Sea,CA-QC-77
Quebec,CA-QC,Boileau,CA-QC-78
Quebec,CA-QC,Boisbriand,CA-QC-79
Quebec,CA-QC,Boischatel,CA-QC-80
Quebec,CA-QC,Bois-des-Filion,CA-QC-81
Quebec,CA-QC,Bois-Franc,CA-QC-82
Quebec,CA-QC,Bolton Centre,CA-QC-83
Quebec,CA-QC,Bonaventure,CA-QC-84
Quebec,CA-QC,Bon-Conseil,CA-QC-85
Quebec,CA-QC,Bonsecours,CA-QC-86
Quebec,CA-QC,Boucherville,CA-QC-87
Quebec,CA-QC,Bouchette,CA-QC-88
Quebec,CA-QC,Boulanger,CA-QC-89
Quebec,CA-QC,Brador,CA-QC-90
Quebec,CA-QC,Brebeuf,CA-QC-91
Quebec,CA-QC,Brigham,CA-QC-92
Quebec,CA-QC,Bristol,CA-QC-93
Quebec,CA-QC,Brome,CA-QC-94
Quebec,CA-QC,Bromont,CA-QC-95
Quebec,CA-QC,Bromptonville,CA-QC-96
Quebec,CA-QC,Brossard,CA-QC-97
Quebec,CA-QC,Brownsburg-Chatham,CA-QC-98
Quebec,CA-QC,Bryson,CA-QC-99
Quebec,CA-QC,Buckingham,CA-QC-100
Quebec,CA-QC,Buckland,CA-QC-101
Quebec,CA-QC,Bury,CA-QC-102
Quebec,CA-QC,Cabano,CA-QC-103
Quebec,CA-QC,Cacouna,CA-QC-104
Quebec,CA-QC,Cadillac,CA-QC-105
Quebec,CA-QC,Calixa-Lavallee,CA-QC-106
Quebec,CA-QC,Calumet,CA-QC-107
Quebec,CA-QC,Campbell's Bay,CA-QC-108
Quebec,CA-QC,Candiac,CA-QC-109
Quebec,CA-QC,Cantley,CA-QC-110
Quebec,CA-QC,Canton Bedford,CA-QC-111
Quebec,CA-QC,Canton de Shefford,CA-QC-112
Quebec,CA-QC,Canton Magog,CA-QC-113
Quebec,CA-QC,Canton Melbourne,CA-QC-114
Quebec,CA-QC,Canton Stanstead,CA-QC-115
Quebec,CA-QC,Canton Tremblay,CA-QC-116
Quebec,CA-QC,Canton-de-Granby,CA-QC-117
Quebec,CA-QC,Cap-au-Renard,CA-QC-118
Quebec,CA-QC,Cap-aux-Meules,CA-QC-119
Quebec,CA-QC,Cap-Chat,CA-QC-120
Quebec,CA-QC,Cap-Chat-Est,CA-QC-121
Quebec,CA-QC,Cap-de-la-Madeleine,CA-QC-122
Quebec,CA-QC,Cap-d'Espoir,CA-QC-123
Quebec,CA-QC,Caplan,CA-QC-124
Quebec,CA-QC,Cap-Rouge,CA-QC-125
Quebec,CA-QC,Cap-Saint-Ignace,CA-QC-126
Quebec,CA-QC,Cap-Saint-Ignace-Station,CA-QC-127
Quebec,CA-QC,Cap-Sante,CA-QC-128
Quebec,CA-QC,Capucins,CA-QC-129
Quebec,CA-QC,Carignan,CA-QC-130
Quebec,CA-QC,Carleton,CA-QC-131
Quebec,CA-QC,Cascapedia-Saint-Jules,CA-QC-132
Quebec,CA-QC,Causapscal,CA-QC-133
Quebec,CA-QC,Cazaville,CA-QC-134
Quebec,CA-QC,Chambly,CA-QC-135
Quebec,CA-QC,Chambord,CA-QC-136
Quebec,CA-QC,Champlain,CA-QC-137
Quebec,CA-QC,Champneuf,CA-QC-138
Quebec,CA-QC,Chandler,CA-QC-139
Quebec,CA-QC,Chapais,CA-QC-140
Quebec,CA-QC,Chapeau,CA-QC-141
Quebec,CA-QC,Charette,CA-QC-142
Quebec,CA-QC,Charlemagne,CA-QC-143
Quebec,CA-QC,Charlesbourg,CA-QC-144
Quebec,CA-QC,Charny,CA-QC-145
Quebec,CA-QC,Chartierville,CA-QC-146
Quebec,CA-QC,Chateauguay,CA-QC-147
Quebec,CA-QC,Chateau-Richer,CA-QC-148
Quebec,CA-QC,Chazel,CA-QC-149
Quebec,CA-QC,Chelsea,CA-QC-150
Quebec,CA-QC,Cheneville,CA-QC-151
Quebec,CA-QC,Chertsey,CA-QC-152
Quebec,CA-QC,Chesterville,CA-QC-153
Quebec,CA-QC,Chevery,CA-QC-154
Quebec,CA-QC,Chibougamau,CA-QC-155
Quebec,CA-QC,Chicoutimi,CA-QC-156
Quebec,CA-QC,Chisasibi,CA-QC-157
Quebec,CA-QC,Chomedey,CA-QC-158
Quebec,CA-QC,Chute-aux-Outardes,CA-QC-159
Quebec,CA-QC,Chute-Saint-Philippe,CA-QC-160
Quebec,CA-QC,Clarenceville,CA-QC-161
Quebec,CA-QC,Clarke City,CA-QC-162
Quebec,CA-QC,Clericy,CA-QC-163
Quebec,CA-QC,Clermont,CA-QC-164
Quebec,CA-QC,Clerval,CA-QC-165
Quebec,CA-QC,Cleveland,CA-QC-166
Quebec,CA-QC,Cloridorme,CA-QC-167
Quebec,CA-QC,Cloutier,CA-QC-168
Quebec,CA-QC,Clova,CA-QC-169
Quebec,CA-QC,Coaticook,CA-QC-170
Quebec,CA-QC,Colombourg,CA-QC-171
Quebec,CA-QC,Compton,CA-QC-172
Quebec,CA-QC,Compton Station,CA-QC-173
Quebec,CA-QC,Contrecoeur,CA-QC-174
Quebec,CA-QC,Cookshire,CA-QC-175
Quebec,CA-QC,Cote Saint-Luc,CA-QC-176
Quebec,CA-QC,Coteau-du-Lac,CA-QC-177
Quebec,CA-QC,Courcelette,CA-QC-178
Quebec,CA-QC,Courcelles,CA-QC-179
Quebec,CA-QC,Cowansville,CA-QC-180
Quebec,CA-QC,Crabtree,CA-QC-181
Quebec,CA-QC,D'Alembert,CA-QC-182
Quebec,CA-QC,Dalhousie,CA-QC-183
Quebec,CA-QC,Dalmas,CA-QC-184
Quebec,CA-QC,Danford Lake,CA-QC-185
Quebec,CA-QC,Danville,CA-QC-186
Quebec,CA-QC,Daveluyville,CA-QC-187
Quebec,CA-QC,Davidson,CA-QC-188
Quebec,CA-QC,Deauville,CA-QC-189
Quebec,CA-QC,Degelis,CA-QC-190
Quebec,CA-QC,Deleage,CA-QC-191
Quebec,CA-QC,Delson,CA-QC-192
Quebec,CA-QC,Denholm,CA-QC-193
Quebec,CA-QC,Des Ruisseaux,CA-QC-194
Quebec,CA-QC,Desbiens,CA-QC-195
Quebec,CA-QC,Deschaillons-sur-Saint-Laurent,CA-QC-196
Quebec,CA-QC,Deschambault,CA-QC-197
Quebec,CA-QC,Desmaraisville,CA-QC-198
Quebec,CA-QC,Desmeloizes,CA-QC-199
Quebec,CA-QC,Destor,CA-QC-200
Quebec,CA-QC,Deux-Montagnes,CA-QC-201
Quebec,CA-QC,Dewittville,CA-QC-202
Quebec,CA-QC,Dijon,CA-QC-203
Quebec,CA-QC,Disraeli,CA-QC-204
Quebec,CA-QC,Dixville,CA-QC-205
Quebec,CA-QC,Dolbeau-Mistassini,CA-QC-206
Quebec,CA-QC,Dollard-des-Ormeaux,CA-QC-207
Quebec,CA-QC,Domaine-des-Hauts-Bois,CA-QC-208
Quebec,CA-QC,Donnacona,CA-QC-209
Quebec,CA-QC,Dorval,CA-QC-210
Quebec,CA-QC,Dosquet,CA-QC-211
Quebec,CA-QC,Drummondville,CA-QC-212
Quebec,CA-QC,Dubuisson,CA-QC-213
Quebec,CA-QC,Duclos,CA-QC-214
Quebec,CA-QC,Duhamel,CA-QC-215
Quebec,CA-QC,Dunham,CA-QC-216
Quebec,CA-QC,Duparquet,CA-QC-217
Quebec,CA-QC,Dupuy,CA-QC-218
Quebec,CA-QC,Durham-Sud,CA-QC-219
Quebec,CA-QC,East Angus,CA-QC-220
Quebec,CA-QC,East Broughton,CA-QC-221
Quebec,CA-QC,East Broughton Station,CA-QC-222
Quebec,CA-QC,East Farnham,CA-QC-223
Quebec,CA-QC,East Hereford,CA-QC-224
Quebec,CA-QC,Eastmain,CA-QC-225
Quebec,CA-QC,Eastman,CA-QC-226
Quebec,CA-QC,Eaton,CA-QC-227
Quebec,CA-QC,Egan,CA-QC-228
Quebec,CA-QC,Entrelacs,CA-QC-229
Quebec,CA-QC,Entry Island,CA-QC-230
Quebec,CA-QC,Escuminac,CA-QC-231
Quebec,CA-QC,Esprit-Saint,CA-QC-232
Quebec,CA-QC,Esterel,CA-QC-233
Quebec,CA-QC,Evain,CA-QC-234
Quebec,CA-QC,Fabre,CA-QC-235
Quebec,CA-QC,Fabreville,CA-QC-236
Quebec,CA-QC,Falardeau,CA-QC-237
Quebec,CA-QC,Farley,CA-QC-238
Quebec,CA-QC,Farnham,CA-QC-239
Quebec,CA-QC,Farrellton,CA-QC-240
Quebec,CA-QC,Fassett,CA-QC-241
Quebec,CA-QC,Fatima,CA-QC-242
Quebec,CA-QC,Ferland-Et-Boilleau,CA-QC-243
Quebec,CA-QC,Ferme-Neuve,CA-QC-244
Quebec,CA-QC,Fermont,CA-QC-245
Quebec,CA-QC,Fleurimont,CA-QC-246
Quebec,CA-QC,Forestville,CA-QC-247
Quebec,CA-QC,Fort-Coulonge,CA-QC-248
Quebec,CA-QC,Fortierville,CA-QC-249
Quebec,CA-QC,Fossambault-sur-le-Lac,CA-QC-250
Quebec,CA-QC,Foster,CA-QC-251
Quebec,CA-QC,Frampton,CA-QC-252
Quebec,CA-QC,Franklin,CA-QC-253
Quebec,CA-QC,Franquelin,CA-QC-254
Quebec,CA-QC,Frelighsburg,CA-QC-255
Quebec,CA-QC,Frontenac,CA-QC-256
Quebec,CA-QC,Fugereville,CA-QC-257
Quebec,CA-QC,Fulford,CA-QC-258
Quebec,CA-QC,Gallichan,CA-QC-259
Quebec,CA-QC,Gallix,CA-QC-260
Quebec,CA-QC,Garthby,CA-QC-261
Quebec,CA-QC,Gascons,CA-QC-262
Quebec,CA-QC,Gaspe,CA-QC-263
Quebec,CA-QC,Gatineau,CA-QC-264
Quebec,CA-QC,Georgeville,CA-QC-265
Quebec,CA-QC,Gethsemani,CA-QC-266
Quebec,CA-QC,Girardville,CA-QC-267
Quebec,CA-QC,Godbout,CA-QC-268
Quebec,CA-QC,Godmanchester,CA-QC-269
Quebec,CA-QC,Gore,CA-QC-270
Quebec,CA-QC,Gracefield,CA-QC-271
Quebec,CA-QC,Granby,CA-QC-272
Quebec,CA-QC,Grande-Entree,CA-QC-273
Quebec,CA-QC,Grande-Ile,CA-QC-274
Quebec,CA-QC,Grande-Riviere,CA-QC-275
Quebec,CA-QC,Grande-Riviere-Ouest,CA-QC-276
Quebec,CA-QC,Grandes-Bergeronnes,CA-QC-277
Quebec,CA-QC,Grandes-Piles,CA-QC-278
Quebec,CA-QC,Grande-Vallee,CA-QC-279
Quebec,CA-QC,Grand-Mere,CA-QC-280
Quebec,CA-QC,Grand-Remous,CA-QC-281
Quebec,CA-QC,Grand-Saint-Esprit,CA-QC-282
Quebec,CA-QC,Greenfield Park,CA-QC-283
Quebec,CA-QC,Grenville,CA-QC-284
Quebec,CA-QC,Grondines,CA-QC-285
Quebec,CA-QC,Gros-Morne,CA-QC-286
Quebec,CA-QC,Grosses-Roches,CA-QC-287
Quebec,CA-QC,Guerin,CA-QC-288
Quebec,CA-QC,Guyenne,CA-QC-289
Quebec,CA-QC,Ham-Nord,CA-QC-290
Quebec,CA-QC,Hampstead,CA-QC-291
Quebec,CA-QC,Harrington,CA-QC-292
Quebec,CA-QC,Harrington Harbour,CA-QC-293
Quebec,CA-QC,Havelock,CA-QC-294
Quebec,CA-QC,Havre-Aubert,CA-QC-295
Quebec,CA-QC,Havre-aux-Maisons,CA-QC-296
Quebec,CA-QC,Havre-Saint-Pierre,CA-QC-297
Quebec,CA-QC,Hebertville,CA-QC-298
Quebec,CA-QC,Hebertville-Station,CA-QC-299
Quebec,CA-QC,Hemmingford,CA-QC-300
Quebec,CA-QC,Henryville,CA-QC-301
Quebec,CA-QC,Herouxville,CA-QC-302
Quebec,CA-QC,Hinchinbrooke,CA-QC-303
Quebec,CA-QC,Honfleur,CA-QC-304
Quebec,CA-QC,Howick,CA-QC-305
Quebec,CA-QC,Huberdeau,CA-QC-306
Quebec,CA-QC,Hudson,CA-QC-307
Quebec,CA-QC,Hudson Heights,CA-QC-308
Quebec,CA-QC,Hull,CA-QC-309
Quebec,CA-QC,Huntingdon,CA-QC-310
Quebec,CA-QC,Iberville,CA-QC-311
Quebec,CA-QC,Ile-aux-Noix,CA-QC-312
Quebec,CA-QC,Ile-Perrot-Sud,CA-QC-313
Quebec,CA-QC,Inukjuak,CA-QC-314
Quebec,CA-QC,Inverness,CA-QC-315
Quebec,CA-QC,Isle-aux-Coudres,CA-QC-316
Quebec,CA-QC,Issoudun,CA-QC-317
Quebec,CA-QC,Ivry-sur-le-Lac,CA-QC-318
Quebec,CA-QC,Ivujivik,CA-QC-319
Quebec,CA-QC,Jacques-Cartier,CA-QC-320
Quebec,CA-QC,Joliette,CA-QC-321
Quebec,CA-QC,Joly,CA-QC-322
Quebec,CA-QC,Jonquiere,CA-QC-323
Quebec,CA-QC,Kahnawake,CA-QC-324
Quebec,CA-QC,Kamouraska,CA-QC-325
Quebec,CA-QC,Kangiqsualujjuaq,CA-QC-326
Quebec,CA-QC,Kangiqsujuaq,CA-QC-327
Quebec,CA-QC,Kangirsuk,CA-QC-328
Quebec,CA-QC,Katevale,CA-QC-329
Quebec,CA-QC,Kawawachikamach,CA-QC-330
Quebec,CA-QC,Kazabazua,CA-QC-331
Quebec,CA-QC,Kegaska,CA-QC-332
Quebec,CA-QC,Kiamika,CA-QC-333
Quebec,CA-QC,Kingsbury,CA-QC-334
Quebec,CA-QC,Kingsey Falls,CA-QC-335
Quebec,CA-QC,Kinnear's Mills,CA-QC-336
Quebec,CA-QC,Kipawa,CA-QC-337
Quebec,CA-QC,Kirkland,CA-QC-338
Quebec,CA-QC,Knowlton,CA-QC-339
Quebec,CA-QC,Kuujjuaq,CA-QC-340
Quebec,CA-QC,Kuujjuarapik,CA-QC-341
Quebec,CA-QC,La Baie,CA-QC-342
Quebec,CA-QC,La Baleine,CA-QC-343
Quebec,CA-QC,La Conception,CA-QC-344
Quebec,CA-QC,La Corne,CA-QC-345
Quebec,CA-QC,La Croche,CA-QC-346
Quebec,CA-QC,La Dore,CA-QC-347
Quebec,CA-QC,La Durantaye,CA-QC-348
Quebec,CA-QC,La Guadeloupe,CA-QC-349
Quebec,CA-QC,La Macaza,CA-QC-350
Quebec,CA-QC,La Malbaie,CA-QC-351
Quebec,CA-QC,La Martre,CA-QC-352
Quebec,CA-QC,La Minerve,CA-QC-353
Quebec,CA-QC,La Morandiere,CA-QC-354
Quebec,CA-QC,La Motte,CA-QC-355
Quebec,CA-QC,La Patrie,CA-QC-356
Quebec,CA-QC,La Plaine,CA-QC-357
Quebec,CA-QC,La Pocatiere,CA-QC-358
Quebec,CA-QC,La Pocatiere-Station,CA-QC-359
Quebec,CA-QC,La Prairie,CA-QC-360
Quebec,CA-QC,La Presentation,CA-QC-361
Quebec,CA-QC,La Redemption,CA-QC-362
Quebec,CA-QC,La Reine,CA-QC-363
Quebec,CA-QC,La Sarre,CA-QC-364
Quebec,CA-QC,La Tabatiere,CA-QC-365
Quebec,CA-QC,La Trinite-des-Monts,CA-QC-366
Quebec,CA-QC,La Tuque,CA-QC-367
Quebec,CA-QC,La Visitation-de-l'Ile-Dupas,CA-QC-368
Quebec,CA-QC,La Visitation-de-Yamask,CA-QC-369
Quebec,CA-QC,Labelle,CA-QC-370
Quebec,CA-QC,Labrecque,CA-QC-371
Quebec,CA-QC,Lac des Loups,CA-QC-372
Quebec,CA-QC,Lac-A-la-Tortue,CA-QC-373
Quebec,CA-QC,Lac-au-Saumon,CA-QC-374
Quebec,CA-QC,Lac-aux-Sables,CA-QC-375
Quebec,CA-QC,Lac-Beauport,CA-QC-376
Quebec,CA-QC,Lac-Bouchette,CA-QC-377
Quebec,CA-QC,Lac-Cayamant,CA-QC-378
Quebec,CA-QC,Lac-Delage,CA-QC-379
Quebec,CA-QC,Lac-des-Aigles,CA-QC-380
Quebec,CA-QC,Lac-des-Ecorces,CA-QC-381
Quebec,CA-QC,Lac-des-Iles,CA-QC-382
Quebec,CA-QC,Lac-des-Plages,CA-QC-383
Quebec,CA-QC,Lac-des-Seize-Iles,CA-QC-384
Quebec,CA-QC,Lac-Drolet,CA-QC-385
Quebec,CA-QC,Lac-du-Cerf,CA-QC-386
Quebec,CA-QC,Lac-Edouard,CA-QC-387
Quebec,CA-QC,Lac-Etchemin,CA-QC-388
Quebec,CA-QC,Lac-Frontiere,CA-QC-389
Quebec,CA-QC,Lachenaie,CA-QC-390
Quebec,CA-QC,Lachine,CA-QC-391
Quebec,CA-QC,Lac-Humqui,CA-QC-392
Quebec,CA-QC,Lachute,CA-QC-393
Quebec,CA-QC,Lac-Kenogami,CA-QC-394
Quebec,CA-QC,Lac-Megantic,CA-QC-395
Quebec,CA-QC,Lacolle,CA-QC-396
Quebec,CA-QC,Lac-Saguay,CA-QC-397
Quebec,CA-QC,Lac-Saint-Charles,CA-QC-398
Quebec,CA-QC,Lac-Sainte-Marie,CA-QC-399
Quebec,CA-QC,Lac-Saint-Joseph,CA-QC-400
Quebec,CA-QC,Lac-Saint-Paul,CA-QC-401
Quebec,CA-QC,Lac-Sergent,CA-QC-402
Quebec,CA-QC,Lac-Simon,CA-QC-403
Quebec,CA-QC,Lac-Superieur,CA-QC-404
Quebec,CA-QC,L'Acadie,CA-QC-405
Quebec,CA-QC,Ladriere,CA-QC-406
Quebec,CA-QC,Ladysmith,CA-QC-407
Quebec,CA-QC,Lafontaine,CA-QC-408
Quebec,CA-QC,Laforce,CA-QC-409
Quebec,CA-QC,L'Alverne,CA-QC-410
Quebec,CA-QC,Lamarche,CA-QC-411
Quebec,CA-QC,Lamartine,CA-QC-412
Quebec,CA-QC,Lambton,CA-QC-413
Quebec,CA-QC,L'Ancienne-Lorette,CA-QC-414
Quebec,CA-QC,Landrienne,CA-QC-415
Quebec,CA-QC,L'Ange Gardien,CA-QC-416
Quebec,CA-QC,L'Ange-Gardien,CA-QC-417
Quebec,CA-QC,Laniel,CA-QC-418
Quebec,CA-QC,L'Annonciation,CA-QC-419
Quebec,CA-QC,Lanoraie,CA-QC-420
Quebec,CA-QC,L'Anse-Pleureuse,CA-QC-421
Quebec,CA-QC,L'Anse-Saint-Jean,CA-QC-422
Quebec,CA-QC,Lantier,CA-QC-423
Quebec,CA-QC,Larouche,CA-QC-424
Quebec,CA-QC,Lasalle,CA-QC-425
Quebec,CA-QC,L'Ascension,CA-QC-426
Quebec,CA-QC,L'Ascension-de-Notre-Seigneur,CA-QC-427
Quebec,CA-QC,L'Ascension-de-Patapedia,CA-QC-428
Quebec,CA-QC,L'Assomption,CA-QC-429
Quebec,CA-QC,Laterriere,CA-QC-430
Quebec,CA-QC,Latulipe,CA-QC-431
Quebec,CA-QC,Launay,CA-QC-432
Quebec,CA-QC,Laurentides,CA-QC-433
Quebec,CA-QC,Laurier-Station,CA-QC-434
Quebec,CA-QC,Laurierville,CA-QC-435
Quebec,CA-QC,Laval,CA-QC-436
Quebec,CA-QC,Laval-Ouest,CA-QC-437
Quebec,CA-QC,Lavaltrie,CA-QC-438
Quebec,CA-QC,L'Avenir,CA-QC-439
Quebec,CA-QC,Laverlochere,CA-QC-440
Quebec,CA-QC,Lawrenceville,CA-QC-441
Quebec,CA-QC,Le Bic,CA-QC-442
Quebec,CA-QC,Le Gardeur,CA-QC-443
Quebec,CA-QC,Lebel-sur-Quevillon,CA-QC-444
Quebec,CA-QC,Leclercville,CA-QC-445
Quebec,CA-QC,Leeds Village,CA-QC-446
Quebec,CA-QC,Lefebvre,CA-QC-447
Quebec,CA-QC,Lejeune,CA-QC-448
Quebec,CA-QC,Lemieux,CA-QC-449
Quebec,CA-QC,Lemoyne,CA-QC-450
Quebec,CA-QC,Lennoxville,CA-QC-451
Quebec,CA-QC,L'Epiphanie,CA-QC-452
Quebec,CA-QC,Lery,CA-QC-453
Quebec,CA-QC,Les Boules,CA-QC-454
Quebec,CA-QC,Les Buissons,CA-QC-455
Quebec,CA-QC,Les Cedres,CA-QC-456
Quebec,CA-QC,Les Coteaux,CA-QC-457
Quebec,CA-QC,Les Eboulements,CA-QC-458
Quebec,CA-QC,Les Escoumins,CA-QC-459
Quebec,CA-QC,Les Hauteurs,CA-QC-460
Quebec,CA-QC,Les Mechins,CA-QC-461
Quebec,CA-QC,Leslie,CA-QC-462
Quebec,CA-QC,L'Etang-du-Nord,CA-QC-463
Quebec,CA-QC,Levis,CA-QC-464
Quebec,CA-QC,L'Ile-Bizard,CA-QC-465
Quebec,CA-QC,L'Ile-Cadieux,CA-QC-466
Quebec,CA-QC,L'Ile-du-Grand-Calumet,CA-QC-467
Quebec,CA-QC,L'Ile-Michon,CA-QC-468
Quebec,CA-QC,L'Ile-Perrot,CA-QC-469
Quebec,CA-QC,Lingwick,CA-QC-470
Quebec,CA-QC,L'Isle-aux-Grues,CA-QC-471
Quebec,CA-QC,L'Islet,CA-QC-472
Quebec,CA-QC,L'Isletville,CA-QC-473
Quebec,CA-QC,L'Isle-Verte,CA-QC-474
Quebec,CA-QC,L'Isle-Verte-Ouest,CA-QC-475
Quebec,CA-QC,Listuguj,CA-QC-476
Quebec,CA-QC,Longue-Pointe-de-Mingan,CA-QC-477
Quebec,CA-QC,Longue-Rive,CA-QC-478
Quebec,CA-QC,Longueuil,CA-QC-479
Quebec,CA-QC,Loretteville,CA-QC-480
Quebec,CA-QC,Lorraine,CA-QC-481
Quebec,CA-QC,Lorrainville,CA-QC-482
Quebec,CA-QC,Lotbiniere,CA-QC-483
Quebec,CA-QC,Lots-Renverses,CA-QC-484
Quebec,CA-QC,Louiseville,CA-QC-485
Quebec,CA-QC,Lourdes,CA-QC-486
Quebec,CA-QC,Lourdes-de-Blanc-Sablon,CA-QC-487
Quebec,CA-QC,Lourdes-de-Joliette,CA-QC-488
Quebec,CA-QC,Low,CA-QC-489
Quebec,CA-QC,Luceville,CA-QC-490
Quebec,CA-QC,Luskville,CA-QC-491
Quebec,CA-QC,Lyster,CA-QC-492
Quebec,CA-QC,Macamic,CA-QC-493
Quebec,CA-QC,Madeleine-Centre,CA-QC-494
Quebec,CA-QC,Magog,CA-QC-495
Quebec,CA-QC,Magpie,CA-QC-496
Quebec,CA-QC,Malartic,CA-QC-497
Quebec,CA-QC,Maliotenam,CA-QC-498
Quebec,CA-QC,Mancebourg,CA-QC-499
Quebec,CA-QC,Manche-d'Epee,CA-QC-500
Quebec,CA-QC,Mandeville,CA-QC-501
Quebec,CA-QC,Maniwaki,CA-QC-502
Quebec,CA-QC,Manouane,CA-QC-503
Quebec,CA-QC,Manseau,CA-QC-504
Quebec,CA-QC,Mansonville,CA-QC-505
Quebec,CA-QC,Maple Grove,CA-QC-506
Quebec,CA-QC,Marbleton,CA-QC-507
Quebec,CA-QC,Marchand,CA-QC-508
Quebec,CA-QC,Maria,CA-QC-509
Quebec,CA-QC,Maricourt,CA-QC-510
Quebec,CA-QC,Marieville,CA-QC-511
Quebec,CA-QC,Marsoui,CA-QC-512
Quebec,CA-QC,Marston,CA-QC-513
Quebec,CA-QC,Martinville,CA-QC-514
Quebec,CA-QC,Mascouche,CA-QC-515
Quebec,CA-QC,Mashteuiatsh,CA-QC-516
Quebec,CA-QC,Maskinonge,CA-QC-517
Quebec,CA-QC,Masson-Angers,CA-QC-518
Quebec,CA-QC,Massueville,CA-QC-519
Quebec,CA-QC,Matagami,CA-QC-520
Quebec,CA-QC,Matane,CA-QC-521
Quebec,CA-QC,Matapedia,CA-QC-522
Quebec,CA-QC,McMasterville,CA-QC-523
Quebec,CA-QC,McWatters,CA-QC-524
Quebec,CA-QC,Melocheville,CA-QC-525
Quebec,CA-QC,Mercier,CA-QC-526
Quebec,CA-QC,Messines,CA-QC-527
Quebec,CA-QC,Metabetchouan-Lac-a-la-Croix,CA-QC-528
Quebec,CA-QC,Metis Beach,CA-QC-529
Quebec,CA-QC,Middle Bay,CA-QC-530
Quebec,CA-QC,Milan,CA-QC-531
Quebec,CA-QC,Mille-Isles,CA-QC-532
Quebec,CA-QC,Miquelon,CA-QC-533
Quebec,CA-QC,Mirabel,CA-QC-534
Quebec,CA-QC,Mistissini,CA-QC-535
Quebec,CA-QC,Moffet,CA-QC-536
Quebec,CA-QC,Moisie,CA-QC-537
Quebec,CA-QC,Montauban,CA-QC-538
Quebec,CA-QC,Montauban-Les-Mines,CA-QC-539
Quebec,CA-QC,Montbeillard,CA-QC-540
Quebec,CA-QC,Mont-Brun,CA-QC-541
Quebec,CA-QC,Montcalm,CA-QC-542
Quebec,CA-QC,Mont-Carmel,CA-QC-543
Quebec,CA-QC,Montcerf,CA-QC-544
Quebec,CA-QC,Montebello,CA-QC-545
Quebec,CA-QC,Mont-Joli,CA-QC-546
Quebec,CA-QC,Mont-Laurier,CA-QC-547
Quebec,CA-QC,Mont-Louis,CA-QC-548
Quebec,CA-QC,Montmagny,CA-QC-549
Quebec,CA-QC,Montpellier,CA-QC-550
Quebec,CA-QC,Montreal,CA-QC-551
Quebec,CA-QC,Montreal-Est,CA-QC-552
Quebec,CA-QC,Montreal-Nord,CA-QC-553
Quebec,CA-QC,Montreal-Ouest,CA-QC-554
Quebec,CA-QC,Mont-Royal,CA-QC-555
Quebec,CA-QC,Mont-Saint-Gregoire,CA-QC-556
Quebec,CA-QC,Mont-Saint-Hilaire,CA-QC-557
Quebec,CA-QC,Mont-Saint-Michel,CA-QC-558
Quebec,CA-QC,Mont-Saint-Pierre,CA-QC-559
Quebec,CA-QC,Mont-Tremblant,CA-QC-560
Quebec,CA-QC,Morigeau,CA-QC-561
Quebec,CA-QC,Morin-Heights,CA-QC-562
Quebec,CA-QC,Mulgrave et Derry,CA-QC-563
Quebec,CA-QC,Murdochville,CA-QC-564
Quebec,CA-QC,Mutton Bay,CA-QC-565
Quebec,CA-QC,Namur,CA-QC-566
Quebec,CA-QC,Nantes,CA-QC-567
Quebec,CA-QC,Napierville,CA-QC-568
Quebec,CA-QC,Natashquan,CA-QC-569
Quebec,CA-QC,Nedelec,CA-QC-570
Quebec,CA-QC,Nemiscau,CA-QC-571
Quebec,CA-QC,Neuville,CA-QC-572
Quebec,CA-QC,New Carlisle,CA-QC-573
Quebec,CA-QC,New Richmond,CA-QC-574
Quebec,CA-QC,Newport,CA-QC-575
Quebec,CA-QC,Nicolet,CA-QC-576
Quebec,CA-QC,Nicolet-Sud,CA-QC-577
Quebec,CA-QC,Nominingue,CA-QC-578
Quebec,CA-QC,Norbertville,CA-QC-579
Quebec,CA-QC,Normandin,CA-QC-580
Quebec,CA-QC,Normetal,CA-QC-581
Quebec,CA-QC,North Hatley,CA-QC-582
Quebec,CA-QC,Norway Bay,CA-QC-583
Quebec,CA-QC,Notre-Dame-de-Ham,CA-QC-584
Quebec,CA-QC,Notre-Dame-de-la-Merci,CA-QC-585
Quebec,CA-QC,Notre-Dame-de-la-Paix,CA-QC-586
Quebec,CA-QC,Notre-Dame-de-la-Salette,CA-QC-587
Quebec,CA-QC,Notre-Dame-de-l'Ile-Perrot,CA-QC-588
Quebec,CA-QC,Notre-Dame-de-Pontmain,CA-QC-589
Quebec,CA-QC,Notre-Dame-des-Bois,CA-QC-590
Quebec,CA-QC,Notre-Dame-des-Monts,CA-QC-591
Quebec,CA-QC,Notre-Dame-des-Pins,CA-QC-592
Quebec,CA-QC,Notre-Dame-des-Prairies,CA-QC-593
Quebec,CA-QC,Notre-Dame-de-Stanbridge,CA-QC-594
Quebec,CA-QC,Notre-Dame-du-Lac,CA-QC-595
Quebec,CA-QC,Notre-Dame-du-Laus,CA-QC-596
Quebec,CA-QC,Notre-Dame-du-Mont-Carmel,CA-QC-597
Quebec,CA-QC,Notre-Dame-du-Nord,CA-QC-598
Quebec,CA-QC,Notre-Dame-du-Portage,CA-QC-599
Quebec,CA-QC,Notre-Dame-du-Rosaire,CA-QC-600
Quebec,CA-QC,Nouvelle,CA-QC-601
Quebec,CA-QC,Nouvelle-Ouest,CA-QC-602
Quebec,CA-QC,Noyan,CA-QC-603
Quebec,CA-QC,Obedjiwan,CA-QC-604
Quebec,CA-QC,Odanak,CA-QC-605
Quebec,CA-QC,Ogden,CA-QC-606
Quebec,CA-QC,Oka,CA-QC-607
Quebec,CA-QC,Old Fort Bay,CA-QC-608
Quebec,CA-QC,Omerville,CA-QC-609
Quebec,CA-QC,Orford,CA-QC-610
Quebec,CA-QC,Ormstown,CA-QC-611
Quebec,CA-QC,Otter Lake,CA-QC-612
Quebec,CA-QC,Otterburn Park,CA-QC-613
Quebec,CA-QC,Ouje-Bougoumou,CA-QC-614
Quebec,CA-QC,Outremont,CA-QC-615
Quebec,CA-QC,Pabos,CA-QC-616
Quebec,CA-QC,Pabos Mills,CA-QC-617
Quebec,CA-QC,Packington,CA-QC-618
Quebec,CA-QC,Padoue,CA-QC-619
Quebec,CA-QC,Palmarolle,CA-QC-620
Quebec,CA-QC,Panet,CA-QC-621
Quebec,CA-QC,Papineauville,CA-QC-622
Quebec,CA-QC,Parent,CA-QC-623
Quebec,CA-QC,Parisville,CA-QC-624
Quebec,CA-QC,Paspebiac,CA-QC-625
Quebec,CA-QC,Perce,CA-QC-626
Quebec,CA-QC,Peribonka,CA-QC-627
Quebec,CA-QC,Petite-Riviere-Saint-Francois,CA-QC-628
Quebec,CA-QC,Petite-Vallee,CA-QC-629
Quebec,CA-QC,Petit-Matane,CA-QC-630
Quebec,CA-QC,Petit-Saguenay,CA-QC-631
Quebec,CA-QC,Philipsburg,CA-QC-632
Quebec,CA-QC,Piedmont,CA-QC-633
Quebec,CA-QC,Pierrefonds,CA-QC-634
Quebec,CA-QC,Pierreville,CA-QC-635
Quebec,CA-QC,Pike River,CA-QC-636
Quebec,CA-QC,Pincourt,CA-QC-637
Quebec,CA-QC,Pintendre,CA-QC-638
Quebec,CA-QC,Piopolis,CA-QC-639
Quebec,CA-QC,Plaisance,CA-QC-640
Quebec,CA-QC,Plessisville,CA-QC-641
Quebec,CA-QC,Pohenegamook,CA-QC-642
Quebec,CA-QC,Pointe-A-la-Croix,CA-QC-643
Quebec,CA-QC,Pointe-A-la-Garde,CA-QC-644
Quebec,CA-QC,Pointe-au-Chene,CA-QC-645
Quebec,CA-QC,Pointe-au-Pere,CA-QC-646
Quebec,CA-QC,Pointe-aux-Loups,CA-QC-647
Quebec,CA-QC,Pointe-aux-Outardes,CA-QC-648
Quebec,CA-QC,Pointe-aux-Trembles,CA-QC-649
Quebec,CA-QC,Pointe-Calumet,CA-QC-650
Quebec,CA-QC,Pointe-Claire,CA-QC-651
Quebec,CA-QC,Pointe-des-Cascades,CA-QC-652
Quebec,CA-QC,Pointe-du-Lac,CA-QC-653
Quebec,CA-QC,Pointe-Fortune,CA-QC-654
Quebec,CA-QC,Pointe-Lebel,CA-QC-655
Quebec,CA-QC,Pontbriand,CA-QC-656
Quebec,CA-QC,Pont-Rouge,CA-QC-657
Quebec,CA-QC,Pont-Viau,CA-QC-658
Quebec,CA-QC,Portage-du-Fort,CA-QC-659
Quebec,CA-QC,Port-Cartier,CA-QC-660
Quebec,CA-QC,Port-Daniel,CA-QC-661
Quebec,CA-QC,Port-Menier,CA-QC-662
Quebec,CA-QC,Portneuf,CA-QC-663
Quebec,CA-QC,Portneuf-Station,CA-QC-664
Quebec,CA-QC,Poularies,CA-QC-665
Quebec,CA-QC,Preissac,CA-QC-666
Quebec,CA-QC,Prevost,CA-QC-667
Quebec,CA-QC,Price,CA-QC-668
Quebec,CA-QC,Princeville,CA-QC-669
Quebec,CA-QC,Proulxville,CA-QC-670
Quebec,CA-QC,Puvirnituq,CA-QC-671
Quebec,CA-QC,Quaqtaq,CA-QC-672
Quebec,CA-QC,Quebec,CA-QC-673
Quebec,CA-QC,Quyon,CA-QC-674
Quebec,CA-QC,Racine,CA-QC-675
Quebec,CA-QC,Radisson,CA-QC-676
Quebec,CA-QC,Ragueneau,CA-QC-677
Quebec,CA-QC,Rapid Lake,CA-QC-678
Quebec,CA-QC,Rapide-Danseur,CA-QC-679
Quebec,CA-QC,Rapides-des-Joachims,CA-QC-680
Quebec,CA-QC,Ravignan,CA-QC-681
Quebec,CA-QC,Rawdon,CA-QC-682
Quebec,CA-QC,Remigny,CA-QC-683
Quebec,CA-QC,Repentigny,CA-QC-684
Quebec,CA-QC,Richelain,CA-QC-685
Quebec,CA-QC,Richelieu,CA-QC-686
Quebec,CA-QC,Richmond,CA-QC-687
Quebec,CA-QC,Rigaud,CA-QC-688
Quebec,CA-QC,Rimouski,CA-QC-689
Quebec,CA-QC,Rimouski-Est,CA-QC-690
Quebec,CA-QC,Ripon,CA-QC-691
Quebec,CA-QC,Riviere-A-Claude,CA-QC-692
Quebec,CA-QC,Riviere-A-Pierre,CA-QC-693
Quebec,CA-QC,Riviere-au-Tonnerre,CA-QC-694
Quebec,CA-QC,Riviere-Beaudette,CA-QC-695
Quebec,CA-QC,Riviere-Bleue,CA-QC-696
Quebec,CA-QC,Riviere-Colombier,CA-QC-697
Quebec,CA-QC,Riviere-du-Loup,CA-QC-698
Quebec,CA-QC,Riviere-Eternite,CA-QC-699
Quebec,CA-QC,Riviere-Heva,CA-QC-700
Quebec,CA-QC,Riviere-Madeleine,CA-QC-701
Quebec,CA-QC,Riviere-Matawin,CA-QC-702
Quebec,CA-QC,Riviere-Mekinac,CA-QC-703
Quebec,CA-QC,Riviere-Ouelle,CA-QC-704
Quebec,CA-QC,Riviere-Paspebiac,CA-QC-705
Quebec,CA-QC,Riviere-Pentecote,CA-QC-706
Quebec,CA-QC,Riviere-Portneuf,CA-QC-707
Quebec,CA-QC,Riviere-Saint-Jean,CA-QC-708
Quebec,CA-QC,Riviere-Saint-Paul,CA-QC-709
Quebec,CA-QC,Riviere-Trois-Pistoles,CA-QC-710
Quebec,CA-QC,Robertsonville,CA-QC-711
Quebec,CA-QC,Roberval,CA-QC-712
Quebec,CA-QC,Rochebaucourt,CA-QC-713
Quebec,CA-QC,Rock Forest,CA-QC-714
Quebec,CA-QC,Rollet,CA-QC-715
Quebec,CA-QC,Roquemaure,CA-QC-716
Quebec,CA-QC,Rosemere,CA-QC-717
Quebec,CA-QC,Rougemont,CA-QC-718
Quebec,CA-QC,Routhierville,CA-QC-719
Quebec,CA-QC,Rouyn-Noranda,CA-QC-720
Quebec,CA-QC,Roxboro,CA-QC-721
Quebec,CA-QC,Roxton Falls,CA-QC-722
Quebec,CA-QC,Roxton Pond,CA-QC-723
Quebec,CA-QC,Ruisseau-A-Rebours,CA-QC-724
Quebec,CA-QC,Sabrevois,CA-QC-725
Quebec,CA-QC,Sacre-Coeur-Saguenay,CA-QC-726
Quebec,CA-QC,Saint-Adalbert,CA-QC-727
Quebec,CA-QC,Saint-Adelme,CA-QC-728
Quebec,CA-QC,Saint-Adelphe-de-Champlain,CA-QC-729
Quebec,CA-QC,Saint-Adolphe-d'Howard,CA-QC-730
Quebec,CA-QC,Saint-Adrien,CA-QC-731
Quebec,CA-QC,Saint-Adrien-d'Irlande,CA-QC-732
Quebec,CA-QC,Saint-Agapit,CA-QC-733
Quebec,CA-QC,Saint-Aime,CA-QC-734
Quebec,CA-QC,Saint-Aime-des-Lacs,CA-QC-735
Quebec,CA-QC,Saint-Alban,CA-QC-736
Quebec,CA-QC,Saint-Albert,CA-QC-737
Quebec,CA-QC,Saint-Alexandre-de-Kamouraska,CA-QC-738
Quebec,CA-QC,Saint-Alexandre-des-Lacs,CA-QC-739
Quebec,CA-QC,Saint-Alexandre-d'Iberville,CA-QC-740
Quebec,CA-QC,Saint-Alexis-de-Matapedia,CA-QC-741
Quebec,CA-QC,Saint-Alexis-de-Montcalm,CA-QC-742
Quebec,CA-QC,Saint-Alexis-des-Monts,CA-QC-743
Quebec,CA-QC,Saint-Alfred,CA-QC-744
Quebec,CA-QC,Saint-Alphonse-de-Caplan,CA-QC-745
Quebec,CA-QC,Saint-Alphonse-de-Granby,CA-QC-746
Quebec,CA-QC,Saint-Alphonse-Rodriguez,CA-QC-747
Quebec,CA-QC,Saint-Amable,CA-QC-748
Quebec,CA-QC,Saint-Ambroise,CA-QC-749
Quebec,CA-QC,Saint-Ambroise-de-Kildare,CA-QC-750
Quebec,CA-QC,Saint-Anaclet,CA-QC-751
Quebec,CA-QC,Saint-Andre-Avellin,CA-QC-752
Quebec,CA-QC,Saint-Andre-d'Argenteuil,CA-QC-753
Quebec,CA-QC,Saint-Andre-de-Kamouraska,CA-QC-754
Quebec,CA-QC,Saint-Andre-de-Restigouche,CA-QC-755
Quebec,CA-QC,Saint-Andre-du-Lac-Saint-Jean,CA-QC-756
Quebec,CA-QC,Saint-Anicet,CA-QC-757
Quebec,CA-QC,Saint-Anselme,CA-QC-758
Quebec,CA-QC,Saint-Antoine,CA-QC-759
Quebec,CA-QC,Saint-Antoine-Abbe,CA-QC-760
Quebec,CA-QC,Saint-Antoine-de-Lavaltrie,CA-QC-761
Quebec,CA-QC,Saint-Antoine-de-Tilly,CA-QC-762
Quebec,CA-QC,Saint-Antoine-sur-Richelieu,CA-QC-763
Quebec,CA-QC,Saint-Antonin,CA-QC-764
Quebec,CA-QC,Saint-Apollinaire,CA-QC-765
Quebec,CA-QC,Saint-Armand,CA-QC-766
Quebec,CA-QC,Saint-Arsene,CA-QC-767
Quebec,CA-QC,Saint-Athanase,CA-QC-768
Quebec,CA-QC,Saint-Aubert,CA-QC-769
Quebec,CA-QC,Saint-Augustin-de-Desmaures,CA-QC-770
Quebec,CA-QC,Saint-Augustin-Saguenay,CA-QC-771
Quebec,CA-QC,Saint-Barnabe-Sud,CA-QC-772
Quebec,CA-QC,Saint-Barthelemy,CA-QC-773
Quebec,CA-QC,Saint-Basile-de-Portneuf,CA-QC-774
Quebec,CA-QC,Saint-Basile-le-Grand,CA-QC-775
Quebec,CA-QC,Saint-Basile-Station,CA-QC-776
Quebec,CA-QC,Saint-Benjamin,CA-QC-777
Quebec,CA-QC,Saint-Benoit-du-Lac,CA-QC-778
Quebec,CA-QC,Saint-Benoit-Labre,CA-QC-779
Quebec,CA-QC,Saint-Bernard,CA-QC-780
Quebec,CA-QC,Saint-Bernard-de-Lacolle,CA-QC-781
Quebec,CA-QC,Saint-Bernard-de-Michaudville,CA-QC-782
Quebec,CA-QC,Saint-Bernard-sur-Mer,CA-QC-783
Quebec,CA-QC,Saint-Blaise-sur-Richelieu,CA-QC-784
Quebec,CA-QC,Saint-Bonaventure,CA-QC-785
Quebec,CA-QC,Saint-Boniface-de-Shawinigan,CA-QC-786
Quebec,CA-QC,Saint-Bruno,CA-QC-787
Quebec,CA-QC,Saint-Bruno-de-Guigues,CA-QC-788
Quebec,CA-QC,Saint-Bruno-de-Kamouraska,CA-QC-789
Quebec,CA-QC,Saint-Bruno-Lac-Saint-Jean,CA-QC-790
Quebec,CA-QC,Saint-Calixte,CA-QC-791
Quebec,CA-QC,Saint-Camille,CA-QC-792
Quebec,CA-QC,Saint-Camille-de-Bellechasse,CA-QC-793
Quebec,CA-QC,Saint-Casimir,CA-QC-794
Quebec,CA-QC,Saint-Celestin,CA-QC-795
Quebec,CA-QC,Saint-Cesaire,CA-QC-796
Quebec,CA-QC,Saint-Charles-Borromee,CA-QC-797
Quebec,CA-QC,Saint-Charles-de-Bellechasse,CA-QC-798
Quebec,CA-QC,Saint-Charles-de-Bourget,CA-QC-799
Quebec,CA-QC,Saint-Charles-de-Drummond,CA-QC-800
Quebec,CA-QC,Saint-Charles-Garnier,CA-QC-801
Quebec,CA-QC,Saint-Charles-sur-Richelieu,CA-QC-802
Quebec,CA-QC,Saint-Christophe-d'Arthabaska,CA-QC-803
Quebec,CA-QC,Saint-Chrysostome,CA-QC-804
Quebec,CA-QC,Saint-Claude,CA-QC-805
Quebec,CA-QC,Saint-Clement,CA-QC-806
Quebec,CA-QC,Saint-Cleophas,CA-QC-807
Quebec,CA-QC,Saint-Cleophas-de-Brandon,CA-QC-808
Quebec,CA-QC,Saint-Clet,CA-QC-809
Quebec,CA-QC,Saint-Colomban,CA-QC-810
Quebec,CA-QC,Saint-Come,CA-QC-811
Quebec,CA-QC,Saint-Come-Liniere,CA-QC-812
Quebec,CA-QC,Saint-Constant,CA-QC-813
Quebec,CA-QC,Saint-Cuthbert,CA-QC-814
Quebec,CA-QC,Saint-Cyprien,CA-QC-815
Quebec,CA-QC,Saint-Cyrille-de-l'Islet,CA-QC-816
Quebec,CA-QC,Saint-Cyrille-de-Wendover,CA-QC-817
Quebec,CA-QC,Saint-Damase,CA-QC-818
Quebec,CA-QC,Saint-Damase-de-Matapedia,CA-QC-819
Quebec,CA-QC,Saint-Damase-des-Aulnaies,CA-QC-820
Quebec,CA-QC,Saint-Damien,CA-QC-821
Quebec,CA-QC,Saint-Damien-de-Buckland,CA-QC-822
Quebec,CA-QC,Saint-David-d'Yamaska,CA-QC-823
Quebec,CA-QC,Saint-Denis-de-Brompton,CA-QC-824
Quebec,CA-QC,Saint-Denis-de-la-Bouteillerie,CA-QC-825
Quebec,CA-QC,Saint-Denis-sur-Richelieu,CA-QC-826
Quebec,CA-QC,Saint-Didace,CA-QC-827
Quebec,CA-QC,Saint-Dominique,CA-QC-828
Quebec,CA-QC,Saint-Dominique-du-Rosaire,CA-QC-829
Quebec,CA-QC,Saint-Donat,CA-QC-830
Quebec,CA-QC,Saint-Donat-de-Montcalm,CA-QC-831
Quebec,CA-QC,Sainte-Adele,CA-QC-832
Quebec,CA-QC,Sainte-Agathe-de-Lotbiniere,CA-QC-833
Quebec,CA-QC,Sainte-Agathe-des-Monts,CA-QC-834
Quebec,CA-QC,Sainte-Agathe-Nord,CA-QC-835
Quebec,CA-QC,Sainte-Agnes-de-Dundee,CA-QC-836
Quebec,CA-QC,Sainte-Angele-de-Merici,CA-QC-837
Quebec,CA-QC,Sainte-Angele-de-Monnoir,CA-QC-838
Quebec,CA-QC,Sainte-Angele-de-Premont,CA-QC-839
Quebec,CA-QC,Sainte-Anne-de-Beaupre,CA-QC-840
Quebec,CA-QC,Sainte-Anne-de-Bellevue,CA-QC-841
Quebec,CA-QC,Sainte-Anne-de-la-Perade,CA-QC-842
Quebec,CA-QC,Sainte-Anne-de-la-Rochelle,CA-QC-843
Quebec,CA-QC,Sainte-Anne-des-Lacs,CA-QC-844
Quebec,CA-QC,Sainte-Anne-des-Monts,CA-QC-845
Quebec,CA-QC,Sainte-Anne-des-Plaines,CA-QC-846
Quebec,CA-QC,Sainte-Anne-de-Sorel,CA-QC-847
Quebec,CA-QC,Sainte-Anne-du-Lac,CA-QC-848
Quebec,CA-QC,Sainte-Anne-du-Sault,CA-QC-849
Quebec,CA-QC,Sainte-Apolline-de-Patton,CA-QC-850
Quebec,CA-QC,Sainte-Aurelie,CA-QC-851
Quebec,CA-QC,Sainte-Barbe,CA-QC-852
Quebec,CA-QC,Sainte-Beatrix,CA-QC-853
Quebec,CA-QC,Sainte-Blandine,CA-QC-854
Quebec,CA-QC,Sainte-Brigide-d'Iberville,CA-QC-855
Quebec,CA-QC,Sainte-Brigitte-de-Laval,CA-QC-856
Quebec,CA-QC,Sainte-Brigitte-des-Saults,CA-QC-857
Quebec,CA-QC,Sainte-Catherine,CA-QC-858
Quebec,CA-QC,Sainte-Cecile-de-Levrard,CA-QC-859
Quebec,CA-QC,Sainte-Cecile-de-Masham,CA-QC-860
Quebec,CA-QC,Sainte-Cecile-de-Milton,CA-QC-861
Quebec,CA-QC,Sainte-Cecile-de-Whitton,CA-QC-862
Quebec,CA-QC,Sainte-Christine,CA-QC-863
Quebec,CA-QC,Sainte-Christine-d'Auvergne,CA-QC-864
Quebec,CA-QC,Sainte-Claire,CA-QC-865
Quebec,CA-QC,Sainte-Clotilde-de-Beauce,CA-QC-866
Quebec,CA-QC,Sainte-Clotilde-de-Chateauguay,CA-QC-867
Quebec,CA-QC,Sainte-Clotilde-de-Horton,CA-QC-868
Quebec,CA-QC,Sainte-Croix,CA-QC-869
Quebec,CA-QC,Sainte-Dorothee,CA-QC-870
Quebec,CA-QC,Sainte-Edwidge,CA-QC-871
Quebec,CA-QC,Sainte-Elisabeth,CA-QC-872
Quebec,CA-QC,Sainte-Elisabeth-de-Proulx,CA-QC-873
Quebec,CA-QC,Sainte-Emelie-de-l'Energie,CA-QC-874
Quebec,CA-QC,Sainte-Eulalie,CA-QC-875
Quebec,CA-QC,Sainte-Euphemie,CA-QC-876
Quebec,CA-QC,Sainte-Famille,CA-QC-877
Quebec,CA-QC,Sainte-Felicite,CA-QC-878
Quebec,CA-QC,Sainte-Felicite-de-l'Islet,CA-QC-879
Quebec,CA-QC,Sainte-Flavie,CA-QC-880
Quebec,CA-QC,Sainte-Florence,CA-QC-881
Quebec,CA-QC,Sainte-Foy,CA-QC-882
Quebec,CA-QC,Sainte-Francoise,CA-QC-883
Quebec,CA-QC,Sainte-Francoise-de-Lotbiniere,CA-QC-884
Quebec,CA-QC,Sainte-Genevieve,CA-QC-885
Quebec,CA-QC,Sainte-Genevieve-de-Bastican,CA-QC-886
Quebec,CA-QC,Sainte-Germaine-Boule,CA-QC-887
Quebec,CA-QC,Sainte-Gertrude-de-Villeneuve,CA-QC-888
Quebec,CA-QC,Sainte-Hedwidge-de-Roberval,CA-QC-889
Quebec,CA-QC,Sainte-Helene-de-Bagot,CA-QC-890
Quebec,CA-QC,Sainte-Helene-de-Breakeyville,CA-QC-891
Quebec,CA-QC,Sainte-Helene-de-Chester,CA-QC-892
Quebec,CA-QC,Sainte-Helene-de-Kamouraska,CA-QC-893
Quebec,CA-QC,Sainte-Henedine,CA-QC-894
Quebec,CA-QC,Sainte-Julie,CA-QC-895
Quebec,CA-QC,Sainte-Julienne,CA-QC-896
Quebec,CA-QC,Sainte-Justine,CA-QC-897
Quebec,CA-QC,Sainte-Justine-de-Newton,CA-QC-898
Quebec,CA-QC,Sainte-Louise,CA-QC-899
Quebec,CA-QC,Sainte-Luce,CA-QC-900
Quebec,CA-QC,Sainte-Lucie-de-Beauregard,CA-QC-901
Quebec,CA-QC,Sainte-Lucie-des-Laurentides,CA-QC-902
Quebec,CA-QC,Sainte-Madeleine,CA-QC-903
Quebec,CA-QC,Sainte-Marcelline-de-Kildare,CA-QC-904
Quebec,CA-QC,Sainte-Marguerite-Marie,CA-QC-905
Quebec,CA-QC,Sainte-Marie,CA-QC-906
Quebec,CA-QC,Sainte-Marie-de-Blandford,CA-QC-907
Quebec,CA-QC,Sainte-Marie-Salome,CA-QC-908
Quebec,CA-QC,Sainte-Marthe,CA-QC-909
Quebec,CA-QC,Sainte-Marthe-du-Cap,CA-QC-910
Quebec,CA-QC,Sainte-Marthe-sur-le-Lac,CA-QC-911
Quebec,CA-QC,Sainte-Martine,CA-QC-912
Quebec,CA-QC,Sainte-Melanie,CA-QC-913
Quebec,CA-QC,Sainte-Monique,CA-QC-914
Quebec,CA-QC,Sainte-Monique-Lac-Saint-Jean,CA-QC-915
Quebec,CA-QC,Sainte-Odile-sur-Rimouski,CA-QC-916
Quebec,CA-QC,Sainte-Paule,CA-QC-917
Quebec,CA-QC,Sainte-Perpetue,CA-QC-918
Quebec,CA-QC,Sainte-Perpetue-de-l'Islet,CA-QC-919
Quebec,CA-QC,Sainte-Petronille,CA-QC-920
Quebec,CA-QC,Sainte-Rita,CA-QC-921
Quebec,CA-QC,Sainte-Rosalie,CA-QC-922
Quebec,CA-QC,Sainte-Rose,CA-QC-923
Quebec,CA-QC,Sainte-Rose-de-Watford,CA-QC-924
Quebec,CA-QC,Sainte-Rose-du-Nord,CA-QC-925
Quebec,CA-QC,Sainte-Sabine,CA-QC-926
Quebec,CA-QC,Sainte-Sabine-de-Bellechasse,CA-QC-927
Quebec,CA-QC,Sainte-Sophie,CA-QC-928
Quebec,CA-QC,Sainte-Sophie-de-Levrard,CA-QC-929
Quebec,CA-QC,Sainte-Sophie-d'Halifax,CA-QC-930
Quebec,CA-QC,Sainte-Thecle,CA-QC-931
Quebec,CA-QC,Sainte-Therese,CA-QC-932
Quebec,CA-QC,Sainte-Therese-de-Gaspe,CA-QC-933
Quebec,CA-QC,Sainte-Therese-de-la-Gatineau,CA-QC-934
Quebec,CA-QC,Sainte-Ursule,CA-QC-935
Quebec,CA-QC,Sainte-Veronique,CA-QC-936
Quebec,CA-QC,Sainte-Victoire-de-Sorel,CA-QC-937
Quebec,CA-QC,Saint-Edmond-de-Grantham,CA-QC-938
Quebec,CA-QC,Saint-Edmond-les-Plaines,CA-QC-939
Quebec,CA-QC,Saint-Edouard-de-Lotbiniere,CA-QC-940
Quebec,CA-QC,Saint-Edouard-de-Maskinonge,CA-QC-941
Quebec,CA-QC,Saint-Edouard-de-Napierville,CA-QC-942
Quebec,CA-QC,Saint-Elie,CA-QC-943
Quebec,CA-QC,Saint-Elie-d'Orford,CA-QC-944
Quebec,CA-QC,Saint-Eloi,CA-QC-945
Quebec,CA-QC,Saint-Elphege,CA-QC-946
Quebec,CA-QC,Saint-Elzear,CA-QC-947
Quebec,CA-QC,Saint-Elzear-de-Bonaventure,CA-QC-948
Quebec,CA-QC,Saint-Elzear-de-Temiscouata,CA-QC-949
Quebec,CA-QC,Saint-Emile,CA-QC-950
Quebec,CA-QC,Saint-Emile-de-Suffolk,CA-QC-951
Quebec,CA-QC,Saint-Ephrem-de-Beauce,CA-QC-952
Quebec,CA-QC,Saint-Epiphane,CA-QC-953
Quebec,CA-QC,Saint-Esprit,CA-QC-954
Quebec,CA-QC,Saint-Etienne-de-Beauharnois,CA-QC-955
Quebec,CA-QC,Saint-Etienne-de-Bolton,CA-QC-956
Quebec,CA-QC,Saint-Etienne-de-Lauzon,CA-QC-957
Quebec,CA-QC,Saint-Etienne-des-Gres,CA-QC-958
Quebec,CA-QC,Saint-Eugene-d'Argentenay,CA-QC-959
Quebec,CA-QC,Saint-Eugene-de-Grantham,CA-QC-960
Quebec,CA-QC,Saint-Eugene-de-Guigues,CA-QC-961
Quebec,CA-QC,Saint-Eusebe,CA-QC-962
Quebec,CA-QC,Saint-Eustache,CA-QC-963
Quebec,CA-QC,Saint-Evariste-de-Forsyth,CA-QC-964
Quebec,CA-QC,Saint-Fabien,CA-QC-965
Quebec,CA-QC,Saint-Faustin-Lac-Carre,CA-QC-966
Quebec,CA-QC,Saint-Felicien,CA-QC-967
Quebec,CA-QC,Saint-Felix-de-Dalquier,CA-QC-968
Quebec,CA-QC,Saint-Felix-de-Kingsey,CA-QC-969
Quebec,CA-QC,Saint-Felix-de-Valois,CA-QC-970
Quebec,CA-QC,Saint-Felix-d'Otis,CA-QC-971
Quebec,CA-QC,Saint-Ferdinand,CA-QC-972
Quebec,CA-QC,Saint-Ferreol-les-Neiges,CA-QC-973
Quebec,CA-QC,Saint-Flavien,CA-QC-974
Quebec,CA-QC,Saint-Fortunat,CA-QC-975
Quebec,CA-QC,Saint-Francois-d'Assise,CA-QC-976
Quebec,CA-QC,Saint-Francois-de-Sales,CA-QC-977
Quebec,CA-QC,Saint-Francois-d'Orleans,CA-QC-978
Quebec,CA-QC,Saint-Francois-du-Lac,CA-QC-979
Quebec,CA-QC,Saint-Francois-Xavier-de-Viger,CA-QC-980
Quebec,CA-QC,Saint-Frederic,CA-QC-981
Quebec,CA-QC,Saint-Fulgence,CA-QC-982
Quebec,CA-QC,Saint-Gabriel-de-Brandon,CA-QC-983
Quebec,CA-QC,Saint-Gabriel-de-Rimouski,CA-QC-984
Quebec,CA-QC,Saint-Gabriel-de-Valcartier,CA-QC-985
Quebec,CA-QC,Saint-Gedeon,CA-QC-986
Quebec,CA-QC,Saint-Gedeon-de-Beauce,CA-QC-987
Quebec,CA-QC,Saint-Georges,CA-QC-988
Quebec,CA-QC,Saint-Georges-de-Champlain,CA-QC-989
Quebec,CA-QC,Saint-Georges-de-Malbaie,CA-QC-990
Quebec,CA-QC,Saint-Georges-de-Windsor,CA-QC-991
Quebec,CA-QC,Saint-Georges-Est,CA-QC-992
Quebec,CA-QC,Saint-Gerard-des-Laurentides,CA-QC-993
Quebec,CA-QC,Saint-Germain,CA-QC-994
Quebec,CA-QC,Saint-Germain-de-Grantham,CA-QC-995
Quebec,CA-QC,Saint-Gervais,CA-QC-996
Quebec,CA-QC,Saint-Gilbert,CA-QC-997
Quebec,CA-QC,Saint-Gilles,CA-QC-998
Quebec,CA-QC,Saint-Godefroi,CA-QC-999
Quebec,CA-QC,Saint-Gregoire-de-Greenlay,CA-QC-1000
Quebec,CA-QC,Saint-Guillaume,CA-QC-1001
Quebec,CA-QC,Saint-Guy,CA-QC-1002
Quebec,CA-QC,Saint-Henri-de-Levis,CA-QC-1003
Quebec,CA-QC,Saint-Hermenegilde,CA-QC-1004
Quebec,CA-QC,Saint-Hilarion,CA-QC-1005
Quebec,CA-QC,Saint-Hippolyte,CA-QC-1006
Quebec,CA-QC,Saint-Honore-de-Chicoutimi,CA-QC-1007
Quebec,CA-QC,Saint-Honore-de-Shenley,CA-QC-1008
Quebec,CA-QC,Saint-Honore-de-Temiscouata,CA-QC-1009
Quebec,CA-QC,Saint-Hubert,CA-QC-1010
Quebec,CA-QC,Saint-Hubert-Riviere-du-Loup,CA-QC-1011
Quebec,CA-QC,Saint-Hugues,CA-QC-1012
Quebec,CA-QC,Saint-Hyacinthe,CA-QC-1013
Quebec,CA-QC,Saint-Ignace-de-Loyola,CA-QC-1014
Quebec,CA-QC,Saint-Ignace-de-Stanbridge,CA-QC-1015
Quebec,CA-QC,Saint-Irenee,CA-QC-1016
Quebec,CA-QC,Saint-Isidore,CA-QC-1017
Quebec,CA-QC,Saint-Isidore-de-Clifton,CA-QC-1018
Quebec,CA-QC,Saint-Isidore-de-Laprairie,CA-QC-1019
Quebec,CA-QC,Saint-Jacques,CA-QC-1020
Quebec,CA-QC,Saint-Jacques-le-Mineur,CA-QC-1021
Quebec,CA-QC,Saint-Jean-Baptiste,CA-QC-1022
Quebec,CA-QC,Saint-Jean-Baptiste-de-Nicolet,CA-QC-1023
Quebec,CA-QC,Saint-Jean-Chrysostome,CA-QC-1024
Quebec,CA-QC,Saint-Jean-de-Cherbourg,CA-QC-1025
Quebec,CA-QC,Saint-Jean-de-Dieu,CA-QC-1026
Quebec,CA-QC,Saint-Jean-de-la-Lande,CA-QC-1027
Quebec,CA-QC,Saint-Jean-de-Matapedia,CA-QC-1028
Quebec,CA-QC,Saint-Jean-de-Matha,CA-QC-1029
Quebec,CA-QC,Saint-Jean-des-Piles,CA-QC-1030
Quebec,CA-QC,Saint-Jean-d'Orleans,CA-QC-1031
Quebec,CA-QC,Saint-Jean-Port-Joli,CA-QC-1032
Quebec,CA-QC,Saint-Jean-sur-Richelieu,CA-QC-1033
Quebec,CA-QC,Saint-Jerome,CA-QC-1034
Quebec,CA-QC,Saint-Joachim-de-Courval,CA-QC-1035
Quebec,CA-QC,Saint-Joachim-de-Shefford,CA-QC-1036
Quebec,CA-QC,Saint-Jogues,CA-QC-1037
Quebec,CA-QC,Saint-Joseph-de-Beauce,CA-QC-1038
Quebec,CA-QC,Saint-Joseph-de-Coleraine,CA-QC-1039
Quebec,CA-QC,Saint-Joseph-de-Kamouraska,CA-QC-1040
Quebec,CA-QC,Saint-Joseph-de-la-Rive,CA-QC-1041
Quebec,CA-QC,Saint-Joseph-de-Lepage,CA-QC-1042
Quebec,CA-QC,Saint-Joseph-de-Sorel,CA-QC-1043
Quebec,CA-QC,Saint-Joseph-du-Lac,CA-QC-1044
Quebec,CA-QC,Saint-Jude,CA-QC-1045
Quebec,CA-QC,Saint-Jules,CA-QC-1046
Quebec,CA-QC,Saint-Just-de-Bretenieres,CA-QC-1047
Quebec,CA-QC,Saint-Juste-du-Lac,CA-QC-1048
Quebec,CA-QC,Saint-Justin,CA-QC-1049
Quebec,CA-QC,Saint-Lambert,CA-QC-1050
Quebec,CA-QC,Saint-Lambert-de-Lauzon,CA-QC-1051
Quebec,CA-QC,Saint-Laurent,CA-QC-1052
Quebec,CA-QC,Saint-Laurent-l'Ile-d'Orleans,CA-QC-1053
Quebec,CA-QC,Saint-Lazare,CA-QC-1054
Quebec,CA-QC,Saint-Lazare-de-Bellechasse,CA-QC-1055
Quebec,CA-QC,Saint-Leandre,CA-QC-1056
Quebec,CA-QC,Saint-Leon,CA-QC-1057
Quebec,CA-QC,Saint-Leonard,CA-QC-1058
Quebec,CA-QC,Saint-Leonard-d'Aston,CA-QC-1059
Quebec,CA-QC,Saint-Leonard-de-Portneuf,CA-QC-1060
Quebec,CA-QC,Saint-Leon-le-Grand,CA-QC-1061
Quebec,CA-QC,Saint-Liboire,CA-QC-1062
Quebec,CA-QC,Saint-Liguori,CA-QC-1063
Quebec,CA-QC,Saint-Lin,CA-QC-1064
Quebec,CA-QC,Saint-Louis,CA-QC-1065
Quebec,CA-QC,Saint-Louis-de-Blandford,CA-QC-1066
Quebec,CA-QC,Saint-Louis-de-France,CA-QC-1067
Quebec,CA-QC,Saint-Louis-de-Gonzague,CA-QC-1068
Quebec,CA-QC,Saint-Louis-du-Ha-Ha,CA-QC-1069
Quebec,CA-QC,Saint-Luc,CA-QC-1070
Quebec,CA-QC,Saint-Luc-de-Matane,CA-QC-1071
Quebec,CA-QC,Saint-Luc-de-Vincennes,CA-QC-1072
Quebec,CA-QC,Saint-Lucien,CA-QC-1073
Quebec,CA-QC,Saint-Ludger,CA-QC-1074
Quebec,CA-QC,Saint-Ludger-de-Milot,CA-QC-1075
Quebec,CA-QC,Saint-Magloire,CA-QC-1076
Quebec,CA-QC,Saint-Majorique,CA-QC-1077
Quebec,CA-QC,Saint-Malachie,CA-QC-1078
Quebec,CA-QC,Saint-Malo,CA-QC-1079
Quebec,CA-QC,Saint-Marc-de-Figuery,CA-QC-1080
Quebec,CA-QC,Saint-Marc-des-Carrieres,CA-QC-1081
Quebec,CA-QC,Saint-Marc-du-Lac-Long,CA-QC-1082
Quebec,CA-QC,Saint-Marcel-de-Richelieu,CA-QC-1083
Quebec,CA-QC,Saint-Marcellin,CA-QC-1084
Quebec,CA-QC,Saint-Marc-sur-Richelieu,CA-QC-1085
Quebec,CA-QC,Saint-Martin,CA-QC-1086
Quebec,CA-QC,Saint-Mathias-sur-Richelieu,CA-QC-1087
Quebec,CA-QC,Saint-Mathieu-de-Beloeil,CA-QC-1088
Quebec,CA-QC,Saint-Mathieu-de-Laprairie,CA-QC-1089
Quebec,CA-QC,Saint-Mathieu-d'Harricana,CA-QC-1090
Quebec,CA-QC,Saint-Mathieu-du-Parc,CA-QC-1091
Quebec,CA-QC,Saint-Maurice,CA-QC-1092
Quebec,CA-QC,Saint-Medard,CA-QC-1093
Quebec,CA-QC,Saint-Michel,CA-QC-1094
Quebec,CA-QC,Saint-Michel-de-Bellechasse,CA-QC-1095
Quebec,CA-QC,Saint-Michel-des-Saints,CA-QC-1096
Quebec,CA-QC,Saint-Modeste,CA-QC-1097
Quebec,CA-QC,Saint-Moise,CA-QC-1098
Quebec,CA-QC,Saint-Narcisse,CA-QC-1099
Quebec,CA-QC,Saint-Narcisse-de-Beaurivage,CA-QC-1100
Quebec,CA-QC,Saint-Narcisse-de-Rimouski,CA-QC-1101
Quebec,CA-QC,Saint-Nazaire-d'Acton,CA-QC-1102
Quebec,CA-QC,Saint-Neree,CA-QC-1103
Quebec,CA-QC,Saint-Nicephore,CA-QC-1104
Quebec,CA-QC,Saint-Nicolas,CA-QC-1105
Quebec,CA-QC,Saint-Noel,CA-QC-1106
Quebec,CA-QC,Saint-Norbert,CA-QC-1107
Quebec,CA-QC,Saint-Norbert-d'Arthabaska,CA-QC-1108
Quebec,CA-QC,Saint-Odilon,CA-QC-1109
Quebec,CA-QC,Saint-Omer,CA-QC-1110
Quebec,CA-QC,Saint-Omer-l'Islet,CA-QC-1111
Quebec,CA-QC,Saint-Ours,CA-QC-1112
Quebec,CA-QC,Saint-Pacome,CA-QC-1113
Quebec,CA-QC,Saint-Pamphile,CA-QC-1114
Quebec,CA-QC,Saint-Pascal,CA-QC-1115
Quebec,CA-QC,Saint-Patrice-de-Beaurivage,CA-QC-1116
Quebec,CA-QC,Saint-Paul,CA-QC-1117
Quebec,CA-QC,Saint-Paul-de-la-Croix,CA-QC-1118
Quebec,CA-QC,Saint-Paul-de-Montminy,CA-QC-1119
Quebec,CA-QC,Saint-Paulin,CA-QC-1120
Quebec,CA-QC,Saint-Philemon,CA-QC-1121
Quebec,CA-QC,Saint-Philibert,CA-QC-1122
Quebec,CA-QC,Saint-Philippe,CA-QC-1123
Quebec,CA-QC,Saint-Philippe-de-Neri,CA-QC-1124
Quebec,CA-QC,Saint-Pie,CA-QC-1125
Quebec,CA-QC,Saint-Pie-de-Guire,CA-QC-1126
Quebec,CA-QC,Saint-Pierre-Baptiste,CA-QC-1127
Quebec,CA-QC,Saint-Pierre-de-Broughton,CA-QC-1128
Quebec,CA-QC,Saint-Pierre-de-Lamy,CA-QC-1129
Quebec,CA-QC,Saint-Pierre-Ile-d'Orleans,CA-QC-1130
Quebec,CA-QC,Saint-Pierre-les-Becquets,CA-QC-1131
Quebec,CA-QC,Saint-Pierre-Montmagny,CA-QC-1132
Quebec,CA-QC,Saint-Placide,CA-QC-1133
Quebec,CA-QC,Saint-Polycarpe,CA-QC-1134
Quebec,CA-QC,Saint-Prime,CA-QC-1135
Quebec,CA-QC,Saint-Prosper,CA-QC-1136
Quebec,CA-QC,Saint-Prosper-de-Dorchester,CA-QC-1137
Quebec,CA-QC,Saint-Raphael,CA-QC-1138
Quebec,CA-QC,Saint-Raymond,CA-QC-1139
Quebec,CA-QC,Saint-Redempteur,CA-QC-1140
Quebec,CA-QC,Saint-Remi,CA-QC-1141
Quebec,CA-QC,Saint-Remi-d'Amherst,CA-QC-1142
Quebec,CA-QC,Saint-Remi-de-Tingwick,CA-QC-1143
Quebec,CA-QC,Saint-Rene,CA-QC-1144
Quebec,CA-QC,Saint-Rene-de-Matane,CA-QC-1145
Quebec,CA-QC,Saint-Robert,CA-QC-1146
Quebec,CA-QC,Saint-Robert-Bellarmin,CA-QC-1147
Quebec,CA-QC,Saint-Roch-de-l'Achigan,CA-QC-1148
Quebec,CA-QC,Saint-Roch-de-Richelieu,CA-QC-1149
Quebec,CA-QC,Saint-Roch-des-Aulnaies,CA-QC-1150
Quebec,CA-QC,Saint-Roch-Ouest,CA-QC-1151
Quebec,CA-QC,Saint-Romain,CA-QC-1152
Quebec,CA-QC,Saint-Romuald,CA-QC-1153
Quebec,CA-QC,Saint-Rosaire,CA-QC-1154
Quebec,CA-QC,Saints-Anges,CA-QC-1155
Quebec,CA-QC,Saint-Samuel-de-Horton,CA-QC-1156
Quebec,CA-QC,Saint-Sebastien,CA-QC-1157
Quebec,CA-QC,Saint-Sebastien-de-Frontenac,CA-QC-1158
Quebec,CA-QC,Saint-Severe,CA-QC-1159
Quebec,CA-QC,Saint-Severin-de-Beauce,CA-QC-1160
Quebec,CA-QC,Saint-Simeon,CA-QC-1161
Quebec,CA-QC,Saint-Simeon-de-Bonaventure,CA-QC-1162
Quebec,CA-QC,Saint-Simon-de-Bagot,CA-QC-1163
Quebec,CA-QC,Saint-Simon-de-Rimouski,CA-QC-1164
Quebec,CA-QC,Saint-Simon-les-Mines,CA-QC-1165
Quebec,CA-QC,Saint-Sixte,CA-QC-1166
Quebec,CA-QC,Saint-Stanislas,CA-QC-1167
Quebec,CA-QC,Saint-Stanislas-de-Champlain,CA-QC-1168
Quebec,CA-QC,Saint-Stanislas-de-Kostka,CA-QC-1169
Quebec,CA-QC,Saint-Sulpice,CA-QC-1170
Quebec,CA-QC,Saint-Sylvere,CA-QC-1171
Quebec,CA-QC,Saint-Sylvestre,CA-QC-1172
Quebec,CA-QC,Saint-Telesphore,CA-QC-1173
Quebec,CA-QC,Saint-Tharcisius,CA-QC-1174
Quebec,CA-QC,Saint-Theodore-d'Acton,CA-QC-1175
Quebec,CA-QC,Saint-Theophile,CA-QC-1176
Quebec,CA-QC,Saint-Thomas,CA-QC-1177
Quebec,CA-QC,Saint-Thomas-d'Aquin,CA-QC-1178
Quebec,CA-QC,Saint-Thomas-Didyme,CA-QC-1179
Quebec,CA-QC,Saint-Thuribe,CA-QC-1180
Quebec,CA-QC,Saint-Timothee,CA-QC-1181
Quebec,CA-QC,Saint-Tite,CA-QC-1182
Quebec,CA-QC,Saint-Tite-des-Caps,CA-QC-1183
Quebec,CA-QC,Saint-Ubalde,CA-QC-1184
Quebec,CA-QC,Saint-Ulric,CA-QC-1185
Quebec,CA-QC,Saint-Urbain-de-Charlevoix,CA-QC-1186
Quebec,CA-QC,Saint-Urbain-Premier,CA-QC-1187
Quebec,CA-QC,Saint-Valentin,CA-QC-1188
Quebec,CA-QC,Saint-Valere,CA-QC-1189
Quebec,CA-QC,Saint-Valerien-de-Rimouski,CA-QC-1190
Quebec,CA-QC,Saint-Vallier,CA-QC-1191
Quebec,CA-QC,Saint-Vianney,CA-QC-1192
Quebec,CA-QC,Saint-Victor,CA-QC-1193
Quebec,CA-QC,Saint-Vital-de-Clermont,CA-QC-1194
Quebec,CA-QC,Saint-Wenceslas,CA-QC-1195
Quebec,CA-QC,Saint-Zacharie,CA-QC-1196
Quebec,CA-QC,Saint-Zenon,CA-QC-1197
Quebec,CA-QC,Saint-Zephirin-de-Courval,CA-QC-1198
Quebec,CA-QC,Saint-Zotique,CA-QC-1199
Quebec,CA-QC,Salaberry-de-Valleyfield,CA-QC-1200
Quebec,CA-QC,Salluit,CA-QC-1201
Quebec,CA-QC,Sawyerville,CA-QC-1202
Quebec,CA-QC,Sayabec,CA-QC-1203
Quebec,CA-QC,Schefferville,CA-QC-1204
Quebec,CA-QC,Scotstown,CA-QC-1205
Quebec,CA-QC,Scott,CA-QC-1206
Quebec,CA-QC,Senneterre,CA-QC-1207
Quebec,CA-QC,Senneville,CA-QC-1208
Quebec,CA-QC,Sept-Iles,CA-QC-1209
Quebec,CA-QC,Shannon,CA-QC-1210
Quebec,CA-QC,Shawinigan,CA-QC-1211
Quebec,CA-QC,Shawinigan-Sud,CA-QC-1212
Quebec,CA-QC,Shawville,CA-QC-1213
Quebec,CA-QC,Sheldrake,CA-QC-1214
Quebec,CA-QC,Sherbrooke,CA-QC-1215
Quebec,CA-QC,Sherrington,CA-QC-1216
Quebec,CA-QC,Shigawake,CA-QC-1217
Quebec,CA-QC,Shipshaw,CA-QC-1218
Quebec,CA-QC,Sillery,CA-QC-1219
Quebec,CA-QC,Sorel-Tracy,CA-QC-1220
Quebec,CA-QC,South Bolton,CA-QC-1221
Quebec,CA-QC,Squatec,CA-QC-1222
Quebec,CA-QC,Stanbridge East,CA-QC-1223
Quebec,CA-QC,Stanbridge Station,CA-QC-1224
Quebec,CA-QC,Standon,CA-QC-1225
Quebec,CA-QC,Stanhope,CA-QC-1226
Quebec,CA-QC,Stanstead,CA-QC-1227
Quebec,CA-QC,St-Athanase,CA-QC-1228
Quebec,CA-QC,St-Barnabe-Nord,CA-QC-1229
Quebec,CA-QC,Ste-Catherine-de-la-J-Cartier,CA-QC-1230
Quebec,CA-QC,Ste-Famille-d'Aumond,CA-QC-1231
Quebec,CA-QC,Ste-Germaine-Station,CA-QC-1232
Quebec,CA-QC,Ste-Irene-de-Matapedia,CA-QC-1233
Quebec,CA-QC,Ste-Jeanne-d'Arc-de-Matane,CA-QC-1234
Quebec,CA-QC,Ste-Lucie-de-Doncaster,CA-QC-1235
Quebec,CA-QC,Ste-Marguerite-de-Dorchester,CA-QC-1236
Quebec,CA-QC,Ste-Marguerite-du-Lac-Masson,CA-QC-1237
Quebec,CA-QC,St-Francois-Montmagny,CA-QC-1238
Quebec,CA-QC,St-Francois-Xavier-de-Brompton,CA-QC-1239
Quebec,CA-QC,St-Gabriel-de-Kamouraska,CA-QC-1240
Quebec,CA-QC,St-Jean-Baptiste,CA-QC-1241
Quebec,CA-QC,St-Jean-de-la-Lande-de-Beauce,CA-QC-1242
Quebec,CA-QC,St-Joachim-de-Montmorency,CA-QC-1243
Quebec,CA-QC,St-Joseph-de-la-Pointe-de-Levy,CA-QC-1244
Quebec,CA-QC,St-Marcel-de-l'Islet,CA-QC-1245
Quebec,CA-QC,St-Mathieu,CA-QC-1246
Quebec,CA-QC,St-Nazaire-de-Buckland,CA-QC-1247
Quebec,CA-QC,St-Nazaire-du-Lac-St-Jean,CA-QC-1248
Quebec,CA-QC,St-Octave,CA-QC-1249
Quebec,CA-QC,Stoke,CA-QC-1250
Quebec,CA-QC,Stoneham,CA-QC-1251
Quebec,CA-QC,St-Onesime,CA-QC-1252
Quebec,CA-QC,Stornoway,CA-QC-1253
Quebec,CA-QC,St-Paul,CA-QC-1254
Quebec,CA-QC,Stratford,CA-QC-1255
Quebec,CA-QC,St-Sauveur,CA-QC-1256
Quebec,CA-QC,St-Sauveur-des-Monts,CA-QC-1257
Quebec,CA-QC,Stukely-Sud,CA-QC-1258
Quebec,CA-QC,St-Valerien,CA-QC-1259
Quebec,CA-QC,Sullivan,CA-QC-1260
Quebec,CA-QC,Sutton,CA-QC-1261
Quebec,CA-QC,Tadoussac,CA-QC-1262
Quebec,CA-QC,Taillon,CA-QC-1263
Quebec,CA-QC,Taschereau,CA-QC-1264
Quebec,CA-QC,Tasiujaq,CA-QC-1265
Quebec,CA-QC,Tee Lake,CA-QC-1266
Quebec,CA-QC,Temiscaming,CA-QC-1267
Quebec,CA-QC,Terrasse-Vaudreuil,CA-QC-1268
Quebec,CA-QC,Terrebonne,CA-QC-1269
Quebec,CA-QC,Tete-A-la-Baleine,CA-QC-1270
Quebec,CA-QC,Thetford Mines,CA-QC-1271
Quebec,CA-QC,Thurso,CA-QC-1272
Quebec,CA-QC,Tingwick,CA-QC-1273
Quebec,CA-QC,Tourville,CA-QC-1274
Quebec,CA-QC,Tres-Saint-Redempteur,CA-QC-1275
Quebec,CA-QC,Tring-Jonction,CA-QC-1276
Quebec,CA-QC,Trois-Pistoles,CA-QC-1277
Quebec,CA-QC,Trois-Rivieres,CA-QC-1278
Quebec,CA-QC,Trois-Rivieres-Ouest,CA-QC-1279
Quebec,CA-QC,Ulverton,CA-QC-1280
Quebec,CA-QC,Umiujaq,CA-QC-1281
Quebec,CA-QC,Upton,CA-QC-1282
Quebec,CA-QC,Val-Alain,CA-QC-1283
Quebec,CA-QC,Val-Barrette,CA-QC-1284
Quebec,CA-QC,Val-Belair,CA-QC-1285
Quebec,CA-QC,Val-Brillant,CA-QC-1286
Quebec,CA-QC,Valcartier Bpm 210,CA-QC-1287
Quebec,CA-QC,Valcourt,CA-QC-1288
Quebec,CA-QC,Val-David,CA-QC-1289
Quebec,CA-QC,Val-des-Bois,CA-QC-1290
Quebec,CA-QC,Val-des-Lacs,CA-QC-1291
Quebec,CA-QC,Val-des-Monts,CA-QC-1292
Quebec,CA-QC,Val-d'Espoir,CA-QC-1293
Quebec,CA-QC,Val-d'or,CA-QC-1294
Quebec,CA-QC,Vallee-Jonction,CA-QC-1295
Quebec,CA-QC,Val-Limoges,CA-QC-1296
Quebec,CA-QC,Val-Morin,CA-QC-1297
Quebec,CA-QC,Val-Paradis,CA-QC-1298
Quebec,CA-QC,Val-Saint-Gilles,CA-QC-1299
Quebec,CA-QC,Val-Senneville,CA-QC-1300
Quebec,CA-QC,Vanier,CA-QC-1301
Quebec,CA-QC,Varennes,CA-QC-1302
Quebec,CA-QC,Vassan,CA-QC-1303
Quebec,CA-QC,Vaudreuil-Dorion,CA-QC-1304
Quebec,CA-QC,Vaudreuil-sur-le-Lac,CA-QC-1305
Quebec,CA-QC,Vendee,CA-QC-1306
Quebec,CA-QC,Venise-En-Quebec,CA-QC-1307
Quebec,CA-QC,Venosta,CA-QC-1308
Quebec,CA-QC,Vercheres,CA-QC-1309
Quebec,CA-QC,Verdun,CA-QC-1310
Quebec,CA-QC,Victoriaville,CA-QC-1311
Quebec,CA-QC,Villebois,CA-QC-1312
Quebec,CA-QC,Ville-Marie,CA-QC-1313
Quebec,CA-QC,Villemontel,CA-QC-1314
Quebec,CA-QC,Villeroy,CA-QC-1315
Quebec,CA-QC,Vimont,CA-QC-1316
Quebec,CA-QC,Wakefield,CA-QC-1317
Quebec,CA-QC,Waltham,CA-QC-1318
Quebec,CA-QC,Warden,CA-QC-1319
Quebec,CA-QC,Warwick,CA-QC-1320
Quebec,CA-QC,Waskaganish,CA-QC-1321
Quebec,CA-QC,Waswanipi,CA-QC-1322
Quebec,CA-QC,Waterloo,CA-QC-1323
Quebec,CA-QC,Waterville,CA-QC-1324
Quebec,CA-QC,Weedon,CA-QC-1325
Quebec,CA-QC,Weir,CA-QC-1326
Quebec,CA-QC,Wemindji,CA-QC-1327
Quebec,CA-QC,Wemotaci,CA-QC-1328
Quebec,CA-QC,Wendake,CA-QC-1329
Quebec,CA-QC,Wentworth-Nord,CA-QC-1330
Quebec,CA-QC,West Brome,CA-QC-1331
Quebec,CA-QC,Westbury,CA-QC-1332
Quebec,CA-QC,Westmount,CA-QC-1333
Quebec,CA-QC,Wickham,CA-QC-1334
Quebec,CA-QC,Wilson's Corner,CA-QC-1335
Saskatchewan,CA-SK,Abbey,CA-SK-0
Saskatchewan,CA-SK,Aberdeen,CA-SK-1
Saskatchewan,CA-SK,Abernethy,CA-SK-2
Saskatchewan,CA-SK,Admiral,CA-SK-3
Saskatchewan,CA-SK,Air Ronge,CA-SK-4
Saskatchewan,CA-SK,Alameda,CA-SK-5
Saskatchewan,CA-SK,Albertville,CA-SK-6
Saskatchewan,CA-SK,Alida,CA-SK-7
Saskatchewan,CA-SK,Allan,CA-SK-8
Saskatchewan,CA-SK,Alsask,CA-SK-9
Saskatchewan,CA-SK,Alticane,CA-SK-10
Saskatchewan,CA-SK,Alvena,CA-SK-11
Saskatchewan,CA-SK,Aneroid,CA-SK-12
Saskatchewan,CA-SK,Annaheim,CA-SK-13
Saskatchewan,CA-SK,Antler,CA-SK-14
Saskatchewan,CA-SK,Arborfield,CA-SK-15
Saskatchewan,CA-SK,Archerwill,CA-SK-16
Saskatchewan,CA-SK,Arcola,CA-SK-17
Saskatchewan,CA-SK,Ardath,CA-SK-18
Saskatchewan,CA-SK,Ardill,CA-SK-19
Saskatchewan,CA-SK,Arelee,CA-SK-20
Saskatchewan,CA-SK,Arran,CA-SK-21
Saskatchewan,CA-SK,Asquith,CA-SK-22
Saskatchewan,CA-SK,Assiniboia,CA-SK-23
Saskatchewan,CA-SK,Atwater,CA-SK-24
Saskatchewan,CA-SK,Avonhurst,CA-SK-25
Saskatchewan,CA-SK,Avonlea,CA-SK-26
Saskatchewan,CA-SK,Aylesbury,CA-SK-27
Saskatchewan,CA-SK,Aylsham,CA-SK-28
Saskatchewan,CA-SK,Balcarres,CA-SK-29
Saskatchewan,CA-SK,Baldwinton,CA-SK-30
Saskatchewan,CA-SK,Balgonie,CA-SK-31
Saskatchewan,CA-SK,Bangor,CA-SK-32
Saskatchewan,CA-SK,Bankend,CA-SK-33
Saskatchewan,CA-SK,Barthel,CA-SK-34
Saskatchewan,CA-SK,Bateman,CA-SK-35
Saskatchewan,CA-SK,Battleford,CA-SK-36
Saskatchewan,CA-SK,Beatty,CA-SK-37
Saskatchewan,CA-SK,Beaubier,CA-SK-38
Saskatchewan,CA-SK,Beauval,CA-SK-39
Saskatchewan,CA-SK,Beechy,CA-SK-40
Saskatchewan,CA-SK,Belle Plaine,CA-SK-41
Saskatchewan,CA-SK,Bellegarde,CA-SK-42
Saskatchewan,CA-SK,Bengough,CA-SK-43
Saskatchewan,CA-SK,Benson,CA-SK-44
Saskatchewan,CA-SK,Bethune,CA-SK-45
Saskatchewan,CA-SK,Bienfait,CA-SK-46
Saskatchewan,CA-SK,Big Beaver,CA-SK-47
Saskatchewan,CA-SK,Big River,CA-SK-48
Saskatchewan,CA-SK,Biggar,CA-SK-49
Saskatchewan,CA-SK,Birch Hills,CA-SK-50
Saskatchewan,CA-SK,Birsay,CA-SK-51
Saskatchewan,CA-SK,Bjorkdale,CA-SK-52
Saskatchewan,CA-SK,Black Lake,CA-SK-53
Saskatchewan,CA-SK,Bladworth,CA-SK-54
Saskatchewan,CA-SK,Blaine Lake,CA-SK-55
Saskatchewan,CA-SK,Blumenhof,CA-SK-56
Saskatchewan,CA-SK,Borden,CA-SK-57
Saskatchewan,CA-SK,Bracken,CA-SK-58
Saskatchewan,CA-SK,Bradwell,CA-SK-59
Saskatchewan,CA-SK,Bredenbury,CA-SK-60
Saskatchewan,CA-SK,Briercrest,CA-SK-61
Saskatchewan,CA-SK,Bright Sand,CA-SK-62
Saskatchewan,CA-SK,Broadview,CA-SK-63
Saskatchewan,CA-SK,Brock,CA-SK-64
Saskatchewan,CA-SK,Brockington,CA-SK-65
Saskatchewan,CA-SK,Broderick,CA-SK-66
Saskatchewan,CA-SK,Bromhead,CA-SK-67
Saskatchewan,CA-SK,Brooksby,CA-SK-68
Saskatchewan,CA-SK,Brownlee,CA-SK-69
Saskatchewan,CA-SK,Bruno,CA-SK-70
Saskatchewan,CA-SK,Buchanan,CA-SK-71
Saskatchewan,CA-SK,Buena Vista,CA-SK-72
Saskatchewan,CA-SK,Buffalo Narrows,CA-SK-73
Saskatchewan,CA-SK,Bulyea,CA-SK-74
Saskatchewan,CA-SK,Burr,CA-SK-75
Saskatchewan,CA-SK,Burstall,CA-SK-76
Saskatchewan,CA-SK,Bushell Park,CA-SK-77
Saskatchewan,CA-SK,Cabri,CA-SK-78
Saskatchewan,CA-SK,Cactus Lake,CA-SK-79
Saskatchewan,CA-SK,Cadillac,CA-SK-80
Saskatchewan,CA-SK,Calder,CA-SK-81
Saskatchewan,CA-SK,Candiac,CA-SK-82
Saskatchewan,CA-SK,Candle Lake,CA-SK-83
Saskatchewan,CA-SK,Cando,CA-SK-84
Saskatchewan,CA-SK,Canoe Narrows,CA-SK-85
Saskatchewan,CA-SK,Canora,CA-SK-86
Saskatchewan,CA-SK,Canwood,CA-SK-87
Saskatchewan,CA-SK,Cardross,CA-SK-88
Saskatchewan,CA-SK,Carievale,CA-SK-89
Saskatchewan,CA-SK,Carlton,CA-SK-90
Saskatchewan,CA-SK,Carlyle,CA-SK-91
Saskatchewan,CA-SK,Carmel,CA-SK-92
Saskatchewan,CA-SK,Carnduff,CA-SK-93
Saskatchewan,CA-SK,Caron,CA-SK-94
Saskatchewan,CA-SK,Caronport,CA-SK-95
Saskatchewan,CA-SK,Carragana,CA-SK-96
Saskatchewan,CA-SK,Carrot River,CA-SK-97
Saskatchewan,CA-SK,Casa Rio,CA-SK-98
Saskatchewan,CA-SK,Central Butte,CA-SK-99
Saskatchewan,CA-SK,Ceylon,CA-SK-100
Saskatchewan,CA-SK,Chamberlain,CA-SK-101
Saskatchewan,CA-SK,Chaplin,CA-SK-102
Saskatchewan,CA-SK,Chelan,CA-SK-103
Saskatchewan,CA-SK,Chitek Lake,CA-SK-104
Saskatchewan,CA-SK,Choiceland,CA-SK-105
Saskatchewan,CA-SK,Christopher Lake,CA-SK-106
Saskatchewan,CA-SK,Churchbridge,CA-SK-107
Saskatchewan,CA-SK,Clair,CA-SK-108
Saskatchewan,CA-SK,Clavet,CA-SK-109
Saskatchewan,CA-SK,Claybank,CA-SK-110
Saskatchewan,CA-SK,Claydon,CA-SK-111
Saskatchewan,CA-SK,Clearwater River,CA-SK-112
Saskatchewan,CA-SK,Climax,CA-SK-113
Saskatchewan,CA-SK,Cochin,CA-SK-114
Saskatchewan,CA-SK,Coderre,CA-SK-115
Saskatchewan,CA-SK,Codette,CA-SK-116
Saskatchewan,CA-SK,Cole Bay,CA-SK-117
Saskatchewan,CA-SK,Coleville,CA-SK-118
Saskatchewan,CA-SK,Colfax,CA-SK-119
Saskatchewan,CA-SK,Colgate,CA-SK-120
Saskatchewan,CA-SK,Colonsay,CA-SK-121
Saskatchewan,CA-SK,Congress,CA-SK-122
Saskatchewan,CA-SK,Conquest,CA-SK-123
Saskatchewan,CA-SK,Consul,CA-SK-124
Saskatchewan,CA-SK,Coppersands,CA-SK-125
Saskatchewan,CA-SK,Corman Park,CA-SK-126
Saskatchewan,CA-SK,Corning,CA-SK-127
Saskatchewan,CA-SK,Coronach,CA-SK-128
Saskatchewan,CA-SK,Courval,CA-SK-129
Saskatchewan,CA-SK,Cowessess,CA-SK-130
Saskatchewan,CA-SK,Craik,CA-SK-131
Saskatchewan,CA-SK,Crane Valley,CA-SK-132
Saskatchewan,CA-SK,Craven,CA-SK-133
Saskatchewan,CA-SK,Creelman,CA-SK-134
Saskatchewan,CA-SK,Creighton,CA-SK-135
Saskatchewan,CA-SK,Crooked River,CA-SK-136
Saskatchewan,CA-SK,Crystal Springs,CA-SK-137
Saskatchewan,CA-SK,Cudworth,CA-SK-138
Saskatchewan,CA-SK,Cumberland House,CA-SK-139
Saskatchewan,CA-SK,Cupar,CA-SK-140
Saskatchewan,CA-SK,Cut Knife,CA-SK-141
Saskatchewan,CA-SK,Cymric,CA-SK-142
Saskatchewan,CA-SK,Dafoe,CA-SK-143
Saskatchewan,CA-SK,Dalmeny,CA-SK-144
Saskatchewan,CA-SK,Danbury,CA-SK-145
Saskatchewan,CA-SK,D'Arcy Station,CA-SK-146
Saskatchewan,CA-SK,Davidson,CA-SK-147
Saskatchewan,CA-SK,Davin,CA-SK-148
Saskatchewan,CA-SK,Debden,CA-SK-149
Saskatchewan,CA-SK,Deer Valley,CA-SK-150
Saskatchewan,CA-SK,Delisle,CA-SK-151
Saskatchewan,CA-SK,Delmas,CA-SK-152
Saskatchewan,CA-SK,Demaine,CA-SK-153
Saskatchewan,CA-SK,Denare Beach,CA-SK-154
Saskatchewan,CA-SK,Denholm,CA-SK-155
Saskatchewan,CA-SK,Denzil,CA-SK-156
Saskatchewan,CA-SK,Deschambault Lake,CA-SK-157
Saskatchewan,CA-SK,Dilke,CA-SK-158
Saskatchewan,CA-SK,Dillon,CA-SK-159
Saskatchewan,CA-SK,Dinsmore,CA-SK-160
Saskatchewan,CA-SK,Dodsland,CA-SK-161
Saskatchewan,CA-SK,Dollard,CA-SK-162
Saskatchewan,CA-SK,Domremy,CA-SK-163
Saskatchewan,CA-SK,Dorintosh,CA-SK-164
Saskatchewan,CA-SK,Drake,CA-SK-165
Saskatchewan,CA-SK,Drinkwater,CA-SK-166
Saskatchewan,CA-SK,Dubuc,CA-SK-167
Saskatchewan,CA-SK,Duck Lake,CA-SK-168
Saskatchewan,CA-SK,Duff,CA-SK-169
Saskatchewan,CA-SK,Dummer,CA-SK-170
Saskatchewan,CA-SK,Dundurn,CA-SK-171
Saskatchewan,CA-SK,Duval,CA-SK-172
Saskatchewan,CA-SK,Dysart,CA-SK-173
Saskatchewan,CA-SK,Earl Grey,CA-SK-174
Saskatchewan,CA-SK,Eastend,CA-SK-175
Saskatchewan,CA-SK,Eatonia,CA-SK-176
Saskatchewan,CA-SK,Ebenezer,CA-SK-177
Saskatchewan,CA-SK,Edam,CA-SK-178
Saskatchewan,CA-SK,Edenwold,CA-SK-179
Saskatchewan,CA-SK,Edgeley,CA-SK-180
Saskatchewan,CA-SK,Elbow,CA-SK-181
Saskatchewan,CA-SK,Elfros,CA-SK-182
Saskatchewan,CA-SK,Elrose,CA-SK-183
Saskatchewan,CA-SK,Elstow,CA-SK-184
Saskatchewan,CA-SK,Emerald Park,CA-SK-185
Saskatchewan,CA-SK,Endeavour,CA-SK-186
Saskatchewan,CA-SK,Englefeld,CA-SK-187
Saskatchewan,CA-SK,Ernfold,CA-SK-188
Saskatchewan,CA-SK,Esterhazy,CA-SK-189
Saskatchewan,CA-SK,Estevan,CA-SK-190
Saskatchewan,CA-SK,Eston,CA-SK-191
Saskatchewan,CA-SK,Evesham,CA-SK-192
Saskatchewan,CA-SK,Eyebrow,CA-SK-193
Saskatchewan,CA-SK,Fairlight,CA-SK-194
Saskatchewan,CA-SK,Fairy Glen,CA-SK-195
Saskatchewan,CA-SK,Fenwood,CA-SK-196
Saskatchewan,CA-SK,Ferland,CA-SK-197
Saskatchewan,CA-SK,Fertile,CA-SK-198
Saskatchewan,CA-SK,Fife Lake,CA-SK-199
Saskatchewan,CA-SK,Fillmore,CA-SK-200
Saskatchewan,CA-SK,Findlater,CA-SK-201
Saskatchewan,CA-SK,Fir Mountain,CA-SK-202
Saskatchewan,CA-SK,Fiske,CA-SK-203
Saskatchewan,CA-SK,Flaxcombe,CA-SK-204
Saskatchewan,CA-SK,Fleming,CA-SK-205
Saskatchewan,CA-SK,Flintoft,CA-SK-206
Saskatchewan,CA-SK,Foam Lake,CA-SK-207
Saskatchewan,CA-SK,Fond du Lac,CA-SK-208
Saskatchewan,CA-SK,Forget,CA-SK-209
Saskatchewan,CA-SK,Fort Qu'Appelle,CA-SK-210
Saskatchewan,CA-SK,Fosston,CA-SK-211
Saskatchewan,CA-SK,Fox Valley,CA-SK-212
Saskatchewan,CA-SK,Foxford,CA-SK-213
Saskatchewan,CA-SK,Francis,CA-SK-214
Saskatchewan,CA-SK,Frenchman Butte,CA-SK-215
Saskatchewan,CA-SK,Frobisher,CA-SK-216
Saskatchewan,CA-SK,Frontier,CA-SK-217
Saskatchewan,CA-SK,Fulda,CA-SK-218
Saskatchewan,CA-SK,Furdale,CA-SK-219
Saskatchewan,CA-SK,Gainsborough,CA-SK-220
Saskatchewan,CA-SK,Gallivan,CA-SK-221
Saskatchewan,CA-SK,Garrick,CA-SK-222
Saskatchewan,CA-SK,Gerald,CA-SK-223
Saskatchewan,CA-SK,Girvin,CA-SK-224
Saskatchewan,CA-SK,Gladmar,CA-SK-225
Saskatchewan,CA-SK,Glaslyn,CA-SK-226
Saskatchewan,CA-SK,Glasnevin,CA-SK-227
Saskatchewan,CA-SK,Glen Ewen,CA-SK-228
Saskatchewan,CA-SK,Glenavon,CA-SK-229
Saskatchewan,CA-SK,Glenbain,CA-SK-230
Saskatchewan,CA-SK,Glenbush,CA-SK-231
Saskatchewan,CA-SK,Glenside,CA-SK-232
Saskatchewan,CA-SK,Glentworth,CA-SK-233
Saskatchewan,CA-SK,Glidden,CA-SK-234
Saskatchewan,CA-SK,Golden Prairie,CA-SK-235
Saskatchewan,CA-SK,Goodeve,CA-SK-236
Saskatchewan,CA-SK,Goodsoil,CA-SK-237
Saskatchewan,CA-SK,Gouldtown,CA-SK-238
Saskatchewan,CA-SK,Govan,CA-SK-239
Saskatchewan,CA-SK,Grandora,CA-SK-240
Saskatchewan,CA-SK,Grasswood,CA-SK-241
Saskatchewan,CA-SK,Gravelbourg,CA-SK-242
Saskatchewan,CA-SK,Gray,CA-SK-243
Saskatchewan,CA-SK,Grayson,CA-SK-244
Saskatchewan,CA-SK,Green Lake,CA-SK-245
Saskatchewan,CA-SK,Grenfell,CA-SK-246
Saskatchewan,CA-SK,Griffin,CA-SK-247
Saskatchewan,CA-SK,Gronlid,CA-SK-248
Saskatchewan,CA-SK,Guernsey,CA-SK-249
Saskatchewan,CA-SK,Gull Lake,CA-SK-250
Saskatchewan,CA-SK,Hafford,CA-SK-251
Saskatchewan,CA-SK,Hagen,CA-SK-252
Saskatchewan,CA-SK,Hague,CA-SK-253
Saskatchewan,CA-SK,Halbrite,CA-SK-254
Saskatchewan,CA-SK,Handel,CA-SK-255
Saskatchewan,CA-SK,Hanley,CA-SK-256
Saskatchewan,CA-SK,Hardy,CA-SK-257
Saskatchewan,CA-SK,Harris,CA-SK-258
Saskatchewan,CA-SK,Hawarden,CA-SK-259
Saskatchewan,CA-SK,Hazel Dell,CA-SK-260
Saskatchewan,CA-SK,Hazenmore,CA-SK-261
Saskatchewan,CA-SK,Hazlet,CA-SK-262
Saskatchewan,CA-SK,Hearne,CA-SK-263
Saskatchewan,CA-SK,Hendon,CA-SK-264
Saskatchewan,CA-SK,Henribourg,CA-SK-265
Saskatchewan,CA-SK,Hepburn,CA-SK-266
Saskatchewan,CA-SK,Herbert,CA-SK-267
Saskatchewan,CA-SK,Herschel,CA-SK-268
Saskatchewan,CA-SK,Heward,CA-SK-269
Saskatchewan,CA-SK,Hodgeville,CA-SK-270
Saskatchewan,CA-SK,Hoey,CA-SK-271
Saskatchewan,CA-SK,Holbein,CA-SK-272
Saskatchewan,CA-SK,Holdfast,CA-SK-273
Saskatchewan,CA-SK,Homefield,CA-SK-274
Saskatchewan,CA-SK,Hoosier,CA-SK-275
Saskatchewan,CA-SK,Hubbard,CA-SK-276
Saskatchewan,CA-SK,Hudson Bay,CA-SK-277
Saskatchewan,CA-SK,Humboldt,CA-SK-278
Saskatchewan,CA-SK,Hyas,CA-SK-279
Saskatchewan,CA-SK,Ile-a-la-Crosse,CA-SK-280
Saskatchewan,CA-SK,Imperial,CA-SK-281
Saskatchewan,CA-SK,Indian Head,CA-SK-282
Saskatchewan,CA-SK,Insinger,CA-SK-283
Saskatchewan,CA-SK,Invermay,CA-SK-284
Saskatchewan,CA-SK,Island Lake,CA-SK-285
Saskatchewan,CA-SK,Ituna,CA-SK-286
Saskatchewan,CA-SK,Jackfish Lake,CA-SK-287
Saskatchewan,CA-SK,Jansen,CA-SK-288
Saskatchewan,CA-SK,Jedburgh,CA-SK-289
Saskatchewan,CA-SK,Kamsack,CA-SK-290
Saskatchewan,CA-SK,Kayville,CA-SK-291
Saskatchewan,CA-SK,Keeler,CA-SK-292
Saskatchewan,CA-SK,Kelfield,CA-SK-293
Saskatchewan,CA-SK,Kelliher,CA-SK-294
Saskatchewan,CA-SK,Kelso,CA-SK-295
Saskatchewan,CA-SK,Kelvington,CA-SK-296
Saskatchewan,CA-SK,Kenaston,CA-SK-297
Saskatchewan,CA-SK,Kendal,CA-SK-298
Saskatchewan,CA-SK,Kennedy,CA-SK-299
Saskatchewan,CA-SK,Kenosee Lake,CA-SK-300
Saskatchewan,CA-SK,Kerrobert,CA-SK-301
Saskatchewan,CA-SK,Khedive,CA-SK-302
Saskatchewan,CA-SK,Killaly,CA-SK-303
Saskatchewan,CA-SK,Kincaid,CA-SK-304
Saskatchewan,CA-SK,Kindersley,CA-SK-305
Saskatchewan,CA-SK,Kinistino,CA-SK-306
Saskatchewan,CA-SK,Kinley,CA-SK-307
Saskatchewan,CA-SK,Kinoosao,CA-SK-308
Saskatchewan,CA-SK,Kipling,CA-SK-309
Saskatchewan,CA-SK,Kisbey,CA-SK-310
Saskatchewan,CA-SK,Kronau,CA-SK-311
Saskatchewan,CA-SK,Krydor,CA-SK-312
Saskatchewan,CA-SK,Kuroki,CA-SK-313
Saskatchewan,CA-SK,Kyle,CA-SK-314
Saskatchewan,CA-SK,Kylemore,CA-SK-315
Saskatchewan,CA-SK,La Loche,CA-SK-316
Saskatchewan,CA-SK,La Ronge,CA-SK-317
Saskatchewan,CA-SK,Lac Vert,CA-SK-318
Saskatchewan,CA-SK,Lacadena,CA-SK-319
Saskatchewan,CA-SK,Lafleche,CA-SK-320
Saskatchewan,CA-SK,Laird,CA-SK-321
Saskatchewan,CA-SK,Lajord,CA-SK-322
Saskatchewan,CA-SK,Lake Alma,CA-SK-323
Saskatchewan,CA-SK,Lake Lenore,CA-SK-324
Saskatchewan,CA-SK,Lampman,CA-SK-325
Saskatchewan,CA-SK,Lancer,CA-SK-326
Saskatchewan,CA-SK,Landis,CA-SK-327
Saskatchewan,CA-SK,Lang,CA-SK-328
Saskatchewan,CA-SK,Langbank,CA-SK-329
Saskatchewan,CA-SK,Langenburg,CA-SK-330
Saskatchewan,CA-SK,Langham,CA-SK-331
Saskatchewan,CA-SK,Lanigan,CA-SK-332
Saskatchewan,CA-SK,Laporte,CA-SK-333
Saskatchewan,CA-SK,Lashburn,CA-SK-334
Saskatchewan,CA-SK,Leader,CA-SK-335
Saskatchewan,CA-SK,Leask,CA-SK-336
Saskatchewan,CA-SK,Lebret,CA-SK-337
Saskatchewan,CA-SK,Lemberg,CA-SK-338
Saskatchewan,CA-SK,Leoville,CA-SK-339
Saskatchewan,CA-SK,Leross,CA-SK-340
Saskatchewan,CA-SK,Leroy,CA-SK-341
Saskatchewan,CA-SK,Leslie,CA-SK-342
Saskatchewan,CA-SK,Lestock,CA-SK-343
Saskatchewan,CA-SK,Lewvan,CA-SK-344
Saskatchewan,CA-SK,Liberty,CA-SK-345
Saskatchewan,CA-SK,Liebenthal,CA-SK-346
Saskatchewan,CA-SK,Limerick,CA-SK-347
Saskatchewan,CA-SK,Lintlaw,CA-SK-348
Saskatchewan,CA-SK,Lipton,CA-SK-349
Saskatchewan,CA-SK,Lisieux,CA-SK-350
Saskatchewan,CA-SK,Livelong,CA-SK-351
Saskatchewan,CA-SK,Lloydminster,CA-SK-352
Saskatchewan,CA-SK,Lockwood,CA-SK-353
Saskatchewan,CA-SK,Lone Rock,CA-SK-354
Saskatchewan,CA-SK,Loon Lake,CA-SK-355
Saskatchewan,CA-SK,Loreburn,CA-SK-356
Saskatchewan,CA-SK,Love,CA-SK-357
Saskatchewan,CA-SK,Loverna,CA-SK-358
Saskatchewan,CA-SK,Lucky Lake,CA-SK-359
Saskatchewan,CA-SK,Lumsden,CA-SK-360
Saskatchewan,CA-SK,Luseland,CA-SK-361
Saskatchewan,CA-SK,Macdowall,CA-SK-362
Saskatchewan,CA-SK,Macklin,CA-SK-363
Saskatchewan,CA-SK,Macnutt,CA-SK-364
Saskatchewan,CA-SK,Macoun,CA-SK-365
Saskatchewan,CA-SK,Macrorie,CA-SK-366
Saskatchewan,CA-SK,Madison,CA-SK-367
Saskatchewan,CA-SK,Maidstone,CA-SK-368
Saskatchewan,CA-SK,Main Centre,CA-SK-369
Saskatchewan,CA-SK,Major,CA-SK-370
Saskatchewan,CA-SK,Makwa,CA-SK-371
Saskatchewan,CA-SK,Mankota,CA-SK-372
Saskatchewan,CA-SK,Manor,CA-SK-373
Saskatchewan,CA-SK,Mantario,CA-SK-374
Saskatchewan,CA-SK,Maple Creek,CA-SK-375
Saskatchewan,CA-SK,Marcelin,CA-SK-376
Saskatchewan,CA-SK,Marchwell,CA-SK-377
Saskatchewan,CA-SK,Marengo,CA-SK-378
Saskatchewan,CA-SK,Margo,CA-SK-379
Saskatchewan,CA-SK,Markinch,CA-SK-380
Saskatchewan,CA-SK,Marquis,CA-SK-381
Saskatchewan,CA-SK,Marsden,CA-SK-382
Saskatchewan,CA-SK,Marshall,CA-SK-383
Saskatchewan,CA-SK,Martensville,CA-SK-384
Saskatchewan,CA-SK,Maryfield,CA-SK-385
Saskatchewan,CA-SK,Mayfair,CA-SK-386
Saskatchewan,CA-SK,Maymont,CA-SK-387
Saskatchewan,CA-SK,Mayview,CA-SK-388
Saskatchewan,CA-SK,Mazenod,CA-SK-389
Saskatchewan,CA-SK,McCord,CA-SK-390
Saskatchewan,CA-SK,McKague,CA-SK-391
Saskatchewan,CA-SK,McLean,CA-SK-392
Saskatchewan,CA-SK,McMahon,CA-SK-393
Saskatchewan,CA-SK,McTaggart,CA-SK-394
Saskatchewan,CA-SK,Meacham,CA-SK-395
Saskatchewan,CA-SK,Meadow Lake,CA-SK-396
Saskatchewan,CA-SK,Meath Park,CA-SK-397
Saskatchewan,CA-SK,Medstead,CA-SK-398
Saskatchewan,CA-SK,Melaval,CA-SK-399
Saskatchewan,CA-SK,Melfort,CA-SK-400
Saskatchewan,CA-SK,Melville,CA-SK-401
Saskatchewan,CA-SK,Mendham,CA-SK-402
Saskatchewan,CA-SK,Meota,CA-SK-403
Saskatchewan,CA-SK,Mervin,CA-SK-404
Saskatchewan,CA-SK,Meskanaw,CA-SK-405
Saskatchewan,CA-SK,Meyronne,CA-SK-406
Saskatchewan,CA-SK,Midale,CA-SK-407
Saskatchewan,CA-SK,Middle Lake,CA-SK-408
Saskatchewan,CA-SK,Mikado,CA-SK-409
Saskatchewan,CA-SK,Milden,CA-SK-410
Saskatchewan,CA-SK,Mildred,CA-SK-411
Saskatchewan,CA-SK,Milestone,CA-SK-412
Saskatchewan,CA-SK,Minton,CA-SK-413
Saskatchewan,CA-SK,Mistatim,CA-SK-414
Saskatchewan,CA-SK,Mont Nebo,CA-SK-415
Saskatchewan,CA-SK,Montmartre,CA-SK-416
Saskatchewan,CA-SK,Montreal Lake,CA-SK-417
Saskatchewan,CA-SK,Moose Jaw,CA-SK-418
Saskatchewan,CA-SK,Moosomin,CA-SK-419
Saskatchewan,CA-SK,Morse,CA-SK-420
Saskatchewan,CA-SK,Mortlach,CA-SK-421
Saskatchewan,CA-SK,Mossbank,CA-SK-422
Saskatchewan,CA-SK,Mozart,CA-SK-423
Saskatchewan,CA-SK,Muenster,CA-SK-424
Saskatchewan,CA-SK,Mullingar,CA-SK-425
Saskatchewan,CA-SK,Muskoday,CA-SK-426
Saskatchewan,CA-SK,Naicam,CA-SK-427
Saskatchewan,CA-SK,Neidpath,CA-SK-428
Saskatchewan,CA-SK,Neilburg,CA-SK-429
Saskatchewan,CA-SK,Netherhill,CA-SK-430
Saskatchewan,CA-SK,Neudorf,CA-SK-431
Saskatchewan,CA-SK,Neville,CA-SK-432
Saskatchewan,CA-SK,Nipawin,CA-SK-433
Saskatchewan,CA-SK,Nokomis,CA-SK-434
Saskatchewan,CA-SK,Norquay,CA-SK-435
Saskatchewan,CA-SK,North Battleford,CA-SK-436
Saskatchewan,CA-SK,North Portal,CA-SK-437
Saskatchewan,CA-SK,North Weyburn,CA-SK-438
Saskatchewan,CA-SK,Northgate,CA-SK-439
Saskatchewan,CA-SK,Nut Mountain,CA-SK-440
Saskatchewan,CA-SK,Odessa,CA-SK-441
Saskatchewan,CA-SK,Ogema,CA-SK-442
Saskatchewan,CA-SK,Okla,CA-SK-443
Saskatchewan,CA-SK,Onion Lake,CA-SK-444
Saskatchewan,CA-SK,Orkney,CA-SK-445
Saskatchewan,CA-SK,Ormiston,CA-SK-446
Saskatchewan,CA-SK,Osage,CA-SK-447
Saskatchewan,CA-SK,Osler,CA-SK-448
Saskatchewan,CA-SK,Oungre,CA-SK-449
Saskatchewan,CA-SK,Outlook,CA-SK-450
Saskatchewan,CA-SK,Oxbow,CA-SK-451
Saskatchewan,CA-SK,Paddockwood,CA-SK-452
Saskatchewan,CA-SK,Pakwaw Lake,CA-SK-453
Saskatchewan,CA-SK,Palmer,CA-SK-454
Saskatchewan,CA-SK,Pambrun,CA-SK-455
Saskatchewan,CA-SK,Pangman,CA-SK-456
Saskatchewan,CA-SK,Paradise Hill,CA-SK-457
Saskatchewan,CA-SK,Parkbeg,CA-SK-458
Saskatchewan,CA-SK,Parkerview,CA-SK-459
Saskatchewan,CA-SK,Parkman,CA-SK-460
Saskatchewan,CA-SK,Parkside,CA-SK-461
Saskatchewan,CA-SK,Parry,CA-SK-462
Saskatchewan,CA-SK,Pathlow,CA-SK-463
Saskatchewan,CA-SK,Patuanak,CA-SK-464
Saskatchewan,CA-SK,Paynton,CA-SK-465
Saskatchewan,CA-SK,Peebles,CA-SK-466
Saskatchewan,CA-SK,Pelican Narrows,CA-SK-467
Saskatchewan,CA-SK,Pelly,CA-SK-468
Saskatchewan,CA-SK,Pennant Station,CA-SK-469
Saskatchewan,CA-SK,Pense,CA-SK-470
Saskatchewan,CA-SK,Penzance,CA-SK-471
Saskatchewan,CA-SK,Perdue,CA-SK-472
Saskatchewan,CA-SK,Phippen,CA-SK-473
Saskatchewan,CA-SK,Piapot,CA-SK-474
Saskatchewan,CA-SK,Pierceland,CA-SK-475
Saskatchewan,CA-SK,Pilger,CA-SK-476
Saskatchewan,CA-SK,Pilot Butte,CA-SK-477
Saskatchewan,CA-SK,Pinehouse Lake,CA-SK-478
Saskatchewan,CA-SK,Plato,CA-SK-479
Saskatchewan,CA-SK,Pleasantdale,CA-SK-480
Saskatchewan,CA-SK,Plenty,CA-SK-481
Saskatchewan,CA-SK,Plunkett,CA-SK-482
Saskatchewan,CA-SK,Ponteix,CA-SK-483
Saskatchewan,CA-SK,Porcupine Plain,CA-SK-484
Saskatchewan,CA-SK,Portreeve,CA-SK-485
Saskatchewan,CA-SK,Prairie River,CA-SK-486
Saskatchewan,CA-SK,Prairie View,CA-SK-487
Saskatchewan,CA-SK,Preeceville,CA-SK-488
Saskatchewan,CA-SK,Prelate,CA-SK-489
Saskatchewan,CA-SK,Primate,CA-SK-490
Saskatchewan,CA-SK,Prince Albert,CA-SK-491
Saskatchewan,CA-SK,Prud'Homme,CA-SK-492
Saskatchewan,CA-SK,Punnichy,CA-SK-493
Saskatchewan,CA-SK,Qu'Appelle,CA-SK-494
Saskatchewan,CA-SK,Quill Lake,CA-SK-495
Saskatchewan,CA-SK,Quinton,CA-SK-496
Saskatchewan,CA-SK,Rabbit Lake,CA-SK-497
Saskatchewan,CA-SK,Radisson,CA-SK-498
Saskatchewan,CA-SK,Radville,CA-SK-499
Saskatchewan,CA-SK,Rama,CA-SK-500
Saskatchewan,CA-SK,Rapid View,CA-SK-501
Saskatchewan,CA-SK,Raymore,CA-SK-502
Saskatchewan,CA-SK,Red Earth,CA-SK-503
Saskatchewan,CA-SK,Redvers,CA-SK-504
Saskatchewan,CA-SK,Regina,CA-SK-505
Saskatchewan,CA-SK,Regina Beach,CA-SK-506
Saskatchewan,CA-SK,Reward,CA-SK-507
Saskatchewan,CA-SK,Rhein,CA-SK-508
Saskatchewan,CA-SK,Riceton,CA-SK-509
Saskatchewan,CA-SK,Richard,CA-SK-510
Saskatchewan,CA-SK,Richardson,CA-SK-511
Saskatchewan,CA-SK,Richlea,CA-SK-512
Saskatchewan,CA-SK,Richmound,CA-SK-513
Saskatchewan,CA-SK,Ridgedale,CA-SK-514
Saskatchewan,CA-SK,Riverhurst,CA-SK-515
Saskatchewan,CA-SK,Riverside Estates,CA-SK-516
Saskatchewan,CA-SK,Robsart,CA-SK-517
Saskatchewan,CA-SK,Rocanville,CA-SK-518
Saskatchewan,CA-SK,Rockglen,CA-SK-519
Saskatchewan,CA-SK,Rockhaven,CA-SK-520
Saskatchewan,CA-SK,Rokeby,CA-SK-521
Saskatchewan,CA-SK,Rose Valley,CA-SK-522
Saskatchewan,CA-SK,Rosetown,CA-SK-523
Saskatchewan,CA-SK,Rosthern,CA-SK-524
Saskatchewan,CA-SK,Rouleau,CA-SK-525
Saskatchewan,CA-SK,Ruddell,CA-SK-526
Saskatchewan,CA-SK,Runnymede,CA-SK-527
Saskatchewan,CA-SK,Rush Lake,CA-SK-528
Saskatchewan,CA-SK,Ruthilda,CA-SK-529
Saskatchewan,CA-SK,Saltcoats,CA-SK-530
Saskatchewan,CA-SK,Salvador,CA-SK-531
Saskatchewan,CA-SK,Sandy Bay,CA-SK-532
Saskatchewan,CA-SK,Saskatoon,CA-SK-533
Saskatchewan,CA-SK,Sceptre,CA-SK-534
Saskatchewan,CA-SK,Scott,CA-SK-535
Saskatchewan,CA-SK,Scout Lake,CA-SK-536
Saskatchewan,CA-SK,Sedley,CA-SK-537
Saskatchewan,CA-SK,Semans,CA-SK-538
Saskatchewan,CA-SK,Senlac,CA-SK-539
Saskatchewan,CA-SK,Shackleton,CA-SK-540
Saskatchewan,CA-SK,Shamrock,CA-SK-541
Saskatchewan,CA-SK,Shaunavon,CA-SK-542
Saskatchewan,CA-SK,Sheho,CA-SK-543
Saskatchewan,CA-SK,Shell Lake,CA-SK-544
Saskatchewan,CA-SK,Shellbrook,CA-SK-545
Saskatchewan,CA-SK,Shipman,CA-SK-546
Saskatchewan,CA-SK,Silton,CA-SK-547
Saskatchewan,CA-SK,Simmie,CA-SK-548
Saskatchewan,CA-SK,Simpson,CA-SK-549
Saskatchewan,CA-SK,Sintaluta,CA-SK-550
Saskatchewan,CA-SK,Smeaton,CA-SK-551
Saskatchewan,CA-SK,Smiley,CA-SK-552
Saskatchewan,CA-SK,Snowden,CA-SK-553
Saskatchewan,CA-SK,Somme,CA-SK-554
Saskatchewan,CA-SK,Sonningdale,CA-SK-555
Saskatchewan,CA-SK,Southend,CA-SK-556
Saskatchewan,CA-SK,Southey,CA-SK-557
Saskatchewan,CA-SK,Sovereign,CA-SK-558
Saskatchewan,CA-SK,Spalding,CA-SK-559
Saskatchewan,CA-SK,Speers,CA-SK-560
Saskatchewan,CA-SK,Spiritwood,CA-SK-561
Saskatchewan,CA-SK,Spring Valley,CA-SK-562
Saskatchewan,CA-SK,Springside,CA-SK-563
Saskatchewan,CA-SK,Springwater,CA-SK-564
Saskatchewan,CA-SK,Spruce Home,CA-SK-565
Saskatchewan,CA-SK,Spruce Lake,CA-SK-566
Saskatchewan,CA-SK,Spy Hill,CA-SK-567
Saskatchewan,CA-SK,St Benedict,CA-SK-568
Saskatchewan,CA-SK,St Brieux,CA-SK-569
Saskatchewan,CA-SK,St Denis,CA-SK-570
Saskatchewan,CA-SK,St Gregor,CA-SK-571
Saskatchewan,CA-SK,St Isidore de Bellevue,CA-SK-572
Saskatchewan,CA-SK,St Louis,CA-SK-573
Saskatchewan,CA-SK,St Victor,CA-SK-574
Saskatchewan,CA-SK,St Walburg,CA-SK-575
Saskatchewan,CA-SK,Stalwart,CA-SK-576
Saskatchewan,CA-SK,Stanley Mission,CA-SK-577
Saskatchewan,CA-SK,Star City,CA-SK-578
Saskatchewan,CA-SK,Steelman,CA-SK-579
Saskatchewan,CA-SK,Stenen,CA-SK-580
Saskatchewan,CA-SK,Stewart Valley,CA-SK-581
Saskatchewan,CA-SK,Stockholm,CA-SK-582
Saskatchewan,CA-SK,Stony Beach,CA-SK-583
Saskatchewan,CA-SK,Stony Rapids,CA-SK-584
Saskatchewan,CA-SK,Stornoway,CA-SK-585
Saskatchewan,CA-SK,Storthoaks,CA-SK-586
Saskatchewan,CA-SK,Stoughton,CA-SK-587
Saskatchewan,CA-SK,Stranraer,CA-SK-588
Saskatchewan,CA-SK,Strasbourg,CA-SK-589
Saskatchewan,CA-SK,Strongfield,CA-SK-590
Saskatchewan,CA-SK,Stump Lake,CA-SK-591
Saskatchewan,CA-SK,Sturgeon Landing,CA-SK-592
Saskatchewan,CA-SK,Sturgis,CA-SK-593
Saskatchewan,CA-SK,Success,CA-SK-594
Saskatchewan,CA-SK,Summerberry,CA-SK-595
Saskatchewan,CA-SK,Swift Current,CA-SK-596
Saskatchewan,CA-SK,Sylvania,CA-SK-597
Saskatchewan,CA-SK,Tantallon,CA-SK-598
Saskatchewan,CA-SK,Tessier,CA-SK-599
Saskatchewan,CA-SK,Theodore,CA-SK-600
Saskatchewan,CA-SK,Timber Bay,CA-SK-601
Saskatchewan,CA-SK,Tisdale,CA-SK-602
Saskatchewan,CA-SK,Togo,CA-SK-603
Saskatchewan,CA-SK,Tompkins,CA-SK-604
Saskatchewan,CA-SK,Torquay,CA-SK-605
Saskatchewan,CA-SK,Tramping Lake,CA-SK-606
Saskatchewan,CA-SK,Tribune,CA-SK-607
Saskatchewan,CA-SK,Trossachs,CA-SK-608
Saskatchewan,CA-SK,Truax,CA-SK-609
Saskatchewan,CA-SK,Tuffnell,CA-SK-610
Saskatchewan,CA-SK,Tugaske,CA-SK-611
Saskatchewan,CA-SK,Turnor Lake,CA-SK-612
Saskatchewan,CA-SK,Turtleford,CA-SK-613
Saskatchewan,CA-SK,Tuxford,CA-SK-614
Saskatchewan,CA-SK,Tway,CA-SK-615
Saskatchewan,CA-SK,Tyner,CA-SK-616
Saskatchewan,CA-SK,Tyvan,CA-SK-617
Saskatchewan,CA-SK,Unity,CA-SK-618
Saskatchewan,CA-SK,Uranium City,CA-SK-619
Saskatchewan,CA-SK,Val Marie,CA-SK-620
Saskatchewan,CA-SK,Vanguard,CA-SK-621
Saskatchewan,CA-SK,Vanscoy,CA-SK-622
Saskatchewan,CA-SK,Vawn,CA-SK-623
Saskatchewan,CA-SK,Verigin,CA-SK-624
Saskatchewan,CA-SK,Verwood,CA-SK-625
Saskatchewan,CA-SK,Vibank,CA-SK-626
Saskatchewan,CA-SK,Viceroy,CA-SK-627
Saskatchewan,CA-SK,Victoire,CA-SK-628
Saskatchewan,CA-SK,Vidora,CA-SK-629
Saskatchewan,CA-SK,Viscount,CA-SK-630
Saskatchewan,CA-SK,Vonda,CA-SK-631
Saskatchewan,CA-SK,Wadena,CA-SK-632
Saskatchewan,CA-SK,Wakaw,CA-SK-633
Saskatchewan,CA-SK,Waldeck,CA-SK-634
Saskatchewan,CA-SK,Waldheim,CA-SK-635
Saskatchewan,CA-SK,Waldron,CA-SK-636
Saskatchewan,CA-SK,Wapella,CA-SK-637
Saskatchewan,CA-SK,Warman,CA-SK-638
Saskatchewan,CA-SK,Wartime,CA-SK-639
Saskatchewan,CA-SK,Waseca,CA-SK-640
Saskatchewan,CA-SK,Waskesiu Lake,CA-SK-641
Saskatchewan,CA-SK,Waterhen Lake,CA-SK-642
Saskatchewan,CA-SK,Watrous,CA-SK-643
Saskatchewan,CA-SK,Watson,CA-SK-644
Saskatchewan,CA-SK,Wauchope,CA-SK-645
Saskatchewan,CA-SK,Wawota,CA-SK-646
Saskatchewan,CA-SK,Webb,CA-SK-647
Saskatchewan,CA-SK,Weekes,CA-SK-648
Saskatchewan,CA-SK,Weirdale,CA-SK-649
Saskatchewan,CA-SK,Weldon,CA-SK-650
Saskatchewan,CA-SK,Welwyn,CA-SK-651
Saskatchewan,CA-SK,West Bend,CA-SK-652
Saskatchewan,CA-SK,Weyakwin,CA-SK-653
Saskatchewan,CA-SK,Weyburn,CA-SK-654
Saskatchewan,CA-SK,Whelan,CA-SK-655
Saskatchewan,CA-SK,White Bear,CA-SK-656
Saskatchewan,CA-SK,White City,CA-SK-657
Saskatchewan,CA-SK,White Fox,CA-SK-658
Saskatchewan,CA-SK,Whitewood,CA-SK-659
Saskatchewan,CA-SK,Wilcox,CA-SK-660
Saskatchewan,CA-SK,Wilkie,CA-SK-661
Saskatchewan,CA-SK,Willow Bunch,CA-SK-662
Saskatchewan,CA-SK,Willowbrook,CA-SK-663
Yukon Territory,CA-YT,Beaver Creek,CA-YT-0
Yukon Territory,CA-YT,Burwash Landing,CA-YT-1
Yukon Territory,CA-YT,Carcross,CA-YT-2
Yukon Territory,CA-YT,Carmacks,CA-YT-3
Yukon Territory,CA-YT,Dawson,CA-YT-4
Yukon Territory,CA-YT,Destruction Bay,CA-YT-5
Yukon Territory,CA-YT,Elsa,CA-YT-6
Yukon Territory,CA-YT,Faro,CA-YT-7
Yukon Territory,CA-YT,Haines Junction,CA-YT-8
Yukon Territory,CA-YT,Marsh Lake,CA-YT-9
Yukon Territory,CA-YT,Mayo,CA-YT-10
Yukon Territory,CA-YT,Old Crow,CA-YT-11
Yukon Territory,CA-YT,Pelly Crossing,CA-YT-12
Yukon Territory,CA-YT,Ross River,CA-YT-13
Yukon Territory,CA-YT,Tagish,CA-YT-14
Yukon Territory,CA-YT,Teslin,CA-YT-15
Yukon Territory,CA-YT,Watson Lake,CA-YT-16
Yukon Territory,CA-YT,Whitehorse,CA-YT-17
